plan,controller,n_agents,steps,sway,sensor_noise,fail_frac,fail_step,seed,radius,vmax,cover_r,series_every,record_every,coverage,coverage_mean_2nd_half,explored,t90,collisions_per_agent,wall_hits_per_agent,path_per_agent,contact_frac,post_over_pre_fail,n_final,nn_mean,evenness_cv,gap_mean,gap_median,shyness,variant,sec_per_step
apartment,A,60,800,0.02,0.05,0.2,,7,0.3,0.2,2.0,20,0,0.5377604166666666,0.5416992187499999,0.9739583333333334,360.0,4.15,0.4,55.71678348034898,0.10327083333333334,0.8506694129763129,45,1.424111268576693,0.622427763005155,0.8241112685766929,0.6447915965224665,0.9555555555555556,A,0.0009647010412504642
apartment,A,60,800,0.02,0.05,0.2,,4,0.3,0.2,2.0,20,0,0.5546875,0.5436523437499999,0.9016927083333334,380.0,4.833333333333333,0.3333333333333333,54.76235720690868,0.11304166666666667,0.8693877551020408,44,1.4395651657614572,0.5222126834746432,0.8395651657614572,0.5706585185770652,0.9545454545454546,A,0.0009766918225000154
apartment,A,60,800,0.02,0.05,0.2,,1,0.3,0.2,2.0,20,0,0.5149739583333334,0.4997721354166667,0.8639322916666666,220.0,4.9,0.4666666666666667,55.630379057098146,0.11835416666666666,0.9009111617312073,46,1.321283253709561,0.5130534170104156,0.7212832537095608,0.4994446963665852,0.9565217391304348,A,0.0009978070837519226
apartment,A,60,800,0.02,0.05,0.2,,3,0.3,0.2,2.0,20,0,0.611328125,0.6072265625000001,0.927734375,320.0,6.183333333333334,0.5,62.75472839158911,0.1348125,1.0140388768898487,55,1.2452429305929138,0.47475039197498886,0.6452429305929137,0.4911283552294764,0.8909090909090909,A,0.0009884591674995135
apartment,A,60,800,0.02,0.05,0.2,,2,0.3,0.2,2.0,20,0,0.5572916666666666,0.5763671875,0.94921875,400.0,5.433333333333334,0.4,59.61932560090831,0.11970833333333333,0.9617977528089886,53,1.448305423620844,0.651863252013748,0.848305423620844,0.6752554973770714,0.8679245283018868,A,0.0010034422399985488
apartment,A,60,800,0.02,0.05,0.2,,6,0.3,0.2,2.0,20,0,0.6048177083333334,0.5613932291666667,0.9733072916666666,320.0,5.666666666666667,0.4,55.15820361764364,0.126,1.1641604010025064,46,1.702860470516942,0.5377436438057505,1.102860470516942,1.0281483520563774,1.0,A,0.0009989564062516366
apartment,A,60,800,0.02,0.05,0.2,,8,0.3,0.2,2.0,20,0,0.5358072916666666,0.4927734374999999,0.8444010416666666,280.0,4.916666666666667,0.5666666666666667,52.79570427985352,0.116,1.0287499999999998,42,1.2510978885845727,0.3831090326477952,0.651097888584573,0.4777337839352753,1.0,A,0.0009959801562513348
apartment,A,60,800,0.02,0.05,0.2,,0,0.3,0.2,2.0,20,0,0.5677083333333334,0.5310872395833333,0.9635416666666666,220.0,5.816666666666666,0.5333333333333333,55.662630282165665,0.12925,1.092731829573935,47,1.513207072861212,0.8066213701020332,0.9132070728612116,0.35871951724483697,0.9148936170212766,A,0.0010568461975003628
apartment,A,60,800,0.02,0.05,0.2,,5,0.3,0.2,2.0,20,0,0.6256510416666666,0.5758463541666666,0.9739583333333334,280.0,5.016666666666667,0.6333333333333333,57.0066934542201,0.1289375,1.2899328859060402,51,1.4844816087557933,0.6960810569441802,0.8844816087557936,0.48613179834225784,0.9607843137254902,A,0.0010316600512510377
apartment,A,60,800,0.02,0.05,0.2,,9,0.3,0.2,2.0,20,0,0.5436197916666666,0.5159830729166666,0.947265625,280.0,4.966666666666667,0.45,56.72989045455809,0.11035416666666667,1.029593094944513,45,1.4982127949668589,0.7571224123075424,0.898212794966859,0.35804245896272646,0.9555555555555556,A,0.0006072444275014278
apartment,A,60,800,0.02,0.05,0.2,,13,0.3,0.2,2.0,20,0,0.552734375,0.5462565104166666,0.9049479166666666,280.0,4.483333333333333,0.36666666666666664,55.84221779604731,0.1115625,0.9198266522210183,43,1.4822659795634605,0.6943866523606316,0.8822659795634605,0.5467718106113767,0.9534883720930233,A,0.0005878085937501965
apartment,A,60,800,0.02,0.05,0.2,,10,0.3,0.2,2.0,20,0,0.515625,0.4920247395833333,0.8899739583333334,320.0,5.85,0.5333333333333333,55.440487678743494,0.11577083333333334,1.036649214659686,43,1.608793768123821,0.6864323276913786,1.008793768123821,0.7323694679209279,0.9069767441860465,A,0.0006175825512491429
apartment,A,60,800,0.02,0.05,0.2,,11,0.3,0.2,2.0,20,0,0.5501302083333334,0.5337565104166668,0.8990885416666666,340.0,5.483333333333333,0.48333333333333334,56.41502385471225,0.11879166666666667,1.0292326431181487,46,1.6104335064978783,0.7542224325453529,1.0104335064978784,0.7161812503601189,0.9565217391304348,A,0.0006195234899996648
apartment,A,60,800,0.02,0.05,0.2,,15,0.3,0.2,2.0,20,0,0.5208333333333334,0.5096354166666668,0.8912760416666666,300.0,5.416666666666667,0.2833333333333333,55.77081314531998,0.10547916666666667,0.8771929824561404,43,1.5727521233581219,0.6526467505779574,0.9727521233581218,0.594531328446931,1.0,A,0.0006067755737512925
apartment,A,60,800,0.02,0.05,0.2,,14,0.3,0.2,2.0,20,0,0.5690104166666666,0.5326171875,0.9264322916666666,320.0,5.2,0.5333333333333333,54.74753225942577,0.1120625,1.036773428232503,47,1.4787439450339714,0.6633656790341488,0.8787439450339714,0.4554434281549614,0.9574468085106383,A,0.000612498437501472
apartment,A,60,800,0.02,0.05,0.2,,16,0.3,0.2,2.0,20,0,0.634765625,0.5467447916666666,0.904296875,240.0,5.75,0.4666666666666667,59.0901409194379,0.13039583333333332,1.1775362318840579,53,1.3370360536663128,0.4719710860793866,0.7370360536663131,0.6303961697187418,0.9622641509433962,A,0.0005991744787502284
apartment,A,60,800,0.02,0.05,0.2,,12,0.3,0.2,2.0,20,0,0.576171875,0.5218749999999999,0.783203125,360.0,5.983333333333333,0.35,58.869939662496854,0.12589583333333335,1.2360335195530727,50,1.4801653624642284,0.6311528623995223,0.8801653624642286,0.3991307787549204,0.92,A,0.0006436851037483393
apartment,A,60,800,0.02,0.05,0.2,,17,0.3,0.2,2.0,20,0,0.5930989583333334,0.5776692708333335,0.9602864583333334,300.0,5.05,0.35,58.417725389497974,0.1175,1.048331415420023,47,1.4126459521687311,0.608891592507173,0.8126459521687316,0.546740930581226,0.9574468085106383,A,0.000619803593749566
apartment,A,60,800,0.02,0.05,0.2,,18,0.3,0.2,2.0,20,0,0.6041666666666666,0.5273763020833333,0.873046875,160.0,5.416666666666667,0.5333333333333333,61.447798888511606,0.1201875,1.1289537712895377,51,1.6238649523394588,0.5981243059410587,1.023864952339459,0.589579303092372,0.9607843137254902,A,0.0005911098437491091
apartment,A,60,800,0.02,0.05,0.2,,22,0.3,0.2,2.0,20,0,0.5774739583333334,0.5205403645833334,0.833984375,360.0,5.2,0.4166666666666667,56.27824905154941,0.11991666666666667,1.0,43,1.6540531853958547,0.5586943130935919,1.0540531853958548,0.5793968913975364,0.9534883720930233,A,0.0005794165112502015
apartment,A,60,800,0.02,0.05,0.2,,20,0.3,0.2,2.0,20,0,0.583984375,0.55732421875,0.9440104166666666,320.0,5.483333333333333,0.36666666666666664,58.03408233360369,0.13179166666666667,1.0653206650831353,52,1.2230917589174208,0.647080847053074,0.6230917589174209,0.26355424665657695,1.0,A,0.0006148261974999514
apartment,A,60,800,0.02,0.05,0.2,,19,0.3,0.2,2.0,20,0,0.5305989583333334,0.5184570312500001,0.8873697916666666,280.0,5.5,0.38333333333333336,56.70806872648132,0.12458333333333334,1.0074165636588381,47,1.5434172838339035,0.6867134511078088,0.9434172838339031,0.4977161596273273,1.0,A,0.0006270072925008207
apartment,A,60,800,0.02,0.05,0.2,,25,0.3,0.2,2.0,20,0,0.4895833333333333,0.5442057291666667,0.849609375,320.0,4.983333333333333,0.3,58.45111587357675,0.1104375,0.8815943728018758,47,1.4720284135747455,0.6060296247808055,0.8720284135747455,0.6301343512170402,0.8723404255319149,A,0.0005904229162501906
apartment,A,60,800,0.02,0.05,0.2,,23,0.3,0.2,2.0,20,0,0.6354166666666666,0.5302408854166665,0.904296875,280.0,5.8,0.5166666666666667,59.61505585159675,0.126125,1.2401524777636594,50,1.459605890255865,0.5524323103764258,0.8596058902558652,0.6391493283168712,1.0,A,0.0006198481249998622
apartment,A,60,800,0.02,0.05,0.2,,21,0.3,0.2,2.0,20,0,0.6334635416666666,0.62578125,0.9609375,320.0,5.75,0.4666666666666667,62.60650271606625,0.12377083333333333,1.0969560315670799,55,1.4712831783792772,0.6608777276902625,0.8712831783792773,0.678962359155212,0.9272727272727272,A,0.0006392962499990062
apartment,A,60,800,0.02,0.05,0.2,,26,0.3,0.2,2.0,20,0,0.5904947916666666,0.5818033854166667,0.9440104166666666,300.0,5.533333333333333,0.5,60.70342156789607,0.12004166666666667,1.0318543799772468,51,1.2714080028893395,0.5322140586103689,0.6714080028893396,0.5364860736323965,0.9215686274509803,A,0.0006339150000007976
apartment,A,60,800,0.02,0.05,0.2,,24,0.3,0.2,2.0,20,0,0.7037760416666666,0.6058919270833332,0.9720052083333334,280.0,5.516666666666667,0.5,61.3288927526149,0.12733333333333333,1.1905286343612334,55,1.4613396242013437,0.6480532300341151,0.861339624201344,0.5844368968767445,0.9272727272727272,A,0.0006622278124996229
apartment,A,60,800,0.02,0.05,0.2,,27,0.3,0.2,2.0,20,0,0.5279947916666666,0.5107096354166667,0.8763020833333334,220.0,4.933333333333334,0.38333333333333336,56.95240378312617,0.1134375,0.9724220623501199,46,1.1778194710116592,0.5743206380292193,0.5778194710116591,0.2831301460587741,0.9130434782608695,A,0.0006169014062515998
apartment,A,60,800,0.02,0.05,0.2,,29,0.3,0.2,2.0,20,0,0.53515625,0.5448567708333333,0.955078125,360.0,5.85,0.5,57.83840851531384,0.11008333333333334,0.845679012345679,45,1.4460717313230909,0.6526586442390058,0.8460717313230907,0.4522978653051474,0.9111111111111111,A,0.0005945206249998591
rubble,A,60,800,0.02,0.05,0.2,,0,0.3,0.2,2.0,20,0,0.5509776536312849,0.5492667597765364,0.8659217877094972,340.0,5.15,1.0666666666666667,50.53218396014361,0.13158333333333333,0.9282352941176469,48,1.3593232688451693,0.5851235731956712,0.7593232688451698,0.5105142486706187,0.875,A,0.0006059081774992592
rubble,A,60,800,0.02,0.05,0.2,,1,0.3,0.2,2.0,20,0,0.4657821229050279,0.4986382681564246,0.8240223463687151,260.0,4.55,1.1333333333333333,47.13999577747784,0.11454166666666667,0.8730366492146597,46,1.339666087727251,0.5327949988890265,0.7396660877272511,0.4439586015230401,0.9565217391304348,A,0.0006023541662511889
apartment,A,60,800,0.02,0.05,0.2,,28,0.3,0.2,2.0,20,0,0.5638020833333334,0.5756510416666667,0.8971354166666666,340.0,4.966666666666667,0.4,58.255324142093045,0.11960416666666666,1.0058072009291523,50,1.431236409412644,0.7180466048412437,0.831236409412644,0.5022760478737797,0.88,A,0.0006361260937501356
rubble,A,60,800,0.02,0.05,0.2,,3,0.3,0.2,2.0,20,0,0.5418994413407822,0.5044692737430168,0.8100558659217877,320.0,4.966666666666667,1.1,50.61059845092793,0.12452083333333333,1.0291777188328912,49,1.7086307554910622,0.7887101798044482,1.1086307554910622,0.5674160952471147,1.0,A,0.0006163701562491041
rubble,A,60,800,0.02,0.05,0.2,,2,0.3,0.2,2.0,20,0,0.5600558659217877,0.5387569832402235,0.8372905027932961,220.0,4.45,1.1,48.42530342703996,0.1199375,1.0580474934036939,48,1.591843209747432,0.7390950613203077,0.991843209747432,0.5166475287923662,0.9583333333333334,A,0.0006277408337496126
rubble,A,60,800,0.02,0.05,0.2,,4,0.3,0.2,2.0,20,0,0.5279329608938548,0.5055516759776537,0.8708100558659218,280.0,5.783333333333333,0.9333333333333333,46.398390911415014,0.151625,0.9692307692307693,45,1.5600598619784403,0.6911961948907569,0.9600598619784401,0.6120793598707343,0.9555555555555556,A,0.0006104795824990105
rubble,A,60,800,0.02,0.05,0.2,,5,0.3,0.2,2.0,20,0,0.5097765363128491,0.5108240223463687,0.7346368715083799,280.0,5.566666666666666,1.3833333333333333,51.343233149689546,0.157125,0.9468223086900129,51,1.4133264136171013,0.7851595275541837,0.8133264136171011,0.5231103115301717,0.9607843137254902,A,0.0006123878125004012
rubble,A,60,800,0.02,0.05,0.2,,7,0.3,0.2,2.0,20,0,0.5460893854748603,0.5193784916201117,0.7465083798882681,320.0,5.366666666666666,1.1,48.5591582942963,0.14872916666666666,1.0129533678756475,50,1.372829381616195,0.6608294821827266,0.7728293816161947,0.4326554227434821,0.92,A,0.0005985092699984307
rubble,A,60,800,0.02,0.05,0.2,,8,0.3,0.2,2.0,20,0,0.5789106145251397,0.5522346368715084,0.9266759776536313,280.0,5.25,1.2166666666666666,48.45658134525674,0.134125,1.0836601307189544,47,1.488577995632159,0.5749931656752527,0.8885779956321591,0.6357962465171351,1.0,A,0.0005922159887495581
rubble,A,60,800,0.02,0.05,0.2,,12,0.3,0.2,2.0,20,0,0.5579608938547486,0.4927374301675977,0.7465083798882681,340.0,5.216666666666667,0.9666666666666667,49.04970949601921,0.12708333333333333,1.0610889774236387,47,1.6665985722970957,0.7099490272090365,1.0665985722970956,0.93321953740378,0.9574468085106383,A,0.0005826908850008294
rubble,A,60,800,0.02,0.05,0.2,,9,0.3,0.2,2.0,20,0,0.5439944134078212,0.5021298882681564,0.7828212290502793,220.0,5.566666666666666,1.3666666666666667,50.348745210433364,0.12770833333333334,1.1289855072463766,47,1.574654723537488,0.7460366920216523,0.974654723537488,0.4498255330631947,0.9148936170212766,A,0.0006284816662491721
rubble,A,60,800,0.02,0.05,0.2,,6,0.3,0.2,2.0,20,0,0.5314245810055865,0.48809357541899434,0.8065642458100558,220.0,5.566666666666666,1.2833333333333334,51.62096758373879,0.15645833333333334,1.1358208955223879,50,1.2706785322071366,0.38110870889059206,0.6706785322071365,0.6508144382550973,0.92,A,0.0006693092712498583
rubble,A,60,800,0.02,0.05,0.2,,10,0.3,0.2,2.0,20,0,0.5977653631284916,0.5252793296089385,0.9106145251396648,300.0,5.233333333333333,1.05,48.167681149655635,0.12658333333333333,1.064676616915423,46,1.4070024475000915,0.5098756873972334,0.8070024475000913,0.4827706115154894,1.0,A,0.0006334752074985772
rubble,A,60,800,0.02,0.05,0.2,,11,0.3,0.2,2.0,20,0,0.5356145251396648,0.4940991620111731,0.7723463687150838,260.0,5.9,1.35,50.828690576353885,0.15004166666666666,1.1362962962962961,52,1.3041292406942195,0.7038471119039994,0.7041292406942197,0.3354863695847123,0.9230769230769231,A,0.0006310459887481556
rubble,A,60,800,0.02,0.05,0.2,,14,0.3,0.2,2.0,20,0,0.5467877094972067,0.5305516759776535,0.8107541899441341,300.0,5.7,1.1833333333333333,49.518223976779694,0.16210416666666666,1.1028169014084506,48,1.3883434887073236,0.5165738324575377,0.7883434887073234,0.5440700564621758,1.0,A,0.0006302856775005238
rubble,A,60,800,0.02,0.05,0.2,,13,0.3,0.2,2.0,20,0,0.5670391061452514,0.525209497206704,0.8519553072625698,360.0,5.35,1.2166666666666666,48.93797213255903,0.14577083333333332,1.0884718498659518,49,1.52681964861717,0.5586213830278977,0.9268196486171699,0.8594696804242404,1.0,A,0.0006386197400001947
rubble,A,60,800,0.02,0.05,0.2,,16,0.3,0.2,2.0,20,0,0.5013966480446927,0.46735335195530725,0.7960893854748603,260.0,5.283333333333333,0.9666666666666667,45.49184447929949,0.15264583333333334,1.1324921135646688,46,1.3479325522361043,0.7110304249814723,0.7479325522361043,0.40151238247784776,0.9565217391304348,A,0.0005698238025001956
rubble,A,60,800,0.02,0.05,0.2,,15,0.3,0.2,2.0,20,0,0.6277932960893855,0.5660265363128492,0.8344972067039106,280.0,5.383333333333334,1.2,52.96357610179891,0.15214583333333334,1.157014157014157,54,1.5698278889982593,0.577714385583,0.9698278889982593,0.5967699422496524,0.9629629629629629,A,0.0006064089062510902
rubble,A,60,800,0.02,0.05,0.2,,19,0.3,0.2,2.0,20,0,0.5991620111731844,0.5361382681564246,0.8491620111731844,280.0,5.166666666666667,1.1833333333333333,48.8372347446772,0.13910416666666667,1.0833333333333333,47,1.56698769380536,0.5482802792479649,0.9669876938053598,0.7332329245619397,0.9574468085106383,A,0.0005955867712509644
rubble,A,60,800,0.02,0.05,0.2,,17,0.3,0.2,2.0,20,0,0.5593575418994413,0.5193435754189945,0.8666201117318436,260.0,5.316666666666666,1.1166666666666667,50.177407588480555,0.14170833333333333,1.1762114537444934,49,1.5904749295347995,0.7051254811795753,0.9904749295348001,0.5172165623042547,1.0,A,0.0006147314062491205
rubble,A,60,800,0.02,0.05,0.2,,18,0.3,0.2,2.0,20,0,0.5516759776536313,0.567213687150838,0.8896648044692738,280.0,5.35,1.2,47.75215907457708,0.15352083333333333,1.0313315926892952,47,1.4758125038423837,0.6665144771966007,0.8758125038423835,0.6217166551224896,0.9574468085106383,A,0.0006126621875000637
rubble,A,60,800,0.02,0.05,0.2,,21,0.3,0.2,2.0,20,0,0.5481843575418994,0.5340782122905028,0.8198324022346368,400.0,5.55,1.1,47.67430191383402,0.154125,0.9655596555965559,45,1.7450217953191696,0.8452685552653314,1.145021795319169,0.6989889917419111,0.9555555555555556,A,0.0006140999487502086
rubble,A,60,800,0.02,0.05,0.2,,20,0.3,0.2,2.0,20,0,0.5495810055865922,0.5278980446927376,0.8896648044692738,320.0,5.816666666666666,1.1333333333333333,48.983379383548346,0.1545625,1.0722070844686649,47,1.5204350997008536,0.6468158747577414,0.9204350997008538,0.5493097173991687,1.0,A,0.0006494181250013753
rubble,A,60,800,0.02,0.05,0.2,,22,0.3,0.2,2.0,20,0,0.5607541899441341,0.5153282122905029,0.7814245810055865,320.0,5.05,1.2833333333333334,47.439363328967474,0.13004166666666667,1.026854219948849,45,1.5456653671110656,0.8215097868524702,0.9456653671110656,0.6375374545597242,1.0,A,0.0006199357812511153
rubble,A,60,800,0.02,0.05,0.2,,23,0.3,0.2,2.0,20,0,0.5942737430167597,0.5283868715083798,0.8722067039106145,320.0,5.866666666666666,1.0666666666666667,51.014630425882515,0.14822916666666666,1.2174535050071529,50,1.5007959232629955,0.6815317119729953,0.9007959232629952,0.5333553815482085,1.0,A,0.0006314565112506898
rubble,A,60,800,0.02,0.05,0.2,,24,0.3,0.2,2.0,20,0,0.5048882681564246,0.5097765363128491,0.7660614525139665,220.0,5.35,1.3,47.06384073651529,0.14658333333333334,0.991769547325103,45,1.5306192850023659,0.740698005509255,0.9306192850023656,0.44417906974499954,1.0,A,0.0005882606250020217
rubble,A,60,800,0.02,0.05,0.2,,25,0.3,0.2,2.0,20,0,0.5097765363128491,0.5156424581005586,0.7884078212290503,260.0,4.916666666666667,0.9333333333333333,43.081142580313745,0.148125,0.9959072305593452,43,1.5605876605543505,0.6601526716226286,0.9605876605543505,0.5591759572552862,1.0,A,0.0006411244799983251
rubble,A,60,800,0.02,0.05,0.2,,27,0.3,0.2,2.0,20,0,0.5977653631284916,0.4911662011173184,0.7730446927374302,260.0,5.183333333333334,1.55,49.371224478728884,0.13133333333333333,1.2228571428571429,46,1.695642385741146,0.494990241876584,1.095642385741146,0.8757781207974232,0.9130434782608695,A,0.0006254748437504532
rubble,A,60,800,0.02,0.05,0.2,,26,0.3,0.2,2.0,20,0,0.5761173184357542,0.5177025139664805,0.8128491620111732,260.0,5.083333333333333,1.2166666666666666,47.827109463077754,0.12591666666666668,1.2043795620437958,48,1.3444497055461488,0.4203719313064067,0.744449705546149,0.6441497196760425,1.0,A,0.0006419196362503498
rubble,A,60,800,0.02,0.05,0.2,,28,0.3,0.2,2.0,20,0,0.6236033519553073,0.5317388268156424,0.8317039106145251,300.0,5.15,1.0666666666666667,48.22126798408012,0.14522916666666666,1.2067567567567568,46,1.662239803786279,0.5641061694617829,1.062239803786279,0.8670124428714494,1.0,A,0.0006410744262484513
apartment,A,60,800,0.02,0.05,0.2,,0,0.3,0.2,2.0,20,0,0.275390625,0.2751953125,0.35546875,260.0,3.2666666666666666,0.1,26.945048673333993,0.1056875,0.9883177570093459,47,1.2515870820943393,1.1515902593779241,0.6515870820943397,0.3964230763558185,1.0,A-no-regrowth,0.0006127499474996512
rubble,A,60,800,0.02,0.05,0.2,,29,0.3,0.2,2.0,20,0,0.5712290502793296,0.5420740223463688,0.8212290502793296,320.0,5.333333333333333,1.3,50.634962084373925,0.14116666666666666,1.0651041666666665,49,1.5297760936884428,0.5692929855841822,0.9297760936884428,0.7667495545575961,0.9591836734693877,A,0.0006208540100010396
apartment,A,60,800,0.02,0.05,0.2,,1,0.3,0.2,2.0,20,0,0.294921875,0.29055989583333336,0.4947916666666667,140.0,2.933333333333333,0.06666666666666667,26.04649914912306,0.10216666666666667,1.046189376443418,46,1.4515785731251762,1.05114934603532,0.8515785731251764,0.4557837351536317,1.0,A-no-regrowth,0.0005794157812488265
apartment,A,60,800,0.02,0.05,0.2,,2,0.3,0.2,2.0,20,0,0.314453125,0.3150390625,0.5852864583333334,60.0,2.466666666666667,0.06666666666666667,29.168306936885333,0.09489583333333333,1.0477223427331888,53,1.1261898137747863,0.7177001586248546,0.5261898137747862,0.3249792690192932,1.0,A-no-regrowth,0.0006439146874981816
apartment,A,60,800,0.02,0.05,0.2,,3,0.3,0.2,2.0,20,0,0.291015625,0.27890625,0.3782552083333333,200.0,2.9833333333333334,0.1,29.105447352690483,0.1121875,1.044392523364486,55,1.1393353361145768,0.8420111829072422,0.5393353361145767,0.3318048434339651,1.0,A-no-regrowth,0.0005973054687501645
apartment,A,60,800,0.02,0.05,0.2,,6,0.3,0.2,2.0,20,0,0.2734375,0.2686848958333333,0.4010416666666667,220.0,2.783333333333333,0.08333333333333333,26.076826438175075,0.1100625,1.0096153846153846,46,1.3625376916377483,1.472391676963253,0.7625376916377483,0.4643049192834088,1.0,A-no-regrowth,0.0005714568749999671
apartment,A,60,800,0.02,0.05,0.2,,4,0.3,0.2,2.0,20,0,0.2649739583333333,0.26529947916666663,0.3880208333333333,260.0,2.816666666666667,0.06666666666666667,25.831053865943126,0.0988125,0.8984547461368653,44,1.3211220059696598,0.9506846180418178,0.7211220059696598,0.41410856140180197,1.0,A-no-regrowth,0.0006121684899994762
apartment,A,60,800,0.02,0.05,0.2,,7,0.3,0.2,2.0,20,0,0.24088541666666666,0.23557942708333335,0.3248697916666667,160.0,2.816666666666667,0.03333333333333333,26.69602562738894,0.11183333333333334,0.8584686774941995,45,1.0019669423724213,0.36074359519263005,0.40196694237242137,0.2785922220178869,0.9555555555555556,A-no-regrowth,0.000578815989999839
apartment,A,60,800,0.02,0.05,0.2,,5,0.3,0.2,2.0,20,0,0.30078125,0.3199544270833333,0.5403645833333334,160.0,2.6666666666666665,0.1,27.73647836931117,0.10010416666666666,0.9935483870967742,51,1.2375889768457649,0.7372956206251794,0.6375889768457651,0.4205949149979472,1.0,A-no-regrowth,0.0006170214062490232
apartment,A,60,800,0.02,0.05,0.2,,8,0.3,0.2,2.0,20,0,0.265625,0.25777994791666664,0.34765625,80.0,2.9,0.03333333333333333,25.966330188522456,0.12010416666666666,0.9714285714285714,42,1.063463576846146,0.4320767080147852,0.46346357684614603,0.3593363305186478,0.9523809523809523,A-no-regrowth,0.0005853327074987647
apartment,A,60,800,0.02,0.05,0.2,,9,0.3,0.2,2.0,20,0,0.2864583333333333,0.28593749999999996,0.4205729166666667,180.0,2.4833333333333334,0.11666666666666667,26.3776280855555,0.1029375,0.9932279909706546,45,1.3133915405542969,1.44203912471256,0.7133915405542964,0.36225603282753527,1.0,A-no-regrowth,0.0005853714587510695
apartment,A,60,800,0.02,0.05,0.2,,10,0.3,0.2,2.0,20,0,0.2545572916666667,0.25325520833333337,0.3828125,240.0,2.8,0.03333333333333333,25.192673789117755,0.0869375,0.8786516853932584,43,1.3360141713932958,1.4957065547431758,0.736014171393296,0.43540056158393814,1.0,A-no-regrowth,0.0005841191150011583
apartment,A,60,800,0.02,0.05,0.2,,11,0.3,0.2,2.0,20,0,0.3059895833333333,0.29176432291666665,0.4908854166666667,80.0,3.033333333333333,0.08333333333333333,27.25612927416864,0.10397916666666666,1.0609480812641083,46,1.308733693656727,0.9686995085337141,0.7087336936567273,0.3865812282117117,1.0,A-no-regrowth,0.0005773953124980835
apartment,A,60,800,0.02,0.05,0.2,,12,0.3,0.2,2.0,20,0,0.3020833333333333,0.29860026041666665,0.3860677083333333,260.0,3.066666666666667,0.08333333333333333,27.83292846966661,0.10822916666666667,0.9957081545064377,50,1.0294321494756324,0.5074094593528433,0.42943214947563246,0.2651638724407141,1.0,A-no-regrowth,0.0006275541662489559
apartment,A,60,800,0.02,0.05,0.2,,15,0.3,0.2,2.0,20,0,0.2877604166666667,0.27369791666666665,0.484375,80.0,2.933333333333333,0.05,25.51130891128672,0.09710416666666667,1.0449172576832153,43,1.3790831415621008,1.2769591862818912,0.7790831415621009,0.4052613622767617,1.0,A-no-regrowth,0.0006144528649997483
apartment,A,60,800,0.02,0.05,0.2,,13,0.3,0.2,2.0,20,0,0.310546875,0.3161458333333333,0.5358072916666666,240.0,3.033333333333333,0.03333333333333333,25.296535381080236,0.09666666666666666,0.9352941176470588,43,1.5734959936368722,1.1527586347942318,0.9734959936368718,0.4434727559625785,1.0,A-no-regrowth,0.0006352905724997982
apartment,A,60,800,0.02,0.05,0.2,,14,0.3,0.2,2.0,20,0,0.271484375,0.27415364583333335,0.3723958333333333,280.0,3.2666666666666666,0.03333333333333333,28.22503570423802,0.12285416666666667,0.9266666666666666,47,1.197743359390766,0.811130267207713,0.5977433593907658,0.36887330860121625,1.0,A-no-regrowth,0.0006411756762508958
apartment,A,60,800,0.02,0.05,0.2,,18,0.3,0.2,2.0,20,0,0.2799479166666667,0.2538411458333334,0.2897135416666667,140.0,2.35,0.11666666666666667,27.46766620436386,0.08358333333333333,1.2285714285714286,51,1.0673617450721908,0.470606985614207,0.4673617450721909,0.3711420460598053,0.9607843137254902,A-no-regrowth,0.000603416927501712
apartment,A,60,800,0.02,0.05,0.2,,19,0.3,0.2,2.0,20,0,0.2740885416666667,0.2732747395833333,0.365234375,200.0,3.6,0.1,27.24514554801901,0.1144375,1.0577889447236182,47,1.1952670553332394,1.1385048780265483,0.5952670553332393,0.37405612270983,0.9574468085106383,A-no-regrowth,0.0006009208337491146
apartment,A,60,800,0.02,0.05,0.2,,17,0.3,0.2,2.0,20,0,0.302734375,0.29208984375,0.421875,140.0,3.1666666666666665,0.06666666666666667,27.961998835493073,0.12379166666666666,1.0941176470588236,47,1.1218106828680758,0.8376823386643941,0.521810682868076,0.3078891332996626,0.9574468085106383,A-no-regrowth,0.0006162045837504593
apartment,A,60,800,0.02,0.05,0.2,,16,0.3,0.2,2.0,20,0,0.298828125,0.29365234375000004,0.4108072916666667,140.0,3.283333333333333,0.06666666666666667,29.002357452609555,0.11389583333333334,1.0902612826603324,53,1.3174375102905636,1.157496158092993,0.7174375102905636,0.38769000944395926,1.0,A-no-regrowth,0.0006718997912503255
apartment,A,60,800,0.02,0.05,0.2,,20,0.3,0.2,2.0,20,0,0.2799479166666667,0.27799479166666663,0.484375,240.0,3.45,0.1,28.761498678735418,0.11577083333333334,0.9862385321100917,52,1.2476281746212847,0.9702396022079953,0.6476281746212847,0.3492062815809215,0.9615384615384616,A-no-regrowth,0.0006047426037480364
apartment,A,60,800,0.02,0.05,0.2,,21,0.3,0.2,2.0,20,0,0.3098958333333333,0.2999348958333333,0.4368489583333333,160.0,3.45,0.05,30.089885043589035,0.118375,1.0696629213483144,55,1.2359699808318527,1.0177400220834647,0.6359699808318531,0.34908576657865587,1.0,A-no-regrowth,0.000617981249999957
apartment,A,60,800,0.02,0.05,0.2,,23,0.3,0.2,2.0,20,0,0.259765625,0.24889322916666665,0.2838541666666667,120.0,3.3,0.05,27.316526447914228,0.12135416666666667,1.064,50,0.9865040285879116,0.3220226134215096,0.3865040285879116,0.29606398802418715,0.92,A-no-regrowth,0.0005988679687493459
apartment,A,60,800,0.02,0.05,0.2,,25,0.3,0.2,2.0,20,0,0.2779947916666667,0.27174479166666665,0.396484375,80.0,2.816666666666667,0.03333333333333333,26.68975577879564,0.095375,0.9861431870669746,47,1.1315233284931145,0.5396143740489652,0.5315233284931146,0.38598025721660345,1.0,A-no-regrowth,0.000591474113748518
apartment,A,60,800,0.02,0.05,0.2,,27,0.3,0.2,2.0,20,0,0.27734375,0.28066406250000003,0.43359375,260.0,2.5833333333333335,0.06666666666666667,26.597025735019614,0.091125,1.0415647921760391,46,1.2436937830263262,0.9267483085041893,0.6436937830263261,0.43301388661341034,1.0,A-no-regrowth,0.0005886786462497185
apartment,A,60,800,0.02,0.05,0.2,,22,0.3,0.2,2.0,20,0,0.22916666666666666,0.22408854166666664,0.3040364583333333,120.0,2.9166666666666665,0.11666666666666667,26.366749087391277,0.11495833333333333,0.9336870026525198,43,1.0201134204659859,0.25628861498746297,0.42011342046598577,0.39729858392040973,0.9534883720930233,A-no-regrowth,0.0006166560937504073
apartment,A,60,800,0.02,0.05,0.2,,24,0.3,0.2,2.0,20,0,0.30078125,0.30247395833333335,0.4069010416666667,200.0,2.95,0.06666666666666667,29.206191328283428,0.11264583333333333,1.0845070422535212,55,1.2378234269186073,1.122836510330584,0.6378234269186073,0.29292887235204057,1.0,A-no-regrowth,0.0006344742187502561
apartment,A,60,800,0.02,0.05,0.2,,26,0.3,0.2,2.0,20,0,0.2825520833333333,0.27994791666666663,0.423828125,300.0,3.216666666666667,0.11666666666666667,29.213268750234437,0.12127083333333333,0.9455337690631808,51,1.263076194925197,1.1669769919719724,0.6630761949251968,0.3154070154509744,1.0,A-no-regrowth,0.0006485911462505101
apartment,A,60,800,0.02,0.05,0.2,,28,0.3,0.2,2.0,20,0,0.2682291666666667,0.273046875,0.3671875,260.0,3.1333333333333333,0.06666666666666667,27.69138733517162,0.11747916666666666,0.9035087719298246,50,1.0769555089186116,0.7698259699726537,0.4769555089186117,0.3359770589307143,1.0,A-no-regrowth,0.0006204183337513313
apartment,A,60,800,0.02,0.05,0.2,,29,0.3,0.2,2.0,20,0,0.2825520833333333,0.26328125,0.3587239583333333,320.0,3.0,0.03333333333333333,27.055669133088788,0.1055,0.9687499999999999,45,1.1820114099905306,0.7114934317916203,0.5820114099905305,0.38174458622429885,0.9555555555555556,A-no-regrowth,0.0006053242699999828
rubble,A,60,800,0.02,0.05,0.2,,0,0.3,0.2,2.0,20,0,0.3777932960893855,0.38812849162011176,0.5502793296089385,120.0,2.783333333333333,0.05,28.464428450122206,0.10014583333333334,0.9890310786106034,48,1.3152945514521537,0.6019538773415125,0.7152945514521537,0.4606855695885431,1.0,A-no-regrowth,0.0006087572912520045
rubble,A,60,800,0.02,0.05,0.2,,1,0.3,0.2,2.0,20,0,0.38058659217877094,0.37905027932960894,0.4692737430167598,240.0,2.75,0.13333333333333333,26.41486671397674,0.089625,1.0018382352941178,46,1.2747034742868844,0.5555631747735903,0.6747034742868842,0.4962333360652379,0.9565217391304348,A-no-regrowth,0.0005944354162488708
rubble,A,60,800,0.02,0.05,0.2,,2,0.3,0.2,2.0,20,0,0.3743016759776536,0.3587988826815643,0.473463687150838,120.0,3.3833333333333333,0.16666666666666666,28.301573212885348,0.1143125,1.0367504835589942,48,1.2654842883000257,0.7831219863436082,0.6654842883000258,0.30358990272093417,0.9583333333333334,A-no-regrowth,0.0006052777087484174
rubble,A,60,800,0.02,0.05,0.2,,3,0.3,0.2,2.0,20,0,0.34916201117318435,0.34615921787709497,0.420391061452514,180.0,2.966666666666667,0.16666666666666666,27.405071464173208,0.09985416666666666,1.0040160642570282,49,1.197516186000163,0.4809760168132643,0.5975161860001632,0.4097322421557966,1.0,A-no-regrowth,0.0006023922400004266
rubble,A,60,800,0.02,0.05,0.2,,4,0.3,0.2,2.0,20,0,0.2835195530726257,0.2880237430167598,0.42946927374301674,260.0,4.1,0.13333333333333333,29.169126516018682,0.16079166666666667,0.9082774049217003,45,1.091758626102494,0.5322904812326409,0.49175862610249416,0.3201689312824547,0.9555555555555556,A-no-regrowth,0.0006165877087505578
rubble,A,60,800,0.02,0.05,0.2,,5,0.3,0.2,2.0,20,0,0.33798882681564246,0.3466131284916201,0.46089385474860334,300.0,4.033333333333333,0.23333333333333334,29.915675896096044,0.14852083333333332,0.9699398797595191,51,1.14090032423265,0.5926647857887682,0.54090032423265,0.3594187588699569,0.9607843137254902,A-no-regrowth,0.0006500705212511093
rubble,A,60,800,0.02,0.05,0.2,,6,0.3,0.2,2.0,20,0,0.33100558659217877,0.3352653631284916,0.5272346368715084,200.0,3.95,0.2833333333333333,30.349832253857393,0.140125,0.9115384615384615,50,1.059731671008094,0.594325189103627,0.4597316710080939,0.23926977269168692,1.0,A-no-regrowth,0.000626809011248497
rubble,A,60,800,0.02,0.05,0.2,,8,0.3,0.2,2.0,20,0,0.3498603351955307,0.35415502793296083,0.47067039106145253,180.0,3.45,0.1,28.32408684356119,0.11022916666666667,1.0040080160320641,47,1.1756471838162967,0.5717418084995148,0.5756471838162969,0.35777812321166735,1.0,A-no-regrowth,0.0006301930724998783
rubble,A,60,800,0.02,0.05,0.2,,7,0.3,0.2,2.0,20,0,0.3344972067039106,0.319518156424581,0.43575418994413406,140.0,3.5833333333333335,0.23333333333333334,30.115634374296278,0.15033333333333335,1.0527472527472528,50,1.06668593208451,0.4975843027647172,0.4666859320845098,0.3213625811936467,0.92,A-no-regrowth,0.0006537618750007823
rubble,A,60,800,0.02,0.05,0.2,,9,0.3,0.2,2.0,20,0,0.33798882681564246,0.3149441340782123,0.4441340782122905,180.0,3.4833333333333334,0.23333333333333334,28.460929054942238,0.119125,1.0104384133611692,47,1.0649181428165275,0.3975753630038228,0.46491814281652727,0.3290045654550704,1.0,A-no-regrowth,0.0005864490625003782
rubble,A,60,800,0.02,0.05,0.2,,10,0.3,0.2,2.0,20,0,0.3268156424581006,0.3083100558659218,0.37360335195530725,200.0,2.8833333333333333,0.08333333333333333,27.795499310860293,0.10702083333333333,1.0636363636363637,46,1.1192921635292132,0.49833507896475254,0.519292163529213,0.437770123873796,1.0,A-no-regrowth,0.0005849660937496992
rubble,A,60,800,0.02,0.05,0.2,,12,0.3,0.2,2.0,20,0,0.32891061452513964,0.3284567039106145,0.4238826815642458,60.0,3.05,0.13333333333333333,27.629699337585556,0.10166666666666667,0.9978813559322034,47,1.1341281334559987,0.4911027338965615,0.5341281334559985,0.35461332817031976,1.0,A-no-regrowth,0.0006180926562501554
rubble,A,60,800,0.02,0.05,0.2,,11,0.3,0.2,2.0,20,0,0.36312849162011174,0.3462290502793296,0.4895251396648045,200.0,3.45,0.23333333333333334,30.767406525786026,0.13633333333333333,0.9848484848484849,52,1.054521612470238,0.44300510082591854,0.4545216124702379,0.30681008000959314,1.0,A-no-regrowth,0.0006286788024999623
rubble,A,60,800,0.02,0.05,0.2,,13,0.3,0.2,2.0,20,0,0.30377094972067037,0.3104050279329609,0.4483240223463687,200.0,4.216666666666667,0.21666666666666667,30.325656753234725,0.15997916666666667,0.8613861386138613,49,0.9727179697611861,0.47165275406909535,0.37271796976118615,0.21327834615123653,1.0,A-no-regrowth,0.0006195942187514447
rubble,A,60,800,0.02,0.05,0.2,,14,0.3,0.2,2.0,20,0,0.28980446927374304,0.27803770949720674,0.34567039106145253,280.0,4.066666666666666,0.15,29.65417430185135,0.15033333333333335,0.930493273542601,48,0.9561157807109683,0.23843109091709938,0.3561157807109683,0.2939912863419686,1.0,A-no-regrowth,0.0006121096874994691
rubble,A,60,800,0.02,0.05,0.2,,16,0.3,0.2,2.0,20,0,0.3414804469273743,0.3316689944134078,0.40782122905027934,180.0,3.2,0.1,27.775324591672998,0.12933333333333333,1.1113636363636363,46,1.190294793172073,0.53184428451808,0.590294793172073,0.4601022008562412,0.9565217391304348,A-no-regrowth,0.0005935440100006417
rubble,A,60,800,0.02,0.05,0.2,,15,0.3,0.2,2.0,20,0,0.3344972067039106,0.3138966480446928,0.42946927374301674,120.0,4.25,0.26666666666666666,31.94528919971649,0.150875,1.0435729847494553,54,0.9963313843141545,0.4637866888339865,0.39633138431415454,0.3125827274540682,0.9629629629629629,A-no-regrowth,0.0006305468749997089
rubble,A,60,800,0.02,0.05,0.2,,17,0.3,0.2,2.0,20,0,0.3407821229050279,0.34361033519553075,0.46368715083798884,100.0,3.216666666666667,0.06666666666666667,28.291672205001632,0.11525,0.9858585858585858,49,1.1450588451865356,0.8468423767583874,0.5450588451865357,0.2902154498255781,1.0,A-no-regrowth,0.0006091276037500392
rubble,A,60,800,0.02,0.05,0.2,,18,0.3,0.2,2.0,20,0,0.3331005586592179,0.3180865921787709,0.41410614525139666,200.0,4.5,0.15,28.749508464568482,0.16258333333333333,1.0021008403361344,47,1.18625386608611,0.6498322461056693,0.5862538660861103,0.30141571258235766,1.0,A-no-regrowth,0.0006101254687496294
rubble,A,60,800,0.02,0.05,0.2,,19,0.3,0.2,2.0,20,0,0.308659217877095,0.3119413407821229,0.4972067039106145,140.0,3.4166666666666665,0.31666666666666665,29.071412973431258,0.12454166666666666,0.873517786561265,47,1.3488332890974748,1.3917450029529,0.7488332890974748,0.29670113888829297,0.9574468085106383,A-no-regrowth,0.0005977291662497919
rubble,A,60,800,0.02,0.05,0.2,,22,0.3,0.2,2.0,20,0,0.3575418994413408,0.36110335195530724,0.4937150837988827,240.0,3.1,0.15,26.953308083212708,0.1101875,0.9159212880143113,45,1.44980897345858,0.9288857357172504,0.84980897345858,0.3733146472566591,1.0,A-no-regrowth,0.0006066561462489517
rubble,A,60,800,0.02,0.05,0.2,,20,0.3,0.2,2.0,20,0,0.3170391061452514,0.3082402234636871,0.4622905027932961,260.0,3.95,0.18333333333333332,30.04527682207464,0.1405,0.8423005565862708,47,1.0288144542673547,0.6339976226118571,0.4288144542673546,0.2679290656176171,0.9148936170212766,A-no-regrowth,0.0006294372912498147
rubble,A,60,800,0.02,0.05,0.2,,21,0.3,0.2,2.0,20,0,0.28631284916201116,0.2778980446927374,0.4825418994413408,160.0,4.016666666666667,0.16666666666666666,28.718643685805173,0.14841666666666667,0.876068376068376,45,1.0269121836515707,0.5111467324575288,0.42691218365157063,0.3190802246368102,1.0,A-no-regrowth,0.000652091041249605
rubble,A,60,800,0.02,0.05,0.2,,25,0.3,0.2,2.0,20,0,0.3191340782122905,0.3100558659217877,0.3784916201117318,260.0,3.5833333333333335,0.21666666666666667,26.880486572370646,0.14075,1.036281179138322,43,1.1488455329059328,0.7079111783438214,0.5488455329059326,0.30645450199829993,1.0,A-no-regrowth,0.0005982816137498049
rubble,A,60,800,0.02,0.05,0.2,,24,0.3,0.2,2.0,20,0,0.348463687150838,0.3484287709497207,0.473463687150838,240.0,3.5166666666666666,0.11666666666666667,28.112908453998227,0.13541666666666666,0.9784313725490196,45,1.155881959120938,0.5147562450389662,0.5558819591209379,0.3967513458953005,0.9555555555555556,A-no-regrowth,0.0006001982287489227
rubble,A,60,800,0.02,0.05,0.2,,23,0.3,0.2,2.0,20,0,0.3303072625698324,0.3151885474860335,0.37011173184357543,160.0,4.183333333333334,0.2,29.02764670608858,0.147,1.037280701754386,50,1.1150040278962798,0.565330858113708,0.5150040278962797,0.3075528868535542,1.0,A-no-regrowth,0.0006417276037495867
rubble,A,60,800,0.02,0.05,0.2,,26,0.3,0.2,2.0,20,0,0.3477653631284916,0.33969972067039106,0.42248603351955305,140.0,3.25,0.23333333333333334,28.086487215918474,0.110875,0.9803149606299213,48,1.1045575666900074,0.4423542079974626,0.5045575666900072,0.3787393320952084,1.0,A-no-regrowth,0.000605071718750878
rubble,A,60,800,0.02,0.05,0.2,,27,0.3,0.2,2.0,20,0,0.3365921787709497,0.3340432960893855,0.47067039106145253,120.0,2.9,0.11666666666666667,28.03622589875028,0.103875,0.8942486085343228,46,1.1786913125900922,0.5041925909558876,0.5786913125900924,0.43960835723738745,1.0,A-no-regrowth,0.0006032872400010092
rubble,A,60,800,0.02,0.05,0.2,,28,0.3,0.2,2.0,20,0,0.295391061452514,0.2988128491620112,0.35614525139664804,160.0,4.483333333333333,0.13333333333333333,28.210267894812457,0.15485416666666665,0.9814385150812065,46,0.9925577213589878,0.2799013470868294,0.39255772135898803,0.2963461351923702,1.0,A-no-regrowth,0.0006304701562498849
apartment,A,60,800,0.02,0.05,0.2,,0,0.3,0.2,2.0,20,0,0.544921875,0.5296549479166666,0.8997395833333334,300.0,6.783333333333333,0.48333333333333334,60.136616227652745,0.12125,0.9372900335946248,47,1.4923109487857216,0.7063332703791384,0.8923109487857217,0.4116251494435367,0.9574468085106383,A-no-damage,0.0006510280212501129
apartment,A,60,800,0.02,0.05,0.2,,1,0.3,0.2,2.0,20,0,0.625,0.5765299479166666,0.90234375,280.0,6.316666666666666,0.5833333333333334,61.487284014931674,0.1221875,1.1428571428571428,46,1.5778605254868219,0.5761160559728308,0.9778605254868225,0.7707298561666354,0.9565217391304348,A-no-damage,0.0006349114587487748
rubble,A,60,800,0.02,0.05,0.2,,29,0.3,0.2,2.0,20,0,0.329608938547486,0.32981843575418995,0.44343575418994413,80.0,3.8833333333333333,0.11666666666666667,29.005710797463884,0.13579166666666667,1.0,49,1.080801921647821,0.6740546113307674,0.48080192164782104,0.30030001197700285,1.0,A-no-regrowth,0.0006677444799993282
apartment,A,60,800,0.02,0.05,0.2,,3,0.3,0.2,2.0,20,0,0.568359375,0.60859375,0.908203125,300.0,6.483333333333333,0.6333333333333333,64.76762646803854,0.1135625,0.9776035834266517,55,1.229185457260144,0.575743637960929,0.6291854572601437,0.3631629512591452,0.9272727272727272,A-no-damage,0.0006562946874987574
apartment,A,60,800,0.02,0.05,0.2,,2,0.3,0.2,2.0,20,0,0.5924479166666666,0.5828450520833333,0.96875,280.0,5.9,0.5666666666666667,66.32775256459998,0.1095,1.0411899313501145,53,1.3180660297211897,0.6217698807644562,0.7180660297211897,0.4214923893303354,0.9622641509433962,A-no-damage,0.0006751072400015801
apartment,A,60,800,0.02,0.05,0.2,,4,0.3,0.2,2.0,20,0,0.5735677083333334,0.5553059895833334,0.9375,320.0,6.25,0.36666666666666664,60.06564019404831,0.12310416666666667,1.0292056074766356,44,1.777735990216069,0.6630693374743609,1.177735990216069,0.8792748291800008,0.9545454545454546,A-no-damage,0.0006796889587485566
apartment,A,60,800,0.02,0.05,0.2,,5,0.3,0.2,2.0,20,0,0.6263020833333334,0.6037109375,0.9537760416666666,220.0,5.866666666666666,0.65,63.718941757092075,0.11895833333333333,1.04,51,1.3713603926347195,0.49306999921629063,0.7713603926347196,0.6641551857324545,0.8823529411764706,A-no-damage,0.0006812368750001951
apartment,A,60,800,0.02,0.05,0.2,,6,0.3,0.2,2.0,20,0,0.5774739583333334,0.5388020833333333,0.876953125,240.0,6.783333333333333,0.5333333333333333,61.52518408417172,0.11639583333333334,1.0266203703703705,46,1.4966906630299637,0.5664726352978361,0.8966906630299639,0.8244850523358372,1.0,A-no-damage,0.0006801242187498246
apartment,A,60,800,0.02,0.05,0.2,,7,0.3,0.2,2.0,20,0,0.5690104166666666,0.5338541666666666,0.9505208333333334,340.0,5.95,0.5,57.952307557608954,0.12841666666666668,1.041716328963051,45,1.707141018604835,0.7497911073707954,1.1071410186048345,0.5647864948157367,0.9555555555555556,A-no-damage,0.0006605795837504047
apartment,A,60,800,0.02,0.05,0.2,,10,0.3,0.2,2.0,20,0,0.5110677083333334,0.5054361979166667,0.8828125,280.0,5.75,0.4166666666666667,57.53688165224291,0.11620833333333333,1.0025542784163475,43,1.4573627293891893,0.692372884523894,0.8573627293891898,0.5084739819589269,0.8837209302325582,A-no-damage,0.0006308401562500877
apartment,A,60,800,0.02,0.05,0.2,,8,0.3,0.2,2.0,20,0,0.54296875,0.5197591145833332,0.90625,320.0,5.466666666666667,0.5166666666666667,57.10901700477653,0.1088125,0.8816067653276957,42,1.2998464753822192,0.6886074403907146,0.6998464753822191,0.32200606887017214,0.9523809523809523,A-no-damage,0.0006462260937496467
apartment,A,60,800,0.02,0.05,0.2,,9,0.3,0.2,2.0,20,0,0.53515625,0.56328125,0.9700520833333334,260.0,5.9,0.48333333333333334,59.99034227158734,0.10960416666666667,0.8838709677419355,45,1.5058509325948757,0.5613094996796643,0.9058509325948753,0.6399041100666844,1.0,A-no-damage,0.0006367366662493623
apartment,A,60,800,0.02,0.05,0.2,,11,0.3,0.2,2.0,20,0,0.6236979166666666,0.5614908854166667,0.9036458333333334,300.0,5.95,0.5833333333333334,59.71160792102186,0.10497916666666667,1.0585635359116021,46,1.4884608326843327,0.5889455148494768,0.8884608326843326,0.5395538131746789,1.0,A-no-damage,0.0006214187500017943
apartment,A,60,800,0.02,0.05,0.2,,13,0.3,0.2,2.0,20,0,0.5611979166666666,0.5314778645833333,0.8743489583333334,260.0,5.283333333333333,0.5166666666666667,59.175236583588536,0.10308333333333333,0.8914167528438469,43,1.5450237909060942,0.6920413334194607,0.9450237909060941,0.41826004846050513,0.9069767441860465,A-no-damage,0.0006009554174988808
apartment,A,60,800,0.02,0.05,0.2,,12,0.3,0.2,2.0,20,0,0.5572916666666666,0.5465820312499999,0.9420572916666666,300.0,6.533333333333333,0.6666666666666666,62.15144871576644,0.13029166666666667,0.9873125720876585,50,1.3208108005623964,0.5506563739162101,0.7208108005623965,0.41228016770982784,0.96,A-no-damage,0.0006413695312494382
apartment,A,60,800,0.02,0.05,0.2,,14,0.3,0.2,2.0,20,0,0.58984375,0.5689453124999999,0.8932291666666666,280.0,5.816666666666666,0.6,62.074206532409015,0.110125,0.9912472647702406,47,1.5288320725229911,0.5144857978414338,0.9288320725229916,0.8148644700163977,0.9148936170212766,A-no-damage,0.0006258710412498658
apartment,A,60,800,0.02,0.05,0.2,,15,0.3,0.2,2.0,20,0,0.564453125,0.5288411458333332,0.9147135416666666,280.0,4.766666666666667,0.5833333333333334,58.05547700470993,0.09825,0.9807692307692307,43,1.558936717692924,0.7698381722846904,0.958936717692924,0.5814286782086368,1.0,A-no-damage,0.0006198422912507339
apartment,A,60,800,0.02,0.05,0.2,,16,0.3,0.2,2.0,20,0,0.6106770833333334,0.5828776041666667,0.890625,320.0,6.683333333333334,0.7,65.52969460166794,0.11589583333333334,1.0376106194690267,53,1.2906702874340479,0.5293431059842894,0.690670287434048,0.42392448799553606,0.9622641509433962,A-no-damage,0.0006294427600005292
apartment,A,60,800,0.02,0.05,0.2,,17,0.3,0.2,2.0,20,0,0.599609375,0.5389648437500001,0.916015625,340.0,6.133333333333334,0.5333333333333333,61.19533252203666,0.12347916666666667,1.0647398843930636,47,1.466798087779558,0.5958347822265777,0.8667980877795575,0.6067888504729938,1.0,A-no-damage,0.0006245385937495484
apartment,A,60,800,0.02,0.05,0.2,,18,0.3,0.2,2.0,20,0,0.6009114583333334,0.55068359375,0.8893229166666666,280.0,6.583333333333333,0.48333333333333334,62.531888983827336,0.1186875,1.008743169398907,51,1.4732048338348258,0.6812878761201059,0.8732048338348258,0.5167727760165658,0.9215686274509803,A-no-damage,0.0006241938537482383
apartment,A,60,800,0.02,0.05,0.2,,19,0.3,0.2,2.0,20,0,0.6256510416666666,0.5429687499999999,0.8658854166666666,300.0,6.383333333333334,0.5333333333333333,61.00586113845858,0.12739583333333335,1.2103274559193953,47,1.5238041492188064,0.5107764177242775,0.9238041492188065,0.7855328748726115,1.0,A-no-damage,0.0006250376037496608
apartment,A,60,800,0.02,0.05,0.2,,20,0.3,0.2,2.0,20,0,0.5514322916666666,0.5980794270833333,0.8723958333333334,300.0,7.25,0.5333333333333333,65.32011238597758,0.11729166666666667,0.998820754716981,52,1.245769684773849,0.5063084753540081,0.6457696847738492,0.38418718326922463,0.9615384615384616,A-no-damage,0.0006225071362496237
apartment,A,60,800,0.02,0.05,0.2,,22,0.3,0.2,2.0,20,0,0.513671875,0.5534505208333333,0.9055989583333334,380.0,5.633333333333334,0.6166666666666667,59.13078146431381,0.12029166666666667,0.8305263157894737,43,1.4140396457981648,0.569465025307418,0.8140396457981647,0.49411784095223477,1.0,A-no-damage,0.0006126196874993183
apartment,A,60,800,0.02,0.05,0.2,,21,0.3,0.2,2.0,20,0,0.6875,0.6243815104166666,0.9772135416666666,300.0,6.133333333333334,0.7166666666666667,66.27757227992522,0.1229375,1.11983032873807,55,1.4637194566390626,0.4647677869666828,0.8637194566390627,0.8050785068376188,0.9636363636363636,A-no-damage,0.0006498845837495537
apartment,A,60,800,0.02,0.05,0.2,,23,0.3,0.2,2.0,20,0,0.6022135416666666,0.5877929687499999,0.8997395833333334,280.0,6.05,0.7333333333333333,63.61105739804741,0.1214375,1.0998810939357908,50,1.3901909295942922,0.49793829588998223,0.7901909295942925,0.5163358272479008,0.96,A-no-damage,0.0006129542187500192
apartment,A,60,800,0.02,0.05,0.2,,24,0.3,0.2,2.0,20,0,0.611328125,0.5961263020833333,0.884765625,280.0,6.75,0.6166666666666667,67.42736265382094,0.1304375,1.0956826137689615,55,1.2405361818239575,0.6603572821279379,0.6405361818239573,0.2974740821196141,0.8909090909090909,A-no-damage,0.0006335763025003871
apartment,A,60,800,0.02,0.05,0.2,,25,0.3,0.2,2.0,20,0,0.560546875,0.5580078124999999,0.9375,340.0,5.466666666666667,0.55,60.147639171941094,0.11570833333333333,0.9238197424892703,47,1.4670007169509922,0.5249409010251573,0.8670007169509915,0.6332135767507289,0.9148936170212766,A-no-damage,0.0005903064062499652
apartment,A,60,800,0.02,0.05,0.2,,26,0.3,0.2,2.0,20,0,0.5598958333333334,0.58251953125,0.9713541666666666,300.0,5.916666666666667,0.43333333333333335,61.41847742939993,0.12645833333333334,0.9388646288209608,51,1.5417382764647718,0.6236713524171413,0.9417382764647717,0.5496173107225325,0.9215686274509803,A-no-damage,0.0006202057812492967
apartment,A,60,800,0.02,0.05,0.2,,28,0.3,0.2,2.0,20,0,0.607421875,0.6054036458333334,0.9290364583333334,320.0,6.3,0.6333333333333333,63.61019428205385,0.1205625,1.0590238365493756,50,1.4607149962917116,0.7405057862054636,0.8607149962917117,0.4667043768641844,1.0,A-no-damage,0.0006327483325003413
apartment,A,60,800,0.02,0.05,0.2,,27,0.3,0.2,2.0,20,0,0.552734375,0.5474609374999999,0.9407552083333334,280.0,6.033333333333333,0.55,60.598694581276256,0.1145625,0.9918224299065421,46,1.595840637496034,0.6963935264416732,0.9958406374960341,0.7275624623125213,0.8695652173913043,A-no-damage,0.0006503048437502912
apartment,A,60,800,0.02,0.05,0.2,,29,0.3,0.2,2.0,20,0,0.5423177083333334,0.5403645833333333,0.947265625,240.0,5.85,0.65,60.34086069839988,0.10975,1.1196236559139785,45,1.5600782646180664,0.7391723851037052,0.9600782646180661,0.3219248392017171,0.9555555555555556,A-no-damage,0.0006162972912511578
rubble,A,60,800,0.02,0.05,0.2,,0,0.3,0.2,2.0,20,0,0.5488826815642458,0.5135474860335194,0.835195530726257,260.0,5.666666666666667,1.2166666666666666,52.92012083033176,0.12702083333333333,0.9874371859296481,48,1.4093035060147139,0.6693637617063612,0.8093035060147139,0.6590754963436374,0.9583333333333334,A-no-damage,0.0006311251050010469
rubble,A,60,800,0.02,0.05,0.2,,1,0.3,0.2,2.0,20,0,0.5223463687150838,0.5348114525139664,0.9043296089385475,320.0,5.783333333333333,1.3666666666666667,50.78742081339742,0.11983333333333333,0.96640826873385,46,1.4459540772725383,0.8705887723092999,0.8459540772725385,0.45403335891062035,1.0,A-no-damage,0.0006086614062496664
rubble,A,60,800,0.02,0.05,0.2,,2,0.3,0.2,2.0,20,0,0.5900837988826816,0.534776536312849,0.8435754189944135,220.0,5.916666666666667,1.3666666666666667,49.33524473626923,0.11854166666666667,1.1103810775295666,48,1.4628480799593533,0.6994761731067545,0.8628480799593533,0.47313389750486723,1.0,A-no-damage,0.0006142976562500735
rubble,A,60,800,0.02,0.05,0.2,,3,0.3,0.2,2.0,20,0,0.5244413407821229,0.5180167597765364,0.770949720670391,320.0,5.95,1.7333333333333334,54.585317775940965,0.13129166666666667,0.9615877080665813,49,1.4621168672132376,0.8105197485249513,0.8621168672132375,0.4287959780778595,0.9591836734693877,A-no-damage,0.0005820046875010121
rubble,A,60,800,0.02,0.05,0.2,,4,0.3,0.2,2.0,20,0,0.5181564245810056,0.4969622905027934,0.880586592178771,340.0,6.55,1.3166666666666667,51.77274589939591,0.1613125,0.9867021276595745,45,1.4017811573798453,0.655723561939108,0.8017811573798455,0.47348620650457185,0.9111111111111111,A-no-damage,0.0006181694275005611
rubble,A,60,800,0.02,0.05,0.2,,5,0.3,0.2,2.0,20,0,0.5928770949720671,0.5811801675977655,0.8701117318435754,280.0,5.983333333333333,1.7166666666666666,52.64187865398824,0.1505625,1.1259946949602122,51,1.3070071450031775,0.6888192891540962,0.7070071450031775,0.3174069082284682,0.9607843137254902,A-no-damage,0.0005900021875004314
rubble,A,60,800,0.02,0.05,0.2,,6,0.3,0.2,2.0,20,0,0.5363128491620112,0.5058659217877095,0.8261173184357542,360.0,6.15,1.3666666666666667,50.525979066552644,0.14447916666666666,0.9909677419354838,50,1.414766058249367,0.7345231635585345,0.814766058249367,0.48202115077124363,0.92,A-no-damage,0.0005878996349997579
rubble,A,60,800,0.02,0.05,0.2,,8,0.3,0.2,2.0,20,0,0.571927374301676,0.5370460893854749,0.8247206703910615,260.0,5.7,1.2833333333333334,50.656372996308946,0.12647916666666667,1.089095744680851,47,1.3351140355277018,0.613575005344248,0.7351140355277022,0.5243238245768268,0.8723404255319149,A-no-damage,0.0005776239062493005
rubble,A,60,800,0.02,0.05,0.2,,7,0.3,0.2,2.0,20,0,0.6138268156424581,0.589699720670391,0.9273743016759777,300.0,5.666666666666667,1.4666666666666666,52.88049381836593,0.13470833333333335,1.0232828870779977,50,1.4937221431365555,0.6674534035496864,0.8937221431365552,0.5424032462348699,1.0,A-no-damage,0.000583483957500448
rubble,A,60,800,0.02,0.05,0.2,,10,0.3,0.2,2.0,20,0,0.5467877094972067,0.5331703910614525,0.8393854748603352,260.0,5.483333333333333,1.4666666666666666,51.93470669260002,0.12227083333333333,1.011627906976744,46,1.5570890594737208,0.7275778803587851,0.9570890594737205,0.7933427855447365,1.0,A-no-damage,0.0005646073437515042
rubble,A,60,800,0.02,0.05,0.2,,9,0.3,0.2,2.0,20,0,0.5824022346368715,0.527094972067039,0.8736033519553073,360.0,5.266666666666667,1.6666666666666667,51.29658402725629,0.11947916666666666,1.0309023485784918,47,1.6313931711766032,0.7120402910506171,1.031393171176603,0.6379891795060805,1.0,A-no-damage,0.0005914925000001858
rubble,A,60,800,0.02,0.05,0.2,,11,0.3,0.2,2.0,20,0,0.585195530726257,0.543959497206704,0.8337988826815642,340.0,6.133333333333334,1.4,53.429806308042785,0.14358333333333334,1.0397022332506203,52,1.341304905788156,0.6292365490703825,0.7413049057881559,0.5121986822091823,1.0,A-no-damage,0.0006408717187514412
rubble,A,60,800,0.02,0.05,0.2,,12,0.3,0.2,2.0,20,0,0.5509776536312849,0.5448673184357543,0.8344972067039106,360.0,5.616666666666666,1.2666666666666666,52.43110293135662,0.11916666666666667,0.9089861751152073,47,1.377332775297314,0.7206417176274272,0.7773327752973139,0.4314421610489779,0.9148936170212766,A-no-damage,0.0006375967700000729
rubble,A,60,800,0.02,0.05,0.2,,13,0.3,0.2,2.0,20,0,0.5321229050279329,0.5386871508379889,0.8854748603351955,260.0,6.566666666666666,1.3833333333333333,53.02710339273882,0.1555,0.9560853199498118,49,1.4236317271088534,0.8069844763187741,0.8236317271088534,0.43086195351173207,0.9591836734693877,A-no-damage,0.0006466127087492168
rubble,A,60,800,0.02,0.05,0.2,,17,0.3,0.2,2.0,20,0,0.6131284916201117,0.5561801675977653,0.9273743016759777,300.0,6.566666666666666,1.3166666666666667,53.096311360844986,0.14866666666666667,1.2077028885832188,49,1.6137609628827418,0.6156743866419261,1.0137609628827422,0.7826942673479768,0.9591836734693877,A-no-damage,0.000617392603751341
rubble,A,60,800,0.02,0.05,0.2,,16,0.3,0.2,2.0,20,0,0.5453910614525139,0.48299581005586595,0.8198324022346368,200.0,6.4,1.2333333333333334,49.695827375462144,0.15066666666666667,1.1744360902255637,46,1.6885361611301177,0.6592485532192125,1.0885361611301176,0.7661758746281262,1.0,A-no-damage,0.0006300284899998588
rubble,A,60,800,0.02,0.05,0.2,,18,0.3,0.2,2.0,20,0,0.6096368715083799,0.546822625698324,0.8596368715083799,240.0,6.75,1.3,53.23152703632305,0.15447916666666667,1.1958904109589041,47,1.6421094433252241,0.7103250985782216,1.0421094433252243,0.6158936806614385,1.0,A-no-damage,0.0005972286987503139
rubble,A,60,800,0.02,0.05,0.2,,15,0.3,0.2,2.0,20,0,0.5998603351955307,0.5748603351955308,0.9378491620111732,300.0,6.316666666666666,1.2666666666666666,53.809640130462675,0.145,1.0539877300613498,54,1.4880271079555893,0.7001080840291024,0.8880271079555896,0.5732160106569867,0.9259259259259259,A-no-damage,0.0006767985937494814
rubble,A,60,800,0.02,0.05,0.2,,14,0.3,0.2,2.0,20,0,0.5370111731843575,0.5501396648044694,0.8917597765363129,260.0,5.6,1.1833333333333333,50.98042253329561,0.13739583333333333,1.049113233287858,48,1.4116083561643833,0.6969984113350794,0.8116083561643833,0.3342241670034392,0.9583333333333334,A-no-damage,0.0007014583324985324
rubble,A,60,800,0.02,0.05,0.2,,19,0.3,0.2,2.0,20,0,0.5335195530726257,0.5086243016759777,0.8903631284916201,360.0,6.233333333333333,1.2,53.02178344570415,0.1346875,1.0119205298013243,47,1.446744635312272,0.6982271518945116,0.8467446353122718,0.5864575576560961,0.9148936170212766,A-no-damage,0.0006211280212505699
rubble,A,60,800,0.02,0.05,0.2,,20,0.3,0.2,2.0,20,0,0.5356145251396648,0.5174581005586593,0.8715083798882681,260.0,5.966666666666667,1.0166666666666666,50.260146912692655,0.13552083333333334,1.0864022662889519,47,1.4192564841024935,0.7957402098702298,0.8192564841024933,0.4049333502733864,0.9574468085106383,A-no-damage,0.000641625833748094
rubble,A,60,800,0.02,0.05,0.2,,21,0.3,0.2,2.0,20,0,0.5418994413407822,0.5089385474860334,0.7520949720670391,240.0,6.05,1.2833333333333334,49.740640934325924,0.15339583333333334,1.0500676589986468,45,1.6700341849918583,0.6166185144708924,1.0700341849918578,0.6869481028549079,0.9111111111111111,A-no-damage,0.0006418216675001531
rubble,A,60,800,0.02,0.05,0.2,,22,0.3,0.2,2.0,20,0,0.5677374301675978,0.5531424581005587,0.9385474860335196,280.0,5.033333333333333,1.0833333333333333,50.30641265749346,0.1215625,0.9866504854368933,45,1.3755325458236787,0.4170441928387767,0.7755325458236789,0.6421532914536862,1.0,A-no-damage,0.0006352808337510396
rubble,A,60,800,0.02,0.05,0.2,,25,0.3,0.2,2.0,20,0,0.513268156424581,0.5140013966480447,0.8212290502793296,320.0,5.633333333333334,1.3166666666666667,47.44028705937501,0.13708333333333333,0.9435173299101414,43,1.4882360947615747,0.5963094395153677,0.8882360947615745,0.8596506246487802,0.9534883720930233,A-no-damage,0.0006060549475000698
rubble,A,60,800,0.02,0.05,0.2,,23,0.3,0.2,2.0,20,0,0.5789106145251397,0.5509427374301676,0.8463687150837989,320.0,6.333333333333333,1.3,54.49630476042949,0.14120833333333332,1.0336658354114714,50,1.6068633527831948,0.71494142184337,1.006863352783195,0.8127274369244765,0.88,A-no-damage,0.0006593332812485642
rubble,A,60,800,0.02,0.05,0.2,,24,0.3,0.2,2.0,20,0,0.5977653631284916,0.5557611731843576,0.9113128491620112,280.0,6.2,1.4,49.939847712460065,0.14283333333333334,1.0918367346938775,45,1.8281140663813709,0.6730122797334783,1.2281140663813708,0.924797163171151,0.9555555555555556,A-no-damage,0.0006484270837495387
rubble,A,60,800,0.02,0.05,0.2,,27,0.3,0.2,2.0,20,0,0.5432960893854749,0.5356843575418994,0.880586592178771,260.0,5.266666666666667,1.2333333333333334,52.27429914038201,0.128125,0.9923469387755104,46,1.477152326267002,0.7783019900567445,0.8771523262670017,0.34728507751378057,0.9565217391304348,A-no-damage,0.0006041827075000583
rubble,A,60,800,0.02,0.05,0.2,,28,0.3,0.2,2.0,20,0,0.5537709497206704,0.55,0.9587988826815642,320.0,5.75,1.25,50.36899268223554,0.143375,0.9802224969097652,46,1.5569891363988047,0.6932536942047205,0.9569891363988046,0.6574479486113604,0.9565217391304348,A-no-damage,0.0006229998962498939
rubble,A,60,800,0.02,0.05,0.2,,26,0.3,0.2,2.0,20,0,0.5446927374301676,0.5173184357541901,0.776536312849162,260.0,5.883333333333334,1.3166666666666667,53.874048060060005,0.127875,1.007751937984496,48,1.347650225294719,0.6885387263566455,0.7476502252947189,0.3870360762625591,0.8333333333333334,A-no-damage,0.0006311995837518225
rubble,A,60,800,0.02,0.05,0.2,,29,0.3,0.2,2.0,20,0,0.5768156424581006,0.5422486033519553,0.9168994413407822,320.0,5.916666666666667,1.3833333333333333,52.82456963354697,0.13845833333333332,1.0210135970333745,49,1.4671105928782506,0.7075777318361676,0.8671105928782505,0.5316519896606519,0.7959183673469388,A-no-damage,0.0006285953125006927
apartment,B,60,800,0.02,0.05,0.2,,0,0.3,0.2,2.0,20,0,0.916015625,0.8788736979166668,0.9596354166666666,240.0,0.9333333333333333,0.2833333333333333,48.40638304645986,0.0808125,0.9985805535841021,47,2.3837900683817304,0.10448415790069553,1.7837900683817303,1.7883963078973637,1.0,B,0.0014125568750000639
apartment,B,60,800,0.02,0.05,0.2,,1,0.3,0.2,2.0,20,0,0.93359375,0.9198893229166666,0.9889322916666666,220.0,1.0,0.2833333333333333,48.65486905202705,0.0790625,1.0235546038543897,46,2.378500020122741,0.17021669457223026,1.7785000201227403,1.8392169086557124,1.0,B,0.0013980396875012957
apartment,B,60,800,0.02,0.05,0.2,,5,0.3,0.2,2.0,20,0,0.9225260416666666,0.9136067708333332,0.984375,240.0,1.1166666666666667,0.26666666666666666,48.228724463538015,0.08245833333333333,1.0092592592592593,46,2.310435401696361,0.12702646095807887,1.7104354016963614,1.7350722543659856,1.0,B,0.0013440752087490182
apartment,B,60,800,0.02,0.05,0.2,,2,0.3,0.2,2.0,20,0,0.947265625,0.9333658854166667,0.990234375,240.0,0.6666666666666666,0.2833333333333333,51.03974387715939,0.067375,1.0181945416375089,50,2.321805663497246,0.13115998075319607,1.7218056634972456,1.7390182207384648,1.0,B,0.001416763228751279
apartment,B,60,800,0.02,0.05,0.2,,3,0.3,0.2,2.0,20,0,0.904296875,0.8819661458333334,0.974609375,200.0,0.95,0.26666666666666666,49.18354198099626,0.07502083333333333,1.020573108008817,48,2.310213156403232,0.13216433276267398,1.710213156403232,1.7017261777945056,1.0,B,0.0014082752599983905
apartment,B,60,800,0.02,0.05,0.2,,4,0.3,0.2,2.0,20,0,0.9348958333333334,0.9169921874999998,0.9850260416666666,240.0,1.1666666666666667,0.3,48.704931087972234,0.0735,1.0048985304408677,47,2.337502668047659,0.13644125274610727,1.7375026680476588,1.7103923409952628,1.0,B,0.0014136443224992946
apartment,B,60,800,0.02,0.05,0.2,,7,0.3,0.2,2.0,20,0,0.9407552083333334,0.9243815104166666,0.98046875,180.0,0.9833333333333333,0.3333333333333333,51.00718843590979,0.0640625,1.0284697508896798,51,2.3165798765363106,0.11793416140780516,1.7165798765363103,1.6733619055872877,1.0,B,0.0014030597912505981
apartment,B,60,800,0.02,0.05,0.2,,6,0.3,0.2,2.0,20,0,0.953125,0.933203125,0.9915364583333334,240.0,0.9166666666666666,0.3,50.39676630317881,0.06827083333333334,1.008959338387319,50,2.3738307665639358,0.12358549078607431,1.773830766563936,1.781317363922075,1.0,B,0.0014283493750008346
apartment,B,60,800,0.02,0.05,0.2,,8,0.3,0.2,2.0,20,0,0.9127604166666666,0.8930013020833332,0.9791666666666666,220.0,1.0666666666666667,0.31666666666666665,48.77338470411325,0.0695625,1.0079079798705965,46,2.356262636508902,0.07470699228230743,1.756262636508902,1.7273028479205257,1.0,B,0.001350883281249935
apartment,B,60,800,0.02,0.05,0.2,,9,0.3,0.2,2.0,20,0,0.931640625,0.9161783854166666,0.986328125,260.0,1.0166666666666666,0.2,49.34288788947476,0.0793125,1.0006993006993006,49,2.2916513169953148,0.1237433173244413,1.6916513169953147,1.6470976817020264,1.0,B,0.0013312035412513979
apartment,B,60,800,0.02,0.05,0.2,,10,0.3,0.2,2.0,20,0,0.9251302083333334,0.9078125,0.982421875,180.0,1.15,0.21666666666666667,48.743044800177444,0.0740625,1.0304568527918783,47,2.3691907971894426,0.13858901377307217,1.769190797189443,1.7791825942145665,1.0,B,0.0012955381250003483
apartment,B,60,800,0.02,0.05,0.2,,11,0.3,0.2,2.0,20,0,0.947265625,0.9257161458333332,0.990234375,220.0,0.95,0.2833333333333333,49.45405162278605,0.07266666666666667,1.0422636103151863,49,2.3982913410210123,0.10105537465500619,1.7982913410210124,1.802290081272957,1.0,B,0.0013020133324994276
apartment,B,60,800,0.02,0.05,0.2,,12,0.3,0.2,2.0,20,0,0.9368489583333334,0.9166666666666666,0.9869791666666666,240.0,1.1,0.2833333333333333,48.0715216898273,0.0778125,1.0119549929676512,46,2.3802814768833653,0.1614076347948596,1.7802814768833655,1.8423918724189536,1.0,B,0.0012878728125019735
apartment,B,60,800,0.02,0.05,0.2,,14,0.3,0.2,2.0,20,0,0.908203125,0.881640625,0.9733072916666666,240.0,1.1,0.3333333333333333,48.29913093213006,0.078,1.0021551724137931,46,2.3068680344004187,0.11060693650494122,1.7068680344004183,1.7051455855582804,1.0,B,0.0013067881775009483
apartment,B,60,800,0.02,0.05,0.2,,13,0.3,0.2,2.0,20,0,0.9537760416666666,0.9365885416666666,0.9928385416666666,240.0,0.9166666666666666,0.25,51.35329787419134,0.07014583333333334,1.0368011323425337,52,2.2354051119746647,0.13712814106290294,1.6354051119746649,1.645529632093543,1.0,B,0.0013311880724995717
apartment,B,60,800,0.02,0.05,0.2,,16,0.3,0.2,2.0,20,0,0.9654947916666666,0.9437174479166666,0.9947916666666666,260.0,0.9,0.2833333333333333,49.49873290316061,0.07185416666666666,1.029146426092991,49,2.3932588108682267,0.11995744328061397,1.7932588108682266,1.901117063762531,1.0,B,0.0013080342699981883
apartment,B,60,800,0.02,0.05,0.2,,15,0.3,0.2,2.0,20,0,0.9303385416666666,0.9169921875000002,0.98828125,220.0,1.0,0.3,47.96165794018064,0.08220833333333333,1.0453547915142647,49,2.274819583152051,0.1305073292331866,1.6748195831520507,1.6359618926680914,1.0,B,0.0013340737500016076
apartment,B,60,800,0.02,0.05,0.2,,17,0.3,0.2,2.0,20,0,0.9420572916666666,0.92890625,0.990234375,220.0,0.95,0.31666666666666665,51.24655169949169,0.0814375,1.0006915629322268,51,2.292844092939725,0.14179089981109433,1.6928440929397244,1.6848516164969158,1.0,B,0.0013005335412503882
apartment,B,60,800,0.02,0.05,0.2,,18,0.3,0.2,2.0,20,0,0.9147135416666666,0.9018880208333334,0.9817708333333334,220.0,0.8,0.4166666666666667,49.27114128002741,0.0703125,1.0050071530758227,48,2.310932534409822,0.13981174396886606,1.7109325344098216,1.6895005176230413,1.0,B,0.0013349851049997597
apartment,B,60,800,0.02,0.05,0.2,,19,0.3,0.2,2.0,20,0,0.9329427083333334,0.9128580729166667,0.9895833333333334,240.0,0.9333333333333333,0.36666666666666664,50.40518850096994,0.07435416666666667,1.0148725212464589,50,2.2415984638495705,0.1389887836799188,1.6415984638495704,1.624775548344279,1.0,B,0.0013758224999992309
apartment,B,60,800,0.02,0.05,0.2,,20,0.3,0.2,2.0,20,0,0.921875,0.8896809895833334,0.9778645833333334,240.0,0.9333333333333333,0.23333333333333334,48.57451544107645,0.0774375,0.9812889812889813,46,2.3882092721635964,0.12033335192743254,1.7882092721635967,1.7137844832306555,1.0,B,0.0013367859374989167
apartment,B,60,800,0.02,0.05,0.2,,21,0.3,0.2,2.0,20,0,0.9186197916666666,0.9058268229166666,0.9830729166666666,220.0,1.1,0.25,48.77233157503206,0.07610416666666667,0.9936619718309859,47,2.3813705696748366,0.12734780159554626,1.7813705696748365,1.7351687961181361,1.0,B,0.0013470571349989769
apartment,B,60,800,0.02,0.05,0.2,,23,0.3,0.2,2.0,20,0,0.9296875,0.9057291666666666,0.9817708333333334,240.0,1.0166666666666666,0.23333333333333334,46.937311072220474,0.07122916666666666,1.0163701067615658,45,2.407435537597591,0.11358999682299159,1.8074355375975903,1.80875779464811,1.0,B,0.001317568750000646
apartment,B,60,800,0.02,0.05,0.2,,22,0.3,0.2,2.0,20,0,0.9505208333333334,0.9219726562499998,0.9915364583333334,200.0,0.9333333333333333,0.23333333333333334,49.85551699184099,0.07391666666666667,1.0480976310122039,49,2.287245700354722,0.14888998051763574,1.6872457003547223,1.811625567541146,1.0,B,0.0013729328125009488
apartment,B,60,800,0.02,0.05,0.2,,24,0.3,0.2,2.0,20,0,0.9498697916666666,0.9272135416666666,0.9928385416666666,260.0,1.0,0.21666666666666667,48.248189050811824,0.08277083333333334,1.0138985406532313,47,2.4117849440086876,0.1051980893863272,1.811784944008688,1.8418347665202996,1.0,B,0.0013454803650006398
apartment,B,60,800,0.02,0.05,0.2,,25,0.3,0.2,2.0,20,0,0.9479166666666666,0.9430989583333333,0.9915364583333334,240.0,0.9833333333333333,0.23333333333333334,50.727078793378915,0.06939583333333334,1.0196078431372548,51,2.291656819189205,0.1122422646902592,1.6916568191892054,1.6794706536534632,1.0,B,0.001369006874999741
apartment,B,60,800,0.02,0.05,0.2,,26,0.3,0.2,2.0,20,0,0.9817708333333334,0.9542643229166664,0.9947916666666666,240.0,1.0333333333333334,0.3,52.670989139726224,0.07922916666666667,1.060478199718706,55,2.2550138332089555,0.13559926884944287,1.6550138332089557,1.646854550787347,1.0,B,0.0014403447924996725
apartment,B,60,800,0.02,0.05,0.2,,27,0.3,0.2,2.0,20,0,0.9264322916666666,0.9035156250000002,0.984375,260.0,1.1,0.23333333333333334,47.61127962008958,0.076625,1.0092198581560283,46,2.3524723139527137,0.10972616865008189,1.7524723139527136,1.7403034154414714,1.0,B,0.001345125156249196
apartment,B,60,800,0.02,0.05,0.2,,28,0.3,0.2,2.0,20,0,0.9147135416666666,0.9022460937500002,0.982421875,240.0,1.0,0.25,48.773223681180525,0.06945833333333333,0.9818308874912648,46,2.3128379756124318,0.1429961134814486,1.7128379756124312,1.717109292818633,1.0,B,0.0013505927087499004
apartment,B,60,800,0.02,0.05,0.2,,29,0.3,0.2,2.0,20,0,0.9264322916666666,0.8964843750000002,0.986328125,220.0,1.1,0.25,48.402991709809676,0.07004166666666667,1.0085046066619419,46,2.410077780180325,0.11764760009467742,1.810077780180325,1.8692089509418626,1.0,B,0.0013512219262497638
rubble,B,60,800,0.02,0.05,0.2,,0,0.3,0.2,2.0,20,0,0.7674581005586593,0.7324371508379889,0.8596368715083799,300.0,0.95,0.5333333333333333,41.38511896197825,0.13308333333333333,1.040719696969697,51,2.030553141543646,0.3052232923448105,1.4305531415436459,1.2833895285133528,1.0,B,0.0014819429687509
rubble,B,60,800,0.02,0.05,0.2,,1,0.3,0.2,2.0,20,0,0.803072625698324,0.7365572625698323,0.880586592178771,280.0,0.9666666666666667,0.65,42.038981953381686,0.13195833333333334,1.074766355140187,47,2.1439702947471475,0.2257085726306762,1.543970294747148,1.4846569572910662,1.0,B,0.001456831980001425
rubble,B,60,800,0.02,0.05,0.2,,4,0.3,0.2,2.0,20,0,0.8310055865921788,0.7857192737430168,0.8938547486033519,280.0,1.0166666666666666,0.5666666666666667,43.20614082873597,0.12822916666666667,1.0828025477707006,49,2.0572603356804215,0.2905772584209957,1.4572603356804221,1.5270138172901517,1.0,B,0.001450050417499824
rubble,B,60,800,0.02,0.05,0.2,,2,0.3,0.2,2.0,20,0,0.8142458100558659,0.7642807262569834,0.8743016759776536,260.0,1.0166666666666666,0.5666666666666667,42.82226561693987,0.13985416666666667,1.1695085255767304,54,1.9922620939272848,0.2409637409939158,1.392262093927285,1.341390735608061,1.0,B,0.001496503177500017
rubble,B,60,800,0.02,0.05,0.2,,3,0.3,0.2,2.0,20,0,0.8016759776536313,0.7513268156424582,0.86731843575419,240.0,1.1833333333333333,0.5833333333333334,42.96423706471919,0.13052083333333334,1.0891840607210626,50,2.0311956230425183,0.24035135358360285,1.4311956230425178,1.3488723005802428,1.0,B,0.001489680832501108
rubble,B,60,800,0.02,0.05,0.2,,5,0.3,0.2,2.0,20,0,0.7716480446927374,0.7282122905027932,0.8770949720670391,320.0,1.0833333333333333,0.4666666666666667,39.309771755624936,0.1821875,1.0250463821892393,44,2.211164629681997,0.21450675946790346,1.6111646296819957,1.4935497075509474,1.0,B,0.0014747148962487699
rubble,B,60,800,0.02,0.05,0.2,,6,0.3,0.2,2.0,20,0,0.7932960893854749,0.7371159217877095,0.8701117318435754,300.0,1.05,0.6166666666666667,42.62358061267726,0.12235416666666667,1.081904761904762,50,2.065997627291162,0.27572680803638017,1.4659976272911615,1.3464089363512195,1.0,B,0.0014099071874989022
rubble,B,60,800,0.02,0.05,0.2,,7,0.3,0.2,2.0,20,0,0.8296089385474861,0.7840083798882682,0.8966480446927374,300.0,1.2166666666666666,0.7166666666666667,43.37999244836073,0.131125,1.0770625566636447,50,2.0467800402606184,0.22243430406644377,1.4467800402606181,1.345524667317348,1.0,B,0.001367626927499259
rubble,B,60,800,0.02,0.05,0.2,,8,0.3,0.2,2.0,20,0,0.7967877094972067,0.7522346368715083,0.8931564245810056,280.0,1.0166666666666666,0.6666666666666666,41.684991129035936,0.13158333333333333,1.0825426944971537,49,2.0653519583447646,0.3130935814157713,1.465351958344765,1.334745301317434,1.0,B,0.0013730943750010739
rubble,B,60,800,0.02,0.05,0.2,,10,0.3,0.2,2.0,20,0,0.8156424581005587,0.7682611731843575,0.9050279329608939,260.0,1.0833333333333333,0.55,42.111637894933764,0.1171875,1.0695970695970696,44,2.155088241469856,0.25094151738898446,1.5550882414698557,1.6120467564156078,1.0,B,0.0012742030212507416
rubble,B,60,800,0.02,0.05,0.2,,9,0.3,0.2,2.0,20,0,0.8135474860335196,0.7701815642458101,0.8889664804469274,240.0,1.0666666666666667,0.6333333333333333,43.19464784896565,0.12722916666666667,1.1266924564796905,47,2.0276119187727346,0.23605589890876394,1.4276119187727345,1.3795904564108779,1.0,B,0.0013737328125012027
rubble,B,60,800,0.02,0.05,0.2,,12,0.3,0.2,2.0,20,0,0.7828212290502793,0.7346717877094973,0.8449720670391061,300.0,1.0166666666666666,0.7,41.30359488440518,0.1175625,1.1132075471698113,47,2.1670418397554445,0.2440068102173251,1.5670418397554444,1.5181200724289359,1.0,B,0.001311013646250103
rubble,B,60,800,0.02,0.05,0.2,,11,0.3,0.2,2.0,20,0,0.7814245810055865,0.7322974860335195,0.8708100558659218,300.0,1.1,0.48333333333333334,42.53316938615193,0.12416666666666666,1.0053908355795147,47,2.1403009674196083,0.2641074669642943,1.540300967419608,1.410792719956091,1.0,B,0.0013313630212496718
rubble,B,60,800,0.02,0.05,0.2,,13,0.3,0.2,2.0,20,0,0.8303072625698324,0.7645251396648045,0.895949720670391,240.0,1.1333333333333333,0.65,42.771706931157674,0.14816666666666667,1.179563492063492,53,2.0069222410744287,0.29069525134149093,1.4069222410744286,1.2896670443123464,1.0,B,0.0014098565624999536
rubble,B,60,800,0.02,0.05,0.2,,14,0.3,0.2,2.0,20,0,0.7821229050279329,0.7159217877094972,0.869413407821229,260.0,1.2,0.55,42.01413067455521,0.1325,1.057601510859301,48,2.0000319785425966,0.2905398900671654,1.4000319785425965,1.3352362320863542,1.0,B,0.0014224521350001851
rubble,B,60,800,0.02,0.05,0.2,,15,0.3,0.2,2.0,20,0,0.8317039106145251,0.7986382681564246,0.901536312849162,280.0,1.1166666666666667,0.6833333333333333,42.34093426235564,0.14395833333333333,1.1172607879924954,47,2.2153470685755408,0.20536783533096362,1.61534706857554,1.6500878512826542,1.0,B,0.0013828454174995386
rubble,B,60,800,0.02,0.05,0.2,,16,0.3,0.2,2.0,20,0,0.8247206703910615,0.769972067039106,0.9113128491620112,240.0,1.1833333333333333,0.4166666666666667,41.84127430996753,0.1291875,1.126908396946565,47,2.203428945744058,0.19882457247716023,1.6034289457440574,1.554357032672809,1.0,B,0.0014270937499986757
rubble,B,60,800,0.02,0.05,0.2,,17,0.3,0.2,2.0,20,0,0.7772346368715084,0.7465432960893855,0.8819832402234636,220.0,1.1,0.6833333333333333,43.497651148098015,0.11325,1.06,52,1.891459089579102,0.3376709570559795,1.291459089579102,1.2105176234062824,1.0,B,0.0014244627600010062
rubble,B,60,800,0.02,0.05,0.2,,18,0.3,0.2,2.0,20,0,0.696927374301676,0.6693784916201119,0.7891061452513967,300.0,1.3,0.5166666666666667,38.27374324360114,0.14441666666666667,0.998998998998999,40,2.1919377308488825,0.3124191947475888,1.5919377308488827,1.404821616939377,1.0,B,0.0013813149999987217
rubble,B,60,800,0.02,0.05,0.2,,19,0.3,0.2,2.0,20,0,0.8023743016759777,0.7703910614525139,0.8917597765363129,260.0,1.0666666666666667,0.5166666666666667,41.25953048141508,0.135625,1.0668523676880224,42,2.2651693546975764,0.16015772979146303,1.665169354697576,1.6380297904204721,1.0,B,0.001373980728751576
rubble,B,60,800,0.02,0.05,0.2,,21,0.3,0.2,2.0,20,0,0.8184357541899442,0.789699720670391,0.8903631284916201,280.0,1.1166666666666667,0.65,43.467262524783635,0.12577083333333333,1.096351730589336,49,2.0756701070533135,0.22006145624777135,1.475670107053313,1.360795377132733,1.0,B,0.0013927073949980696
rubble,B,60,800,0.02,0.05,0.2,,20,0.3,0.2,2.0,20,0,0.8303072625698324,0.7968924581005585,0.9071229050279329,240.0,1.2666666666666666,0.65,42.514044179684944,0.18116666666666667,1.1101774042950514,51,2.067762574023009,0.2767333168265786,1.4677625740230094,1.4272153278041486,1.0,B,0.0014954590625006858
rubble,B,60,800,0.02,0.05,0.2,,22,0.3,0.2,2.0,20,0,0.7702513966480447,0.7263617318435756,0.848463687150838,280.0,1.05,0.5833333333333334,41.590449495639135,0.14283333333333334,1.0595581171950048,49,2.0107922938757783,0.3031515138136706,1.410792293875778,1.3831335586763527,1.0,B,0.0014504151037499468
rubble,B,60,800,0.02,0.05,0.2,,23,0.3,0.2,2.0,20,0,0.7786312849162011,0.7446927374301676,0.8917597765363129,280.0,1.2166666666666666,0.6166666666666667,42.24171377231624,0.11283333333333333,1.0772946859903383,49,2.0589543444469056,0.2824355311546697,1.4589543444469057,1.4775065059906538,1.0,B,0.001399008906250856
rubble,B,60,800,0.02,0.05,0.2,,24,0.3,0.2,2.0,20,0,0.7562849162011173,0.7376745810055866,0.8610335195530726,280.0,1.1,0.5166666666666667,41.50452258446051,0.12535416666666666,1.0363636363636362,43,2.1871182574614485,0.18704039135940087,1.5871182574614477,1.548824616299001,1.0,B,0.001408084009999584
rubble,B,60,800,0.02,0.05,0.2,,26,0.3,0.2,2.0,20,0,0.7821229050279329,0.74518156424581,0.8791899441340782,280.0,1.0833333333333333,0.6,40.451380362090134,0.115875,1.0516431924882628,42,2.2946010877862184,0.22631703437718212,1.6946010877862179,1.5574618305486363,1.0,B,0.0013355932300009954
rubble,B,60,800,0.02,0.05,0.2,,27,0.3,0.2,2.0,20,0,0.8023743016759777,0.7808659217877094,0.8861731843575419,300.0,1.0666666666666667,0.7666666666666667,43.7462408489206,0.13460416666666666,1.0454959053685169,49,2.050348245863316,0.27538410537297486,1.4503482458633161,1.476662367272855,1.0,B,0.0014075585412501824
rubble,B,60,800,0.02,0.05,0.2,,25,0.3,0.2,2.0,20,0,0.8184357541899442,0.7837988826815643,0.9022346368715084,280.0,1.2333333333333334,0.5,41.23706492405576,0.18947916666666667,1.10879848628193,50,2.1033603262331657,0.2418419625412049,1.5033603262331656,1.3984760580635267,1.0,B,0.0015570820825018927
rubble,B,60,800,0.02,0.05,0.2,,28,0.3,0.2,2.0,20,0,0.770949720670391,0.7207751396648043,0.8708100558659218,240.0,1.1666666666666667,0.6666666666666666,41.16474191790313,0.15127083333333333,1.0584851390220518,49,2.06736398272626,0.25922622704967063,1.4673639827262601,1.492997683060155,1.0,B,0.0014589459900003021
rubble,B,60,800,0.02,0.05,0.2,,29,0.3,0.2,2.0,20,0,0.8128491620111732,0.7557262569832403,0.875,260.0,1.1666666666666667,0.6,42.83282944922031,0.1299375,1.0777777777777777,50,2.0540038526300304,0.27815591849231147,1.454003852630031,1.4237537078082534,1.0,B,0.0014673423437488965
apartment,B,60,800,0.02,0.05,0.2,,0,0.3,0.2,2.0,20,0,0.3684895833333333,0.3096354166666667,0.46875,320.0,1.45,0.0,17.65490808117751,0.523625,1.7469135802469136,46,1.2125457250635627,0.9199990182752832,0.6125457250635629,0.06651400737886004,0.5869565217391305,B-total-stop,0.0024182037500008846
apartment,B,60,800,0.02,0.05,0.2,,2,0.3,0.2,2.0,20,0,0.19466145833333334,0.16708984375,0.3626302083333333,260.0,1.3166666666666667,0.06666666666666667,16.735984224771453,0.5027916666666666,0.934375,46,0.9688996308438478,1.3326753622371148,0.3688996308438477,0.06813903527518983,0.5434782608695652,B-total-stop,0.002505777812498309
apartment,B,60,800,0.02,0.05,0.2,,1,0.3,0.2,2.0,20,0,0.1875,0.18147786458333331,0.2506510416666667,300.0,1.55,0.05,16.76112287851706,0.6521041666666667,1.054945054945055,54,0.8389131085481387,1.161674410097407,0.23891310854813877,0.054309941328563704,0.5370370370370371,B-total-stop,0.0028406281249999665
apartment,B,60,800,0.02,0.05,0.2,,5,0.3,0.2,2.0,20,0,0.234375,0.2035807291666667,0.390625,260.0,1.5,0.03333333333333333,15.83778781639125,0.55075,1.3432835820895523,43,0.9768430078121527,0.8695392496994186,0.37684300781215285,0.07749479699633632,0.627906976744186,B-total-stop,0.0024616964587494293
apartment,B,60,800,0.02,0.05,0.2,,4,0.3,0.2,2.0,20,0,0.23893229166666666,0.19534505208333333,0.2994791666666667,20.0,1.45,0.016666666666666666,16.455185433077855,0.5560625,1.6167400881057268,48,0.8721765035492931,0.7032418073183176,0.2721765035492932,0.06012779612383212,0.6458333333333334,B-total-stop,0.002586690208750042
apartment,B,60,800,0.02,0.05,0.2,,3,0.3,0.2,2.0,20,0,0.2669270833333333,0.23105468749999997,0.38671875,260.0,1.5166666666666666,0.03333333333333333,17.816820916613157,0.5634166666666667,1.3099041533546325,52,0.9928660883230935,0.9908022209944739,0.39286608832309367,0.09400339591829032,0.5961538461538461,B-total-stop,0.00260934244749933
apartment,B,60,800,0.02,0.05,0.2,,6,0.3,0.2,2.0,20,0,0.3704427083333333,0.28281249999999997,0.5397135416666666,100.0,1.4,0.016666666666666666,17.891376143315618,0.5661458333333333,2.107407407407407,49,1.189054231129159,1.0855668615749718,0.5890542311291588,0.06500802298356201,0.5714285714285714,B-total-stop,0.0024923826050007847
apartment,B,60,800,0.02,0.05,0.2,,8,0.3,0.2,2.0,20,0,0.271484375,0.2490885416666667,0.396484375,220.0,1.55,0.03333333333333333,17.06983447246643,0.5373541666666667,1.394648829431438,47,1.0028949177821975,1.030111745493639,0.4028949177821973,0.06609526580862701,0.574468085106383,B-total-stop,0.002523539374999473
apartment,B,60,800,0.02,0.05,0.2,,7,0.3,0.2,2.0,20,0,0.19140625,0.18688151041666667,0.24934895833333334,360.0,1.35,0.03333333333333333,16.932922368589246,0.5192083333333334,1.0769230769230769,51,0.8419720298039168,0.9135505989498527,0.2419720298039168,0.07263789124612274,0.6078431372549019,B-total-stop,0.0026969889062502263
apartment,B,60,800,0.02,0.05,0.2,,9,0.3,0.2,2.0,20,0,0.2552083333333333,0.24029947916666666,0.4036458333333333,320.0,1.45,0.0,17.13722083176847,0.5399583333333333,1.1136363636363635,48,0.9993407954260132,1.1166808969957462,0.39934079542601325,0.08329672404460359,0.6666666666666666,B-total-stop,0.002531914218750444
apartment,B,60,800,0.02,0.05,0.2,,10,0.3,0.2,2.0,20,0,0.18098958333333334,0.17333984375000006,0.251953125,240.0,1.35,0.0,16.21803782810237,0.5246666666666666,0.9652777777777778,46,0.8676584667576425,1.1043182469457589,0.2676584667576427,0.058635097374659606,0.5,B-total-stop,0.002473728229999779
apartment,B,60,800,0.02,0.05,0.2,,11,0.3,0.2,2.0,20,0,0.20703125,0.193359375,0.3828125,120.0,1.4166666666666667,0.05,16.76856682727746,0.5167291666666667,1.0063291139240507,46,0.8572861189656081,0.839589839994796,0.25728611896560816,0.07298069135421509,0.6956521739130435,B-total-stop,0.0024362732287499965
apartment,B,60,800,0.02,0.05,0.2,,13,0.3,0.2,2.0,20,0,0.3444010416666667,0.2806315104166666,0.5397135416666666,320.0,1.5333333333333334,0.05,17.402766497750488,0.5666458333333333,1.6955128205128207,48,1.186495156312086,1.1473591738647304,0.5864951563120862,0.07589067625657947,0.5833333333333334,B-total-stop,0.0024583324474997427
apartment,B,60,800,0.02,0.05,0.2,,14,0.3,0.2,2.0,20,0,0.138671875,0.14140625,0.2727864583333333,200.0,1.3666666666666667,0.0,15.74892419202281,0.532625,0.7947761194029851,45,0.6965225018509269,0.13893991926830154,0.096522501850927,0.06939459520147684,0.6666666666666666,B-total-stop,0.0024566948949996
apartment,B,60,800,0.02,0.05,0.2,,12,0.3,0.2,2.0,20,0,0.2662760416666667,0.24554036458333334,0.4095052083333333,340.0,1.4666666666666666,0.0,17.567276768721637,0.5679375,1.2984126984126985,51,0.9498819462510675,0.9719554855649344,0.34988194625106733,0.04051113502101711,0.49019607843137253,B-total-stop,0.002557862812498115
apartment,B,60,800,0.02,0.05,0.2,,15,0.3,0.2,2.0,20,0,0.2604166666666667,0.25751953125,0.4192708333333333,360.0,1.5166666666666666,0.0,17.63634251778836,0.5693333333333334,1.2121212121212122,52,0.9122080833555597,1.0154987757183425,0.3122080833555596,0.030250553316244988,0.4423076923076923,B-total-stop,0.0026116047924983833
apartment,B,60,800,0.02,0.05,0.2,,17,0.3,0.2,2.0,20,0,0.26953125,0.24648437499999995,0.4322916666666667,200.0,1.5,0.016666666666666666,17.57657923988292,0.5284375,1.1373626373626373,48,0.9760845143036133,0.908112284728393,0.3760845143036134,0.06922958434960352,0.5416666666666666,B-total-stop,0.002483835572500084
apartment,B,60,800,0.02,0.05,0.2,,16,0.3,0.2,2.0,20,0,0.21809895833333334,0.19124348958333334,0.365234375,160.0,1.4666666666666666,0.0,17.08722989835985,0.5902291666666667,1.2641509433962266,52,0.9183604896846015,1.1674158739446363,0.3183604896846016,0.04964443953551406,0.5,B-total-stop,0.0026263631250003526
apartment,B,60,800,0.02,0.05,0.2,,18,0.3,0.2,2.0,20,0,0.21028645833333334,0.2077473958333333,0.3326822916666667,380.0,1.2,0.0,16.66615888234214,0.4774791666666667,1.1176470588235294,46,0.8571749379262852,0.8011919765185953,0.25717493792628543,0.10507651373097587,0.717391304347826,B-total-stop,0.002431085156249537
apartment,B,60,800,0.02,0.05,0.2,,19,0.3,0.2,2.0,20,0,0.2630208333333333,0.24654947916666664,0.4088541666666667,100.0,1.4166666666666667,0.03333333333333333,17.29775014375931,0.5542083333333333,1.4532374100719423,49,0.9347905468612249,1.016204658598061,0.33479054686122484,0.057053979086593376,0.5102040816326531,B-total-stop,0.00263438177125181
apartment,B,60,800,0.02,0.05,0.2,,20,0.3,0.2,2.0,20,0,0.2532552083333333,0.22822265625,0.310546875,320.0,1.5166666666666666,0.0,17.09735548306317,0.575125,1.2349206349206348,49,0.8749631476643004,0.7538503067373815,0.27496314766430036,0.057396591862046153,0.5510204081632653,B-total-stop,0.002505594947499503
apartment,B,60,800,0.02,0.05,0.2,,22,0.3,0.2,2.0,20,0,0.16927083333333334,0.15589192708333333,0.34375,60.0,1.45,0.0,15.627674973896328,0.5649791666666667,0.996168582375479,44,0.833937978143868,1.1367529883007828,0.2339379781438681,0.03519679751901661,0.4318181818181818,B-total-stop,0.0024467787499997938
apartment,B,60,800,0.02,0.05,0.2,,21,0.3,0.2,2.0,20,0,0.22200520833333334,0.19781901041666666,0.341796875,160.0,1.4666666666666666,0.0,16.246175812437677,0.5711458333333334,1.2266187050359711,46,0.9779227032119518,1.1411987189641675,0.3779227032119518,0.058217794605028295,0.5434782608695652,B-total-stop,0.0024613831250007933
apartment,B,60,800,0.02,0.05,0.2,,25,0.3,0.2,2.0,20,0,0.306640625,0.26292317708333335,0.4283854166666667,220.0,1.3333333333333333,0.016666666666666666,16.80333799503051,0.48614583333333333,1.7127272727272727,44,1.0597429713668438,0.8345568586281525,0.45974297136684367,0.11350127077767969,0.6818181818181818,B-total-stop,0.0023399796874991807
apartment,B,60,800,0.02,0.05,0.2,,23,0.3,0.2,2.0,20,0,0.14908854166666666,0.14684244791666665,0.15364583333333334,20.0,1.4666666666666666,0.0,16.086647412721533,0.5951666666666666,1.0088105726872245,51,0.68317407269937,0.2580068745768715,0.08317407269936997,0.031989434193622546,0.43137254901960786,B-total-stop,0.002743338906250301
apartment,B,60,800,0.02,0.05,0.2,,26,0.3,0.2,2.0,20,0,0.21419270833333334,0.18889973958333334,0.2727864583333333,40.0,1.55,0.0,16.62376145158431,0.5524166666666667,1.2415094339622643,48,0.8658835538716606,0.8227535940706779,0.26588355387166046,0.07189393761841006,0.625,B-total-stop,0.0024717191137483495
apartment,B,60,800,0.02,0.05,0.2,,24,0.3,0.2,2.0,20,0,0.16731770833333334,0.14261067708333333,0.3111979166666667,40.0,1.4166666666666667,0.03333333333333333,16.362821372004014,0.5894583333333333,1.0,50,0.7695674300703635,1.1007811032750692,0.16956743007036362,0.03636607576342332,0.34,B-total-stop,0.002624744166250821
apartment,B,60,800,0.02,0.05,0.2,,29,0.3,0.2,2.0,20,0,0.2682291666666667,0.23857421875,0.4114583333333333,280.0,1.3166666666666667,0.0,16.348436224613213,0.4485208333333333,1.3333333333333335,40,1.1785967969585474,1.1416745582679773,0.5785967969585474,0.1032012099607954,0.8,B-total-stop,0.002304298021249451
apartment,B,60,800,0.02,0.05,0.2,,27,0.3,0.2,2.0,20,0,0.18619791666666666,0.15872395833333333,0.22721354166666666,40.0,1.4833333333333334,0.0,17.10016382597069,0.564125,1.2767857142857142,54,0.8189154927883122,1.0276685634227025,0.2189154927883123,0.057317385465972426,0.5925925925925926,B-total-stop,0.0028603623437493298
apartment,B,60,800,0.02,0.05,0.2,,28,0.3,0.2,2.0,20,0,0.23763020833333334,0.21318359374999996,0.3671875,300.0,1.5333333333333334,0.016666666666666666,17.17229013348377,0.5629583333333333,1.1550632911392407,50,0.9741903526162434,1.0870983723129812,0.3741903526162435,0.07647417728726202,0.8,B-total-stop,0.0026395861462492577
rubble,B,60,800,0.02,0.05,0.2,,0,0.3,0.2,2.0,20,0,0.2737430167597765,0.26476955307262573,0.2905027932960894,80.0,1.25,0.08333333333333333,16.979946129119995,0.4820833333333333,1.0594594594594593,45,0.9601294257423477,0.6484096659877904,0.3601294257423476,0.06555066971399304,0.5555555555555556,B-total-stop,0.0025925536462477793
rubble,B,60,800,0.02,0.05,0.2,,1,0.3,0.2,2.0,20,0,0.30377094972067037,0.29654329608938546,0.36522346368715086,260.0,1.45,0.03333333333333333,17.513678570614413,0.5258541666666666,1.0406698564593302,48,0.9987829538867893,0.7265364793284889,0.3987829538867893,0.09191832920997761,0.6041666666666666,B-total-stop,0.002736311823748565
rubble,B,60,800,0.02,0.05,0.2,,2,0.3,0.2,2.0,20,0,0.36522346368715086,0.3473812849162011,0.43924581005586594,120.0,1.2333333333333334,0.18333333333333332,18.803167668750238,0.46702083333333333,1.1271551724137931,47,1.1467947573139121,0.7278979575477227,0.5467947573139122,0.09885890661658003,0.7659574468085106,B-total-stop,0.0026017909899996995
rubble,B,60,800,0.02,0.05,0.2,,3,0.3,0.2,2.0,20,0,0.38687150837988826,0.3520251396648045,0.4476256983240223,240.0,1.25,0.016666666666666666,18.47624973103917,0.46139583333333334,1.1787234042553192,46,1.2313198320012415,0.8388130343010213,0.6313198320012411,0.13509376685468394,0.8260869565217391,B-total-stop,0.002577343072500753
rubble,B,60,800,0.02,0.05,0.2,,4,0.3,0.2,2.0,20,0,0.3331005586592179,0.31585195530726257,0.3889664804469274,260.0,1.7333333333333334,0.05,17.339697788114798,0.6002916666666667,1.2421875,49,1.037624227520876,0.755742188603733,0.43762422752087593,0.03709752277468603,0.4489795918367347,B-total-stop,0.0027717019274996345
rubble,B,60,800,0.02,0.05,0.2,,5,0.3,0.2,2.0,20,0,0.3100558659217877,0.29916201117318436,0.41829608938547486,300.0,1.5833333333333333,0.016666666666666666,17.889548370856414,0.6102083333333334,0.9715536105032822,51,0.9845855454438339,0.9296412192132061,0.3845855454438339,0.046301091518482385,0.49019607843137253,B-total-stop,0.0028565474474999066
rubble,B,60,800,0.02,0.05,0.2,,6,0.3,0.2,2.0,20,0,0.3198324022346369,0.29036312849162005,0.33519553072625696,260.0,1.6,0.05,17.48753553986862,0.59275,1.1624365482233503,51,1.0116939860627605,0.7109843472385118,0.4116939860627607,0.06266803083867012,0.6078431372549019,B-total-stop,0.0028485209887503513
rubble,B,60,800,0.02,0.05,0.2,,7,0.3,0.2,2.0,20,0,0.29678770949720673,0.2427025139664804,0.31843575418994413,200.0,1.55,0.08333333333333333,16.259012842516633,0.5557291666666667,1.3322884012539187,46,0.9879498799385934,0.7371924458530791,0.38794987993859326,0.06472517811934458,0.6086956521739131,B-total-stop,0.002759385833749093
rubble,B,60,800,0.02,0.05,0.2,,8,0.3,0.2,2.0,20,0,0.316340782122905,0.31497905027932965,0.40782122905027934,220.0,1.4833333333333334,0.05,18.45418653970462,0.5392708333333334,0.937888198757764,51,0.970723134713006,0.6108343936366118,0.370723134713006,0.08855749367336718,0.6274509803921569,B-total-stop,0.0027411593750002795
rubble,B,60,800,0.02,0.05,0.2,,9,0.3,0.2,2.0,20,0,0.28002793296089384,0.2604050279329609,0.34567039106145253,160.0,1.4166666666666667,0.016666666666666666,16.865360754880378,0.4938125,1.0664893617021276,44,0.9952936161335821,0.7196407245136704,0.3952936161335821,0.10828523627214731,0.7272727272727273,B-total-stop,0.0025383336462505212
rubble,B,60,800,0.02,0.05,0.2,,10,0.3,0.2,2.0,20,0,0.30935754189944137,0.29458798882681564,0.38966480446927376,240.0,1.4666666666666666,0.08333333333333333,17.57911072527387,0.514875,0.9651416122004358,45,1.0560973347154854,0.8712427032056289,0.4560973347154854,0.061574534843464646,0.6222222222222222,B-total-stop,0.002528268385001411
rubble,B,60,800,0.02,0.05,0.2,,11,0.3,0.2,2.0,20,0,0.2835195530726257,0.2834497206703911,0.33798882681564246,180.0,1.4333333333333333,0.016666666666666666,16.947244636662106,0.4968958333333333,0.9103139013452916,44,0.9990198290387956,0.7035528680223561,0.3990198290387958,0.07442339165047945,0.7045454545454546,B-total-stop,0.002578024894999089
rubble,B,60,800,0.02,0.05,0.2,,12,0.3,0.2,2.0,20,0,0.35893854748603354,0.3396648044692737,0.42807262569832405,200.0,1.4333333333333333,0.06666666666666667,18.361895863703726,0.47704166666666664,1.2037470725995318,48,1.135182386641391,0.7327480129650116,0.5351823866413911,0.09421670239921492,0.6458333333333334,B-total-stop,0.0025278869800013128
rubble,B,60,800,0.02,0.05,0.2,,14,0.3,0.2,2.0,20,0,0.329608938547486,0.2909217877094972,0.4036312849162011,160.0,1.5333333333333334,0.016666666666666666,17.283435825912072,0.5989583333333334,1.1184834123222749,48,1.0092413611779945,0.8325899576820067,0.40924136117799453,0.05162459228460026,0.5416666666666666,B-total-stop,0.0026291594799999984
rubble,B,60,800,0.02,0.05,0.2,,13,0.3,0.2,2.0,20,0,0.2856145251396648,0.2772695530726257,0.33589385474860334,180.0,1.6333333333333333,0.016666666666666666,17.47783136222935,0.6592083333333333,1.0024509803921569,52,0.8929757652721736,0.7326896269629726,0.2929757652721736,0.04013588898888937,0.46153846153846156,B-total-stop,0.0028554347399995096
rubble,B,60,800,0.02,0.05,0.2,,15,0.3,0.2,2.0,20,0,0.29120111731843573,0.28124999999999994,0.41201117318435754,240.0,1.4166666666666667,0.08333333333333333,17.5801172755284,0.5438125,0.8929336188436829,47,1.0103211299517798,0.9222456287940247,0.41032112995177994,0.09092407573808725,0.6595744680851063,B-total-stop,0.002624179843751335
rubble,B,60,800,0.02,0.05,0.2,,16,0.3,0.2,2.0,20,0,0.2639664804469274,0.23041201117318438,0.3261173184357542,100.0,1.65,0.03333333333333333,16.322207716160698,0.5804375,1.128358208955224,46,0.9236832074800141,0.8305096660381193,0.32368320748001406,0.047412934649865346,0.5,B-total-stop,0.002684364271249251
rubble,B,60,800,0.02,0.05,0.2,,17,0.3,0.2,2.0,20,0,0.28002793296089384,0.2752094972067039,0.3812849162011173,280.0,1.4166666666666667,0.1,17.592617923320173,0.486,0.8813186813186813,47,0.8994575097288403,0.7438507087107226,0.29945750972884044,0.03832686323103951,0.40425531914893614,B-total-stop,0.0026349646350013246
rubble,B,60,800,0.02,0.05,0.2,,18,0.3,0.2,2.0,20,0,0.3268156424581006,0.31668994413407814,0.4127094972067039,200.0,1.6833333333333333,0.1,17.69864485635356,0.5861041666666666,1.070938215102975,49,1.0095284609386468,0.7182667697823458,0.409528460938647,0.07408466949262094,0.5918367346938775,B-total-stop,0.0026115226562501447
rubble,B,60,800,0.02,0.05,0.2,,21,0.3,0.2,2.0,20,0,0.33379888268156427,0.32880586592178773,0.433659217877095,220.0,1.5,0.03333333333333333,17.625305584356493,0.5448125,0.9835390946502057,45,1.1227213064359602,0.8487034904067785,0.5227213064359605,0.08927239964287526,0.7111111111111111,B-total-stop,0.002408275884999966
rubble,B,60,800,0.02,0.05,0.2,,19,0.3,0.2,2.0,20,0,0.2744413407821229,0.2544343575418994,0.3638268156424581,160.0,1.5333333333333334,0.0,17.650904665448202,0.5624583333333333,0.9751861042183623,50,0.8768675115646155,0.6299859909572509,0.27686751156461553,0.06628508469811623,0.6,B-total-stop,0.0027490934374986863
rubble,B,60,800,0.02,0.05,0.2,,20,0.3,0.2,2.0,20,0,0.2639664804469274,0.2337988826815643,0.37360335195530725,160.0,1.5166666666666666,0.03333333333333333,16.240330349046157,0.6187916666666666,0.9818181818181818,47,0.9593942279524027,0.835387605921546,0.3593942279524025,0.043374142627407575,0.48936170212765956,B-total-stop,0.002685883072499564
rubble,B,60,800,0.02,0.05,0.2,,22,0.3,0.2,2.0,20,0,0.2905027932960894,0.27458100558659215,0.3729050279329609,220.0,1.45,0.06666666666666667,17.666419013248138,0.4925833333333333,0.9265033407572384,47,0.96654356388939,0.7885764224544829,0.3665435638893903,0.06515475022418293,0.6808510638297872,B-total-stop,0.0025629597925012604
rubble,B,60,800,0.02,0.05,0.2,,23,0.3,0.2,2.0,20,0,0.2856145251396648,0.27122905027932964,0.4175977653631285,260.0,1.4166666666666667,0.03333333333333333,16.77272977850162,0.5309375,0.8432989690721648,42,1.0452743237704392,0.9015377736955583,0.4452743237704392,0.03818764620549647,0.42857142857142855,B-total-stop,0.002440438906248801
apartment,B,60,800,0.02,0.05,0.2,,0,0.3,0.2,2.0,20,0,0.9407552083333334,0.9232096354166668,0.9908854166666666,260.0,1.0166666666666666,0.38333333333333336,47.551149156382664,0.06541666666666666,1.0270078180525941,46,2.4370146679480023,0.10036047662945852,1.8370146679480013,1.8526262941215028,1.0,B-no-occlusion,0.0012172381250002218
apartment,B,60,800,0.02,0.05,0.2,,2,0.3,0.2,2.0,20,0,0.8912760416666666,0.8866536458333334,0.9869791666666666,240.0,0.85,0.21666666666666667,44.848725101500435,0.06708333333333333,0.965444287729196,41,2.539401537996262,0.10859086180846668,1.9394015379962617,1.935479054706089,1.0,B-no-occlusion,0.0012070723962506235
apartment,B,60,800,0.02,0.05,0.2,,1,0.3,0.2,2.0,20,0,0.9309895833333334,0.8844075520833332,0.974609375,220.0,0.8833333333333333,0.31666666666666665,47.58831807229129,0.06879166666666667,1.0228898426323318,50,2.273690482568767,0.14177116164826092,1.6736904825687668,1.7063668313501534,1.0,B-no-occlusion,0.001305012968750816
rubble,B,60,800,0.02,0.05,0.2,,24,0.3,0.2,2.0,20,0,0.3079608938547486,0.30537709497206705,0.41131284916201116,220.0,1.55,0.08333333333333333,17.89405556340766,0.635625,0.9423076923076923,52,0.9921166113971218,0.8756640237881268,0.39211661139712173,0.04345904845654458,0.4423076923076923,B-total-stop,0.0027391484375016263
rubble,B,60,800,0.02,0.05,0.2,,25,0.3,0.2,2.0,20,0,0.3170391061452514,0.2754189944134078,0.3659217877094972,260.0,1.6166666666666667,0.1,17.041473618573118,0.6321458333333333,1.1978891820580473,50,0.9959645618151474,0.8031685223657389,0.39596456181514744,0.05770274910400136,0.5,B-total-stop,0.002765926458748709
rubble,B,60,800,0.02,0.05,0.2,,26,0.3,0.2,2.0,20,0,0.31145251396648044,0.2930167597765363,0.3463687150837989,140.0,1.5833333333333333,0.15,18.199083267575848,0.5240833333333333,1.155440414507772,51,0.9219616213374693,0.567011855656223,0.3219616213374693,0.05726566428039315,0.5686274509803921,B-total-stop,0.0027659203650000565
rubble,B,60,800,0.02,0.05,0.2,,27,0.3,0.2,2.0,20,0,0.34217877094972066,0.2969972067039106,0.3861731843575419,120.0,1.4,0.05,17.798980007746884,0.5291666666666667,1.2694300518134713,50,1.0794909105605301,0.8036533450589455,0.47949091056053006,0.0668727511285046,0.6,B-total-stop,0.0027268302087486516
apartment,B,60,800,0.02,0.05,0.2,,3,0.3,0.2,2.0,20,0,0.888671875,0.8641276041666668,0.9772135416666666,200.0,1.0666666666666667,0.25,47.53254139093274,0.05527083333333333,0.9736091298145507,44,2.411822479260108,0.11890684951624707,1.8118224792601085,1.8058143423331003,1.0,B-no-occlusion,0.0012031463025004997
rubble,B,60,800,0.02,0.05,0.2,,29,0.3,0.2,2.0,20,0,0.33379888268156427,0.3341480446927374,0.4085195530726257,300.0,1.5666666666666667,0.08333333333333333,17.86761692080859,0.5270208333333334,1.0368763557483733,47,1.053067868645149,0.711420066150451,0.45306786864514886,0.08873637621806607,0.7021276595744681,B-total-stop,0.0025647517712513944
rubble,B,60,800,0.02,0.05,0.2,,28,0.3,0.2,2.0,20,0,0.31424581005586594,0.2986382681564245,0.42248603351955305,160.0,1.4833333333333334,0.1,17.657077501689464,0.6467291666666667,1.0321100917431194,51,1.0030583874769496,0.8404062411193847,0.4030583874769496,0.060892627879466366,0.6274509803921569,B-total-stop,0.0027480379174994597
apartment,B,60,800,0.02,0.05,0.2,,4,0.3,0.2,2.0,20,0,0.939453125,0.9033854166666666,0.9798177083333334,180.0,1.05,0.3,48.62144534526585,0.0688125,1.0502183406113537,50,2.3204073008702495,0.11103956460015812,1.7204073008702487,1.7162680973157138,1.0,B-no-occlusion,0.001282725416251651
apartment,B,60,800,0.02,0.05,0.2,,6,0.3,0.2,2.0,20,0,0.9251302083333334,0.89541015625,0.984375,180.0,0.8333333333333334,0.21666666666666667,47.61808096663818,0.06372916666666667,1.0193687230989956,47,2.334570294255952,0.1122110986447038,1.7345702942559522,1.7074530900620215,1.0,B-no-occlusion,0.0012526128125000468
apartment,B,60,800,0.02,0.05,0.2,,5,0.3,0.2,2.0,20,0,0.9537760416666666,0.94541015625,0.9947916666666666,240.0,0.95,0.25,49.58058132357852,0.0556875,1.0103448275862068,49,2.369958202357415,0.09023656892540301,1.769958202357415,1.8058232299777668,1.0,B-no-occlusion,0.0012595560425006625
apartment,B,60,800,0.02,0.05,0.2,,7,0.3,0.2,2.0,20,0,0.9322916666666666,0.8996419270833333,0.982421875,200.0,1.05,0.23333333333333334,48.715806415110166,0.06102083333333334,1.020669992872416,47,2.3665813470366635,0.10038452550817252,1.7665813470366638,1.8228067428619643,1.0,B-no-occlusion,0.001265708958749201
apartment,B,60,800,0.02,0.05,0.2,,8,0.3,0.2,2.0,20,0,0.955078125,0.9271484375,0.9876302083333334,220.0,1.0666666666666667,0.26666666666666666,48.54877020742471,0.06439583333333333,1.0486061472480344,49,2.3391128164056885,0.1403101474314453,1.7391128164056882,1.75574123947298,1.0,B-no-occlusion,0.0012698065112499535
apartment,B,60,800,0.02,0.05,0.2,,9,0.3,0.2,2.0,20,0,0.9440104166666666,0.9323893229166668,0.9895833333333334,220.0,1.0166666666666666,0.3,49.37655847143848,0.052520833333333336,1.0027662517289073,50,2.29308275053256,0.13307742898051264,1.69308275053256,1.6607103382045594,1.0,B-no-occlusion,0.001273055885001213
apartment,B,60,800,0.02,0.05,0.2,,10,0.3,0.2,2.0,20,0,0.9388020833333334,0.9067708333333332,0.982421875,200.0,1.0833333333333333,0.25,47.785943646278476,0.067625,1.0434153400868307,48,2.4319700825841046,0.11888189932887687,1.8319700825841043,1.8490628819160628,1.0,B-no-occlusion,0.0012862554174989781
apartment,B,60,800,0.02,0.05,0.2,,11,0.3,0.2,2.0,20,0,0.9537760416666666,0.9208984375,0.9895833333333334,240.0,0.8833333333333333,0.2833333333333333,51.22443457908801,0.06358333333333334,1.0331452750352608,51,2.2062991578054802,0.14585183370524313,1.60629915780548,1.5564494216939573,1.0,B-no-occlusion,0.0012792011450005704
apartment,B,60,800,0.02,0.05,0.2,,12,0.3,0.2,2.0,20,0,0.9537760416666666,0.9297526041666668,0.9915364583333334,220.0,0.9166666666666666,0.21666666666666667,49.35584834628299,0.07027083333333334,1.0434472934472934,51,2.274484828044269,0.1395315149645242,1.6744848280442688,1.6211255986687427,1.0,B-no-occlusion,0.001307526875000349
apartment,B,60,800,0.02,0.05,0.2,,13,0.3,0.2,2.0,20,0,0.91796875,0.9052734375,0.986328125,200.0,0.8666666666666667,0.26666666666666666,48.271277141224076,0.058770833333333335,1.010028653295129,48,2.288163377273318,0.14695559498975924,1.6881633772733178,1.7480673885081484,1.0,B-no-occlusion,0.0012392841675000455
apartment,B,60,800,0.02,0.05,0.2,,15,0.3,0.2,2.0,20,0,0.9479166666666666,0.93515625,0.9915364583333334,200.0,0.9166666666666666,0.3,49.57346013732452,0.058666666666666666,1.026074700493305,50,2.306188675786404,0.10139408851347895,1.706188675786404,1.7036666527673434,1.0,B-no-occlusion,0.0012005548437514335
apartment,B,60,800,0.02,0.05,0.2,,14,0.3,0.2,2.0,20,0,0.9205729166666666,0.9182942708333334,0.9915364583333334,280.0,0.9666666666666667,0.3,46.2079997079353,0.08258333333333333,0.9922807017543859,45,2.3985171482809564,0.12795855816570106,1.7985171482809563,1.8116824349447933,1.0,B-no-occlusion,0.0012395810412499486
apartment,B,60,800,0.02,0.05,0.2,,17,0.3,0.2,2.0,20,0,0.9322916666666666,0.9099934895833334,0.9811197916666666,220.0,0.95,0.3,47.4350353146191,0.06466666666666666,1.0177683013503909,46,2.3968709912317365,0.11785103636047367,1.7968709912317367,1.7780155880431678,1.0,B-no-occlusion,0.001179823437498726
apartment,B,60,800,0.02,0.05,0.2,,16,0.3,0.2,2.0,20,0,0.9446614583333334,0.92001953125,0.9876302083333334,240.0,0.8833333333333333,0.2,49.085199581717944,0.06816666666666667,1.0182456140350877,50,2.3314156927139376,0.10640012299761081,1.7314156927139377,1.733817392818016,1.0,B-no-occlusion,0.0012611751037502471
apartment,B,60,800,0.02,0.05,0.2,,18,0.3,0.2,2.0,20,0,0.9485677083333334,0.9214518229166668,0.9850260416666666,200.0,0.7,0.26666666666666666,47.800642868607724,0.06341666666666666,1.0504686373467917,50,2.3963143985128705,0.09992390586550044,1.7963143985128702,1.79935522504377,1.0,B-no-occlusion,0.0012862910412491145
apartment,B,60,800,0.02,0.05,0.2,,19,0.3,0.2,2.0,20,0,0.9388020833333334,0.91015625,0.9895833333333334,180.0,1.0,0.18333333333333332,49.02218543020376,0.05452083333333333,1.0190812720848057,46,2.43796762880766,0.11241563498076991,1.8379676288076603,1.8670199824190665,1.0,B-no-occlusion,0.0012244597387484645
apartment,B,60,800,0.02,0.05,0.2,,20,0.3,0.2,2.0,20,0,0.919921875,0.88955078125,0.98828125,240.0,0.9166666666666666,0.25,46.90931581851718,0.0615,0.9718019257221457,44,2.380366377920065,0.14018670201869077,1.7803663779200654,1.7110794587096325,1.0,B-no-occlusion,0.001209444009998606
apartment,B,60,800,0.02,0.05,0.2,,21,0.3,0.2,2.0,20,0,0.9147135416666666,0.9050455729166668,0.9830729166666666,200.0,1.0833333333333333,0.18333333333333332,48.77703461648027,0.06458333333333334,0.995042492917847,49,2.3057931162457,0.09365929082757717,1.7057931162457,1.708930866452282,1.0,B-no-occlusion,0.001291056041250158
apartment,B,60,800,0.02,0.05,0.2,,22,0.3,0.2,2.0,20,0,0.921875,0.9049804687499998,0.984375,200.0,1.0,0.21666666666666667,46.80377805764268,0.064875,0.9978858350951374,45,2.35555139842331,0.1386592756807586,1.7555513984233104,1.7608145900085423,1.0,B-no-occlusion,0.0012618647399995097
apartment,B,60,800,0.02,0.05,0.2,,23,0.3,0.2,2.0,20,0,0.9303385416666666,0.8845703125,0.982421875,200.0,1.0666666666666667,0.38333333333333336,48.13746232918617,0.070375,1.009180790960452,47,2.3734886359146405,0.13678436588000864,1.7734886359146413,1.7466136616084076,1.0,B-no-occlusion,0.0012698093749986582
apartment,B,60,800,0.02,0.05,0.2,,24,0.3,0.2,2.0,20,0,0.943359375,0.9320963541666666,0.990234375,220.0,1.05,0.21666666666666667,50.996694703829476,0.0570625,1.019704433497537,53,2.2799925842877187,0.11936202501368655,1.6799925842877177,1.6786045940121923,1.0,B-no-occlusion,0.0013120817187518695
apartment,B,60,800,0.02,0.05,0.2,,26,0.3,0.2,2.0,20,0,0.9524739583333334,0.9321614583333332,0.990234375,260.0,0.8333333333333334,0.38333333333333336,48.02107304764318,0.0573125,1.0117565698478561,48,2.487069997946516,0.08390609852658586,1.887069997946516,1.8738484629502241,1.0,B-no-occlusion,0.0012410408849996201
apartment,B,60,800,0.02,0.05,0.2,,25,0.3,0.2,2.0,20,0,0.9264322916666666,0.90849609375,0.986328125,200.0,0.9,0.2,47.90535768749964,0.052208333333333336,0.9902574808629088,46,2.319011366461899,0.16648444086187839,1.7190113664618991,1.7420720957296105,1.0,B-no-occlusion,0.0012762799487495613
apartment,B,60,800,0.02,0.05,0.2,,28,0.3,0.2,2.0,20,0,0.90234375,0.8744466145833334,0.978515625,260.0,1.0833333333333333,0.25,46.29335932064201,0.0605,0.9850746268656716,42,2.4922693781799063,0.08461034101543763,1.8922693781799067,1.850805089437615,1.0,B-no-occlusion,0.0012095851050003149
apartment,B,60,800,0.02,0.05,0.2,,27,0.3,0.2,2.0,20,0,0.91015625,0.8992513020833333,0.984375,220.0,1.05,0.11666666666666667,45.16602569199192,0.05875,1.0123099203475743,43,2.4553263656766062,0.09234616266707316,1.8553263656766064,1.8390676655517644,1.0,B-no-occlusion,0.001236025000000609
apartment,B,60,800,0.02,0.05,0.2,,29,0.3,0.2,2.0,20,0,0.947265625,0.9340820312499998,0.9934895833333334,220.0,0.9833333333333333,0.21666666666666667,48.99001337775443,0.0519375,1.02681721947777,48,2.3347826509309613,0.12475700362540931,1.7347826509309614,1.7912676512443886,1.0,B-no-occlusion,0.0012729787499984014
rubble,B,60,800,0.02,0.05,0.2,,0,0.3,0.2,2.0,20,0,0.7953910614525139,0.7399441340782122,0.8903631284916201,280.0,0.85,0.65,42.35413611048355,0.1085625,1.0634920634920635,46,2.21001446075761,0.21353122067617802,1.61001446075761,1.5684198383199572,1.0,B-no-occlusion,0.001292335833747984
rubble,B,60,800,0.02,0.05,0.2,,1,0.3,0.2,2.0,20,0,0.8289106145251397,0.7811801675977653,0.8973463687150838,220.0,0.9333333333333333,0.65,42.854975025530635,0.104125,1.1435452793834298,48,2.1541327553928444,0.21067254137389485,1.5541327553928446,1.5145767144515667,1.0,B-no-occlusion,0.0013297054174995536
rubble,B,60,800,0.02,0.05,0.2,,2,0.3,0.2,2.0,20,0,0.7870111731843575,0.7277932960893854,0.880586592178771,220.0,0.9166666666666666,0.45,41.84941144789845,0.09866666666666667,1.0415896487985212,47,2.151910322055863,0.24937466986366574,1.551910322055863,1.4951107019163992,1.0,B-no-occlusion,0.001313527500001328
rubble,B,60,800,0.02,0.05,0.2,,3,0.3,0.2,2.0,20,0,0.8205307262569832,0.7817388268156424,0.8896648044692738,240.0,0.9833333333333333,0.75,43.13411540428117,0.13554166666666667,1.1298076923076923,53,1.9781776716411403,0.2448973194651043,1.3781776716411398,1.3553047178554554,1.0,B-no-occlusion,0.001352059948749229
rubble,B,60,800,0.02,0.05,0.2,,4,0.3,0.2,2.0,20,0,0.7772346368715084,0.7199720670391061,0.8519553072625698,200.0,0.8166666666666667,0.7833333333333333,42.21869254937647,0.12283333333333334,1.1322482197355037,51,1.888337887140361,0.24667507745530512,1.2883378871403612,1.1580889960107874,1.0,B-no-occlusion,0.001307211822499994
rubble,B,60,800,0.02,0.05,0.2,,5,0.3,0.2,2.0,20,0,0.8205307262569832,0.7681564245810056,0.8966480446927374,320.0,1.0166666666666666,0.65,43.35988244750012,0.12233333333333334,1.0389036251105215,53,2.0209358350333395,0.2969775480302674,1.4209358350333394,1.370114303142338,1.0,B-no-occlusion,0.0013719631775006747
rubble,B,60,800,0.02,0.05,0.2,,6,0.3,0.2,2.0,20,0,0.8365921787709497,0.7814245810055865,0.8987430167597765,220.0,1.1333333333333333,0.6833333333333333,43.52795076584978,0.1165625,1.1185807656395892,49,2.1486125902203623,0.1982661498382135,1.5486125902203622,1.4973901701303802,1.0,B-no-occlusion,0.0012726567187496584
rubble,B,60,800,0.02,0.05,0.2,,7,0.3,0.2,2.0,20,0,0.8282122905027933,0.7899790502793296,0.895949720670391,260.0,1.2333333333333334,0.5666666666666667,43.69862241284227,0.11925,1.081130355515041,52,2.0790317355781065,0.2787083913593486,1.4790317355781066,1.3273933666836197,1.0,B-no-occlusion,0.0012925128649999352
rubble,B,60,800,0.02,0.05,0.2,,8,0.3,0.2,2.0,20,0,0.8016759776536313,0.7758729050279329,0.9113128491620112,260.0,1.0,0.5666666666666667,42.57220990062858,0.08664583333333334,1.0809792843691148,45,2.2098131375022105,0.23745818952599046,1.6098131375022102,1.5663682489644684,1.0,B-no-occlusion,0.0012241219262500635
rubble,B,60,800,0.02,0.05,0.2,,9,0.3,0.2,2.0,20,0,0.8324022346368715,0.7773743016759778,0.9448324022346368,260.0,0.95,0.55,44.05718193378478,0.09579166666666666,1.114018691588785,49,2.159290609510063,0.2364469562530468,1.5592906095100632,1.5180187512741088,1.0,B-no-occlusion,0.001252428125001188
rubble,B,60,800,0.02,0.05,0.2,,11,0.3,0.2,2.0,20,0,0.7688547486033519,0.7148044692737431,0.8645251396648045,240.0,1.1666666666666667,0.6833333333333333,40.845798672358434,0.10654166666666667,1.096613545816733,43,2.336807096764083,0.20194950783255483,1.7368070967640832,1.6731949359090295,1.0,B-no-occlusion,0.0012118545825001092
rubble,B,60,800,0.02,0.05,0.2,,10,0.3,0.2,2.0,20,0,0.8414804469273743,0.7954608938547486,0.9001396648044693,240.0,0.9833333333333333,0.55,43.17651655280459,0.1145,1.1531100478468899,48,2.2040757403715445,0.2125179452751949,1.6040757403715442,1.6011203746416725,1.0,B-no-occlusion,0.0012779223437519248
rubble,B,60,800,0.02,0.05,0.2,,12,0.3,0.2,2.0,20,0,0.8365921787709497,0.8083798882681567,0.9001396648044693,260.0,0.9,0.7166666666666667,44.368580487736246,0.0925,1.1102873030583873,50,2.1082059968823508,0.20535573029040063,1.5082059968823502,1.537292412327416,1.0,B-no-occlusion,0.001278426874998786
rubble,B,60,800,0.02,0.05,0.2,,13,0.3,0.2,2.0,20,0,0.8233240223463687,0.7828910614525139,0.8945530726256983,260.0,1.0333333333333334,0.4666666666666667,43.585499446417565,0.1088125,1.1060037523452158,52,2.017779923825157,0.322450277109875,1.417779923825157,1.4011062043999152,1.0,B-no-occlusion,0.0013100293749994307
rubble,B,60,800,0.02,0.05,0.2,,14,0.3,0.2,2.0,20,0,0.8079608938547486,0.7471019553072625,0.880586592178771,300.0,1.1333333333333333,0.6666666666666666,42.8097212280006,0.11685416666666666,1.0518181818181818,48,2.166457533137772,0.2270599893053351,1.5664575331377726,1.5272398663881295,1.0,B-no-occlusion,0.0013022229687499021
rubble,B,60,800,0.02,0.05,0.2,,15,0.3,0.2,2.0,20,0,0.7960893854748603,0.7595321229050279,0.88268156424581,260.0,1.1,0.6,41.588772945249914,0.102125,1.0754716981132075,48,2.1093589748070607,0.2688922578344436,1.5093589748070606,1.5418206510477082,1.0,B-no-occlusion,0.0012612239062491427
rubble,B,60,800,0.02,0.05,0.2,,16,0.3,0.2,2.0,20,0,0.8016759776536313,0.7554818435754189,0.9008379888268156,300.0,1.2333333333333334,0.6333333333333333,41.94162297670266,0.10275,1.0398550724637683,46,2.307696314255082,0.21179543728822092,1.7076963142550818,1.682638954990796,1.0,B-no-occlusion,0.0012800047912514855
rubble,B,60,800,0.02,0.05,0.2,,17,0.3,0.2,2.0,20,0,0.8205307262569832,0.7688198324022346,0.9162011173184358,280.0,0.9,0.6166666666666667,42.919037254834876,0.10572916666666667,1.102251407129456,51,2.078131585384245,0.2616232791819572,1.4781315853842447,1.552826702194536,1.0,B-no-occlusion,0.0013311741662505483
rubble,B,60,800,0.02,0.05,0.2,,18,0.3,0.2,2.0,20,0,0.7995810055865922,0.7733938547486033,0.9085195530726257,280.0,1.2833333333333334,0.6333333333333333,41.9920722131783,0.0996875,1.0259856630824373,47,2.1748357368749547,0.2723578656703045,1.5748357368749546,1.5674554319057914,1.0,B-no-occlusion,0.0012868144262483839
rubble,B,60,800,0.02,0.05,0.2,,19,0.3,0.2,2.0,20,0,0.7849162011173184,0.7515013966480447,0.869413407821229,220.0,0.9833333333333333,0.6333333333333333,42.4463491288194,0.08733333333333333,1.057384760112888,45,2.1218583577929704,0.2687732520657317,1.5218583577929703,1.4696358441486312,1.0,B-no-occlusion,0.0012753248437502407
rubble,B,60,800,0.02,0.05,0.2,,20,0.3,0.2,2.0,20,0,0.8184357541899442,0.7823324022346368,0.8945530726256983,240.0,1.0666666666666667,0.7666666666666667,43.830555433144326,0.11372916666666667,1.063520871143376,50,2.1244442285349443,0.2975768667721911,1.5244442285349442,1.5177252538255956,1.0,B-no-occlusion,0.0013300935424990711
rubble,B,60,800,0.02,0.05,0.2,,21,0.3,0.2,2.0,20,0,0.8009776536312849,0.7646298882681565,0.8736033519553073,300.0,1.1333333333333333,0.7166666666666667,41.934912338951456,0.11266666666666666,1.0630213160333641,48,2.0962493797626247,0.2322979746706791,1.4962493797626248,1.497785282507187,1.0,B-no-occlusion,0.0013043379687496782
rubble,B,60,800,0.02,0.05,0.2,,22,0.3,0.2,2.0,20,0,0.7905027932960894,0.7717527932960895,0.8875698324022346,260.0,0.9333333333333333,0.7,42.66952496177236,0.101625,1.0649106302916274,47,2.0783253857649227,0.228295102281415,1.4783253857649221,1.4837065807914547,1.0,B-no-occlusion,0.0012701973949992861
rubble,B,60,800,0.02,0.05,0.2,,23,0.3,0.2,2.0,20,0,0.8233240223463687,0.7702513966480448,0.9106145251396648,280.0,1.0666666666666667,0.5333333333333333,42.87439808670736,0.10166666666666667,1.0967441860465117,47,2.2726932848371515,0.2012563749119216,1.6726932848371519,1.5359533568895403,1.0,B-no-occlusion,0.001292437968750164
rubble,B,60,800,0.02,0.05,0.2,,24,0.3,0.2,2.0,20,0,0.8240223463687151,0.8002094972067038,0.9322625698324022,300.0,1.0666666666666667,0.6333333333333333,43.4043758699217,0.11327083333333333,1.023417172593235,46,2.190306120682187,0.23793322719976234,1.5903061206821878,1.5907711106889149,1.0,B-no-occlusion,0.0013051168225001674
rubble,B,60,800,0.02,0.05,0.2,,25,0.3,0.2,2.0,20,0,0.7772346368715084,0.7414455307262571,0.8680167597765364,220.0,1.05,0.7333333333333333,40.88894099647707,0.102625,1.0421348314606742,42,2.2840007992876012,0.2383460476111696,1.6840007992876012,1.6346936604598763,1.0,B-no-occlusion,0.001270833177500208
rubble,B,60,800,0.02,0.05,0.2,,26,0.3,0.2,2.0,20,0,0.8107541899441341,0.7567737430167597,0.8903631284916201,260.0,0.95,0.65,43.36653026032081,0.09464583333333333,1.0994318181818181,48,2.106517530633441,0.2277582413704858,1.5065175306334408,1.3309211934628464,1.0,B-no-occlusion,0.0012385154687513022
rubble,B,60,800,0.02,0.05,0.2,,27,0.3,0.2,2.0,20,0,0.8296089385474861,0.7907122905027932,0.9085195530726257,280.0,0.8666666666666667,0.5833333333333334,43.161084217938914,0.105625,1.1303520456707898,53,2.0030169905250137,0.24689417211658599,1.403016990525013,1.4325567397589567,1.0,B-no-occlusion,0.0013309547912513154
rubble,B,60,800,0.02,0.05,0.2,,28,0.3,0.2,2.0,20,0,0.8268156424581006,0.789804469273743,0.9008379888268156,260.0,1.1166666666666667,0.55,43.35156466345053,0.09920833333333333,1.0543187889581478,46,2.3076259014814355,0.18286172378667387,1.7076259014814348,1.5739841200309905,1.0,B-no-occlusion,0.001244819375001498
rubble,B,60,800,0.02,0.05,0.2,,29,0.3,0.2,2.0,20,0,0.8261173184357542,0.7946578212290503,0.8966480446927374,240.0,1.0166666666666666,0.7833333333333333,42.922048258574435,0.10858333333333334,1.1213270142180094,48,2.127329336185074,0.25372282220871684,1.5273293361850737,1.6254207287075588,1.0,B-no-occlusion,0.001274848228749761
apartment,B,60,800,0.02,0.05,0.2,,0,0.3,0.2,2.0,20,0,0.9264322916666666,0.9047851562500002,0.9908854166666666,200.0,1.0666666666666667,0.31666666666666665,51.98680030797473,0.0635,0.995104895104895,44,2.4369986432225748,0.11493293178107254,1.8369986432225744,1.828424960505509,1.0,B-no-stop,0.0012550001562499347
apartment,B,60,800,0.02,0.05,0.2,,1,0.3,0.2,2.0,20,0,0.9563802083333334,0.9320963541666668,0.9908854166666666,180.0,1.35,0.4,54.953999961655796,0.07010416666666666,1.0629522431259044,51,2.2914180578339867,0.11371229705275912,1.6914180578339872,1.6639962802008488,1.0,B-no-stop,0.0013444313537502239
apartment,B,60,800,0.02,0.05,0.2,,2,0.3,0.2,2.0,20,0,0.9615885416666666,0.9339192708333333,0.9915364583333334,260.0,1.2,0.3,53.97608427871415,0.06902083333333334,1.0292682926829269,49,2.26064555628744,0.1143523496382445,1.6606455562874398,1.6698185111158819,1.0,B-no-stop,0.0013054072387490123
apartment,B,60,800,0.02,0.05,0.2,,3,0.3,0.2,2.0,20,0,0.9329427083333334,0.915234375,0.986328125,220.0,1.2666666666666666,0.2,52.695916557659224,0.05714583333333333,1.0006983240223464,45,2.4184381950806784,0.11621997485922629,1.8184381950806778,1.8645892988136192,1.0,B-no-stop,0.0012402879687488167
apartment,B,60,800,0.02,0.05,0.2,,4,0.3,0.2,2.0,20,0,0.953125,0.9199544270833334,0.9889322916666666,180.0,1.4166666666666667,0.31666666666666665,53.202293222604816,0.06477083333333333,1.049462365591398,47,2.3666370970863637,0.12236370451255943,1.766637097086364,1.7193719832562109,1.0,B-no-stop,0.001268009843749951
apartment,B,60,800,0.02,0.05,0.2,,5,0.3,0.2,2.0,20,0,0.9342447916666666,0.9165690104166666,0.990234375,240.0,1.3166666666666667,0.26666666666666666,53.680251698828485,0.06110416666666667,0.9951456310679611,47,2.365379668698839,0.10107702774904363,1.7653796686988388,1.7909837655195489,1.0,B-no-stop,0.00124707161500055
apartment,B,60,800,0.02,0.05,0.2,,6,0.3,0.2,2.0,20,0,0.9290364583333334,0.9302083333333332,0.9915364583333334,220.0,1.3,0.3333333333333333,54.15681891602336,0.05639583333333333,0.9875432525951557,48,2.290243518542551,0.10131126221648207,1.6902435185425506,1.665798479072233,1.0,B-no-stop,0.0012694186974999866
apartment,B,60,800,0.02,0.05,0.2,,7,0.3,0.2,2.0,20,0,0.9290364583333334,0.9028971354166666,0.9798177083333334,200.0,1.1666666666666667,0.4666666666666667,53.793100230501636,0.06220833333333333,0.9937325905292479,47,2.306596302696588,0.15469047077586617,1.7065963026965882,1.6519880856240534,1.0,B-no-stop,0.0012626113537498895
apartment,B,60,800,0.02,0.05,0.2,,8,0.3,0.2,2.0,20,0,0.951171875,0.9243489583333332,0.9915364583333334,220.0,1.2,0.38333333333333336,54.52381092165647,0.062,1.0252631578947369,49,2.328497588405269,0.12021786697529589,1.728497588405269,1.729984693258364,1.0,B-no-stop,0.001273295261248677
apartment,B,60,800,0.02,0.05,0.2,,9,0.3,0.2,2.0,20,0,0.962890625,0.9331705729166666,0.9915364583333334,240.0,1.2166666666666666,0.3,55.550436480699894,0.0710625,1.040084388185654,51,2.3547832087970506,0.10659103147092654,1.7547832087970505,1.7306250253988011,1.0,B-no-stop,0.0013056395825014988
apartment,B,60,800,0.02,0.05,0.2,,10,0.3,0.2,2.0,20,0,0.9270833333333334,0.9050130208333332,0.9895833333333334,200.0,1.3333333333333333,0.2,52.39750955901222,0.06497916666666667,1.0142450142450143,45,2.4400411948970415,0.08617412311126443,1.8400411948970414,1.8363580449344563,1.0,B-no-stop,0.001275028281249888
apartment,B,60,800,0.02,0.05,0.2,,11,0.3,0.2,2.0,20,0,0.9283854166666666,0.9198567708333336,0.990234375,220.0,1.1166666666666667,0.21666666666666667,53.48588294313467,0.0618125,0.9780521262002743,46,2.3866953969388573,0.10290973608889892,1.786695396938857,1.8316716802221964,1.0,B-no-stop,0.0012480192699990767
apartment,B,60,800,0.02,0.05,0.2,,14,0.3,0.2,2.0,20,0,0.9153645833333334,0.8932942708333333,0.990234375,240.0,1.3666666666666667,0.2,50.676321199530044,0.060083333333333336,0.979108635097493,41,2.4809099748348435,0.11839023362603987,1.8809099748348432,1.7855773937830959,1.0,B-no-stop,0.0012099271362490073
apartment,B,60,800,0.02,0.05,0.2,,13,0.3,0.2,2.0,20,0,0.9016927083333334,0.9064778645833332,0.982421875,240.0,1.2666666666666666,0.23333333333333334,50.80201899366583,0.06125,0.963143254520167,44,2.4265204106073615,0.11403258664110923,1.8265204106073616,1.87146758251816,1.0,B-no-stop,0.0012340937499993744
apartment,B,60,800,0.02,0.05,0.2,,12,0.3,0.2,2.0,20,0,0.9765625,0.9678385416666666,0.99609375,240.0,1.3833333333333333,0.2833333333333333,57.31697626405785,0.06516666666666666,1.04675505931612,54,2.199173118348275,0.16334838624708667,1.5991731183482745,1.6244534769949428,1.0,B-no-stop,0.0013555821349996223
apartment,B,60,800,0.02,0.05,0.2,,15,0.3,0.2,2.0,20,0,0.9720052083333334,0.951302083333333,0.994140625,260.0,1.2833333333333334,0.4666666666666667,56.96859098024907,0.058604166666666666,1.0191126279863483,52,2.278041422442991,0.12605042880636383,1.6780414224429907,1.6568703824047706,1.0,B-no-stop,0.0013680922912499226
apartment,B,60,800,0.02,0.05,0.2,,16,0.3,0.2,2.0,20,0,0.951171875,0.9375325520833334,0.9928385416666666,240.0,1.25,0.35,54.63312987984807,0.06691666666666667,1.0369056068133427,50,2.3004608449047037,0.11269568270089657,1.7004608449047034,1.699519527767127,1.0,B-no-stop,0.0013454360937498677
apartment,B,60,800,0.02,0.05,0.2,,17,0.3,0.2,2.0,20,0,0.9264322916666666,0.9098307291666666,0.9837239583333334,220.0,1.2166666666666666,0.36666666666666664,53.575963315760866,0.07610416666666667,1.0070771408351025,48,2.3394850836746026,0.10475196251570788,1.7394850836746028,1.6746513152264708,1.0,B-no-stop,0.0013255776037522083
apartment,B,60,800,0.02,0.05,0.2,,18,0.3,0.2,2.0,20,0,0.9622395833333334,0.95048828125,0.994140625,220.0,0.95,0.55,56.880437922503496,0.06672916666666667,1.04822695035461,53,2.244935268590327,0.11793863279153159,1.6449352685903267,1.6121129543478836,1.0,B-no-stop,0.001337555417501335
apartment,B,60,800,0.02,0.05,0.2,,19,0.3,0.2,2.0,20,0,0.9368489583333334,0.9146158854166666,0.9908854166666666,260.0,1.2166666666666666,0.5166666666666667,54.08331515916593,0.06620833333333333,1.013380281690141,48,2.3752906919954806,0.12526651115597667,1.7752906919954803,1.797864826953711,1.0,B-no-stop,0.001269263072499598
apartment,B,60,800,0.02,0.05,0.2,,20,0.3,0.2,2.0,20,0,0.9661458333333334,0.942578125,0.98828125,200.0,1.05,0.43333333333333335,56.51131714995952,0.0715625,1.0248618784530388,54,2.2559440307971905,0.09870643275647871,1.6559440307971907,1.6630537699906156,1.0,B-no-stop,0.0013931684899989704
apartment,B,60,800,0.02,0.05,0.2,,21,0.3,0.2,2.0,20,0,0.9147135416666666,0.8909830729166668,0.9817708333333334,240.0,1.2666666666666666,0.31666666666666665,51.835659598224225,0.062125,0.9777313848295058,44,2.423082167510871,0.09877157747839677,1.8230821675108708,1.7837350954321358,1.0,B-no-stop,0.0012392077599997719
apartment,B,60,800,0.02,0.05,0.2,,22,0.3,0.2,2.0,20,0,0.9772135416666666,0.9548828125000002,0.9967447916666666,220.0,1.15,0.5333333333333333,56.234950777411036,0.06947916666666666,1.0683274021352314,52,2.26742518280583,0.16233594432150492,1.6674251828058297,1.6810364266481752,1.0,B-no-stop,0.0013597944787488814
apartment,B,60,800,0.02,0.05,0.2,,23,0.3,0.2,2.0,20,0,0.9251302083333334,0.92939453125,0.9908854166666666,220.0,1.1666666666666667,0.3333333333333333,54.57348917309413,0.058895833333333335,0.9752916952642416,48,2.3047100786318357,0.09923874151701295,1.7047100786318357,1.6918240110425233,1.0,B-no-stop,0.00129372713624889
apartment,B,60,800,0.02,0.05,0.2,,24,0.3,0.2,2.0,20,0,0.9518229166666666,0.94384765625,0.9928385416666666,200.0,1.0833333333333333,0.43333333333333335,56.15219730058278,0.06277083333333333,1.0216631726065688,51,2.2117030472824557,0.1227782374349906,1.6117030472824554,1.5823815260633287,1.0,B-no-stop,0.001339107551250436
apartment,B,60,800,0.02,0.05,0.2,,25,0.3,0.2,2.0,20,0,0.93359375,0.92685546875,0.9895833333333334,240.0,1.2333333333333334,0.2833333333333333,55.121204409079425,0.056625,0.9801777170198223,49,2.299671672395314,0.12753000060411626,1.6996716723953142,1.7501637594371133,1.0,B-no-stop,0.0012791125512512736
apartment,B,60,800,0.02,0.05,0.2,,26,0.3,0.2,2.0,20,0,0.9596354166666666,0.9464192708333334,0.9934895833333334,240.0,1.45,0.38333333333333336,55.70820725961643,0.06202083333333333,1.0193637621023512,51,2.3675703670690753,0.10062257563548525,1.7675703670690757,1.7593280286061632,1.0,B-no-stop,0.0013131238012510948
apartment,B,60,800,0.02,0.05,0.2,,27,0.3,0.2,2.0,20,0,0.9303385416666666,0.9262369791666668,0.9908854166666666,240.0,1.3166666666666667,0.26666666666666666,52.663874540223674,0.060625,0.9868784530386739,45,2.4421235883386916,0.10438296290859017,1.8421235883386913,1.8340116668006923,1.0,B-no-stop,0.0012348782812500758
apartment,B,60,800,0.02,0.05,0.2,,28,0.3,0.2,2.0,20,0,0.9290364583333334,0.91396484375,0.990234375,240.0,1.3666666666666667,0.43333333333333335,52.922428972770795,0.06302083333333333,1.00140350877193,47,2.377535727772838,0.09466654295943713,1.7775357277728365,1.7603862860480137,1.0,B-no-stop,0.0012844641674996638
apartment,B,60,800,0.02,0.05,0.2,,29,0.3,0.2,2.0,20,0,0.9583333333333334,0.9386393229166666,0.9908854166666666,200.0,1.1666666666666667,0.45,55.405362234922556,0.06933333333333333,1.0116838487972508,50,2.3471089039747546,0.0925497202413924,1.7471089039747552,1.7377432467355294,1.0,B-no-stop,0.0012774277599987727
rubble,B,60,800,0.02,0.05,0.2,,0,0.3,0.2,2.0,20,0,0.7981843575418994,0.7636173184357541,0.8791899441340782,260.0,1.2,0.8666666666666667,48.37054501758305,0.10889583333333333,1.0288028802880287,48,2.113460160589583,0.2546654725296576,1.5134601605895834,1.3891761171962682,1.0,B-no-stop,0.0013257155212500038
rubble,B,60,800,0.02,0.05,0.2,,1,0.3,0.2,2.0,20,0,0.8051675977653632,0.7685405027932961,0.8938547486033519,280.0,1.2666666666666666,1.0,47.42253820655675,0.11908333333333333,1.0568285976168654,51,1.9883492344371694,0.3044694373423823,1.3883492344371697,1.429993578769944,1.0,B-no-stop,0.0013494613025000035
rubble,B,60,800,0.02,0.05,0.2,,2,0.3,0.2,2.0,20,0,0.869413407821229,0.811627094972067,0.9252793296089385,260.0,1.1333333333333333,0.9166666666666666,47.972213542407516,0.12252083333333333,1.1679174484052532,49,2.1688754407027617,0.2215762031995562,1.5688754407027612,1.5379045256418076,1.0,B-no-stop,0.0013502989062499182
rubble,B,60,800,0.02,0.05,0.2,,3,0.3,0.2,2.0,20,0,0.8240223463687151,0.7874650837988826,0.9043296089385475,300.0,1.45,0.9666666666666667,47.81373295734279,0.1081875,1.0865561694290977,50,2.1100786526132413,0.21775307466833974,1.5100786526132408,1.3624725681987708,1.0,B-no-stop,0.0013258114062500682
rubble,B,60,800,0.02,0.05,0.2,,4,0.3,0.2,2.0,20,0,0.7772346368715084,0.7509427374301676,0.848463687150838,280.0,1.3,0.7333333333333333,45.96893737421932,0.133375,1.0440900562851783,46,1.9877796437930872,0.26410594921737596,1.387779643793087,1.3925244758875044,1.0,B-no-stop,0.0013299689062500875
rubble,B,60,800,0.02,0.05,0.2,,5,0.3,0.2,2.0,20,0,0.821927374301676,0.7887918994413408,0.8931564245810056,320.0,1.35,0.5166666666666667,48.39520441098453,0.11022916666666667,1.0719489981785062,48,2.1104573212122597,0.22473666142524382,1.5104573212122598,1.407906178957879,1.0,B-no-stop,0.001370642708750438
rubble,B,60,800,0.02,0.05,0.2,,6,0.3,0.2,2.0,20,0,0.8547486033519553,0.8293645251396649,0.9392458100558659,320.0,1.4166666666666667,0.8333333333333334,47.6046445841575,0.1468125,1.0497427101200687,49,2.1593177627912037,0.21269262976712053,1.559317762791204,1.4555860186378986,1.0,B-no-stop,0.0013963145837510638
rubble,B,60,800,0.02,0.05,0.2,,7,0.3,0.2,2.0,20,0,0.7953910614525139,0.7434008379888268,0.8840782122905028,280.0,1.65,0.7666666666666667,47.19372728934455,0.12985416666666666,1.0242805755395683,47,2.100233750725228,0.27752423240978225,1.5002337507252277,1.407800541788868,1.0,B-no-stop,0.001360314791249948
rubble,B,60,800,0.02,0.05,0.2,,8,0.3,0.2,2.0,20,0,0.8065642458100558,0.7695181564245809,0.8952513966480447,300.0,1.1833333333333333,0.7833333333333333,47.09420554743783,0.10177083333333334,1.0528714676390154,46,2.177329770538014,0.2505375666640853,1.5773297705380143,1.6135432705939328,1.0,B-no-stop,0.0013037180724995779
rubble,B,60,800,0.02,0.05,0.2,,9,0.3,0.2,2.0,20,0,0.8205307262569832,0.7803072625698324,0.9050279329608939,300.0,1.1666666666666667,0.95,48.73313793604168,0.10770833333333334,1.1116367076631977,51,2.001853476735109,0.2883072416150767,1.4018534767351083,1.35267394827962,1.0,B-no-stop,0.0013843158337499518
rubble,B,60,800,0.02,0.05,0.2,,10,0.3,0.2,2.0,20,0,0.8051675977653632,0.7716480446927375,0.8777932960893855,260.0,1.3166666666666667,0.8833333333333333,47.87135335256003,0.1136875,1.0745573159366264,50,2.0740808187155766,0.3074510529951902,1.4740808187155765,1.3982542429646636,1.0,B-no-stop,0.0013990465100005168
rubble,B,60,800,0.02,0.05,0.2,,11,0.3,0.2,2.0,20,0,0.8365921787709497,0.794622905027933,0.9008379888268156,260.0,1.4833333333333334,0.6833333333333333,49.10669069517256,0.11814583333333334,1.1619786614936956,53,1.9877482584871975,0.25087798734273786,1.3877482584871978,1.4058233154985627,1.0,B-no-stop,0.0013979578649991708
rubble,B,60,800,0.02,0.05,0.2,,12,0.3,0.2,2.0,20,0,0.8289106145251397,0.7810405027932962,0.8938547486033519,240.0,1.3833333333333333,0.8,47.70898639880613,0.09804166666666667,1.116650987770461,48,2.204006962313146,0.21492272699070075,1.6040069623131459,1.6042700414206745,1.0,B-no-stop,0.0013473239062500397
rubble,B,60,800,0.02,0.05,0.2,,13,0.3,0.2,2.0,20,0,0.8009776536312849,0.7699371508379889,0.8743016759776536,280.0,1.2833333333333334,0.7,47.81255750662957,0.11035416666666667,1.0861742424242424,48,1.988335582259835,0.21178290803010288,1.3883355822598353,1.4136932375568536,1.0,B-no-stop,0.00135686494750189
rubble,B,60,800,0.02,0.05,0.2,,14,0.3,0.2,2.0,20,0,0.7828212290502793,0.7583449720670391,0.8770949720670391,300.0,1.3833333333333333,0.8,45.12634651485431,0.12508333333333332,1.048643592142189,46,2.2309747608426678,0.2258182598238145,1.6309747608426677,1.5730582160071052,1.0,B-no-stop,0.0013730995824994352
rubble,B,60,800,0.02,0.05,0.2,,15,0.3,0.2,2.0,20,0,0.848463687150838,0.7863477653631283,0.9155027932960894,280.0,1.35,0.9,48.94035736953766,0.10947916666666667,1.1229205175600738,50,2.1990854072081056,0.23457634554700998,1.5990854072081055,1.5188845219103446,1.0,B-no-stop,0.0013683561974994517
rubble,B,60,800,0.02,0.05,0.2,,16,0.3,0.2,2.0,20,0,0.8149441340782123,0.7434008379888268,0.8910614525139665,300.0,1.3833333333333333,1.0,46.37873736487382,0.12660416666666666,1.1210374639769451,46,2.1726292991315437,0.1928534366024118,1.5726292991315434,1.5415514215635708,1.0,B-no-stop,0.001391952551250597
rubble,B,60,800,0.02,0.05,0.2,,17,0.3,0.2,2.0,20,0,0.7688547486033519,0.7134427374301676,0.8470670391061452,240.0,1.3333333333333333,1.0,47.10467444118831,0.09702083333333333,1.0436018957345972,47,2.056855492650178,0.2238063998681841,1.4568554926501776,1.3623064970879484,1.0,B-no-stop,0.0013782103125004142
rubble,B,60,800,0.02,0.05,0.2,,18,0.3,0.2,2.0,20,0,0.784217877094972,0.7493365921787711,0.8798882681564246,320.0,1.5333333333333334,0.85,45.512597213638045,0.1384375,1.015370705244123,49,2.108713800174059,0.2304438976975652,1.5087138001740594,1.3393242468777853,1.0,B-no-stop,0.001453172812498451
rubble,B,60,800,0.02,0.05,0.2,,19,0.3,0.2,2.0,20,0,0.8372905027932961,0.794413407821229,0.9043296089385475,280.0,1.2,0.8166666666666667,48.2705755184598,0.09975,1.0850678733031676,47,2.2257792948166855,0.1944265987373972,1.625779294816686,1.5596844101324945,1.0,B-no-stop,0.001363779999999224
rubble,B,60,800,0.02,0.05,0.2,,20,0.3,0.2,2.0,20,0,0.8142458100558659,0.7543994413407821,0.9120111731843575,240.0,1.4166666666666667,0.8833333333333333,48.09833002344352,0.11147916666666667,1.053297199638663,49,2.046101132967446,0.2797838058926885,1.4461011329674458,1.5045142753115188,1.0,B-no-stop,0.0013623107812509262
rubble,B,60,800,0.02,0.05,0.2,,21,0.3,0.2,2.0,20,0,0.8289106145251397,0.8084497206703911,0.909217877094972,280.0,1.3833333333333333,0.8333333333333334,48.660446103780785,0.10904166666666666,1.0869963369963371,51,1.9867923005880175,0.2733378415695897,1.3867923005880174,1.4410482472493622,1.0,B-no-stop,0.0014101040112518603
rubble,B,60,800,0.02,0.05,0.2,,22,0.3,0.2,2.0,20,0,0.8191340782122905,0.7984986033519552,0.8980446927374302,220.0,1.4333333333333333,0.75,47.227034034432066,0.1138125,1.0901486988847582,48,2.0719794634481796,0.2507098881488026,1.4719794634481798,1.5664103695021674,1.0,B-no-stop,0.0013882286450007087
rubble,B,60,800,0.02,0.05,0.2,,23,0.3,0.2,2.0,20,0,0.7667597765363129,0.7181215083798883,0.8770949720670391,280.0,1.4833333333333334,0.6666666666666666,47.26382166766236,0.11935416666666666,0.9847533632286996,51,1.8740627565105996,0.2888371992618768,1.2740627565105995,1.2007896788562773,1.0,B-no-stop,0.001401397656250083
rubble,B,60,800,0.02,0.05,0.2,,25,0.3,0.2,2.0,20,0,0.8358938547486033,0.8013966480446927,0.9203910614525139,260.0,1.2333333333333334,0.8833333333333333,49.037021011776346,0.117,1.0911577028258888,49,2.11898971907364,0.25593124851373594,1.5189897190736397,1.5026254603045213,1.0,B-no-stop,0.0013402250000012828
rubble,B,60,800,0.02,0.05,0.2,,24,0.3,0.2,2.0,20,0,0.8233240223463687,0.7916550279329609,0.9099162011173184,280.0,1.4166666666666667,0.9666666666666667,48.2930348090224,0.12364583333333333,1.0631199278629395,52,2.0475043218431384,0.2781096145908377,1.447504321843139,1.370252851017382,1.0,B-no-stop,0.0014035149475012077
rubble,B,60,800,0.02,0.05,0.2,,26,0.3,0.2,2.0,20,0,0.8037709497206704,0.7545740223463687,0.8966480446927374,240.0,1.3666666666666667,0.8833333333333333,47.1789670426413,0.12547916666666667,1.061808118081181,48,2.155857521781639,0.22326969844353317,1.5558575217816386,1.4998875705318877,1.0,B-no-stop,0.0013369028650004112
apartment,RW,60,800,0.02,0.05,0.2,,0,0.3,0.2,2.0,20,0,0.607421875,0.56279296875,0.9641927083333334,260.0,7.466666666666667,0.5333333333333333,64.4269635959782,0.17297916666666666,0.9201183431952663,48,1.521210123346803,0.6074753315494755,0.9212101233468027,0.6599633545034105,0.9166666666666666,RW,0.0005704785937496126
apartment,RW,60,800,0.02,0.05,0.2,,1,0.3,0.2,2.0,20,0,0.580078125,0.5250325520833334,0.8958333333333334,220.0,8.316666666666666,0.5166666666666667,60.77439371714344,0.18977083333333333,1.0148063781321184,47,1.5898783563181507,0.6702722349378453,0.9898783563181502,0.842335263920705,0.8723404255319149,RW,0.0005515081775001818
rubble,B,60,800,0.02,0.05,0.2,,27,0.3,0.2,2.0,20,0,0.8100558659217877,0.7467178770949721,0.9064245810055865,280.0,1.0833333333333333,0.9,47.164797763414256,0.10985416666666667,1.0574293527803098,45,2.254393818930614,0.24108326922253723,1.6543938189306144,1.5797693940835682,1.0,B-no-stop,0.0012969281250002497
apartment,RW,60,800,0.02,0.05,0.2,,2,0.3,0.2,2.0,20,0,0.5657552083333334,0.5493489583333333,0.935546875,260.0,8.35,0.7833333333333333,63.23061300120535,0.19195833333333334,1.0546116504854368,49,1.2715008652702955,0.6688378470535661,0.6715008652702954,0.30383629901777787,0.8775510204081632,RW,0.0005786186462501064
apartment,RW,60,800,0.02,0.05,0.2,,3,0.3,0.2,2.0,20,0,0.595703125,0.6297526041666667,0.9759114583333334,340.0,7.716666666666667,0.7166666666666667,65.92511877381762,0.18729166666666666,1.0189309576837418,52,1.4736470207360362,0.6242589618931933,0.8736470207360363,0.7624941298116017,0.9230769230769231,RW,0.0005583454162501766
apartment,RW,60,800,0.02,0.05,0.2,,4,0.3,0.2,2.0,20,0,0.6100260416666666,0.5844726562499999,0.9322916666666666,260.0,7.683333333333334,0.5833333333333334,63.44000912924113,0.19122916666666667,1.049272116461366,48,1.578345636975935,0.7316122226380295,0.978345636975935,0.4093226035680474,0.875,RW,0.0005709601562489297
rubble,B,60,800,0.02,0.05,0.2,,28,0.3,0.2,2.0,20,0,0.7995810055865922,0.76106843575419,0.914804469273743,280.0,1.4166666666666667,0.8166666666666667,47.20005042755955,0.119,1.0504587155963303,48,2.164082280443448,0.3123864416428643,1.5640822804434478,1.5911119367502498,1.0,B-no-stop,0.001346728437499678
apartment,RW,60,800,0.02,0.05,0.2,,5,0.3,0.2,2.0,20,0,0.6022135416666666,0.5522786458333334,0.900390625,260.0,6.816666666666666,0.6,58.98332960970404,0.183375,1.0559360730593608,45,1.5593817344478007,0.6774616895841727,0.9593817344478006,0.6879310001668134,0.9555555555555556,RW,0.0005588734375010062
rubble,B,60,800,0.02,0.05,0.2,,29,0.3,0.2,2.0,20,0,0.8554469273743017,0.7987430167597764,0.9231843575418994,280.0,1.4,1.0333333333333334,47.976141022203024,0.12485416666666667,1.091800356506239,48,2.249775854113563,0.21285829036750945,1.6497758541135632,1.5809967144392014,1.0,B-no-stop,0.001346609896249902
apartment,RW,60,800,0.02,0.05,0.2,,6,0.3,0.2,2.0,20,0,0.5598958333333334,0.5560872395833334,0.9427083333333334,340.0,7.783333333333333,0.55,57.54106700927938,0.19639583333333333,0.979498861047836,44,1.5680308223181476,0.7064726494174142,0.9680308223181474,0.7427705581832883,0.8181818181818182,RW,0.0005576207812487155
apartment,RW,60,800,0.02,0.05,0.2,,7,0.3,0.2,2.0,20,0,0.525390625,0.5185221354166667,0.9635416666666666,320.0,8.05,0.75,61.6091429210654,0.18395833333333333,0.8917127071823204,46,1.4130107657055857,0.5185886755172474,0.8130107657055857,0.6706528377557697,1.0,RW,0.0005668601050001598
apartment,RW,60,800,0.02,0.05,0.2,,8,0.3,0.2,2.0,20,0,0.5970052083333334,0.49189453125,0.8899739583333334,140.0,8.633333333333333,0.7,60.393365128667284,0.20072916666666665,1.2789400278940029,45,1.6348643030079817,0.5379553514959154,1.0348643030079818,0.9984130546311593,0.9111111111111111,RW,0.0005831366150005124
apartment,RW,60,800,0.02,0.05,0.2,,9,0.3,0.2,2.0,20,0,0.5442708333333334,0.54501953125,0.8860677083333334,340.0,7.15,0.5333333333333333,61.931701994950934,0.16879166666666667,0.9609195402298851,45,1.5241215379903774,0.7086694783627804,0.9241215379903777,0.337907634227803,0.9555555555555556,RW,0.0005599872400011918
apartment,RW,60,800,0.02,0.05,0.2,,10,0.3,0.2,2.0,20,0,0.58984375,0.51064453125,0.9049479166666666,320.0,7.9,0.4666666666666667,61.50838370194525,0.19408333333333333,1.0342465753424657,44,1.7188800421274366,0.6445710226224481,1.1188800421274365,0.7918861407222075,0.9090909090909091,RW,0.0005655465100016954
apartment,RW,60,800,0.02,0.05,0.2,,11,0.3,0.2,2.0,20,0,0.6145833333333334,0.6011067708333334,0.9029947916666666,280.0,7.533333333333333,0.7333333333333333,64.52694181067223,0.1735,1.024972855591748,49,1.4143004556981869,0.5449203427697018,0.814300455698187,0.5682144767901068,0.8979591836734694,RW,0.0005776161462495111
apartment,RW,60,800,0.02,0.05,0.2,,12,0.3,0.2,2.0,20,0,0.6106770833333334,0.58818359375,0.830078125,260.0,7.883333333333334,0.65,66.71885151149871,0.1870625,1.1113744075829386,51,1.3037758927461778,0.7675565224755453,0.7037758927461779,0.28284492895379887,0.8431372549019608,RW,0.0005817497399993954
apartment,RW,60,800,0.02,0.05,0.2,,14,0.3,0.2,2.0,20,0,0.560546875,0.5431640625,0.8255208333333334,260.0,7.783333333333333,0.6166666666666667,62.08885922518888,0.18004166666666666,1.0436363636363637,46,1.4612195631634282,0.6302329878017917,0.8612195631634283,0.7318624807230215,0.9565217391304348,RW,0.0005693344275005074
apartment,RW,60,800,0.02,0.05,0.2,,13,0.3,0.2,2.0,20,0,0.623046875,0.6119466145833333,0.9576822916666666,360.0,7.183333333333334,0.6,61.8029396122228,0.18725,1.0924657534246576,49,1.4820220611769477,0.7192745094335791,0.8820220611769475,0.470575609525436,0.8571428571428571,RW,0.0005892666662498414
apartment,RW,60,800,0.02,0.05,0.2,,15,0.3,0.2,2.0,20,0,0.4622395833333333,0.48974609375,0.865234375,380.0,8.6,0.4666666666666667,57.8550480618511,0.1909375,0.8022598870056497,42,1.4581830929404924,0.6919147635953311,0.8581830929404923,0.49393085778222734,0.9047619047619048,RW,0.0005714666149992809
apartment,RW,60,800,0.02,0.05,0.2,,16,0.3,0.2,2.0,20,0,0.568359375,0.5566731770833333,0.916015625,220.0,7.733333333333333,0.6166666666666667,64.31985388057342,0.18591666666666667,1.0646341463414635,50,1.1410212155363373,0.5263052402473208,0.5410212155363372,0.23437616151136165,0.92,RW,0.0005690189062511308
apartment,RW,60,800,0.02,0.05,0.2,,17,0.3,0.2,2.0,20,0,0.6282552083333334,0.5477864583333334,0.9140625,300.0,7.35,0.7666666666666667,58.91188492169114,0.1871875,1.0534934497816595,45,1.5989865481843828,0.6061861728059509,0.9989865481843826,0.5328181951260486,0.9111111111111111,RW,0.0005753259375001108
apartment,RW,60,800,0.02,0.05,0.2,,18,0.3,0.2,2.0,20,0,0.6061197916666666,0.5703125,0.9537760416666666,320.0,7.25,0.6333333333333333,64.99068070612739,0.16966666666666666,0.9432624113475176,48,1.4835277112035286,0.4554577679252492,0.8835277112035289,0.7992447764515641,0.9583333333333334,RW,0.0005993173962497167
apartment,RW,60,800,0.02,0.05,0.2,,19,0.3,0.2,2.0,20,0,0.5475260416666666,0.5117513020833332,0.8684895833333334,300.0,7.933333333333334,0.95,61.1433082793241,0.18070833333333333,0.9940898345153664,42,1.6272772386273442,0.7275978611881309,1.027277238627344,0.632153423620248,0.9047619047619048,RW,0.0005689705725012573
apartment,RW,60,800,0.02,0.05,0.2,,20,0.3,0.2,2.0,20,0,0.640625,0.5223307291666667,0.9661458333333334,300.0,7.066666666666666,0.45,59.81222540641434,0.181375,1.0848952590959207,43,1.951945846578002,0.5206998483060948,1.3519458465780019,1.3381733184384035,0.9069767441860465,RW,0.0005792159899988291
apartment,RW,60,800,0.02,0.05,0.2,,21,0.3,0.2,2.0,20,0,0.5807291666666666,0.5633138020833333,0.892578125,340.0,6.85,0.5833333333333334,58.64518261334019,0.17414583333333333,0.9966480446927374,47,1.48496282983815,0.6514935939512941,0.8849628298381501,0.5406125328784307,0.9574468085106383,RW,0.0005738422399986121
apartment,RW,60,800,0.02,0.05,0.2,,22,0.3,0.2,2.0,20,0,0.583984375,0.5600911458333333,0.9342447916666666,300.0,7.7,0.65,61.48133985827383,0.17877083333333332,0.9988864142538976,46,1.4563123087199412,0.6380061105454724,0.8563123087199412,0.5848666171701425,1.0,RW,0.0005689783337516019
apartment,RW,60,800,0.02,0.05,0.2,,23,0.3,0.2,2.0,20,0,0.5227864583333334,0.5480143229166666,0.8619791666666666,340.0,7.566666666666666,0.8,63.0667078250519,0.178625,0.8690476190476191,48,1.2082193339554677,0.5935562198247424,0.6082193339554677,0.2888789225552862,0.875,RW,0.0005762564062501952
apartment,RW,60,800,0.02,0.05,0.2,,24,0.3,0.2,2.0,20,0,0.654296875,0.58076171875,0.86328125,280.0,8.4,0.7166666666666667,65.99917689762125,0.20752083333333332,1.2917737789203085,50,1.5671254328961757,0.6966283366984043,0.9671254328961758,0.6808185485366961,0.88,RW,0.0005830411987494699
apartment,RW,60,800,0.02,0.05,0.2,,25,0.3,0.2,2.0,20,0,0.5859375,0.5400390625,0.96484375,300.0,8.05,0.8,62.474247699991,0.1868125,0.9554140127388535,48,1.4856094838586589,0.6284565799387112,0.8856094838586586,0.41153459994761443,0.9583333333333334,RW,0.0005798438024999087
apartment,RW,60,800,0.02,0.05,0.2,,26,0.3,0.2,2.0,20,0,0.6145833333333334,0.5967773437500001,0.947265625,280.0,7.9,0.8166666666666667,65.60685746196617,0.18679166666666666,1.104093567251462,50,1.4861242677022828,0.5111280148175025,0.8861242677022828,0.7598592974928043,0.92,RW,0.000575450208748407
apartment,RW,60,800,0.02,0.05,0.2,,28,0.3,0.2,2.0,20,0,0.6569010416666666,0.6079427083333332,0.9563802083333334,280.0,7.566666666666666,0.7333333333333333,63.98136030675809,0.17983333333333335,1.2171290711700844,52,1.2916511443243617,0.5210828867601962,0.6916511443243615,0.4247650266524271,1.0,RW,0.0005837436975002675
apartment,RW,60,800,0.02,0.05,0.2,,27,0.3,0.2,2.0,20,0,0.61328125,0.57646484375,0.978515625,320.0,7.75,0.8,66.91820250191024,0.18014583333333334,0.9429429429429429,52,1.2434117949707466,0.5227322582547996,0.6434117949707464,0.40809865424589453,0.9230769230769231,RW,0.0005986440624997158
apartment,RW,60,800,0.02,0.05,0.2,,29,0.3,0.2,2.0,20,0,0.5735677083333334,0.5720703125,0.923828125,240.0,7.3,0.7333333333333333,65.75167756317033,0.17808333333333334,0.9756367663344409,49,1.3358021764902543,0.5701531818696625,0.7358021764902545,0.4054017668011235,0.8775510204081632,RW,0.0005748268750016905
rubble,RW,60,800,0.02,0.05,0.2,,0,0.3,0.2,2.0,20,0,0.513268156424581,0.49343575418994423,0.8051675977653632,220.0,7.316666666666666,1.3666666666666667,50.88630016274492,0.189125,0.9722222222222222,45,1.2815581797756097,0.5712673593323296,0.6815581797756097,0.4111616470518532,0.8,RW,0.0005679467187496811
rubble,RW,60,800,0.02,0.05,0.2,,2,0.3,0.2,2.0,20,0,0.5384078212290503,0.5490921787709497,0.8575418994413407,280.0,7.466666666666667,1.7833333333333334,53.13240027646771,0.1775625,0.9577639751552796,46,1.4394145746830629,0.5703946909953951,0.8394145746830629,0.5837423193755183,0.9565217391304348,RW,0.0005629748437513627
rubble,RW,60,800,0.02,0.05,0.2,,1,0.3,0.2,2.0,20,0,0.5977653631284916,0.5690293296089385,0.8582402234636871,300.0,7.666666666666667,1.6666666666666667,54.81781684482432,0.20575,1.0960307298335468,50,1.2914571048834846,0.6610597275415253,0.6914571048834846,0.3807887019572041,0.96,RW,0.0005961416674995234
rubble,RW,60,800,0.02,0.05,0.2,,3,0.3,0.2,2.0,20,0,0.5377094972067039,0.5654329608938548,0.9043296089385475,240.0,7.416666666666667,1.55,55.02670111544433,0.1794375,1.0013003901170352,49,1.3402237471026066,0.5974769154384123,0.7402237471026064,0.4572476259401127,1.0,RW,0.000572921613750168
rubble,RW,60,800,0.02,0.05,0.2,,4,0.3,0.2,2.0,20,0,0.5481843575418994,0.5306913407821229,0.7960893854748603,220.0,7.3,1.7,50.94776070442537,0.20702083333333332,1.0452729693741678,46,1.735090826410843,0.6637178432124164,1.1350908264108428,0.9157836764874652,0.9565217391304348,RW,0.0005750738012511646
rubble,RW,60,800,0.02,0.05,0.2,,5,0.3,0.2,2.0,20,0,0.5181564245810056,0.5463337988826816,0.835195530726257,300.0,7.266666666666667,1.7833333333333334,52.715063207605255,0.21372916666666666,0.9525032092426189,50,1.3589940080117904,0.5564953125420261,0.7589940080117903,0.49807355283730603,1.0,RW,0.0005818726050006262
rubble,RW,60,800,0.02,0.05,0.2,,6,0.3,0.2,2.0,20,0,0.5405027932960894,0.5503840782122905,0.803072625698324,260.0,7.766666666666667,1.9,54.29313385100711,0.22070833333333334,1.0292553191489362,52,1.3987559068055242,0.6892000687942211,0.7987559068055238,0.48785782782890064,0.8076923076923077,RW,0.000573674218751421
rubble,RW,60,800,0.02,0.05,0.2,,7,0.3,0.2,2.0,20,0,0.5593575418994413,0.5884078212290502,0.9483240223463687,280.0,6.816666666666666,1.8166666666666667,50.922795615076566,0.1864375,0.9154285714285714,49,1.380152095181735,0.6682309068806843,0.7801520951817352,0.5372612161038764,0.9183673469387755,RW,0.0005707059887504329
rubble,RW,60,800,0.02,0.05,0.2,,10,0.3,0.2,2.0,20,0,0.5712290502793296,0.5013268156424581,0.8582402234636871,320.0,7.6,1.5333333333333334,50.38036030888159,0.1953125,1.157001414427157,44,1.7991222949088068,0.7144268345600369,1.1991222949088065,0.8185699938518557,0.8636363636363636,RW,0.0005502502075000848
rubble,RW,60,800,0.02,0.05,0.2,,8,0.3,0.2,2.0,20,0,0.5712290502793296,0.5595670391061452,0.9113128491620112,260.0,7.833333333333333,1.7333333333333334,56.442684235930436,0.1956875,1.097986577181208,51,1.339790689017705,0.7166880597545425,0.739790689017705,0.25388158562602203,1.0,RW,0.0005784945312484524
rubble,RW,60,800,0.02,0.05,0.2,,9,0.3,0.2,2.0,20,0,0.5670391061452514,0.5653980446927375,0.9420391061452514,320.0,7.65,1.7166666666666666,53.26252485954241,0.18975,0.9914529914529916,49,1.59024734457273,0.7660615967170668,0.99024734457273,0.8550460836096428,0.9183673469387755,RW,0.0005847535425004935
rubble,RW,60,800,0.02,0.05,0.2,,11,0.3,0.2,2.0,20,0,0.5523743016759777,0.5440642458100559,0.8268156424581006,280.0,7.333333333333333,1.7,55.83045193655163,0.18941666666666668,0.9394299287410927,49,1.3577104950540142,0.45999520831724666,0.7577104950540146,0.6742173429803927,0.8775510204081632,RW,0.0005896497399999135
rubble,RW,60,800,0.02,0.05,0.2,,12,0.3,0.2,2.0,20,0,0.6005586592178771,0.5452863128491622,0.9085195530726257,220.0,7.066666666666666,1.9333333333333333,55.38303729896684,0.17985416666666668,1.1082474226804122,49,1.7087262584487521,0.7306838725647624,1.1087262584487525,0.8238116333627404,0.9183673469387755,RW,0.0005795829174985556
rubble,RW,60,800,0.02,0.05,0.2,,13,0.3,0.2,2.0,20,0,0.5279329608938548,0.503072625698324,0.8317039106145251,320.0,8.1,1.3833333333333333,49.573776491480594,0.23366666666666666,0.9606099110546379,43,1.482252374337948,0.8978579211810063,0.8822523743379482,0.35639309490474447,0.8604651162790697,RW,0.0005582716662502207
rubble,RW,60,800,0.02,0.05,0.2,,14,0.3,0.2,2.0,20,0,0.5439944134078212,0.5254539106145251,0.8198324022346368,240.0,7.433333333333334,1.6333333333333333,53.33104380503592,0.221375,1.0527027027027025,49,1.5378034502860978,0.6936525863910254,0.9378034502860978,0.663930919443051,0.9591836734693877,RW,0.0005689290099985555
rubble,RW,60,800,0.02,0.05,0.2,,16,0.3,0.2,2.0,20,0,0.4860335195530726,0.5103701117318437,0.8847765363128491,340.0,7.25,1.4333333333333333,49.8999131831116,0.21495833333333333,0.9109947643979058,42,1.6270133290699391,0.8162721862292273,1.0270133290699395,0.547266939723643,0.9047619047619048,RW,0.0005594813537504706
rubble,RW,60,800,0.02,0.05,0.2,,15,0.3,0.2,2.0,20,0,0.5670391061452514,0.5249650837988826,0.861731843575419,280.0,8.133333333333333,1.8333333333333333,56.56902103609481,0.2305625,1.0987821380243572,49,1.589260002858642,0.75086413836401,0.9892600028586421,0.7388746776775,0.9591836734693877,RW,0.0005714044262504104
rubble,RW,60,800,0.02,0.05,0.2,,17,0.3,0.2,2.0,20,0,0.577513966480447,0.5475907821229049,0.8847765363128491,300.0,7.466666666666667,2.0,55.305792994503264,0.19591666666666666,1.0222496909765142,48,1.5318972374444673,0.7373621709358469,0.9318972374444673,0.45641498182734186,0.8333333333333334,RW,0.0005472901037501288
rubble,RW,60,800,0.02,0.05,0.2,,19,0.3,0.2,2.0,20,0,0.5090782122905028,0.5099162011173182,0.8142458100558659,320.0,7.516666666666667,1.7333333333333334,53.19305757583534,0.18808333333333332,0.8762019230769229,44,1.567411881997534,0.7035746993939896,0.967411881997534,0.7148967989113121,1.0,RW,0.0005317384900013167
rubble,RW,60,800,0.02,0.05,0.2,,18,0.3,0.2,2.0,20,0,0.5879888268156425,0.5714734636871509,0.8400837988826816,300.0,7.25,1.6333333333333333,53.57122952310144,0.23545833333333333,1.0935064935064935,52,1.4832610971005145,0.5813945830146054,0.8832610971005145,0.8786411042245909,1.0,RW,0.0005721807812483348
rubble,RW,60,800,0.02,0.05,0.2,,20,0.3,0.2,2.0,20,0,0.5831005586592178,0.5525488826815642,0.909217877094972,280.0,6.8,1.7333333333333334,54.59842095690859,0.20810416666666667,1.0108958837772397,49,1.4630028239319341,0.6637854323993271,0.8630028239319343,0.45085435626505943,0.9591836734693877,RW,0.0005465209375006452
rubble,RW,60,800,0.02,0.05,0.2,,21,0.3,0.2,2.0,20,0,0.5335195530726257,0.5266061452513966,0.854050279329609,280.0,8.433333333333334,1.6333333333333333,54.01615155122702,0.23995833333333333,1.0929899856938483,51,1.5940635939713172,0.8333668933637649,0.9940635939713175,0.5943650939590962,0.9215686274509803,RW,0.0005591635424980268
rubble,RW,60,800,0.02,0.05,0.2,,22,0.3,0.2,2.0,20,0,0.5370111731843575,0.5357541899441339,0.7702513966480447,300.0,7.783333333333333,1.7166666666666666,56.9735730903651,0.1990625,1.0171957671957672,51,1.3410522261913758,0.5861330509055317,0.7410522261913756,0.4536670106620543,0.8823529411764706,RW,0.0005640131250015657
rubble,RW,60,800,0.02,0.05,0.2,,23,0.3,0.2,2.0,20,0,0.48114525139664804,0.49392458100558645,0.8205307262569832,300.0,8.033333333333333,1.5333333333333334,50.097674957081544,0.21264583333333334,0.8788265306122449,42,1.451867939508703,0.6995045602307588,0.8518679395087029,0.3285576960422955,0.8809523809523809,RW,0.0005200527074998717
rubble,RW,60,800,0.02,0.05,0.2,,25,0.3,0.2,2.0,20,0,0.6054469273743017,0.5665502793296089,0.8568435754189944,300.0,7.483333333333333,1.7666666666666666,51.384854296121574,0.20525,1.061199510403917,50,1.5927539819918197,0.623537418180023,0.9927539819918196,0.8371623192119714,0.96,RW,0.0005188491150011032
rubble,RW,60,800,0.02,0.05,0.2,,24,0.3,0.2,2.0,20,0,0.5300279329608939,0.5143505586592179,0.8854748603351955,280.0,7.816666666666666,1.45,53.46832176076189,0.22847916666666668,1.0425824175824177,46,1.6507159711422363,0.7368816359871744,1.0507159711422371,0.6918633434340816,0.9565217391304348,RW,0.0005214097924999806
rubble,RW,60,800,0.02,0.05,0.2,,27,0.3,0.2,2.0,20,0,0.5747206703910615,0.5740223463687151,0.914804469273743,280.0,6.983333333333333,1.8166666666666667,53.86137164740108,0.18414583333333334,1.0716145833333333,50,1.3891110860910771,0.5206132484907181,0.7891110860910772,0.6961134324636838,0.96,RW,0.000507575417498174
rubble,RW,60,800,0.02,0.05,0.2,,26,0.3,0.2,2.0,20,0,0.539804469273743,0.5167248603351956,0.7807262569832403,240.0,6.883333333333334,1.3833333333333333,53.14427375580523,0.1804375,0.9910256410256412,47,1.5257171691459757,0.734166379199592,0.9257171691459759,0.4849170601499394,0.8723404255319149,RW,0.0005292926562515276
rubble,RW,60,800,0.02,0.05,0.2,,28,0.3,0.2,2.0,20,0,0.590782122905028,0.5525837988826817,0.7695530726256983,260.0,8.483333333333333,1.6833333333333333,54.34616071165041,0.22935416666666666,1.154160982264666,52,1.5356850287565864,0.867180577701288,0.9356850287565864,0.44545710263232297,0.8846153846153846,RW,0.0005272363537483216
rubble,RW,60,800,0.02,0.05,0.2,,29,0.3,0.2,2.0,20,0,0.5314245810055865,0.5240921787709497,0.8868715083798883,300.0,7.616666666666666,1.3666666666666667,50.42143824530487,0.20114583333333333,0.9768934531450577,44,1.7775290252511278,0.8810086692257079,1.1775290252511277,0.4993046340427799,0.9090909090909091,RW,0.000493002499999875
