plan,controller,n_agents,steps,sway,sensor_noise,fail_frac,fail_step,seed,radius,vmax,cover_r,series_every,record_every,coverage,coverage_mean_2nd_half,explored,t90,collisions_per_agent,wall_hits_per_agent,path_per_agent,contact_frac,post_over_pre_fail,n_final,nn_mean,evenness_cv,gap_mean,gap_median,shyness,variant,sec_per_step
open,A,150,1500,0.0,0.05,0.0,,0,0.3,0.2,2.0,20,0,0.99609375,0.9940720942982457,1.0,80.0,16.006666666666668,0.0,151.4459941225856,0.14319555555555555,,150,0.9846694792304644,0.299827559141017,0.38466947923046463,0.3414369945166151,0.96,A,0.0011903666113333505
open,A,150,1500,0.0,0.05,0.0,,1,0.3,0.2,2.0,20,0,0.9856770833333334,0.9932154605263159,1.0,80.0,15.266666666666667,0.0,152.18954590713335,0.14309333333333332,,150,0.9503668808128147,0.3587057456803134,0.35036688081281453,0.21400593034739468,0.9333333333333333,A,0.001200999500000762
open,A,150,1500,0.0,0.05,0.0,,5,0.3,0.2,2.0,20,0,0.9869791666666666,0.9909882127192979,1.0,60.0,15.76,0.0,150.68641754238777,0.14593777777777778,,150,0.9321284201174842,0.3528910281822579,0.3321284201174841,0.19214436104227184,0.8266666666666667,A,0.0011874238606663615
open,A,150,1500,0.0,0.05,0.0,,3,0.3,0.2,2.0,20,0,0.9947916666666666,0.9944147478070174,1.0,80.0,15.626666666666667,0.0,151.7325258405698,0.14600888888888888,,150,0.9172446859698933,0.3493427497689025,0.3172446859698933,0.16104625794697686,0.88,A,0.0012005448613332799
open,A,150,1500,0.0,0.05,0.0,,6,0.3,0.2,2.0,20,0,0.9915364583333334,0.991176672149123,1.0,80.0,15.366666666666667,0.0,152.4286547587791,0.14348444444444444,,150,0.9216058606857402,0.3186835112214259,0.3216058606857404,0.19520101701102843,0.96,A,0.0011937390833336393
open,A,150,1500,0.0,0.05,0.0,,4,0.3,0.2,2.0,20,0,0.9967447916666666,0.9927186129385964,1.0,80.0,15.146666666666667,0.0,150.81594450797755,0.14356,,150,0.9351300096117594,0.3903850542389517,0.33513000961175937,0.15513484665364152,0.88,A,0.0012065764999994522
open,A,150,1500,0.0,0.05,0.0,,2,0.3,0.2,2.0,20,0,0.9967447916666666,0.9911424067982455,1.0,60.0,15.4,0.0,151.27976617952365,0.14267555555555556,,150,0.9311509790000575,0.33780890111005624,0.33115097900005735,0.20473999624855743,0.8666666666666667,A,0.001221526055999372
open,A,150,1500,0.0,0.05,0.0,,8,0.3,0.2,2.0,20,0,0.990234375,0.9894634046052632,1.0,60.0,15.806666666666667,0.0,151.007699445336,0.1466177777777778,,150,0.9355147629617304,0.3403043714748668,0.33551476296173033,0.2088707239463347,0.9333333333333333,A,0.0012043293333335895
open,A,150,1500,0.0,0.05,0.0,,7,0.3,0.2,2.0,20,0,0.9739583333333334,0.9910910087719301,1.0,80.0,15.4,0.0,149.87727798617854,0.14274222222222221,,150,0.9314721282673023,0.33617819181724956,0.3314721282673023,0.21917925534782784,0.8466666666666667,A,0.0012160815273321835
open,A,150,1500,0.0,0.05,0.0,,11,0.3,0.2,2.0,20,0,0.9928385416666666,0.9933011239035087,1.0,60.0,15.48,0.0,151.97471275215426,0.14325333333333334,,150,0.9114568188139723,0.3540227684420456,0.3114568188139723,0.2227326262782673,0.8333333333333334,A,0.001006514500000776
open,A,150,1500,0.0,0.05,0.0,,9,0.3,0.2,2.0,20,0,0.9947916666666666,0.9914679276315788,1.0,80.0,15.213333333333333,0.0,150.99587798261044,0.14229333333333333,,150,0.9411129879845497,0.39218741028336535,0.3411129879845495,0.1872159746501305,0.84,A,0.0010268401666665644
open,A,150,1500,0.0,0.05,0.0,,12,0.3,0.2,2.0,20,0,0.9973958333333334,0.9927871436403511,1.0,60.0,15.066666666666666,0.0,151.20445328014597,0.1414622222222222,,150,0.923613199506081,0.3619356130265768,0.32361319950608114,0.23077399423563616,0.86,A,0.0010111780560000624
open,A,150,1500,0.0,0.05,0.0,,14,0.3,0.2,2.0,20,0,0.9921875,0.9917077850877194,1.0,80.0,15.66,0.0,150.00425057329682,0.14404,,150,0.9434857312911235,0.3279131882971715,0.34348573129112364,0.23230362252228798,0.9333333333333333,A,0.001007027583332577
open,A,150,1500,0.0,0.05,0.0,,13,0.3,0.2,2.0,20,0,0.9973958333333334,0.9912794682017543,1.0,80.0,15.513333333333334,0.0,151.17420995074374,0.14255555555555555,,150,0.9830182215185359,0.356476794872112,0.3830182215185359,0.3236752139708494,0.94,A,0.0010290802219994173
open,A,150,1500,0.0,0.05,0.0,,10,0.3,0.2,2.0,20,0,0.9895833333333334,0.993301123903509,1.0,80.0,15.953333333333333,0.0,152.16803624717207,0.14327555555555554,,150,0.9095901051305304,0.351721909699554,0.3095901051305304,0.1858812420395523,0.9066666666666666,A,0.0010432148886672318
open,A,150,1500,0.0,0.05,0.0,,17,0.3,0.2,2.0,20,0,0.9986979166666666,0.9931640624999998,1.0,80.0,15.313333333333333,0.0,151.5889987112335,0.14350666666666667,,150,0.9425888001546877,0.35737573463113825,0.34258880015468773,0.22236433471811706,0.8733333333333333,A,0.0010051251946667132
open,A,150,1500,0.0,0.05,0.0,,15,0.3,0.2,2.0,20,0,0.998046875,0.9920847039473686,1.0,60.0,15.1,0.0,150.9946896386377,0.14261333333333334,,150,0.9392235249754356,0.32653748269637567,0.3392235249754357,0.25983259716928603,0.8933333333333333,A,0.001045982805332945
open,A,150,1500,0.0,0.05,0.0,,16,0.3,0.2,2.0,20,0,0.994140625,0.9886581688596491,1.0,80.0,15.66,0.0,150.15450843454394,0.14738222222222222,,150,0.918344474990274,0.350443747291052,0.318344474990274,0.18525738394693003,0.8466666666666667,A,0.0010439987499994458
open,A,150,1500,0.0,0.05,0.0,,18,0.3,0.2,2.0,20,0,0.9739583333333334,0.9913822642543861,1.0,60.0,15.68,0.0,150.1284480990682,0.1437511111111111,,150,0.9520767581435929,0.3515311811752772,0.35207675814359296,0.24519915069779352,0.9333333333333333,A,0.0010131538613325876
open,A,150,1500,0.0,0.05,0.0,,21,0.3,0.2,2.0,20,0,0.9908854166666666,0.9901315789473683,1.0,60.0,15.613333333333333,0.0,152.06040998595572,0.14328,,150,0.9669566220082522,0.36608425117141347,0.3669566220082522,0.26186550579040924,0.9466666666666667,A,0.0009987529720007539
open,A,150,1500,0.0,0.05,0.0,,20,0.3,0.2,2.0,20,0,0.98828125,0.9908682839912281,1.0,60.0,15.486666666666666,0.0,150.92152733557995,0.14361333333333334,,150,0.9533003027314608,0.3153669376015047,0.3533003027314608,0.3116270511661407,0.8866666666666667,A,0.0010094436666659022
open,A,150,1500,0.0,0.05,0.0,,19,0.3,0.2,2.0,20,0,1.0,0.9911938048245613,1.0,60.0,15.366666666666667,0.0,151.2187336854368,0.1424711111111111,,150,0.9565086303535277,0.3514296186885593,0.35650863035352776,0.2800457206313963,0.88,A,0.001019631722666721
open,A,150,1500,0.0,0.05,0.0,,22,0.3,0.2,2.0,20,0,0.9954427083333334,0.9931640625000002,1.0,80.0,15.213333333333333,0.0,151.67160429309487,0.14413777777777778,,150,0.9362140775614671,0.35809160042148264,0.3362140775614672,0.20544322877648258,0.8933333333333333,A,0.0010009390833341362
open,A,150,1500,0.0,0.05,0.0,,23,0.3,0.2,2.0,20,0,0.9947916666666666,0.9914507949561404,1.0,60.0,14.96,0.0,150.186462794037,0.14176,,150,0.9726054286495946,0.3861285439328705,0.37260542864959456,0.2489206310286447,0.8466666666666667,A,0.0010049606666664962
open,A,150,1500,0.0,0.05,0.0,,24,0.3,0.2,2.0,20,0,0.9915364583333334,0.9907997532894739,1.0,80.0,15.3,0.0,151.48805664412052,0.1429511111111111,,150,0.9507754020584869,0.3907961934180119,0.35077540205848673,0.20586563806015667,0.8333333333333334,A,0.00101428375000008
open,A,150,1500,0.0,0.05,0.0,,25,0.3,0.2,2.0,20,0,0.9908854166666666,0.9927528782894739,1.0,60.0,15.826666666666666,0.0,152.08054862615924,0.13987555555555556,,150,0.9730064074343208,0.31286973646777416,0.37300640743432084,0.31525179061880143,0.9533333333333334,A,0.0010003516666656652
open,A,150,1500,0.0,0.05,0.0,,26,0.3,0.2,2.0,20,0,0.9934895833333334,0.9905770285087719,1.0,60.0,15.06,0.0,150.82884557316038,0.14307111111111112,,150,0.8908331370114977,0.3299512667774059,0.2908331370114978,0.1845226261386373,0.7666666666666667,A,0.0010152285000003757
open,A,150,1500,0.0,0.05,0.0,,29,0.3,0.2,2.0,20,0,0.9973958333333334,0.9926500822368419,1.0,80.0,15.593333333333334,0.0,151.03667621549192,0.14628444444444444,,150,0.9566385774476742,0.3417855700894195,0.35663857744767435,0.2140229606307601,0.88,A,0.0010139507780004351
open,A,150,1500,0.01,0.05,0.0,,0,0.3,0.2,2.0,20,0,0.9876302083333334,0.9932497258771931,1.0,80.0,15.833333333333334,0.0,153.48909399028528,0.14476444444444445,,150,0.9643926797148354,0.35613924062659474,0.36439267971483535,0.2687207891848863,0.8466666666666667,A,0.0010195894166669557
open,A,150,1500,0.0,0.05,0.0,,27,0.3,0.2,2.0,20,0,0.9889322916666666,0.9886581688596493,1.0,80.0,15.486666666666666,0.0,151.17324686391336,0.14396,,150,0.9230009876937364,0.35834570919549785,0.3230009876937363,0.22024351553797228,0.7866666666666666,A,0.0010389599999992545
open,A,150,1500,0.0,0.05,0.0,,28,0.3,0.2,2.0,20,0,0.9993489583333334,0.9930270010964913,1.0,80.0,15.42,0.0,150.3107576114248,0.14124444444444445,,150,0.9718698056519676,0.3415905308890621,0.37186980565196764,0.2557282309829043,0.92,A,0.0010447788606664592
open,A,150,1500,0.01,0.05,0.0,,1,0.3,0.2,2.0,20,0,0.98828125,0.9930441337719299,1.0,80.0,15.666666666666666,0.0,154.63251263966893,0.1433111111111111,,150,0.8852547880412601,0.3616353375354442,0.28525478804126003,0.15583283417477506,0.8,A,0.0010431890553336417
open,A,150,1500,0.01,0.05,0.0,,2,0.3,0.2,2.0,20,0,0.9986979166666666,0.9938322368421053,1.0,60.0,15.886666666666667,0.0,154.3465302549699,0.14296,,150,0.9578145984832405,0.34453303205555497,0.3578145984832405,0.2761756283579525,0.8533333333333334,A,0.0010393288053334496
open,A,150,1500,0.01,0.05,0.0,,3,0.3,0.2,2.0,20,0,0.9921875,0.990953947368421,1.0,80.0,15.76,0.0,153.21346026503716,0.14559111111111112,,150,0.9340169293143068,0.3349893777661999,0.3340169293143067,0.215620309024543,0.86,A,0.0010320064720011335
open,A,150,1500,0.01,0.05,0.0,,5,0.3,0.2,2.0,20,0,0.9934895833333334,0.9903543037280701,1.0,80.0,16.113333333333333,0.0,153.92972253997792,0.1444088888888889,,150,0.9149992778084709,0.3785604918419269,0.3149992778084711,0.15859440644873196,0.82,A,0.0010304259439993379
open,A,150,1500,0.01,0.05,0.0,,4,0.3,0.2,2.0,20,0,0.9856770833333334,0.9926329495614038,1.0,80.0,15.76,0.0,153.3200484484699,0.14366222222222222,,150,0.9048744872841867,0.3303025625026304,0.3048744872841865,0.22339812285648702,0.82,A,0.0010675196666658545
open,A,150,1500,0.01,0.05,0.0,,6,0.3,0.2,2.0,20,0,0.990234375,0.9929756030701754,1.0,60.0,15.946666666666667,0.0,153.15727654096983,0.1436888888888889,,150,0.9648789059193865,0.35195370910962537,0.3648789059193866,0.26596973360596865,0.86,A,0.0009873423886674574
open,A,150,1500,0.01,0.05,0.0,,7,0.3,0.2,2.0,20,0,0.98828125,0.9904742324561404,1.0,80.0,15.88,0.0,153.53518700676713,0.14553777777777777,,150,0.9502936258315304,0.3437488160398911,0.35029362583153045,0.2397941743895975,0.9,A,0.000994740139332862
open,A,150,1500,0.01,0.05,0.0,,8,0.3,0.2,2.0,20,0,0.9973958333333334,0.9929756030701757,1.0,100.0,16.106666666666666,0.0,153.00164759233732,0.14472888888888888,,150,0.9309242555336266,0.3805168863903715,0.3309242555336264,0.20645871600672328,0.8866666666666667,A,0.0009956724999998794
open,A,150,1500,0.01,0.05,0.0,,9,0.3,0.2,2.0,20,0,0.9973958333333334,0.9935067160087719,1.0,80.0,15.92,0.0,153.74304723366922,0.14352,,150,0.8933167067470352,0.3429763024274903,0.2933167067470352,0.19526324685783675,0.8933333333333333,A,0.001002678444666041
open,A,150,1500,0.01,0.05,0.0,,10,0.3,0.2,2.0,20,0,0.99609375,0.9912794682017543,1.0,60.0,15.953333333333333,0.0,153.10664606932542,0.1452577777777778,,150,0.9272286646447041,0.3527696611245565,0.32722866464470424,0.24491515621073368,0.86,A,0.001006774888667375
open,A,150,1500,0.01,0.05,0.0,,12,0.3,0.2,2.0,20,0,0.9954427083333334,0.9925301535087719,1.0,80.0,16.1,0.0,153.2569851032192,0.14435111111111112,,150,0.9957968085658547,0.3723483441757705,0.39579680856585464,0.27997445021891626,0.84,A,0.0010014321946667526
open,A,150,1500,0.01,0.05,0.0,,13,0.3,0.2,2.0,20,0,0.99609375,0.9931640624999998,1.0,80.0,15.706666666666667,0.0,152.86240019712943,0.14570222222222223,,150,0.9692120303394042,0.318946488122813,0.3692120303394043,0.3022681580038847,0.9,A,0.0010179241386661791
open,A,150,1500,0.01,0.05,0.0,,11,0.3,0.2,2.0,20,0,0.9915364583333334,0.9923416940789476,1.0,80.0,15.913333333333334,0.0,154.3188544696053,0.1460488888888889,,150,0.9323672189222414,0.3541791670857443,0.33236721892224136,0.20775530827229405,0.8866666666666667,A,0.0010747568886666462
open,A,150,1500,0.01,0.05,0.0,,14,0.3,0.2,2.0,20,0,0.9921875,0.9933867872807018,1.0,60.0,16.233333333333334,0.0,154.73001011513946,0.14271555555555557,,150,0.9270879567374125,0.34547979079614377,0.3270879567374125,0.20983111984668473,0.84,A,0.0010396324166661846
open,A,150,1500,0.01,0.05,0.0,,15,0.3,0.2,2.0,20,0,0.99609375,0.9938836348684209,1.0,80.0,16.313333333333333,0.0,153.97745579289256,0.14308,,150,0.9832114597510447,0.34313795274616726,0.38321145975104476,0.32301613356738346,0.8666666666666667,A,0.0010387220553335888
open,A,150,1500,0.01,0.05,0.0,,16,0.3,0.2,2.0,20,0,0.9993489583333334,0.9932325932017545,1.0,80.0,15.746666666666666,0.0,153.79509098330155,0.14536444444444444,,150,0.9644674160788933,0.358337470427924,0.3644674160788932,0.23771531655224976,0.84,A,0.0010481760833329949
open,A,150,1500,0.01,0.05,0.0,,17,0.3,0.2,2.0,20,0,0.998046875,0.9947574013157897,1.0,60.0,15.586666666666666,0.0,153.784320727891,0.14398666666666668,,150,0.9519276654450566,0.3644459416206881,0.3519276654450563,0.18326433728531166,0.92,A,0.00103899450000002
open,A,150,1500,0.01,0.05,0.0,,18,0.3,0.2,2.0,20,0,0.9811197916666666,0.9923074287280701,1.0,80.0,15.96,0.0,153.58622124795016,0.1436888888888889,,150,0.9606757103107872,0.37115673420505224,0.36067571031078727,0.262090089727393,0.88,A,0.0010318181113337535
open,A,150,1500,0.01,0.05,0.0,,20,0.3,0.2,2.0,20,0,0.9876302083333334,0.9935238486842107,1.0,80.0,15.566666666666666,0.0,153.80857738898615,0.14296,,150,0.9109523974687306,0.35201515025929475,0.3109523974687309,0.20852335544871792,0.7666666666666667,A,0.0010191453333330477
open,A,150,1500,0.01,0.05,0.0,,19,0.3,0.2,2.0,20,0,0.9921875,0.9897546600877192,1.0,80.0,15.8,0.0,152.69960363298046,0.14695555555555556,,150,0.9359688903636297,0.3014574673932239,0.3359688903636298,0.2657597667286727,0.8933333333333333,A,0.001038305055333088
open,A,150,1500,0.01,0.05,0.0,,22,0.3,0.2,2.0,20,0,0.986328125,0.9920504385964911,1.0,60.0,15.793333333333333,0.0,153.64280333880617,0.14573777777777777,,150,0.9866239783916854,0.3331554837379325,0.38662397839168533,0.32295702087201245,0.8733333333333333,A,0.0010315371106662497
open,A,150,1500,0.01,0.05,0.0,,21,0.3,0.2,2.0,20,0,0.98828125,0.9912109375,1.0,80.0,16.206666666666667,0.0,154.31022338907934,0.14385333333333333,,150,0.9186495030318099,0.382184932886352,0.3186495030318098,0.20298048127370227,0.86,A,0.0010572000279995943
open,A,150,1500,0.01,0.05,0.0,,23,0.3,0.2,2.0,20,0,0.978515625,0.9922388980263158,1.0,60.0,15.933333333333334,0.0,152.63105399338727,0.14636444444444444,,150,0.9019206637702413,0.3272040504473081,0.30192066377024135,0.19675791924396657,0.8866666666666667,A,0.0010557051386676903
open,A,150,1500,0.01,0.05,0.0,,24,0.3,0.2,2.0,20,0,0.9967447916666666,0.9926672149122808,1.0,60.0,15.806666666666667,0.0,153.68933459796858,0.14665777777777778,,150,0.9031277369578735,0.3609138626311984,0.3031277369578737,0.1789317196500379,0.7866666666666666,A,0.0010074348613331192
open,A,150,1500,0.01,0.05,0.0,,27,0.3,0.2,2.0,20,0,0.9921875,0.9933867872807015,1.0,80.0,15.76,0.0,153.30602620862166,0.14512444444444444,,150,0.9067767014846637,0.350481931777869,0.30677670148466357,0.1462656557320115,0.8466666666666667,A,0.0010049045553326627
open,A,150,1500,0.01,0.05,0.0,,25,0.3,0.2,2.0,20,0,0.9908854166666666,0.9919476425438596,1.0,60.0,16.293333333333333,0.0,153.63675413162812,0.14436,,150,0.9271356180482454,0.3149921240939496,0.32713561804824537,0.24797884463765274,0.88,A,0.0010145407226676373
open,A,150,1500,0.01,0.05,0.0,,26,0.3,0.2,2.0,20,0,0.998046875,0.9921703673245611,1.0,60.0,16.326666666666668,0.0,154.07520594300703,0.14620444444444444,,150,0.9540147940031823,0.33883105534614594,0.35401479400318253,0.20549718530898442,0.9,A,0.0010241630553330956
open,A,150,1500,0.01,0.05,0.0,,28,0.3,0.2,2.0,20,0,0.9986979166666666,0.992221765350877,1.0,80.0,15.553333333333333,0.0,156.28438144868537,0.14112444444444444,,150,0.9462664399459925,0.31534003318943826,0.34626643994599265,0.24682243274983484,0.86,A,0.0010088173053336505
open,A,150,1500,0.01,0.05,0.0,,29,0.3,0.2,2.0,20,0,0.9967447916666666,0.9923588267543861,1.0,60.0,16.173333333333332,0.0,153.34364915480117,0.14595111111111111,,150,0.9007673275657951,0.34813364500130217,0.3007673275657951,0.1732678968676607,0.8733333333333333,A,0.0010082466666669159
open,A,150,1500,0.02,0.05,0.0,,0,0.3,0.2,2.0,20,0,0.9967447916666666,0.9940206962719297,1.0,60.0,16.62,0.0,160.17811132480895,0.14234666666666668,,150,0.9354663238863992,0.3847991184571248,0.3354663238863993,0.2132746954529679,0.82,A,0.0010024236113325364
open,A,150,1500,0.02,0.05,0.0,,1,0.3,0.2,2.0,20,0,0.9876302083333334,0.9919647752192983,1.0,80.0,16.333333333333332,0.0,159.00959890247222,0.14450666666666667,,150,0.8939102035611489,0.3542409549548389,0.2939102035611488,0.21503829595989576,0.78,A,0.0010211137780000476
open,A,150,1500,0.02,0.05,0.0,,2,0.3,0.2,2.0,20,0,0.982421875,0.991930509868421,1.0,60.0,16.613333333333333,0.0,157.3122223379065,0.1472622222222222,,150,0.9235431446191853,0.35037996107215696,0.3235431446191853,0.2251993067277972,0.84,A,0.00102859047200036
open,A,150,1500,0.02,0.05,0.0,,3,0.3,0.2,2.0,20,0,0.998046875,0.9938665021929826,1.0,80.0,16.7,0.0,158.62326748263766,0.1456977777777778,,150,0.9120659583565032,0.34465354716102853,0.31206595835650325,0.21074253470014764,0.8,A,0.001001973027333103
open,A,150,1500,0.02,0.05,0.0,,5,0.3,0.2,2.0,20,0,1.0,0.9927186129385966,1.0,60.0,16.586666666666666,0.0,158.64386539641308,0.1425511111111111,,150,0.9620158352702705,0.35056195381556166,0.36201583527027054,0.2990079677040135,0.8666666666666667,A,0.001019475694666956
open,A,150,1500,0.02,0.05,0.0,,6,0.3,0.2,2.0,20,0,0.998046875,0.9917591831140351,1.0,80.0,16.44,0.0,158.37043386717883,0.14552444444444446,,150,0.9479459973457559,0.34794864726022945,0.3479459973457559,0.23018566642751842,0.82,A,0.0010301787499993225
open,A,150,1500,0.02,0.05,0.0,,4,0.3,0.2,2.0,20,0,0.9934895833333334,0.9931126644736842,1.0,60.0,16.38,0.0,158.5267355062324,0.14271111111111112,,150,0.9587381967465773,0.28141180528310245,0.3587381967465772,0.3484805086992798,0.9466666666666667,A,0.001049402555333169
open,A,150,1500,0.02,0.05,0.0,,7,0.3,0.2,2.0,20,0,0.9954427083333334,0.9941063596491228,1.0,80.0,16.206666666666667,0.0,158.47405706088585,0.1466888888888889,,150,0.906584000578174,0.3580480905037396,0.3065840005781742,0.18642317032975142,0.8466666666666667,A,0.0010423120273323244
open,A,150,1500,0.02,0.05,0.0,,8,0.3,0.2,2.0,20,0,0.9986979166666666,0.9932668585526315,1.0,60.0,16.466666666666665,0.0,158.71442618282455,0.14473333333333332,,150,0.9525525933473001,0.29985479139346555,0.3525525933473003,0.2985347150256904,0.9466666666666667,A,0.001035161722000339
open,A,150,1500,0.02,0.05,0.0,,9,0.3,0.2,2.0,20,0,0.9934895833333334,0.9915535910087718,1.0,60.0,16.633333333333333,0.0,158.44763155425747,0.14449777777777778,,150,0.9517938158833628,0.36747194748391676,0.35179381588336267,0.22407071924949112,0.88,A,0.0010418908606673843
open,A,150,1500,0.02,0.05,0.0,,10,0.3,0.2,2.0,20,0,0.9869791666666666,0.9909710800438596,1.0,60.0,16.626666666666665,0.0,157.4493249043809,0.14485333333333333,,150,0.9147427671906297,0.33048074754886003,0.3147427671906296,0.24194594195120273,0.8133333333333334,A,0.0010214055833336411
open,A,150,1500,0.02,0.05,0.0,,11,0.3,0.2,2.0,20,0,0.9934895833333334,0.9943119517543859,1.0,60.0,16.846666666666668,0.0,158.58497363259966,0.14446222222222221,,150,0.9080186885699891,0.2780697189700914,0.3080186885699891,0.24243212042307755,0.9066666666666666,A,0.0010658796393339192
open,A,150,1500,0.02,0.05,0.0,,12,0.3,0.2,2.0,20,0,1.0,0.9948944627192982,1.0,60.0,16.18,0.0,157.997302863635,0.14510222222222222,,150,0.9636927159082344,0.317880215857436,0.3636927159082344,0.2781151618926687,0.8666666666666667,A,0.0010194873333324115
open,A,150,1500,0.02,0.05,0.0,,13,0.3,0.2,2.0,20,0,1.0,0.9934381853070174,1.0,60.0,16.4,0.0,158.75522725412455,0.14576444444444445,,150,0.9904426457626696,0.3301488335741911,0.3904426457626696,0.31906735474337294,0.8866666666666667,A,0.0010142596946667861
open,A,150,1500,0.02,0.05,0.0,,16,0.3,0.2,2.0,20,0,0.99609375,0.9928899396929826,1.0,80.0,16.173333333333332,0.0,158.4235177900109,0.14696444444444445,,150,0.9409122253421227,0.35520341908360525,0.34091222534212273,0.21844116968575344,0.8133333333333334,A,0.0009940958613333351
open,A,150,1500,0.02,0.05,0.0,,15,0.3,0.2,2.0,20,0,0.994140625,0.9917763157894739,1.0,60.0,16.98,0.0,158.15652246565548,0.14736444444444444,,150,0.9407864643224748,0.30180293942504033,0.34078646432247467,0.3048026707075151,0.8533333333333334,A,0.0010104341386662176
open,A,150,1500,0.02,0.05,0.0,,17,0.3,0.2,2.0,20,0,0.9967447916666666,0.994140625,1.0,60.0,16.69333333333333,0.0,158.9425022474215,0.1439688888888889,,150,0.9555843473999504,0.3654843559111064,0.35558434739995043,0.21408446086877353,0.84,A,0.0010043716666659748
open,A,150,1500,0.02,0.05,0.0,,14,0.3,0.2,2.0,20,0,0.9967447916666666,0.993883634868421,1.0,80.0,17.153333333333332,0.0,159.4630831575866,0.14266222222222222,,150,0.979139783485587,0.32875208003588624,0.3791397834855869,0.30476827235354353,0.8933333333333333,A,0.0010762336386663568
open,A,150,1500,0.02,0.05,0.0,,18,0.3,0.2,2.0,20,0,1.0,0.994140625,1.0,80.0,16.52,0.0,157.2144816475319,0.1474888888888889,,150,0.9845930814507714,0.353692492081452,0.3845930814507713,0.27341090468138923,0.9066666666666666,A,0.000998068389333639
open,A,150,1500,0.02,0.05,0.0,,19,0.3,0.2,2.0,20,0,0.9934895833333334,0.9935752467105263,1.0,60.0,16.793333333333333,0.0,158.98615784429865,0.14564888888888888,,150,0.9775715509133007,0.31846799257387665,0.37757155091330075,0.3038932071263706,0.8533333333333334,A,0.001013318333333397
open,A,150,1500,0.02,0.05,0.0,,20,0.3,0.2,2.0,20,0,0.9869791666666666,0.9933696546052632,1.0,80.0,16.866666666666667,0.0,158.27466179729237,0.14603555555555556,,150,0.9025972224328321,0.37047246000827705,0.30259722243283216,0.18099001021509592,0.8466666666666667,A,0.0010000172779994804
open,A,150,1500,0.02,0.05,0.0,,21,0.3,0.2,2.0,20,0,0.9837239583333334,0.9909710800438598,1.0,80.0,17.133333333333333,0.0,158.14201958204774,0.14477333333333334,,150,0.9248134961256996,0.3402533400480028,0.3248134961256996,0.2228810628346385,0.8733333333333333,A,0.001006896166666896
open,A,150,1500,0.02,0.05,0.0,,22,0.3,0.2,2.0,20,0,0.9915364583333334,0.9923416940789472,1.0,80.0,16.733333333333334,0.0,159.0568963142433,0.14554666666666666,,150,0.9395933439609079,0.35244095304311596,0.3395933439609078,0.23053140797323546,0.92,A,0.0010354790560001372
open,A,150,1500,0.02,0.05,0.0,,24,0.3,0.2,2.0,20,0,0.9921875,0.9936609100877194,1.0,60.0,16.85333333333333,0.0,159.38819137471356,0.14312,,150,0.928012819773542,0.3486160040972388,0.32801281977354224,0.2186858936410912,0.86,A,0.0010264405833331693
open,A,150,1500,0.02,0.05,0.0,,23,0.3,0.2,2.0,20,0,0.9921875,0.9939521655701755,1.0,60.0,16.19333333333333,0.0,157.44494330428054,0.1465422222222222,,150,0.9739516580976294,0.33960326365588417,0.37395165809762965,0.26244939354834085,0.9333333333333333,A,0.0010323161106668218
open,A,150,1500,0.02,0.05,0.0,,25,0.3,0.2,2.0,20,0,0.9934895833333334,0.9940206962719299,1.0,80.0,16.86,0.0,159.03392559957507,0.14506666666666668,,150,0.9576588967369374,0.3670017966861788,0.3576588967369372,0.2284467771670583,0.86,A,0.0010318384166663843
open,A,150,1500,0.02,0.05,0.0,,26,0.3,0.2,2.0,20,0,0.9908854166666666,0.9930441337719297,1.0,80.0,17.033333333333335,0.0,159.04606326602243,0.14623555555555556,,150,0.9625511012916473,0.3560763190511863,0.36255110129164736,0.29916507096870754,0.8133333333333334,A,0.0010513503333337817
open,A,150,1500,0.02,0.05,0.0,,27,0.3,0.2,2.0,20,0,0.994140625,0.9929927357456141,1.0,60.0,17.033333333333335,0.0,157.60606091749995,0.14668444444444445,,150,0.9206750595780561,0.3868711605530322,0.32067505957805603,0.16921622037983786,0.8266666666666667,A,0.0010644530279993584
open,A,150,1500,0.02,0.05,0.0,,28,0.3,0.2,2.0,20,0,0.9856770833333334,0.9940549616228072,1.0,60.0,16.946666666666665,0.0,158.091916927905,0.14606666666666668,,150,0.8900594955744765,0.3191210553027534,0.2900594955744765,0.1574294359045847,0.8533333333333334,A,0.0010447492500000712
open,A,150,1500,0.02,0.05,0.0,,29,0.3,0.2,2.0,20,0,0.9921875,0.9921875,1.0,100.0,16.92,0.0,158.79630676512588,0.14534222222222223,,150,1.0012121155039089,0.303200841580642,0.4012121155039089,0.36291636860719406,0.92,A,0.001029662277999402
open,A,150,1500,0.04,0.05,0.0,,0,0.3,0.2,2.0,20,0,0.9954427083333334,0.9930270010964913,1.0,80.0,19.0,0.0,169.628535728158,0.14122222222222222,,150,0.9155745577480237,0.3573502200219372,0.3155745577480237,0.1807136679445771,0.8466666666666667,A,0.0010500489166661282
open,A,150,1500,0.04,0.05,0.0,,2,0.3,0.2,2.0,20,0,0.9895833333333334,0.9937123081140351,1.0,80.0,18.986666666666668,0.0,169.7834194721314,0.13999555555555557,,150,0.9395339280584297,0.3140310129668687,0.3395339280584299,0.24587081090859314,0.84,A,0.0010141250000003008
open,A,150,1500,0.04,0.05,0.0,,1,0.3,0.2,2.0,20,0,0.9876302083333334,0.9932839912280703,1.0,80.0,18.3,0.0,169.83576470403418,0.14026222222222223,,150,0.9609808796644909,0.33396121868956585,0.3609808796644907,0.26220295027755725,0.8266666666666667,A,0.0010365461946663952
open,A,150,1500,0.04,0.05,0.0,,3,0.3,0.2,2.0,20,0,0.9895833333333334,0.9921361019736842,1.0,80.0,18.16,0.0,169.5701626702259,0.14072,,150,0.9479092021203168,0.3505043441146863,0.34790920212031695,0.2231602800869963,0.92,A,0.0010169337219995214
open,A,150,1500,0.04,0.05,0.0,,4,0.3,0.2,2.0,20,0,0.9954427083333334,0.9929242050438596,1.0,60.0,17.946666666666665,0.0,169.54965319399474,0.14072,,150,0.9439249330260269,0.3342683070204528,0.34392493302602695,0.22908951046970466,0.8333333333333334,A,0.0010119195000006585
open,A,150,1500,0.04,0.05,0.0,,5,0.3,0.2,2.0,20,0,1.0,0.9942605537280703,1.0,80.0,18.44,0.0,169.3109414451013,0.14170222222222223,,150,0.9816202658789123,0.3074874619760949,0.38162026587891223,0.3398040904882039,0.92,A,0.001037656194667458
open,A,150,1500,0.04,0.05,0.0,,6,0.3,0.2,2.0,20,0,0.9986979166666666,0.9922388980263158,1.0,80.0,18.2,0.0,169.85542390455427,0.13948888888888888,,150,0.953024750080567,0.34278827202425066,0.3530247500805669,0.20629529141780595,0.84,A,0.0010167277780007377
open,A,150,1500,0.04,0.05,0.0,,7,0.3,0.2,2.0,20,0,0.9947916666666666,0.9926329495614036,1.0,80.0,18.413333333333334,0.0,169.57478316726406,0.1420488888888889,,150,0.9962988829895213,0.3315047768020816,0.39629888298952115,0.3266350400515423,0.9333333333333333,A,0.0010177996106661643
open,A,150,1500,0.04,0.05,0.0,,8,0.3,0.2,2.0,20,0,0.98828125,0.9947231359649124,1.0,60.0,18.586666666666666,0.0,170.229943007977,0.14002666666666666,,150,0.9238113308694983,0.28407244832497314,0.3238113308694984,0.2608982857841544,0.8666666666666667,A,0.0010229056666673083
open,A,150,1500,0.04,0.05,0.0,,9,0.3,0.2,2.0,20,0,0.9915364583333334,0.9919647752192983,1.0,60.0,18.233333333333334,0.0,170.22064381742481,0.13834666666666667,,150,0.9581122640890963,0.3190058740108569,0.3581122640890963,0.25125097267587604,0.9066666666666666,A,0.0010601575833340273
open,A,150,1500,0.04,0.05,0.0,,13,0.3,0.2,2.0,20,0,0.9934895833333334,0.9917591831140351,1.0,60.0,18.82,0.0,169.2320817645949,0.13952444444444445,,150,0.9262473371080362,0.33670459305949385,0.3262473371080363,0.23255954357658082,0.82,A,0.0010274077219995282
open,A,150,1500,0.04,0.05,0.0,,11,0.3,0.2,2.0,20,0,0.98828125,0.9932839912280703,1.0,80.0,18.686666666666667,0.0,169.72737420572818,0.14192444444444444,,150,0.9294977054586372,0.3308691481307726,0.3294977054586372,0.24030056319329457,0.8533333333333334,A,0.0010411390273329744
open,A,150,1500,0.04,0.05,0.0,,10,0.3,0.2,2.0,20,0,0.9694010416666666,0.9931469298245614,1.0,60.0,18.606666666666666,0.0,170.0315912842843,0.14003555555555555,,150,0.9036821071148222,0.2876578532614911,0.3036821071148223,0.23898118120081419,0.8666666666666667,A,0.0010524092226660287
open,A,150,1500,0.04,0.05,0.0,,12,0.3,0.2,2.0,20,0,0.9759114583333334,0.9932668585526317,1.0,60.0,18.02,0.0,169.1166151035605,0.1407511111111111,,150,0.9101995192176033,0.3195784918087723,0.3101995192176036,0.1931899650355871,0.8933333333333333,A,0.0010497196946671465
open,A,150,1500,0.04,0.05,0.0,,16,0.3,0.2,2.0,20,0,0.99609375,0.9937294407894737,1.0,80.0,18.486666666666668,0.0,169.53689740906978,0.14086222222222222,,150,0.9390231412908899,0.3550397835376235,0.33902314129088995,0.22225246559838963,0.84,A,0.0010313182499994582
open,A,150,1500,0.04,0.05,0.0,,14,0.3,0.2,2.0,20,0,0.99609375,0.9940035635964911,1.0,80.0,18.326666666666668,0.0,170.0905997113008,0.13938666666666666,,150,0.90499246401565,0.3488566627663118,0.3049924640156498,0.20473920091757997,0.86,A,0.00105267241666661
open,A,150,1500,0.04,0.05,0.0,,15,0.3,0.2,2.0,20,0,0.9765625,0.9913479989035089,1.0,60.0,18.326666666666668,0.0,170.60144940565917,0.13871111111111112,,150,0.9491306073579282,0.2907648183534946,0.3491306073579285,0.29139339126539976,0.8666666666666667,A,0.0010610717780000414
open,A,150,1500,0.04,0.05,0.0,,17,0.3,0.2,2.0,20,0,0.990234375,0.9931640625000002,1.0,80.0,18.606666666666666,0.0,170.4947304286595,0.13764444444444446,,150,0.9264701664216731,0.30540097680650086,0.3264701664216731,0.2302313433732377,0.9066666666666666,A,0.0010453218613341354
open,A,150,1500,0.04,0.05,0.0,,18,0.3,0.2,2.0,20,0,0.990234375,0.9912280701754387,1.0,80.0,18.093333333333334,0.0,170.2268703058646,0.14284,,150,0.9211301693414011,0.38656508646560384,0.3211301693414012,0.2061401398068589,0.8333333333333334,A,0.0010141808606664805
open,A,150,1500,0.04,0.05,0.0,,19,0.3,0.2,2.0,20,0,0.9967447916666666,0.9937465734649122,1.0,80.0,18.16,0.0,170.10117685173378,0.1396711111111111,,150,0.9407119037471875,0.31594048965098526,0.3407119037471873,0.24456077975999602,0.9,A,0.0010098681946668268
open,A,150,1500,0.04,0.05,0.0,,22,0.3,0.2,2.0,20,0,0.998046875,0.9941920230263159,1.0,80.0,18.26,0.0,170.21870171694297,0.13942666666666667,,150,0.9546372858854454,0.3121910504276766,0.35463728588544546,0.25381112213078055,0.8933333333333333,A,0.0010170601113338004
open,A,150,1500,0.04,0.05,0.0,,20,0.3,0.2,2.0,20,0,0.994140625,0.9930441337719297,1.0,80.0,18.48,0.0,168.79026275443942,0.14362222222222223,,150,0.9244055101408445,0.3166164187122017,0.32440551014084446,0.2266889261237608,0.8866666666666667,A,0.0010261702219989577
open,A,150,1500,0.04,0.05,0.0,,21,0.3,0.2,2.0,20,0,0.9947916666666666,0.9944832785087719,1.0,60.0,18.44,0.0,169.1070284524347,0.13886222222222222,,150,0.9522090910408686,0.3560827506595656,0.35220909104086845,0.24117929292673912,0.8666666666666667,A,0.001027317083334007
open,A,150,1500,0.04,0.05,0.0,,23,0.3,0.2,2.0,20,0,0.99609375,0.9945518092105263,1.0,60.0,18.366666666666667,0.0,170.04294798336963,0.1391022222222222,,150,0.9477363479156085,0.3423171624390383,0.34773634791560853,0.2580443593948131,0.8666666666666667,A,0.0010302624166664222
open,A,150,1500,0.04,0.05,0.0,,24,0.3,0.2,2.0,20,0,0.99609375,0.9934895833333335,1.0,80.0,18.66,0.0,169.41886978377755,0.14094666666666666,,150,0.9192316591920143,0.33983650229906154,0.31923165919201446,0.21511755288602336,0.8,A,0.0010274427499995607
open,A,150,1500,0.04,0.05,0.0,,25,0.3,0.2,2.0,20,0,0.998046875,0.9955626370614036,1.0,80.0,18.533333333333335,0.0,170.85347736493904,0.13784888888888888,,150,0.9475896650448756,0.3374459117917421,0.34758966504487554,0.21991281336302232,0.8933333333333333,A,0.0010196229166673826
open,A,150,1500,0.04,0.05,0.0,,26,0.3,0.2,2.0,20,0,0.99609375,0.9919990405701755,1.0,80.0,18.706666666666667,0.0,169.89962355077125,0.13940444444444444,,150,0.9862574832459097,0.3700097566777946,0.3862574832459098,0.31131892358515223,0.8933333333333333,A,0.001032626861332877
open,A,150,1500,0.04,0.05,0.0,,27,0.3,0.2,2.0,20,0,0.9772135416666666,0.9905427631578947,1.0,80.0,18.69333333333333,0.0,169.19381401482784,0.14276444444444444,,150,0.8877924968359207,0.338979185531002,0.28779249683592056,0.1930872053014857,0.8666666666666667,A,0.0010306695560005513
open,A,150,1500,0.04,0.05,0.0,,28,0.3,0.2,2.0,20,0,0.9869791666666666,0.9923245614035087,1.0,80.0,18.393333333333334,0.0,169.66915760045674,0.13992888888888888,,150,0.9233507294776044,0.3143358048285071,0.32335072947760446,0.23826702218361834,0.8933333333333333,A,0.0010438182226668383
open,A,150,1500,0.06,0.05,0.0,,0,0.3,0.2,2.0,20,0,0.9934895833333334,0.9937294407894739,1.0,80.0,21.033333333333335,0.0,184.2349554937053,0.13571111111111112,,150,0.9986434705368479,0.31870489723727613,0.39864347053684795,0.3188477772326205,0.9466666666666667,A,0.0010455851946668795
open,A,150,1500,0.04,0.05,0.0,,29,0.3,0.2,2.0,20,0,0.998046875,0.9929756030701754,1.0,80.0,18.62,0.0,169.50379301060974,0.1417511111111111,,150,0.9648317565622585,0.3193159130685707,0.36483175656225864,0.2942553505083192,0.8866666666666667,A,0.0010678714999994554
open,A,150,1500,0.06,0.05,0.0,,1,0.3,0.2,2.0,20,0,0.9986979166666666,0.994723135964912,1.0,100.0,20.933333333333334,0.0,184.01456246638116,0.13350222222222222,,150,0.9764762207366448,0.3730029203211575,0.3764762207366447,0.2312711115967886,0.86,A,0.001061617638667182
open,A,150,1500,0.06,0.05,0.0,,3,0.3,0.2,2.0,20,0,0.9934895833333334,0.9955283717105263,1.0,80.0,20.16,0.0,184.52649832542537,0.1318711111111111,,150,0.9744734713405228,0.3260803009434971,0.37447347134052283,0.27217710883646246,0.94,A,0.0010478564726666567
open,A,150,1500,0.06,0.05,0.0,,4,0.3,0.2,2.0,20,0,0.9889322916666666,0.9943119517543861,1.0,80.0,21.013333333333332,0.0,184.29640701891108,0.13435111111111112,,150,0.9622157404972757,0.3001726938432707,0.3622157404972757,0.29309063956182935,0.9133333333333333,A,0.0010487656946667509
open,A,150,1500,0.06,0.05,0.0,,2,0.3,0.2,2.0,20,0,0.9934895833333334,0.9930441337719299,1.0,60.0,20.746666666666666,0.0,184.48341003713585,0.13268,,150,0.965052026926295,0.3734647435331829,0.36505202692629496,0.26124496871306213,0.86,A,0.0010667961113334362
open,A,150,1500,0.06,0.05,0.0,,5,0.3,0.2,2.0,20,0,0.9986979166666666,0.9937637061403509,1.0,80.0,21.246666666666666,0.0,185.11683488052378,0.13419111111111112,,150,0.9401419225536176,0.3689451243907322,0.34014192255361764,0.22159602156818364,0.8666666666666667,A,0.0010703479446662338
open,A,150,1500,0.06,0.05,0.0,,6,0.3,0.2,2.0,20,0,0.9973958333333334,0.9960423519736846,1.0,60.0,21.246666666666666,0.0,185.05994027511312,0.13188,,150,0.9439092370259667,0.32733231942349206,0.3439092370259669,0.23890653350029706,0.8533333333333334,A,0.0010374212500003826
open,A,150,1500,0.06,0.05,0.0,,7,0.3,0.2,2.0,20,0,0.9869791666666666,0.9924444901315791,1.0,60.0,20.66,0.0,184.19106054799838,0.13329333333333335,,150,0.9488014975102942,0.3193528780507743,0.3488014975102942,0.2607094607397032,0.8666666666666667,A,0.0010287175280003188
open,A,150,1500,0.06,0.05,0.0,,10,0.3,0.2,2.0,20,0,0.998046875,0.9947402686403507,1.0,60.0,21.226666666666667,0.0,184.98084392402012,0.1336,,150,0.9550947618369865,0.34948770972837256,0.35509476183698646,0.25974405302187403,0.9,A,0.0010082986666675425
open,A,150,1500,0.06,0.05,0.0,,8,0.3,0.2,2.0,20,0,0.994140625,0.9932839912280703,1.0,80.0,20.84,0.0,183.85738718729553,0.13621777777777777,,150,0.9479526757384529,0.3447621346576558,0.34795267573845295,0.2397281782527736,0.8866666666666667,A,0.0010502813059999122
open,A,150,1500,0.06,0.05,0.0,,9,0.3,0.2,2.0,20,0,0.9947916666666666,0.9929756030701754,1.0,60.0,21.006666666666668,0.0,183.95517366518465,0.13384,,150,0.9199514086058558,0.34149799839975464,0.31995140860585575,0.19331004269873198,0.8666666666666667,A,0.0010623080000004847
open,A,150,1500,0.06,0.05,0.0,,12,0.3,0.2,2.0,20,0,1.0,0.9932154605263159,1.0,60.0,20.753333333333334,0.0,183.70255341721992,0.1353022222222222,,150,0.954044227934778,0.31221771739486254,0.35404422793477786,0.25970753961366366,0.9133333333333333,A,0.001031947972666482
open,A,150,1500,0.06,0.05,0.0,,11,0.3,0.2,2.0,20,0,0.9954427083333334,0.9921018366228069,1.0,60.0,21.28,0.0,183.6051604220184,0.13568444444444444,,150,0.9299763678639196,0.35468813606486016,0.3299763678639195,0.2346201453814069,0.7933333333333333,A,0.0010354216946664868
open,A,150,1500,0.06,0.05,0.0,,13,0.3,0.2,2.0,20,0,0.9993489583333334,0.9928385416666665,1.0,80.0,21.293333333333333,0.0,184.6548042348554,0.13421333333333332,,150,0.9564546055383741,0.35128132806407225,0.3564546055383742,0.22719003017861916,0.8866666666666667,A,0.0010396650833342088
open,A,150,1500,0.06,0.05,0.0,,14,0.3,0.2,2.0,20,0,0.9954427083333334,0.9945518092105265,1.0,60.0,20.733333333333334,0.0,186.10987166937798,0.12976,,150,0.9201324881209438,0.3249286593239294,0.3201324881209438,0.21210822316165834,0.8533333333333334,A,0.0010538492499993783
open,A,150,1500,0.06,0.05,0.0,,15,0.3,0.2,2.0,20,0,0.9973958333333334,0.9954941063596491,1.0,80.0,20.813333333333333,0.0,184.22671141005557,0.13419555555555557,,150,0.9337249598903126,0.29990107943712396,0.333724959890313,0.2713401130063994,0.92,A,0.0010453690833334502
open,A,150,1500,0.06,0.05,0.0,,16,0.3,0.2,2.0,20,0,0.9954427083333334,0.9946032072368423,1.0,80.0,20.78,0.0,183.55800897285678,0.1336088888888889,,150,0.9793723624678785,0.4131291692088429,0.37937236246787837,0.2880859448309448,0.8266666666666667,A,0.0010423001113328307
open,A,150,1500,0.06,0.05,0.0,,18,0.3,0.2,2.0,20,0,0.9928385416666666,0.9929070723684212,1.0,80.0,20.566666666666666,0.0,184.63034545974946,0.13398222222222222,,150,0.9474364155497832,0.33587279058528474,0.3474364155497833,0.23440256909722768,0.8933333333333333,A,0.0010474890833332513
open,A,150,1500,0.06,0.05,0.0,,17,0.3,0.2,2.0,20,0,0.98046875,0.9927014802631581,1.0,60.0,20.813333333333333,0.0,184.37756145456842,0.13433333333333333,,150,0.9609791645381703,0.31684530489266627,0.3609791645381703,0.29318261532909434,0.9066666666666666,A,0.0010746391106670975
open,A,150,1500,0.06,0.05,0.0,,19,0.3,0.2,2.0,20,0,0.9889322916666666,0.9942091557017543,1.0,80.0,20.526666666666667,0.0,184.490700402066,0.1345111111111111,,150,1.0092577478529752,0.35219006038719214,0.40925774785297514,0.33555227244600816,0.9333333333333333,A,0.0010499558053331081
open,A,150,1500,0.06,0.05,0.0,,20,0.3,0.2,2.0,20,0,0.998046875,0.9953399122807017,1.0,60.0,21.333333333333332,0.0,184.20240155597344,0.13572444444444445,,150,0.9385816691634458,0.3267043719574599,0.338581669163446,0.22110247657607218,0.8933333333333333,A,0.0010472300560007473
open,A,150,1500,0.06,0.05,0.0,,21,0.3,0.2,2.0,20,0,0.9928385416666666,0.9930783991228069,1.0,60.0,20.473333333333333,0.0,183.61449230066674,0.13406222222222222,,150,0.9445739011794023,0.32445953281995044,0.34457390117940234,0.25131776601984274,0.86,A,0.0010487443886668189
open,A,150,1500,0.06,0.05,0.0,,22,0.3,0.2,2.0,20,0,0.9993489583333334,0.9940035635964913,1.0,80.0,20.706666666666667,0.0,184.4706697916778,0.13322222222222221,,150,0.9494954410597499,0.33672855110727684,0.34949544105975006,0.22797757749389247,0.8933333333333333,A,0.001044890638666402
open,A,150,1500,0.06,0.05,0.0,,23,0.3,0.2,2.0,20,0,0.9869791666666666,0.9953570449561404,1.0,80.0,21.153333333333332,0.0,184.00730961669404,0.13507111111111111,,150,0.9618334310414961,0.3178210189026181,0.36183343104149607,0.2924996543607386,0.92,A,0.0010586199166670363
open,A,150,1500,0.06,0.05,0.0,,24,0.3,0.2,2.0,20,0,0.994140625,0.9940206962719301,1.0,80.0,20.96,0.0,183.6835033662999,0.13529777777777777,,150,0.8975539319988729,0.317039972906086,0.2975539319988732,0.1986099013343734,0.8866666666666667,A,0.0010465173893341368
open,A,150,1500,0.06,0.05,0.0,,25,0.3,0.2,2.0,20,0,0.9915364583333334,0.9931811951754386,1.0,80.0,20.966666666666665,0.0,183.931975838275,0.13335555555555556,,150,0.9338834967303697,0.3571087207934534,0.3338834967303699,0.20303528321146208,0.8333333333333334,A,0.001047636083333297
open,A,150,1500,0.06,0.05,0.0,,26,0.3,0.2,2.0,20,0,0.9928385416666666,0.9932839912280699,1.0,60.0,20.94,0.0,185.10724285238567,0.13238222222222223,,150,0.9558109069288677,0.36459606995434235,0.35581090692886763,0.22512533794440814,0.9466666666666667,A,0.001031426638666744
open,A,150,1500,0.06,0.05,0.0,,27,0.3,0.2,2.0,20,0,0.978515625,0.9941577576754387,1.0,80.0,21.22,0.0,185.00501260752498,0.13437333333333334,,150,0.9072858041567546,0.3244643077942213,0.30728580415675455,0.2091984181613819,0.84,A,0.001033728638667526
open,A,150,1500,0.06,0.05,0.0,,28,0.3,0.2,2.0,20,0,0.994140625,0.9926672149122808,1.0,60.0,21.213333333333335,0.0,183.0905860951343,0.13533333333333333,,150,0.9209287424844272,0.34915014465634236,0.3209287424844273,0.2169139141110345,0.7933333333333333,A,0.0010538136666667318
open,A,150,1500,0.06,0.05,0.0,,29,0.3,0.2,2.0,20,0,0.9993489583333334,0.9940035635964911,1.0,80.0,21.826666666666668,0.0,182.35407625608954,0.13691111111111112,,150,0.9499782037111782,0.363689308199863,0.3499782037111785,0.21967282329236076,0.92,A,0.0010429398053335415
open,A,150,1500,0.08,0.05,0.0,,0,0.3,0.2,2.0,20,0,1.0,0.9923245614035089,1.0,80.0,24.69333333333333,0.0,201.91649736198752,0.13017777777777778,,150,1.0234273837451113,0.33130949983820673,0.42342738374511113,0.3733016957007349,0.8933333333333333,A,0.0010558938053327439
open,A,150,1500,0.08,0.05,0.0,,1,0.3,0.2,2.0,20,0,0.9967447916666666,0.9950315241228069,1.0,60.0,24.56,0.0,203.00912451207634,0.12661333333333333,,150,0.9618399320620167,0.31160915447607596,0.36183993206201664,0.2941428624666205,0.8666666666666667,A,0.0010767288333324056
open,A,150,1500,0.08,0.05,0.0,,2,0.3,0.2,2.0,20,0,0.9895833333333334,0.9935238486842103,1.0,100.0,25.366666666666667,0.0,202.02393091094788,0.13112888888888888,,150,0.9245395011856654,0.330301501333251,0.32453950118566527,0.2114022883766804,0.8266666666666667,A,0.001069570027999968
open,A,150,1500,0.08,0.05,0.0,,3,0.3,0.2,2.0,20,0,0.9908854166666666,0.9935409813596491,1.0,60.0,23.8,0.0,201.8912836481891,0.12828,,150,0.9349898778846663,0.39515947451987044,0.3349898778846662,0.19248110848137495,0.8266666666666667,A,0.0010615479999990687
open,A,150,1500,0.08,0.05,0.0,,4,0.3,0.2,2.0,20,0,0.9973958333333334,0.9932325932017547,1.0,80.0,24.413333333333334,0.0,202.26894714191928,0.131,,150,0.9747058830860954,0.3451131762705163,0.3747058830860955,0.2756954278410092,0.92,A,0.0010645441393341269
open,A,150,1500,0.08,0.05,0.0,,5,0.3,0.2,2.0,20,0,0.9921875,0.9941920230263156,1.0,80.0,24.053333333333335,0.0,203.6083484970135,0.12661333333333333,,150,0.9475868888598465,0.29489484424701756,0.34758688885984657,0.29074153092418137,0.8866666666666667,A,0.0010591174166668983
open,A,150,1500,0.08,0.05,0.0,,6,0.3,0.2,2.0,20,0,1.0,0.9950829221491228,1.0,80.0,24.273333333333333,0.0,202.82737391470653,0.12862222222222222,,150,0.9547975620240127,0.31526437864677687,0.3547975620240128,0.27483654735208796,0.88,A,0.0010553161113336198
open,A,150,1500,0.08,0.05,0.0,,7,0.3,0.2,2.0,20,0,0.994140625,0.994003563596491,1.0,80.0,24.633333333333333,0.0,202.37533376907916,0.12785333333333335,,150,0.9708271814640613,0.35114915694998433,0.37082718146406163,0.30728032066532573,0.9,A,0.0010785906666666658
open,A,150,1500,0.08,0.05,0.0,,8,0.3,0.2,2.0,20,0,0.9993489583333334,0.9917591831140351,1.0,60.0,24.226666666666667,0.0,201.85662317753366,0.12880444444444444,,150,0.9958950384084684,0.2866256469924569,0.39589503840846846,0.35501659965888643,0.9466666666666667,A,0.0010632917226672967
open,A,150,1500,0.08,0.05,0.0,,9,0.3,0.2,2.0,20,0,0.9876302083333334,0.9930441337719299,1.0,80.0,24.14666666666667,0.0,202.3217428215446,0.12849777777777777,,150,0.9390710248796548,0.3159283742698166,0.3390710248796548,0.24273097887538925,0.86,A,0.001048322388665838
open,A,150,1500,0.08,0.05,0.0,,10,0.3,0.2,2.0,20,0,0.9967447916666666,0.9951171874999998,1.0,80.0,24.066666666666666,0.0,201.72052340931185,0.12737333333333334,,150,0.9772282156379863,0.31403025662196,0.3772282156379861,0.2698253983064752,0.8933333333333333,A,0.001065717277332927
open,A,150,1500,0.08,0.05,0.0,,11,0.3,0.2,2.0,20,0,0.9830729166666666,0.9942091557017543,1.0,80.0,24.893333333333334,0.0,202.81083429514504,0.12990222222222222,,150,0.9378826506356339,0.33609559201943223,0.33788265063563405,0.23641395465155385,0.8666666666666667,A,0.001066695777333128
open,A,150,1500,0.08,0.05,0.0,,12,0.3,0.2,2.0,20,0,0.9947916666666666,0.9952713815789473,1.0,80.0,24.153333333333332,0.0,202.19807226234587,0.12852,,150,0.950187498474753,0.32755772373889097,0.3501874984747529,0.21591806537570507,0.92,A,0.0010626386113338716
open,A,150,1500,0.08,0.05,0.0,,13,0.3,0.2,2.0,20,0,0.998046875,0.9946374725877194,1.0,80.0,23.953333333333333,0.0,203.12774089775897,0.12667555555555557,,150,1.0103196218204478,0.3309944298308286,0.4103196218204477,0.3163048331242233,0.9,A,0.0010624319166660523
open,A,150,1500,0.08,0.05,0.0,,14,0.3,0.2,2.0,20,0,0.994140625,0.9921875000000002,1.0,60.0,24.093333333333334,0.0,202.91493229008597,0.12789333333333333,,150,0.9741411511431388,0.3373139782356899,0.37414115114313873,0.2723306404861118,0.8933333333333333,A,0.0010431828060003074
open,A,150,1500,0.08,0.05,0.0,,15,0.3,0.2,2.0,20,0,0.9791666666666666,0.9957168311403507,1.0,100.0,24.14666666666667,0.0,202.71834821344515,0.12906222222222222,,150,0.9298991041764593,0.34966859170973247,0.32989910417645923,0.23061257539072022,0.88,A,0.0010455308053339345
open,A,150,1500,0.08,0.05,0.0,,16,0.3,0.2,2.0,20,0,0.9986979166666666,0.994397615131579,1.0,100.0,24.426666666666666,0.0,202.70079312482233,0.12918222222222223,,150,0.9980531001527944,0.3131964125877179,0.39805310015279444,0.33104220606646695,0.92,A,0.001073418471999806
open,A,150,1500,0.08,0.05,0.0,,17,0.3,0.2,2.0,20,0,0.9895833333333334,0.9934381853070177,1.0,80.0,24.086666666666666,0.0,202.8418148804606,0.12564444444444445,,150,0.9470560794559939,0.3142843142292102,0.34705607945599404,0.24805566682357494,0.88,A,0.0010550651946662887
open,A,150,1500,0.08,0.05,0.0,,18,0.3,0.2,2.0,20,0,0.9895833333333334,0.9928214089912282,1.0,80.0,24.513333333333332,0.0,201.85712572666526,0.1308,,150,0.9502871571506495,0.3312453257264812,0.3502871571506497,0.2684727117171456,0.88,A,0.0010829860000000431
open,A,150,1500,0.08,0.05,0.0,,19,0.3,0.2,2.0,20,0,0.9973958333333334,0.9947916666666667,1.0,80.0,24.14,0.0,201.86367455558835,0.13103555555555554,,150,0.9109693105068298,0.35444058208900914,0.31096931050682997,0.19912058058185245,0.8466666666666667,A,0.00108501441666643
open,A,150,1500,0.08,0.05,0.0,,20,0.3,0.2,2.0,20,0,0.9986979166666666,0.9949458607456139,1.0,80.0,24.24,0.0,202.7485208235718,0.1296577777777778,,150,0.9775379277386882,0.35569647528902765,0.3775379277386881,0.2714821004237808,0.88,A,0.0010621108059992064
open,A,150,1500,0.08,0.05,0.0,,21,0.3,0.2,2.0,20,0,0.9954427083333334,0.9927357456140351,1.0,80.0,24.68,0.0,201.88147594215124,0.12982222222222223,,150,0.9908003710393807,0.3156699549706866,0.3908003710393808,0.3092254344645151,0.8933333333333333,A,0.001058177861332903
open,A,150,1500,0.08,0.05,0.0,,23,0.3,0.2,2.0,20,0,0.9915364583333334,0.9927186129385966,1.0,80.0,24.426666666666666,0.0,202.0141397564724,0.12990222222222222,,150,0.9692284159655249,0.3708198958837071,0.36922841596552514,0.23787165311996528,0.9466666666666667,A,0.0010565483059993615
open,A,150,1500,0.08,0.05,0.0,,22,0.3,0.2,2.0,20,0,0.9947916666666666,0.9954084429824558,1.0,80.0,24.78,0.0,202.418224693123,0.12990222222222222,,150,0.9677527033576386,0.3310282223992121,0.3677527033576385,0.28106454671530984,0.9,A,0.0010687023333339311
open,A,150,1500,0.08,0.05,0.0,,24,0.3,0.2,2.0,20,0,0.9928385416666666,0.9939692982456139,1.0,60.0,24.42,0.0,201.27240459623837,0.12917333333333333,,150,0.9389789539838285,0.3186113582848747,0.3389789539838286,0.29224913349602577,0.8933333333333333,A,0.0010646489999999176
open,A,150,1500,0.08,0.05,0.0,,25,0.3,0.2,2.0,20,0,0.9967447916666666,0.9933867872807017,1.0,80.0,24.06,0.0,202.43414754097446,0.12942666666666666,,150,1.0012767073507116,0.3407117431828418,0.4012767073507117,0.31754900738464387,0.8733333333333333,A,0.0010603131946675907
open,A,150,1500,0.08,0.05,0.0,,27,0.3,0.2,2.0,20,0,0.9908854166666666,0.9928214089912281,1.0,100.0,24.533333333333335,0.0,201.66670271244993,0.1312311111111111,,150,0.9414884354189227,0.3144702326113952,0.3414884354189228,0.23528636393372226,0.9466666666666667,A,0.0010341542500003319
open,A,150,1500,0.08,0.05,0.0,,26,0.3,0.2,2.0,20,0,1.0,0.9908340186403509,1.0,100.0,24.513333333333332,0.0,201.43767842835675,0.12919555555555556,,150,0.9555001924537544,0.3763235564667911,0.3555001924537542,0.19931622310882002,0.9066666666666666,A,0.0010871540553331822
open,A,150,1500,0.08,0.05,0.0,,28,0.3,0.2,2.0,20,0,0.994140625,0.9925644188596493,1.0,100.0,24.48,0.0,200.57395958708236,0.13255111111111112,,150,0.9011017958501759,0.2866079852400464,0.301101795850176,0.2295552626762441,0.84,A,0.0010666272500008441
open,A,150,1500,0.08,0.05,0.0,,29,0.3,0.2,2.0,20,0,0.9967447916666666,0.9932154605263156,1.0,80.0,24.58,0.0,201.75909505732633,0.1313777777777778,,150,0.9828821006494532,0.348168306727671,0.38288210064945327,0.2798606825113025,0.88,A,0.0010695656106666624
open,A,150,1500,0.1,0.05,0.0,,0,0.3,0.2,2.0,20,0,0.9954427083333334,0.9919647752192982,1.0,80.0,28.473333333333333,0.0,222.57677573795172,0.12521333333333334,,150,0.9501454394809942,0.3127749066369054,0.35014543948099414,0.26416718975137243,0.9466666666666667,A,0.0010809051946659262
open,A,150,1500,0.1,0.05,0.0,,1,0.3,0.2,2.0,20,0,0.9928385416666666,0.9928556743421051,1.0,100.0,28.053333333333335,0.0,222.60328553625988,0.125,,150,0.9585875150018253,0.3282271597648017,0.3585875150018252,0.2736660512769511,0.92,A,0.0010852223613328532
open,A,150,1500,0.1,0.05,0.0,,2,0.3,0.2,2.0,20,0,0.9993489583333334,0.9919990405701755,1.0,100.0,27.92,0.0,223.99943757516195,0.12379111111111112,,150,0.9336137229433774,0.32628557872108854,0.3336137229433775,0.21761969012112226,0.9133333333333333,A,0.0010887985833336036
open,A,150,1500,0.1,0.05,0.0,,3,0.3,0.2,2.0,20,0,0.9973958333333334,0.9935752467105263,1.0,80.0,27.3,0.0,223.90812367069657,0.1222,,150,0.925702096298581,0.2956326496910184,0.3257020962985811,0.23804032197830338,0.9,A,0.0010853840833333378
open,A,150,1500,0.1,0.05,0.0,,4,0.3,0.2,2.0,20,0,0.99609375,0.9948259320175438,1.0,80.0,27.513333333333332,0.0,223.42767155878036,0.12338222222222223,,150,0.9923055111502594,0.33772522433299834,0.3923055111502594,0.3216761304164962,0.9066666666666666,A,0.001070329499999692
open,A,150,1500,0.1,0.05,0.0,,6,0.3,0.2,2.0,20,0,0.9915364583333334,0.9910738760964911,1.0,100.0,27.19333333333333,0.0,222.69175863741174,0.12269333333333333,,150,0.9585183978378641,0.31893482860543476,0.35851839783786404,0.2763814535106123,0.88,A,0.0010728591113341585
open,A,150,1500,0.1,0.05,0.0,,5,0.3,0.2,2.0,20,0,0.98046875,0.9913479989035089,1.0,100.0,27.573333333333334,0.0,223.91463899427362,0.12448888888888889,,150,0.9415428402211434,0.32207334311831715,0.34154284022114323,0.25141147378840073,0.96,A,0.0011009548053334582
open,A,150,1500,0.1,0.05,0.0,,7,0.3,0.2,2.0,20,0,0.998046875,0.9920847039473686,1.0,80.0,27.986666666666668,0.0,223.1192429414804,0.12532,,150,0.9270536370833433,0.35128753278874414,0.3270536370833432,0.24691304738062597,0.9066666666666666,A,0.0010874206666667305
open,A,150,1500,0.1,0.05,0.0,,8,0.3,0.2,2.0,20,0,0.9921875,0.9922388980263159,1.0,80.0,27.92,0.0,223.20618876853948,0.12517333333333333,,150,0.9808255716599653,0.34108432079772627,0.3808255716599653,0.262270490425518,0.9066666666666666,A,0.0010967639439998795
open,A,150,1500,0.1,0.05,0.0,,9,0.3,0.2,2.0,20,0,0.9993489583333334,0.9940892269736842,1.0,80.0,28.2,0.0,223.76901901338113,0.12369777777777778,,150,0.9609556619337877,0.3295697768281196,0.3609556619337879,0.26920801373590253,0.9133333333333333,A,0.0010790265833335677
open,A,150,1500,0.1,0.05,0.0,,10,0.3,0.2,2.0,20,0,0.9739583333333334,0.9933696546052632,1.0,80.0,27.973333333333333,0.0,223.85461527278738,0.12327555555555555,,150,0.94192881825122,0.2842058399000777,0.34192881825121996,0.2677794867853653,0.92,A,0.0010826126113339949
open,A,150,1500,0.1,0.05,0.0,,11,0.3,0.2,2.0,20,0,0.9850260416666666,0.9910224780701752,1.0,100.0,28.08,0.0,222.0987493403798,0.12739111111111112,,150,0.9846156356390907,0.358513767905206,0.38461563563909085,0.29436451459676133,0.86,A,0.0010789621113326574
open,A,150,1500,0.1,0.05,0.0,,12,0.3,0.2,2.0,20,0,0.9811197916666666,0.9937979714912278,1.0,100.0,27.866666666666667,0.0,223.31051042353303,0.12282222222222222,,150,0.9731567491492717,0.32714692607242496,0.3731567491492718,0.31135403529717187,0.92,A,0.001067859666665754
open,A,150,1500,0.1,0.05,0.0,,13,0.3,0.2,2.0,20,0,0.9986979166666666,0.9947745339912281,1.0,80.0,27.85333333333333,0.0,223.5828520737714,0.12344,,150,0.9586443925769768,0.3254930669349396,0.35864439257697683,0.32152586877010847,0.86,A,0.0010534939446661155
open,A,150,1500,0.1,0.05,0.0,,14,0.3,0.2,2.0,20,0,0.9993489583333334,0.9933696546052634,1.0,60.0,27.366666666666667,0.0,223.724849862591,0.12112444444444445,,150,0.9542567240448113,0.3342432560230664,0.35425672404481123,0.28372119139997676,0.9333333333333333,A,0.001080247499999435
open,A,150,1500,0.1,0.05,0.0,,15,0.3,0.2,2.0,20,0,0.986328125,0.992907072368421,1.0,100.0,28.153333333333332,0.0,222.1376271810226,0.12782666666666667,,150,0.9560779330349835,0.3173981786956508,0.3560779330349834,0.26409588778206183,0.9,A,0.0011010703053337542
open,A,150,1500,0.1,0.05,0.0,,16,0.3,0.2,2.0,20,0,0.9915364583333334,0.9918448464912281,1.0,100.0,27.066666666666666,0.0,223.8095362342843,0.12297777777777778,,150,0.9302262452163759,0.3343584234231349,0.33022624521637595,0.19751000887868114,0.8933333333333333,A,0.0010787235553337572
open,A,150,1500,0.1,0.05,0.0,,17,0.3,0.2,2.0,20,0,0.99609375,0.9946203399122808,1.0,80.0,27.14666666666667,0.0,223.43555405461603,0.12201333333333333,,150,0.9358371831456493,0.29044661771114827,0.3358371831456493,0.26296438668523353,0.96,A,0.0010665796113341155
open,A,150,1500,0.1,0.05,0.0,,18,0.3,0.2,2.0,20,0,0.99609375,0.9936780427631583,1.0,80.0,27.046666666666667,0.0,223.80256353184902,0.12285333333333333,,150,0.9631915338942659,0.31274905616710347,0.3631915338942663,0.2868830722634935,0.94,A,0.00109830355533389
open,A,150,1500,0.1,0.05,0.0,,21,0.3,0.2,2.0,20,0,0.99609375,0.9932497258771928,1.0,80.0,28.373333333333335,0.0,222.95824044996576,0.12416444444444444,,150,0.9952855774630142,0.35315870924362197,0.39528557746301424,0.32570440367922676,0.8933333333333333,A,0.0011097743886663617
open,A,150,1500,0.1,0.05,0.0,,19,0.3,0.2,2.0,20,0,0.9973958333333334,0.9917763157894737,1.0,100.0,27.52,0.0,222.52567806581422,0.12468444444444444,,150,0.9447801089604568,0.32332579947957385,0.34478010896045674,0.22833220231590345,0.9,A,0.0011214159166665922
open,A,150,1500,0.1,0.05,0.0,,20,0.3,0.2,2.0,20,0,0.9921875,0.9932497258771932,1.0,80.0,28.56,0.0,221.3220915676146,0.13024444444444444,,150,0.9172706260694675,0.29993606709782566,0.31727062606946743,0.22564443531887957,0.9066666666666666,A,0.001128811972666881
open,A,150,1500,0.1,0.05,0.0,,22,0.3,0.2,2.0,20,0,0.99609375,0.9953741776315788,1.0,60.0,28.093333333333334,0.0,224.40768742205373,0.12248444444444445,,150,0.9690853583917626,0.3559098415904235,0.3690853583917625,0.2906993041215332,0.84,A,0.001136157971999637
open,A,150,1500,0.1,0.05,0.0,,23,0.3,0.2,2.0,20,0,0.9928385416666666,0.9944147478070174,1.0,100.0,28.726666666666667,0.0,223.23984249715946,0.12534666666666666,,150,0.9629357079081492,0.36089855217950156,0.362935707908149,0.27316380590941614,0.8466666666666667,A,0.0011147422780001459
open,A,150,1500,0.1,0.05,0.0,,24,0.3,0.2,2.0,20,0,0.9993489583333334,0.9930098684210527,1.0,80.0,28.086666666666666,0.0,222.5522820566506,0.12494222222222222,,150,0.9545254766871502,0.35971739983432643,0.35452547668715034,0.23519285382349764,0.8866666666666667,A,0.0011116476666672194
open,A,150,1500,0.1,0.05,0.0,,25,0.3,0.2,2.0,20,0,0.9915364583333334,0.9915193256578947,1.0,100.0,28.22,0.0,222.59433282021652,0.1262177777777778,,150,0.9436335138177947,0.3465696462513308,0.3436335138177946,0.22131441167632604,0.8933333333333333,A,0.0011285604999999729
open,A,150,1500,0.1,0.05,0.0,,26,0.3,0.2,2.0,20,0,0.994140625,0.9945860745614036,1.0,80.0,27.886666666666667,0.0,224.03991556951374,0.12072,,150,0.9476000868979105,0.34883889634391974,0.3476000868979106,0.2257886766574615,0.8533333333333334,A,0.0011109764446664485
open,A,150,1500,0.1,0.05,0.0,,27,0.3,0.2,2.0,20,0,0.990234375,0.9912623355263158,1.0,80.0,27.526666666666667,0.0,222.60905216723253,0.12451555555555556,,150,0.9279096452453452,0.35124402583383346,0.3279096452453454,0.2087066181038969,0.96,A,0.0010941189166672606
open,A,150,1500,0.1,0.05,0.0,,28,0.3,0.2,2.0,20,0,0.9973958333333334,0.9943290844298246,1.0,80.0,27.44,0.0,222.80765779413966,0.1252088888888889,,150,0.9797343690028185,0.30890941844864284,0.3797343690028185,0.3101576873925821,0.8933333333333333,A,0.0010939048886672632
open,A,150,1500,0.1,0.05,0.0,,29,0.3,0.2,2.0,20,0,0.9889322916666666,0.9940549616228069,1.0,100.0,28.19333333333333,0.0,222.9925768779544,0.12516,,150,0.9192109993705864,0.2885125789531471,0.31921099937058633,0.24597006284044165,0.88,A,0.0010950486946664265
open,A,150,1500,0.12,0.05,0.0,,0,0.3,0.2,2.0,20,0,0.990234375,0.9919305098684209,1.0,120.0,31.946666666666665,0.0,244.73994343468996,0.12218666666666667,,150,0.9731605750525341,0.31094200874708317,0.3731605750525344,0.33414330870143566,0.8466666666666667,A,0.001133083528001104
open,A,150,1500,0.12,0.05,0.0,,1,0.3,0.2,2.0,20,0,0.9947916666666666,0.9904228344298245,1.0,100.0,30.986666666666668,0.0,247.16592984514276,0.11884888888888889,,150,0.9285051747009496,0.32559408429958786,0.3285051747009496,0.1919328425328034,0.8866666666666667,A,0.0011160401666663045
open,A,150,1500,0.12,0.05,0.0,,2,0.3,0.2,2.0,20,0,0.9967447916666666,0.9947231359649122,1.0,80.0,32.166666666666664,0.0,245.02807072432464,0.12594222222222223,,150,0.9591695386719861,0.35845022073070154,0.3591695386719861,0.2472456977920982,0.88,A,0.0010956101113333717
open,A,150,1500,0.12,0.05,0.0,,3,0.3,0.2,2.0,20,0,0.9967447916666666,0.9919133771929826,1.0,80.0,31.82,0.0,245.56934688718184,0.12183111111111111,,150,0.9594053231768108,0.3362387227839982,0.3594053231768108,0.2516685159638041,0.8733333333333333,A,0.0011077741113331284
open,A,150,1500,0.12,0.05,0.0,,4,0.3,0.2,2.0,20,0,0.9908854166666666,0.9933867872807017,1.0,80.0,31.54,0.0,245.44128372256455,0.12165333333333334,,150,0.9954987888284526,0.3387426442147431,0.39549878882845274,0.3527810845830717,0.8933333333333333,A,0.001118060527999963
open,A,150,1500,0.12,0.05,0.0,,5,0.3,0.2,2.0,20,0,0.9928385416666666,0.9936266447368419,1.0,80.0,31.42,0.0,246.64082381800773,0.11877777777777777,,150,0.9624515557565209,0.3110447569507503,0.36245155575652094,0.2810254736512413,0.9466666666666667,A,0.0010972919446673283
open,A,150,1500,0.12,0.05,0.0,,6,0.3,0.2,2.0,20,0,0.9928385416666666,0.9921703673245611,1.0,100.0,30.946666666666665,0.0,247.01850397758787,0.11928,,150,0.9223149531938808,0.31429631276506986,0.3223149531938808,0.22608241231344095,0.86,A,0.0011171983333333629
open,A,150,1500,0.12,0.05,0.0,,7,0.3,0.2,2.0,20,0,0.9895833333333334,0.9928214089912282,1.0,80.0,31.526666666666667,0.0,247.1905841567325,0.12067111111111112,,150,0.9383389621680457,0.3740900147442672,0.3383389621680456,0.22601796701672272,0.8,A,0.0011194294999998724
open,A,150,1500,0.12,0.05,0.0,,8,0.3,0.2,2.0,20,0,0.9889322916666666,0.9911766721491228,1.0,80.0,32.39333333333333,0.0,246.1233644573276,0.12114222222222222,,150,0.9428095845773167,0.35329602886561196,0.3428095845773166,0.22827761701675803,0.9266666666666666,A,0.0011131278053338367
open,A,150,1500,0.12,0.05,0.0,,9,0.3,0.2,2.0,20,0,0.9791666666666666,0.9933696546052632,1.0,100.0,32.593333333333334,0.0,245.80326261101408,0.12188444444444445,,150,0.8875459172130299,0.30540840300905253,0.28754591721302974,0.20357846187932999,0.92,A,0.0011230391106667715
open,A,150,1500,0.12,0.05,0.0,,10,0.3,0.2,2.0,20,0,0.9869791666666666,0.9855914199561401,1.0,100.0,31.793333333333333,0.0,246.54702827392111,0.12332,,150,0.9817810635405886,0.38129775759077245,0.3817810635405885,0.2798213042357816,0.9,A,0.0011283692226667578
open,A,150,1500,0.12,0.05,0.0,,11,0.3,0.2,2.0,20,0,0.99609375,0.9933696546052634,1.0,100.0,31.526666666666667,0.0,245.96803088234364,0.12045777777777777,,150,0.9137541302097663,0.3007731376125019,0.31375413020976634,0.20373939352849968,0.9133333333333333,A,0.0011139759439999276
open,A,150,1500,0.12,0.05,0.0,,12,0.3,0.2,2.0,20,0,0.9921875,0.9912452028508772,1.0,100.0,31.14666666666667,0.0,245.28558621362123,0.1218888888888889,,150,0.961635105414166,0.3425342857996205,0.361635105414166,0.2659379372409886,0.88,A,0.0011234743333334335
open,A,150,1500,0.12,0.05,0.0,,13,0.3,0.2,2.0,20,0,0.9954427083333334,0.9927871436403509,1.0,80.0,31.16,0.0,246.5366880719696,0.11946222222222222,,150,0.9575128708170496,0.4007025643135661,0.35751287081704963,0.22189287959307957,0.8466666666666667,A,0.0011128550279997096
open,A,150,1500,0.12,0.05,0.0,,14,0.3,0.2,2.0,20,0,0.9993489583333334,0.9939864309210528,1.0,80.0,31.413333333333334,0.0,246.89605505010215,0.11926222222222223,,150,0.9231611107928639,0.30065413597974566,0.3231611107928638,0.28814660201730075,0.9066666666666666,A,0.001120680888667266
open,A,150,1500,0.12,0.05,0.0,,15,0.3,0.2,2.0,20,0,0.9967447916666666,0.9933011239035087,1.0,100.0,32.11333333333334,0.0,244.10938640552132,0.12472,,150,1.0115665754184013,0.32999942794110704,0.4115665754184013,0.33771608579966084,0.9066666666666666,A,0.0011024123613339422
open,A,150,1500,0.12,0.05,0.0,,16,0.3,0.2,2.0,20,0,0.9993489583333334,0.990953947368421,1.0,120.0,32.21333333333333,0.0,245.35649351479879,0.12406222222222223,,150,0.9496438886176097,0.32477099843621676,0.3496438886176098,0.26588537336407025,0.9,A,0.001058955639332756
open,A,150,1500,0.12,0.05,0.0,,17,0.3,0.2,2.0,20,0,0.9973958333333334,0.9949801260964913,1.0,80.0,30.946666666666665,0.0,247.0927849973317,0.11971111111111112,,150,0.9674474985052958,0.3725513193709473,0.36744749850529584,0.23005876759846106,0.9,A,0.0011021731946663446
open,A,150,1500,0.12,0.05,0.0,,18,0.3,0.2,2.0,20,0,0.990234375,0.9916906524122806,1.0,80.0,31.26,0.0,245.829204987027,0.12103555555555555,,150,1.0164621329555352,0.32056452131155655,0.41646213295553514,0.3470292607647293,0.8933333333333333,A,0.0011244160280002688
open,A,150,1500,0.12,0.05,0.0,,19,0.3,0.2,2.0,20,0,0.9928385416666666,0.9919476425438598,1.0,100.0,31.98,0.0,244.731833320669,0.12433777777777778,,150,0.9724051850440124,0.3538321475920169,0.3724051850440125,0.2564186128457639,0.88,A,0.0010800659726664889
open,A,150,1500,0.12,0.05,0.0,,20,0.3,0.2,2.0,20,0,0.99609375,0.9914336622807017,1.0,100.0,32.77333333333333,0.0,244.24255216956925,0.12597777777777777,,150,0.9183562257988204,0.29466717307543017,0.31835622579882045,0.22676758736189911,0.8933333333333333,A,0.0010816608060000969
open,A,150,1500,0.12,0.05,0.0,,21,0.3,0.2,2.0,20,0,0.9993489583333334,0.9929927357456141,1.0,80.0,30.56,0.0,246.6805058312548,0.11826222222222223,,150,0.9561279810883349,0.34780087034387447,0.35612798108833477,0.24796704082128596,0.9066666666666666,A,0.0010993414719996507
open,A,150,1500,0.12,0.05,0.0,,22,0.3,0.2,2.0,20,0,0.9895833333333334,0.9927528782894739,1.0,80.0,31.513333333333332,0.0,246.0026875159986,0.11956888888888889,,150,0.9919238314565886,0.30206840802373786,0.3919238314565887,0.3263630522143096,0.92,A,0.0010787663053330712
open,A,150,1500,0.12,0.05,0.0,,23,0.3,0.2,2.0,20,0,0.9915364583333334,0.993849369517544,1.0,140.0,31.066666666666666,0.0,246.06752978951715,0.12186666666666666,,150,0.9359398174994298,0.31300796838893813,0.3359398174994297,0.23674139465774252,0.9266666666666666,A,0.0010965287780005989
open,A,150,1500,0.12,0.05,0.0,,24,0.3,0.2,2.0,20,0,0.9967447916666666,0.9934381853070173,1.0,80.0,31.726666666666667,0.0,246.40627315449615,0.11990666666666666,,150,1.0091134492647111,0.32598847201624026,0.4091134492647111,0.33861559653797246,0.8866666666666667,A,0.001110992944000221
open,A,150,1500,0.12,0.05,0.0,,25,0.3,0.2,2.0,20,0,0.9947916666666666,0.9927186129385964,1.0,100.0,32.21333333333333,0.0,244.97422510824714,0.12547555555555556,,150,0.922969002007973,0.35671678513053534,0.32296900200797307,0.17533237662010642,0.8266666666666667,A,0.0011036836386665526
open,A,150,1500,0.12,0.05,0.0,,26,0.3,0.2,2.0,20,0,0.9830729166666666,0.9935752467105265,1.0,100.0,32.1,0.0,246.88405032167122,0.12074666666666667,,150,0.949012697023043,0.2992529849697493,0.349012697023043,0.30272562050216095,0.84,A,0.001107849194000058
open,A,150,1500,0.12,0.05,0.0,,27,0.3,0.2,2.0,20,0,0.9973958333333334,0.9899088541666665,1.0,100.0,31.9,0.0,245.15639516610162,0.12221333333333333,,150,0.9431327492605137,0.35229467177949503,0.34313274926051357,0.24777909476892457,0.9066666666666666,A,0.001094151638666517
open,A,150,1500,0.12,0.05,0.0,,28,0.3,0.2,2.0,20,0,0.9934895833333334,0.9928042763157895,1.0,100.0,30.993333333333332,0.0,246.05367405728214,0.12110666666666667,,150,0.9334705910876666,0.33495687434680205,0.33347059108766675,0.23893816192988665,0.8466666666666667,A,0.0011023454166667458
open,A,150,1500,0.12,0.05,0.0,,29,0.3,0.2,2.0,20,0,0.9876302083333334,0.9903885690789473,1.0,100.0,31.28,0.0,245.27358500365347,0.12322666666666666,,150,0.961798566228039,0.3180035437696004,0.36179856622803913,0.2875490952601331,0.9333333333333333,A,0.0010860371386661428
open,B,150,1500,0.0,0.05,0.0,,0,0.3,0.2,2.0,20,0,1.0,1.0,1.0,40.0,2.94,0.0,87.43930101437378,0.09542222222222223,,150,1.1526930216184461,0.2621188540026197,0.552693021618446,0.5626130357027744,0.96,B,0.00567290397200001
open,B,150,1500,0.0,0.05,0.0,,1,0.3,0.2,2.0,20,0,1.0,1.0,1.0,40.0,2.72,0.0,86.49826331773598,0.08848,,150,1.09461002224613,0.2707927507366447,0.4946100222461297,0.47516503728051407,0.94,B,0.005627754888667066
open,B,150,1500,0.0,0.05,0.0,,2,0.3,0.2,2.0,20,0,1.0,1.0,1.0,40.0,2.7533333333333334,0.0,86.7203678398493,0.08753333333333334,,150,1.166524971168913,0.2669239330638206,0.5665249711689128,0.5900691587669394,0.96,B,0.005634465611333629
open,B,150,1500,0.0,0.05,0.0,,4,0.3,0.2,2.0,20,0,1.0,1.0,1.0,40.0,2.513333333333333,0.0,86.69191802547518,0.09080888888888888,,150,1.115546389204811,0.285257097782894,0.5155463892048112,0.5281493874415427,0.88,B,0.005538178666666984
open,B,150,1500,0.0,0.05,0.0,,3,0.3,0.2,2.0,20,0,1.0,1.0,1.0,40.0,2.7466666666666666,0.0,87.02810026677116,0.08916444444444445,,150,1.170567385845491,0.25513855248197725,0.570567385845491,0.6284182305151524,0.96,B,0.0055817402226663645
open,B,150,1500,0.0,0.05,0.0,,5,0.3,0.2,2.0,20,0,1.0,1.0,1.0,40.0,2.86,0.0,86.2149751123129,0.08987111111111111,,150,1.1232267943376717,0.2805456001512566,0.5232267943376718,0.5420925873443017,0.9266666666666666,B,0.005553003500001068
open,B,150,1500,0.0,0.05,0.0,,6,0.3,0.2,2.0,20,0,1.0,1.0,1.0,40.0,2.7866666666666666,0.0,87.2809768859456,0.08882222222222222,,150,1.1154352782540748,0.2756601096786363,0.5154352782540749,0.5058450122538192,0.9266666666666666,B,0.005582112110667367
open,B,150,1500,0.0,0.05,0.0,,8,0.3,0.2,2.0,20,0,1.0,1.0,1.0,40.0,2.7666666666666666,0.0,86.79928019424166,0.09345777777777778,,150,1.158105616243272,0.27805685167192934,0.5581056162432717,0.5667759789433665,0.96,B,0.0055802253606671
open,B,150,1500,0.0,0.05,0.0,,7,0.3,0.2,2.0,20,0,1.0,1.0,1.0,40.0,2.6466666666666665,0.0,87.14474747394893,0.09044444444444444,,150,1.1256566100910477,0.30411687176609087,0.5256566100910476,0.5447581078857354,0.8466666666666667,B,0.0055947882500004195
open,B,150,1500,0.0,0.05,0.0,,9,0.3,0.2,2.0,20,0,1.0,1.0,1.0,40.0,2.8266666666666667,0.0,87.38492339522207,0.09054222222222222,,150,1.1126539771840087,0.28149217567428275,0.5126539771840087,0.5549375165754706,0.9466666666666667,B,0.005595884944666371
open,B,150,1500,0.0,0.05,0.0,,10,0.3,0.2,2.0,20,0,1.0,1.0,1.0,40.0,2.993333333333333,0.0,87.20384221798861,0.09232,,150,1.1329531043464656,0.27885034886931037,0.5329531043464656,0.5478062126307985,0.92,B,0.005622939555333384
open,B,150,1500,0.0,0.05,0.0,,11,0.3,0.2,2.0,20,0,1.0,1.0,1.0,40.0,2.88,0.0,86.9160786532727,0.08742666666666667,,150,1.154381847164902,0.2736086134162097,0.554381847164902,0.5702441627167686,0.92,B,0.005594973388666403
open,B,150,1500,0.0,0.05,0.0,,13,0.3,0.2,2.0,20,0,1.0,1.0,1.0,40.0,2.68,0.0,86.78923478439877,0.08931555555555555,,150,1.1162189678827337,0.30014727084826254,0.5162189678827338,0.5277063130419547,0.8866666666666667,B,0.0055611833333338535
open,B,150,1500,0.0,0.05,0.0,,12,0.3,0.2,2.0,20,0,1.0,1.0,1.0,40.0,2.3933333333333335,0.0,86.6485297547306,0.08626222222222223,,150,1.150578351752933,0.2879269637647376,0.5505783517529333,0.6010205629285233,0.8733333333333333,B,0.005616798610666592
open,B,150,1500,0.0,0.05,0.0,,14,0.3,0.2,2.0,20,0,1.0,1.0,1.0,40.0,2.7066666666666666,0.0,86.98060515675354,0.09092,,150,1.0973729563986057,0.3066100704620181,0.4973729563986058,0.49212455135186284,0.9333333333333333,B,0.005573785388666389
open,B,150,1500,0.0,0.05,0.0,,15,0.3,0.2,2.0,20,0,1.0,1.0,1.0,40.0,2.6533333333333333,0.0,86.95578839375932,0.09296888888888889,,150,1.1446468740968156,0.2526785324366894,0.5446468740968159,0.5532374087043755,0.9733333333333334,B,0.005567658416667351
open,B,150,1500,0.0,0.05,0.0,,17,0.3,0.2,2.0,20,0,1.0,1.0,1.0,40.0,2.473333333333333,0.0,86.45223219866823,0.08784888888888889,,150,1.1465827154172143,0.27236050896436365,0.5465827154172144,0.5351085704450167,0.9466666666666667,B,0.00556141511133319
open,B,150,1500,0.0,0.05,0.0,,16,0.3,0.2,2.0,20,0,1.0,1.0,1.0,40.0,2.6333333333333333,0.0,86.78610530914669,0.08981777777777777,,150,1.1607284549771637,0.25905368079854324,0.560728454977164,0.5379259357596273,0.96,B,0.005596216583333444
open,B,150,1500,0.0,0.05,0.0,,18,0.3,0.2,2.0,20,0,1.0,1.0,1.0,40.0,2.8933333333333335,0.0,87.23026012079193,0.09070666666666667,,150,1.116986747723935,0.27767387141694616,0.5169867477239349,0.4823699589712519,0.9466666666666667,B,0.00560167994399914
open,B,150,1500,0.0,0.05,0.0,,19,0.3,0.2,2.0,20,0,1.0,1.0,1.0,40.0,2.84,0.0,86.68281428384253,0.09011555555555556,,150,1.1466567049342438,0.2775166689989399,0.5466567049342437,0.5365848904476852,0.9333333333333333,B,0.005580992806000723
open,B,150,1500,0.0,0.05,0.0,,20,0.3,0.2,2.0,20,0,1.0,1.0,1.0,40.0,2.8066666666666666,0.0,86.67361403409743,0.09002222222222223,,150,1.0945489964497408,0.2922799957594722,0.49454899644974093,0.47632571189210926,0.92,B,0.005574258194666375
open,B,150,1500,0.0,0.05,0.0,,21,0.3,0.2,2.0,20,0,1.0,1.0,1.0,40.0,2.88,0.0,86.74911637024947,0.08998222222222223,,150,1.1156082327841126,0.2792615448821287,0.5156082327841125,0.5375861264783383,0.9466666666666667,B,0.005527524860666744
open,B,150,1500,0.0,0.05,0.0,,22,0.3,0.2,2.0,20,0,1.0,1.0,1.0,40.0,2.7733333333333334,0.0,87.1360098336761,0.08891555555555555,,150,1.1143651654221818,0.27872135093047795,0.5143651654221817,0.4898267848054596,0.9333333333333333,B,0.005533411555332956
open,B,150,1500,0.0,0.05,0.0,,23,0.3,0.2,2.0,20,0,1.0,1.0,1.0,40.0,2.68,0.0,86.66722425475913,0.09070222222222223,,150,1.1471904272094393,0.26892524384863037,0.5471904272094392,0.5643249150146233,0.9333333333333333,B,0.005559623193999869
open,B,150,1500,0.0,0.05,0.0,,24,0.3,0.2,2.0,20,0,1.0,1.0,1.0,40.0,2.8333333333333335,0.0,86.54623058354679,0.09039555555555556,,150,1.1202631357090838,0.27896675842010776,0.5202631357090837,0.5191938255137621,0.9333333333333333,B,0.005539475333332424
open,B,150,1500,0.0,0.05,0.0,,25,0.3,0.2,2.0,20,0,1.0,1.0,1.0,40.0,2.6733333333333333,0.0,86.88186838774003,0.09188444444444445,,150,1.0939403540071657,0.2892560514780741,0.49394035400716574,0.4858568595287105,0.9333333333333333,B,0.0055310339999996355
open,B,150,1500,0.0,0.05,0.0,,26,0.3,0.2,2.0,20,0,1.0,1.0,1.0,40.0,2.6866666666666665,0.0,86.4114413511402,0.09244888888888889,,150,1.1351034235189177,0.2698976888614014,0.5351034235189175,0.5605655707859575,0.94,B,0.005547491971999989
open,B,150,1500,0.0,0.05,0.0,,29,0.3,0.2,2.0,20,0,1.0,1.0,1.0,40.0,2.6733333333333333,0.0,87.0500643975703,0.08936,,150,1.1642838671577496,0.22764542160488938,0.5642838671577496,0.5512987391235382,0.9533333333333334,B,0.005547182888666915
open,B,150,1500,0.0,0.05,0.0,,28,0.3,0.2,2.0,20,0,1.0,1.0,1.0,40.0,2.8533333333333335,0.0,86.56973263405733,0.09247111111111112,,150,1.1146242597661289,0.2828735497175136,0.5146242597661289,0.5324001194102351,0.9266666666666666,B,0.005575131888666268
open,B,150,1500,0.0,0.05,0.0,,27,0.3,0.2,2.0,20,0,1.0,1.0,1.0,40.0,2.96,0.0,87.1696299779539,0.08919111111111111,,150,1.1377411357636364,0.26902027911896154,0.5377411357636362,0.5832550654292483,0.9733333333333334,B,0.005596246194666795
open,B,150,1500,0.01,0.05,0.0,,0,0.3,0.2,2.0,20,0,1.0,1.0,1.0,40.0,3.26,0.0,91.60424691348622,0.08957777777777778,,150,1.1633390536987278,0.2661332290158727,0.5633390536987276,0.5806448707012741,0.9333333333333333,B,0.0055513908886665984
open,B,150,1500,0.01,0.05,0.0,,1,0.3,0.2,2.0,20,0,1.0,1.0,1.0,40.0,3.24,0.0,91.87025602253888,0.08992888888888889,,150,1.135521598964205,0.26313505579004814,0.535521598964205,0.5566295404966418,0.92,B,0.005572672389333699
open,B,150,1500,0.01,0.05,0.0,,2,0.3,0.2,2.0,20,0,1.0,1.0,1.0,40.0,3.2,0.0,91.88455448824611,0.09071111111111112,,150,1.1293404497483397,0.2953932525128642,0.5293404497483398,0.5583606599849774,0.8933333333333333,B,0.0055580056113334044
open,B,150,1500,0.01,0.05,0.0,,3,0.3,0.2,2.0,20,0,1.0,1.0,1.0,40.0,3.1466666666666665,0.0,91.78178869139721,0.09197777777777778,,150,1.1388182127705233,0.2947826466255231,0.5388182127705232,0.49858823961601095,0.9133333333333333,B,0.005563407749999897
open,B,150,1500,0.01,0.05,0.0,,4,0.3,0.2,2.0,20,0,1.0,1.0,1.0,40.0,3.0,0.0,92.0906399197522,0.08637777777777778,,150,1.1204821836553465,0.29275427872192844,0.5204821836553466,0.5045497595148455,0.9133333333333333,B,0.005551585083332611
open,B,150,1500,0.01,0.05,0.0,,5,0.3,0.2,2.0,20,0,1.0,1.0,1.0,40.0,2.92,0.0,91.16660402562836,0.0915288888888889,,150,1.133085851033568,0.2937313676910702,0.5330858510335678,0.5940947090601684,0.9066666666666666,B,0.005578385416666909
open,B,150,1500,0.01,0.05,0.0,,7,0.3,0.2,2.0,20,0,1.0,1.0,1.0,40.0,2.973333333333333,0.0,91.37781559896413,0.08886222222222222,,150,1.0904702451057895,0.294382520757179,0.4904702451057898,0.4627518707824553,0.9066666666666666,B,0.005551185861332973
open,B,150,1500,0.01,0.05,0.0,,6,0.3,0.2,2.0,20,0,1.0,1.0,1.0,40.0,3.06,0.0,91.29414453170686,0.08962222222222223,,150,1.1608380678318353,0.2643740936429834,0.5608380678318353,0.5863257211454441,0.9466666666666667,B,0.0055620901666661665
open,B,150,1500,0.01,0.05,0.0,,8,0.3,0.2,2.0,20,0,1.0,1.0,1.0,40.0,3.16,0.0,91.45400596702281,0.08895555555555555,,150,1.1298848744765704,0.28193978026597627,0.5298848744765704,0.546391915435101,0.9133333333333333,B,0.00555475411133375
open,B,150,1500,0.01,0.05,0.0,,9,0.3,0.2,2.0,20,0,1.0,1.0,1.0,40.0,3.0733333333333333,0.0,91.49854061367131,0.08689333333333334,,150,1.1137599428381086,0.2631771021530738,0.5137599428381087,0.5191210562363958,0.9333333333333333,B,0.005549186610666463
open,B,150,1500,0.01,0.05,0.0,,10,0.3,0.2,2.0,20,0,1.0,1.0,1.0,40.0,2.8466666666666667,0.0,91.95559378730802,0.08803555555555556,,150,1.1244198916355241,0.2751932569745079,0.5244198916355242,0.5250759656608547,0.9466666666666667,B,0.005551451944666041
open,B,150,1500,0.01,0.05,0.0,,11,0.3,0.2,2.0,20,0,1.0,1.0,1.0,40.0,2.92,0.0,91.48076706511937,0.08711111111111111,,150,1.1475120767177258,0.27460235693330104,0.547512076717726,0.5993836648971261,0.94,B,0.005563115333333068
open,B,150,1500,0.01,0.05,0.0,,12,0.3,0.2,2.0,20,0,1.0,1.0,1.0,40.0,3.2266666666666666,0.0,91.8719289299763,0.09083555555555556,,150,1.1195294903613064,0.277690828935015,0.5195294903613065,0.5218697940919562,0.8733333333333333,B,0.005555941360666717
open,B,150,1500,0.01,0.05,0.0,,13,0.3,0.2,2.0,20,0,1.0,1.0,1.0,40.0,3.2933333333333334,0.0,91.3768966881861,0.08963555555555555,,150,1.1295188841821464,0.2624766612317704,0.5295188841821464,0.5834746574418851,0.9333333333333333,B,0.005585062194666534
open,B,150,1500,0.01,0.05,0.0,,14,0.3,0.2,2.0,20,0,1.0,1.0,1.0,40.0,3.0533333333333332,0.0,91.57706421746936,0.08762222222222223,,150,1.1612256112722146,0.24759861708152442,0.5612256112722145,0.576786000412641,0.96,B,0.005572471194666529
open,B,150,1500,0.01,0.05,0.0,,16,0.3,0.2,2.0,20,0,1.0,1.0,1.0,40.0,3.26,0.0,91.65118133911176,0.09163111111111111,,150,1.1253053618279485,0.28358594302800194,0.5253053618279485,0.5401401807583324,0.88,B,0.005550334111333844
open,B,150,1500,0.01,0.05,0.0,,15,0.3,0.2,2.0,20,0,1.0,1.0,1.0,40.0,3.2,0.0,91.57044337449649,0.0854088888888889,,150,1.0906893260016342,0.2867434976470078,0.49068932600163445,0.46283529993531825,0.9333333333333333,B,0.005566567472000315
open,B,150,1500,0.01,0.05,0.0,,17,0.3,0.2,2.0,20,0,1.0,1.0,1.0,40.0,2.9066666666666667,0.0,91.42971223802228,0.09018222222222222,,150,1.1063091300407997,0.2838062928924143,0.5063091300407996,0.4789889084368061,0.8933333333333333,B,0.0055861069166664185
open,B,150,1500,0.01,0.05,0.0,,18,0.3,0.2,2.0,20,0,1.0,1.0,1.0,40.0,3.1466666666666665,0.0,91.48489570596679,0.08800888888888889,,150,1.135559654118918,0.2863100550270156,0.5355596541189177,0.5030355349982103,0.9133333333333333,B,0.005515989361333292
open,B,150,1500,0.01,0.05,0.0,,19,0.3,0.2,2.0,20,0,1.0,1.0,1.0,40.0,3.1733333333333333,0.0,91.16677792877111,0.08800444444444444,,150,1.161385831956822,0.26909124677002305,0.5613858319568222,0.6053215548968126,0.92,B,0.005534125528000004
open,B,150,1500,0.01,0.05,0.0,,20,0.3,0.2,2.0,20,0,1.0,1.0,1.0,40.0,3.2866666666666666,0.0,92.18998662782828,0.09143555555555556,,150,1.0932287335495934,0.2892833886672183,0.4932287335495935,0.4809416599821362,0.9133333333333333,B,0.005587773277333326
open,B,150,1500,0.01,0.05,0.0,,21,0.3,0.2,2.0,20,0,1.0,1.0,1.0,40.0,3.0866666666666664,0.0,91.89679534038493,0.09045777777777778,,150,1.1331396177835604,0.2914001325701633,0.5331396177835602,0.6011008180616246,0.88,B,0.005567558750000898
open,B,150,1500,0.01,0.05,0.0,,22,0.3,0.2,2.0,20,0,1.0,1.0,1.0,40.0,3.4133333333333336,0.0,91.87874144797648,0.09004444444444444,,150,1.1079887081091722,0.2750809526488239,0.5079887081091721,0.5226656306978705,0.9,B,0.005534160777333454
open,B,150,1500,0.01,0.05,0.0,,23,0.3,0.2,2.0,20,0,1.0,1.0,1.0,40.0,3.2466666666666666,0.0,91.8870044670505,0.09232888888888889,,150,1.139128040611594,0.2746991933737253,0.539128040611594,0.5888522312477978,0.9333333333333333,B,0.005556763055999909
open,B,150,1500,0.01,0.05,0.0,,24,0.3,0.2,2.0,20,0,1.0,1.0,1.0,40.0,3.16,0.0,91.2667796375086,0.08957333333333334,,150,1.14753128222793,0.26536814726333957,0.5475312822279299,0.5858309034279249,0.9266666666666666,B,0.005625084083333301
open,B,150,1500,0.01,0.05,0.0,,25,0.3,0.2,2.0,20,0,1.0,1.0,1.0,40.0,3.24,0.0,91.54935926834774,0.0884,,150,1.1315680203618395,0.2969054945755166,0.5315680203618397,0.5728577985006296,0.8866666666666667,B,0.005625242000000677
open,B,150,1500,0.01,0.05,0.0,,26,0.3,0.2,2.0,20,0,1.0,1.0,1.0,40.0,3.1,0.0,91.6048394358158,0.09075555555555556,,150,1.099437872105763,0.2807310147985396,0.4994378721057629,0.5172491500711108,0.9066666666666666,B,0.005603529166666703
open,B,150,1500,0.01,0.05,0.0,,27,0.3,0.2,2.0,20,0,1.0,1.0,1.0,40.0,3.0533333333333332,0.0,90.90959824509461,0.08867111111111112,,150,1.1029769857101337,0.2783154959607805,0.5029769857101337,0.5156678087329504,0.94,B,0.005578401721999399
open,B,150,1500,0.01,0.05,0.0,,28,0.3,0.2,2.0,20,0,1.0,1.0,1.0,40.0,3.2066666666666666,0.0,91.51461147565465,0.08900888888888889,,150,1.139960127375482,0.29656217989611855,0.5399601273754819,0.5447030969755923,0.92,B,0.005641996166666407
open,B,150,1500,0.01,0.05,0.0,,29,0.3,0.2,2.0,20,0,1.0,1.0,1.0,40.0,3.0866666666666664,0.0,91.75124990419768,0.09217333333333333,,150,1.1707722569082037,0.27190384374796744,0.5707722569082037,0.608742063366192,0.9133333333333333,B,0.005624316305333195
open,B,150,1500,0.02,0.05,0.0,,0,0.3,0.2,2.0,20,0,1.0,1.0,1.0,40.0,3.46,0.0,97.94986770622442,0.08617777777777778,,150,1.130017492694905,0.25215917416062167,0.5300174926949048,0.5913243105748828,0.9333333333333333,B,0.005625655666666717
open,B,150,1500,0.02,0.05,0.0,,1,0.3,0.2,2.0,20,0,1.0,1.0,1.0,40.0,3.506666666666667,0.0,97.68927355309107,0.08881333333333333,,150,1.1554928416913386,0.24461176603791607,0.5554928416913388,0.582202194632849,0.9466666666666667,B,0.005636755472666361
open,B,150,1500,0.02,0.05,0.0,,2,0.3,0.2,2.0,20,0,1.0,1.0,1.0,40.0,3.5,0.0,98.1255246816676,0.09088,,150,1.102407973124613,0.2945785119725914,0.5024079731246128,0.5015701403469032,0.88,B,0.00565179580600064
open,B,150,1500,0.02,0.05,0.0,,3,0.3,0.2,2.0,20,0,1.0,1.0,1.0,40.0,3.3,0.0,98.01494457714162,0.08477333333333334,,150,1.0764715877758027,0.3234542847847023,0.4764715877758026,0.4747082279153986,0.8933333333333333,B,0.005528017361333089
open,B,150,1500,0.02,0.05,0.0,,4,0.3,0.2,2.0,20,0,1.0,1.0,1.0,40.0,3.34,0.0,97.83559293594287,0.08558666666666667,,150,1.1272340219071793,0.27934151724423445,0.5272340219071794,0.5279156615103112,0.8933333333333333,B,0.0055658521666676584
open,B,150,1500,0.02,0.05,0.0,,5,0.3,0.2,2.0,20,0,1.0,1.0,1.0,40.0,3.3933333333333335,0.0,97.79060244992655,0.08666666666666667,,150,1.1214733811417745,0.288511827089269,0.5214733811417747,0.5067899330849671,0.9266666666666666,B,0.005602401833333715
open,B,150,1500,0.02,0.05,0.0,,6,0.3,0.2,2.0,20,0,1.0,1.0,1.0,40.0,3.26,0.0,98.07976252404764,0.09113333333333333,,150,1.106989786205152,0.28283513444529756,0.5069897862051523,0.4698487634653882,0.96,B,0.005582382305332431
open,B,150,1500,0.02,0.05,0.0,,7,0.3,0.2,2.0,20,0,1.0,1.0,1.0,40.0,3.46,0.0,98.10420892904634,0.0844088888888889,,150,1.1343113576571204,0.2828661793421103,0.5343113576571203,0.557216853597089,0.9,B,0.005557037360666679
open,B,150,1500,0.02,0.05,0.0,,8,0.3,0.2,2.0,20,0,1.0,1.0,1.0,40.0,3.2933333333333334,0.0,97.65260846025446,0.0906711111111111,,150,1.1468935596830299,0.28230815980011703,0.5468935596830298,0.5864135039382902,0.92,B,0.005567366889333547
open,B,150,1500,0.02,0.05,0.0,,9,0.3,0.2,2.0,20,0,1.0,1.0,1.0,40.0,3.1733333333333333,0.0,97.40812291183073,0.08522666666666667,,150,1.127784730941911,0.30393813379451323,0.5277847309419111,0.49193128485672577,0.9133333333333333,B,0.005595984222666933
open,B,150,1500,0.02,0.05,0.0,,10,0.3,0.2,2.0,20,0,1.0,1.0,1.0,40.0,3.1333333333333333,0.0,97.94465417688806,0.08635111111111111,,150,1.1832670387403705,0.2610640850694337,0.5832670387403706,0.6211478143411707,0.9733333333333334,B,0.005580364306000168
open,B,150,1500,0.02,0.05,0.0,,11,0.3,0.2,2.0,20,0,1.0,1.0,1.0,40.0,3.56,0.0,97.68916873077936,0.08883555555555556,,150,1.2109808986319217,0.23019597721429189,0.6109808986319217,0.6190208430918521,0.96,B,0.005551546360666786
open,B,150,1500,0.02,0.05,0.0,,13,0.3,0.2,2.0,20,0,1.0,1.0,1.0,40.0,3.4,0.0,97.61806197714624,0.08525333333333333,,150,1.171680268126741,0.271715217297308,0.5716802681267412,0.6312403916404643,0.9133333333333333,B,0.0055174713053323405
open,B,150,1500,0.02,0.05,0.0,,12,0.3,0.2,2.0,20,0,1.0,1.0,1.0,40.0,3.3733333333333335,0.0,97.71202258606169,0.08793333333333334,,150,1.1883283508385967,0.23111884320018058,0.5883283508385966,0.5962676945474396,0.9466666666666667,B,0.00556664822266733
open,B,150,1500,0.02,0.05,0.0,,14,0.3,0.2,2.0,20,0,1.0,1.0,1.0,40.0,3.2666666666666666,0.0,97.96985414263857,0.08369777777777777,,150,1.1286647781985089,0.25680023297545346,0.528664778198509,0.5143836699331955,0.9466666666666667,B,0.005580019249999168
open,B,150,1500,0.02,0.05,0.0,,15,0.3,0.2,2.0,20,0,1.0,1.0,1.0,40.0,3.453333333333333,0.0,97.81358214605805,0.08714222222222222,,150,1.0902201425301976,0.28056733121918337,0.49022014253019763,0.4982026557699879,0.9066666666666666,B,0.005507092944666511
open,B,150,1500,0.02,0.05,0.0,,16,0.3,0.2,2.0,20,0,1.0,1.0,1.0,40.0,3.5866666666666664,0.0,98.05831869081227,0.08834222222222222,,150,1.1216117508338432,0.2935951144873066,0.5216117508338434,0.5425714997559145,0.8933333333333333,B,0.005580362277333431
open,B,150,1500,0.02,0.05,0.0,,17,0.3,0.2,2.0,20,0,1.0,1.0,1.0,40.0,3.2933333333333334,0.0,97.68553133889743,0.08810222222222222,,150,1.1393864416620583,0.29517295058567233,0.5393864416620583,0.5590913348772001,0.86,B,0.005537405666666018
open,B,150,1500,0.02,0.05,0.0,,18,0.3,0.2,2.0,20,0,1.0,1.0,1.0,40.0,3.38,0.0,97.9987193967537,0.08516,,150,1.1144813034234646,0.2701651585695343,0.5144813034234645,0.4863612666341134,0.92,B,0.005566062861333194
open,B,150,1500,0.02,0.05,0.0,,19,0.3,0.2,2.0,20,0,1.0,1.0,1.0,40.0,3.473333333333333,0.0,98.20260622303992,0.08605777777777777,,150,1.1708803524212303,0.2450510385331378,0.5708803524212304,0.6153656954336552,0.96,B,0.005620264833333446
open,B,150,1500,0.02,0.05,0.0,,20,0.3,0.2,2.0,20,0,1.0,1.0,1.0,40.0,3.32,0.0,97.60981849820172,0.08436,,150,1.1287988497393344,0.2744359501293413,0.5287988497393344,0.516822421531996,0.94,B,0.005576197416665915
open,B,150,1500,0.02,0.05,0.0,,21,0.3,0.2,2.0,20,0,1.0,1.0,1.0,40.0,3.26,0.0,97.96707643924219,0.08799111111111112,,150,1.155885602713634,0.25201684853504774,0.5558856027136337,0.596100078047634,0.9466666666666667,B,0.005545450389333079
open,B,150,1500,0.02,0.05,0.0,,22,0.3,0.2,2.0,20,0,1.0,1.0,1.0,40.0,3.5733333333333333,0.0,98.14075300193952,0.08960888888888889,,150,1.09864663697669,0.276939388238985,0.49864663697669015,0.486421920085892,0.9,B,0.005583940778000397
open,B,150,1500,0.02,0.05,0.0,,23,0.3,0.2,2.0,20,0,1.0,1.0,1.0,40.0,3.6,0.0,97.68407649483377,0.08744444444444445,,150,1.1088944198196815,0.29717216231835836,0.5088944198196818,0.5071214652596698,0.9066666666666666,B,0.00558930166666687
open,B,150,1500,0.02,0.05,0.0,,24,0.3,0.2,2.0,20,0,1.0,1.0,1.0,40.0,3.3333333333333335,0.0,97.67872525163716,0.08590666666666667,,150,1.154513644986909,0.2373999820733423,0.5545136449869087,0.5767069471284422,0.9866666666666667,B,0.005541786305999267
open,B,150,1500,0.02,0.05,0.0,,25,0.3,0.2,2.0,20,0,1.0,1.0,1.0,40.0,3.4266666666666667,0.0,97.57431244391579,0.08750666666666666,,150,1.135248542340197,0.2754182060131261,0.5352485423401969,0.5332824324950359,0.94,B,0.005577544416667176
open,B,150,1500,0.02,0.05,0.0,,26,0.3,0.2,2.0,20,0,1.0,1.0,1.0,40.0,3.3333333333333335,0.0,97.97682556937218,0.0881288888888889,,150,1.1401566729536692,0.27551081422238255,0.5401566729536692,0.5665143898798147,0.94,B,0.005595372861332483
open,B,150,1500,0.02,0.05,0.0,,27,0.3,0.2,2.0,20,0,1.0,1.0,1.0,40.0,3.6,0.0,97.59026427799333,0.0850888888888889,,150,1.100122083932355,0.2907638546705368,0.5001220839323552,0.49962678046898856,0.9333333333333333,B,0.005610386277333115
open,B,150,1500,0.02,0.05,0.0,,29,0.3,0.2,2.0,20,0,1.0,1.0,1.0,40.0,3.6133333333333333,0.0,97.62446766555719,0.09030666666666666,,150,1.119519897438509,0.2877299311161815,0.5195198974385092,0.501692305993671,0.94,B,0.005575270444000731
open,B,150,1500,0.02,0.05,0.0,,28,0.3,0.2,2.0,20,0,1.0,1.0,1.0,40.0,3.3066666666666666,0.0,97.82280523512169,0.0847688888888889,,150,1.1373818238128481,0.2710213669633201,0.537381823812848,0.553761208315304,0.9333333333333333,B,0.005620232138666324
open,B,150,1500,0.04,0.05,0.0,,0,0.3,0.2,2.0,20,0,1.0,1.0,1.0,40.0,4.633333333333334,0.0,114.30882417806404,0.07625333333333334,,150,1.129167203077408,0.2833515239509174,0.5291672030774076,0.5351659436013528,0.9266666666666666,B,0.005574549249999109
open,B,150,1500,0.04,0.05,0.0,,1,0.3,0.2,2.0,20,0,1.0,1.0,1.0,40.0,4.293333333333333,0.0,114.20113030082565,0.08080888888888889,,150,1.1461036522587498,0.258367595534863,0.5461036522587499,0.574983513879311,0.9466666666666667,B,0.005573335333333186
open,B,150,1500,0.04,0.05,0.0,,2,0.3,0.2,2.0,20,0,1.0,1.0,1.0,40.0,4.4,0.0,114.05218482193898,0.07373333333333333,,150,1.1331401030161055,0.2743606176093895,0.5331401030161055,0.5118164067828168,0.9533333333333334,B,0.005607344583334149
open,B,150,1500,0.04,0.05,0.0,,3,0.3,0.2,2.0,20,0,1.0,1.0,1.0,40.0,4.326666666666667,0.0,114.36536944820325,0.07972,,150,1.1191742498035129,0.2786294940476628,0.5191742498035128,0.500991413005852,0.92,B,0.005561444611333476
open,B,150,1500,0.04,0.05,0.0,,5,0.3,0.2,2.0,20,0,1.0,1.0,1.0,40.0,4.413333333333333,0.0,113.78035389854713,0.07824444444444445,,150,1.1708998743359629,0.24959173618871394,0.5708998743359628,0.5892641904138264,0.9866666666666667,B,0.005547453500000605
open,B,150,1500,0.04,0.05,0.0,,4,0.3,0.2,2.0,20,0,1.0,1.0,1.0,40.0,4.426666666666667,0.0,114.60204716702377,0.07866666666666666,,150,1.1726583601014207,0.23969161977726883,0.5726583601014203,0.5750112016398302,0.96,B,0.005618014305334024
open,B,150,1500,0.04,0.05,0.0,,6,0.3,0.2,2.0,20,0,1.0,1.0,1.0,40.0,4.153333333333333,0.0,114.19149385252545,0.07570666666666667,,150,1.1136348874457087,0.290330115306138,0.5136348874457087,0.5357600444336353,0.9666666666666667,B,0.005588105110667432
open,B,150,1500,0.04,0.05,0.0,,8,0.3,0.2,2.0,20,0,1.0,1.0,1.0,40.0,4.373333333333333,0.0,114.42137363438248,0.07697333333333334,,150,1.1544980302417487,0.2550583063005678,0.5544980302417486,0.5958659604088747,0.9066666666666666,B,0.005541310083333277
open,B,150,1500,0.04,0.05,0.0,,7,0.3,0.2,2.0,20,0,1.0,1.0,1.0,40.0,4.8,0.0,114.55660442680703,0.07941333333333334,,150,1.122912332079396,0.2696611646336677,0.522912332079396,0.5388991343620756,0.96,B,0.005588032555333484
open,B,150,1500,0.04,0.05,0.0,,9,0.3,0.2,2.0,20,0,1.0,1.0,1.0,40.0,4.113333333333333,0.0,114.41379488174802,0.07869777777777778,,150,1.1294542603072784,0.2640218248446968,0.5294542603072785,0.5757238552182237,0.9,B,0.005626082611333307
open,B,150,1500,0.04,0.05,0.0,,10,0.3,0.2,2.0,20,0,1.0,1.0,1.0,40.0,4.173333333333333,0.0,113.99224673478376,0.07595111111111111,,150,1.082476177332782,0.29574795766171524,0.4824761773327823,0.47780728633846525,0.92,B,0.005651837777334246
open,B,150,1500,0.04,0.05,0.0,,11,0.3,0.2,2.0,20,0,1.0,1.0,1.0,40.0,4.586666666666667,0.0,114.2522319483789,0.07820444444444444,,150,1.129995770021842,0.2802260499569905,0.529995770021842,0.5045557880285141,0.9333333333333333,B,0.005675250110666335
open,B,150,1500,0.04,0.05,0.0,,12,0.3,0.2,2.0,20,0,1.0,1.0,1.0,40.0,4.4,0.0,114.24487228917782,0.07804888888888889,,150,1.1553634426725292,0.26180934063604927,0.5553634426725291,0.5923067948489739,0.94,B,0.0056232611113337045
open,B,150,1500,0.04,0.05,0.0,,13,0.3,0.2,2.0,20,0,1.0,1.0,1.0,40.0,4.56,0.0,114.26367997479065,0.08030222222222222,,150,1.1112448074091377,0.27128048301032515,0.5112448074091376,0.5226519778345723,0.9466666666666667,B,0.0056215066666663914
open,B,150,1500,0.04,0.05,0.0,,14,0.3,0.2,2.0,20,0,1.0,1.0,1.0,40.0,4.06,0.0,114.51005229798264,0.07581777777777778,,150,1.1372881100712477,0.27234053035858763,0.537288110071248,0.5803643650844388,0.9333333333333333,B,0.00566242624999965
open,B,150,1500,0.04,0.05,0.0,,16,0.3,0.2,2.0,20,0,1.0,1.0,1.0,40.0,4.3933333333333335,0.0,114.2612903042999,0.07741777777777778,,150,1.1295438460755407,0.2601737462980954,0.5295438460755406,0.5263206989493501,0.9666666666666667,B,0.0056442168333329995
open,B,150,1500,0.04,0.05,0.0,,15,0.3,0.2,2.0,20,0,1.0,1.0,1.0,40.0,4.673333333333333,0.0,114.7446484652091,0.07818222222222222,,150,1.1206579766828026,0.30800367309166443,0.5206579766828029,0.5906747209377438,0.8933333333333333,B,0.00569029058333399
open,B,150,1500,0.04,0.05,0.0,,17,0.3,0.2,2.0,20,0,1.0,1.0,1.0,40.0,4.1866666666666665,0.0,114.51091492458441,0.07673777777777778,,150,1.1576787972984754,0.2787621307235292,0.5576787972984754,0.5808399080379079,0.96,B,0.005662019305333767
open,B,150,1500,0.04,0.05,0.0,,18,0.3,0.2,2.0,20,0,1.0,1.0,1.0,40.0,4.233333333333333,0.0,114.30977185347571,0.0769288888888889,,150,1.1106937722537953,0.28327812042051265,0.5106937722537955,0.5385514867363982,0.92,B,0.005572145833334314
open,B,150,1500,0.04,0.05,0.0,,19,0.3,0.2,2.0,20,0,1.0,1.0,1.0,40.0,4.546666666666667,0.0,114.58341493722781,0.08069777777777777,,150,1.1175225701593332,0.28777849732463334,0.5175225701593331,0.5688196805047095,0.92,B,0.005580984333332405
open,B,150,1500,0.04,0.05,0.0,,20,0.3,0.2,2.0,20,0,1.0,1.0,1.0,40.0,4.513333333333334,0.0,114.31775024273448,0.08074222222222223,,150,1.1519779042884353,0.26142205517503075,0.5519779042884352,0.5685060676899064,0.9533333333333334,B,0.0056186574446668
open,B,150,1500,0.04,0.05,0.0,,21,0.3,0.2,2.0,20,0,1.0,1.0,1.0,40.0,4.493333333333333,0.0,114.64407912159629,0.07952888888888889,,150,1.145447994551392,0.2577275038388312,0.5454479945513923,0.5478421721833889,0.9266666666666666,B,0.005592017360667038
open,B,150,1500,0.04,0.05,0.0,,22,0.3,0.2,2.0,20,0,1.0,1.0,1.0,40.0,4.173333333333333,0.0,114.1485526379127,0.08060888888888888,,150,1.115233382951801,0.2648179187151072,0.5152333829518009,0.5154296093356483,0.9733333333333334,B,0.005593598166666197
open,B,150,1500,0.04,0.05,0.0,,23,0.3,0.2,2.0,20,0,1.0,1.0,1.0,40.0,4.3933333333333335,0.0,114.0002393115768,0.08046666666666667,,150,1.0849548414960142,0.2877868093662525,0.48495484149601387,0.46280465729744846,0.9066666666666666,B,0.005560644944666516
open,B,150,1500,0.04,0.05,0.0,,24,0.3,0.2,2.0,20,0,1.0,1.0,1.0,40.0,4.586666666666667,0.0,114.44431984156242,0.0806488888888889,,150,1.1248304239939133,0.28967000126915027,0.5248304239939137,0.5482053522792767,0.92,B,0.005589572027999869
open,B,150,1500,0.04,0.05,0.0,,25,0.3,0.2,2.0,20,0,1.0,1.0,1.0,40.0,4.44,0.0,114.42448673962569,0.07831555555555555,,150,1.109968908489786,0.29617145657228433,0.5099689084897858,0.5098743211877272,0.88,B,0.005570096472666288
open,B,150,1500,0.04,0.05,0.0,,26,0.3,0.2,2.0,20,0,1.0,1.0,1.0,40.0,4.513333333333334,0.0,114.51768717836836,0.08131111111111111,,150,1.179831759788144,0.24875483260622144,0.5798317597881442,0.6079304464515252,0.9733333333333334,B,0.005570059555334107
open,B,150,1500,0.04,0.05,0.0,,27,0.3,0.2,2.0,20,0,1.0,1.0,1.0,40.0,4.046666666666667,0.0,114.53193769853198,0.07679111111111112,,150,1.150332665337259,0.25903295678339594,0.5503326653372588,0.5930414464434813,0.9333333333333333,B,0.0056172168893329705
open,B,150,1500,0.04,0.05,0.0,,28,0.3,0.2,2.0,20,0,1.0,1.0,1.0,40.0,4.433333333333334,0.0,114.45896607294169,0.07753333333333333,,150,1.1513513812207217,0.263929648265882,0.5513513812207216,0.553039596238527,0.9733333333333334,B,0.005635812722666742
open,B,150,1500,0.04,0.05,0.0,,29,0.3,0.2,2.0,20,0,1.0,1.0,1.0,40.0,4.466666666666667,0.0,114.62728306754572,0.08185333333333333,,150,1.1337182050254841,0.2529174475106349,0.5337182050254841,0.5142232589074404,0.98,B,0.005637593860666433
open,B,150,1500,0.06,0.05,0.0,,0,0.3,0.2,2.0,20,0,1.0,1.0,1.0,40.0,6.38,0.0,135.5471744232932,0.07148,,150,1.1400963793955226,0.2604718695235382,0.5400963793955224,0.5624863368156299,0.9466666666666667,B,0.005643017055333379
open,B,150,1500,0.06,0.05,0.0,,1,0.3,0.2,2.0,20,0,1.0,1.0,1.0,40.0,5.906666666666666,0.0,135.66567910133074,0.06995111111111112,,150,1.165111398773131,0.26855364558987305,0.565111398773131,0.5368367299456641,0.9866666666666667,B,0.005644852000000053
open,B,150,1500,0.06,0.05,0.0,,2,0.3,0.2,2.0,20,0,1.0,1.0,1.0,40.0,6.266666666666667,0.0,135.61577576108465,0.0694488888888889,,150,1.148549969736299,0.2889477037134851,0.5485499697362992,0.5530498146062509,0.94,B,0.0056661123886660785
open,B,150,1500,0.06,0.05,0.0,,4,0.3,0.2,2.0,20,0,1.0,1.0,1.0,40.0,6.093333333333334,0.0,135.678342659798,0.06701333333333333,,150,1.0975961916361912,0.3089363370233175,0.49759619163619107,0.47040952822523674,0.96,B,0.005596210444666213
open,B,150,1500,0.06,0.05,0.0,,3,0.3,0.2,2.0,20,0,1.0,1.0,1.0,40.0,6.48,0.0,136.22599474048516,0.0697288888888889,,150,1.139117626174551,0.26658683487295004,0.5391176261745512,0.5279611139965362,0.9733333333333334,B,0.005651632583332684
open,B,150,1500,0.06,0.05,0.0,,5,0.3,0.2,2.0,20,0,1.0,1.0,1.0,40.0,6.066666666666666,0.0,135.54842548289616,0.06912,,150,1.0995717403206382,0.28816017817157963,0.4995717403206381,0.48494578110091335,0.96,B,0.005656385083333589
open,B,150,1500,0.06,0.05,0.0,,6,0.3,0.2,2.0,20,0,1.0,1.0,1.0,40.0,6.013333333333334,0.0,135.54834440125086,0.06837777777777777,,150,1.1270093669500527,0.2595873329760344,0.5270093669500524,0.5494104981463471,0.9333333333333333,B,0.005621316138665861
open,B,150,1500,0.06,0.05,0.0,,7,0.3,0.2,2.0,20,0,1.0,1.0,1.0,40.0,6.493333333333333,0.0,135.87335438721934,0.07066666666666667,,150,1.126907634263968,0.2832282845819746,0.5269076342639679,0.5398623967190794,0.9266666666666666,B,0.005656556666667408
open,B,150,1500,0.06,0.05,0.0,,8,0.3,0.2,2.0,20,0,1.0,1.0,1.0,40.0,6.113333333333333,0.0,135.99348873000844,0.06936444444444445,,150,1.1030825013760992,0.278289231977238,0.5030825013760992,0.5528027545386666,0.94,B,0.005648924722000326
open,B,150,1500,0.06,0.05,0.0,,9,0.3,0.2,2.0,20,0,1.0,1.0,1.0,40.0,6.233333333333333,0.0,135.38187199248284,0.07117333333333334,,150,1.121694670418268,0.28646501657779366,0.5216946704182679,0.4871515452802747,0.96,B,0.0056229532219998265
open,B,150,1500,0.06,0.05,0.0,,10,0.3,0.2,2.0,20,0,1.0,1.0,1.0,40.0,6.26,0.0,135.5921996097112,0.07002666666666667,,150,1.1147555505976956,0.2647056219132108,0.5147555505976956,0.5169674073275609,0.9333333333333333,B,0.00563441488933313
open,B,150,1500,0.06,0.05,0.0,,11,0.3,0.2,2.0,20,0,1.0,1.0,1.0,40.0,6.48,0.0,135.90776743170696,0.07037333333333333,,150,1.140766320781381,0.24693934025404624,0.5407663207813809,0.5513985402216635,0.9866666666666667,B,0.0056098589720010444
open,B,150,1500,0.06,0.05,0.0,,12,0.3,0.2,2.0,20,0,1.0,1.0,1.0,40.0,6.086666666666667,0.0,135.8025033519519,0.06606222222222222,,150,1.118282337774441,0.2919747965660445,0.518282337774441,0.5685426952187692,0.96,B,0.005638674055334074
open,B,150,1500,0.06,0.05,0.0,,13,0.3,0.2,2.0,20,0,1.0,1.0,1.0,40.0,6.593333333333334,0.0,136.12424032456016,0.07155555555555555,,150,1.135863785684821,0.266550415566766,0.5358637856848211,0.5966716219745095,0.9333333333333333,B,0.005643272388667053
open,B,150,1500,0.06,0.05,0.0,,14,0.3,0.2,2.0,20,0,1.0,1.0,1.0,40.0,6.12,0.0,135.8848118630658,0.06980444444444445,,150,1.1364856832446262,0.26448391686632944,0.5364856832446261,0.5328427026239541,0.9733333333333334,B,0.0056248442779991215
open,B,150,1500,0.06,0.05,0.0,,15,0.3,0.2,2.0,20,0,1.0,1.0,1.0,40.0,6.433333333333334,0.0,135.47511586971612,0.06935555555555556,,150,1.1353948550638349,0.2679250008401485,0.5353948550638349,0.5214042969668562,0.9733333333333334,B,0.005638061111333324
open,B,150,1500,0.06,0.05,0.0,,16,0.3,0.2,2.0,20,0,1.0,1.0,1.0,40.0,6.3133333333333335,0.0,135.28764022412287,0.07001333333333333,,150,1.1230894578351953,0.2927736519008129,0.5230894578351949,0.5094339785308598,0.9066666666666666,B,0.005640081444666672
open,B,150,1500,0.06,0.05,0.0,,17,0.3,0.2,2.0,20,0,1.0,1.0,1.0,40.0,6.7,0.0,136.36299621226775,0.0721688888888889,,150,1.0857900664195983,0.29729997939738506,0.48579006641959827,0.47606529566606837,0.92,B,0.005688718166666756
open,B,150,1500,0.06,0.05,0.0,,18,0.3,0.2,2.0,20,0,1.0,1.0,1.0,40.0,6.126666666666667,0.0,136.19418497857976,0.06695555555555556,,150,1.1616271787666022,0.2724750150245318,0.5616271787666021,0.5843948568163791,0.9533333333333334,B,0.005626158111333401
open,B,150,1500,0.06,0.05,0.0,,19,0.3,0.2,2.0,20,0,1.0,1.0,1.0,40.0,6.386666666666667,0.0,135.99066123892018,0.06942222222222222,,150,1.1393272581915255,0.301829299718666,0.5393272581915255,0.5319885274744496,0.9133333333333333,B,0.005598212472000644
open,B,150,1500,0.06,0.05,0.0,,20,0.3,0.2,2.0,20,0,1.0,1.0,1.0,40.0,6.373333333333333,0.0,135.96649267009036,0.06965777777777778,,150,1.143912954256587,0.26775905131912825,0.543912954256587,0.5549169548962353,0.9666666666666667,B,0.005601965499999399
open,B,150,1500,0.06,0.05,0.0,,21,0.3,0.2,2.0,20,0,1.0,1.0,1.0,40.0,5.88,0.0,135.90689808208418,0.06826666666666667,,150,1.0914535926839013,0.2950864106940609,0.4914535926839015,0.49858123430091605,0.9133333333333333,B,0.005659775055333739
open,B,150,1500,0.06,0.05,0.0,,22,0.3,0.2,2.0,20,0,1.0,1.0,1.0,40.0,6.2,0.0,135.66020450478402,0.06871555555555556,,150,1.1515329791090543,0.24828681867318114,0.5515329791090543,0.5441415290555875,0.96,B,0.005671168971999577
open,B,150,1500,0.06,0.05,0.0,,23,0.3,0.2,2.0,20,0,1.0,1.0,1.0,40.0,6.28,0.0,135.88458450787184,0.07026222222222223,,150,1.1440511438614094,0.295920215263096,0.5440511438614094,0.5095668509539488,0.9333333333333333,B,0.0056696187779998585
open,B,150,1500,0.06,0.05,0.0,,24,0.3,0.2,2.0,20,0,1.0,1.0,1.0,40.0,6.1,0.0,136.0066790061172,0.06806222222222222,,150,1.1533745829604152,0.24910163869906501,0.5533745829604152,0.5310255992116505,0.9733333333333334,B,0.005647111943999334
open,B,150,1500,0.06,0.05,0.0,,25,0.3,0.2,2.0,20,0,1.0,1.0,1.0,40.0,6.333333333333333,0.0,135.94127522937407,0.06864888888888888,,150,1.125458353234232,0.2855505179387562,0.5254583532342317,0.516177701765978,0.9133333333333333,B,0.005630823583333646
open,B,150,1500,0.06,0.05,0.0,,26,0.3,0.2,2.0,20,0,1.0,1.0,1.0,40.0,6.273333333333333,0.0,135.69429137661552,0.06911111111111111,,150,1.1068465831591063,0.28134346035309854,0.5068465831591065,0.529570601826752,0.9333333333333333,B,0.005685941110667045
open,B,150,1500,0.06,0.05,0.0,,27,0.3,0.2,2.0,20,0,1.0,1.0,1.0,40.0,6.193333333333333,0.0,135.66412075848453,0.0685511111111111,,150,1.1825964755842904,0.26544265170629205,0.5825964755842902,0.5643452877487678,0.96,B,0.005656434971999261
open,B,150,1500,0.06,0.05,0.0,,29,0.3,0.2,2.0,20,0,1.0,1.0,1.0,40.0,5.92,0.0,135.9818728246345,0.06668,,150,1.1420036554567494,0.2655154873769251,0.5420036554567496,0.6151516432472766,0.9333333333333333,B,0.0056140387500005695
open,B,150,1500,0.06,0.05,0.0,,28,0.3,0.2,2.0,20,0,1.0,1.0,1.0,40.0,6.086666666666667,0.0,135.58264755653943,0.07130222222222223,,150,1.139195178515606,0.2568488278580246,0.5391951785156063,0.5190932451904616,0.9733333333333334,B,0.005644073360667487
open,B,150,1500,0.08,0.05,0.0,,0,0.3,0.2,2.0,20,0,1.0,1.0,1.0,40.0,8.373333333333333,0.0,161.05393147642653,0.06081333333333333,,150,1.1195321672295748,0.26764684448388376,0.519532167229575,0.5051051041267447,0.96,B,0.005681682638667553
open,B,150,1500,0.08,0.05,0.0,,1,0.3,0.2,2.0,20,0,1.0,1.0,1.0,40.0,8.5,0.0,160.87309965597814,0.06340888888888889,,150,1.1107533618423742,0.26072548776780774,0.5107533618423743,0.5209285529053391,0.92,B,0.005670564305333149
open,B,150,1500,0.08,0.05,0.0,,2,0.3,0.2,2.0,20,0,1.0,1.0,1.0,40.0,8.233333333333333,0.0,161.21385674878638,0.06255111111111111,,150,1.130867804133584,0.2644586595026159,0.530867804133584,0.539316924039498,0.9333333333333333,B,0.005707966638665918
open,B,150,1500,0.08,0.05,0.0,,3,0.3,0.2,2.0,20,0,1.0,1.0,1.0,40.0,8.073333333333334,0.0,161.2120798510345,0.061946666666666664,,150,1.094332218953305,0.2830609175733484,0.4943322189533048,0.46524070841302534,0.9866666666666667,B,0.005650018361334029
open,B,150,1500,0.08,0.05,0.0,,4,0.3,0.2,2.0,20,0,1.0,1.0,1.0,40.0,8.573333333333334,0.0,160.57334913174145,0.06355555555555556,,150,1.1375898585631925,0.2492146040040099,0.5375898585631925,0.5491136350523397,0.9733333333333334,B,0.005608949500000259
open,B,150,1500,0.08,0.05,0.0,,5,0.3,0.2,2.0,20,0,1.0,1.0,1.0,40.0,8.346666666666666,0.0,160.83151987448193,0.06356888888888888,,150,1.1464881774940476,0.2783621113491366,0.5464881774940479,0.5644428241967272,0.96,B,0.005679841166666544
open,B,150,1500,0.08,0.05,0.0,,6,0.3,0.2,2.0,20,0,1.0,1.0,1.0,40.0,8.093333333333334,0.0,160.6017851734869,0.06041333333333333,,150,1.1316446185746498,0.23828397932558193,0.5316446185746501,0.5904564650573522,0.9866666666666667,B,0.005623086916665973
open,B,150,1500,0.08,0.05,0.0,,7,0.3,0.2,2.0,20,0,1.0,1.0,1.0,40.0,8.486666666666666,0.0,160.70619968759726,0.06352888888888888,,150,1.1404156379923882,0.2651195481423174,0.5404156379923883,0.5663725549267905,0.9466666666666667,B,0.005594582110666427
open,B,150,1500,0.08,0.05,0.0,,8,0.3,0.2,2.0,20,0,1.0,1.0,1.0,40.0,8.273333333333333,0.0,160.74760897491183,0.06152,,150,1.137776772738821,0.2693941084566991,0.5377767727388212,0.5268458615804128,0.9466666666666667,B,0.0056305922779999185
open,B,150,1500,0.08,0.05,0.0,,9,0.3,0.2,2.0,20,0,1.0,1.0,1.0,40.0,8.36,0.0,160.71202008713448,0.06125333333333333,,150,1.0937319284403915,0.28260947437185735,0.49373192844039115,0.4532888211718302,0.9466666666666667,B,0.005586825722000261
open,B,150,1500,0.08,0.05,0.0,,10,0.3,0.2,2.0,20,0,1.0,1.0,1.0,40.0,8.34,0.0,161.05844741191282,0.06356444444444445,,150,1.130258446971842,0.275717764963035,0.5302584469718421,0.4995029484605972,0.9733333333333334,B,0.005634986000000936
open,B,150,1500,0.08,0.05,0.0,,11,0.3,0.2,2.0,20,0,1.0,1.0,1.0,40.0,8.146666666666667,0.0,161.19088066349272,0.059742222222222224,,150,1.118258483319861,0.24948754306227985,0.518258483319861,0.5073239296690345,0.9866666666666667,B,0.005635486083333186
open,B,150,1500,0.08,0.05,0.0,,12,0.3,0.2,2.0,20,0,1.0,1.0,1.0,40.0,8.58,0.0,161.08546782260592,0.06446222222222223,,150,1.119614243346056,0.2767154744742015,0.5196142433460561,0.5243433017490396,0.96,B,0.005634248749999339
open,B,150,1500,0.08,0.05,0.0,,13,0.3,0.2,2.0,20,0,1.0,1.0,1.0,40.0,8.36,0.0,160.80156151273076,0.06362666666666666,,150,1.094301604582232,0.2853466974736249,0.49430160458223177,0.45425156999796734,0.9466666666666667,B,0.005600999305332759
open,B,150,1500,0.08,0.05,0.0,,14,0.3,0.2,2.0,20,0,1.0,1.0,1.0,40.0,8.333333333333334,0.0,160.4872230009087,0.06383555555555556,,150,1.130872680745768,0.25180339980581007,0.5308726807457682,0.5241791780716601,0.9866666666666667,B,0.005624837277999177
open,B,150,1500,0.08,0.05,0.0,,15,0.3,0.2,2.0,20,0,1.0,1.0,1.0,40.0,8.606666666666667,0.0,161.2097919586188,0.060546666666666665,,150,1.1079559316327354,0.27014605111948153,0.5079559316327354,0.5167904904194183,0.9733333333333334,B,0.005599792749999324
open,B,150,1500,0.08,0.05,0.0,,16,0.3,0.2,2.0,20,0,1.0,1.0,1.0,40.0,8.706666666666667,0.0,160.78729956090353,0.06404888888888889,,150,1.1272690251417095,0.26663879353418324,0.5272690251417093,0.5289738195103189,0.9866666666666667,B,0.00559147022199977
open,B,150,1500,0.08,0.05,0.0,,17,0.3,0.2,2.0,20,0,1.0,1.0,1.0,40.0,8.546666666666667,0.0,160.52516637262264,0.06439111111111111,,150,1.1252538699743717,0.26183825631034735,0.525253869974372,0.5140066622633772,0.9333333333333333,B,0.005619896194000224
open,B,150,1500,0.08,0.05,0.0,,18,0.3,0.2,2.0,20,0,1.0,1.0,1.0,40.0,8.673333333333334,0.0,161.38023226651208,0.06298666666666666,,150,1.1095608954623033,0.28720331125454296,0.5095608954623035,0.49614607283610823,0.9466666666666667,B,0.005612359333333492
open,B,150,1500,0.08,0.05,0.0,,20,0.3,0.2,2.0,20,0,1.0,1.0,1.0,40.0,8.386666666666667,0.0,160.99511671949418,0.061671111111111114,,150,1.1471010355270432,0.2770551932176785,0.5471010355270433,0.5101548366450893,0.9333333333333333,B,0.005602559166665742
open,B,150,1500,0.08,0.05,0.0,,19,0.3,0.2,2.0,20,0,1.0,1.0,1.0,40.0,9.1,0.0,161.24300473170769,0.06524888888888888,,150,1.0970517539191194,0.2801885959385283,0.4970517539191193,0.4485638137824367,0.9333333333333333,B,0.005652818083333841
open,B,150,1500,0.08,0.05,0.0,,21,0.3,0.2,2.0,20,0,1.0,1.0,1.0,40.0,8.426666666666666,0.0,160.95952197505068,0.06392444444444445,,150,1.1539068583578365,0.24685402544803978,0.5539068583578364,0.5501103547867824,0.9733333333333334,B,0.0056203891946667375
open,B,150,1500,0.08,0.05,0.0,,22,0.3,0.2,2.0,20,0,1.0,1.0,1.0,40.0,8.56,0.0,161.7402368491562,0.06197333333333333,,150,1.1199626414328192,0.2667686122138428,0.5199626414328192,0.5246519967323052,0.9333333333333333,B,0.0056205793053328915
open,B,150,1500,0.08,0.05,0.0,,24,0.3,0.2,2.0,20,0,1.0,1.0,1.0,40.0,8.233333333333333,0.0,160.70105731901015,0.060866666666666666,,150,1.1621319439048798,0.2653337291285506,0.5621319439048797,0.5771772882088722,0.9466666666666667,B,0.005588818861334099
open,B,150,1500,0.08,0.05,0.0,,23,0.3,0.2,2.0,20,0,1.0,1.0,1.0,40.0,8.5,0.0,160.75972775960958,0.06286666666666667,,150,1.0939058176883911,0.2932993182075042,0.49390581768839087,0.47278302425936003,0.92,B,0.005681885111333637
open,B,150,1500,0.08,0.05,0.0,,25,0.3,0.2,2.0,20,0,1.0,1.0,1.0,40.0,8.04,0.0,160.8784537391352,0.05926222222222222,,150,1.1290266714742734,0.25769794446187816,0.5290266714742732,0.5083784352351073,0.9866666666666667,B,0.005630423222667256
open,B,150,1500,0.08,0.05,0.0,,26,0.3,0.2,2.0,20,0,1.0,1.0,1.0,40.0,8.1,0.0,161.09849531722088,0.062177777777777776,,150,1.1126979453179846,0.2971767549837038,0.5126979453179846,0.5574668120646958,0.88,B,0.0056071224446665536
open,B,150,1500,0.08,0.05,0.0,,27,0.3,0.2,2.0,20,0,1.0,1.0,1.0,40.0,8.286666666666667,0.0,160.65884012461,0.06259111111111111,,150,1.1403465582126995,0.28510329019405983,0.5403465582126995,0.5495369972358842,0.9733333333333334,B,0.00562001311066706
open,B,150,1500,0.08,0.05,0.0,,29,0.3,0.2,2.0,20,0,1.0,1.0,1.0,40.0,8.26,0.0,160.9592426330434,0.06322222222222222,,150,1.116384048694421,0.2830059739616365,0.5163840486944212,0.512615929979378,0.9733333333333334,B,0.005582252111333219
open,B,150,1500,0.08,0.05,0.0,,28,0.3,0.2,2.0,20,0,1.0,1.0,1.0,40.0,8.22,0.0,160.9863409602718,0.06276444444444444,,150,1.1186399291886384,0.310125080559633,0.5186399291886383,0.4463893935942491,0.96,B,0.005636790666667366
open,B,150,1500,0.1,0.05,0.0,,0,0.3,0.2,2.0,20,0,1.0,1.0,1.0,40.0,10.84,0.0,188.96409618940982,0.05805777777777778,,150,1.0999493229653616,0.23350478165774924,0.4999493229653619,0.48451774260927716,0.9866666666666667,B,0.005706426499999604
open,B,150,1500,0.1,0.05,0.0,,1,0.3,0.2,2.0,20,0,1.0,1.0,1.0,40.0,10.686666666666667,0.0,188.90838065132726,0.05779555555555556,,150,1.132967623253861,0.250578758765825,0.5329676232538609,0.5540804663960496,0.96,B,0.00569722308333318
open,B,150,1500,0.1,0.05,0.0,,2,0.3,0.2,2.0,20,0,1.0,1.0,1.0,40.0,10.813333333333333,0.0,189.01224998640674,0.057666666666666665,,150,1.1253818665321242,0.27407054824528865,0.525381866532124,0.5291156664357295,0.9733333333333334,B,0.005693420805332911
open,B,150,1500,0.1,0.05,0.0,,3,0.3,0.2,2.0,20,0,1.0,1.0,1.0,40.0,10.893333333333333,0.0,189.00528411501404,0.05846666666666667,,150,1.1110891940515748,0.280908995252265,0.5110891940515747,0.49763211183377853,0.9866666666666667,B,0.00569528241666679
open,B,150,1500,0.1,0.05,0.0,,4,0.3,0.2,2.0,20,0,1.0,1.0,1.0,40.0,10.553333333333333,0.0,189.19602367969566,0.058826666666666666,,150,1.0565385144922357,0.28069132448871575,0.45653851449223576,0.41648139394796513,0.9466666666666667,B,0.005661817083334123
open,B,150,1500,0.1,0.05,0.0,,5,0.3,0.2,2.0,20,0,1.0,1.0,1.0,40.0,10.893333333333333,0.0,188.4674812234216,0.05959111111111111,,150,1.1490860600221886,0.24881710313461258,0.5490860600221886,0.5427653430963911,0.94,B,0.005704304749999816
open,B,150,1500,0.1,0.05,0.0,,6,0.3,0.2,2.0,20,0,1.0,1.0,1.0,40.0,10.486666666666666,0.0,188.89395807144805,0.058653333333333335,,150,1.1160816138062546,0.2833607746206602,0.5160816138062545,0.49388694925154975,0.9333333333333333,B,0.005777110888666357
open,B,150,1500,0.1,0.05,0.0,,7,0.3,0.2,2.0,20,0,1.0,1.0,1.0,40.0,10.5,0.0,189.04325382274328,0.057617777777777775,,150,1.0965875436523629,0.2887686571829414,0.4965875436523628,0.48195328188638753,0.96,B,0.005703954833332924
open,B,150,1500,0.1,0.05,0.0,,8,0.3,0.2,2.0,20,0,1.0,1.0,1.0,40.0,10.66,0.0,189.28635147608242,0.05738666666666667,,150,1.1313838246112615,0.27340391999720454,0.5313838246112614,0.5103633134931952,0.92,B,0.005731369611334231
open,B,150,1500,0.1,0.05,0.0,,9,0.3,0.2,2.0,20,0,1.0,1.0,1.0,40.0,10.613333333333333,0.0,189.40667434153397,0.05743555555555555,,150,1.1285389732490236,0.29682272621350747,0.5285389732490237,0.510066590014985,0.9533333333333334,B,0.005706015778000922
open,B,150,1500,0.1,0.05,0.0,,10,0.3,0.2,2.0,20,0,1.0,1.0,1.0,40.0,10.62,0.0,188.69999635061632,0.05775555555555555,,150,1.118718837215641,0.2800049582683086,0.5187188372156413,0.5491565853047039,0.92,B,0.005747926777999964
open,B,150,1500,0.1,0.05,0.0,,11,0.3,0.2,2.0,20,0,1.0,1.0,1.0,40.0,11.0,0.0,188.62229613594792,0.05895555555555555,,150,1.1135444303819424,0.2662433873643059,0.5135444303819423,0.5139020625073866,0.9533333333333334,B,0.005696224999999686
open,B,150,1500,0.1,0.05,0.0,,12,0.3,0.2,2.0,20,0,1.0,1.0,1.0,40.0,10.733333333333333,0.0,189.19160650953077,0.05896888888888889,,150,1.066566967869881,0.2985570825902802,0.466566967869881,0.39899748434659066,0.9466666666666667,B,0.0058088846666663205
open,B,150,1500,0.1,0.05,0.0,,13,0.3,0.2,2.0,20,0,1.0,1.0,1.0,40.0,10.6,0.0,188.95054374108565,0.05633777777777778,,150,1.087144742771457,0.2908987890418146,0.48714474277145714,0.48309775400090704,0.96,B,0.005712448694001069
open,B,150,1500,0.1,0.05,0.0,,14,0.3,0.2,2.0,20,0,1.0,1.0,1.0,40.0,10.68,0.0,189.27109663625984,0.057604444444444444,,150,1.109677818495877,0.252175271974625,0.5096778184958769,0.4559420439558636,0.9733333333333334,B,0.005713218444000328
open,B,150,1500,0.1,0.05,0.0,,15,0.3,0.2,2.0,20,0,1.0,1.0,1.0,40.0,10.646666666666667,0.0,189.14577456876717,0.059742222222222224,,150,1.1083632208169805,0.2825120083390172,0.5083632208169807,0.5423612861561835,0.9466666666666667,B,0.005738861944667103
open,B,150,1500,0.1,0.05,0.0,,16,0.3,0.2,2.0,20,0,1.0,1.0,1.0,40.0,10.646666666666667,0.0,188.88053695676604,0.05749777777777778,,150,1.1014156561452824,0.28306784523728695,0.5014156561452826,0.5322812568890173,0.9466666666666667,B,0.005746554277999773
open,B,150,1500,0.1,0.05,0.0,,17,0.3,0.2,2.0,20,0,1.0,1.0,1.0,40.0,10.146666666666667,0.0,188.80726985159797,0.05712,,150,1.1144877250026644,0.28110068591278864,0.5144877250026644,0.5620906623457436,0.9333333333333333,B,0.005772633222000877
open,B,150,1500,0.1,0.05,0.0,,18,0.3,0.2,2.0,20,0,1.0,1.0,1.0,60.0,10.74,0.0,188.61305615052285,0.058875555555555556,,150,1.1171777548936055,0.2618094038365536,0.5171777548936056,0.4192573445911222,0.9733333333333334,B,0.005718548027334085
open,B,150,1500,0.1,0.05,0.0,,19,0.3,0.2,2.0,20,0,1.0,1.0,1.0,40.0,10.28,0.0,188.9546136146177,0.056933333333333336,,150,1.1408228258378155,0.26441403901936583,0.5408228258378157,0.5646182072661093,0.9666666666666667,B,0.0056720088060004245
open,B,150,1500,0.1,0.05,0.0,,20,0.3,0.2,2.0,20,0,1.0,1.0,1.0,40.0,10.373333333333333,0.0,189.7732260492871,0.05629777777777778,,150,1.121692794187221,0.28670427077642596,0.5216927941872209,0.515732327247978,0.9333333333333333,B,0.0056619337779993655
open,B,150,1500,0.1,0.05,0.0,,21,0.3,0.2,2.0,20,0,1.0,1.0,1.0,40.0,10.906666666666666,0.0,189.2477497932567,0.05775555555555555,,150,1.0835327424860661,0.2604757126218983,0.48353274248606626,0.47549298260766015,0.9466666666666667,B,0.00564804722199915
open,B,150,1500,0.1,0.05,0.0,,22,0.3,0.2,2.0,20,0,1.0,1.0,1.0,40.0,11.226666666666667,0.0,189.27948107493432,0.06109333333333333,,150,1.1087342986365998,0.28002768006938134,0.5087342986365997,0.4816609584395408,0.92,B,0.0056219561666669806
open,B,150,1500,0.1,0.05,0.0,,23,0.3,0.2,2.0,20,0,1.0,1.0,1.0,40.0,10.54,0.0,189.3849878533332,0.05842666666666667,,150,1.0522914498522637,0.28086914181450207,0.4522914498522638,0.3944312400545182,0.9066666666666666,B,0.005654226472666778
open,B,150,1500,0.1,0.05,0.0,,24,0.3,0.2,2.0,20,0,1.0,1.0,1.0,40.0,10.393333333333333,0.0,189.266626190406,0.05717333333333333,,150,1.1235895311742388,0.24780051721300897,0.5235895311742386,0.5186955935944702,0.9733333333333334,B,0.005633230444000219
open,B,150,1500,0.1,0.05,0.0,,25,0.3,0.2,2.0,20,0,1.0,1.0,1.0,40.0,10.56,0.0,189.15938768574568,0.05908,,150,1.1270010753789153,0.24456928782687995,0.5270010753789152,0.49885968667842806,1.0,B,0.005624246444000164
open,B,150,1500,0.1,0.05,0.0,,26,0.3,0.2,2.0,20,0,1.0,1.0,1.0,40.0,10.62,0.0,188.9836098800878,0.05670222222222222,,150,1.117486682094304,0.2785807633679662,0.517486682094304,0.521321691283314,0.9466666666666667,B,0.0056515958613332865
open,B,150,1500,0.1,0.05,0.0,,27,0.3,0.2,2.0,20,0,1.0,1.0,1.0,40.0,10.78,0.0,189.1623908763774,0.05662222222222222,,150,1.1322161892519607,0.27514682286403874,0.5322161892519607,0.5146117260356716,0.96,B,0.00565038027733317
open,B,150,1500,0.1,0.05,0.0,,28,0.3,0.2,2.0,20,0,1.0,1.0,1.0,40.0,10.706666666666667,0.0,189.55255511207244,0.05812,,150,1.1230866899375094,0.24406245308894503,0.5230866899375094,0.5344431614371397,0.92,B,0.005634642944666363
open,B,150,1500,0.1,0.05,0.0,,29,0.3,0.2,2.0,20,0,1.0,1.0,1.0,40.0,10.906666666666666,0.0,188.88754436286519,0.05842666666666667,,150,1.136221686255992,0.25087938547772726,0.5362216862559922,0.5293916931432463,0.96,B,0.005624758278000324
open,B,150,1500,0.12,0.05,0.0,,0,0.3,0.2,2.0,20,0,1.0,1.0,1.0,60.0,13.353333333333333,0.0,218.958532964479,0.05657333333333334,,150,1.0710590367910444,0.25800973847704406,0.47105903679104455,0.4722767526831465,0.94,B,0.005681859555332873
open,B,150,1500,0.12,0.05,0.0,,1,0.3,0.2,2.0,20,0,1.0,1.0,1.0,40.0,12.26,0.0,218.4983718665953,0.053546666666666666,,150,1.0727787296129976,0.26783221230796594,0.4727787296129975,0.4623800913209001,0.9466666666666667,B,0.005763685138666915
open,B,150,1500,0.12,0.05,0.0,,2,0.3,0.2,2.0,20,0,1.0,1.0,1.0,40.0,13.033333333333333,0.0,219.136312438239,0.05514666666666666,,150,1.0750129270873756,0.2933093095748356,0.4750129270873756,0.4456411856129493,0.9533333333333334,B,0.005655463583333282
open,B,150,1500,0.12,0.05,0.0,,3,0.3,0.2,2.0,20,0,1.0,1.0,1.0,40.0,13.44,0.0,218.85257036919614,0.057515555555555556,,150,1.0820560656614315,0.29566966723642923,0.4820560656614317,0.4599380000437441,0.9333333333333333,B,0.005661191555333062
open,B,150,1500,0.12,0.05,0.0,,4,0.3,0.2,2.0,20,0,1.0,1.0,1.0,40.0,12.793333333333333,0.0,218.99189524869232,0.056057777777777776,,150,1.0706726545175558,0.28322657091867554,0.47067265451755597,0.437836563637373,0.96,B,0.0056955327779990815
open,B,150,1500,0.12,0.05,0.0,,5,0.3,0.2,2.0,20,0,1.0,1.0,1.0,40.0,13.413333333333334,0.0,219.531272963035,0.05649333333333333,,150,1.0622257339590468,0.25569863256426034,0.46222573395904687,0.4379791692880516,0.96,B,0.005708204472000943
open,B,150,1500,0.12,0.05,0.0,,7,0.3,0.2,2.0,20,0,1.0,1.0,1.0,40.0,12.993333333333334,0.0,218.2314269106965,0.057,,150,1.0773926351688663,0.28638967388924624,0.47739263516886654,0.44301738554479864,0.96,B,0.00570978102733352
open,B,150,1500,0.12,0.05,0.0,,6,0.3,0.2,2.0,20,0,1.0,1.0,1.0,60.0,13.306666666666667,0.0,218.11548966707068,0.05933777777777778,,150,1.1149882087018435,0.27340168559289246,0.5149882087018435,0.5071438094115448,0.9533333333333334,B,0.005727329111333044
open,B,150,1500,0.12,0.05,0.0,,8,0.3,0.2,2.0,20,0,1.0,1.0,1.0,40.0,12.986666666666666,0.0,218.89159446670922,0.05556,,150,1.0724331097455297,0.2856307047594777,0.4724331097455299,0.4099437703454385,0.92,B,0.005698049416667345
open,B,150,1500,0.12,0.05,0.0,,9,0.3,0.2,2.0,20,0,1.0,1.0,1.0,40.0,12.653333333333334,0.0,218.68905083465114,0.05459555555555556,,150,1.1299313845507697,0.27051728639496225,0.5299313845507698,0.5709934874356042,0.96,B,0.005749052221999591
open,B,150,1500,0.12,0.05,0.0,,10,0.3,0.2,2.0,20,0,1.0,1.0,1.0,40.0,12.966666666666667,0.0,218.5029152353866,0.05748,,150,1.119819988609794,0.26507178722603647,0.5198199886097941,0.5485268101272811,0.96,B,0.0057103824166673195
open,B,150,1500,0.12,0.05,0.0,,11,0.3,0.2,2.0,20,0,1.0,1.0,1.0,40.0,12.746666666666666,0.0,219.2858061615148,0.056862222222222224,,150,1.0892726944160793,0.2909950316761415,0.4892726944160794,0.4853072128257828,0.9333333333333333,B,0.005703966944666414
open,B,150,1500,0.12,0.05,0.0,,12,0.3,0.2,2.0,20,0,1.0,1.0,1.0,40.0,13.046666666666667,0.0,218.80765811506907,0.05700888888888889,,150,1.1138565372257676,0.24565745482427007,0.5138565372257676,0.5423911245051517,0.9733333333333334,B,0.005706421749999815
open,B,150,1500,0.12,0.05,0.0,,13,0.3,0.2,2.0,20,0,1.0,1.0,1.0,40.0,12.886666666666667,0.0,218.65127658092732,0.05575555555555556,,150,1.085240720157291,0.2708094789627992,0.4852407201572909,0.46068001473323605,0.9466666666666667,B,0.005664801027333548
open,B,150,1500,0.12,0.05,0.0,,14,0.3,0.2,2.0,20,0,1.0,1.0,1.0,40.0,12.526666666666667,0.0,219.20914896238511,0.05584,,150,1.098161615624743,0.26251657699224445,0.4981616156247431,0.49186996950218165,0.96,B,0.005739781777333216
open,B,150,1500,0.12,0.05,0.0,,15,0.3,0.2,2.0,20,0,1.0,1.0,1.0,40.0,13.253333333333334,0.0,219.20321540404265,0.05662222222222222,,150,1.0823139604679988,0.2753343699231897,0.48231396046799907,0.46049727157248266,0.92,B,0.005632805722000436
open,B,150,1500,0.12,0.05,0.0,,16,0.3,0.2,2.0,20,0,1.0,1.0,1.0,40.0,12.913333333333334,0.0,219.0017507322751,0.055364444444444445,,150,1.1136234394120148,0.2740922600779852,0.5136234394120148,0.49342827671081346,0.94,B,0.0056957410273341036
open,B,150,1500,0.12,0.05,0.0,,17,0.3,0.2,2.0,20,0,1.0,1.0,1.0,60.0,13.213333333333333,0.0,218.95743902527096,0.056822222222222225,,150,1.0924978090975896,0.27113046379370825,0.4924978090975896,0.4881313552717953,0.9333333333333333,B,0.0056496771113331
open,B,150,1500,0.12,0.05,0.0,,18,0.3,0.2,2.0,20,0,1.0,1.0,1.0,40.0,13.073333333333334,0.0,218.9423498173279,0.054626666666666664,,150,1.09435460376309,0.25534282124982893,0.49435460376309,0.4741045755163573,0.9733333333333334,B,0.005729394166666073
open,B,150,1500,0.12,0.05,0.0,,19,0.3,0.2,2.0,20,0,1.0,1.0,1.0,40.0,12.793333333333333,0.0,219.20751377853128,0.055635555555555556,,150,1.1027700366880644,0.27937440826388216,0.5027700366880644,0.44571851039908894,0.96,B,0.005694445778000955
open,B,150,1500,0.12,0.05,0.0,,20,0.3,0.2,2.0,20,0,1.0,1.0,1.0,40.0,13.593333333333334,0.0,219.04354803906065,0.05825333333333333,,150,1.1212777380795358,0.2651908722649841,0.5212777380795357,0.514460560065193,0.9866666666666667,B,0.005680263528000069
open,B,150,1500,0.12,0.05,0.0,,21,0.3,0.2,2.0,20,0,1.0,1.0,1.0,40.0,12.993333333333334,0.0,219.20721442610986,0.05552,,150,1.104024210641576,0.26448614233284723,0.5040242106415758,0.4345689335562609,0.96,B,0.005692807027999758
open,B,150,1500,0.12,0.05,0.0,,22,0.3,0.2,2.0,20,0,1.0,1.0,1.0,40.0,12.993333333333334,0.0,218.6479927702933,0.05744888888888889,,150,1.0767155544847171,0.2776546431686752,0.4767155544847172,0.4589511022726386,0.92,B,0.005689156721999704
open,B,150,1500,0.12,0.05,0.0,,23,0.3,0.2,2.0,20,0,1.0,1.0,1.0,40.0,12.92,0.0,219.78908818013912,0.055551111111111114,,150,1.0950496751669538,0.27687988369699446,0.4950496751669541,0.49389990875347245,0.9066666666666666,B,0.005672367860666176
open,B,150,1500,0.12,0.05,0.0,,24,0.3,0.2,2.0,20,0,1.0,1.0,1.0,40.0,12.5,0.0,219.28350842579448,0.05338222222222222,,150,1.1216504087000094,0.280073495290329,0.5216504087000096,0.5335988043812545,0.9533333333333334,B,0.005662893333332856
open,B,150,1500,0.12,0.05,0.0,,25,0.3,0.2,2.0,20,0,1.0,1.0,1.0,40.0,13.326666666666666,0.0,218.5795341660276,0.057591111111111114,,150,1.126936216625068,0.2612090899892813,0.5269362166250678,0.5383515287257525,0.9466666666666667,B,0.00567929444466669
open,B,150,1500,0.12,0.05,0.0,,26,0.3,0.2,2.0,20,0,1.0,1.0,1.0,40.0,12.806666666666667,0.0,218.95605391931977,0.056826666666666664,,150,1.1089896009045417,0.2840572358699426,0.5089896009045416,0.5335750042264126,0.96,B,0.00566859041666612
open,C,150,1500,0.0,0.05,0.0,,0,0.3,0.2,2.0,20,0,1.0,1.0,1.0,40.0,3.0,0.0,96.59855973797598,0.03855111111111111,,150,1.2051620097347344,0.21849182949631793,0.6051620097347346,0.6099530874314912,0.9866666666666667,C,0.005131711999999728
open,C,150,1500,0.0,0.05,0.0,,1,0.3,0.2,2.0,20,0,1.0,1.0,1.0,40.0,2.8866666666666667,0.0,96.48989043354798,0.036991111111111113,,150,1.1805798774736278,0.2514862070293402,0.580579877473628,0.5982922540166268,1.0,C,0.005127714638666172
open,B,150,1500,0.12,0.05,0.0,,27,0.3,0.2,2.0,20,0,1.0,1.0,1.0,40.0,12.933333333333334,0.0,219.2941437894086,0.05529333333333333,,150,1.1011108675432106,0.28512720677592174,0.5011108675432108,0.4818642267982973,0.9333333333333333,B,0.0056999201106664255
open,C,150,1500,0.0,0.05,0.0,,2,0.3,0.2,2.0,20,0,1.0,1.0,1.0,40.0,2.84,0.0,96.81153524022328,0.03652,,150,1.1810781868006515,0.24143643551368496,0.5810781868006515,0.6483171076604699,0.9466666666666667,C,0.005138349750000392
open,B,150,1500,0.12,0.05,0.0,,29,0.3,0.2,2.0,20,0,1.0,1.0,1.0,40.0,13.013333333333334,0.0,218.56656959294483,0.05569777777777778,,150,1.1164820531706405,0.2669667387629275,0.5164820531706407,0.480507679071708,0.96,B,0.005683798805332724
open,B,150,1500,0.12,0.05,0.0,,28,0.3,0.2,2.0,20,0,1.0,1.0,1.0,60.0,12.953333333333333,0.0,218.9255513966835,0.05629777777777778,,150,1.0765318231247307,0.29175103703998856,0.4765318231247308,0.4349815539703551,0.9333333333333333,B,0.005705869305333181
open,C,150,1500,0.0,0.05,0.0,,3,0.3,0.2,2.0,20,0,1.0,1.0,1.0,40.0,2.6866666666666665,0.0,96.49167850055811,0.036866666666666666,,150,1.179551215285269,0.23378748018849455,0.5795512152852688,0.615018059586608,0.96,C,0.005164712166665898
open,C,150,1500,0.0,0.05,0.0,,4,0.3,0.2,2.0,20,0,1.0,1.0,1.0,40.0,2.7666666666666666,0.0,96.52022254282848,0.036906666666666664,,150,1.2171755645289177,0.25841270839344543,0.617175564528918,0.6366213317402835,0.9866666666666667,C,0.00519287336133372
open,C,150,1500,0.0,0.05,0.0,,5,0.3,0.2,2.0,20,0,1.0,1.0,1.0,40.0,2.66,0.0,96.37861399122849,0.037546666666666666,,150,1.2303797961966174,0.22022362789907518,0.6303797961966173,0.6181620256110388,0.9733333333333334,C,0.005158702138665831
open,C,150,1500,0.0,0.05,0.0,,6,0.3,0.2,2.0,20,0,1.0,1.0,1.0,40.0,2.953333333333333,0.0,96.74123956347985,0.039302222222222225,,150,1.1952519374341666,0.21422903205432756,0.5952519374341665,0.6080179656990433,1.0,C,0.005157383388666252
open,C,150,1500,0.0,0.05,0.0,,7,0.3,0.2,2.0,20,0,1.0,1.0,1.0,40.0,2.8133333333333335,0.0,96.27115399217692,0.037524444444444444,,150,1.189496372539503,0.24007618847760206,0.5894963725395029,0.5906378274296479,0.9866666666666667,C,0.005158089194666294
open,C,150,1500,0.0,0.05,0.0,,9,0.3,0.2,2.0,20,0,1.0,1.0,1.0,40.0,2.6466666666666665,0.0,96.8963850887644,0.03587111111111111,,150,1.2120848641267508,0.24468734189731697,0.6120848641267507,0.6619014896306812,0.9733333333333334,C,0.0051469825833337386
open,C,150,1500,0.0,0.05,0.0,,10,0.3,0.2,2.0,20,0,1.0,1.0,1.0,40.0,2.8,0.0,96.61410515471064,0.03776,,150,1.2003390659849784,0.24791323928470424,0.6003390659849785,0.6361556738962647,0.9733333333333334,C,0.005152843083332603
open,C,150,1500,0.0,0.05,0.0,,8,0.3,0.2,2.0,20,0,1.0,1.0,1.0,40.0,2.7666666666666666,0.0,96.35754766119668,0.03666222222222222,,150,1.2352365315261578,0.2243498089600436,0.6352365315261578,0.6795738228832725,0.9733333333333334,C,0.00519832666666601
open,C,150,1500,0.0,0.05,0.0,,11,0.3,0.2,2.0,20,0,1.0,1.0,1.0,40.0,2.7466666666666666,0.0,96.6588205480902,0.037955555555555555,,150,1.1811594782557469,0.2718166939030103,0.5811594782557469,0.6106314875006008,0.9333333333333333,C,0.005162197472667079
open,C,150,1500,0.0,0.05,0.0,,12,0.3,0.2,2.0,20,0,1.0,1.0,1.0,40.0,2.7866666666666666,0.0,96.1272578230549,0.03704,,150,1.2529321010606773,0.21405050729320832,0.6529321010606773,0.669633192612506,0.9866666666666667,C,0.005158885027999834
open,C,150,1500,0.0,0.05,0.0,,13,0.3,0.2,2.0,20,0,1.0,1.0,1.0,40.0,2.9133333333333336,0.0,96.036085223976,0.03593777777777778,,150,1.1741356357878063,0.2833986915759438,0.5741356357878064,0.6088480446019177,0.94,C,0.005184081110666739
open,C,150,1500,0.0,0.05,0.0,,14,0.3,0.2,2.0,20,0,1.0,1.0,1.0,40.0,2.7333333333333334,0.0,96.47529230064899,0.037915555555555557,,150,1.2125411638360064,0.2269886890028616,0.6125411638360063,0.6158250862769352,0.9866666666666667,C,0.005139631250000093
open,C,150,1500,0.0,0.05,0.0,,15,0.3,0.2,2.0,20,0,1.0,1.0,1.0,40.0,3.0866666666666664,0.0,96.2414986400738,0.03979111111111111,,150,1.1954634932289347,0.22900254259580122,0.5954634932289348,0.5638187091268584,0.9866666666666667,C,0.005140304333333915
open,C,150,1500,0.0,0.05,0.0,,16,0.3,0.2,2.0,20,0,1.0,1.0,1.0,40.0,3.2133333333333334,0.0,96.31923910219327,0.03652888888888889,,150,1.1833530682820497,0.23784593647236973,0.5833530682820496,0.5613773960072108,0.9866666666666667,C,0.005141997666666915
open,C,150,1500,0.0,0.05,0.0,,17,0.3,0.2,2.0,20,0,1.0,1.0,1.0,40.0,2.8733333333333335,0.0,96.71706635509605,0.03708,,150,1.2238018049972128,0.2324572423563957,0.623801804997213,0.6573955333048823,0.96,C,0.005128643000000011
open,C,150,1500,0.0,0.05,0.0,,18,0.3,0.2,2.0,20,0,1.0,1.0,1.0,40.0,2.8933333333333335,0.0,96.23969060081643,0.036408888888888886,,150,1.1889807806684631,0.22287833146985755,0.5889807806684633,0.6084328201740563,0.96,C,0.005117488110667182
open,C,150,1500,0.0,0.05,0.0,,19,0.3,0.2,2.0,20,0,1.0,1.0,1.0,40.0,2.8733333333333335,0.0,95.98957623536043,0.03617777777777778,,150,1.2311381709161053,0.22045354295351727,0.6311381709161052,0.6518388918807745,0.9866666666666667,C,0.0051672005279991325
open,C,150,1500,0.0,0.05,0.0,,20,0.3,0.2,2.0,20,0,1.0,1.0,1.0,40.0,2.58,0.0,96.28555220028396,0.036595555555555555,,150,1.2061659500108892,0.2116905336952239,0.6061659500108892,0.5758079665807273,1.0,C,0.005170894194667199
open,C,150,1500,0.0,0.05,0.0,,21,0.3,0.2,2.0,20,0,1.0,1.0,1.0,40.0,2.9266666666666667,0.0,96.50149791807112,0.037804444444444446,,150,1.1733948026284164,0.23361930939100486,0.5733948026284165,0.5918517186548672,0.98,C,0.005131287222000538
open,C,150,1500,0.0,0.05,0.0,,22,0.3,0.2,2.0,20,0,1.0,1.0,1.0,40.0,3.033333333333333,0.0,96.68780711353169,0.03728888888888889,,150,1.2477111176093185,0.23422564074539248,0.6477111176093185,0.6565674806366414,0.9733333333333334,C,0.005141661527333781
open,C,150,1500,0.0,0.05,0.0,,23,0.3,0.2,2.0,20,0,1.0,1.0,1.0,40.0,3.066666666666667,0.0,96.72458452923402,0.03766666666666667,,150,1.2062234249716532,0.20697006349599376,0.6062234249716534,0.5669137783220778,0.9866666666666667,C,0.0051415164726665045
open,C,150,1500,0.0,0.05,0.0,,25,0.3,0.2,2.0,20,0,1.0,1.0,1.0,40.0,2.8333333333333335,0.0,96.5244092691567,0.03759111111111111,,150,1.201550020908554,0.25373774271419497,0.6015500209085539,0.6234133794852796,0.9466666666666667,C,0.005098730833333926
open,C,150,1500,0.0,0.05,0.0,,24,0.3,0.2,2.0,20,0,1.0,1.0,1.0,40.0,2.7866666666666666,0.0,96.41448288647665,0.03624,,150,1.2036243719919852,0.22499750929537896,0.6036243719919848,0.6489804056110283,0.96,C,0.0051320946946664964
open,C,150,1500,0.0,0.05,0.0,,27,0.3,0.2,2.0,20,0,1.0,1.0,1.0,40.0,2.7066666666666666,0.0,96.54110599304721,0.034862222222222225,,150,1.2055642998170106,0.21091316824919906,0.6055642998170104,0.6145836350743261,0.9733333333333334,C,0.005087367277999875
open,C,150,1500,0.0,0.05,0.0,,26,0.3,0.2,2.0,20,0,1.0,1.0,1.0,40.0,2.9266666666666667,0.0,96.21942511749164,0.03602222222222222,,150,1.1832246143263243,0.2535256519449437,0.5832246143263243,0.6256758807815596,0.9333333333333333,C,0.005134549944000658
open,C,150,1500,0.0,0.05,0.0,,28,0.3,0.2,2.0,20,0,1.0,1.0,1.0,40.0,2.8866666666666667,0.0,96.319580265484,0.03784,,150,1.1836353555084675,0.23754538086205582,0.5836353555084676,0.5815002942618157,0.9866666666666667,C,0.005122368722666579
open,C,150,1500,0.0,0.05,0.0,,29,0.3,0.2,2.0,20,0,1.0,1.0,1.0,40.0,2.8,0.0,96.40558780838803,0.03541777777777778,,150,1.1796867134135924,0.23577460604992337,0.5796867134135927,0.6011588601086386,0.9866666666666667,C,0.005121886250000292
open,C,150,1500,0.01,0.05,0.0,,0,0.3,0.2,2.0,20,0,1.0,1.0,1.0,40.0,3.3733333333333335,0.0,101.16058781765659,0.039115555555555556,,150,1.1856199758051873,0.25537536445630654,0.5856199758051874,0.6237595311698357,0.9733333333333334,C,0.005177199361334109
open,C,150,1500,0.01,0.05,0.0,,1,0.3,0.2,2.0,20,0,1.0,1.0,1.0,40.0,3.0933333333333333,0.0,101.05364546842698,0.03770222222222222,,150,1.2032413489798557,0.24402805016372656,0.6032413489798555,0.5861124437073152,0.96,C,0.005129951055333853
open,C,150,1500,0.01,0.05,0.0,,2,0.3,0.2,2.0,20,0,1.0,1.0,1.0,40.0,3.3666666666666667,0.0,100.76873301239613,0.03814222222222222,,150,1.2045870331691688,0.24954736110621692,0.6045870331691688,0.6423874555282787,0.9733333333333334,C,0.005180646999999833
open,C,150,1500,0.01,0.05,0.0,,3,0.3,0.2,2.0,20,0,1.0,1.0,1.0,40.0,3.0866666666666664,0.0,101.1048200516735,0.03780888888888889,,150,1.2476652269476733,0.21348594929480202,0.6476652269476736,0.7007706990859329,1.0,C,0.005156867639333844
open,C,150,1500,0.01,0.05,0.0,,4,0.3,0.2,2.0,20,0,1.0,1.0,1.0,40.0,3.3,0.0,101.56829437560272,0.03798666666666667,,150,1.2027402907494653,0.23330215847787006,0.6027402907494653,0.6064434558856255,0.9733333333333334,C,0.005162757527999929
open,C,150,1500,0.01,0.05,0.0,,5,0.3,0.2,2.0,20,0,1.0,1.0,1.0,40.0,3.3533333333333335,0.0,100.99059845588643,0.040293333333333334,,150,1.1812353360041157,0.24610515640059358,0.5812353360041154,0.6400932619834906,0.96,C,0.005152332083333022
open,C,150,1500,0.01,0.05,0.0,,6,0.3,0.2,2.0,20,0,1.0,1.0,1.0,40.0,3.3466666666666667,0.0,100.90035117103635,0.03693777777777778,,150,1.2026930087183834,0.23243770807249112,0.6026930087183835,0.6458190091161952,1.0,C,0.005186416444665762
open,C,150,1500,0.01,0.05,0.0,,7,0.3,0.2,2.0,20,0,1.0,1.0,1.0,40.0,3.1333333333333333,0.0,100.75655244399422,0.037706666666666666,,150,1.2226023974783367,0.2417984663383918,0.6226023974783365,0.6680557535977818,0.9733333333333334,C,0.005153481138666393
open,C,150,1500,0.01,0.05,0.0,,8,0.3,0.2,2.0,20,0,1.0,1.0,1.0,40.0,3.12,0.0,101.1021393423379,0.036631111111111114,,150,1.2337575421489295,0.23211366216240772,0.6337575421489297,0.644363226477793,0.9733333333333334,C,0.005131582750000235
open,C,150,1500,0.01,0.05,0.0,,9,0.3,0.2,2.0,20,0,1.0,1.0,1.0,40.0,2.9466666666666668,0.0,100.59505325528353,0.03578222222222222,,150,1.1616181980417553,0.24774575667261067,0.5616181980417551,0.5734969588011889,0.96,C,0.005192054499999358
open,C,150,1500,0.01,0.05,0.0,,10,0.3,0.2,2.0,20,0,1.0,1.0,1.0,40.0,3.18,0.0,100.85202323073646,0.03861777777777778,,150,1.1700624382635334,0.24835732474210132,0.5700624382635334,0.5909646041485187,0.9733333333333334,C,0.005139492055333297
open,C,150,1500,0.01,0.05,0.0,,11,0.3,0.2,2.0,20,0,1.0,1.0,1.0,40.0,3.32,0.0,101.02484446684424,0.03632888888888889,,150,1.2050740642512419,0.24436593890087535,0.6050740642512419,0.6687265638052616,0.96,C,0.005186565972000002
open,C,150,1500,0.01,0.05,0.0,,12,0.3,0.2,2.0,20,0,1.0,1.0,1.0,40.0,3.2333333333333334,0.0,101.37497032791656,0.037795555555555554,,150,1.1765793314716033,0.24034295996951996,0.5765793314716035,0.5938319291520523,0.9866666666666667,C,0.005168967027333565
open,C,150,1500,0.01,0.05,0.0,,13,0.3,0.2,2.0,20,0,1.0,1.0,1.0,40.0,3.4466666666666668,0.0,101.35361993098539,0.037795555555555554,,150,1.2127019404261645,0.22687290849065098,0.6127019404261642,0.6201002615754879,0.9866666666666667,C,0.00518218641666681
open,C,150,1500,0.01,0.05,0.0,,14,0.3,0.2,2.0,20,0,1.0,1.0,1.0,40.0,3.1533333333333333,0.0,101.05372688689945,0.03682666666666667,,150,1.252465061588873,0.21020237342985026,0.652465061588873,0.6408262374038987,1.0,C,0.005158660528000231
open,C,150,1500,0.01,0.05,0.0,,15,0.3,0.2,2.0,20,0,1.0,1.0,1.0,40.0,3.2466666666666666,0.0,100.75198074347948,0.034431111111111114,,150,1.1723476655482725,0.25035345489916805,0.5723476655482724,0.6191795898575781,0.9466666666666667,C,0.005162293999999141
open,C,150,1500,0.01,0.05,0.0,,17,0.3,0.2,2.0,20,0,1.0,1.0,1.0,40.0,3.08,0.0,101.52117025095794,0.03644,,150,1.1780269960889014,0.2428354802369093,0.5780269960889014,0.56029429383485,0.9666666666666667,C,0.005201804749999913
open,C,150,1500,0.01,0.05,0.0,,16,0.3,0.2,2.0,20,0,1.0,1.0,1.0,40.0,3.28,0.0,101.50104766196486,0.039191111111111114,,150,1.2018913085834315,0.24555277407304602,0.6018913085834317,0.6419540430806051,0.96,C,0.00522417713866768
open,C,150,1500,0.01,0.05,0.0,,18,0.3,0.2,2.0,20,0,1.0,1.0,1.0,40.0,3.2533333333333334,0.0,100.77080049709218,0.03771111111111111,,150,1.1616224904473615,0.21520744094926486,0.5616224904473618,0.5697564336432502,0.9866666666666667,C,0.0051443418060007386
open,C,150,1500,0.01,0.05,0.0,,19,0.3,0.2,2.0,20,0,1.0,1.0,1.0,40.0,3.1533333333333333,0.0,101.27682147088926,0.03760444444444445,,150,1.2314031128716343,0.2412697286127966,0.6314031128716344,0.663165073446747,0.9733333333333334,C,0.005183157666666375
open,C,150,1500,0.01,0.05,0.0,,20,0.3,0.2,2.0,20,0,1.0,1.0,1.0,40.0,3.2533333333333334,0.0,101.38675277390023,0.03724444444444444,,150,1.1676754418957236,0.28130459160760557,0.5676754418957235,0.6058801556927911,0.9533333333333334,C,0.005114274833333184
open,C,150,1500,0.01,0.05,0.0,,21,0.3,0.2,2.0,20,0,1.0,1.0,1.0,40.0,3.473333333333333,0.0,101.18768205869723,0.03757777777777778,,150,1.211237836482019,0.2361754754213358,0.6112378364820191,0.6288802571518474,1.0,C,0.005137273500000447
open,C,150,1500,0.01,0.05,0.0,,22,0.3,0.2,2.0,20,0,1.0,1.0,1.0,40.0,3.0933333333333333,0.0,100.79897204237119,0.03772,,150,1.2030912210158302,0.2692141561914977,0.60309122101583,0.6595653046488686,0.9733333333333334,C,0.005152227722000437
open,C,150,1500,0.01,0.05,0.0,,23,0.3,0.2,2.0,20,0,1.0,1.0,1.0,40.0,3.1866666666666665,0.0,100.94989772242053,0.03841777777777778,,150,1.1817756353459348,0.25532227474479935,0.5817756353459348,0.6212386546199686,0.96,C,0.005116225055334022
open,C,150,1500,0.01,0.05,0.0,,24,0.3,0.2,2.0,20,0,1.0,1.0,1.0,40.0,3.2133333333333334,0.0,101.20955336563934,0.037373333333333335,,150,1.1809649115149758,0.2571028394887205,0.5809649115149759,0.6063287072618284,0.9066666666666666,C,0.0051598205833336885
open,C,150,1500,0.01,0.05,0.0,,26,0.3,0.2,2.0,20,0,1.0,1.0,1.0,40.0,3.2266666666666666,0.0,101.02546268711302,0.03686222222222222,,150,1.1758179095491907,0.25211481418307086,0.5758179095491909,0.554794978000516,0.9733333333333334,C,0.005100495888667259
open,C,150,1500,0.01,0.05,0.0,,25,0.3,0.2,2.0,20,0,1.0,1.0,1.0,40.0,3.2733333333333334,0.0,101.20481000701342,0.037102222222222224,,150,1.181085651116669,0.20764929898782122,0.5810856511166689,0.6214015747380406,0.9733333333333334,C,0.005175729971999924
open,C,150,1500,0.01,0.05,0.0,,27,0.3,0.2,2.0,20,0,1.0,1.0,1.0,40.0,3.1866666666666665,0.0,101.1756428389454,0.03768,,150,1.1951852429110923,0.25719290115886917,0.5951852429110925,0.6292409684316617,0.9533333333333334,C,0.005106010527999994
open,C,150,1500,0.01,0.05,0.0,,28,0.3,0.2,2.0,20,0,1.0,1.0,1.0,40.0,3.12,0.0,101.0623057580039,0.03662222222222222,,150,1.2230209747247065,0.2448827324841472,0.6230209747247064,0.6609561102333104,1.0,C,0.005156309083333326
open,C,150,1500,0.01,0.05,0.0,,29,0.3,0.2,2.0,20,0,1.0,1.0,1.0,40.0,3.1666666666666665,0.0,101.36274919523346,0.03740888888888889,,150,1.1889046685279803,0.2235346362920756,0.58890466852798,0.6149693479523435,0.96,C,0.0051453924999999194
open,C,150,1500,0.02,0.05,0.0,,1,0.3,0.2,2.0,20,0,1.0,1.0,1.0,40.0,3.453333333333333,0.0,107.45141752412145,0.038053333333333335,,150,1.1617960503487552,0.24483270406978816,0.5617960503487552,0.6075257777935672,0.9866666666666667,C,0.005114927555333755
open,C,150,1500,0.02,0.05,0.0,,0,0.3,0.2,2.0,20,0,1.0,1.0,1.0,40.0,3.66,0.0,106.9763143776725,0.038782222222222225,,150,1.1977466702250263,0.2761527406302992,0.5977466702250261,0.632838599567703,0.9466666666666667,C,0.005181063638667789
open,C,150,1500,0.02,0.05,0.0,,2,0.3,0.2,2.0,20,0,1.0,1.0,1.0,40.0,3.6,0.0,107.11677304085704,0.03833333333333333,,150,1.1745508375628109,0.2608796472686973,0.5745508375628111,0.6033243251968388,0.9533333333333334,C,0.005165888444667265
open,C,150,1500,0.02,0.05,0.0,,3,0.3,0.2,2.0,20,0,1.0,1.0,1.0,40.0,3.4,0.0,107.21641961998148,0.038053333333333335,,150,1.2020863107603703,0.2596123702440604,0.6020863107603702,0.6495560079693694,0.9533333333333334,C,0.0051710995553330575
open,C,150,1500,0.02,0.05,0.0,,4,0.3,0.2,2.0,20,0,1.0,1.0,1.0,40.0,3.2933333333333334,0.0,106.65525748346472,0.03624444444444445,,150,1.2522967009286978,0.22206211429440675,0.652296700928698,0.6875015110236112,0.9733333333333334,C,0.0051748090273334435
open,C,150,1500,0.02,0.05,0.0,,5,0.3,0.2,2.0,20,0,1.0,1.0,1.0,40.0,3.48,0.0,107.0502561196199,0.038422222222222226,,150,1.2365407053948,0.21083732588752638,0.6365407053948001,0.6623789152149812,0.9866666666666667,C,0.00513429330533351
open,C,150,1500,0.02,0.05,0.0,,6,0.3,0.2,2.0,20,0,1.0,1.0,1.0,40.0,3.38,0.0,107.33663104300963,0.03840444444444444,,150,1.2141058752697196,0.23338570505465797,0.6141058752697196,0.6719328960668984,1.0,C,0.0051884453893326285
open,C,150,1500,0.02,0.05,0.0,,7,0.3,0.2,2.0,20,0,1.0,1.0,1.0,40.0,3.16,0.0,107.10944070537961,0.03768888888888889,,150,1.2002261938052854,0.2250698195463397,0.6002261938052854,0.6418551911164575,0.9666666666666667,C,0.00518927230600093
open,C,150,1500,0.02,0.05,0.0,,8,0.3,0.2,2.0,20,0,1.0,1.0,1.0,40.0,3.44,0.0,107.01632029340598,0.037333333333333336,,150,1.2166193853759106,0.24947369165021466,0.6166193853759107,0.6637151855408643,0.96,C,0.005238739360665931
open,C,150,1500,0.02,0.05,0.0,,9,0.3,0.2,2.0,20,0,1.0,1.0,1.0,40.0,3.526666666666667,0.0,107.65664873044739,0.035693333333333334,,150,1.2353794759665293,0.22198928170878962,0.6353794759665292,0.634120638274593,0.96,C,0.005195956611332804
open,C,150,1500,0.02,0.05,0.0,,10,0.3,0.2,2.0,20,0,1.0,1.0,1.0,40.0,3.2866666666666666,0.0,107.54900976098813,0.03676444444444445,,150,1.1243855271413865,0.27436639074822355,0.5243855271413864,0.515591954797313,0.9466666666666667,C,0.005206936555333717
open,C,150,1500,0.02,0.05,0.0,,11,0.3,0.2,2.0,20,0,1.0,1.0,1.0,40.0,3.5733333333333333,0.0,107.06441931691775,0.03639111111111111,,150,1.1581266494763787,0.25490645468507217,0.5581266494763789,0.5534517838233568,0.9866666666666667,C,0.005187305222001062
open,C,150,1500,0.02,0.05,0.0,,12,0.3,0.2,2.0,20,0,1.0,1.0,1.0,40.0,3.4,0.0,106.90543013290367,0.03731555555555555,,150,1.1352431480931002,0.26877207449638885,0.5352431480931001,0.5313274421099006,0.9466666666666667,C,0.005213496388666196
open,C,150,1500,0.02,0.05,0.0,,14,0.3,0.2,2.0,20,0,1.0,1.0,1.0,40.0,3.56,0.0,107.29224917354544,0.03749333333333333,,150,1.1440371025057459,0.25466184752310583,0.5440371025057461,0.5530203138118351,0.96,C,0.005191272694000266
open,C,150,1500,0.02,0.05,0.0,,13,0.3,0.2,2.0,20,0,1.0,1.0,1.0,40.0,3.4066666666666667,0.0,106.76979016693888,0.03586222222222222,,150,1.2051982806862187,0.22705644009315815,0.6051982806862188,0.6351686846623783,0.9733333333333334,C,0.005220070556000185
open,C,150,1500,0.02,0.05,0.0,,15,0.3,0.2,2.0,20,0,1.0,1.0,1.0,40.0,3.5533333333333332,0.0,107.20171032951849,0.03708444444444445,,150,1.1734597103735378,0.2552659750373618,0.5734597103735378,0.6030714143546563,0.9733333333333334,C,0.005208787944666255
open,C,150,1500,0.02,0.05,0.0,,16,0.3,0.2,2.0,20,0,1.0,1.0,1.0,40.0,3.7866666666666666,0.0,106.63435938458956,0.03990666666666667,,150,1.1723764375719505,0.2393723630599055,0.5723764375719507,0.6154921750839075,1.0,C,0.005232353833333036
open,C,150,1500,0.02,0.05,0.0,,17,0.3,0.2,2.0,20,0,1.0,1.0,1.0,40.0,3.4133333333333336,0.0,107.31551617620872,0.03666666666666667,,150,1.211833781517811,0.2564411174253327,0.6118337815178112,0.6673301450539696,0.94,C,0.00522731877799985
open,C,150,1500,0.02,0.05,0.0,,18,0.3,0.2,2.0,20,0,1.0,1.0,1.0,40.0,3.4133333333333336,0.0,107.62180878308733,0.037435555555555555,,150,1.1824354393023813,0.2466641804406489,0.5824354393023813,0.6119608481498483,0.9733333333333334,C,0.005257944749999297
open,C,150,1500,0.02,0.05,0.0,,19,0.3,0.2,2.0,20,0,1.0,1.0,1.0,40.0,3.58,0.0,107.07277229473446,0.03917333333333333,,150,1.1770872878445793,0.2579628295992003,0.5770872878445793,0.6205988410566996,0.9733333333333334,C,0.005270908749999459
open,C,150,1500,0.02,0.05,0.0,,20,0.3,0.2,2.0,20,0,1.0,1.0,1.0,40.0,3.493333333333333,0.0,107.06297068098564,0.03770222222222222,,150,1.2493473102035126,0.21513715137632902,0.6493473102035127,0.663737539346319,1.0,C,0.0052556101113332265
open,C,150,1500,0.02,0.05,0.0,,22,0.3,0.2,2.0,20,0,1.0,1.0,1.0,40.0,3.28,0.0,107.35388032230941,0.03689777777777778,,150,1.258590226439897,0.2185479848788905,0.6585902264398971,0.6754268032340652,0.9866666666666667,C,0.005260855443999996
open,C,150,1500,0.02,0.05,0.0,,21,0.3,0.2,2.0,20,0,1.0,1.0,1.0,40.0,3.506666666666667,0.0,107.2408247858717,0.037706666666666666,,150,1.189713726072257,0.23934131910871684,0.5897137260722568,0.5935808882164726,0.9733333333333334,C,0.005273164971999601
open,C,150,1500,0.02,0.05,0.0,,23,0.3,0.2,2.0,20,0,1.0,1.0,1.0,40.0,3.3933333333333335,0.0,107.5662342754948,0.03836888888888889,,150,1.1601972573622559,0.2520871245971271,0.5601972573622559,0.6186602520368173,0.96,C,0.005298453333334085
open,C,150,1500,0.02,0.05,0.0,,24,0.3,0.2,2.0,20,0,1.0,1.0,1.0,40.0,3.6933333333333334,0.0,106.961581824884,0.03892444444444444,,150,1.193228774688479,0.25520993868352815,0.5932287746884791,0.578688535584727,0.9866666666666667,C,0.005190765861333299
open,C,150,1500,0.02,0.05,0.0,,25,0.3,0.2,2.0,20,0,1.0,1.0,1.0,40.0,3.56,0.0,106.817697327376,0.039573333333333335,,150,1.197822779201085,0.24934179311652857,0.5978227792010848,0.6261628006634895,0.9666666666666667,C,0.005136990583333196
open,C,150,1500,0.02,0.05,0.0,,26,0.3,0.2,2.0,20,0,1.0,1.0,1.0,40.0,3.433333333333333,0.0,107.30444592503166,0.03784888888888889,,150,1.2740526789985764,0.20538501468174836,0.6740526789985763,0.7130479487335877,0.9866666666666667,C,0.005178407527334154
open,C,150,1500,0.02,0.05,0.0,,27,0.3,0.2,2.0,20,0,1.0,1.0,1.0,40.0,3.2933333333333334,0.0,107.14616548409616,0.03772,,150,1.1958107821573625,0.2235847023603521,0.5958107821573626,0.586416417199875,0.9866666666666667,C,0.0051929260280000255
open,C,150,1500,0.02,0.05,0.0,,28,0.3,0.2,2.0,20,0,1.0,1.0,1.0,40.0,3.513333333333333,0.0,106.99321333557006,0.03912444444444445,,150,1.1687008045776652,0.24472328235687715,0.5687008045776654,0.5510854852716401,0.9466666666666667,C,0.0051541703333326345
open,C,150,1500,0.02,0.05,0.0,,29,0.3,0.2,2.0,20,0,1.0,1.0,1.0,40.0,3.66,0.0,107.1186663908838,0.037275555555555555,,150,1.170413377416728,0.2491211391995864,0.570413377416728,0.6130893742095062,0.9866666666666667,C,0.005170213888666088
open,C,150,1500,0.04,0.05,0.0,,0,0.3,0.2,2.0,20,0,1.0,1.0,1.0,40.0,4.193333333333333,0.0,123.44218840462534,0.03682666666666667,,150,1.2031762037877434,0.22520585193535828,0.6031762037877434,0.6170755961367406,0.9733333333333334,C,0.005191884111334123
open,C,150,1500,0.04,0.05,0.0,,1,0.3,0.2,2.0,20,0,1.0,1.0,1.0,40.0,4.306666666666667,0.0,123.8719729843555,0.03696888888888889,,150,1.2247118057488338,0.23363581778824144,0.624711805748834,0.650499273131336,0.9733333333333334,C,0.005221204583333019
open,C,150,1500,0.04,0.05,0.0,,2,0.3,0.2,2.0,20,0,1.0,1.0,1.0,40.0,4.546666666666667,0.0,123.24511444668764,0.038795555555555555,,150,1.2150609042044538,0.21133799276734352,0.6150609042044536,0.608367096996106,0.96,C,0.005265302583332717
open,C,150,1500,0.04,0.05,0.0,,3,0.3,0.2,2.0,20,0,1.0,1.0,1.0,40.0,4.253333333333333,0.0,123.3061052487351,0.038115555555555555,,150,1.184537874585889,0.2421353327163776,0.5845378745858892,0.6364558648126729,0.9733333333333334,C,0.005315722611332604
open,C,150,1500,0.04,0.05,0.0,,4,0.3,0.2,2.0,20,0,1.0,1.0,1.0,40.0,4.466666666666667,0.0,124.01864898923098,0.03650222222222222,,150,1.2339852494499033,0.2150142071029049,0.6339852494499035,0.6308448378831935,1.0,C,0.005350591916667326
open,C,150,1500,0.04,0.05,0.0,,5,0.3,0.2,2.0,20,0,1.0,1.0,1.0,40.0,4.413333333333333,0.0,123.91610367046471,0.03748888888888889,,150,1.1325719546588584,0.27254482119336965,0.5325719546588584,0.48828704221560304,0.9533333333333334,C,0.005309438472000086
open,C,150,1500,0.04,0.05,0.0,,7,0.3,0.2,2.0,20,0,1.0,1.0,1.0,40.0,4.246666666666667,0.0,123.51592742554148,0.038537777777777775,,150,1.2235504200470833,0.23696383436356425,0.6235504200470835,0.6476931817808516,1.0,C,0.0053111086666661625
open,C,150,1500,0.04,0.05,0.0,,6,0.3,0.2,2.0,20,0,1.0,1.0,1.0,40.0,4.226666666666667,0.0,123.12845701857692,0.037177777777777775,,150,1.183268653889675,0.2277361375674236,0.5832686538896749,0.5957522703555412,0.9733333333333334,C,0.005346047833333917
open,C,150,1500,0.04,0.05,0.0,,8,0.3,0.2,2.0,20,0,1.0,1.0,1.0,40.0,3.9466666666666668,0.0,123.58205008687396,0.036248888888888886,,150,1.2150318256519226,0.24178543376160372,0.6150318256519227,0.6334121731200409,0.9866666666666667,C,0.005270106222666072
open,C,150,1500,0.04,0.05,0.0,,9,0.3,0.2,2.0,20,0,1.0,1.0,1.0,40.0,4.366666666666666,0.0,123.4381631194504,0.03720888888888889,,150,1.2131958280219926,0.2389556052230001,0.6131958280219924,0.6281371004166628,0.9733333333333334,C,0.005268153777332676
open,C,150,1500,0.04,0.05,0.0,,10,0.3,0.2,2.0,20,0,1.0,1.0,1.0,40.0,4.26,0.0,123.40100921586348,0.037333333333333336,,150,1.2030612898143012,0.24448772995600207,0.6030612898143011,0.605297132055263,0.9866666666666667,C,0.0052972745553330845
open,C,150,1500,0.04,0.05,0.0,,11,0.3,0.2,2.0,20,0,1.0,1.0,1.0,40.0,3.94,0.0,123.66491876448053,0.03516,,150,1.2047330961596658,0.2448981023669688,0.6047330961596659,0.6027465511269231,0.96,C,0.0052722834446661485
open,C,150,1500,0.04,0.05,0.0,,12,0.3,0.2,2.0,20,0,1.0,1.0,1.0,40.0,4.36,0.0,123.61220728544748,0.038262222222222225,,150,1.1963123593975353,0.22928582591388016,0.5963123593975354,0.5798164418866653,0.9866666666666667,C,0.005211931000000429
open,C,150,1500,0.04,0.05,0.0,,13,0.3,0.2,2.0,20,0,1.0,1.0,1.0,40.0,4.24,0.0,124.00054393572536,0.03734666666666667,,150,1.2496500640756494,0.2260995025760076,0.6496500640756492,0.6985753463620334,0.9533333333333334,C,0.005146840139333411
open,C,150,1500,0.04,0.05,0.0,,14,0.3,0.2,2.0,20,0,1.0,1.0,1.0,40.0,4.14,0.0,123.57653795257126,0.03672888888888889,,150,1.1123219358297851,0.27267436627187164,0.5123219358297852,0.5490678865024327,0.9466666666666667,C,0.005161359055999734
open,C,150,1500,0.04,0.05,0.0,,15,0.3,0.2,2.0,20,0,1.0,1.0,1.0,40.0,4.34,0.0,123.55281446127137,0.03741333333333333,,150,1.1580706923527548,0.23352273292859935,0.5580706923527549,0.5636118911600857,1.0,C,0.005160728166665649
open,C,150,1500,0.04,0.05,0.0,,16,0.3,0.2,2.0,20,0,1.0,1.0,1.0,40.0,3.9066666666666667,0.0,123.41826294385166,0.03594222222222222,,150,1.2284406438033295,0.2323972333815188,0.6284406438033294,0.6578798249052974,0.9866666666666667,C,0.005175690222666163
open,C,150,1500,0.04,0.05,0.0,,17,0.3,0.2,2.0,20,0,1.0,1.0,1.0,40.0,4.053333333333334,0.0,123.42922394558458,0.03631111111111111,,150,1.2037736616130743,0.24064225557151758,0.6037736616130742,0.62366171928306,0.96,C,0.005149735444666779
open,C,150,1500,0.04,0.05,0.0,,18,0.3,0.2,2.0,20,0,1.0,1.0,1.0,40.0,4.433333333333334,0.0,123.37917680363537,0.037853333333333336,,150,1.2114044629083889,0.22856234371411893,0.6114044629083889,0.6547544631746721,0.9733333333333334,C,0.005167111943999771
open,C,150,1500,0.04,0.05,0.0,,19,0.3,0.2,2.0,20,0,1.0,1.0,1.0,40.0,4.013333333333334,0.0,122.87901617178808,0.03698222222222222,,150,1.215096557504515,0.20732090198446307,0.6150965575045152,0.6417672316236022,0.9733333333333334,C,0.005183802500000941
open,C,150,1500,0.04,0.05,0.0,,20,0.3,0.2,2.0,20,0,1.0,1.0,1.0,40.0,4.14,0.0,123.5158800560046,0.03623111111111111,,150,1.1924391401642973,0.2306147758100278,0.5924391401642976,0.6373186779582058,0.96,C,0.005189258444666242
open,C,150,1500,0.04,0.05,0.0,,21,0.3,0.2,2.0,20,0,1.0,1.0,1.0,40.0,4.113333333333333,0.0,123.24192480745405,0.03616888888888889,,150,1.2457486968099867,0.21134966780608824,0.6457486968099869,0.6630897729795285,1.0,C,0.005252509250000003
open,C,150,1500,0.04,0.05,0.0,,22,0.3,0.2,2.0,20,0,1.0,1.0,1.0,40.0,4.133333333333334,0.0,123.37316790976656,0.035777777777777776,,150,1.1943050042334453,0.22804694755695654,0.5943050042334452,0.618248890994256,0.9866666666666667,C,0.005183405888665826
open,C,150,1500,0.04,0.05,0.0,,23,0.3,0.2,2.0,20,0,1.0,1.0,1.0,40.0,4.286666666666667,0.0,123.66838120590604,0.03594222222222222,,150,1.2272246112229128,0.22056117781186604,0.6272246112229131,0.6510460392766257,0.9866666666666667,C,0.005158698611333724
open,C,150,1500,0.04,0.05,0.0,,24,0.3,0.2,2.0,20,0,1.0,1.0,1.0,40.0,4.36,0.0,123.18924490188651,0.036768888888888886,,150,1.187015516202039,0.256255398489554,0.5870155162020391,0.6498082285085723,0.9466666666666667,C,0.0052125352226660955
open,C,150,1500,0.04,0.05,0.0,,26,0.3,0.2,2.0,20,0,1.0,1.0,1.0,40.0,4.166666666666667,0.0,123.40296808000261,0.037831111111111114,,150,1.1852673586456894,0.2609600115622445,0.5852673586456897,0.6171746801810007,0.9466666666666667,C,0.005183418305332452
open,C,150,1500,0.04,0.05,0.0,,25,0.3,0.2,2.0,20,0,1.0,1.0,1.0,40.0,4.22,0.0,123.45860610293593,0.03661333333333333,,150,1.1769386593206193,0.2472106421671284,0.5769386593206192,0.5646054904335039,1.0,C,0.005229450027999216
open,C,150,1500,0.04,0.05,0.0,,27,0.3,0.2,2.0,20,0,1.0,1.0,1.0,40.0,4.173333333333333,0.0,123.47419149963731,0.03715555555555555,,150,1.2138130663117301,0.24649438833059434,0.6138130663117303,0.6319340784673656,0.96,C,0.005201291944666688
open,C,150,1500,0.04,0.05,0.0,,28,0.3,0.2,2.0,20,0,1.0,1.0,1.0,40.0,4.1866666666666665,0.0,123.62559192917776,0.03659111111111111,,150,1.1947227943030463,0.24353040348811703,0.5947227943030465,0.579515954363592,0.9733333333333334,C,0.005220811638665813
open,C,150,1500,0.04,0.05,0.0,,29,0.3,0.2,2.0,20,0,1.0,1.0,1.0,40.0,4.166666666666667,0.0,123.78438977487404,0.03691111111111111,,150,1.198305601431679,0.24499893692456273,0.598305601431679,0.6013406470146435,0.9733333333333334,C,0.005216123638667341
open,C,150,1500,0.06,0.05,0.0,,1,0.3,0.2,2.0,20,0,1.0,1.0,1.0,40.0,5.066666666666666,0.0,145.13244363882092,0.03433777777777778,,150,1.1768147187038702,0.25005512040215605,0.5768147187038702,0.6078318621783924,0.9733333333333334,C,0.005149615694666864
open,C,150,1500,0.06,0.05,0.0,,0,0.3,0.2,2.0,20,0,1.0,1.0,1.0,40.0,5.573333333333333,0.0,144.52817396891447,0.03672,,150,1.1863684359547173,0.22274631430263045,0.5863684359547169,0.5838839907426481,1.0,C,0.005193192389332884
open,C,150,1500,0.06,0.05,0.0,,2,0.3,0.2,2.0,20,0,1.0,1.0,1.0,40.0,5.386666666666667,0.0,144.77724005632763,0.03552888888888889,,150,1.168277364712715,0.26764577389735306,0.5682773647127151,0.5863640048363515,0.9733333333333334,C,0.005196020221999788
open,C,150,1500,0.06,0.05,0.0,,4,0.3,0.2,2.0,20,0,1.0,1.0,1.0,40.0,5.306666666666667,0.0,144.71331137601595,0.03546666666666667,,150,1.2083514315686759,0.23013578108716667,0.6083514315686755,0.6083230062993149,0.9866666666666667,C,0.005167385111332502
open,C,150,1500,0.06,0.05,0.0,,3,0.3,0.2,2.0,20,0,1.0,1.0,1.0,40.0,5.073333333333333,0.0,144.4005215155437,0.03448888888888889,,150,1.1928684558750617,0.20912621123479314,0.5928684558750618,0.6049002910782174,0.9733333333333334,C,0.005190718416666641
open,C,150,1500,0.06,0.05,0.0,,5,0.3,0.2,2.0,20,0,1.0,1.0,1.0,40.0,5.56,0.0,144.59544787580083,0.036373333333333334,,150,1.1566212726628644,0.2689806622384043,0.5566212726628644,0.5828131004919326,0.96,C,0.00520874547266673
open,C,150,1500,0.06,0.05,0.0,,6,0.3,0.2,2.0,20,0,1.0,1.0,1.0,40.0,5.293333333333333,0.0,145.24530549223635,0.03532,,150,1.1534988129132213,0.25320951319501095,0.5534988129132214,0.521877576475354,0.9733333333333334,C,0.005157975250000163
open,C,150,1500,0.06,0.05,0.0,,7,0.3,0.2,2.0,20,0,1.0,1.0,1.0,40.0,5.486666666666666,0.0,144.79836398300728,0.036213333333333333,,150,1.196180951406598,0.24736126255344218,0.596180951406598,0.6058361056433859,0.9866666666666667,C,0.00521103038866689
open,C,150,1500,0.06,0.05,0.0,,8,0.3,0.2,2.0,20,0,1.0,1.0,1.0,40.0,5.413333333333333,0.0,145.1311950891224,0.03631555555555555,,150,1.1789902975617534,0.23932950483087437,0.5789902975617532,0.6213068861603889,0.9866666666666667,C,0.005213058638666552
open,C,150,1500,0.06,0.05,0.0,,9,0.3,0.2,2.0,20,0,1.0,1.0,1.0,40.0,5.073333333333333,0.0,144.79933259596226,0.033973333333333335,,150,1.1790307406637768,0.2394332800502458,0.5790307406637766,0.6235629291031793,0.9466666666666667,C,0.005189993443999508
open,C,150,1500,0.06,0.05,0.0,,10,0.3,0.2,2.0,20,0,1.0,1.0,1.0,40.0,5.386666666666667,0.0,144.8728718050996,0.037324444444444445,,150,1.1504783592730201,0.28719651166433974,0.5504783592730202,0.5823367306721215,0.96,C,0.005168557194666694
open,C,150,1500,0.06,0.05,0.0,,11,0.3,0.2,2.0,20,0,1.0,1.0,1.0,40.0,5.82,0.0,145.0141870834029,0.03693333333333333,,150,1.2083141243192919,0.241500487327623,0.6083141243192915,0.6550819747372352,0.9733333333333334,C,0.005125927472666565
open,C,150,1500,0.06,0.05,0.0,,13,0.3,0.2,2.0,20,0,1.0,1.0,1.0,40.0,4.993333333333333,0.0,144.6282141534697,0.03391555555555555,,150,1.1794949924208649,0.2581542082563797,0.5794949924208648,0.6360776529866471,0.96,C,0.005103486333333422
open,C,150,1500,0.06,0.05,0.0,,12,0.3,0.2,2.0,20,0,1.0,1.0,1.0,40.0,5.226666666666667,0.0,144.48610653984122,0.03623111111111111,,150,1.1829887031626511,0.24123298535100526,0.5829887031626513,0.6011186133993546,0.9866666666666667,C,0.005174035916666374
open,C,150,1500,0.06,0.05,0.0,,14,0.3,0.2,2.0,20,0,1.0,1.0,1.0,40.0,5.42,0.0,145.0339255283676,0.03487111111111111,,150,1.2088316891701183,0.23293290798590266,0.6088316891701184,0.6345308713565715,0.9733333333333334,C,0.0051525169999998375
open,C,150,1500,0.06,0.05,0.0,,15,0.3,0.2,2.0,20,0,1.0,1.0,1.0,40.0,5.56,0.0,144.74612763699304,0.03615111111111111,,150,1.199897300578078,0.21796458698868135,0.599897300578078,0.6179684661026178,1.0,C,0.005170707139333293
open,C,150,1500,0.06,0.05,0.0,,16,0.3,0.2,2.0,20,0,1.0,1.0,1.0,40.0,5.6866666666666665,0.0,144.83024342881131,0.03736888888888889,,150,1.2090488648244608,0.22887392061928638,0.6090488648244609,0.6353889371700153,1.0,C,0.005201603555333956
open,C,150,1500,0.06,0.05,0.0,,17,0.3,0.2,2.0,20,0,1.0,1.0,1.0,40.0,5.24,0.0,144.54414385856077,0.03613333333333334,,150,1.1438687275728603,0.26988684248921946,0.5438687275728601,0.5250595358116509,0.9733333333333334,C,0.005192326388667425
open,C,150,1500,0.06,0.05,0.0,,18,0.3,0.2,2.0,20,0,1.0,1.0,1.0,40.0,5.473333333333334,0.0,144.6201013300911,0.034515555555555556,,150,1.1966784743871839,0.27232290186528824,0.596678474387184,0.6096230905816766,0.9466666666666667,C,0.005191491416666394
open,C,150,1500,0.06,0.05,0.0,,19,0.3,0.2,2.0,20,0,1.0,1.0,1.0,40.0,5.5,0.0,144.53254833009066,0.03658666666666667,,150,1.1864714278927286,0.23670807607186634,0.5864714278927288,0.6064146011341266,0.9466666666666667,C,0.005187061611333775
open,C,150,1500,0.06,0.05,0.0,,20,0.3,0.2,2.0,20,0,1.0,1.0,1.0,40.0,5.386666666666667,0.0,144.7499644711398,0.03616888888888889,,150,1.1556510217317646,0.26532703811109465,0.5556510217317648,0.5696693221108944,0.9733333333333334,C,0.00516611552800047
open,C,150,1500,0.06,0.05,0.0,,21,0.3,0.2,2.0,20,0,1.0,1.0,1.0,40.0,5.593333333333334,0.0,144.3994802088674,0.03491111111111111,,150,1.1918383742387475,0.22006766085117455,0.5918383742387474,0.590278591977469,1.0,C,0.005192467221999929
open,C,150,1500,0.06,0.05,0.0,,22,0.3,0.2,2.0,20,0,1.0,1.0,1.0,40.0,5.226666666666667,0.0,144.4614740321277,0.03557777777777778,,150,1.197779742694917,0.24648009132283116,0.5977797426949171,0.6171789794497679,0.9866666666666667,C,0.005144599805333807
open,C,150,1500,0.06,0.05,0.0,,23,0.3,0.2,2.0,20,0,1.0,1.0,1.0,40.0,5.34,0.0,144.7983750204522,0.03496,,150,1.204505778933357,0.25190066437988023,0.6045057789333568,0.6161148452641457,1.0,C,0.005249185583332291
open,C,150,1500,0.06,0.05,0.0,,24,0.3,0.2,2.0,20,0,1.0,1.0,1.0,40.0,5.166666666666667,0.0,144.65553813366435,0.03534222222222222,,150,1.1733717282931209,0.2396796985053507,0.5733717282931209,0.5840588330074853,0.9866666666666667,C,0.0051730279166671
open,C,150,1500,0.06,0.05,0.0,,25,0.3,0.2,2.0,20,0,1.0,1.0,1.0,40.0,5.366666666666666,0.0,144.5917871046208,0.03458666666666667,,150,1.205127690288199,0.23005366650510828,0.6051276902881992,0.6057096144144795,0.96,C,0.005172167555333241
open,C,150,1500,0.06,0.05,0.0,,26,0.3,0.2,2.0,20,0,1.0,1.0,1.0,40.0,5.666666666666667,0.0,144.69698345440008,0.03572,,150,1.2093171737944766,0.23974991886601738,0.6093171737944766,0.6361283592177206,0.9866666666666667,C,0.005188789471999674
open,C,150,1500,0.06,0.05,0.0,,28,0.3,0.2,2.0,20,0,1.0,1.0,1.0,40.0,5.626666666666667,0.0,144.57635872267164,0.035297777777777775,,150,1.181276570572774,0.2525718011394899,0.581276570572774,0.6042251681770932,0.9733333333333334,C,0.005190809916666088
open,C,150,1500,0.06,0.05,0.0,,27,0.3,0.2,2.0,20,0,1.0,1.0,1.0,40.0,5.24,0.0,144.34561135298057,0.035222222222222224,,150,1.1765361927717723,0.2154169561808711,0.5765361927717723,0.5832966412161592,0.9866666666666667,C,0.005223841444665595
open,C,150,1500,0.06,0.05,0.0,,29,0.3,0.2,2.0,20,0,1.0,1.0,1.0,40.0,5.38,0.0,144.87416627157415,0.03533777777777778,,150,1.2201121043621936,0.22280493087669895,0.6201121043621934,0.6253991877712656,1.0,C,0.0051662500279999225
open,C,150,1500,0.08,0.05,0.0,,0,0.3,0.2,2.0,20,0,1.0,1.0,1.0,40.0,6.726666666666667,0.0,169.38256735211743,0.035813333333333336,,150,1.1576039344192262,0.23343180275208322,0.5576039344192263,0.5711705771358324,0.9733333333333334,C,0.005177329805999761
open,C,150,1500,0.08,0.05,0.0,,1,0.3,0.2,2.0,20,0,1.0,1.0,1.0,40.0,6.573333333333333,0.0,169.73467891092255,0.033724444444444446,,150,1.1924217512425055,0.21810036331452268,0.5924217512425054,0.6099185274483327,1.0,C,0.005235888694666452
open,C,150,1500,0.08,0.05,0.0,,2,0.3,0.2,2.0,20,0,1.0,1.0,1.0,40.0,7.02,0.0,170.094864894468,0.03533777777777778,,150,1.1947165481514472,0.2549149324852778,0.5947165481514473,0.6275807585320762,0.96,C,0.005248896805333061
open,C,150,1500,0.08,0.05,0.0,,3,0.3,0.2,2.0,20,0,1.0,1.0,1.0,40.0,6.746666666666667,0.0,169.44536372466214,0.03496,,150,1.2281066664660572,0.20382812887208823,0.6281066664660572,0.6178422240852033,0.9866666666666667,C,0.005223268916666712
open,C,150,1500,0.08,0.05,0.0,,4,0.3,0.2,2.0,20,0,1.0,1.0,1.0,40.0,6.253333333333333,0.0,169.36982610135436,0.03472,,150,1.1826996940206145,0.2273628949641648,0.5826996940206146,0.5942234998298233,0.9866666666666667,C,0.005271974083333286
open,C,150,1500,0.08,0.05,0.0,,5,0.3,0.2,2.0,20,0,1.0,1.0,1.0,40.0,6.666666666666667,0.0,169.77064760131975,0.03536444444444444,,150,1.193761777387525,0.21505346705208733,0.5937617773875252,0.5956476603669479,0.9733333333333334,C,0.005267067694666669
open,C,150,1500,0.08,0.05,0.0,,6,0.3,0.2,2.0,20,0,1.0,1.0,1.0,40.0,6.9,0.0,169.7969415401743,0.03467555555555556,,150,1.1938493464131503,0.2110320934721843,0.5938493464131506,0.6463215093460685,1.0,C,0.005217001749999326
open,C,150,1500,0.08,0.05,0.0,,7,0.3,0.2,2.0,20,0,1.0,1.0,1.0,40.0,6.833333333333333,0.0,169.72205070288376,0.0354,,150,1.2254791409956813,0.218979709081007,0.6254791409956817,0.631634883097656,1.0,C,0.005246489833333423
open,C,150,1500,0.08,0.05,0.0,,8,0.3,0.2,2.0,20,0,1.0,1.0,1.0,40.0,6.8533333333333335,0.0,169.56377537842206,0.03384,,150,1.2013730208155717,0.2484535483876599,0.6013730208155718,0.6416743565552997,0.9866666666666667,C,0.005208302916666677
open,C,150,1500,0.08,0.05,0.0,,9,0.3,0.2,2.0,20,0,1.0,1.0,1.0,40.0,7.173333333333333,0.0,169.63750811108437,0.035435555555555553,,150,1.190137469041089,0.2102774081599047,0.5901374690410893,0.5956115534250631,0.9866666666666667,C,0.005231639166666961
open,C,150,1500,0.08,0.05,0.0,,10,0.3,0.2,2.0,20,0,1.0,1.0,1.0,40.0,6.286666666666667,0.0,169.80682280045593,0.03506666666666667,,150,1.2086820024148472,0.2064884471772377,0.6086820024148474,0.6117797971419686,1.0,C,0.005193821305333889
open,C,150,1500,0.08,0.05,0.0,,11,0.3,0.2,2.0,20,0,1.0,1.0,1.0,40.0,6.633333333333334,0.0,169.6142183681618,0.03453333333333333,,150,1.1737958107959916,0.23047498208147457,0.5737958107959916,0.58692258829831,0.9866666666666667,C,0.005204269778000405
open,C,150,1500,0.08,0.05,0.0,,12,0.3,0.2,2.0,20,0,1.0,1.0,1.0,40.0,6.8533333333333335,0.0,169.80530461404825,0.03527555555555555,,150,1.203750681775151,0.22514103579524533,0.603750681775151,0.6282812328722523,0.9466666666666667,C,0.005187125027999476
open,C,150,1500,0.08,0.05,0.0,,13,0.3,0.2,2.0,20,0,1.0,1.0,1.0,40.0,6.513333333333334,0.0,169.42069027044144,0.03374222222222222,,150,1.1660968204619235,0.24243191725046692,0.5660968204619233,0.5873399291866918,0.9733333333333334,C,0.0051715843059998105
open,C,150,1500,0.08,0.05,0.0,,14,0.3,0.2,2.0,20,0,1.0,1.0,1.0,40.0,6.586666666666667,0.0,169.90326113805853,0.035173333333333334,,150,1.1734878077585833,0.23816487597457767,0.5734878077585834,0.5877224195892868,0.9866666666666667,C,0.005187940610666071
open,C,150,1500,0.08,0.05,0.0,,15,0.3,0.2,2.0,20,0,1.0,1.0,1.0,40.0,6.6066666666666665,0.0,169.75412676897497,0.035657777777777774,,150,1.1575279608261189,0.26595415518006577,0.5575279608261186,0.6016412978841815,0.96,C,0.005223509916667051
open,C,150,1500,0.08,0.05,0.0,,16,0.3,0.2,2.0,20,0,1.0,1.0,1.0,40.0,6.38,0.0,170.19700501086623,0.03312,,150,1.2203514883203928,0.1957702821857079,0.6203514883203929,0.6589942986206735,0.9866666666666667,C,0.00520534855533333
open,C,150,1500,0.08,0.05,0.0,,17,0.3,0.2,2.0,20,0,1.0,1.0,1.0,40.0,6.713333333333333,0.0,169.77685159145844,0.036444444444444446,,150,1.1817441250908076,0.21038827274493493,0.5817441250908075,0.5928887547786904,0.9866666666666667,C,0.005232457111332527
open,C,150,1500,0.08,0.05,0.0,,18,0.3,0.2,2.0,20,0,1.0,1.0,1.0,40.0,6.373333333333333,0.0,169.65851490761025,0.03460888888888889,,150,1.2243789542464636,0.2148951563828729,0.6243789542464635,0.6360555928101854,1.0,C,0.005197918388667555
open,C,150,1500,0.08,0.05,0.0,,19,0.3,0.2,2.0,20,0,1.0,1.0,1.0,40.0,6.84,0.0,169.9428864818022,0.03542666666666667,,150,1.1721499097929442,0.2668556410878314,0.5721499097929443,0.5441408280400305,0.9733333333333334,C,0.0052151514446668445
open,C,150,1500,0.08,0.05,0.0,,20,0.3,0.2,2.0,20,0,1.0,1.0,1.0,40.0,6.986666666666666,0.0,170.01448058643973,0.03476888888888889,,150,1.195196524612342,0.24724430352785184,0.595196524612342,0.5824431805123849,0.9866666666666667,C,0.005240976333333189
open,C,150,1500,0.08,0.05,0.0,,21,0.3,0.2,2.0,20,0,1.0,1.0,1.0,40.0,6.64,0.0,169.51249607263878,0.03516444444444444,,150,1.1764182272485546,0.23349355669285868,0.5764182272485548,0.6075621227299081,0.96,C,0.005251401638666721
open,C,150,1500,0.08,0.05,0.0,,22,0.3,0.2,2.0,20,0,1.0,1.0,1.0,40.0,6.973333333333334,0.0,170.24836519576462,0.03401333333333333,,150,1.1900971899757349,0.24101072480139765,0.5900971899757348,0.6155137640531162,1.0,C,0.005249968750000941
open,C,150,1500,0.08,0.05,0.0,,23,0.3,0.2,2.0,20,0,1.0,1.0,1.0,40.0,6.8,0.0,169.85880795160736,0.03604444444444444,,150,1.1918765702963965,0.22547208550175818,0.5918765702963966,0.630576301751373,0.9666666666666667,C,0.005263655000000048
open,C,150,1500,0.08,0.05,0.0,,24,0.3,0.2,2.0,20,0,1.0,1.0,1.0,40.0,7.1466666666666665,0.0,170.07436699965922,0.035644444444444444,,150,1.2210897985696476,0.2103093215391766,0.6210897985696476,0.63799527910193,0.9866666666666667,C,0.005198388556000282
open,C,150,1500,0.08,0.05,0.0,,25,0.3,0.2,2.0,20,0,1.0,1.0,1.0,40.0,6.953333333333333,0.0,169.820728558082,0.03648,,150,1.1630253276104618,0.2509828736810649,0.563025327610462,0.5689321462464623,0.96,C,0.005209905138666121
open,C,150,1500,0.08,0.05,0.0,,26,0.3,0.2,2.0,20,0,1.0,1.0,1.0,40.0,6.346666666666667,0.0,169.9542666429864,0.03509333333333333,,150,1.135024258114006,0.2733929416626259,0.535024258114006,0.5872604109680248,0.9133333333333333,C,0.005184200361333448
open,C,150,1500,0.08,0.05,0.0,,27,0.3,0.2,2.0,20,0,1.0,1.0,1.0,40.0,6.5,0.0,169.59007830569712,0.03532888888888889,,150,1.1836193581240162,0.23316278361777593,0.5836193581240163,0.548637478765471,0.9733333333333334,C,0.005167551749999499
open,C,150,1500,0.08,0.05,0.0,,28,0.3,0.2,2.0,20,0,1.0,1.0,1.0,40.0,6.566666666666666,0.0,169.94194445044482,0.03324888888888889,,150,1.1833685893516614,0.28346127729971654,0.5833685893516615,0.5496190671471036,0.96,C,0.005179641416667437
open,C,150,1500,0.08,0.05,0.0,,29,0.3,0.2,2.0,20,0,1.0,1.0,1.0,40.0,6.36,0.0,169.4665161002969,0.03464444444444444,,150,1.1765735248555844,0.21057741249963682,0.5765735248555844,0.5980024262964702,0.9866666666666667,C,0.0052159871386672114
open,C,150,1500,0.1,0.05,0.0,,0,0.3,0.2,2.0,20,0,1.0,1.0,1.0,40.0,8.14,0.0,197.96091009972767,0.036115555555555554,,150,1.1498461437151641,0.24855503495317235,0.5498461437151643,0.5757245724186048,0.9733333333333334,C,0.0052523206666664915
open,C,150,1500,0.1,0.05,0.0,,1,0.3,0.2,2.0,20,0,1.0,1.0,1.0,40.0,8.513333333333334,0.0,198.2341505514737,0.03437333333333333,,150,1.1818479228888081,0.23329909166227608,0.581847922888808,0.5925639915855828,1.0,C,0.005210921944665946
open,C,150,1500,0.1,0.05,0.0,,2,0.3,0.2,2.0,20,0,1.0,1.0,1.0,40.0,8.326666666666666,0.0,197.82534668587564,0.03498222222222222,,150,1.182539168385359,0.21838335938544343,0.5825391683853589,0.5992815596032312,0.9866666666666667,C,0.0052809755273325815
open,C,150,1500,0.1,0.05,0.0,,3,0.3,0.2,2.0,20,0,1.0,1.0,1.0,40.0,8.193333333333333,0.0,197.83480951784722,0.03557333333333333,,150,1.2051352539827758,0.21507397645616574,0.6051352539827757,0.6251854765550324,0.9866666666666667,C,0.005231405471999703
open,C,150,1500,0.1,0.05,0.0,,4,0.3,0.2,2.0,20,0,1.0,1.0,1.0,40.0,7.926666666666667,0.0,197.92278293341258,0.03382222222222222,,150,1.1691702153350065,0.2410285079051367,0.5691702153350069,0.5648867109988166,1.0,C,0.005285945055333286
open,C,150,1500,0.1,0.05,0.0,,5,0.3,0.2,2.0,20,0,1.0,1.0,1.0,40.0,8.5,0.0,198.20506474165393,0.03463111111111111,,150,1.1461745379897816,0.24204733814237134,0.5461745379897819,0.548861846845344,0.9866666666666667,C,0.0052660796386674825
open,C,150,1500,0.1,0.05,0.0,,6,0.3,0.2,2.0,20,0,1.0,1.0,1.0,40.0,8.193333333333333,0.0,197.49398703177857,0.036631111111111114,,150,1.1990434279022497,0.2145277845588147,0.59904342790225,0.6210355183726842,0.9866666666666667,C,0.005291803583332997
open,C,150,1500,0.1,0.05,0.0,,7,0.3,0.2,2.0,20,0,1.0,1.0,1.0,40.0,8.386666666666667,0.0,197.82151112527905,0.03585777777777778,,150,1.199733238699647,0.19306500967140217,0.5997332386996472,0.6075929187262695,1.0,C,0.005260786472665738
open,C,150,1500,0.1,0.05,0.0,,8,0.3,0.2,2.0,20,0,1.0,1.0,1.0,40.0,8.286666666666667,0.0,198.210143713314,0.03562222222222222,,150,1.1618450010838326,0.2455892555511806,0.5618450010838324,0.5904119711078553,0.9866666666666667,C,0.005225752916666049
open,C,150,1500,0.1,0.05,0.0,,9,0.3,0.2,2.0,20,0,1.0,1.0,1.0,40.0,8.113333333333333,0.0,197.73190739343252,0.03476,,150,1.2068951366956555,0.21268606646626712,0.6068951366956558,0.612427669370656,0.9866666666666667,C,0.005200940833333638
open,C,150,1500,0.1,0.05,0.0,,10,0.3,0.2,2.0,20,0,1.0,1.0,1.0,40.0,8.36,0.0,198.21960053628152,0.036337777777777774,,150,1.1866545086024625,0.22432825227209957,0.5866545086024625,0.6041224306359857,0.9866666666666667,C,0.005217841556001076
open,C,150,1500,0.1,0.05,0.0,,11,0.3,0.2,2.0,20,0,1.0,1.0,1.0,40.0,8.32,0.0,198.0485818129616,0.03516444444444444,,150,1.1466933403326145,0.22814750568125824,0.5466933403326144,0.5408461567432754,0.96,C,0.005242604666667224
open,C,150,1500,0.1,0.05,0.0,,12,0.3,0.2,2.0,20,0,1.0,1.0,1.0,40.0,8.38,0.0,197.3353932015938,0.036991111111111113,,150,1.1503966119735685,0.2587538988031014,0.5503966119735683,0.5764413765745594,0.9733333333333334,C,0.0052459828606673305
open,C,150,1500,0.1,0.05,0.0,,13,0.3,0.2,2.0,20,0,1.0,1.0,1.0,40.0,7.673333333333333,0.0,197.26486502547945,0.033875555555555555,,150,1.1068906202517126,0.27273657413455155,0.5068906202517124,0.5114604103076403,0.9733333333333334,C,0.005238870944666511
open,C,150,1500,0.1,0.05,0.0,,14,0.3,0.2,2.0,20,0,1.0,1.0,1.0,40.0,8.393333333333333,0.0,197.95005034464026,0.03534222222222222,,150,1.1724991229907877,0.23928414599043663,0.5724991229907878,0.5791837402324415,0.96,C,0.0052411967499998964
open,C,150,1500,0.1,0.05,0.0,,15,0.3,0.2,2.0,20,0,1.0,1.0,1.0,40.0,8.373333333333333,0.0,197.9344255120669,0.03562666666666667,,150,1.1581469084362632,0.24977561950805485,0.5581469084362635,0.5702076429140679,0.9733333333333334,C,0.0052170093893340284
open,C,150,1500,0.1,0.05,0.0,,16,0.3,0.2,2.0,20,0,1.0,1.0,1.0,40.0,8.313333333333333,0.0,198.18838040148174,0.03552444444444444,,150,1.1748544892502089,0.22566517482532358,0.5748544892502089,0.5787315275821764,1.0,C,0.005202376583332807
open,C,150,1500,0.1,0.05,0.0,,17,0.3,0.2,2.0,20,0,1.0,1.0,1.0,40.0,8.306666666666667,0.0,197.87670272034939,0.03596,,150,1.1788506521277142,0.26143611661841665,0.5788506521277141,0.5852905650137613,0.96,C,0.005246488360667475
open,C,150,1500,0.1,0.05,0.0,,18,0.3,0.2,2.0,20,0,1.0,1.0,1.0,40.0,7.98,0.0,197.95479102363694,0.03548,,150,1.1669441832871321,0.2341716607799161,0.5669441832871321,0.5705464433206938,0.9733333333333334,C,0.005205663999999766
open,C,150,1500,0.1,0.05,0.0,,19,0.3,0.2,2.0,20,0,1.0,1.0,1.0,40.0,8.12,0.0,197.45688306571466,0.03482222222222222,,150,1.185694138860033,0.24505369970478394,0.5856941388600331,0.5949838302587455,0.9733333333333334,C,0.005218666916665825
open,C,150,1500,0.1,0.05,0.0,,20,0.3,0.2,2.0,20,0,1.0,1.0,1.0,40.0,8.52,0.0,197.8635125414711,0.03659111111111111,,150,1.1651078095481187,0.26305920519240195,0.5651078095481185,0.5777148722494413,1.0,C,0.005250512666666813
open,C,150,1500,0.1,0.05,0.0,,21,0.3,0.2,2.0,20,0,1.0,1.0,1.0,40.0,8.306666666666667,0.0,197.89141774553204,0.035506666666666666,,150,1.203894080077234,0.23813349620769247,0.603894080077234,0.60337286392581,0.9866666666666667,C,0.005211727583333413
open,C,150,1500,0.1,0.05,0.0,,22,0.3,0.2,2.0,20,0,1.0,1.0,1.0,40.0,8.546666666666667,0.0,197.98139895554922,0.03631111111111111,,150,1.1411494005642233,0.23454735134780916,0.5411494005642233,0.5425329764010788,1.0,C,0.005190552166666748
open,C,150,1500,0.1,0.05,0.0,,23,0.3,0.2,2.0,20,0,1.0,1.0,1.0,40.0,8.34,0.0,197.62761192142457,0.03511555555555555,,150,1.1286928740320876,0.24056237313486564,0.5286928740320876,0.5255636848930726,0.96,C,0.0052312225833326615
open,C,150,1500,0.1,0.05,0.0,,24,0.3,0.2,2.0,20,0,1.0,1.0,1.0,40.0,8.193333333333333,0.0,197.75768962108984,0.035791111111111114,,150,1.1621941936897946,0.23063835105600217,0.5621941936897946,0.565111232561166,0.9866666666666667,C,0.005220162222000605
open,C,150,1500,0.1,0.05,0.0,,25,0.3,0.2,2.0,20,0,1.0,1.0,1.0,60.0,7.793333333333333,0.0,197.97390474048032,0.035875555555555556,,150,1.1207989002563272,0.2609574813740447,0.5207989002563268,0.5328255611748641,0.9733333333333334,C,0.0052214199166664916
open,C,150,1500,0.1,0.05,0.0,,26,0.3,0.2,2.0,20,0,1.0,1.0,1.0,40.0,8.253333333333334,0.0,197.9345045238081,0.03608,,150,1.1796442223504713,0.2467798057329404,0.5796442223504713,0.5850612963646731,0.9866666666666667,C,0.005202784527333279
open,C,150,1500,0.1,0.05,0.0,,27,0.3,0.2,2.0,20,0,1.0,1.0,1.0,40.0,7.953333333333333,0.0,197.65963834421564,0.03588444444444444,,150,1.202395340017535,0.2728941913022045,0.6023953400175349,0.5869174431097859,0.9733333333333334,C,0.005238210944666207
open,C,150,1500,0.1,0.05,0.0,,28,0.3,0.2,2.0,20,0,1.0,1.0,1.0,40.0,8.38,0.0,198.00801075016912,0.0358,,150,1.1523879216761754,0.23870586659833404,0.5523879216761753,0.5205477352656238,0.9866666666666667,C,0.0052434182500001045
open,C,150,1500,0.1,0.05,0.0,,29,0.3,0.2,2.0,20,0,1.0,1.0,1.0,40.0,8.16,0.0,198.02764840089503,0.03619555555555556,,150,1.1497978311991885,0.24526129417268472,0.5497978311991882,0.5428552827407676,0.9666666666666667,C,0.005224139138666942
open,C,150,1500,0.12,0.05,0.0,,0,0.3,0.2,2.0,20,0,1.0,1.0,1.0,40.0,9.726666666666667,0.0,227.54512600547466,0.03727111111111111,,150,1.142458491436148,0.22476247038665756,0.5424584914361479,0.5379337679865442,0.9866666666666667,C,0.005332721666666961
open,C,150,1500,0.12,0.05,0.0,,1,0.3,0.2,2.0,20,0,1.0,1.0,1.0,40.0,9.873333333333333,0.0,227.71666041215343,0.03678666666666667,,150,1.147419659711032,0.2629717236680039,0.5474196597110322,0.5046583063394859,0.9866666666666667,C,0.005310571221999756
open,C,150,1500,0.12,0.05,0.0,,2,0.3,0.2,2.0,20,0,1.0,1.0,1.0,40.0,9.44,0.0,228.34474154911788,0.03607111111111111,,150,1.1206473764867921,0.25550207153096993,0.5206473764867922,0.47158756443462624,0.9866666666666667,C,0.005271140000000741
open,C,150,1500,0.12,0.05,0.0,,3,0.3,0.2,2.0,20,0,1.0,1.0,1.0,40.0,9.713333333333333,0.0,228.20628728113866,0.03652,,150,1.172925415055931,0.22549189291285027,0.572925415055931,0.5813897347157763,0.9866666666666667,C,0.005274473666666987
open,C,150,1500,0.12,0.05,0.0,,4,0.3,0.2,2.0,20,0,1.0,1.0,1.0,40.0,9.773333333333333,0.0,227.71851692240608,0.03541333333333333,,150,1.1046488970898651,0.25726234650406804,0.504648897089865,0.499422076718664,0.9733333333333334,C,0.00527587716666676
open,C,150,1500,0.12,0.05,0.0,,5,0.3,0.2,2.0,20,0,1.0,1.0,1.0,40.0,9.7,0.0,227.9161945816269,0.037066666666666664,,150,1.1719478274856348,0.24432970105442667,0.5719478274856349,0.6025147936299002,0.9733333333333334,C,0.00531433955600005
open,C,150,1500,0.12,0.05,0.0,,6,0.3,0.2,2.0,20,0,1.0,1.0,1.0,40.0,9.753333333333334,0.0,228.0821515648374,0.03548,,150,1.1417588777143328,0.2550178647814476,0.5417588777143326,0.5228637287899863,0.9733333333333334,C,0.005280660805333658
open,C,150,1500,0.12,0.05,0.0,,7,0.3,0.2,2.0,20,0,1.0,1.0,1.0,40.0,10.146666666666667,0.0,228.0283048490957,0.03725777777777778,,150,1.1596723661999193,0.234450545542324,0.5596723661999196,0.550962631143387,1.0,C,0.005332623472000705
open,C,150,1500,0.12,0.05,0.0,,8,0.3,0.2,2.0,20,0,1.0,1.0,1.0,60.0,10.226666666666667,0.0,227.34932843446902,0.03725777777777778,,150,1.1346319674032752,0.24473890137540474,0.5346319674032751,0.5283784603579024,0.9866666666666667,C,0.0053364891393333285
open,C,150,1500,0.12,0.05,0.0,,9,0.3,0.2,2.0,20,0,1.0,1.0,1.0,40.0,9.766666666666667,0.0,228.23098043726728,0.03639111111111111,,150,1.147751416297092,0.2511365583023985,0.5477514162970921,0.5647156391832652,0.9733333333333334,C,0.005265167194665992
open,C,150,1500,0.12,0.05,0.0,,10,0.3,0.2,2.0,20,0,1.0,1.0,1.0,40.0,10.28,0.0,227.92991928431044,0.03773777777777778,,150,1.1378680237645118,0.24523190717058962,0.5378680237645118,0.49038668217877734,0.9733333333333334,C,0.0052720043059998715
open,C,150,1500,0.12,0.05,0.0,,11,0.3,0.2,2.0,20,0,1.0,1.0,1.0,40.0,10.133333333333333,0.0,227.5498889071958,0.03776888888888889,,150,1.182833418037259,0.22706840001760242,0.5828334180372589,0.5866885995680704,0.9866666666666667,C,0.005287270083333472
open,C,150,1500,0.12,0.05,0.0,,12,0.3,0.2,2.0,20,0,1.0,1.0,1.0,40.0,10.273333333333333,0.0,228.45778178466415,0.03832,,150,1.157484374288767,0.21469734257024758,0.5574843742887671,0.5390623179783615,1.0,C,0.005267417278000115
open,C,150,1500,0.12,0.05,0.0,,13,0.3,0.2,2.0,20,0,1.0,1.0,1.0,40.0,10.14,0.0,227.93252794812992,0.036706666666666665,,150,1.2230917763489617,0.22734452726935483,0.6230917763489617,0.672503034426498,0.9733333333333334,C,0.0052898738053336275
open,C,150,1500,0.12,0.05,0.0,,15,0.3,0.2,2.0,20,0,1.0,1.0,1.0,40.0,10.233333333333333,0.0,228.0745003002397,0.03856444444444444,,150,1.1489949984185464,0.2394666080319954,0.5489949984185463,0.5777156663896387,0.9733333333333334,C,0.005263294472000173
open,C,150,1500,0.12,0.05,0.0,,14,0.3,0.2,2.0,20,0,1.0,1.0,1.0,40.0,10.246666666666666,0.0,227.72675489890898,0.03716,,150,1.1463283451751514,0.23939046854198187,0.5463283451751513,0.5872585858009092,0.9866666666666667,C,0.005308466333333248
open,C,150,1500,0.12,0.05,0.0,,16,0.3,0.2,2.0,20,0,1.0,1.0,1.0,40.0,10.113333333333333,0.0,228.23062801981615,0.03761333333333333,,150,1.1614874951203278,0.22963170457330612,0.5614874951203277,0.5607954182445959,0.9866666666666667,C,0.005253440472667232
open,C,150,1500,0.12,0.05,0.0,,17,0.3,0.2,2.0,20,0,1.0,1.0,1.0,40.0,9.8,0.0,227.90185292174215,0.03727111111111111,,150,1.1480209270040118,0.2516850611317797,0.5480209270040118,0.5476174588348831,0.9733333333333334,C,0.005260328944666981
open,C,150,1500,0.12,0.05,0.0,,18,0.3,0.2,2.0,20,0,1.0,1.0,1.0,40.0,10.133333333333333,0.0,228.11039485921012,0.03762666666666667,,150,1.1237319906921166,0.2450003854828415,0.5237319906921167,0.5646618177454821,0.9866666666666667,C,0.0052427066946668975
open,C,150,1500,0.12,0.05,0.0,,19,0.3,0.2,2.0,20,0,1.0,1.0,1.0,40.0,9.84,0.0,227.60369948512454,0.03773777777777778,,150,1.170030436598157,0.24436854652845544,0.5700304365981573,0.5719871761906589,0.9866666666666667,C,0.005257299499999741
open,C,150,1500,0.12,0.05,0.0,,20,0.3,0.2,2.0,20,0,1.0,1.0,1.0,40.0,9.76,0.0,227.3332865666419,0.03725777777777778,,150,1.1685340907756419,0.22436653437124449,0.5685340907756419,0.5439108013799638,1.0,C,0.005234970277999916
open,C,150,1500,0.12,0.05,0.0,,22,0.3,0.2,2.0,20,0,1.0,1.0,1.0,40.0,10.12,0.0,227.813550510983,0.03797333333333333,,150,1.1630080720429896,0.20551571320757528,0.5630080720429894,0.5748656220170683,1.0,C,0.005234447194665942
open,C,150,1500,0.12,0.05,0.0,,21,0.3,0.2,2.0,20,0,1.0,1.0,1.0,40.0,9.913333333333334,0.0,227.84407383213275,0.036817777777777776,,150,1.1358788986793744,0.26133372448393666,0.5358788986793744,0.5350899475707547,0.9733333333333334,C,0.005322839416666587
open,C,150,1500,0.12,0.05,0.0,,23,0.3,0.2,2.0,20,0,1.0,1.0,1.0,40.0,9.926666666666666,0.0,227.96179954248782,0.037213333333333334,,150,1.1779760274691453,0.2627741457157162,0.5779760274691454,0.5822094671412775,0.9733333333333334,C,0.005288458027333642
open,C,150,1500,0.12,0.05,0.0,,24,0.3,0.2,2.0,20,0,1.0,1.0,1.0,40.0,10.24,0.0,227.53959817880624,0.03684,,150,1.1348862350747961,0.24921782083543514,0.5348862350747963,0.5086233507958844,0.9466666666666667,C,0.005272848555333136
open,C,150,1500,0.12,0.05,0.0,,25,0.3,0.2,2.0,20,0,1.0,1.0,1.0,40.0,10.046666666666667,0.0,227.60064180924158,0.038266666666666664,,150,1.1708950941587064,0.24291421431505555,0.5708950941587064,0.5640062794182086,1.0,C,0.005294384555333333
open,C,150,1500,0.12,0.05,0.0,,26,0.3,0.2,2.0,20,0,1.0,1.0,1.0,40.0,9.906666666666666,0.0,227.38661793089346,0.03737777777777778,,150,1.174407967241284,0.23553184243843098,0.574407967241284,0.6143266396189044,0.96,C,0.005315982471999935
open,RW,150,1500,0.0,0.05,0.0,,0,0.3,0.2,2.0,20,0,0.990234375,0.9895148026315788,1.0,60.0,22.446666666666665,0.0,167.22862310681435,0.2716488888888889,,150,0.8989644609677655,0.3650083100722948,0.2989644609677655,0.14739815827429947,0.7466666666666667,RW,0.0009785898333332928
open,RW,150,1500,0.0,0.05,0.0,,1,0.3,0.2,2.0,20,0,0.9973958333333334,0.9914336622807018,1.0,60.0,22.82,0.0,168.85962130244738,0.27092444444444447,,150,0.9101222523149295,0.3510905464571428,0.3101222523149297,0.17782257242427946,0.8333333333333334,RW,0.000981953194665645
open,RW,150,1500,0.0,0.05,0.0,,2,0.3,0.2,2.0,20,0,0.9921875,0.9913308662280701,1.0,60.0,23.093333333333334,0.0,169.60285902868793,0.27038666666666666,,150,0.8959581474268878,0.36344598116478216,0.29595814742688786,0.14564533506374988,0.7133333333333334,RW,0.0009953528333329208
open,RW,150,1500,0.0,0.05,0.0,,3,0.3,0.2,2.0,20,0,0.9993489583333334,0.9907483552631579,1.0,60.0,23.633333333333333,0.0,170.21454530168936,0.2718711111111111,,150,0.8872000647190229,0.3503664555071912,0.287200064719023,0.1671814476688036,0.7666666666666667,RW,0.0009945534446669626
open,RW,150,1500,0.0,0.05,0.0,,4,0.3,0.2,2.0,20,0,0.9973958333333334,0.991176672149123,1.0,60.0,22.506666666666668,0.0,167.89567609215806,0.27284888888888886,,150,0.8727268672125262,0.36168252086852654,0.27272686721252626,0.13926658031054234,0.6933333333333334,RW,0.0009838014166659074
open,RW,150,1500,0.0,0.05,0.0,,5,0.3,0.2,2.0,20,0,0.9889322916666666,0.9924958881578947,1.0,60.0,23.113333333333333,0.0,169.44010847906043,0.2700533333333333,,150,0.8789844178503488,0.35845260009731084,0.2789844178503486,0.13770050529711325,0.7066666666666667,RW,0.0009817356113332304
open,RW,150,1500,0.0,0.05,0.0,,6,0.3,0.2,2.0,20,0,0.984375,0.9915021929824562,1.0,60.0,22.953333333333333,0.0,168.52253113622075,0.27340444444444445,,150,0.8759304862531911,0.37651439010132864,0.2759304862531913,0.1280683047283369,0.6933333333333334,RW,0.000985731000000669
open,RW,150,1500,0.0,0.05,0.0,,7,0.3,0.2,2.0,20,0,0.9934895833333334,0.9904228344298248,1.0,60.0,23.066666666666666,0.0,168.81443020690736,0.27282222222222224,,150,0.8770721022851131,0.39328170560453685,0.27707210228511325,0.13351933957110207,0.68,RW,0.0009697293333338166
open,RW,150,1500,0.0,0.05,0.0,,8,0.3,0.2,2.0,20,0,0.9869791666666666,0.9901144462719295,1.0,60.0,22.666666666666668,0.0,168.083315522693,0.2697733333333333,,150,0.8659209354561798,0.3455310654965421,0.26592093545617984,0.14092172855498764,0.72,RW,0.0009558999166668703
open,RW,150,1500,0.0,0.05,0.0,,9,0.3,0.2,2.0,20,0,0.9947916666666666,0.9917077850877192,1.0,60.0,22.753333333333334,0.0,169.56451043685323,0.27053777777777777,,150,0.896324687243733,0.39962630306065333,0.2963246872437332,0.11218637816537647,0.6933333333333334,RW,0.00097350986066643
open,RW,150,1500,0.0,0.05,0.0,,10,0.3,0.2,2.0,20,0,0.9921875,0.9904742324561404,1.0,60.0,23.113333333333333,0.0,168.6275821201574,0.27464444444444447,,150,0.8753676179595336,0.36904312513090987,0.27536761795953363,0.14341035010213488,0.76,RW,0.0009712797220005693
open,RW,150,1500,0.0,0.05,0.0,,11,0.3,0.2,2.0,20,0,0.9921875,0.9930783991228069,1.0,60.0,22.633333333333333,0.0,169.00472514339697,0.2696311111111111,,150,0.925314922772972,0.4022937929119405,0.32531492277297197,0.11750728822540218,0.7266666666666667,RW,0.0010131634999997914
open,RW,150,1500,0.0,0.05,0.0,,13,0.3,0.2,2.0,20,0,0.9908854166666666,0.9917420504385964,1.0,60.0,23.486666666666668,0.0,170.03957246926007,0.2770222222222222,,150,0.8981686461231847,0.3859573350112975,0.29816864612318483,0.14811840103503704,0.7466666666666667,RW,0.0010150608053336328
open,RW,150,1500,0.0,0.05,0.0,,12,0.3,0.2,2.0,20,0,0.9915364583333334,0.9927186129385966,1.0,60.0,23.086666666666666,0.0,168.13170455154744,0.2741511111111111,,150,0.9334366570631274,0.3568349191771121,0.3334366570631275,0.20322097183840027,0.8066666666666666,RW,0.001079065944000225
open,RW,150,1500,0.0,0.05,0.0,,14,0.3,0.2,2.0,20,0,0.9986979166666666,0.9906798245614036,1.0,60.0,22.7,0.0,166.62293403722148,0.2697644444444444,,150,0.892643218997118,0.37016259182440225,0.2926432189971179,0.18913247301734737,0.78,RW,0.0010016200553339635
open,RW,150,1500,0.0,0.05,0.0,,15,0.3,0.2,2.0,20,0,0.990234375,0.9903029057017545,1.0,60.0,22.82,0.0,166.53182901915557,0.27152444444444446,,150,0.8918833719039636,0.3794552389928666,0.2918833719039637,0.15784448672812418,0.7133333333333334,RW,0.001000632110666629
open,RW,150,1500,0.0,0.05,0.0,,16,0.3,0.2,2.0,20,0,0.990234375,0.9916735197368421,1.0,60.0,23.653333333333332,0.0,169.35738180853238,0.2759022222222222,,150,0.9098691427868298,0.37083184145054837,0.30986914278683,0.1854034862295959,0.7,RW,0.0009841903886663203
open,RW,150,1500,0.0,0.05,0.0,,17,0.3,0.2,2.0,20,0,0.9915364583333334,0.9935581140350878,1.0,60.0,23.4,0.0,169.43746678551219,0.27302666666666664,,150,0.9319137711168105,0.36311635544034204,0.3319137711168107,0.20605003234263997,0.82,RW,0.000991075999999642
open,RW,150,1500,0.0,0.05,0.0,,18,0.3,0.2,2.0,20,0,0.9889322916666666,0.9903543037280703,1.0,60.0,23.053333333333335,0.0,170.05378224257302,0.26955111111111113,,150,0.9181143044427695,0.35587844997378204,0.31811430444276956,0.2117425899014151,0.78,RW,0.0009718614720004553
open,RW,150,1500,0.0,0.05,0.0,,19,0.3,0.2,2.0,20,0,0.9869791666666666,0.9913137335526314,1.0,60.0,23.02,0.0,168.0952593983372,0.27354222222222224,,150,0.8825921559496311,0.3679855501172589,0.28259215594963116,0.17572950244772584,0.6533333333333333,RW,0.0009721578893331752
open,RW,150,1500,0.0,0.05,0.0,,20,0.3,0.2,2.0,20,0,0.9895833333333334,0.9930098684210528,1.0,60.0,23.153333333333332,0.0,169.71499393335884,0.26972444444444443,,150,0.8998070558210497,0.3768809956221024,0.29980705582104983,0.1428297083541708,0.7,RW,0.0009784179999999954
open,RW,150,1500,0.0,0.05,0.0,,21,0.3,0.2,2.0,20,0,0.9895833333333334,0.9923759594298245,1.0,80.0,23.24,0.0,168.7636613211278,0.27286666666666665,,150,0.9021075398809356,0.41430542136152204,0.3021075398809357,0.1388915683391928,0.7533333333333333,RW,0.0009844419446671964
open,RW,150,1500,0.0,0.05,0.0,,22,0.3,0.2,2.0,20,0,0.9921875,0.9884697094298246,1.0,60.0,23.066666666666666,0.0,169.09922083935237,0.27344,,150,0.8714512172894276,0.37049165033278253,0.2714512172894276,0.11524969673274665,0.7133333333333334,RW,0.0009650717779998862
open,RW,150,1500,0.0,0.05,0.0,,23,0.3,0.2,2.0,20,0,0.99609375,0.9908168859649122,1.0,60.0,23.093333333333334,0.0,169.04376471177306,0.27213777777777776,,150,0.9101757875703205,0.3765613139272048,0.3101757875703204,0.14678296422421033,0.76,RW,0.0010154438893332555
open,RW,150,1500,0.0,0.05,0.0,,24,0.3,0.2,2.0,20,0,0.986328125,0.9935067160087719,1.0,60.0,22.56,0.0,169.4653723239612,0.26969777777777776,,150,0.8864885920966492,0.38093207739664015,0.2864885920966492,0.13833448752865463,0.7933333333333333,RW,0.0009985295553330312
open,RW,150,1500,0.0,0.05,0.0,,25,0.3,0.2,2.0,20,0,0.9895833333333334,0.9918105811403509,1.0,60.0,23.28,0.0,169.8876940329553,0.2731777777777778,,150,0.9145359530060069,0.37126943836259596,0.314535953006007,0.17339830071717705,0.8,RW,0.0009826466393327185
open,C,150,1500,0.12,0.05,0.0,,27,0.3,0.2,2.0,20,0,1.0,1.0,1.0,40.0,9.733333333333333,0.0,227.89834790622373,0.03651555555555556,,150,1.159718985283665,0.23069915005670205,0.5597189852836649,0.6050986021889639,0.98,C,0.005415122416667146
open,C,150,1500,0.12,0.05,0.0,,28,0.3,0.2,2.0,20,0,1.0,1.0,1.0,40.0,9.833333333333334,0.0,228.1350918763432,0.03676444444444445,,150,1.1845518862929487,0.23417889375286988,0.5845518862929486,0.5824502114632135,0.9866666666666667,C,0.005461792249998931
open,RW,150,1500,0.0,0.05,0.0,,26,0.3,0.2,2.0,20,0,0.998046875,0.9929584703947368,1.0,60.0,23.26,0.0,168.67288434898802,0.2747866666666667,,150,0.9466509345883704,0.4153452329975068,0.3466509345883705,0.16082816938586447,0.7333333333333333,RW,0.0010002050000002783
open,C,150,1500,0.12,0.05,0.0,,29,0.3,0.2,2.0,20,0,1.0,1.0,1.0,40.0,9.94,0.0,227.8324378099449,0.037844444444444444,,150,1.1530265508260045,0.24369704076470397,0.5530265508260046,0.555118162010691,0.9733333333333334,C,0.00547344530600094
open,RW,150,1500,0.0,0.05,0.0,,27,0.3,0.2,2.0,20,0,0.9895833333333334,0.9907654879385966,1.0,60.0,23.08,0.0,168.64995200166004,0.2749377777777778,,150,0.89769383480763,0.3486347497394279,0.29769383480762995,0.18180014705724196,0.7533333333333333,RW,0.0010038612220002203
open,RW,150,1500,0.0,0.05,0.0,,28,0.3,0.2,2.0,20,0,0.9986979166666666,0.9921189692982457,1.0,60.0,23.06,0.0,167.92380083277163,0.2695822222222222,,150,0.8812861797806867,0.3828086595605689,0.2812861797806867,0.13422076534452743,0.7333333333333333,RW,0.0010047836666672084
open,RW,150,1500,0.0,0.05,0.0,,29,0.3,0.2,2.0,20,0,0.9908854166666666,0.9908511513157895,1.0,60.0,22.8,0.0,168.33459795348176,0.27297333333333335,,150,0.9249887304144561,0.4290960473221925,0.3249887304144562,0.1340223047637597,0.66,RW,0.0009980663886672118
open,RW,150,1500,0.01,0.05,0.0,,0,0.3,0.2,2.0,20,0,0.9954427083333334,0.9936095120614034,1.0,60.0,24.186666666666667,0.0,177.60223417767463,0.25970666666666664,,150,0.9459417471744223,0.3853138445127259,0.3459417471744225,0.22211518846190897,0.8133333333333334,RW,0.0009925206386663678
open,RW,150,1500,0.01,0.05,0.0,,1,0.3,0.2,2.0,20,0,0.9908854166666666,0.9933525219298246,1.0,60.0,23.526666666666667,0.0,177.03990167682662,0.2562844444444444,,150,0.9125429314990826,0.3926961163622968,0.3125429314990825,0.13622043330484213,0.78,RW,0.0009997935279995242
open,RW,150,1500,0.01,0.05,0.0,,2,0.3,0.2,2.0,20,0,0.9869791666666666,0.9924102247807017,1.0,60.0,23.286666666666665,0.0,177.75790263046906,0.2557688888888889,,150,0.8907640657969099,0.3450138596428788,0.29076406579691005,0.19333190222616548,0.7866666666666666,RW,0.0009915124166667132
open,RW,150,1500,0.01,0.05,0.0,,3,0.3,0.2,2.0,20,0,1.0,0.9923759594298246,1.0,60.0,24.46,0.0,178.12687609985247,0.26178222222222225,,150,0.9083399331483235,0.3979647060546916,0.30833993314832375,0.15890814426374833,0.7466666666666667,RW,0.0010109551946661669
open,RW,150,1500,0.01,0.05,0.0,,5,0.3,0.2,2.0,20,0,0.9921875,0.9927700109649122,1.0,60.0,23.746666666666666,0.0,176.23300156444012,0.2578311111111111,,150,0.9204059297475427,0.38147481923195853,0.32040592974754256,0.18048308211385156,0.8666666666666667,RW,0.0009832914446669748
open,RW,150,1500,0.01,0.05,0.0,,4,0.3,0.2,2.0,20,0,0.9986979166666666,0.9913308662280699,1.0,60.0,23.493333333333332,0.0,178.04445912963558,0.2568311111111111,,150,0.9346910878338197,0.36225324160722167,0.33469108783381984,0.21979239370736864,0.7533333333333333,RW,0.0010186745833331468
open,RW,150,1500,0.01,0.05,0.0,,6,0.3,0.2,2.0,20,0,0.990234375,0.9931983278508772,1.0,60.0,23.92,0.0,175.28409115776535,0.25953777777777776,,150,0.8576886876225274,0.32961465720667477,0.2576886876225274,0.19629579162712035,0.7533333333333333,RW,0.000994179138666368
open,RW,150,1500,0.01,0.05,0.0,,7,0.3,0.2,2.0,20,0,0.9915364583333334,0.9922731633771932,1.0,60.0,23.626666666666665,0.0,177.659751764754,0.2557022222222222,,150,0.9221100699396477,0.403241277525164,0.3221100699396478,0.17638921483620418,0.7733333333333333,RW,0.0010067947780007672
open,RW,150,1500,0.01,0.05,0.0,,8,0.3,0.2,2.0,20,0,0.9947916666666666,0.9940720942982455,1.0,60.0,23.493333333333332,0.0,175.8409307115797,0.2573022222222222,,150,0.9490771996594259,0.4098629052378762,0.34907719965942613,0.16677976576739112,0.78,RW,0.0010221006666664228
open,RW,150,1500,0.01,0.05,0.0,,9,0.3,0.2,2.0,20,0,0.9934895833333334,0.9940549616228072,1.0,60.0,23.973333333333333,0.0,176.8517525000362,0.2548533333333333,,150,0.9173971746325363,0.3479900412585227,0.3173971746325365,0.20724051856103703,0.7333333333333333,RW,0.001008331361332239
open,RW,150,1500,0.01,0.05,0.0,,10,0.3,0.2,2.0,20,0,0.994140625,0.9910567434210528,1.0,60.0,23.613333333333333,0.0,175.6675973927665,0.25766222222222224,,150,0.8644806737014396,0.3634856043921664,0.2644806737014396,0.09766464899600519,0.7733333333333333,RW,0.0010091588613334655
open,RW,150,1500,0.01,0.05,0.0,,11,0.3,0.2,2.0,20,0,0.9973958333333334,0.9925986842105265,1.0,60.0,23.14666666666667,0.0,178.2409778675892,0.253,,150,0.8968450140792527,0.37964434763664495,0.2968450140792526,0.11706130386630798,0.7733333333333333,RW,0.0010107250553337507
open,RW,150,1500,0.01,0.05,0.0,,12,0.3,0.2,2.0,20,0,0.9908854166666666,0.993455317982456,1.0,60.0,24.3,0.0,177.01625346523304,0.26050666666666666,,150,0.9084365178691602,0.39384233801011626,0.3084365178691602,0.17632679943108076,0.8266666666666667,RW,0.0010230843886674848
open,RW,150,1500,0.01,0.05,0.0,,13,0.3,0.2,2.0,20,0,0.9856770833333334,0.9936437774122808,1.0,60.0,23.393333333333334,0.0,177.67173146127217,0.2562844444444444,,150,0.8765769770747732,0.3032057158872531,0.27657697707477313,0.21313661675351558,0.78,RW,0.0010166243333333113
open,RW,150,1500,0.01,0.05,0.0,,15,0.3,0.2,2.0,20,0,1.0,0.9910053453947371,1.0,60.0,23.913333333333334,0.0,175.59677664254676,0.26015555555555553,,150,0.8985931198737038,0.3594417180378717,0.29859311987370396,0.19813309037471022,0.86,RW,0.0010070986666675405
open,RW,150,1500,0.01,0.05,0.0,,14,0.3,0.2,2.0,20,0,0.99609375,0.9925130208333333,1.0,60.0,24.753333333333334,0.0,177.46566546454986,0.2562888888888889,,150,0.879476829279394,0.3803192945539561,0.279476829279394,0.12273009897306741,0.6866666666666666,RW,0.0010306061940003322
open,RW,150,1500,0.01,0.05,0.0,,16,0.3,0.2,2.0,20,0,0.994140625,0.9919476425438594,1.0,60.0,23.08,0.0,176.98573257984398,0.2550311111111111,,150,0.9233506920850428,0.396449429046216,0.3233506920850429,0.14390103884450378,0.8266666666666667,RW,0.001002772666666715
open,RW,150,1500,0.01,0.05,0.0,,17,0.3,0.2,2.0,20,0,0.9895833333333334,0.9911595394736842,1.0,60.0,23.52,0.0,174.53704409038824,0.2584088888888889,,150,0.878504313211625,0.3592829232252437,0.278504313211625,0.1420216106556978,0.7333333333333333,RW,0.000997565000000274
open,RW,150,1500,0.01,0.05,0.0,,18,0.3,0.2,2.0,20,0,0.9986979166666666,0.9914336622807018,1.0,60.0,23.593333333333334,0.0,175.79652156182797,0.25434222222222225,,150,0.9143257594715567,0.36918377839329836,0.3143257594715567,0.19036130452547023,0.7666666666666667,RW,0.000998980027333649
open,RW,150,1500,0.01,0.05,0.0,,19,0.3,0.2,2.0,20,0,0.9973958333333334,0.9934381853070174,1.0,60.0,23.30666666666667,0.0,177.5927438835234,0.2558533333333333,,150,0.9298968623101485,0.3772680459845252,0.3298968623101484,0.19881424376072487,0.7333333333333333,RW,0.0009990084166662807
open,RW,150,1500,0.01,0.05,0.0,,20,0.3,0.2,2.0,20,0,0.9993489583333334,0.9936095120614036,1.0,60.0,23.86,0.0,177.07952460869612,0.25748,,150,0.9189163589400642,0.34301827286648157,0.3189163589400642,0.22971200930118096,0.8133333333333334,RW,0.0009940853613334185
open,RW,150,1500,0.01,0.05,0.0,,21,0.3,0.2,2.0,20,0,1.0,0.9937465734649124,1.0,60.0,24.066666666666666,0.0,176.66963770870876,0.26066222222222224,,150,0.9551154869859658,0.3898668128819723,0.3551154869859657,0.21168323711984405,0.7933333333333333,RW,0.000999626972667708
open,RW,150,1500,0.01,0.05,0.0,,22,0.3,0.2,2.0,20,0,0.974609375,0.9901658442982457,1.0,60.0,23.92,0.0,176.33147969806882,0.25860444444444447,,150,0.8819556818141605,0.38042167327969295,0.28195568181416064,0.12185182936964861,0.7133333333333334,RW,0.0010003463053326414
open,RW,150,1500,0.01,0.05,0.0,,24,0.3,0.2,2.0,20,0,0.998046875,0.9918962445175438,1.0,60.0,24.073333333333334,0.0,175.6774669817847,0.2575866666666667,,150,0.9247223851191286,0.3807362574478831,0.32472238511912854,0.13995319521631566,0.76,RW,0.001006831471999855
open,RW,150,1500,0.01,0.05,0.0,,23,0.3,0.2,2.0,20,0,0.986328125,0.992153234649123,1.0,60.0,24.013333333333332,0.0,176.87488661951704,0.25928,,150,0.8715666623291389,0.36567672525987677,0.2715666623291389,0.12161401409438771,0.7266666666666667,RW,0.001029581360666877
open,RW,150,1500,0.01,0.05,0.0,,25,0.3,0.2,2.0,20,0,1.0,0.9916735197368421,1.0,60.0,23.413333333333334,0.0,176.24130163692013,0.25936,,150,0.8660714871667735,0.3447655227652627,0.2660714871667736,0.1405087233314325,0.7733333333333333,RW,0.0010019488893340167
open,RW,150,1500,0.01,0.05,0.0,,26,0.3,0.2,2.0,20,0,0.9889322916666666,0.9898403234649122,1.0,60.0,23.96,0.0,176.81730588742184,0.25924888888888886,,150,0.8996948828129204,0.33084467576497856,0.29969488281292056,0.19308792927914153,0.7866666666666666,RW,0.0010162631386665454
open,RW,150,1500,0.01,0.05,0.0,,27,0.3,0.2,2.0,20,0,0.9934895833333334,0.9903029057017543,1.0,60.0,23.406666666666666,0.0,177.19957034138167,0.2556888888888889,,150,0.9300927388158187,0.4358220231584221,0.33009273881581863,0.1477169387850733,0.7333333333333333,RW,0.0010123998333328927
open,RW,150,1500,0.01,0.05,0.0,,28,0.3,0.2,2.0,20,0,0.986328125,0.9904057017543859,1.0,60.0,23.093333333333334,0.0,175.26759785630176,0.2551733333333333,,150,0.9043613402622865,0.38811801556798636,0.3043613402622866,0.13365275961048256,0.8133333333333334,RW,0.001031516805333619
open,RW,150,1500,0.01,0.05,0.0,,29,0.3,0.2,2.0,20,0,0.990234375,0.9922731633771931,1.0,60.0,23.66,0.0,176.54317922629915,0.25778222222222225,,150,0.9272510039041965,0.3898290581062815,0.3272510039041964,0.1859699009365291,0.76,RW,0.0010394698893336075
open,RW,150,1500,0.02,0.05,0.0,,0,0.3,0.2,2.0,20,0,0.9759114583333334,0.9930783991228069,1.0,60.0,24.56,0.0,184.80804294692683,0.24355555555555555,,150,0.9450955252307476,0.3795127223859425,0.34509552523074777,0.20652178068230492,0.8466666666666667,RW,0.0010242004719996961
open,RW,150,1500,0.02,0.05,0.0,,1,0.3,0.2,2.0,20,0,0.9993489583333334,0.9922388980263158,1.0,60.0,23.92,0.0,184.6173201973647,0.23977777777777778,,150,0.9502912960305445,0.35248854414713565,0.3502912960305445,0.26210517070660216,0.8466666666666667,RW,0.0010224409166658007
open,RW,150,1500,0.02,0.05,0.0,,2,0.3,0.2,2.0,20,0,0.9954427083333334,0.992872807017544,1.0,60.0,24.286666666666665,0.0,186.1040246232908,0.24167111111111111,,150,0.9337907592083365,0.368783802688092,0.33379075920833656,0.25221281846383636,0.7666666666666667,RW,0.0009999236113326334
open,RW,150,1500,0.02,0.05,0.0,,3,0.3,0.2,2.0,20,0,0.9954427083333334,0.9923074287280703,1.0,60.0,25.366666666666667,0.0,184.52317515616474,0.24468444444444445,,150,0.9244777512192229,0.346438500257788,0.324477751219223,0.23163846273305438,0.8133333333333334,RW,0.0010225283613338736
open,RW,150,1500,0.02,0.05,0.0,,4,0.3,0.2,2.0,20,0,0.9908854166666666,0.9924958881578947,1.0,60.0,23.966666666666665,0.0,184.2647216436084,0.2429688888888889,,150,0.8909329537884916,0.3753224017837878,0.2909329537884915,0.13108641321424813,0.76,RW,0.0010246407220001856
open,RW,150,1500,0.02,0.05,0.0,,5,0.3,0.2,2.0,20,0,0.9947916666666666,0.9931126644736842,1.0,60.0,23.993333333333332,0.0,186.211651310233,0.24101333333333333,,150,0.8678866436472644,0.3231474630881868,0.26788664364726444,0.1547743634594435,0.76,RW,0.0010244116113329559
open,RW,150,1500,0.02,0.05,0.0,,6,0.3,0.2,2.0,20,0,0.99609375,0.992478755482456,1.0,60.0,23.633333333333333,0.0,185.45312072156014,0.23836444444444443,,150,0.9068134879448132,0.39623889369923737,0.30681348794481345,0.13968012549368342,0.7866666666666666,RW,0.0010268739166664697
open,RW,150,1500,0.02,0.05,0.0,,7,0.3,0.2,2.0,20,0,0.9967447916666666,0.992444490131579,1.0,60.0,24.326666666666668,0.0,185.20841691996884,0.2426222222222222,,150,0.9009304916182715,0.38019147216119137,0.3009304916182715,0.1482853248783223,0.7933333333333333,RW,0.0010188755000005282
open,RW,150,1500,0.02,0.05,0.0,,8,0.3,0.2,2.0,20,0,0.990234375,0.9922560307017545,1.0,60.0,24.153333333333332,0.0,185.75873540543515,0.2384088888888889,,150,0.9225699367017849,0.347467055171147,0.3225699367017851,0.22413208906637627,0.7733333333333333,RW,0.0010260752500010615
open,RW,150,1500,0.02,0.05,0.0,,9,0.3,0.2,2.0,20,0,0.9895833333333334,0.9928556743421054,1.0,60.0,24.246666666666666,0.0,184.0839078792828,0.24036888888888888,,150,0.9055048079079203,0.3698270382613488,0.30550480790792034,0.16577354872583216,0.7333333333333333,RW,0.0010290932773326252
open,RW,150,1500,0.02,0.05,0.0,,10,0.3,0.2,2.0,20,0,0.9934895833333334,0.9928556743421054,1.0,60.0,24.82,0.0,184.40129835782685,0.24207555555555554,,150,0.9043694684783999,0.39247415317927153,0.30436946847840013,0.16772383811481623,0.7333333333333333,RW,0.0010051028613330952
open,RW,150,1500,0.02,0.05,0.0,,11,0.3,0.2,2.0,20,0,0.9967447916666666,0.9945860745614034,1.0,60.0,24.133333333333333,0.0,186.04281839865578,0.24140444444444445,,150,0.9025457302273634,0.3730373875358384,0.3025457302273635,0.13877070404281433,0.7533333333333333,RW,0.001014234527334338
open,RW,150,1500,0.02,0.05,0.0,,12,0.3,0.2,2.0,20,0,0.9850260416666666,0.9933525219298246,1.0,60.0,24.773333333333333,0.0,184.3747581717324,0.24436888888888889,,150,0.9001105353720928,0.37350758874887274,0.30011053537209303,0.15986093361848164,0.76,RW,0.0010193145280002985
open,RW,150,1500,0.02,0.05,0.0,,13,0.3,0.2,2.0,20,0,0.9954427083333334,0.9931469298245617,1.0,60.0,24.273333333333333,0.0,184.95999985839867,0.2392711111111111,,150,0.9465059318019422,0.3610956443031871,0.3465059318019423,0.23555156032922353,0.7933333333333333,RW,0.0010150408053329254
open,RW,150,1500,0.02,0.05,0.0,,14,0.3,0.2,2.0,20,0,0.9915364583333334,0.9937465734649124,1.0,60.0,24.106666666666666,0.0,184.3839533014669,0.24172888888888888,,150,0.9235590270025263,0.34377933276192785,0.32355902700252615,0.21563423720360153,0.7733333333333333,RW,0.0010000152499997058
open,RW,150,1500,0.02,0.05,0.0,,15,0.3,0.2,2.0,20,0,0.9986979166666666,0.9929927357456141,1.0,60.0,23.686666666666667,0.0,183.84628174928946,0.2419022222222222,,150,0.9013200687712268,0.3626185911210414,0.30132006877122675,0.15741073497185343,0.8066666666666666,RW,0.0010220199446666811
open,RW,150,1500,0.02,0.05,0.0,,16,0.3,0.2,2.0,20,0,0.9986979166666666,0.9948601973684212,1.0,60.0,24.14666666666667,0.0,184.87305434379434,0.2434311111111111,,150,0.9107808875863138,0.3452777606371505,0.31078088758631384,0.19381379344192418,0.84,RW,0.001024587694665873
open,RW,150,1500,0.02,0.05,0.0,,17,0.3,0.2,2.0,20,0,0.994140625,0.9930441337719299,1.0,60.0,24.486666666666668,0.0,185.49104128826835,0.24010666666666666,,150,0.8903644864681544,0.4149150904235089,0.29036448646815455,0.1533400100527227,0.7,RW,0.001013975138666865
open,RW,150,1500,0.02,0.05,0.0,,18,0.3,0.2,2.0,20,0,0.9934895833333334,0.9911595394736844,1.0,60.0,23.626666666666665,0.0,186.0115388095069,0.2401911111111111,,150,0.9097811100280916,0.3698974160645281,0.30978111002809156,0.1632903406147651,0.78,RW,0.0010297074446668072
open,RW,150,1500,0.02,0.05,0.0,,19,0.3,0.2,2.0,20,0,0.99609375,0.993455317982456,1.0,60.0,24.506666666666668,0.0,184.82020429256264,0.24133333333333334,,150,0.923978330884404,0.39259306840837926,0.323978330884404,0.16082138078340097,0.8266666666666667,RW,0.001036468222666978
open,RW,150,1500,0.02,0.05,0.0,,20,0.3,0.2,2.0,20,0,0.984375,0.9928385416666665,1.0,60.0,24.253333333333334,0.0,184.7938476097162,0.24004444444444445,,150,0.9199110770053737,0.35046589228099784,0.31991107700537363,0.18467990544091784,0.8133333333333334,RW,0.0010370151386669023
open,RW,150,1500,0.02,0.05,0.0,,21,0.3,0.2,2.0,20,0,0.9876302083333334,0.9942262883771932,1.0,60.0,24.32,0.0,185.7968358546983,0.24008444444444443,,150,0.8825938042636859,0.33994486531307483,0.28259380426368597,0.15304471785302654,0.7666666666666667,RW,0.0010493336386668186
open,RW,150,1500,0.02,0.05,0.0,,22,0.3,0.2,2.0,20,0,0.9986979166666666,0.9934724506578947,1.0,60.0,23.78,0.0,183.72324072932923,0.24183555555555555,,150,0.9091626571998855,0.38318307559779596,0.3091626571998855,0.15025048914011563,0.8066666666666666,RW,0.0010161002500002118
open,RW,150,1500,0.02,0.05,0.0,,23,0.3,0.2,2.0,20,0,0.9986979166666666,0.9941234923245613,1.0,60.0,23.82,0.0,186.59541215168352,0.23606222222222223,,150,0.9633610710634862,0.34221252850007083,0.36336107106348625,0.25911362298837587,0.82,RW,0.0010145561666674136
open,RW,150,1500,0.02,0.05,0.0,,24,0.3,0.2,2.0,20,0,0.99609375,0.9935581140350878,1.0,60.0,24.08,0.0,185.58121319022644,0.23742666666666667,,150,0.9196594804143691,0.3670477608588251,0.31965948041436915,0.2211524826917839,0.8,RW,0.001011245639333841
open,RW,150,1500,0.02,0.05,0.0,,25,0.3,0.2,2.0,20,0,0.994140625,0.9931640625,1.0,60.0,24.406666666666666,0.0,184.0322534610082,0.24446222222222222,,150,0.8963156237780426,0.3336604541149179,0.29631562377804266,0.192360474954952,0.8,RW,0.0010000325000000885
open,RW,150,1500,0.02,0.05,0.0,,26,0.3,0.2,2.0,20,0,0.994140625,0.9937979714912281,1.0,60.0,23.753333333333334,0.0,184.98061094337083,0.24466222222222223,,150,0.9194642800861481,0.3759441925806173,0.3194642800861481,0.20530453470611632,0.7466666666666667,RW,0.001004211861333412
open,RW,150,1500,0.02,0.05,0.0,,27,0.3,0.2,2.0,20,0,0.9947916666666666,0.9920333059210527,1.0,60.0,23.94,0.0,185.02550399243404,0.2441111111111111,,150,0.9324277395770336,0.3628116186246136,0.3324277395770336,0.22631494858314216,0.78,RW,0.0009965549440009152
open,RW,150,1500,0.02,0.05,0.0,,28,0.3,0.2,2.0,20,0,0.9921875,0.9911938048245614,1.0,60.0,24.1,0.0,183.22375852011547,0.23877777777777778,,150,0.9284909851828393,0.3450695950182093,0.3284909851828395,0.17240911690861882,0.7733333333333333,RW,0.0010229201666661538
open,RW,150,1500,0.02,0.05,0.0,,29,0.3,0.2,2.0,20,0,0.9837239583333334,0.9919476425438599,1.0,60.0,23.94,0.0,185.5483607496317,0.24046666666666666,,150,0.9232020554628586,0.3400978484022087,0.3232020554628584,0.20397604727014662,0.7466666666666667,RW,0.0010124254446661023
open,RW,150,1500,0.04,0.05,0.0,,0,0.3,0.2,2.0,20,0,0.9869791666666666,0.9954084429824562,1.0,60.0,24.026666666666667,0.0,201.17398602701908,0.2045288888888889,,150,0.894125655700016,0.3325288796652758,0.29412565570001586,0.18426197567771185,0.8266666666666667,RW,0.0009971765280000302
open,RW,150,1500,0.04,0.05,0.0,,1,0.3,0.2,2.0,20,0,1.0,0.9946546052631579,1.0,60.0,24.226666666666667,0.0,199.16764525309804,0.21225777777777777,,150,0.9737027472371541,0.36136749183431494,0.37370274723715435,0.26011008941711056,0.8266666666666667,RW,0.001025053944666676
open,RW,150,1500,0.04,0.05,0.0,,2,0.3,0.2,2.0,20,0,0.9928385416666666,0.9917077850877194,1.0,60.0,24.153333333333332,0.0,199.9122633224508,0.20751111111111112,,150,0.9099537762931035,0.3313943121192633,0.3099537762931034,0.19479958122485075,0.86,RW,0.0010387642219999785
open,RW,150,1500,0.04,0.05,0.0,,3,0.3,0.2,2.0,20,0,0.9967447916666666,0.9938493695175437,1.0,60.0,24.64666666666667,0.0,200.83655417332656,0.20868,,150,0.8978575631411377,0.3718540634040403,0.2978575631411375,0.14971829399325343,0.7533333333333333,RW,0.0010317957499998253
open,RW,150,1500,0.04,0.05,0.0,,4,0.3,0.2,2.0,20,0,1.0,0.9939350328947366,1.0,60.0,24.8,0.0,200.6641822848913,0.21002666666666667,,150,0.9432063606342759,0.3695987725746688,0.3432063606342758,0.2426897795232381,0.7733333333333333,RW,0.0010394819440007268
open,RW,150,1500,0.04,0.05,0.0,,5,0.3,0.2,2.0,20,0,0.9856770833333334,0.9930783991228072,1.0,60.0,24.446666666666665,0.0,200.38410816038137,0.20898666666666665,,150,0.8935431689723834,0.3858679635109124,0.29354316897238336,0.17856107166075585,0.8066666666666666,RW,0.0010366442220001773
open,RW,150,1500,0.04,0.05,0.0,,6,0.3,0.2,2.0,20,0,0.990234375,0.9929242050438596,1.0,60.0,24.253333333333334,0.0,200.6816131272633,0.2074888888888889,,150,0.870418707316979,0.37079106053473276,0.27041870731697926,0.13298785553089487,0.7666666666666667,RW,0.0010426381666657108
open,RW,150,1500,0.04,0.05,0.0,,7,0.3,0.2,2.0,20,0,0.9986979166666666,0.9946717379385962,1.0,60.0,24.68,0.0,200.76931228980845,0.2076977777777778,,150,0.9217292730867113,0.3450795879989682,0.3217292730867113,0.20544401277117508,0.8666666666666667,RW,0.001025958333333013
open,RW,150,1500,0.04,0.05,0.0,,8,0.3,0.2,2.0,20,0,0.9798177083333334,0.9935067160087719,1.0,60.0,24.553333333333335,0.0,200.7823081670288,0.2071822222222222,,150,0.9246479743390842,0.3640788580106211,0.32464797433908416,0.1724595329022321,0.8066666666666666,RW,0.0010260938333340164
open,RW,150,1500,0.04,0.05,0.0,,9,0.3,0.2,2.0,20,0,0.9791666666666666,0.9936095120614032,1.0,80.0,23.913333333333334,0.0,200.77619887369002,0.20420888888888888,,150,0.9141293823975873,0.35335196634348315,0.31412938239758736,0.19640732927590998,0.7866666666666666,RW,0.0010131199440002092
open,RW,150,1500,0.04,0.05,0.0,,10,0.3,0.2,2.0,20,0,0.9921875,0.9940720942982457,1.0,60.0,23.786666666666665,0.0,201.6028857083159,0.20444444444444446,,150,0.9008272214602505,0.35110002369110227,0.30082722146025065,0.18624310545749423,0.7733333333333333,RW,0.0010304863333331013
open,RW,150,1500,0.04,0.05,0.0,,11,0.3,0.2,2.0,20,0,0.9986979166666666,0.9937465734649122,1.0,60.0,24.033333333333335,0.0,199.8378332535058,0.2065288888888889,,150,0.920597784021733,0.33687324394626383,0.32059778402173283,0.21684507601180109,0.84,RW,0.0009947449726666188
open,RW,150,1500,0.04,0.05,0.0,,12,0.3,0.2,2.0,20,0,0.9921875,0.9921875,1.0,80.0,24.973333333333333,0.0,200.3941717554428,0.20838222222222222,,150,0.9476268456863496,0.37972278635373924,0.34762684568634966,0.21990170123639657,0.7733333333333333,RW,0.0010100343606670018
open,RW,150,1500,0.04,0.05,0.0,,13,0.3,0.2,2.0,20,0,0.9934895833333334,0.9958710252192983,1.0,60.0,25.44,0.0,200.8914629178804,0.20894222222222222,,150,0.8906773898087359,0.33898937525346495,0.2906773898087358,0.1780460321347389,0.7666666666666667,RW,0.0010305908606666587
open,RW,150,1500,0.04,0.05,0.0,,14,0.3,0.2,2.0,20,0,0.998046875,0.9945004111842105,1.0,60.0,24.913333333333334,0.0,202.42864655030567,0.20419555555555555,,150,0.9330409914813754,0.36868490123435077,0.3330409914813755,0.19692236217952241,0.8466666666666667,RW,0.0010154778333332313
open,RW,150,1500,0.04,0.05,0.0,,15,0.3,0.2,2.0,20,0,0.9908854166666666,0.9944832785087716,1.0,60.0,24.186666666666667,0.0,201.0605032768854,0.20656888888888889,,150,0.9289331199566508,0.31471847288795907,0.3289331199566508,0.2488092875005387,0.86,RW,0.0010390677220008609
open,RW,150,1500,0.04,0.05,0.0,,16,0.3,0.2,2.0,20,0,0.9947916666666666,0.994431880482456,1.0,60.0,24.14666666666667,0.0,201.4428227833242,0.20805333333333334,,150,0.9029451058303162,0.3479175463090685,0.30294510583031625,0.18408508099059445,0.8133333333333334,RW,0.0010155732500000644
open,RW,150,1500,0.04,0.05,0.0,,18,0.3,0.2,2.0,20,0,0.9934895833333334,0.9944661458333333,1.0,60.0,24.606666666666666,0.0,201.15140895597045,0.20599111111111112,,150,0.9545561352207136,0.3407898240491199,0.3545561352207136,0.2662890111092676,0.82,RW,0.0009893714166670786
open,RW,150,1500,0.04,0.05,0.0,,17,0.3,0.2,2.0,20,0,1.0,0.9926500822368419,1.0,60.0,24.793333333333333,0.0,200.78916384414111,0.2082,,150,0.9613304035950705,0.3774142864974021,0.36133040359507024,0.194413446545601,0.82,RW,0.001021134777332918
open,RW,150,1500,0.04,0.05,0.0,,19,0.3,0.2,2.0,20,0,0.9993489583333334,0.9946032072368421,1.0,60.0,24.66,0.0,201.4688754479676,0.20959111111111112,,150,0.9536766244750432,0.35314147984788213,0.3536766244750433,0.2679374850054588,0.8533333333333334,RW,0.0010045068053332216
open,RW,150,1500,0.04,0.05,0.0,,20,0.3,0.2,2.0,20,0,0.9947916666666666,0.9937808388157897,1.0,60.0,24.466666666666665,0.0,202.27734508954094,0.20481777777777777,,150,0.9001337175822633,0.35983231747035754,0.3001337175822632,0.16157201771146423,0.7733333333333333,RW,0.0010258226666664996
open,RW,150,1500,0.04,0.05,0.0,,21,0.3,0.2,2.0,20,0,0.9791666666666666,0.9924787554824562,1.0,60.0,24.626666666666665,0.0,200.60225623855985,0.20741777777777778,,150,0.8943982019829567,0.34013249136529733,0.29439820198295663,0.17151298142688737,0.8333333333333334,RW,0.0010235239166662116
open,RW,150,1500,0.04,0.05,0.0,,22,0.3,0.2,2.0,20,0,0.9947916666666666,0.9936437774122805,1.0,60.0,24.253333333333334,0.0,201.08083001116847,0.20680444444444446,,150,0.8633157874602394,0.323341761128858,0.2633157874602394,0.14253539889540934,0.7733333333333333,RW,0.0010323063333332054
open,RW,150,1500,0.04,0.05,0.0,,23,0.3,0.2,2.0,20,0,0.9986979166666666,0.9939521655701754,1.0,60.0,24.80666666666667,0.0,199.99368207912994,0.20938222222222222,,150,0.9152544717416834,0.32747961155480065,0.3152544717416834,0.22947751475593953,0.8266666666666667,RW,0.0010415729999998197
open,RW,150,1500,0.04,0.05,0.0,,24,0.3,0.2,2.0,20,0,0.9954427083333334,0.9938836348684212,1.0,60.0,24.233333333333334,0.0,199.6538280544878,0.2092711111111111,,150,0.9278238773818546,0.35348998977215296,0.32782387738185464,0.2067529451336111,0.7733333333333333,RW,0.0010436828333331505
open,RW,150,1500,0.04,0.05,0.0,,25,0.3,0.2,2.0,20,0,0.9934895833333334,0.9934039199561404,1.0,80.0,25.24,0.0,201.6855259907729,0.20727555555555555,,150,0.8957125513134698,0.33949969365940014,0.29571255131346974,0.14560542958944744,0.7666666666666667,RW,0.0010289640273331315
open,RW,150,1500,0.04,0.05,0.0,,26,0.3,0.2,2.0,20,0,0.9934895833333334,0.9938151041666667,1.0,60.0,24.6,0.0,201.3997710846823,0.20544444444444446,,150,0.9014772101336235,0.32347262115908376,0.3014772101336232,0.19624561648959843,0.7866666666666666,RW,0.0010413276393337583
open,RW,150,1500,0.04,0.05,0.0,,27,0.3,0.2,2.0,20,0,0.9973958333333334,0.9932839912280701,1.0,60.0,24.286666666666665,0.0,201.94704798888804,0.20397777777777779,,150,0.9198117695816405,0.33412796241507225,0.3198117695816404,0.19066478835295375,0.76,RW,0.0010375256946669347
open,RW,150,1500,0.04,0.05,0.0,,28,0.3,0.2,2.0,20,0,0.9954427083333334,0.9930783991228072,1.0,60.0,25.186666666666667,0.0,200.70319929275482,0.20751111111111112,,150,0.915769755314501,0.3628479712509513,0.3157697553145012,0.15284643309967982,0.7733333333333333,RW,0.001016774943999432
open,RW,150,1500,0.04,0.05,0.0,,29,0.3,0.2,2.0,20,0,0.9830729166666666,0.9936609100877192,1.0,60.0,24.833333333333332,0.0,200.4234985378089,0.20936444444444444,,150,0.943055905019523,0.40498503869772806,0.343055905019523,0.20370594042399487,0.6466666666666666,RW,0.0010166261113336078
open,RW,150,1500,0.06,0.05,0.0,,0,0.3,0.2,2.0,20,0,0.9993489583333334,0.9936609100877192,1.0,60.0,26.413333333333334,0.0,215.2535807628051,0.1831111111111111,,150,0.9360304872566985,0.3682035060496826,0.33603048725669854,0.2292184341261877,0.82,RW,0.0010576917219999207
open,RW,150,1500,0.06,0.05,0.0,,1,0.3,0.2,2.0,20,0,0.9967447916666666,0.9957682291666665,1.0,60.0,24.92,0.0,215.48702179544378,0.17986222222222223,,150,0.9381865079249235,0.3449082930521629,0.3381865079249235,0.21952425493770134,0.9,RW,0.0010194625833331277
open,RW,150,1500,0.06,0.05,0.0,,2,0.3,0.2,2.0,20,0,0.994140625,0.9933867872807018,1.0,60.0,25.406666666666666,0.0,214.4634936873369,0.18282222222222222,,150,0.971734691988108,0.3575859205690878,0.37173469198810805,0.23843581113073586,0.8866666666666667,RW,0.0010124032779992072
open,RW,150,1500,0.06,0.05,0.0,,4,0.3,0.2,2.0,20,0,0.99609375,0.9949801260964913,1.0,60.0,25.56,0.0,215.9739213989043,0.17817333333333332,,150,0.9296729115701733,0.37675638573449677,0.3296729115701736,0.20818588161847607,0.8733333333333333,RW,0.0010121126113335776
open,RW,150,1500,0.06,0.05,0.0,,3,0.3,0.2,2.0,20,0,0.994140625,0.9941577576754386,1.0,60.0,25.82,0.0,216.5887214155554,0.18160444444444446,,150,0.9793399898129219,0.33506445304550314,0.37933998981292194,0.3130613027580406,0.92,RW,0.0010288389446662526
open,RW,150,1500,0.06,0.05,0.0,,5,0.3,0.2,2.0,20,0,0.9934895833333334,0.9948087993421053,1.0,60.0,25.433333333333334,0.0,215.1925985305971,0.18184,,150,0.9595795153801887,0.37162971243203025,0.35957951538018873,0.2212633737377393,0.8466666666666667,RW,0.001027160083334214
open,RW,150,1500,0.06,0.05,0.0,,6,0.3,0.2,2.0,20,0,0.978515625,0.9938665021929826,1.0,60.0,26.066666666666666,0.0,214.3411843101382,0.18487111111111112,,150,0.9439514058972603,0.42696151812200084,0.3439514058972604,0.2178058357280424,0.9133333333333333,RW,0.0010413340559995655
open,RW,150,1500,0.06,0.05,0.0,,7,0.3,0.2,2.0,20,0,0.9973958333333334,0.9946203399122808,1.0,80.0,26.313333333333333,0.0,214.9211403629156,0.18452,,150,0.9298676376171306,0.3898716699659461,0.32986763761713045,0.1808485117628088,0.8333333333333334,RW,0.0010293609999995775
open,RW,150,1500,0.06,0.05,0.0,,8,0.3,0.2,2.0,20,0,0.9934895833333334,0.9930612664473686,1.0,60.0,25.8,0.0,214.74807002360382,0.18403111111111112,,150,0.9237978782573062,0.34389159117417445,0.3237978782573062,0.21593256269905958,0.8533333333333334,RW,0.0010385296106663494
open,RW,150,1500,0.06,0.05,0.0,,9,0.3,0.2,2.0,20,0,1.0,0.9957510964912281,1.0,60.0,26.186666666666667,0.0,216.37851137494852,0.17942222222222223,,150,0.9647548573956709,0.35301964183682655,0.36475485739567093,0.24274002716967147,0.8466666666666667,RW,0.001027079860666466
open,RW,150,1500,0.06,0.05,0.0,,10,0.3,0.2,2.0,20,0,0.994140625,0.9944661458333335,1.0,60.0,25.086666666666666,0.0,215.52211572250164,0.18158222222222223,,150,0.8953801588979167,0.3096171335498957,0.29538015889791663,0.1870838993780246,0.9,RW,0.001046925027333297
open,RW,150,1500,0.06,0.05,0.0,,11,0.3,0.2,2.0,20,0,0.9973958333333334,0.9948773300438598,1.0,60.0,25.726666666666667,0.0,214.8376922004425,0.1844177777777778,,150,0.9363713500942038,0.3548657784190709,0.33637135009420366,0.2130813874790325,0.84,RW,0.0010612809719993189
open,RW,150,1500,0.06,0.05,0.0,,13,0.3,0.2,2.0,20,0,0.9973958333333334,0.9955626370614036,1.0,60.0,25.7,0.0,215.52493807065605,0.1812622222222222,,150,0.9133963875267929,0.34017398979472163,0.31339638752679294,0.21118293441704566,0.8266666666666667,RW,0.0010372519726673394
open,RW,150,1500,0.06,0.05,0.0,,12,0.3,0.2,2.0,20,0,0.9876302083333334,0.9938493695175438,1.0,60.0,26.093333333333334,0.0,215.7844661513335,0.1801911111111111,,150,0.8989744380229244,0.3673775753205699,0.29897443802292456,0.16065597433162404,0.7733333333333333,RW,0.0010442247219992471
open,RW,150,1500,0.06,0.05,0.0,,14,0.3,0.2,2.0,20,0,0.9986979166666666,0.9939179002192979,1.0,60.0,26.24,0.0,213.93128691302493,0.1851511111111111,,150,0.8948242161469204,0.3195381516536723,0.29482421614692045,0.2079730574846006,0.8066666666666666,RW,0.001047006583333617
open,RW,150,1500,0.06,0.05,0.0,,15,0.3,0.2,2.0,20,0,0.9967447916666666,0.9935409813596493,1.0,60.0,26.0,0.0,215.42552909278223,0.1827911111111111,,150,0.9188710811263434,0.36804881520621546,0.3188710811263434,0.21070155159206727,0.7266666666666667,RW,0.0010411001939998339
open,RW,150,1500,0.06,0.05,0.0,,16,0.3,0.2,2.0,20,0,0.9967447916666666,0.9938322368421051,1.0,60.0,25.44,0.0,215.39933677129613,0.18134666666666666,,150,0.9275056714488058,0.3353718409799792,0.3275056714488057,0.19542510112943368,0.8666666666666667,RW,0.0010435898333331958
open,RW,150,1500,0.06,0.05,0.0,,17,0.3,0.2,2.0,20,0,0.9947916666666666,0.9952199835526314,1.0,60.0,25.433333333333334,0.0,215.35137701940778,0.18229333333333334,,150,0.9129753024943449,0.34110362506188985,0.31297530249434496,0.2234952820801872,0.82,RW,0.0010217051113334795
open,RW,150,1500,0.06,0.05,0.0,,18,0.3,0.2,2.0,20,0,0.9837239583333334,0.9956825657894737,1.0,60.0,25.433333333333334,0.0,214.88417956984196,0.18278666666666665,,150,0.8999978680945822,0.35033705350593114,0.2999978680945821,0.1783124016881632,0.8,RW,0.0010213835273340617
open,RW,150,1500,0.06,0.05,0.0,,19,0.3,0.2,2.0,20,0,0.9967447916666666,0.9944490131578946,1.0,60.0,25.793333333333333,0.0,214.81507170818665,0.18066222222222222,,150,0.9625613555516818,0.3759043222831423,0.3625613555516818,0.22861089639445858,0.8533333333333334,RW,0.001018919805332795
open,RW,150,1500,0.06,0.05,0.0,,20,0.3,0.2,2.0,20,0,0.9876302083333334,0.9953056469298246,1.0,60.0,25.453333333333333,0.0,216.66337354676767,0.18256,,150,0.9130308949955063,0.4079012350020227,0.31303089499550635,0.14552327754236472,0.76,RW,0.0010177486106658761
open,RW,150,1500,0.06,0.05,0.0,,21,0.3,0.2,2.0,20,0,0.9837239583333334,0.9935752467105263,1.0,60.0,25.46,0.0,214.95179857712964,0.18086666666666668,,150,0.8857249911080664,0.36869006469108284,0.28572499110806626,0.12149458389810663,0.8066666666666666,RW,0.00102285674999924
open,RW,150,1500,0.06,0.05,0.0,,22,0.3,0.2,2.0,20,0,0.994140625,0.9933696546052629,1.0,60.0,26.526666666666667,0.0,216.15296445942994,0.18325333333333332,,150,0.8789375404420192,0.3529842140989713,0.2789375404420193,0.17498727694123006,0.8333333333333334,RW,0.0010254293060000539
open,RW,150,1500,0.06,0.05,0.0,,23,0.3,0.2,2.0,20,0,0.990234375,0.995836759868421,1.0,60.0,26.066666666666666,0.0,215.38531257409434,0.1824,,150,0.9759130536009716,0.338579256232129,0.3759130536009718,0.33034273461522695,0.8533333333333334,RW,0.0010259616386671647
open,RW,150,1500,0.06,0.05,0.0,,24,0.3,0.2,2.0,20,0,0.9895833333333334,0.992615816885965,1.0,60.0,25.846666666666668,0.0,215.77252868252887,0.1793911111111111,,150,0.9184056217137997,0.3574202364378574,0.3184056217137997,0.20895208437335067,0.82,RW,0.0010300409166666214
open,RW,150,1500,0.06,0.05,0.0,,25,0.3,0.2,2.0,20,0,0.9947916666666666,0.9952028508771931,1.0,60.0,26.54,0.0,215.70099319977206,0.18177333333333334,,150,0.8788967954053981,0.332093762205807,0.278896795405398,0.17431512274704297,0.88,RW,0.001031527833334015
open,RW,150,1500,0.06,0.05,0.0,,26,0.3,0.2,2.0,20,0,1.0,0.9946888706140351,1.0,60.0,25.913333333333334,0.0,214.98827696686746,0.18258222222222223,,150,0.9216116988636341,0.3509008592219831,0.321611698863634,0.23033399654707432,0.8266666666666667,RW,0.0010433414720003686
open,RW,150,1500,0.06,0.05,0.0,,27,0.3,0.2,2.0,20,0,0.9934895833333334,0.9937979714912281,1.0,60.0,26.4,0.0,214.67499638483594,0.18351111111111112,,150,0.8540040211186956,0.3069602295534791,0.2540040211186957,0.15791855226018908,0.76,RW,0.0010250185280007524
open,RW,150,1500,0.06,0.05,0.0,,28,0.3,0.2,2.0,20,0,0.9967447916666666,0.9943290844298246,1.0,60.0,25.6,0.0,216.0221344386311,0.18025333333333332,,150,0.9083400743615079,0.3493842823729044,0.30834007436150773,0.165036443959316,0.8266666666666667,RW,0.0010281508053327948
open,RW,150,1500,0.06,0.05,0.0,,29,0.3,0.2,2.0,20,0,0.9954427083333334,0.9929584703947368,1.0,60.0,26.12,0.0,215.88067834773543,0.18038666666666667,,150,0.8896181133850531,0.31857527035623673,0.2896181133850533,0.20571909192378468,0.8,RW,0.001053676388666645
open,RW,150,1500,0.08,0.05,0.0,,1,0.3,0.2,2.0,20,0,0.998046875,0.9951685855263158,1.0,60.0,27.653333333333332,0.0,231.8142949565128,0.16147111111111112,,150,0.9379365081240633,0.34797556587729345,0.3379365081240632,0.21716568362963318,0.8733333333333333,RW,0.0010351016106663641
open,RW,150,1500,0.08,0.05,0.0,,0,0.3,0.2,2.0,20,0,0.9954427083333334,0.9946374725877194,1.0,60.0,28.086666666666666,0.0,230.69984449322249,0.16216444444444444,,150,0.9086672633100974,0.31956596700235584,0.3086672633100975,0.24416259694314923,0.8533333333333334,RW,0.001058534027998879
open,RW,150,1500,0.08,0.05,0.0,,2,0.3,0.2,2.0,20,0,0.9986979166666666,0.9945175438596491,1.0,60.0,27.926666666666666,0.0,232.63179316738712,0.15993333333333334,,150,0.9095370114105916,0.34528906142244126,0.3095370114105916,0.19624286143346675,0.7933333333333333,RW,0.0010570487219993083
open,RW,150,1500,0.08,0.05,0.0,,3,0.3,0.2,2.0,20,0,0.9895833333333334,0.9950486567982458,1.0,80.0,27.686666666666667,0.0,231.9719345032899,0.1615288888888889,,150,0.8534723468260343,0.3241369136814922,0.2534723468260344,0.162835296557565,0.8066666666666666,RW,0.001046461638667097
open,RW,150,1500,0.08,0.05,0.0,,4,0.3,0.2,2.0,20,0,0.9895833333333334,0.9929927357456141,1.0,60.0,27.9,0.0,231.11324570473906,0.16159555555555555,,150,0.9559992529021906,0.3784315013580482,0.35599925290219064,0.2302367190677202,0.8666666666666667,RW,0.0010509982499994901
open,RW,150,1500,0.08,0.05,0.0,,5,0.3,0.2,2.0,20,0,1.0,0.9953227796052634,1.0,60.0,27.96,0.0,231.11865102994742,0.16370666666666667,,150,0.9448840627551818,0.349614467891072,0.3448840627551817,0.24991506075333597,0.8066666666666666,RW,0.0010548994726656627
open,RW,150,1500,0.08,0.05,0.0,,6,0.3,0.2,2.0,20,0,0.990234375,0.9949629934210527,1.0,60.0,29.186666666666667,0.0,231.34525546171707,0.16156,,150,0.9358270152461716,0.35383333412444734,0.33582701524617165,0.21681282099346927,0.8533333333333334,RW,0.0010297530833328588
open,RW,150,1500,0.08,0.05,0.0,,7,0.3,0.2,2.0,20,0,0.9895833333333334,0.9942605537280703,1.0,60.0,28.926666666666666,0.0,231.8834823378763,0.1644488888888889,,150,0.9355885907558731,0.3660068898526637,0.3355885907558732,0.20640182749314762,0.76,RW,0.0010472407220004244
open,RW,150,1500,0.08,0.05,0.0,,8,0.3,0.2,2.0,20,0,0.9973958333333334,0.9929756030701754,1.0,60.0,27.666666666666668,0.0,230.14772657736026,0.1622977777777778,,150,0.8897404216349006,0.35041853793176553,0.2897404216349006,0.17752630483566073,0.82,RW,0.001039065027999944
open,RW,150,1500,0.08,0.05,0.0,,9,0.3,0.2,2.0,20,0,0.994140625,0.9945518092105263,1.0,60.0,27.80666666666667,0.0,231.31507893168188,0.16062222222222222,,150,0.9254072923098001,0.34007187847786935,0.32540729230980003,0.21387688231655827,0.8533333333333334,RW,0.0010388106113326406
open,RW,150,1500,0.08,0.05,0.0,,10,0.3,0.2,2.0,20,0,0.9993489583333334,0.9953399122807021,1.0,60.0,27.32,0.0,231.6318289005462,0.15869333333333333,,150,0.9487209779094741,0.33284640966302037,0.348720977909474,0.2803991655778276,0.9,RW,0.0010573492500006978
open,RW,150,1500,0.08,0.05,0.0,,11,0.3,0.2,2.0,20,0,0.9973958333333334,0.9955112390350878,1.0,80.0,29.19333333333333,0.0,230.7797263425045,0.1657511111111111,,150,0.912185833608352,0.31998282972521425,0.31218583360835217,0.22143239187601554,0.8466666666666667,RW,0.0010419831946674094
open,RW,150,1500,0.08,0.05,0.0,,12,0.3,0.2,2.0,20,0,0.99609375,0.9933353892543861,1.0,60.0,28.206666666666667,0.0,230.9125825809667,0.16536444444444445,,150,0.8962627828192941,0.36928691487266674,0.2962627828192941,0.1719650917971709,0.8,RW,0.0010567569166669273
open,RW,150,1500,0.08,0.05,0.0,,13,0.3,0.2,2.0,20,0,0.994140625,0.9940549616228069,1.0,60.0,28.786666666666665,0.0,230.43080815236456,0.1637288888888889,,150,0.9459046547835542,0.32801388597461345,0.34590465478355414,0.2538112164294296,0.9133333333333333,RW,0.0010387178893336872
open,RW,150,1500,0.08,0.05,0.0,,14,0.3,0.2,2.0,20,0,0.9889322916666666,0.9944661458333335,1.0,60.0,27.986666666666668,0.0,231.32826966280186,0.1620311111111111,,150,0.9495553271524848,0.3386105780989987,0.34955532715248483,0.2609388374106763,0.8666666666666667,RW,0.0010798131386666986
open,RW,150,1500,0.08,0.05,0.0,,15,0.3,0.2,2.0,20,0,0.990234375,0.9940892269736841,1.0,60.0,27.68,0.0,232.4941408399342,0.15734666666666666,,150,0.945848189681724,0.38077324985972616,0.3458481896817242,0.1750700985232433,0.86,RW,0.0010386930280001253
open,RW,150,1500,0.08,0.05,0.0,,16,0.3,0.2,2.0,20,0,0.9934895833333334,0.9931297971491225,1.0,80.0,28.42,0.0,230.6123522121437,0.1636488888888889,,150,0.9170996121393296,0.3798478170241047,0.31709961213932963,0.18154452235281693,0.7666666666666667,RW,0.001073296583334013
open,RW,150,1500,0.08,0.05,0.0,,17,0.3,0.2,2.0,20,0,0.9993489583333334,0.9952371162280703,1.0,60.0,28.173333333333332,0.0,232.67671751303885,0.16166222222222223,,150,0.9724721805085661,0.33874320719661055,0.3724721805085662,0.24705507013646344,0.9066666666666666,RW,0.0010496538886667016
open,RW,150,1500,0.08,0.05,0.0,,18,0.3,0.2,2.0,20,0,0.9889322916666666,0.9945004111842103,1.0,60.0,28.126666666666665,0.0,231.37691374925313,0.16140444444444443,,150,0.8930578737367519,0.31860850644974226,0.29305787373675174,0.19938471894049692,0.86,RW,0.0010490293893332516
open,RW,150,1500,0.08,0.05,0.0,,19,0.3,0.2,2.0,20,0,0.9934895833333334,0.9929927357456141,1.0,60.0,27.866666666666667,0.0,232.30078637258927,0.16175555555555557,,150,0.9121094271937561,0.3288862804979864,0.312109427193756,0.2074442009590335,0.8133333333333334,RW,0.0010476908053339382
open,RW,150,1500,0.08,0.05,0.0,,20,0.3,0.2,2.0,20,0,0.9934895833333334,0.9940378289473685,1.0,60.0,27.92,0.0,231.39895418812102,0.16126666666666667,,150,0.9428095379025262,0.33310913254278335,0.34280953790252605,0.22858319586370962,0.88,RW,0.001030264693999925
open,RW,150,1500,0.08,0.05,0.0,,21,0.3,0.2,2.0,20,0,0.9895833333333334,0.9954941063596493,1.0,80.0,27.666666666666668,0.0,230.91955913218544,0.16179555555555555,,150,0.9286233725933464,0.3260446202425493,0.32862337259334634,0.22418886120451842,0.8866666666666667,RW,0.0010429537219994623
open,RW,150,1500,0.08,0.05,0.0,,22,0.3,0.2,2.0,20,0,0.9934895833333334,0.9948430646929827,1.0,80.0,28.046666666666667,0.0,231.8032662323404,0.16369777777777778,,150,0.96777176702298,0.37045566935410607,0.3677717670229801,0.2366113904894977,0.9066666666666666,RW,0.0010438550273332416
open,RW,150,1500,0.08,0.05,0.0,,23,0.3,0.2,2.0,20,0,0.9954427083333334,0.9943290844298245,1.0,60.0,27.346666666666668,0.0,231.91097670986818,0.16131555555555555,,150,0.9915512429251455,0.34249048203724364,0.3915512429251455,0.28466556814533195,0.8933333333333333,RW,0.0010402178333327658
open,RW,150,1500,0.08,0.05,0.0,,24,0.3,0.2,2.0,20,0,0.9986979166666666,0.9939864309210524,1.0,60.0,28.82,0.0,231.08105003400124,0.1602977777777778,,150,0.9240021052067616,0.3651563080764004,0.3240021052067617,0.17725253543504882,0.9,RW,0.0010447732780000175
open,RW,150,1500,0.08,0.05,0.0,,25,0.3,0.2,2.0,20,0,0.9993489583333334,0.9942262883771931,1.0,60.0,28.113333333333333,0.0,231.38398808306897,0.16236444444444445,,150,0.9364436402546436,0.3106834814032536,0.33644364025464363,0.25856939465936635,0.8666666666666667,RW,0.0010338086386667176
open,RW,150,1500,0.08,0.05,0.0,,26,0.3,0.2,2.0,20,0,0.9700520833333334,0.9943804824561404,1.0,80.0,28.266666666666666,0.0,232.08781249304283,0.16097777777777778,,150,0.9318040621282466,0.39576307607472544,0.3318040621282469,0.2031859240331349,0.84,RW,0.0010297938053336112
open,RW,150,1500,0.08,0.05,0.0,,27,0.3,0.2,2.0,20,0,0.98046875,0.9944832785087719,1.0,80.0,28.38,0.0,231.265423419411,0.16164444444444445,,150,0.907122804060992,0.3576965854794486,0.307122804060992,0.18834828238267043,0.8066666666666666,RW,0.0010305253613332752
open,RW,150,1500,0.08,0.05,0.0,,28,0.3,0.2,2.0,20,0,0.9986979166666666,0.9954084429824562,1.0,80.0,27.446666666666665,0.0,232.26048897801005,0.15803555555555557,,150,0.9935000684086011,0.38047091696013463,0.39350006840860147,0.2578079485357627,0.88,RW,0.0010356111666672708
open,RW,150,1500,0.08,0.05,0.0,,29,0.3,0.2,2.0,20,0,0.9908854166666666,0.9939521655701754,1.0,60.0,27.913333333333334,0.0,231.7861992048056,0.15884444444444445,,150,0.903249830878638,0.2931276989508663,0.3032498308786378,0.20905773345719803,0.8933333333333333,RW,0.0010442956946668952
open,RW,150,1500,0.1,0.05,0.0,,0,0.3,0.2,2.0,20,0,0.9967447916666666,0.9955283717105265,1.0,80.0,31.02,0.0,248.2856973786752,0.14825777777777777,,150,0.9869303774837935,0.3038770216840095,0.3869303774837936,0.3242977881695812,0.9466666666666667,RW,0.001075613277333711
open,RW,150,1500,0.1,0.05,0.0,,1,0.3,0.2,2.0,20,0,1.0,0.994397615131579,1.0,60.0,31.5,0.0,247.21156056109666,0.14886222222222223,,150,0.9159027700550276,0.35189981391489994,0.31590277005502765,0.2047767486905262,0.8466666666666667,RW,0.0010730568333322784
open,RW,150,1500,0.1,0.05,0.0,,2,0.3,0.2,2.0,20,0,0.9934895833333334,0.9933696546052634,1.0,60.0,30.313333333333333,0.0,248.63433402289036,0.14625333333333335,,150,0.961659783457757,0.3064687677925813,0.36165978345775707,0.32637240922480465,0.8533333333333334,RW,0.0010862458886670842
open,RW,150,1500,0.1,0.05,0.0,,3,0.3,0.2,2.0,20,0,0.998046875,0.9940720942982455,1.0,80.0,30.84,0.0,249.11170913827368,0.14710222222222222,,150,0.9551667183862995,0.37541343201148075,0.3551667183862996,0.21288974416657314,0.92,RW,0.0010733276106657285
open,RW,150,1500,0.1,0.05,0.0,,4,0.3,0.2,2.0,20,0,0.998046875,0.9929584703947368,1.0,60.0,29.486666666666668,0.0,249.09537081309594,0.14528444444444444,,150,0.9664907895525026,0.36022981252592434,0.3664907895525026,0.2757606364084614,0.86,RW,0.0010509496946663906
open,RW,150,1500,0.1,0.05,0.0,,5,0.3,0.2,2.0,20,0,1.0,0.9939007675438598,1.0,60.0,31.586666666666666,0.0,247.93421101019112,0.14724,,150,1.0169523340100108,0.3539150597457579,0.41695233401001086,0.30546443145761315,0.9466666666666667,RW,0.001058962666666048
open,RW,150,1500,0.1,0.05,0.0,,6,0.3,0.2,2.0,20,0,0.9908854166666666,0.9946717379385966,1.0,80.0,30.346666666666668,0.0,248.74400475687298,0.14649333333333334,,150,0.9245788972120613,0.3348864404051421,0.3245788972120612,0.22831621415674025,0.7733333333333333,RW,0.0010520268893330165
open,RW,150,1500,0.1,0.05,0.0,,7,0.3,0.2,2.0,20,0,0.99609375,0.9956996984649124,1.0,60.0,30.66,0.0,249.41496542717388,0.14596,,150,0.9501190010062652,0.35371654812394,0.3501190010062652,0.2336700742370914,0.8533333333333334,RW,0.0010559481666665912
open,RW,150,1500,0.1,0.05,0.0,,8,0.3,0.2,2.0,20,0,0.9921875,0.9950829221491228,1.0,80.0,29.546666666666667,0.0,249.27453143366026,0.14377333333333334,,150,0.9281125512285154,0.32556549462821716,0.3281125512285155,0.21336981493181673,0.9066666666666666,RW,0.0010625321106672344
open,RW,150,1500,0.1,0.05,0.0,,9,0.3,0.2,2.0,20,0,0.9986979166666666,0.9952885142543861,1.0,60.0,30.0,0.0,248.5524670641534,0.1467688888888889,,150,0.9294775072570091,0.34271278228356505,0.32947750725700914,0.21804119512585862,0.84,RW,0.0010723784446672654
open,RW,150,1500,0.1,0.05,0.0,,10,0.3,0.2,2.0,20,0,0.9993489583333334,0.9949801260964913,1.0,60.0,30.846666666666668,0.0,249.66781570090592,0.14780888888888888,,150,0.9562443260805852,0.3220978045684837,0.3562443260805851,0.2960774539027756,0.9133333333333333,RW,0.001053896972000075
open,RW,150,1500,0.1,0.05,0.0,,11,0.3,0.2,2.0,20,0,0.990234375,0.9943462171052634,1.0,80.0,30.54,0.0,249.84371872859649,0.14386222222222222,,150,0.9916277816314539,0.34601144643570697,0.3916277816314539,0.3184096919916314,0.8133333333333334,RW,0.0010388695280004565
open,RW,150,1500,0.1,0.05,0.0,,12,0.3,0.2,2.0,20,0,0.9986979166666666,0.9935238486842105,1.0,60.0,31.073333333333334,0.0,247.31961256337152,0.15003555555555556,,150,0.9735345589265766,0.3123641023949884,0.3735345589265766,0.32727910937482996,0.9066666666666666,RW,0.0010451138886661889
open,RW,150,1500,0.1,0.05,0.0,,13,0.3,0.2,2.0,20,0,0.9967447916666666,0.9912109374999998,1.0,60.0,30.973333333333333,0.0,248.3953817877506,0.15012,,150,0.9661002847781989,0.35131437453293557,0.3661002847781989,0.24539607956705883,0.8866666666666667,RW,0.0010587741113328472
open,RW,150,1500,0.1,0.05,0.0,,14,0.3,0.2,2.0,20,0,0.9954427083333334,0.9936780427631579,1.0,80.0,30.68,0.0,250.52651875226888,0.14181333333333335,,150,0.899105723310314,0.3671769982813025,0.29910572331031404,0.17577510386484918,0.8266666666666667,RW,0.0010647118893333148
open,RW,150,1500,0.1,0.05,0.0,,15,0.3,0.2,2.0,20,0,0.9973958333333334,0.9950315241228072,1.0,60.0,30.766666666666666,0.0,249.2834523815379,0.14830222222222222,,150,0.9475649406480806,0.34185631939241384,0.3475649406480806,0.24305064518473413,0.86,RW,0.001054145111333734
open,RW,150,1500,0.1,0.05,0.0,,16,0.3,0.2,2.0,20,0,0.99609375,0.9940892269736842,1.0,60.0,31.04,0.0,249.03134533798845,0.14573333333333333,,150,0.9530992351417806,0.33791434550000526,0.3530992351417806,0.2477590501875398,0.8733333333333333,RW,0.0010556839166662637
open,RW,150,1500,0.1,0.05,0.0,,17,0.3,0.2,2.0,20,0,0.9954427083333334,0.9950657894736842,1.0,60.0,30.526666666666667,0.0,248.56943238504513,0.1479822222222222,,150,0.9656457256432772,0.36526993262913043,0.36564572564327724,0.24808165736417742,0.8733333333333333,RW,0.0010692236666667062
open,RW,150,1500,0.1,0.05,0.0,,18,0.3,0.2,2.0,20,0,0.9856770833333334,0.9932668585526315,1.0,60.0,29.706666666666667,0.0,248.99827893745888,0.14536444444444444,,150,0.9294498339584106,0.31504515089982266,0.32944983395841043,0.24468749292536612,0.8666666666666667,RW,0.0010884283053334608
open,RW,150,1500,0.1,0.05,0.0,,19,0.3,0.2,2.0,20,0,1.0,0.9949458607456139,1.0,80.0,30.013333333333332,0.0,248.47575545484548,0.14707555555555554,,150,0.9610127400612155,0.3563184061857595,0.3610127400612156,0.2582845388643749,0.8533333333333334,RW,0.0010886221666672404
open,RW,150,1500,0.1,0.05,0.0,,20,0.3,0.2,2.0,20,0,0.9817708333333334,0.9933353892543861,1.0,60.0,31.64666666666667,0.0,248.91519180459548,0.14943555555555554,,150,0.9419445840296669,0.32326047018942694,0.341944584029667,0.23481660461523224,0.92,RW,0.0010863506113334249
open,RW,150,1500,0.1,0.05,0.0,,21,0.3,0.2,2.0,20,0,0.9973958333333334,0.9954427083333333,1.0,60.0,30.54,0.0,249.41251140962186,0.14408,,150,0.9450147629356769,0.36724348055447925,0.3450147629356769,0.21798198717260037,0.8533333333333334,RW,0.0010626740553331426
open,RW,150,1500,0.1,0.05,0.0,,22,0.3,0.2,2.0,20,0,0.9915364583333334,0.9942605537280703,1.0,80.0,30.993333333333332,0.0,248.6828097612665,0.1472088888888889,,150,0.890778101881008,0.32219387105799996,0.29077810188100794,0.23120514498209888,0.8533333333333334,RW,0.0010719438333326252
open,RW,150,1500,0.1,0.05,0.0,,23,0.3,0.2,2.0,20,0,0.9921875,0.9944318804824562,1.0,80.0,31.893333333333334,0.0,248.93169886912156,0.14766666666666667,,150,0.9426551660826904,0.3492256070212035,0.34265516608269064,0.2379366430082686,0.8933333333333333,RW,0.001077823361333382
open,RW,150,1500,0.1,0.05,0.0,,24,0.3,0.2,2.0,20,0,0.9967447916666666,0.9935409813596491,1.0,80.0,30.19333333333333,0.0,248.45183638252075,0.14569333333333334,,150,0.9211472625977379,0.34137904071421227,0.3211472625977378,0.18917428996529612,0.7733333333333333,RW,0.0010583567499998026
open,RW,150,1500,0.1,0.05,0.0,,25,0.3,0.2,2.0,20,0,0.99609375,0.9949287280701754,1.0,60.0,30.186666666666667,0.0,249.31882253917294,0.14489333333333335,,150,0.9179726729666667,0.3451016520660299,0.31797267296666665,0.1898519886987009,0.8266666666666667,RW,0.0010547492220005855
open,RW,150,1500,0.1,0.05,0.0,,26,0.3,0.2,2.0,20,0,0.994140625,0.9945175438596489,1.0,80.0,30.753333333333334,0.0,249.62437012487374,0.14499555555555554,,150,0.9379103935685403,0.3376448884024468,0.3379103935685404,0.22393751990117233,0.92,RW,0.0010457072779997058
open,RW,150,1500,0.1,0.05,0.0,,27,0.3,0.2,2.0,20,0,0.9993489583333334,0.9928385416666667,1.0,60.0,31.04,0.0,249.05657078169529,0.1474888888888889,,150,0.9612056266821408,0.358569027052577,0.36120562668214073,0.24812198570125082,0.8266666666666667,RW,0.0010518868606668548
open,RW,150,1500,0.1,0.05,0.0,,28,0.3,0.2,2.0,20,0,0.998046875,0.9943462171052632,1.0,60.0,30.58,0.0,249.61180512868862,0.1462711111111111,,150,0.914019528922628,0.3257210293550704,0.31401952892262813,0.19509438160023734,0.84,RW,0.0010213744166661248
open,RW,150,1500,0.1,0.05,0.0,,29,0.3,0.2,2.0,20,0,0.9973958333333334,0.9944832785087719,1.0,60.0,31.06,0.0,247.45842994294838,0.14915555555555557,,150,0.9706086659311878,0.31970951946150933,0.3706086659311877,0.3121398276714454,0.9333333333333333,RW,0.0010585386946671254
open,RW,150,1500,0.12,0.05,0.0,,0,0.3,0.2,2.0,20,0,0.9973958333333334,0.9942948190789476,1.0,80.0,33.766666666666666,0.0,267.91086937371324,0.13433777777777778,,150,0.9424324864321161,0.3400308634988078,0.34243248643211593,0.240455790141471,0.8333333333333334,RW,0.0010742248333323612
open,RW,150,1500,0.12,0.05,0.0,,1,0.3,0.2,2.0,20,0,0.9947916666666666,0.9933525219298245,1.0,60.0,32.7,0.0,267.9679288114982,0.13456,,150,0.9478314527952169,0.32665759966295604,0.3478314527952169,0.2646496931234641,0.92,RW,0.0010894840833340518
open,RW,150,1500,0.12,0.05,0.0,,2,0.3,0.2,2.0,20,0,0.99609375,0.9939864309210527,1.0,80.0,32.95333333333333,0.0,268.92420687008564,0.13317333333333334,,150,0.9458448341974853,0.34941980215751217,0.3458448341974853,0.23492742273786693,0.88,RW,0.001102256666666411
open,RW,150,1500,0.12,0.05,0.0,,3,0.3,0.2,2.0,20,0,0.9967447916666666,0.9957168311403506,1.0,80.0,33.79333333333334,0.0,267.88295798639524,0.13669777777777778,,150,0.9152207145362858,0.2756624714387593,0.3152207145362858,0.22535449782049982,0.9333333333333333,RW,0.0010851083606673152
open,RW,150,1500,0.12,0.05,0.0,,4,0.3,0.2,2.0,20,0,0.9915364583333334,0.9946546052631579,1.0,80.0,32.913333333333334,0.0,268.6660855175324,0.13636,,150,0.9243643836190969,0.3252114033347701,0.32436438361909675,0.20834475782669537,0.86,RW,0.001092573027999606
open,RW,150,1500,0.12,0.05,0.0,,5,0.3,0.2,2.0,20,0,0.9895833333333334,0.9939179002192983,1.0,80.0,33.873333333333335,0.0,266.4347267805797,0.13961333333333334,,150,0.9292952950689221,0.3105402324873951,0.3292952950689222,0.24593438474881668,0.88,RW,0.0010759315553332271
open,RW,150,1500,0.12,0.05,0.0,,6,0.3,0.2,2.0,20,0,0.9915364583333334,0.9942262883771928,1.0,60.0,33.36666666666667,0.0,267.2468797150626,0.13792888888888888,,150,0.9673478594858902,0.35765607136876926,0.36734785948589027,0.25629432170888355,0.8666666666666667,RW,0.001090521777333682
open,RW,150,1500,0.12,0.05,0.0,,7,0.3,0.2,2.0,20,0,0.9973958333333334,0.9938322368421053,1.0,60.0,33.42666666666667,0.0,269.0193779831668,0.13483555555555554,,150,0.8691269036028814,0.3131812121462208,0.2691269036028816,0.1653395280890163,0.8066666666666666,RW,0.001080995916666628
open,RW,150,1500,0.12,0.05,0.0,,8,0.3,0.2,2.0,20,0,0.9973958333333334,0.9963850054824562,1.0,80.0,32.52,0.0,269.00662448356195,0.13176,,150,0.9201403558915422,0.3228836022791362,0.3201403558915425,0.23274893604783703,0.92,RW,0.0010859818613328874
open,RW,150,1500,0.12,0.05,0.0,,9,0.3,0.2,2.0,20,0,0.9973958333333334,0.9932668585526317,1.0,80.0,33.36666666666667,0.0,268.7223974984107,0.13565777777777777,,150,0.9727321914266535,0.33859268690673816,0.3727321914266535,0.27760700968417434,0.8733333333333333,RW,0.0010985221106663326
open,RW,150,1500,0.12,0.05,0.0,,10,0.3,0.2,2.0,20,0,0.9947916666666666,0.9933867872807017,1.0,60.0,32.08,0.0,268.06964693164184,0.13395555555555555,,150,0.9804680974917501,0.3621992025881016,0.38046809749175,0.24993099914807437,0.92,RW,0.00107437413866622
open,RW,150,1500,0.12,0.05,0.0,,11,0.3,0.2,2.0,20,0,0.994140625,0.9939521655701754,1.0,60.0,32.94,0.0,268.57673948602894,0.13341777777777777,,150,0.9376053010103266,0.40754598575767564,0.3376053010103266,0.22999548092132627,0.8666666666666667,RW,0.0010810334999999517
open,RW,150,1500,0.12,0.05,0.0,,12,0.3,0.2,2.0,20,0,0.9986979166666666,0.9948944627192982,1.0,60.0,33.06,0.0,268.92575376161477,0.13435111111111112,,150,0.9233274518126439,0.33892629178919914,0.32332745181264405,0.20556283975085488,0.8666666666666667,RW,0.0010542481666670938
open,RW,150,1500,0.12,0.05,0.0,,13,0.3,0.2,2.0,20,0,0.9915364583333334,0.9953227796052634,1.0,60.0,32.82666666666667,0.0,267.314941202524,0.13426222222222223,,150,0.9329323069046643,0.2921387544879273,0.3329323069046644,0.2462271294756393,0.9066666666666666,RW,0.0010805527779994008
open,RW,150,1500,0.12,0.05,0.0,,14,0.3,0.2,2.0,20,0,0.9973958333333334,0.9947574013157895,1.0,80.0,32.946666666666665,0.0,269.71024256144494,0.1333111111111111,,150,0.9720201946714102,0.3748679342092359,0.37202019467141023,0.2596501015147954,0.86,RW,0.0010556187499993635
open,RW,150,1500,0.12,0.05,0.0,,15,0.3,0.2,2.0,20,0,0.986328125,0.9912794682017543,1.0,80.0,33.29333333333334,0.0,267.8942795692903,0.13677777777777778,,150,0.9327112923491903,0.34354657853443626,0.33271129234919006,0.20293763696617217,0.86,RW,0.0010742125553333608
open,RW,150,1500,0.12,0.05,0.0,,16,0.3,0.2,2.0,20,0,0.994140625,0.9923759594298246,1.0,80.0,33.28,0.0,268.7886108606032,0.13653333333333334,,150,0.9831312071003443,0.31107858726083004,0.3831312071003444,0.3501107314121038,0.9066666666666666,RW,0.0010673097219999665
open,RW,150,1500,0.12,0.05,0.0,,17,0.3,0.2,2.0,20,0,0.9986979166666666,0.9938151041666665,1.0,60.0,32.50666666666667,0.0,268.3809382407617,0.13428444444444446,,150,0.9538802194557778,0.35269694640900706,0.353880219455778,0.23768847794870973,0.88,RW,0.0010828523333342066
open,RW,150,1500,0.12,0.05,0.0,,18,0.3,0.2,2.0,20,0,0.9928385416666666,0.9940378289473683,1.0,60.0,32.82,0.0,268.29621907179586,0.13217333333333334,,150,0.968247878153771,0.3502311111832916,0.36824787815377086,0.25932028027830983,0.8733333333333333,RW,0.0010822116939998522
open,RW,150,1500,0.12,0.05,0.0,,19,0.3,0.2,2.0,20,0,0.9889322916666666,0.9927357456140351,1.0,80.0,33.22666666666667,0.0,268.6450973140013,0.1362,,150,0.9398126814999699,0.29673038065902857,0.3398126814999699,0.28453297269649475,0.8733333333333333,RW,0.0011130620273324893
open,RW,150,1500,0.12,0.05,0.0,,20,0.3,0.2,2.0,20,0,0.99609375,0.9937294407894737,1.0,60.0,33.03333333333333,0.0,268.38821152543443,0.13560444444444444,,150,0.9649915610404228,0.32471615629712886,0.3649915610404228,0.2728752805517761,0.8266666666666667,RW,0.0011450396946675028
open,RW,150,1500,0.12,0.05,0.0,,21,0.3,0.2,2.0,20,0,0.9798177083333334,0.9928385416666665,1.0,60.0,33.766666666666666,0.0,267.1238342043699,0.1383288888888889,,150,0.9132847827084201,0.36153752261995603,0.3132847827084202,0.21546473658946858,0.86,RW,0.0011331315833328214
open,RW,150,1500,0.12,0.05,0.0,,22,0.3,0.2,2.0,20,0,0.9993489583333334,0.9923759594298246,1.0,80.0,33.46,0.0,267.7854475171825,0.13554222222222223,,150,0.9558169314849533,0.31620800159452683,0.3558169314849534,0.24134302018617482,0.9,RW,0.001123708555999959
open,RW,150,1500,0.12,0.05,0.0,,23,0.3,0.2,2.0,20,0,0.9876302083333334,0.9925644188596493,1.0,80.0,33.24666666666667,0.0,267.80030462593527,0.1362488888888889,,150,0.9230336475200118,0.33639884846687357,0.32303364752001185,0.24541191778491295,0.8266666666666667,RW,0.0011233891666670387
open,RW,150,1500,0.12,0.05,0.0,,24,0.3,0.2,2.0,20,0,0.9986979166666666,0.9932497258771931,1.0,80.0,33.12,0.0,268.4886008579228,0.13523555555555555,,150,0.9365442130094687,0.2960445236393673,0.33654421300946846,0.2878560626434905,0.8933333333333333,RW,0.0010948250833328834
open,RW,150,1500,0.12,0.05,0.0,,25,0.3,0.2,2.0,20,0,0.9889322916666666,0.9932325932017543,1.0,60.0,33.03333333333333,0.0,269.3369780373843,0.13484888888888888,,150,0.9220316973585365,0.3346014603668747,0.3220316973585367,0.25448794326646246,0.8133333333333334,RW,0.0010757710560004247
open,RW,150,1500,0.12,0.05,0.0,,26,0.3,0.2,2.0,20,0,0.9908854166666666,0.9939692982456139,1.0,60.0,33.153333333333336,0.0,267.76428672367325,0.13553777777777778,,150,0.9306373575633949,0.3290494307285651,0.3306373575633951,0.24999482592714622,0.8933333333333333,RW,0.0009556703333328187
open,RW,150,1500,0.12,0.05,0.0,,27,0.3,0.2,2.0,20,0,1.0,0.9944147478070177,1.0,60.0,33.06666666666667,0.0,267.37620422677094,0.13656,,150,0.9472592319310801,0.35319107743412004,0.3472592319310802,0.23052968352619824,0.9,RW,0.0009088773606672476
open,RW,150,1500,0.12,0.05,0.0,,28,0.3,0.2,2.0,20,0,0.994140625,0.9931640625,1.0,60.0,33.0,0.0,268.35483059399223,0.1333777777777778,,150,0.9412822508188344,0.31395336664644297,0.34128225081883434,0.2629200660171349,0.9066666666666666,RW,0.0008630556666660899
open,RW,150,1500,0.12,0.05,0.0,,29,0.3,0.2,2.0,20,0,0.9993489583333334,0.9953399122807018,1.0,60.0,32.32,0.0,268.5363316929936,0.13308,,150,0.9599833148920395,0.34372069790392257,0.35998331489203933,0.24387271670250454,0.8933333333333333,RW,0.0008226153886668423
