plan,controller,n_agents,steps,sway,sensor_noise,fail_frac,fail_step,seed,radius,vmax,cover_r,series_every,record_every,coverage,coverage_mean_2nd_half,explored,t90,collisions_per_agent,wall_hits_per_agent,path_per_agent,contact_frac,post_over_pre_fail,n_final,nn_mean,evenness_cv,gap_mean,gap_median,shyness,variant,sec_per_step
office,RW,60,800,0.02,0.05,0.0,,0,0.3,0.2,2.0,20,0,0.5110677083333334,0.4812825520833333,0.869140625,200.0,9.466666666666667,0.5666666666666667,63.263959282243924,0.20460416666666667,,60,1.153313686989004,0.7957354172204143,0.553313686989004,0.23605097905522926,0.9,RW,0.0010168178124990844
office,RW,60,800,0.02,0.05,0.0,,2,0.3,0.2,2.0,20,0,0.5110677083333334,0.5184244791666666,0.875,480.0,9.15,0.6333333333333333,65.5672994471573,0.20189583333333333,,60,1.2693161590150333,0.9166538787263231,0.669316159015033,0.2312708096409839,0.8666666666666667,RW,0.000978187708749374
office,RW,60,800,0.02,0.05,0.2,,0,0.3,0.2,2.0,20,0,0.4967447916666667,0.4774088541666667,0.8203125,120.0,8.333333333333334,0.5666666666666667,59.63838081483085,0.17825,1.085348506401138,53,1.2580056803956774,0.8963783147765585,0.6580056803956778,0.28616200700675254,0.9245283018867925,RW,0.0010077237500013326
office,RW,60,800,0.02,0.05,0.0,,1,0.3,0.2,2.0,20,0,0.5358072916666666,0.5173502604166667,0.8815104166666666,420.0,8.016666666666667,0.8333333333333334,62.87030478155025,0.19477083333333334,,60,1.222866856066045,0.9459984384393999,0.6228668560660451,0.286604547506966,0.9,RW,0.0010076784887496615
office,RW,60,800,0.02,0.05,0.2,,1,0.3,0.2,2.0,20,0,0.4876302083333333,0.4480143229166667,0.8313802083333334,180.0,7.8,0.6833333333333333,59.700603562380266,0.18420833333333334,1.0534458509142053,52,1.232432869312107,0.7283862626356508,0.6324328693121066,0.34999788304089213,0.8461538461538461,RW,0.001005028750000747
office,RW,60,800,0.02,0.05,0.2,,2,0.3,0.2,2.0,20,0,0.5162760416666666,0.4931315104166667,0.9479166666666666,120.0,8.5,0.5833333333333334,60.86267749104388,0.1771875,1.1328571428571428,50,1.577457769259213,0.9544206337541604,0.977457769259213,0.35835352093973416,0.78,RW,0.001006203437500517
office,RW,60,800,0.02,0.05,0.2,,3,0.3,0.2,2.0,20,0,0.5247395833333334,0.5049153645833334,0.9622395833333334,240.0,6.716666666666667,0.6333333333333333,56.01180815022081,0.17458333333333334,1.0508474576271187,48,1.4959948869375364,0.8315549021945505,0.8959948869375364,0.425219173408964,0.8958333333333334,RW,0.0010236151562503437
office,RW,60,800,0.02,0.05,0.0,,3,0.3,0.2,2.0,20,0,0.5716145833333334,0.5227213541666667,0.888671875,300.0,8.35,0.6666666666666666,62.76315418647247,0.19877083333333334,,60,1.2525203700597258,0.8068719731404081,0.6525203700597256,0.40123520719063765,0.8666666666666667,RW,0.001050775677499587
office,RW,60,800,0.02,0.05,0.0,,4,0.3,0.2,2.0,20,0,0.4889322916666667,0.49690755208333337,0.7799479166666666,440.0,9.0,0.7166666666666667,65.35753499668432,0.20295833333333332,,60,1.0719192948556762,0.6752067143602245,0.4719192948556762,0.13627246821116235,0.8333333333333334,RW,0.0010368724475006274
office,RW,60,800,0.02,0.05,0.2,,4,0.3,0.2,2.0,20,0,0.4993489583333333,0.46298828125,0.8365885416666666,160.0,6.866666666666666,0.45,54.68380446653658,0.15554166666666666,1.1482035928143712,45,1.5142408501328055,0.7482623127624096,0.9142408501328059,0.49934860292330285,0.9111111111111111,RW,0.0005921207812502871
office,RW,60,800,0.02,0.05,0.2,,5,0.3,0.2,2.0,20,0,0.4694010416666667,0.4704427083333333,0.7747395833333334,280.0,7.666666666666667,0.36666666666666664,57.597742823467485,0.1663125,0.9796195652173914,48,1.3316447150845656,0.6901141410941788,0.7316447150845656,0.4004727206825835,1.0,RW,0.0005820406250018096
office,RW,60,800,0.02,0.05,0.2,,6,0.3,0.2,2.0,20,0,0.5110677083333334,0.4918294270833333,0.8561197916666666,260.0,7.1,0.55,58.31939681785121,0.16608333333333333,1.0480640854472631,48,1.3582535378974272,0.8675172251722385,0.7582535378974272,0.3100108233029516,0.9166666666666666,RW,0.0005623007812505421
office,RW,60,800,0.02,0.05,0.0,,5,0.3,0.2,2.0,20,0,0.5514322916666666,0.52685546875,0.8450520833333334,500.0,8.733333333333333,0.48333333333333334,64.09431599031187,0.19052083333333333,,60,1.1778626465578357,0.6427546422959869,0.5778626465578356,0.2580712123847276,0.9333333333333333,RW,0.0006039070312499462
office,RW,60,800,0.02,0.05,0.0,,6,0.3,0.2,2.0,20,0,0.552734375,0.53388671875,0.9388020833333334,480.0,8.366666666666667,0.5666666666666667,64.3698880894809,0.19204166666666667,,60,1.3911808534893797,0.8909364665716853,0.7911808534893796,0.3462045642972473,0.9666666666666667,RW,0.0006142662499996731
office,RW,60,800,0.02,0.05,0.0,,7,0.3,0.2,2.0,20,0,0.4889322916666667,0.4820638020833333,0.923828125,460.0,10.2,0.6333333333333333,66.23868112708077,0.21397916666666666,,60,1.304684837200732,0.8371866280220166,0.7046848372007317,0.26570781921049713,0.9333333333333333,RW,0.0006223840099983135
office,RW,60,800,0.02,0.05,0.2,,8,0.3,0.2,2.0,20,0,0.53515625,0.5084960937499999,0.8880208333333334,260.0,7.5,0.65,58.11318401758823,0.16335416666666666,1.0326633165829147,50,1.5164327711152945,0.796694949132745,0.9164327711152945,0.4259562708468712,0.96,RW,0.0005690927612499764
office,RW,60,800,0.02,0.05,0.2,,7,0.3,0.2,2.0,20,0,0.50390625,0.4626627604166667,0.927734375,120.0,8.2,0.5333333333333333,56.87864487091054,0.1685625,1.1517857142857142,45,1.5138319826310664,0.7538974547981965,0.913831982631066,0.6704010818477829,1.0,RW,0.0005859659899988401
office,RW,60,800,0.02,0.05,0.0,,8,0.3,0.2,2.0,20,0,0.5364583333333334,0.5111002604166667,0.8932291666666666,380.0,9.416666666666666,0.5666666666666667,62.539060250070754,0.1981875,,60,1.2320146044529325,0.7489581709080855,0.632014604452932,0.3106822303753509,0.8333333333333334,RW,0.0006219853125003283
office,RW,60,800,0.02,0.05,0.2,,10,0.3,0.2,2.0,20,0,0.5305989583333334,0.5054687500000001,0.9088541666666666,180.0,7.833333333333333,0.5166666666666667,59.215713550061736,0.1833125,1.083776595744681,51,1.3228962187146158,0.7702615665709173,0.7228962187146156,0.360096120114641,0.9215686274509803,RW,0.0005617386974995498
office,RW,60,800,0.02,0.05,0.2,,9,0.3,0.2,2.0,20,0,0.5143229166666666,0.5047200520833333,0.833984375,320.0,8.0,0.5166666666666667,58.83485287686049,0.17029166666666667,0.994962216624685,51,1.5751814457360593,0.8273660162433023,0.9751814457360592,0.39311190590584,0.8431372549019608,RW,0.0005837634374984191
office,RW,60,800,0.02,0.05,0.0,,9,0.3,0.2,2.0,20,0,0.525390625,0.5466145833333333,0.8404947916666666,480.0,8.583333333333334,0.7166666666666667,65.28953291152563,0.1923125,,60,1.2257867673218708,0.8381667307121443,0.6257867673218708,0.25980621006963267,0.9333333333333333,RW,0.0006080866662500739
office,RW,60,800,0.02,0.05,0.0,,10,0.3,0.2,2.0,20,0,0.576171875,0.5311197916666667,0.8795572916666666,480.0,8.45,0.6,62.65913841887156,0.20133333333333334,,60,1.2056117478716042,0.6426346359188871,0.6056117478716045,0.28387322299142176,0.8666666666666667,RW,0.000596682187499482
office,RW,60,800,0.02,0.05,0.2,,11,0.3,0.2,2.0,20,0,0.47265625,0.4456380208333333,0.7858072916666666,160.0,7.483333333333333,0.4666666666666667,55.83810194076001,0.15779166666666666,0.93196405648267,44,1.468071048514677,0.8062379928086292,0.8680710485146772,0.5015463987915739,0.8181818181818182,RW,0.000567595156248899
office,RW,60,800,0.02,0.05,0.0,,11,0.3,0.2,2.0,20,0,0.546875,0.53544921875,0.890625,420.0,8.65,0.6,64.9464982834608,0.19020833333333334,,60,1.2043596136189214,0.8088585823661419,0.6043596136189215,0.2617924467045109,0.9333333333333333,RW,0.0006148286450002161
office,RW,60,800,0.02,0.05,0.2,,12,0.3,0.2,2.0,20,0,0.521484375,0.5152994791666667,0.8541666666666666,120.0,6.95,0.5833333333333334,58.891751644200376,0.16497916666666668,1.0229885057471264,50,1.452096156052615,0.8316117017300416,0.8520961560526155,0.3932330283258525,0.96,RW,0.000584709478748664
office,RW,60,800,0.02,0.05,0.0,,12,0.3,0.2,2.0,20,0,0.55078125,0.54345703125,0.94921875,440.0,8.066666666666666,0.55,63.955175352990025,0.19091666666666668,,60,1.1561356960985754,0.6119666397588555,0.556135696098575,0.2946889472606502,0.85,RW,0.0006238418750012897
office,RW,60,800,0.02,0.05,0.0,,13,0.3,0.2,2.0,20,0,0.642578125,0.5836263020833334,0.94140625,540.0,8.166666666666666,0.5666666666666667,64.46474670738868,0.18760416666666666,,60,1.431182604231821,0.784811565395288,0.8311826042318209,0.4288084030468534,0.9333333333333333,RW,0.0006043564062497353
office,RW,60,800,0.02,0.05,0.2,,13,0.3,0.2,2.0,20,0,0.4557291666666667,0.4456705729166666,0.8776041666666666,360.0,6.966666666666667,0.38333333333333336,54.36699793817074,0.1581875,0.8838383838383839,42,1.2045745936523928,0.7550472540832694,0.6045745936523929,0.2584161602319227,0.8095238095238095,RW,0.0005658729687502273
office,RW,60,800,0.02,0.05,0.0,,14,0.3,0.2,2.0,20,0,0.5729166666666666,0.5291341145833333,0.865234375,560.0,8.55,0.5166666666666667,64.13211847619945,0.19697916666666668,,60,1.1162376758072843,0.6080898309194731,0.5162376758072842,0.27590631013551864,0.8833333333333333,RW,0.0006212888549998752
office,RW,60,800,0.02,0.05,0.0,,15,0.3,0.2,2.0,20,0,0.580078125,0.5495442708333333,0.884765625,500.0,8.35,0.43333333333333335,63.00221140067972,0.19333333333333333,,60,1.28888113852697,0.7365894218777522,0.6888811385269702,0.28521936548907323,0.85,RW,0.0006099836974999562
office,RW,60,800,0.02,0.05,0.2,,14,0.3,0.2,2.0,20,0,0.5397135416666666,0.5005859375,0.8860677083333334,260.0,7.916666666666667,0.48333333333333334,58.74010790638585,0.18164583333333334,1.143448275862069,52,1.384522760942865,0.6820920650544533,0.7845227609428652,0.4745300574513177,1.0,RW,0.00062373619750133
office,RW,60,800,0.02,0.05,0.2,,16,0.3,0.2,2.0,20,0,0.5104166666666666,0.4869140624999999,0.8541666666666666,360.0,6.266666666666667,0.5166666666666667,54.11855321808312,0.14629166666666665,0.8949771689497716,43,1.3253984078257008,0.5624442739375941,0.7253984078257006,0.443292192383567,0.9534883720930233,RW,0.0005649579162513873
office,RW,60,800,0.02,0.05,0.2,,15,0.3,0.2,2.0,20,0,0.5188802083333334,0.5108723958333333,0.9537760416666666,260.0,7.033333333333333,0.55,56.09803831952008,0.16714583333333333,1.0025157232704403,49,1.2161100024179197,0.7316451968129231,0.6161100024179197,0.3071510559862105,0.8775510204081632,RW,0.0005983600525019028
office,RW,60,800,0.02,0.05,0.0,,16,0.3,0.2,2.0,20,0,0.55078125,0.5679361979166667,0.8665364583333334,400.0,7.433333333333334,0.55,64.09141048174416,0.1765625,,60,1.2087508942111216,0.8707722570138704,0.6087508942111216,0.2420280364595917,0.9,RW,0.0006210520312515655
office,RW,60,800,0.02,0.05,0.0,,17,0.3,0.2,2.0,20,0,0.580078125,0.5681315104166667,0.9088541666666666,420.0,7.616666666666666,0.7333333333333333,63.225971643526265,0.19391666666666665,,60,1.3317573923226447,0.6494073232535015,0.7317573923226447,0.44245256831214996,0.9166666666666666,RW,0.0006203785412481011
office,RW,60,800,0.02,0.05,0.2,,17,0.3,0.2,2.0,20,0,0.509765625,0.4978190104166666,0.9446614583333334,220.0,6.683333333333334,0.5666666666666667,55.17300723926324,0.17045833333333332,0.9388489208633094,46,1.5218532377070861,0.8716517136722296,0.9218532377070862,0.364028996978699,0.9565217391304348,RW,0.0006214991675005877
office,RW,60,800,0.02,0.05,0.0,,18,0.3,0.2,2.0,20,0,0.4967447916666667,0.4575846354166667,0.7513020833333334,440.0,9.716666666666667,0.8333333333333334,66.28081408252002,0.221125,,60,1.2920937114734612,1.0133602188111261,0.6920937114734612,0.30575043112147166,0.8333333333333334,RW,0.0006168849487494299
office,RW,60,800,0.02,0.05,0.2,,18,0.3,0.2,2.0,20,0,0.390625,0.3901041666666667,0.6842447916666666,260.0,8.5,0.7333333333333333,58.41295379255614,0.1873125,0.8708272859216256,47,1.4928704319533241,1.0452419856565365,0.8928704319533239,0.2575837286548005,0.9574468085106383,RW,0.0005860882812498858
office,RW,60,800,0.02,0.05,0.2,,19,0.3,0.2,2.0,20,0,0.4993489583333333,0.4953125,0.869140625,180.0,7.266666666666667,0.5666666666666667,58.17427274091943,0.16504166666666667,0.9783163265306123,50,1.3242749707493688,0.8345096508189196,0.7242749707493692,0.45846106792797814,0.84,RW,0.0005884110937495279
office,RW,60,800,0.02,0.05,0.0,,19,0.3,0.2,2.0,20,0,0.5423177083333334,0.5237955729166666,0.841796875,580.0,8.1,0.48333333333333334,63.161917967047685,0.19522916666666668,,60,1.298978163786388,0.8434933611075597,0.6989781637863879,0.3036138799855592,0.8666666666666667,RW,0.000608049635000043
office,RW,60,800,0.02,0.05,0.2,,20,0.3,0.2,2.0,20,0,0.482421875,0.4569986979166666,0.9212239583333334,180.0,8.383333333333333,0.4166666666666667,56.34881825960618,0.169,1.0677233429394812,44,1.518696979287409,0.9398720760309358,0.9186969792874092,0.2657839097834013,0.8636363636363636,RW,0.0005765636462501789
office,RW,60,800,0.02,0.05,0.0,,20,0.3,0.2,2.0,20,0,0.568359375,0.5208984375,0.9817708333333334,560.0,9.616666666666667,0.4666666666666667,64.46545561191932,0.20510416666666667,,60,1.12654565506525,0.5998357608078569,0.52654565506525,0.3476446817844187,0.9333333333333333,RW,0.0006237029687508766
office,RW,60,800,0.02,0.05,0.0,,21,0.3,0.2,2.0,20,0,0.568359375,0.5275390624999999,0.9166666666666666,480.0,8.666666666666666,0.6333333333333333,64.61437325610652,0.1986875,,60,1.287445391339855,0.8346812693362007,0.6874453913398549,0.29754111625005686,0.9,RW,0.000619671509998625
office,RW,60,800,0.02,0.05,0.2,,21,0.3,0.2,2.0,20,0,0.5123697916666666,0.5033203125,0.9036458333333334,180.0,7.716666666666667,0.5,57.60921455106216,0.17166666666666666,1.108450704225352,51,1.5108746905684811,0.8707433182642981,0.9108746905684807,0.6293053298016854,0.9607843137254902,RW,0.0005878151562501443
office,RW,60,800,0.02,0.05,0.0,,22,0.3,0.2,2.0,20,0,0.568359375,0.546875,0.869140625,520.0,8.5,0.6,65.25401449551237,0.19379166666666667,,60,1.2665453070290629,0.5695014501768471,0.6665453070290627,0.4061753199496524,0.8833333333333333,RW,0.0006135674999995899
office,RW,60,800,0.02,0.05,0.2,,22,0.3,0.2,2.0,20,0,0.4811197916666667,0.45263671875,0.892578125,180.0,6.533333333333333,0.6333333333333333,56.53372970385117,0.165875,0.9134734239802225,46,1.5398784560843268,0.9261752670281097,0.9398784560843272,0.3126738801733452,0.9565217391304348,RW,0.0005916988549984125
office,RW,60,800,0.02,0.05,0.2,,23,0.3,0.2,2.0,20,0,0.564453125,0.4849934895833333,0.9108072916666666,200.0,7.45,0.4666666666666667,56.98466017509758,0.17189583333333333,1.1245136186770428,49,1.737578793710096,0.7465142951680853,1.1375787937100963,0.7162594461907305,0.8775510204081632,RW,0.0006038408850008636
office,RW,60,800,0.02,0.05,0.2,,24,0.3,0.2,2.0,20,0,0.4361979166666667,0.4055338541666667,0.8404947916666666,260.0,8.633333333333333,0.6333333333333333,58.757985886544695,0.1816875,0.8885941644562334,47,1.3256070828599007,0.8173456701279664,0.7256070828599008,0.33425933250004025,0.8723404255319149,RW,0.0006042223437498251
office,RW,60,800,0.02,0.05,0.0,,23,0.3,0.2,2.0,20,0,0.552734375,0.5337890625,0.9615885416666666,460.0,9.016666666666667,0.5333333333333333,63.573870198134834,0.2010625,,60,1.246076845586175,0.7468193007006011,0.6460768455861751,0.2859531793461657,0.75,RW,0.0006437711975013371
office,RW,60,800,0.02,0.05,0.0,,24,0.3,0.2,2.0,20,0,0.5345052083333334,0.5013346354166667,0.9348958333333334,400.0,8.9,0.7166666666666667,65.27423085379493,0.207125,,60,1.2409848199553,0.6138512909922668,0.6409848199553002,0.3164042506399489,0.8666666666666667,RW,0.000635491927498606
office,RW,60,800,0.02,0.05,0.0,,25,0.3,0.2,2.0,20,0,0.5416666666666666,0.5312174479166665,0.8502604166666666,440.0,8.183333333333334,0.6,65.76993318091623,0.18497916666666667,,60,1.218067625025994,0.8390174850584887,0.618067625025994,0.25815295068719224,0.8333333333333334,RW,0.0006119554687484197
office,RW,60,800,0.02,0.05,0.2,,25,0.3,0.2,2.0,20,0,0.482421875,0.4693684895833334,0.8391927083333334,120.0,6.366666666666666,0.5,55.11110146396899,0.14960416666666668,0.9788639365918097,44,1.0632217566109838,0.3933150849598409,0.4632217566109839,0.35860135696184237,0.8636363636363636,RW,0.0005817592187509035
office,RW,60,800,0.02,0.05,0.2,,26,0.3,0.2,2.0,20,0,0.455078125,0.4097330729166666,0.861328125,220.0,6.916666666666667,0.6333333333333333,54.69671542657712,0.16627083333333334,0.9641379310344828,44,1.5396223381322314,0.8563300572498114,0.9396223381322311,0.3547620913484196,0.7727272727272727,RW,0.0005702302612507992
office,RW,60,800,0.02,0.05,0.0,,26,0.3,0.2,2.0,20,0,0.5826822916666666,0.5186523437499999,0.8541666666666666,380.0,8.233333333333333,0.8,62.633416708779585,0.1995,,60,1.306569067354565,0.7903766990068709,0.7065690673545647,0.2890558814187951,0.8333333333333334,RW,0.0006276917187483377
office,RW,60,800,0.02,0.05,0.0,,27,0.3,0.2,2.0,20,0,0.5305989583333334,0.5234375,0.9329427083333334,500.0,8.466666666666667,0.5166666666666667,64.38138222605997,0.19527083333333334,,60,1.3153989334673735,0.7884178467547637,0.7153989334673733,0.4319584969278517,0.9666666666666667,RW,0.0006181996875011464
office,RW,60,800,0.02,0.05,0.2,,27,0.3,0.2,2.0,20,0,0.5013020833333334,0.4734700520833333,0.8997395833333334,240.0,6.383333333333334,0.5833333333333334,54.27183840169633,0.15208333333333332,1.0694444444444444,42,1.4074638914279225,0.7767655278355073,0.8074638914279225,0.28611982563071736,0.8809523809523809,RW,0.0005693802087512268
office,RW,60,800,0.02,0.05,0.2,,28,0.3,0.2,2.0,20,0,0.494140625,0.4879557291666667,0.88671875,220.0,6.966666666666667,0.5166666666666667,55.12757944458975,0.1645625,1.0026420079260236,46,1.5626506283204487,0.820930138874162,0.9626506283204491,0.46753672079604736,0.8260869565217391,RW,0.0005848982812494796
office,RW,60,800,0.02,0.05,0.0,,28,0.3,0.2,2.0,20,0,0.5885416666666666,0.5388346354166667,0.9309895833333334,600.0,8.85,0.7333333333333333,63.13921536526968,0.19927083333333334,,60,1.4603432266786822,0.8396393227881336,0.8603432266786822,0.3818271741793683,0.9333333333333333,RW,0.0006161630725000578
office,RW,60,800,0.02,0.05,0.2,,29,0.3,0.2,2.0,20,0,0.517578125,0.45087890624999993,0.8645833333333334,200.0,7.916666666666667,0.7166666666666667,57.56763108623965,0.16060416666666666,1.0714285714285714,43,1.4992088109381814,0.7043061286578214,0.8992088109381812,0.40101735017834017,0.9534883720930233,RW,0.0005683516149997558
hall,RW,60,800,0.02,0.05,0.0,,0,0.3,0.2,2.0,20,0,0.8089430894308943,0.7805216802168021,1.0,260.0,7.816666666666666,1.0166666666666666,95.69278642112549,0.18,,60,1.4353674163210974,0.505775524480129,0.8353674163210972,0.6099714265098591,0.9,RW,0.000617001771249761
office,RW,60,800,0.02,0.05,0.0,,29,0.3,0.2,2.0,20,0,0.55859375,0.5004557291666668,0.7604166666666666,580.0,9.366666666666667,0.5666666666666667,66.80256942393045,0.19954166666666667,,60,1.2866222878302094,0.7977084033735705,0.6866222878302095,0.2671890983953933,0.9,RW,0.0006499433850012793
hall,RW,60,800,0.02,0.05,0.2,,0,0.3,0.2,2.0,20,0,0.6632791327913279,0.6555555555555556,1.0,260.0,7.2,0.9166666666666666,82.24330678768372,0.15220833333333333,0.8796046720575023,42,1.591421918621187,0.5953648739112748,0.9914219186211872,0.658528843968679,0.9523809523809523,RW,0.0005819018750003125
hall,RW,60,800,0.02,0.05,0.0,,1,0.3,0.2,2.0,20,0,0.7967479674796748,0.8035230352303524,1.0,260.0,7.816666666666666,1.0666666666666667,96.93559284259301,0.18389583333333334,,60,1.4984692418112309,0.4385626153714183,0.8984692418112309,0.8012704628507689,1.0,RW,0.000610059582500071
hall,RW,60,800,0.02,0.05,0.2,,1,0.3,0.2,2.0,20,0,0.6944444444444444,0.6841124661246614,1.0,240.0,6.916666666666667,0.9833333333333333,86.19535246340288,0.17108333333333334,0.8723404255319148,48,1.485390580147552,0.6325044042456733,0.885390580147552,0.5387183092611029,0.8333333333333334,RW,0.0005707154687502225
hall,RW,60,800,0.02,0.05,0.0,,2,0.3,0.2,2.0,20,0,0.7649051490514905,0.7921747967479674,1.0,320.0,8.033333333333333,1.3666666666666667,96.65443211890847,0.184375,,60,1.1800461688376713,0.5326094988535388,0.5800461688376715,0.40466355853232694,0.9333333333333333,RW,0.0005962010937491869
hall,RW,60,800,0.02,0.05,0.2,,2,0.3,0.2,2.0,20,0,0.7181571815718157,0.7238482384823849,1.0,200.0,7.266666666666667,1.2,87.51529656438056,0.17041666666666666,0.9627611262488647,51,1.5027585870995932,0.5753185827782611,0.9027585870995929,0.664859275239953,0.9607843137254902,RW,0.000580224531249769
hall,RW,60,800,0.02,0.05,0.2,,3,0.3,0.2,2.0,20,0,0.6422764227642277,0.6639566395663956,1.0,220.0,6.466666666666667,0.6333333333333333,84.9887323200621,0.15566666666666668,0.7663702506063057,45,1.4739368585530863,0.5567854852311837,0.8739368585530864,0.4807789219148507,1.0,RW,0.0005690193750001526
hall,RW,60,800,0.02,0.05,0.0,,3,0.3,0.2,2.0,20,0,0.7405149051490515,0.7831978319783198,1.0,240.0,7.85,0.9166666666666666,97.33436285076206,0.18120833333333333,,60,1.3229931698179365,0.5695163860188679,0.7229931698179363,0.47889205787484035,0.8,RW,0.0006024195837517254
hall,RW,60,800,0.02,0.05,0.0,,4,0.3,0.2,2.0,20,0,0.7384823848238482,0.7760162601626017,1.0,240.0,8.25,1.0,96.1103728055943,0.18027083333333332,,60,1.213568670991163,0.5238024809958749,0.6135686709911633,0.5063298306640434,0.8833333333333333,RW,0.0005891778125010205
hall,RW,60,800,0.02,0.05,0.2,,4,0.3,0.2,2.0,20,0,0.6199186991869918,0.6800474254742547,1.0,240.0,6.733333333333333,0.9166666666666666,85.76622807306997,0.1558125,0.8104517271922054,47,1.14993581697606,0.6113845260937437,0.5499358169760601,0.13564176443594544,0.7021276595744681,RW,0.0005946149474993945
hall,RW,60,800,0.02,0.05,0.2,,5,0.3,0.2,2.0,20,0,0.7323848238482384,0.6893970189701897,1.0,280.0,6.416666666666667,1.0333333333333334,86.9397896428615,0.164125,0.9383680555555555,47,1.710214172160038,0.601492615333656,1.1102141721600378,0.9428001291024469,0.851063829787234,RW,0.0005555770837486307
hall,RW,60,800,0.02,0.05,0.0,,5,0.3,0.2,2.0,20,0,0.8285907859078591,0.7891937669376695,1.0,280.0,7.4,1.2333333333333334,96.15329996101718,0.18345833333333333,,60,1.3984392628637405,0.4766215968804018,0.7984392628637405,0.7378584253806805,0.8666666666666667,RW,0.0005988234374990497
hall,RW,60,800,0.02,0.05,0.0,,6,0.3,0.2,2.0,20,0,0.8048780487804879,0.7954607046070461,1.0,300.0,8.316666666666666,1.2666666666666666,96.40715137496453,0.19227083333333334,,60,1.4426139435415577,0.5259462373315548,0.8426139435415576,0.8324207983152667,0.85,RW,0.0005927501049995954
hall,RW,60,800,0.02,0.05,0.2,,6,0.3,0.2,2.0,20,0,0.7411924119241192,0.714058265582656,1.0,300.0,7.9,1.0333333333333334,86.36993652802536,0.17764583333333334,0.9011532125205931,49,1.5920244189302586,0.5953517488479165,0.9920244189302588,0.7976243555995123,0.9183673469387755,RW,0.0005894551562505512
hall,RW,60,800,0.02,0.05,0.2,,7,0.3,0.2,2.0,20,0,0.7411924119241192,0.6977642276422764,1.0,160.0,6.833333333333333,1.0166666666666666,85.7140780936228,0.1593125,0.8887083671811535,48,1.5806675768391063,0.5723397841130006,0.9806675768391063,0.7394490017610589,0.7916666666666666,RW,0.0005789180212491374
hall,RW,60,800,0.02,0.05,0.0,,7,0.3,0.2,2.0,20,0,0.7506775067750677,0.784349593495935,1.0,200.0,7.416666666666667,1.1833333333333333,95.77949363181276,0.1789375,,60,1.2211094062716963,0.564491513422103,0.6211094062716961,0.37083078424796856,0.8333333333333334,RW,0.0006033752087500943
hall,RW,60,800,0.02,0.05,0.0,,8,0.3,0.2,2.0,20,0,0.7330623306233063,0.7876355013550136,1.0,200.0,7.666666666666667,1.5,95.32254640022342,0.1838125,,60,1.1821385472836812,0.6329378463245703,0.582138547283681,0.28235282147624047,0.7833333333333333,RW,0.0005756544275004671
hall,RW,60,800,0.02,0.05,0.2,,8,0.3,0.2,2.0,20,0,0.7025745257452575,0.6574864498644987,1.0,200.0,6.833333333333333,1.2,80.94880120969304,0.16102083333333334,0.9033101045296167,44,1.6986984286690268,0.6252088736468714,1.0986984286690265,0.8732562828599612,0.8636363636363636,RW,0.0005594188537497757
hall,RW,60,800,0.02,0.05,0.0,,9,0.3,0.2,2.0,20,0,0.7926829268292683,0.7973238482384825,1.0,180.0,7.733333333333333,1.1666666666666667,96.70795022053352,0.181,,60,1.252363256590294,0.5539323549113424,0.6523632565902939,0.24089038509327587,0.8,RW,0.0005993966150003871
hall,RW,60,800,0.02,0.05,0.2,,9,0.3,0.2,2.0,20,0,0.7032520325203252,0.7306910569105691,1.0,180.0,7.033333333333333,1.2833333333333334,88.05288004541863,0.16554166666666667,0.8963730569948186,50,1.5428433544620483,0.6469604076573974,0.9428433544620485,0.42428099774084305,0.82,RW,0.0005930039575014235
hall,RW,60,800,0.02,0.05,0.0,,10,0.3,0.2,2.0,20,0,0.8550135501355014,0.7849932249322492,1.0,320.0,7.9,1.55,94.77919077572847,0.18872916666666667,,60,1.462931633594046,0.44764857224006666,0.8629316335940463,0.7273819411331173,0.9666666666666667,RW,0.0006033694787493005
hall,RW,60,800,0.02,0.05,0.2,,10,0.3,0.2,2.0,20,0,0.6192411924119241,0.7087059620596206,1.0,280.0,7.066666666666666,1.35,87.60022627258972,0.16658333333333333,0.7491803278688525,50,1.2254460673507162,0.5360644311793676,0.6254460673507162,0.30220330714388205,0.8,RW,0.0005683385937504681
hall,RW,60,800,0.02,0.05,0.2,,11,0.3,0.2,2.0,20,0,0.717479674796748,0.6617547425474255,1.0,300.0,6.916666666666667,1.0333333333333334,83.57857230010224,0.155,0.8759305210918115,44,1.5902288800137208,0.598611160592675,0.9902288800137211,0.859325924313493,0.9090909090909091,RW,0.000583520572499765
hall,RW,60,800,0.02,0.05,0.0,,11,0.3,0.2,2.0,20,0,0.8631436314363143,0.8019308943089432,1.0,300.0,8.266666666666667,1.2166666666666666,98.32574226934162,0.17960416666666668,,60,1.4253598914896408,0.5920124722409638,0.8253598914896407,0.5993441046019768,0.8333333333333334,RW,0.0006031541662491691
hall,RW,60,800,0.02,0.05,0.2,,12,0.3,0.2,2.0,20,0,0.7012195121951219,0.7010501355013551,1.0,340.0,6.866666666666666,1.0166666666666666,85.78653100015738,0.164625,0.8085937499999999,46,1.6391675859229766,0.5823405938057987,1.039167585922977,0.9066036394663309,0.9565217391304348,RW,0.0005601581762516616
hall,RW,60,800,0.02,0.05,0.0,,12,0.3,0.2,2.0,20,0,0.7872628726287263,0.7848238482384823,1.0,340.0,7.833333333333333,1.3833333333333333,93.71432419956908,0.18910416666666666,,60,1.3001401064160365,0.5725402992952527,0.7001401064160366,0.43180169283700953,0.9333333333333333,RW,0.0005943415112506045
hall,RW,60,800,0.02,0.05,0.0,,13,0.3,0.2,2.0,20,0,0.7784552845528455,0.7825203252032521,1.0,220.0,7.55,1.1666666666666667,95.56430482890083,0.18904166666666666,,60,1.325642188839352,0.632984156562251,0.7256421888393518,0.2830765883030742,0.8,RW,0.0006117178124986822
hall,RW,60,800,0.02,0.05,0.2,,13,0.3,0.2,2.0,20,0,0.6781842818428184,0.702710027100271,1.0,220.0,6.783333333333333,0.9833333333333333,85.1245259274755,0.16383333333333333,0.8059581320450886,46,1.5177208443792725,0.4793625124529995,0.9177208443792726,0.7852012070471888,1.0,RW,0.0005682786462512013
hall,RW,60,800,0.02,0.05,0.2,,14,0.3,0.2,2.0,20,0,0.6531165311653117,0.6412940379403793,1.0,180.0,6.633333333333334,0.8166666666666667,80.9216516055181,0.15585416666666665,0.8645739910313901,43,1.6650520413632481,0.5244704111294719,1.0650520413632478,1.087961622960079,0.8837209302325582,RW,0.0005593621875004828
hall,RW,60,800,0.02,0.05,0.0,,14,0.3,0.2,2.0,20,0,0.8326558265582655,0.7984417344173442,1.0,260.0,7.75,1.1833333333333333,95.17643078505286,0.17885416666666668,,60,1.287304968573176,0.5304337245839919,0.6873049685731759,0.5772616020545024,0.85,RW,0.0005985226050006531
hall,RW,60,800,0.02,0.05,0.0,,15,0.3,0.2,2.0,20,0,0.7771002710027101,0.7916327913279133,1.0,280.0,8.366666666666667,1.35,96.89753519908554,0.18852083333333333,,60,1.4239821971284163,0.43665710507862326,0.8239821971284162,0.6823357564889484,0.9333333333333333,RW,0.0006097188025000833
hall,RW,60,800,0.02,0.05,0.2,,16,0.3,0.2,2.0,20,0,0.6626016260162602,0.6746273712737128,1.0,200.0,7.233333333333333,0.7833333333333333,84.5234844194123,0.15947916666666667,0.8177257525083612,46,1.4971701817565848,0.5671116268338282,0.8971701817565849,0.7038071254308212,0.9130434782608695,RW,0.000582142916250632
hall,RW,60,800,0.02,0.05,0.2,,15,0.3,0.2,2.0,20,0,0.6368563685636857,0.716768292682927,1.0,200.0,7.583333333333333,1.15,87.17277695461561,0.16733333333333333,0.8568824065633546,49,1.5522164973799475,0.544259768412646,0.9522164973799477,0.8911728774618978,0.9591836734693877,RW,0.0005921675512513502
hall,RW,60,800,0.02,0.05,0.0,,16,0.3,0.2,2.0,20,0,0.7574525745257452,0.8026422764227641,1.0,200.0,8.05,1.15,97.3166346146807,0.18070833333333333,,60,1.2887368634268204,0.5329603091574973,0.6887368634268202,0.5004229044595041,0.8833333333333333,RW,0.0005973050524994505
hall,RW,60,800,0.02,0.05,0.0,,17,0.3,0.2,2.0,20,0,0.790650406504065,0.8007452574525745,1.0,340.0,8.066666666666666,1.4833333333333334,96.45554104927334,0.18314583333333334,,60,1.3471603555796123,0.5076277006302656,0.7471603555796122,0.5123533659074351,0.9333333333333333,RW,0.0006050635937504011
hall,RW,60,800,0.02,0.05,0.2,,17,0.3,0.2,2.0,20,0,0.6944444444444444,0.6682249322493224,1.0,200.0,7.383333333333334,1.0833333333333333,85.45502733572579,0.16602083333333334,0.9395050412465626,46,1.5356063957115869,0.4909578015743035,0.9356063957115868,0.8999498313999629,0.9130434782608695,RW,0.0005802570312516764
hall,RW,60,800,0.02,0.05,0.2,,18,0.3,0.2,2.0,20,0,0.7703252032520326,0.7416327913279133,1.0,180.0,6.7,1.2833333333333334,92.65910921725637,0.16135416666666666,0.9427860696517414,52,1.591961556034731,0.38749790924806515,0.9919615560347311,0.8913665994344114,1.0,RW,0.0005876566137499139
hall,RW,60,800,0.02,0.05,0.0,,18,0.3,0.2,2.0,20,0,0.7486449864498645,0.7785569105691057,1.0,180.0,7.7,1.2333333333333334,95.99968339830352,0.17997916666666666,,60,1.3978299343420533,0.5375652603688506,0.7978299343420535,0.5669734475865531,0.8666666666666667,RW,0.0006177140099998724
hall,RW,60,800,0.02,0.05,0.0,,19,0.3,0.2,2.0,20,0,0.809620596205962,0.7980013550135501,1.0,340.0,8.883333333333333,1.2833333333333334,97.35178898861211,0.1929375,,60,1.4802981097981975,0.4944642262501311,0.8802981097981976,0.6261428650885923,0.9,RW,0.0005989838024993332
hall,RW,60,800,0.02,0.05,0.2,,19,0.3,0.2,2.0,20,0,0.674119241192412,0.7384823848238483,1.0,260.0,7.816666666666666,0.85,90.37600505381799,0.17672916666666666,0.8907788719785139,52,1.2670109681652069,0.516972086675268,0.6670109681652069,0.4340797073823156,0.8461538461538461,RW,0.0005827569787493303
hall,RW,60,800,0.02,0.05,0.2,,20,0.3,0.2,2.0,20,0,0.6849593495934959,0.6967479674796747,1.0,200.0,7.433333333333334,1.1833333333333333,86.62314058031143,0.1781875,0.8978685612788633,49,1.4874542992005688,0.6674543588127884,0.887454299200569,0.6748519820701059,0.8367346938775511,RW,0.0005746968749986082
hall,RW,60,800,0.02,0.05,0.0,,20,0.3,0.2,2.0,20,0,0.790650406504065,0.7928861788617886,1.0,300.0,8.266666666666667,1.3833333333333333,96.19784204956115,0.19772916666666668,,60,1.3757959574439902,0.4902039879843626,0.7757959574439904,0.5499720741110385,0.95,RW,0.0006014846362518255
hall,RW,60,800,0.02,0.05,0.0,,21,0.3,0.2,2.0,20,0,0.8509485094850948,0.7939363143631437,1.0,260.0,8.216666666666667,1.1833333333333333,97.81605013990188,0.18022916666666666,,60,1.4624929885682676,0.5777159011958551,0.8624929885682674,0.6298150825095034,0.8,RW,0.0006147539574999427
hall,RW,60,800,0.02,0.05,0.2,,21,0.3,0.2,2.0,20,0,0.7181571815718157,0.7224254742547427,1.0,220.0,7.533333333333333,0.9,88.4914778019443,0.16260416666666666,0.8990670059372349,51,1.5504568204650584,0.4739113380673335,0.9504568204650583,0.9214052293659033,0.9607843137254902,RW,0.0005911026562489496
hall,RW,60,800,0.02,0.05,0.0,,22,0.3,0.2,2.0,20,0,0.7804878048780488,0.7900067750677507,1.0,220.0,7.566666666666666,1.1,95.93766333165725,0.17589583333333333,,60,1.3604656859062554,0.5482215702274935,0.7604656859062555,0.5111718526089178,0.9666666666666667,RW,0.0006105210937494121
hall,RW,60,800,0.02,0.05,0.2,,22,0.3,0.2,2.0,20,0,0.6924119241192412,0.699830623306233,1.0,220.0,6.4,1.0833333333333333,85.79333029569553,0.15564583333333334,0.8383921246923709,47,1.4000858537529026,0.6352298598524525,0.8000858537529028,0.4660013655409615,0.8723404255319149,RW,0.000585899166251238
hall,RW,60,800,0.02,0.05,0.0,,23,0.3,0.2,2.0,20,0,0.7981029810298103,0.7769308943089431,1.0,200.0,8.25,1.3166666666666667,98.78504848157215,0.17033333333333334,,60,1.3657550052240415,0.5011398539163364,0.7657550052240416,0.7644770110960185,0.8,RW,0.0005967065625009127
hall,RW,60,800,0.02,0.05,0.2,,23,0.3,0.2,2.0,20,0,0.752710027100271,0.7093157181571816,1.0,200.0,7.366666666666666,1.2,88.88932421732305,0.14783333333333334,0.9204639602319801,49,1.6358326509166927,0.5096104198116976,1.035832650916693,1.09856651904787,0.9183673469387755,RW,0.0005890052087488585
hall,RW,60,800,0.02,0.05,0.2,,24,0.3,0.2,2.0,20,0,0.7201897018970189,0.6783197831978319,1.0,180.0,6.783333333333333,0.8166666666666667,85.1727791872968,0.16125,0.9465716829919858,46,1.6820712211264564,0.5393531238890061,1.0820712211264567,0.8382611195379046,0.9347826086956522,RW,0.0005739557812489693
hall,RW,60,800,0.02,0.05,0.0,,24,0.3,0.2,2.0,20,0,0.7710027100271003,0.7949864498644985,1.0,200.0,8.8,1.0,98.84656131534646,0.18372916666666667,,60,1.2621345791571021,0.6231702278039053,0.6621345791571023,0.47895979785144005,0.8,RW,0.0006042554162490887
hall,RW,60,800,0.02,0.05,0.2,,25,0.3,0.2,2.0,20,0,0.7052845528455285,0.7146002710027101,1.0,180.0,6.766666666666667,1.15,85.79461683636458,0.1634375,0.9228723404255319,50,1.4420845155786075,0.48119490026292133,0.8420845155786074,0.8312995066625684,0.92,RW,0.0005855208862499239
hall,RW,60,800,0.02,0.05,0.0,,25,0.3,0.2,2.0,20,0,0.8238482384823849,0.7746951219512196,1.0,220.0,7.833333333333333,1.2666666666666666,96.2186230611143,0.18777083333333333,,60,1.4271280593282603,0.5233150673631538,0.82712805932826,0.714840679953331,0.85,RW,0.0006314459887494195
hall,RW,60,800,0.02,0.05,0.2,,26,0.3,0.2,2.0,20,0,0.6497289972899729,0.6711043360433604,1.0,220.0,6.9,1.1333333333333333,84.96489523639005,0.15439583333333334,0.7545239968528717,44,1.48966963745902,0.46292984594394254,0.8896696374590196,0.7074965791818967,0.9545454545454546,RW,0.0005529908849985077
hall,RW,60,800,0.02,0.05,0.0,,26,0.3,0.2,2.0,20,0,0.809620596205962,0.8132113821138212,1.0,220.0,7.85,1.4833333333333334,100.05177012837241,0.17922916666666666,,60,1.493919766232807,0.5598888249604375,0.8939197662328069,0.5917617331491586,0.9166666666666666,RW,0.0006199049487509001
hall,RW,60,800,0.02,0.05,0.0,,27,0.3,0.2,2.0,20,0,0.7649051490514905,0.7946815718157181,1.0,320.0,7.516666666666667,1.25,95.5556800720385,0.17314583333333333,,60,1.2806421271289081,0.5700628519174298,0.6806421271289083,0.323922740491555,0.8166666666666667,RW,0.000584879739999451
hall,RW,60,800,0.02,0.05,0.2,,27,0.3,0.2,2.0,20,0,0.6788617886178862,0.6817750677506775,1.0,180.0,6.6,0.8166666666666667,83.99551174263675,0.1521875,0.8637931034482759,47,1.54566556026647,0.4976281341005927,0.9456655602664696,0.8193464961022171,0.9148936170212766,RW,0.0005891194799983168
hall,RW,60,800,0.02,0.05,0.0,,28,0.3,0.2,2.0,20,0,0.8313008130081301,0.7947154471544715,1.0,260.0,8.316666666666666,1.3,94.71195647378576,0.19945833333333332,,60,1.3083380637361255,0.4452070870919641,0.7083380637361253,0.6614615719231806,0.9333333333333333,RW,0.0005874204162500973
hall,RW,60,800,0.02,0.05,0.2,,28,0.3,0.2,2.0,20,0,0.7032520325203252,0.6855352303523036,1.0,240.0,7.25,1.1666666666666667,82.49704493110079,0.1733125,0.8987012987012988,45,1.5775124476617517,0.586037721888051,0.9775124476617519,0.6083597149309828,1.0,RW,0.0005699719800009007
hall,RW,60,800,0.02,0.05,0.0,,29,0.3,0.2,2.0,20,0,0.8055555555555556,0.8001016260162602,1.0,240.0,7.683333333333334,1.35,99.40794994877011,0.17239583333333333,,60,1.3894545646410943,0.4815426376328307,0.7894545646410938,0.7083031642985308,0.8666666666666667,RW,0.0006076292187503896
hall,RW,60,800,0.02,0.05,0.2,,29,0.3,0.2,2.0,20,0,0.7046070460704607,0.6953929539295393,1.0,240.0,6.8,1.05,88.60381855239267,0.15433333333333332,0.8227848101265822,48,1.4162505076256358,0.6602536311235276,0.8162505076256359,0.5151512174693808,0.9166666666666666,RW,0.0006031739587501761
mine,RW,60,800,0.02,0.05,0.2,,0,0.3,0.2,2.0,20,0,0.9355509355509356,0.9231808731808732,1.0,160.0,9.8,0.7166666666666667,52.675203596236685,0.24945833333333334,1.0297482837528604,53,1.0355491086459625,0.5158914989706578,0.4355491086459625,0.19291429710365027,0.8113207547169812,RW,0.000594196197500878
mine,RW,60,800,0.02,0.05,0.0,,0,0.3,0.2,2.0,20,0,0.9771309771309772,0.9566528066528066,1.0,300.0,10.716666666666667,0.9166666666666666,56.78466575348564,0.2718125,,60,1.0243932988221411,0.3935696352528837,0.42439329882214133,0.27694058070343,0.8,RW,0.0006312821362507748
mine,RW,60,800,0.02,0.05,0.0,,1,0.3,0.2,2.0,20,0,0.9667359667359667,0.9225571725571726,1.0,460.0,10.666666666666666,0.6,58.2941594013337,0.2679375,,60,1.0170268565972491,0.5208496780764476,0.4170268565972492,0.2101215683263996,0.8666666666666667,RW,0.0006224274999999579
mine,RW,60,800,0.02,0.05,0.2,,1,0.3,0.2,2.0,20,0,0.8232848232848233,0.8641372141372141,1.0,100.0,9.016666666666667,0.4,52.40205251679259,0.23402083333333334,0.9777777777777779,49,0.9398814568285876,0.35732724981912833,0.33988145682858767,0.21448689757026418,0.7551020408163265,RW,0.0005996792187488609
mine,RW,60,800,0.02,0.05,0.2,,2,0.3,0.2,2.0,20,0,0.83991683991684,0.8498960498960498,1.0,180.0,7.7,0.5166666666666667,46.83135405288278,0.215125,0.9244851258581236,42,1.1486401958388237,0.570082520787622,0.5486401958388237,0.46741491367927446,0.7142857142857143,RW,0.0005917370312499771
mine,RW,60,800,0.02,0.05,0.0,,2,0.3,0.2,2.0,20,0,0.9147609147609148,0.9192307692307692,1.0,400.0,10.416666666666666,0.7166666666666667,56.909022798170575,0.2829583333333333,,60,0.9303897417978658,0.590634730715453,0.3303897417978659,0.1316899133466194,0.7333333333333333,RW,0.0006468744275002791
mine,RW,60,800,0.02,0.05,0.2,,3,0.3,0.2,2.0,20,0,0.9085239085239085,0.8852390852390852,1.0,300.0,9.783333333333333,0.6,51.126724023159795,0.2311875,0.9646799116997793,49,1.1034666516750948,0.5181709503169248,0.5034666516750951,0.32348392870653153,0.8163265306122449,RW,0.0006020102612501432
mine,RW,60,800,0.02,0.05,0.0,,3,0.3,0.2,2.0,20,0,0.920997920997921,0.9390852390852389,1.0,300.0,10.55,0.5833333333333334,57.07914452482855,0.26445833333333335,,60,0.8449837384445072,0.37114143832270224,0.24498373844450733,0.10059496110901206,0.7666666666666667,RW,0.000650487240000075
mine,RW,60,800,0.02,0.05,0.0,,4,0.3,0.2,2.0,20,0,0.9604989604989606,0.9307692307692308,1.0,360.0,10.6,0.6,58.945090479640264,0.26377083333333334,,60,0.9844169094670973,0.4822013303105339,0.3844169094670972,0.21923243618067445,0.7833333333333333,RW,0.0006243294262503696
mine,RW,60,800,0.02,0.05,0.2,,4,0.3,0.2,2.0,20,0,0.9542619542619543,0.907796257796258,1.0,140.0,10.05,0.5166666666666667,56.60709781898435,0.24983333333333332,1.1007194244604317,55,1.013984915261304,0.41672728419794774,0.413984915261304,0.2565378440232058,0.8909090909090909,RW,0.0006069855212513176
mine,RW,60,800,0.02,0.05,0.2,,5,0.3,0.2,2.0,20,0,0.9022869022869023,0.8682952182952184,1.0,240.0,8.55,0.65,49.43567552550057,0.21079166666666665,1.0093023255813953,44,1.1150515919457558,0.5208207212219123,0.5150515919457559,0.22907706701094943,0.8181818181818182,RW,0.0005693765625005654
mine,RW,60,800,0.02,0.05,0.0,,5,0.3,0.2,2.0,20,0,0.9501039501039501,0.904989604989605,1.0,240.0,10.75,0.5833333333333334,56.17824774599488,0.26447916666666665,,60,1.034392100859838,0.5240729434148036,0.43439210085983804,0.2466032823363996,0.8,RW,0.0006131982812507885
mine,RW,60,800,0.02,0.05,0.0,,6,0.3,0.2,2.0,20,0,0.9501039501039501,0.9346153846153848,1.0,300.0,10.35,0.6166666666666667,56.394659942655835,0.271875,,60,0.9627487542662043,0.48367001132976756,0.3627487542662044,0.2309583873188028,0.8,RW,0.0005969918224991488
mine,RW,60,800,0.02,0.05,0.2,,6,0.3,0.2,2.0,20,0,0.9501039501039501,0.9167359667359667,1.0,240.0,9.45,0.55,52.906934579337225,0.24379166666666666,1.0386363636363636,52,1.1164376522039026,0.6765770095084459,0.5164376522039028,0.2135773086750728,0.8846153846153846,RW,0.000604210573749242
mine,RW,60,800,0.02,0.05,0.0,,7,0.3,0.2,2.0,20,0,0.9313929313929314,0.9428274428274429,1.0,320.0,9.55,0.4666666666666667,57.58656887879055,0.2598125,,60,0.9412418205403043,0.5148782590202061,0.3412418205403042,0.1939662474738985,0.85,RW,0.0006204493225004626
mine,RW,60,800,0.02,0.05,0.2,,7,0.3,0.2,2.0,20,0,0.972972972972973,0.924012474012474,1.0,180.0,9.816666666666666,0.6833333333333333,55.28908412308849,0.2420625,1.070938215102975,53,1.1549518897780267,0.577455581226092,0.5549518897780268,0.2637305824912758,0.8301886792452831,RW,0.0006112296362493908
mine,RW,60,800,0.02,0.05,0.0,,8,0.3,0.2,2.0,20,0,0.9708939708939709,0.9214137214137216,1.0,220.0,10.066666666666666,0.5833333333333334,55.884693884087035,0.27570833333333333,,60,0.9169235615382075,0.4972898131643809,0.31692356153820744,0.1529541917962257,0.7666666666666667,RW,0.0006217953649979791
mine,RW,60,800,0.02,0.05,0.2,,8,0.3,0.2,2.0,20,0,0.9126819126819127,0.8296257796257797,1.0,160.0,7.95,0.48333333333333334,47.406108097056745,0.22629166666666667,1.0477326968973748,43,1.1438061759889442,0.6553021331005005,0.5438061759889444,0.22425583681457595,0.7209302325581395,RW,0.0005931393225000648
mine,RW,60,800,0.02,0.05,0.2,,9,0.3,0.2,2.0,20,0,0.9043659043659044,0.8861746361746361,1.0,140.0,8.766666666666667,0.6333333333333333,51.25768564714971,0.2523958333333333,1.0740740740740742,49,1.0471496434226844,0.5014199760614508,0.4471496434226844,0.20415888186733366,0.9591836734693877,RW,0.000601190625000072
mine,RW,60,800,0.02,0.05,0.2,,10,0.3,0.2,2.0,20,0,0.9002079002079002,0.9189189189189187,1.0,160.0,8.133333333333333,0.6333333333333333,52.59849519793598,0.22497916666666667,0.9622222222222222,49,1.053324801176182,0.5787966232299665,0.45332480117618207,0.16699860237779518,0.8367346938775511,RW,0.000600398906249211
mine,RW,60,800,0.02,0.05,0.0,,9,0.3,0.2,2.0,20,0,0.8856548856548857,0.9281704781704783,1.0,200.0,10.716666666666667,0.6666666666666666,54.99465244009903,0.2871666666666667,,60,0.926354881378059,0.3405784750763104,0.326354881378059,0.2021587072224666,0.9333333333333333,RW,0.0006425931249987116
mine,RW,60,800,0.02,0.05,0.0,,10,0.3,0.2,2.0,20,0,0.9397089397089398,0.9565488565488567,1.0,320.0,9.583333333333334,0.75,58.15351157725366,0.25847916666666665,,60,1.0430016040704657,0.3991337253959033,0.4430016040704658,0.357783905059458,0.8666666666666667,RW,0.000621999896250145
mine,RW,60,800,0.02,0.05,0.0,,11,0.3,0.2,2.0,20,0,0.9293139293139293,0.9198544698544697,1.0,160.0,10.35,0.6666666666666666,58.19698839208215,0.2593958333333333,,60,0.9292342103301864,0.4122350034441125,0.3292342103301864,0.1909040047142465,0.9,RW,0.0006306563549992461
mine,RW,60,800,0.02,0.05,0.2,,11,0.3,0.2,2.0,20,0,0.9230769230769231,0.9032224532224532,1.0,160.0,9.0,0.5833333333333334,53.95173657261051,0.22872916666666668,0.9932885906040269,53,1.0484769447252642,0.5912047425680524,0.4484769447252642,0.252880590483483,0.8490566037735849,RW,0.000602725363751233
mine,RW,60,800,0.02,0.05,0.2,,12,0.3,0.2,2.0,20,0,0.9376299376299376,0.905925155925156,1.0,220.0,9.65,0.6,51.648577603063735,0.24377083333333333,1.0415704387990763,49,1.0529642026921187,0.4898482398526428,0.45296420269211873,0.20912839272526818,0.8367346938775511,RW,0.0005863290100000995
mine,RW,60,800,0.02,0.05,0.0,,12,0.3,0.2,2.0,20,0,0.9958419958419958,0.9452182952182951,1.0,400.0,11.183333333333334,0.7166666666666667,57.11525168146094,0.28622916666666665,,60,1.0535712409105693,0.4664140134867186,0.4535712409105692,0.24823301892750493,0.7333333333333333,RW,0.0006082682287501484
mine,RW,60,800,0.02,0.05,0.2,,13,0.3,0.2,2.0,20,0,0.9126819126819127,0.8404365904365904,1.0,160.0,8.583333333333334,0.5,47.30275785136198,0.23729166666666668,1.0233100233100234,44,1.2292758812481999,0.6832492326236209,0.6292758812481999,0.2595048215170829,0.9545454545454546,RW,0.0005727446874993803
mine,RW,60,800,0.02,0.05,0.0,,13,0.3,0.2,2.0,20,0,0.8918918918918919,0.9219334719334717,1.0,400.0,10.416666666666666,0.55,55.8567942468015,0.2864375,,60,0.9568243208621858,0.7558572958346282,0.35682432086218563,0.13812222285120968,0.8333333333333334,RW,0.0006165134375009984
mine,RW,60,800,0.02,0.05,0.2,,14,0.3,0.2,2.0,20,0,0.9334719334719335,0.9024948024948024,1.0,300.0,8.883333333333333,0.75,50.933225752022146,0.24060416666666667,1.0614657210401892,49,1.161551707218267,0.5230107546821917,0.5615517072182671,0.31599211866121246,0.8571428571428571,RW,0.0005833189062491328
mine,RW,60,800,0.02,0.05,0.0,,14,0.3,0.2,2.0,20,0,0.9875259875259875,0.940956340956341,1.0,340.0,10.2,0.7166666666666667,56.97837781239498,0.2668333333333333,,60,0.9816650798138671,0.5492467916776761,0.38166507981386705,0.21257918204805692,0.9,RW,0.0006027580199997829
mine,RW,60,800,0.02,0.05,0.0,,15,0.3,0.2,2.0,20,0,0.920997920997921,0.8956340956340956,1.0,300.0,10.783333333333333,0.48333333333333334,55.63931546488228,0.2640416666666667,,60,0.9299519374039584,0.4056097216368851,0.32995193740395845,0.19532792330016835,0.8333333333333334,RW,0.0006003595837501052
mine,RW,60,800,0.02,0.05,0.2,,15,0.3,0.2,2.0,20,0,0.8440748440748441,0.8882536382536381,1.0,220.0,9.016666666666667,0.5,51.43222303050827,0.22372916666666667,0.9552941176470588,49,1.153483260580842,0.7524575602403092,0.5534832605808422,0.2216526253517398,0.8367346938775511,RW,0.0005863960425017467
mine,RW,60,800,0.02,0.05,0.0,,16,0.3,0.2,2.0,20,0,0.9854469854469855,0.9568607068607067,1.0,260.0,9.85,0.48333333333333334,59.8773486140802,0.23614583333333333,,60,1.048945403378918,0.5310985848532059,0.44894540337891814,0.23866859165766252,0.8666666666666667,RW,0.0005888934375002464
mine,RW,60,800,0.02,0.05,0.2,,16,0.3,0.2,2.0,20,0,0.8773388773388774,0.9220374220374221,1.0,160.0,8.833333333333334,0.45,53.693913131433455,0.22002083333333333,0.9193899782135077,51,1.0328917541685931,0.4783279799709828,0.43289175416859305,0.29086041924257444,0.8431372549019608,RW,0.0006549427599998126
mine,RW,60,800,0.02,0.05,0.0,,17,0.3,0.2,2.0,20,0,0.9002079002079002,0.9327442827442827,1.0,420.0,9.7,0.65,54.26217282491108,0.25758333333333333,,60,0.8930407551348836,0.40336815821494965,0.2930407551348836,0.162737413937933,0.7666666666666667,RW,0.0006708575000016026
mine,RW,60,800,0.02,0.05,0.2,,17,0.3,0.2,2.0,20,0,0.9313929313929314,0.8827442827442826,1.0,160.0,8.133333333333333,0.5333333333333333,51.74410956186015,0.22989583333333333,1.0641330166270784,50,1.186237543432087,0.5499672535995366,0.5862375434320872,0.39495155320304576,0.92,RW,0.0006540755724995506
mine,RW,60,800,0.02,0.05,0.2,,19,0.3,0.2,2.0,20,0,0.8336798336798337,0.842931392931393,1.0,160.0,8.95,0.5333333333333333,49.93594690982379,0.235375,0.9593301435406698,44,1.2392861895493428,0.757261351797457,0.6392861895493429,0.4802969777395849,0.8181818181818182,RW,0.0005953700000009122
mine,RW,60,800,0.02,0.05,0.2,,18,0.3,0.2,2.0,20,0,0.9126819126819127,0.8477130977130978,1.0,160.0,10.066666666666666,0.55,51.587365786270425,0.24914583333333334,1.0866336633663365,48,1.1623509209277982,0.6295856766552592,0.562350920927798,0.18873184590856085,0.7916666666666666,RW,0.0006676460937478624
mine,RW,60,800,0.02,0.05,0.0,,18,0.3,0.2,2.0,20,0,0.9771309771309772,0.9251559251559252,1.0,440.0,11.766666666666667,0.65,57.36840051620875,0.28802083333333334,,60,0.9352820644783706,0.6158145862136494,0.33528206447837067,0.07980752496274501,0.6666666666666666,RW,0.0006938444799993704
mine,RW,60,800,0.02,0.05,0.0,,19,0.3,0.2,2.0,20,0,0.9480249480249481,0.9349272349272348,1.0,420.0,10.983333333333333,0.6,57.10014355379174,0.284125,,60,0.9532679514459418,0.46046971551495236,0.35326795144594175,0.11025890288081613,0.6666666666666666,RW,0.00069026885375024
mine,RW,60,800,0.02,0.05,0.0,,20,0.3,0.2,2.0,20,0,0.9355509355509356,0.9008316008316009,1.0,500.0,11.166666666666666,0.6333333333333333,58.27816722088752,0.26597916666666666,,60,0.885341868107422,0.33975686703029,0.2853418681074222,0.17393139626743653,0.7166666666666667,RW,0.0006960758862510374
mine,RW,60,800,0.02,0.05,0.2,,20,0.3,0.2,2.0,20,0,0.893970893970894,0.8365904365904366,1.0,160.0,9.616666666666667,0.65,53.59254400708987,0.22647916666666668,1.0804020100502512,48,1.0491181985407414,0.4751024337154454,0.44911819854074153,0.24662939865597477,0.8125,RW,0.0006862366137488607
mine,RW,60,800,0.02,0.05,0.2,,21,0.3,0.2,2.0,20,0,0.9480249480249481,0.9233887733887733,1.0,240.0,9.066666666666666,0.5333333333333333,53.49836241567759,0.22558333333333333,1.0224215246636772,52,1.0381442852086065,0.4238615537396629,0.4381442852086065,0.25914892879188905,0.8269230769230769,RW,0.000627695625000797
mine,RW,60,800,0.02,0.05,0.0,,21,0.3,0.2,2.0,20,0,0.972972972972973,0.9477130977130976,1.0,240.0,9.466666666666667,0.7333333333333333,58.29629175810382,0.2483125,,60,0.9748355804402137,0.45929112960287866,0.3748355804402136,0.15961733161327096,0.8333333333333334,RW,0.0006473328125002808
mine,RW,60,800,0.02,0.05,0.2,,22,0.3,0.2,2.0,20,0,0.9397089397089398,0.8824324324324324,1.0,260.0,8.966666666666667,0.65,53.05755752391365,0.23027083333333334,1.1105651105651106,49,1.1752689219520096,0.6344984161634254,0.5752689219520097,0.22826633515594597,0.8775510204081632,RW,0.0006197520837508819
mine,RW,60,800,0.02,0.05,0.0,,22,0.3,0.2,2.0,20,0,0.9313929313929314,0.9199584199584201,1.0,360.0,10.583333333333334,0.6,57.07858407973897,0.2673125,,60,0.9598679501622046,0.3856589238577599,0.3598679501622047,0.18730941412450935,0.8333333333333334,RW,0.0006565188012496037
mine,RW,60,800,0.02,0.05,0.2,,23,0.3,0.2,2.0,20,0,0.8357588357588358,0.8558212058212058,1.0,120.0,9.666666666666666,0.7833333333333333,50.09499762539925,0.22352083333333334,0.9757281553398058,45,1.1758884613972904,0.6839453573030915,0.5758884613972904,0.34004405230558954,0.8666666666666667,RW,0.0006232686974999524
mine,RW,60,800,0.02,0.05,0.0,,23,0.3,0.2,2.0,20,0,0.9771309771309772,0.9523908523908522,1.0,420.0,10.65,0.8333333333333334,56.58350640900141,0.2595,,60,0.9037870432866302,0.5563704895781092,0.30378704328663014,0.0848715825074684,0.65,RW,0.00065583541749902
mine,RW,60,800,0.02,0.05,0.0,,24,0.3,0.2,2.0,20,0,0.9521829521829522,0.937941787941788,1.0,280.0,10.966666666666667,0.6833333333333333,56.00652968906165,0.2685416666666667,,60,1.0898966199293647,0.8680574495226356,0.4898966199293646,0.16593929017959308,0.8333333333333334,RW,0.0006354991150010392
mine,RW,60,800,0.02,0.05,0.2,,24,0.3,0.2,2.0,20,0,0.9584199584199584,0.9312889812889813,1.0,240.0,9.133333333333333,0.48333333333333334,51.39648175690631,0.22160416666666666,1.0501138952164009,49,1.1115486601546098,0.5048910658437024,0.5115486601546099,0.2808486357978165,0.8367346938775511,RW,0.0006117779687497205
mine,RW,60,800,0.02,0.05,0.0,,25,0.3,0.2,2.0,20,0,0.8648648648648649,0.8950103950103951,1.0,280.0,11.1,0.5166666666666667,55.00210613099,0.27658333333333335,,60,0.8299013876141966,0.3075359426736818,0.22990138761419657,0.1426375965565183,0.7166666666666667,RW,0.0006619037499990554
mine,RW,60,800,0.02,0.05,0.2,,25,0.3,0.2,2.0,20,0,0.8981288981288982,0.9081081081081083,1.0,180.0,8.9,0.6833333333333333,51.407564444934984,0.2344375,0.988558352402746,50,0.9226014312978695,0.34652187075814345,0.32260143129786956,0.199088550329441,0.82,RW,0.0005984157812508784
mine,RW,60,800,0.02,0.05,0.2,,26,0.3,0.2,2.0,20,0,0.9459459459459459,0.8962577962577966,1.0,260.0,8.833333333333334,0.65,50.32212913372426,0.244625,1.1262376237623761,48,1.163617613520362,0.575413106506089,0.563617613520362,0.35517463189215437,0.875,RW,0.0005911013537502186
mine,RW,60,800,0.02,0.05,0.0,,26,0.3,0.2,2.0,20,0,0.8669438669438669,0.9124740124740125,1.0,340.0,10.766666666666667,0.5666666666666667,54.110255103681126,0.28922916666666665,,60,0.9338954027563742,0.5200173010131759,0.3338954027563742,0.14852099505068206,0.7833333333333333,RW,0.0006392863012501948
mine,RW,60,800,0.02,0.05,0.2,,27,0.3,0.2,2.0,20,0,0.9147609147609148,0.8890852390852391,1.0,160.0,7.866666666666666,0.6333333333333333,50.462324158478324,0.22552083333333334,1.0138248847926268,45,1.2625432944729753,0.6575956203305777,0.6625432944729753,0.6056995322867923,0.9111111111111111,RW,0.000587020885000129
mine,RW,60,800,0.02,0.05,0.0,,27,0.3,0.2,2.0,20,0,0.9604989604989606,0.9091476091476091,1.0,240.0,10.25,0.5,56.90377982361599,0.26685416666666667,,60,0.9948158013296435,0.6174654800849596,0.39481580132964367,0.2272579515958394,0.8333333333333334,RW,0.000621079270001701
mine,RW,60,800,0.02,0.05,0.2,,28,0.3,0.2,2.0,20,0,0.8835758835758836,0.8725571725571726,1.0,260.0,8.233333333333333,0.5166666666666667,50.68097429755678,0.2170625,0.952914798206278,46,1.19274078595698,0.5036970321643089,0.5927407859569801,0.3973925615330385,0.9130434782608695,RW,0.0005726008850001563
mine,RW,60,800,0.02,0.05,0.0,,28,0.3,0.2,2.0,20,0,0.9501039501039501,0.9477130977130978,1.0,260.0,10.0,0.6,57.46707501107763,0.2586875,,60,0.9347606232663861,0.37489568987766486,0.334760623266386,0.16334110501362598,0.8333333333333334,RW,0.0006172771349997674
mine,RW,60,800,0.02,0.05,0.0,,29,0.3,0.2,2.0,20,0,0.9501039501039501,0.9224532224532226,1.0,380.0,11.133333333333333,0.7333333333333333,56.409398185982795,0.27339583333333334,,60,1.0311063121346398,0.7859222482564207,0.4311063121346398,0.15048826679964916,0.8666666666666667,RW,0.0006227215112494378
mine,RW,60,800,0.02,0.05,0.2,,29,0.3,0.2,2.0,20,0,0.920997920997921,0.8731808731808732,1.0,360.0,9.316666666666666,0.5833333333333334,52.28976904253054,0.23164583333333333,1.0350467289719625,51,0.9188454164158703,0.4750917961163139,0.3188454164158702,0.09498650991605606,0.6470588235294118,RW,0.0005936297387506784
apartment,RW,60,800,0.02,0.05,0.2,,0,0.3,0.2,2.0,20,0,0.607421875,0.56279296875,0.9641927083333334,260.0,7.466666666666667,0.5333333333333333,64.4269635959782,0.17297916666666666,0.9201183431952663,48,1.521210123346803,0.6074753315494755,0.9212101233468027,0.6599633545034105,0.9166666666666666,RW,0.000563789792499847
apartment,RW,60,800,0.02,0.05,0.0,,0,0.3,0.2,2.0,20,0,0.7135416666666666,0.66630859375,0.998046875,400.0,8.866666666666667,0.6666666666666666,73.28437618747168,0.19779166666666667,,60,1.474051441126502,0.5903675731460372,0.8740514411265017,0.7106397562246886,0.9,RW,0.000625346041249486
apartment,RW,60,800,0.02,0.05,0.2,,1,0.3,0.2,2.0,20,0,0.580078125,0.5250325520833334,0.8958333333333334,220.0,8.316666666666666,0.5166666666666667,60.77439371714344,0.18977083333333333,1.0148063781321184,47,1.5898783563181507,0.6702722349378453,0.9898783563181502,0.842335263920705,0.8723404255319149,RW,0.0005513677612498213
apartment,RW,60,800,0.02,0.05,0.0,,1,0.3,0.2,2.0,20,0,0.7005208333333334,0.63251953125,0.89453125,520.0,9.3,0.75,70.14620207422833,0.2106875,,60,1.315107578629507,0.4599499857873042,0.7151075786295069,0.6369001471737683,0.9,RW,0.0006067209375009952
apartment,RW,60,800,0.02,0.05,0.2,,2,0.3,0.2,2.0,20,0,0.5657552083333334,0.5493489583333333,0.935546875,260.0,8.35,0.7833333333333333,63.23061300120535,0.19195833333333334,1.0546116504854368,49,1.2715008652702955,0.6688378470535661,0.6715008652702954,0.30383629901777787,0.8775510204081632,RW,0.0005583010937493782
apartment,RW,60,800,0.02,0.05,0.0,,2,0.3,0.2,2.0,20,0,0.6529947916666666,0.6070638020833334,0.9661458333333334,680.0,9.316666666666666,0.6833333333333333,70.35647822115966,0.2176875,,60,1.2085831607185802,0.5153253406416949,0.6085831607185802,0.42409773877492285,0.9333333333333333,RW,0.0005942767187480058
apartment,RW,60,800,0.02,0.05,0.0,,3,0.3,0.2,2.0,20,0,0.6822916666666666,0.6161458333333333,0.9049479166666666,380.0,9.116666666666667,0.6833333333333333,71.51320366178079,0.21360416666666668,,60,1.296558439457313,0.6034477052363872,0.6965584394573132,0.3440391560893636,0.8666666666666667,RW,0.0006060607812514718
apartment,RW,60,800,0.02,0.05,0.2,,3,0.3,0.2,2.0,20,0,0.595703125,0.6297526041666667,0.9759114583333334,340.0,7.716666666666667,0.7166666666666667,65.92511877381762,0.18729166666666666,1.0189309576837418,52,1.4736470207360362,0.6242589618931933,0.8736470207360363,0.7624941298116017,0.9230769230769231,RW,0.0005669150525000077
apartment,RW,60,800,0.02,0.05,0.0,,4,0.3,0.2,2.0,20,0,0.6796875,0.6313802083333334,0.869140625,620.0,8.333333333333334,0.7666666666666667,70.43506450501152,0.213125,,60,1.2958481547023792,0.5428796165091984,0.695848154702379,0.42575754549955735,0.9333333333333333,RW,0.0006115793749995646
apartment,RW,60,800,0.02,0.05,0.2,,4,0.3,0.2,2.0,20,0,0.6100260416666666,0.5844726562499999,0.9322916666666666,260.0,7.683333333333334,0.5833333333333334,63.44000912924113,0.19122916666666667,1.049272116461366,48,1.578345636975935,0.7316122226380295,0.978345636975935,0.4093226035680474,0.875,RW,0.0005836590112494377
apartment,RW,60,800,0.02,0.05,0.2,,5,0.3,0.2,2.0,20,0,0.6022135416666666,0.5522786458333334,0.900390625,260.0,6.816666666666666,0.6,58.98332960970404,0.183375,1.0559360730593608,45,1.5593817344478007,0.6774616895841727,0.9593817344478006,0.6879310001668134,0.9555555555555556,RW,0.0005606157812508173
apartment,RW,60,800,0.02,0.05,0.2,,6,0.3,0.2,2.0,20,0,0.5598958333333334,0.5560872395833334,0.9427083333333334,340.0,7.783333333333333,0.55,57.54106700927938,0.19639583333333333,0.979498861047836,44,1.5680308223181476,0.7064726494174142,0.9680308223181474,0.7427705581832883,0.8181818181818182,RW,0.0005663066149986662
apartment,RW,60,800,0.02,0.05,0.0,,5,0.3,0.2,2.0,20,0,0.6875,0.624609375,0.97265625,480.0,8.483333333333333,0.7333333333333333,69.99192534975077,0.216,,60,1.4034542476090544,0.685320073318478,0.8034542476090543,0.35200423893812316,0.85,RW,0.0006028198437502397
apartment,RW,60,800,0.02,0.05,0.0,,6,0.3,0.2,2.0,20,0,0.615234375,0.5871744791666667,0.9036458333333334,460.0,9.816666666666666,0.5833333333333334,71.11127204181942,0.2368125,,60,1.2054863023496556,0.4959596746625036,0.6054863023496555,0.38825473521691317,0.9,RW,0.000586921250001069
apartment,RW,60,800,0.02,0.05,0.0,,7,0.3,0.2,2.0,20,0,0.6920572916666666,0.6422200520833333,0.9895833333333334,320.0,8.65,0.95,70.86243272496975,0.204875,,60,1.3037517648394554,0.5981073274489374,0.7037517648394559,0.46654455523183047,0.9,RW,0.000596234531249138
apartment,RW,60,800,0.02,0.05,0.2,,7,0.3,0.2,2.0,20,0,0.525390625,0.5185221354166667,0.9635416666666666,320.0,8.05,0.75,61.6091429210654,0.18395833333333333,0.8917127071823204,46,1.4130107657055857,0.5185886755172474,0.8130107657055857,0.6706528377557697,1.0,RW,0.0005568466137492579
apartment,RW,60,800,0.02,0.05,0.0,,8,0.3,0.2,2.0,20,0,0.6002604166666666,0.5664713541666667,0.9446614583333334,560.0,9.916666666666666,0.65,69.74205526761652,0.23852083333333332,,60,1.3945863487194603,0.6587576236120569,0.7945863487194603,0.5886813627701558,0.9333333333333333,RW,0.0006032428125013211
apartment,RW,60,800,0.02,0.05,0.2,,8,0.3,0.2,2.0,20,0,0.5970052083333334,0.49189453125,0.8899739583333334,140.0,8.633333333333333,0.7,60.393365128667284,0.20072916666666665,1.2789400278940029,45,1.6348643030079817,0.5379553514959154,1.0348643030079818,0.9984130546311593,0.9111111111111111,RW,0.0005684914587482126
apartment,RW,60,800,0.02,0.05,0.2,,9,0.3,0.2,2.0,20,0,0.5442708333333334,0.54501953125,0.8860677083333334,340.0,7.15,0.5333333333333333,61.931701994950934,0.16879166666666667,0.9609195402298851,45,1.5241215379903774,0.7086694783627804,0.9241215379903777,0.337907634227803,0.9555555555555556,RW,0.0005692040625012851
apartment,RW,60,800,0.02,0.05,0.0,,9,0.3,0.2,2.0,20,0,0.6640625,0.6456380208333334,0.94140625,540.0,8.366666666666667,0.55,71.64876457820857,0.195375,,60,1.3647738920052481,0.6818429972844047,0.764773892005248,0.443816240739192,0.9333333333333333,RW,0.00059167479125108
apartment,RW,60,800,0.02,0.05,0.2,,10,0.3,0.2,2.0,20,0,0.58984375,0.51064453125,0.9049479166666666,320.0,7.9,0.4666666666666667,61.50838370194525,0.19408333333333333,1.0342465753424657,44,1.7188800421274366,0.6445710226224481,1.1188800421274365,0.7918861407222075,0.9090909090909091,RW,0.0005753120312510874
apartment,RW,60,800,0.02,0.05,0.0,,11,0.3,0.2,2.0,20,0,0.7063802083333334,0.6461263020833333,0.9283854166666666,600.0,8.75,0.65,72.53035628049552,0.194625,,60,1.3191859002996535,0.5167135360216725,0.719185900299654,0.39398624376830116,0.9666666666666667,RW,0.000596869114999663
apartment,RW,60,800,0.02,0.05,0.2,,11,0.3,0.2,2.0,20,0,0.6145833333333334,0.6011067708333334,0.9029947916666666,280.0,7.533333333333333,0.7333333333333333,64.52694181067223,0.1735,1.024972855591748,49,1.4143004556981869,0.5449203427697018,0.814300455698187,0.5682144767901068,0.8979591836734694,RW,0.0005725843224990968
apartment,RW,60,800,0.02,0.05,0.0,,10,0.3,0.2,2.0,20,0,0.681640625,0.6380208333333333,0.98046875,540.0,8.283333333333333,0.55,70.35188940492917,0.21602083333333333,,60,1.48466397674787,0.594726447454751,0.88466397674787,0.6688182160499555,0.9666666666666667,RW,0.0006200714587498623
apartment,RW,60,800,0.02,0.05,0.0,,12,0.3,0.2,2.0,20,0,0.6497395833333334,0.6349609375,0.9778645833333334,600.0,8.85,0.7666666666666667,74.71995797674768,0.20722916666666666,,60,1.2963228082153824,0.5770784032467292,0.6963228082153824,0.51234476502372,1.0,RW,0.0005922691662499347
apartment,RW,60,800,0.02,0.05,0.2,,12,0.3,0.2,2.0,20,0,0.6106770833333334,0.58818359375,0.830078125,260.0,7.883333333333334,0.65,66.71885151149871,0.1870625,1.1113744075829386,51,1.3037758927461778,0.7675565224755453,0.7037758927461779,0.28284492895379887,0.8431372549019608,RW,0.000579813125000328
apartment,RW,60,800,0.02,0.05,0.0,,13,0.3,0.2,2.0,20,0,0.6647135416666666,0.6202799479166667,0.9537760416666666,420.0,8.333333333333334,0.65,71.22678511927104,0.21447916666666667,,60,1.3150311836436306,0.5249525141960438,0.7150311836436306,0.4567795684874886,0.9,RW,0.0006031743225003083
apartment,RW,60,800,0.02,0.05,0.2,,13,0.3,0.2,2.0,20,0,0.623046875,0.6119466145833333,0.9576822916666666,360.0,7.183333333333334,0.6,61.8029396122228,0.18725,1.0924657534246576,49,1.4820220611769477,0.7192745094335791,0.8820220611769475,0.470575609525436,0.8571428571428571,RW,0.000600603021250663
apartment,RW,60,800,0.02,0.05,0.2,,14,0.3,0.2,2.0,20,0,0.560546875,0.5431640625,0.8255208333333334,260.0,7.783333333333333,0.6166666666666667,62.08885922518888,0.18004166666666666,1.0436363636363637,46,1.4612195631634282,0.6302329878017917,0.8612195631634283,0.7318624807230215,0.9565217391304348,RW,0.0006010002074981458
apartment,RW,60,800,0.02,0.05,0.0,,15,0.3,0.2,2.0,20,0,0.6608072916666666,0.6239257812499999,0.9459635416666666,420.0,9.716666666666667,0.5833333333333334,70.4393768591424,0.21595833333333334,,60,1.1364220486108116,0.529708293067962,0.5364220486108119,0.28775700303989277,0.8333333333333334,RW,0.0005766507812495547
apartment,RW,60,800,0.02,0.05,0.0,,14,0.3,0.2,2.0,20,0,0.6783854166666666,0.6119791666666666,0.904296875,600.0,9.25,0.8833333333333333,71.56784806462889,0.21072916666666666,,60,1.4761846754762478,0.5614080835709806,0.8761846754762478,0.6418373185692593,0.9666666666666667,RW,0.0006432111975004773
apartment,RW,60,800,0.02,0.05,0.2,,16,0.3,0.2,2.0,20,0,0.568359375,0.5566731770833333,0.916015625,220.0,7.733333333333333,0.6166666666666667,64.31985388057342,0.18591666666666667,1.0646341463414635,50,1.1410212155363373,0.5263052402473208,0.5410212155363372,0.23437616151136165,0.92,RW,0.0005400443749999795
apartment,RW,60,800,0.02,0.05,0.2,,15,0.3,0.2,2.0,20,0,0.4622395833333333,0.48974609375,0.865234375,380.0,8.6,0.4666666666666667,57.8550480618511,0.1909375,0.8022598870056497,42,1.4581830929404924,0.6919147635953311,0.8581830929404923,0.49393085778222734,0.9047619047619048,RW,0.000592848646249422
apartment,RW,60,800,0.02,0.05,0.0,,16,0.3,0.2,2.0,20,0,0.6145833333333334,0.6259440104166667,0.8834635416666666,460.0,8.066666666666666,0.7333333333333333,71.61712451535361,0.2028125,,60,1.3747716421850846,0.6548381268061914,0.774771642185084,0.3892208602754436,0.9,RW,0.0006131367700004376
apartment,RW,60,800,0.02,0.05,0.0,,17,0.3,0.2,2.0,20,0,0.5774739583333334,0.601171875,0.859375,680.0,8.866666666666667,0.6166666666666667,71.17196676775153,0.21891666666666668,,60,1.2623292191113147,0.6566625622361238,0.6623292191113145,0.41438094704274164,0.9333333333333333,RW,0.0006303704162496615
apartment,RW,60,800,0.02,0.05,0.2,,17,0.3,0.2,2.0,20,0,0.6282552083333334,0.5477864583333334,0.9140625,300.0,7.35,0.7666666666666667,58.91188492169114,0.1871875,1.0534934497816595,45,1.5989865481843828,0.6061861728059509,0.9989865481843826,0.5328181951260486,0.9111111111111111,RW,0.000604190572501011
apartment,RW,60,800,0.02,0.05,0.0,,18,0.3,0.2,2.0,20,0,0.705078125,0.6439127604166667,0.9537760416666666,380.0,8.2,0.7,72.02980351970527,0.18645833333333334,,60,1.2069349069798343,0.4766072917503035,0.6069349069798342,0.41256933759053693,0.9333333333333333,RW,0.0005896063025011244
apartment,RW,60,800,0.02,0.05,0.2,,18,0.3,0.2,2.0,20,0,0.6061197916666666,0.5703125,0.9537760416666666,320.0,7.25,0.6333333333333333,64.99068070612739,0.16966666666666666,0.9432624113475176,48,1.4835277112035286,0.4554577679252492,0.8835277112035289,0.7992447764515641,0.9583333333333334,RW,0.0005594779162515806
apartment,RW,60,800,0.02,0.05,0.2,,19,0.3,0.2,2.0,20,0,0.5475260416666666,0.5117513020833332,0.8684895833333334,300.0,7.933333333333334,0.95,61.1433082793241,0.18070833333333333,0.9940898345153664,42,1.6272772386273442,0.7275978611881309,1.027277238627344,0.632153423620248,0.9047619047619048,RW,0.0005558067187507731
apartment,RW,60,800,0.02,0.05,0.2,,20,0.3,0.2,2.0,20,0,0.640625,0.5223307291666667,0.9661458333333334,300.0,7.066666666666666,0.45,59.81222540641434,0.181375,1.0848952590959207,43,1.951945846578002,0.5206998483060948,1.3519458465780019,1.3381733184384035,0.9069767441860465,RW,0.0005742253125004027
apartment,RW,60,800,0.02,0.05,0.0,,20,0.3,0.2,2.0,20,0,0.720703125,0.63681640625,0.9375,600.0,7.9,0.6333333333333333,70.77330634534916,0.2055625,,60,1.3688877787034306,0.6615078726593879,0.7688877787034302,0.4405457578569999,0.9,RW,0.0005924963550000939
apartment,RW,60,800,0.02,0.05,0.0,,19,0.3,0.2,2.0,20,0,0.5852864583333334,0.62216796875,0.9283854166666666,520.0,9.683333333333334,0.8833333333333333,74.27220956707818,0.21458333333333332,,60,1.2714461862718436,0.7058953594295708,0.6714461862718434,0.3065357338066892,0.9,RW,0.0006225126562503647
apartment,RW,60,800,0.02,0.05,0.0,,21,0.3,0.2,2.0,20,0,0.6744791666666666,0.6444661458333333,0.9420572916666666,460.0,7.8,0.9166666666666666,70.45504939181825,0.19377083333333334,,60,1.2669769495869663,0.5265426925440887,0.6669769495869662,0.40889751031376054,0.9666666666666667,RW,0.0006071239574998799
apartment,RW,60,800,0.02,0.05,0.2,,21,0.3,0.2,2.0,20,0,0.5807291666666666,0.5633138020833333,0.892578125,340.0,6.85,0.5833333333333334,58.64518261334019,0.17414583333333333,0.9966480446927374,47,1.48496282983815,0.6514935939512941,0.8849628298381501,0.5406125328784307,0.9574468085106383,RW,0.0005845613025007878
apartment,RW,60,800,0.02,0.05,0.0,,22,0.3,0.2,2.0,20,0,0.6783854166666666,0.6109049479166667,0.9368489583333334,660.0,8.9,0.65,70.37683853662797,0.20835416666666667,,60,1.279215670076031,0.5902727878723648,0.679215670076031,0.4873884745849776,0.85,RW,0.0005990529175005577
apartment,RW,60,800,0.02,0.05,0.2,,23,0.3,0.2,2.0,20,0,0.5227864583333334,0.5480143229166666,0.8619791666666666,340.0,7.566666666666666,0.8,63.0667078250519,0.178625,0.8690476190476191,48,1.2082193339554677,0.5935562198247424,0.6082193339554677,0.2888789225552862,0.875,RW,0.0005603007812510441
apartment,RW,60,800,0.02,0.05,0.2,,22,0.3,0.2,2.0,20,0,0.583984375,0.5600911458333333,0.9342447916666666,300.0,7.7,0.65,61.48133985827383,0.17877083333333332,0.9988864142538976,46,1.4563123087199412,0.6380061105454724,0.8563123087199412,0.5848666171701425,1.0,RW,0.000583550468750218
apartment,RW,60,800,0.02,0.05,0.0,,23,0.3,0.2,2.0,20,0,0.7493489583333334,0.6548177083333334,0.904296875,640.0,8.133333333333333,0.9833333333333333,71.44868617992944,0.1968125,,60,1.379437527949126,0.4126607558535702,0.7794375279491261,0.832475513461907,0.9,RW,0.0005959501562483638
apartment,RW,60,800,0.02,0.05,0.2,,24,0.3,0.2,2.0,20,0,0.654296875,0.58076171875,0.86328125,280.0,8.4,0.7166666666666667,65.99917689762125,0.20752083333333332,1.2917737789203085,50,1.5671254328961757,0.6966283366984043,0.9671254328961758,0.6808185485366961,0.88,RW,0.0005948513537509825
apartment,RW,60,800,0.02,0.05,0.0,,24,0.3,0.2,2.0,20,0,0.6236979166666666,0.6277018229166667,0.919921875,500.0,8.866666666666667,0.7666666666666667,69.16284409202827,0.225875,,60,1.2987981561974273,0.7344587629688097,0.6987981561974271,0.33930071573165416,0.8833333333333333,RW,0.000612419426249744
apartment,RW,60,800,0.02,0.05,0.0,,25,0.3,0.2,2.0,20,0,0.6959635416666666,0.6610677083333333,0.9466145833333334,580.0,8.266666666666667,0.8833333333333333,72.41807953002095,0.19822916666666668,,60,1.363235826716,0.7101780531432825,0.7632358267160003,0.3553280357869927,0.9333333333333333,RW,0.0005921406774996286
apartment,RW,60,800,0.02,0.05,0.2,,25,0.3,0.2,2.0,20,0,0.5859375,0.5400390625,0.96484375,300.0,8.05,0.8,62.474247699991,0.1868125,0.9554140127388535,48,1.4856094838586589,0.6284565799387112,0.8856094838586586,0.41153459994761443,0.9583333333333334,RW,0.00057097302000102
apartment,RW,60,800,0.02,0.05,0.0,,26,0.3,0.2,2.0,20,0,0.6412760416666666,0.6197591145833333,0.88671875,540.0,9.133333333333333,0.6833333333333333,70.67300726699449,0.2063125,,60,1.3418291912208138,0.6945717333194875,0.7418291912208143,0.35136984945858296,0.8666666666666667,RW,0.0006106985412498033
apartment,RW,60,800,0.02,0.05,0.2,,26,0.3,0.2,2.0,20,0,0.6145833333333334,0.5967773437500001,0.947265625,280.0,7.9,0.8166666666666667,65.60685746196617,0.18679166666666666,1.104093567251462,50,1.4861242677022828,0.5111280148175025,0.8861242677022828,0.7598592974928043,0.92,RW,0.0005988920825006971
apartment,RW,60,800,0.02,0.05,0.2,,27,0.3,0.2,2.0,20,0,0.61328125,0.57646484375,0.978515625,320.0,7.75,0.8,66.91820250191024,0.18014583333333334,0.9429429429429429,52,1.2434117949707466,0.5227322582547996,0.6434117949707464,0.40809865424589453,0.9230769230769231,RW,0.0005869346875010706
apartment,RW,60,800,0.02,0.05,0.0,,27,0.3,0.2,2.0,20,0,0.6731770833333334,0.6548177083333334,0.9498697916666666,540.0,7.666666666666667,0.7666666666666667,72.36385853236673,0.181,,60,1.2486498970246178,0.5597543388437877,0.6486498970246178,0.2958340839554628,0.9,RW,0.0005987202087499099
apartment,RW,60,800,0.02,0.05,0.0,,28,0.3,0.2,2.0,20,0,0.6881510416666666,0.61064453125,0.9811197916666666,560.0,8.733333333333333,0.9333333333333333,70.20857850854883,0.20670833333333333,,60,1.3679391116555488,0.7220335872068671,0.7679391116555488,0.28452962609069304,0.9333333333333333,RW,0.0005974123962505473
apartment,RW,60,800,0.02,0.05,0.2,,28,0.3,0.2,2.0,20,0,0.6569010416666666,0.6079427083333332,0.9563802083333334,280.0,7.566666666666666,0.7333333333333333,63.98136030675809,0.17983333333333335,1.2171290711700844,52,1.2916511443243617,0.5210828867601962,0.6916511443243615,0.4247650266524271,1.0,RW,0.000578534843750731
apartment,RW,60,800,0.02,0.05,0.2,,29,0.3,0.2,2.0,20,0,0.5735677083333334,0.5720703125,0.923828125,240.0,7.3,0.7333333333333333,65.75167756317033,0.17808333333333334,0.9756367663344409,49,1.3358021764902543,0.5701531818696625,0.7358021764902545,0.4054017668011235,0.8775510204081632,RW,0.0005691308850009591
apartment,RW,60,800,0.02,0.05,0.0,,29,0.3,0.2,2.0,20,0,0.666015625,0.6264648437500001,0.8776041666666666,380.0,8.283333333333333,0.8666666666666667,72.86260806387709,0.19927083333333334,,60,1.3352569280617457,0.6698390822053171,0.7352569280617459,0.3922004337857138,0.9166666666666666,RW,0.0005920884900001511
rubble,RW,60,800,0.02,0.05,0.0,,0,0.3,0.2,2.0,20,0,0.6361731843575419,0.5942737430167597,0.888268156424581,700.0,8.366666666666667,1.6,61.42416208734759,0.21895833333333334,,60,1.2676104647783,0.7481783961036459,0.6676104647782997,0.3010644675615221,0.9333333333333333,RW,0.0005940837499997542
rubble,RW,60,800,0.02,0.05,0.2,,0,0.3,0.2,2.0,20,0,0.513268156424581,0.49343575418994423,0.8051675977653632,220.0,7.316666666666666,1.3666666666666667,50.88630016274492,0.189125,0.9722222222222222,45,1.2815581797756097,0.5712673593323296,0.6815581797756097,0.4111616470518532,0.8,RW,0.0005731372399986868
rubble,RW,60,800,0.02,0.05,0.0,,1,0.3,0.2,2.0,20,0,0.5705307262569832,0.5807960893854749,0.7835195530726257,360.0,8.416666666666666,1.7,59.781902728988634,0.2295,,60,1.1978713172019566,0.5654844137489589,0.5978713172019564,0.4174113859168268,0.8833333333333333,RW,0.0006009717187498609
rubble,RW,60,800,0.02,0.05,0.2,,1,0.3,0.2,2.0,20,0,0.5977653631284916,0.5690293296089385,0.8582402234636871,300.0,7.666666666666667,1.6666666666666667,54.81781684482432,0.20575,1.0960307298335468,50,1.2914571048834846,0.6610597275415253,0.6914571048834846,0.3807887019572041,0.96,RW,0.0005923498962488339
rubble,RW,60,800,0.02,0.05,0.0,,2,0.3,0.2,2.0,20,0,0.6263966480446927,0.5960893854748603,0.8770949720670391,540.0,8.733333333333333,2.4,63.20993621956452,0.2105625,,60,1.3819817362285365,0.8277445014676762,0.7819817362285363,0.20159176561900904,0.8,RW,0.0005950181762477769
rubble,RW,60,800,0.02,0.05,0.2,,2,0.3,0.2,2.0,20,0,0.5384078212290503,0.5490921787709497,0.8575418994413407,280.0,7.466666666666667,1.7833333333333334,53.13240027646771,0.1775625,0.9577639751552796,46,1.4394145746830629,0.5703946909953951,0.8394145746830629,0.5837423193755183,0.9565217391304348,RW,0.0005733114574991304
rubble,RW,60,800,0.02,0.05,0.2,,3,0.3,0.2,2.0,20,0,0.5377094972067039,0.5654329608938548,0.9043296089385475,240.0,7.416666666666667,1.55,55.02670111544433,0.1794375,1.0013003901170352,49,1.3402237471026066,0.5974769154384123,0.7402237471026064,0.4572476259401127,1.0,RW,0.0005678667187498832
rubble,RW,60,800,0.02,0.05,0.0,,3,0.3,0.2,2.0,20,0,0.604050279329609,0.5796089385474861,0.8491620111731844,440.0,8.716666666666667,1.95,63.24229371539918,0.21116666666666667,,60,1.3374113068816087,0.7718437473062536,0.7374113068816087,0.33738475826085995,0.8,RW,0.000572449582500667
rubble,RW,60,800,0.02,0.05,0.2,,4,0.3,0.2,2.0,20,0,0.5481843575418994,0.5306913407821229,0.7960893854748603,220.0,7.3,1.7,50.94776070442537,0.20702083333333332,1.0452729693741678,46,1.735090826410843,0.6637178432124164,1.1350908264108428,0.9157836764874652,0.9565217391304348,RW,0.0005615247387504496
rubble,RW,60,800,0.02,0.05,0.0,,4,0.3,0.2,2.0,20,0,0.6494413407821229,0.5879888268156425,0.8456703910614525,520.0,8.933333333333334,1.95,59.578669542898155,0.24045833333333333,,60,1.2733465202054233,0.5660623771621719,0.673346520205423,0.48370628889162837,0.7666666666666667,RW,0.0006134284375002608
rubble,RW,60,800,0.02,0.05,0.0,,5,0.3,0.2,2.0,20,0,0.6277932960893855,0.6158519553072626,0.8777932960893855,440.0,8.833333333333334,1.9666666666666666,59.59880557451093,0.23814583333333333,,60,1.2386138544909202,0.4955352859637728,0.6386138544909199,0.4310238346786973,0.9,RW,0.0005899041149996265
rubble,RW,60,800,0.02,0.05,0.2,,5,0.3,0.2,2.0,20,0,0.5181564245810056,0.5463337988826816,0.835195530726257,300.0,7.266666666666667,1.7833333333333334,52.715063207605255,0.21372916666666666,0.9525032092426189,50,1.3589940080117904,0.5564953125420261,0.7589940080117903,0.49807355283730603,1.0,RW,0.0005788232812506067
rubble,RW,60,800,0.02,0.05,0.2,,6,0.3,0.2,2.0,20,0,0.5405027932960894,0.5503840782122905,0.803072625698324,260.0,7.766666666666667,1.9,54.29313385100711,0.22070833333333334,1.0292553191489362,52,1.3987559068055242,0.6892000687942211,0.7987559068055238,0.48785782782890064,0.8076923076923077,RW,0.0005758522912492481
rubble,RW,60,800,0.02,0.05,0.0,,6,0.3,0.2,2.0,20,0,0.5670391061452514,0.5464385474860335,0.7758379888268156,400.0,9.116666666666667,1.7333333333333334,61.161507946316576,0.24372916666666666,,60,1.1528060460065717,0.5113103845202529,0.5528060460065716,0.39273756878679916,0.8166666666666667,RW,0.0005994136987510501
rubble,RW,60,800,0.02,0.05,0.2,,7,0.3,0.2,2.0,20,0,0.5593575418994413,0.5884078212290502,0.9483240223463687,280.0,6.816666666666666,1.8166666666666667,50.922795615076566,0.1864375,0.9154285714285714,49,1.380152095181735,0.6682309068806843,0.7801520951817352,0.5372612161038764,0.9183673469387755,RW,0.0005636231250014134
rubble,RW,60,800,0.02,0.05,0.0,,7,0.3,0.2,2.0,20,0,0.6703910614525139,0.6487779329608939,0.9238826815642458,440.0,7.55,1.7666666666666666,57.3353214763362,0.20314583333333333,,60,1.2953704540482958,0.5565921287966066,0.6953704540482958,0.4523198835475458,0.8666666666666667,RW,0.0005950536975001342
rubble,RW,60,800,0.02,0.05,0.0,,8,0.3,0.2,2.0,20,0,0.6689944134078212,0.5886522346368717,0.8987430167597765,640.0,8.766666666666667,2.2333333333333334,63.42404715565763,0.218625,,60,1.2749947985228984,0.45681980855462795,0.6749947985228987,0.4605575761314583,0.9333333333333333,RW,0.000599721041248813
rubble,RW,60,800,0.02,0.05,0.2,,8,0.3,0.2,2.0,20,0,0.5712290502793296,0.5595670391061452,0.9113128491620112,260.0,7.833333333333333,1.7333333333333334,56.442684235930436,0.1956875,1.097986577181208,51,1.339790689017705,0.7166880597545425,0.739790689017705,0.25388158562602203,1.0,RW,0.0005803023437511002
rubble,RW,60,800,0.02,0.05,0.0,,9,0.3,0.2,2.0,20,0,0.6361731843575419,0.6073673184357541,0.9294692737430168,500.0,9.016666666666667,1.8333333333333333,61.160975201178104,0.21895833333333334,,60,1.276214784234529,0.5317833894768085,0.6762147842345289,0.37852768720931873,0.8666666666666667,RW,0.000585710468749312
rubble,RW,60,800,0.02,0.05,0.2,,9,0.3,0.2,2.0,20,0,0.5670391061452514,0.5653980446927375,0.9420391061452514,320.0,7.65,1.7166666666666666,53.26252485954241,0.18975,0.9914529914529916,49,1.59024734457273,0.7660615967170668,0.99024734457273,0.8550460836096428,0.9183673469387755,RW,0.0005774185937502807
rubble,RW,60,800,0.02,0.05,0.0,,10,0.3,0.2,2.0,20,0,0.5865921787709497,0.5819832402234637,0.8819832402234636,500.0,8.533333333333333,1.7,59.10244339943879,0.2246875,,60,1.370618363169979,0.7366853551855096,0.770618363169979,0.42139769784681447,0.8666666666666667,RW,0.0006026211974995021
rubble,RW,60,800,0.02,0.05,0.2,,10,0.3,0.2,2.0,20,0,0.5712290502793296,0.5013268156424581,0.8582402234636871,320.0,7.6,1.5333333333333334,50.38036030888159,0.1953125,1.157001414427157,44,1.7991222949088068,0.7144268345600369,1.1991222949088065,0.8185699938518557,0.8636363636363636,RW,0.000584601874998043
rubble,RW,60,800,0.02,0.05,0.2,,11,0.3,0.2,2.0,20,0,0.5523743016759777,0.5440642458100559,0.8268156424581006,280.0,7.333333333333333,1.7,55.83045193655163,0.18941666666666668,0.9394299287410927,49,1.3577104950540142,0.45999520831724666,0.7577104950540146,0.6742173429803927,0.8775510204081632,RW,0.0005699876562493955
rubble,RW,60,800,0.02,0.05,0.0,,12,0.3,0.2,2.0,20,0,0.6291899441340782,0.5990223463687152,0.8791899441340782,640.0,8.216666666666667,2.3666666666666667,61.54609698904028,0.20220833333333332,,60,1.4151612722104379,0.7566856540150436,0.8151612722104379,0.41121520447160625,0.8666666666666667,RW,0.0005852898437501608
rubble,RW,60,800,0.02,0.05,0.0,,11,0.3,0.2,2.0,20,0,0.645949720670391,0.6016759776536313,0.8526536312849162,400.0,7.3,2.1166666666666667,61.91092203059333,0.2073125,,60,1.439589681957001,0.6566955327210426,0.8395896819570009,0.5370612226434065,0.9666666666666667,RW,0.0006192030724992037
rubble,RW,60,800,0.02,0.05,0.2,,12,0.3,0.2,2.0,20,0,0.6005586592178771,0.5452863128491622,0.9085195530726257,220.0,7.066666666666666,1.9333333333333333,55.38303729896684,0.17985416666666668,1.1082474226804122,49,1.7087262584487521,0.7306838725647624,1.1087262584487525,0.8238116333627404,0.9183673469387755,RW,0.0006064294275006432
rubble,RW,60,800,0.02,0.05,0.2,,13,0.3,0.2,2.0,20,0,0.5279329608938548,0.503072625698324,0.8317039106145251,320.0,8.1,1.3833333333333333,49.573776491480594,0.23366666666666666,0.9606099110546379,43,1.482252374337948,0.8978579211810063,0.8822523743379482,0.35639309490474447,0.8604651162790697,RW,0.0005780061974996897
rubble,RW,60,800,0.02,0.05,0.0,,13,0.3,0.2,2.0,20,0,0.6396648044692738,0.5576466480446929,0.8379888268156425,580.0,9.5,1.7,58.141209975526344,0.2649375,,60,1.4711846427133077,0.7563997675992282,0.8711846427133078,0.6165354588540747,0.9333333333333333,RW,0.0006422899475001031
rubble,RW,60,800,0.02,0.05,0.0,,14,0.3,0.2,2.0,20,0,0.6215083798882681,0.5973463687150838,0.8344972067039106,460.0,7.833333333333333,2.066666666666667,60.02505373079013,0.2381875,,60,1.274820813903509,0.6832527561018484,0.6748208139035089,0.27936277583831143,0.9666666666666667,RW,0.0006299268225006926
rubble,RW,60,800,0.02,0.05,0.2,,14,0.3,0.2,2.0,20,0,0.5439944134078212,0.5254539106145251,0.8198324022346368,240.0,7.433333333333334,1.6333333333333333,53.33104380503592,0.221375,1.0527027027027025,49,1.5378034502860978,0.6936525863910254,0.9378034502860978,0.663930919443051,0.9591836734693877,RW,0.0005827128650003033
rubble,RW,60,800,0.02,0.05,0.0,,15,0.3,0.2,2.0,20,0,0.6103351955307262,0.5771648044692739,0.8554469273743017,420.0,8.366666666666667,1.8333333333333333,60.462018273751745,0.24541666666666667,,60,1.4445983361636863,0.800516059427676,0.8445983361636863,0.5134939317422992,0.8666666666666667,RW,0.0006314664587512198
rubble,RW,60,800,0.02,0.05,0.2,,15,0.3,0.2,2.0,20,0,0.5670391061452514,0.5249650837988826,0.861731843575419,280.0,8.133333333333333,1.8333333333333333,56.56902103609481,0.2305625,1.0987821380243572,49,1.589260002858642,0.75086413836401,0.9892600028586421,0.7388746776775,0.9591836734693877,RW,0.00061873541624891
rubble,RW,60,800,0.02,0.05,0.2,,16,0.3,0.2,2.0,20,0,0.4860335195530726,0.5103701117318437,0.8847765363128491,340.0,7.25,1.4333333333333333,49.8999131831116,0.21495833333333333,0.9109947643979058,42,1.6270133290699391,0.8162721862292273,1.0270133290699395,0.547266939723643,0.9047619047619048,RW,0.000585596406251625
rubble,RW,60,800,0.02,0.05,0.0,,16,0.3,0.2,2.0,20,0,0.590782122905028,0.5768505586592179,0.8421787709497207,480.0,8.716666666666667,1.8,59.88103672940045,0.2535833333333333,,60,1.2257179985173672,0.5597155981389151,0.6257179985173672,0.33567136739886816,0.8833333333333333,RW,0.00061646567750131
rubble,RW,60,800,0.02,0.05,0.0,,17,0.3,0.2,2.0,20,0,0.6201117318435754,0.6038756983240223,0.8659217877094972,460.0,8.233333333333333,2.1333333333333333,62.001883825360395,0.21808333333333332,,60,1.2916108810346894,0.526596011363069,0.6916108810346895,0.5528431517412266,0.8,RW,0.000608175468751142
rubble,RW,60,800,0.02,0.05,0.2,,17,0.3,0.2,2.0,20,0,0.577513966480447,0.5475907821229049,0.8847765363128491,300.0,7.466666666666667,2.0,55.305792994503264,0.19591666666666666,1.0222496909765142,48,1.5318972374444673,0.7373621709358469,0.9318972374444673,0.45641498182734186,0.8333333333333334,RW,0.0006092291150002893
rubble,RW,60,800,0.02,0.05,0.0,,18,0.3,0.2,2.0,20,0,0.6417597765363129,0.6370460893854748,0.9134078212290503,520.0,7.416666666666667,1.7333333333333334,57.913266364804855,0.24645833333333333,,60,1.3851892321277282,0.5100957563709817,0.7851892321277281,0.6903210464955338,0.9333333333333333,RW,0.0006124464062486367
rubble,RW,60,800,0.02,0.05,0.2,,18,0.3,0.2,2.0,20,0,0.5879888268156425,0.5714734636871509,0.8400837988826816,300.0,7.25,1.6333333333333333,53.57122952310144,0.23545833333333333,1.0935064935064935,52,1.4832610971005145,0.5813945830146054,0.8832610971005145,0.8786411042245909,1.0,RW,0.0005889797387499129
rubble,RW,60,800,0.02,0.05,0.0,,19,0.3,0.2,2.0,20,0,0.625,0.592108938547486,0.9085195530726257,440.0,8.766666666666667,2.0166666666666666,61.15100250611424,0.21727083333333333,,60,1.2946555798903854,0.6744525934265811,0.6946555798903854,0.35851342663306424,0.8333333333333334,RW,0.0006021319262504221
rubble,RW,60,800,0.02,0.05,0.2,,19,0.3,0.2,2.0,20,0,0.5090782122905028,0.5099162011173182,0.8142458100558659,320.0,7.516666666666667,1.7333333333333334,53.19305757583534,0.18808333333333332,0.8762019230769229,44,1.567411881997534,0.7035746993939896,0.967411881997534,0.7148967989113121,1.0,RW,0.0005541425512501518
rubble,RW,60,800,0.02,0.05,0.2,,20,0.3,0.2,2.0,20,0,0.5831005586592178,0.5525488826815642,0.909217877094972,280.0,6.8,1.7333333333333334,54.59842095690859,0.20810416666666667,1.0108958837772397,49,1.4630028239319341,0.6637854323993271,0.8630028239319343,0.45085435626505943,0.9591836734693877,RW,0.0005883191662496756
rubble,RW,60,800,0.02,0.05,0.0,,20,0.3,0.2,2.0,20,0,0.6976256983240223,0.6186103351955308,0.9252793296089385,580.0,7.566666666666666,2.033333333333333,61.79833065841049,0.225,,60,1.3745253097247019,0.5218193808439074,0.7745253097247018,0.6735731897277787,0.9,RW,0.0006063414062509765
rubble,RW,60,800,0.02,0.05,0.0,,21,0.3,0.2,2.0,20,0,0.571927374301676,0.5513966480446927,0.8058659217877095,600.0,9.416666666666666,1.7333333333333334,59.19856669291626,0.2631875,,60,1.1546222676668636,0.5342418189481433,0.5546222676668632,0.3723584642189203,0.9,RW,0.0005928494274985496
rubble,RW,60,800,0.02,0.05,0.2,,21,0.3,0.2,2.0,20,0,0.5335195530726257,0.5266061452513966,0.854050279329609,280.0,8.433333333333334,1.6333333333333333,54.01615155122702,0.23995833333333333,1.0929899856938483,51,1.5940635939713172,0.8333668933637649,0.9940635939713175,0.5943650939590962,0.9215686274509803,RW,0.0005838144787503552
rubble,RW,60,800,0.02,0.05,0.0,,22,0.3,0.2,2.0,20,0,0.5754189944134078,0.5857192737430168,0.7730446927374302,300.0,8.3,2.0833333333333335,63.53217829787287,0.21508333333333332,,60,1.0716523922696448,0.5262264717512309,0.47165239226964484,0.37713258182634624,0.9333333333333333,RW,0.0005954869787501594
rubble,RW,60,800,0.02,0.05,0.2,,22,0.3,0.2,2.0,20,0,0.5370111731843575,0.5357541899441339,0.7702513966480447,300.0,7.783333333333333,1.7166666666666666,56.9735730903651,0.1990625,1.0171957671957672,51,1.3410522261913758,0.5861330509055317,0.7410522261913756,0.4536670106620543,0.8823529411764706,RW,0.0005891448950001176
rubble,RW,60,800,0.02,0.05,0.0,,23,0.3,0.2,2.0,20,0,0.630586592178771,0.5851256983240224,0.8596368715083799,420.0,9.2,1.7333333333333334,58.823017152695506,0.24541666666666667,,60,1.4274842491862811,0.8085638483946795,0.8274842491862813,0.36159841709042706,0.9,RW,0.0005992871349985762
rubble,RW,60,800,0.02,0.05,0.2,,23,0.3,0.2,2.0,20,0,0.48114525139664804,0.49392458100558645,0.8205307262569832,300.0,8.033333333333333,1.5333333333333334,50.097674957081544,0.21264583333333334,0.8788265306122449,42,1.451867939508703,0.6995045602307588,0.8518679395087029,0.3285576960422955,0.8809523809523809,RW,0.0005915931775007266
rubble,RW,60,800,0.02,0.05,0.2,,24,0.3,0.2,2.0,20,0,0.5300279329608939,0.5143505586592179,0.8854748603351955,280.0,7.816666666666666,1.45,53.46832176076189,0.22847916666666668,1.0425824175824177,46,1.6507159711422363,0.7368816359871744,1.0507159711422371,0.6918633434340816,0.9565217391304348,RW,0.0005780719262497768
rubble,RW,60,800,0.02,0.05,0.0,,24,0.3,0.2,2.0,20,0,0.5886871508379888,0.5568784916201117,0.8023743016759777,600.0,8.8,1.6666666666666667,59.19211480246976,0.25658333333333333,,60,1.2151626848121555,0.6500728109633309,0.6151626848121553,0.3046924006692213,0.9,RW,0.0006186407812492689
rubble,RW,60,800,0.02,0.05,0.2,,25,0.3,0.2,2.0,20,0,0.6054469273743017,0.5665502793296089,0.8568435754189944,300.0,7.483333333333333,1.7666666666666666,51.384854296121574,0.20525,1.061199510403917,50,1.5927539819918197,0.623537418180023,0.9927539819918196,0.8371623192119714,0.96,RW,0.0005663606250004705
rubble,RW,60,800,0.02,0.05,0.0,,25,0.3,0.2,2.0,20,0,0.6682960893854749,0.6499301675977653,0.9329608938547486,420.0,8.4,1.8333333333333333,57.98140011632684,0.22579166666666667,,60,1.3239758146440843,0.48031317150855285,0.7239758146440842,0.616986708908471,0.9333333333333333,RW,0.00060144916750005
rubble,RW,60,800,0.02,0.05,0.2,,26,0.3,0.2,2.0,20,0,0.539804469273743,0.5167248603351956,0.7807262569832403,240.0,6.883333333333334,1.3833333333333333,53.14427375580523,0.1804375,0.9910256410256412,47,1.5257171691459757,0.734166379199592,0.9257171691459759,0.4849170601499394,0.8723404255319149,RW,0.0005460166662487609
rubble,RW,60,800,0.02,0.05,0.0,,26,0.3,0.2,2.0,20,0,0.5914804469273743,0.5778282122905029,0.8917597765363129,600.0,8.083333333333334,1.4833333333333334,59.932779590162255,0.20916666666666667,,60,1.2718182821092634,0.7328520127788694,0.6718182821092635,0.3688693405221217,0.8833333333333333,RW,0.0006016588537499956
rubble,RW,60,800,0.02,0.05,0.0,,27,0.3,0.2,2.0,20,0,0.5460893854748603,0.5691689944134077,0.7458100558659218,320.0,7.683333333333334,1.8,60.52521632550452,0.20654166666666668,,60,1.195179919231129,0.6420619210719313,0.5951799192311291,0.37136730585496536,0.9,RW,0.0005822346350009866
rubble,RW,60,800,0.02,0.05,0.2,,27,0.3,0.2,2.0,20,0,0.5747206703910615,0.5740223463687151,0.914804469273743,280.0,6.983333333333333,1.8166666666666667,53.86137164740108,0.18414583333333334,1.0716145833333333,50,1.3891110860910771,0.5206132484907181,0.7891110860910772,0.6961134324636838,0.96,RW,0.0005666033337502085
rubble,RW,60,800,0.02,0.05,0.0,,28,0.3,0.2,2.0,20,0,0.6340782122905028,0.5952863128491619,0.8009776536312849,460.0,8.716666666666667,2.1666666666666665,59.630185969116305,0.24385416666666668,,60,1.2499550258103578,0.5844729656522126,0.6499550258103578,0.43798670794468886,0.8333333333333334,RW,0.0005816396875002283
rubble,RW,60,800,0.02,0.05,0.2,,29,0.3,0.2,2.0,20,0,0.5314245810055865,0.5240921787709497,0.8868715083798883,300.0,7.616666666666666,1.3666666666666667,50.42143824530487,0.20114583333333333,0.9768934531450577,44,1.7775290252511278,0.8810086692257079,1.1775290252511277,0.4993046340427799,0.9090909090909091,RW,0.0005557627600001069
rubble,RW,60,800,0.02,0.05,0.2,,28,0.3,0.2,2.0,20,0,0.590782122905028,0.5525837988826817,0.7695530726256983,260.0,8.483333333333333,1.6833333333333333,54.34616071165041,0.22935416666666666,1.154160982264666,52,1.5356850287565864,0.867180577701288,0.9356850287565864,0.44545710263232297,0.8846153846153846,RW,0.0005612775524991776
rubble,RW,60,800,0.02,0.05,0.0,,29,0.3,0.2,2.0,20,0,0.6187150837988827,0.5746159217877095,0.8652234636871509,320.0,9.033333333333333,1.7333333333333334,59.43790008678339,0.23541666666666666,,60,1.452475151809058,0.8405477943534676,0.8524751518090582,0.48571379608274223,0.85,RW,0.0005796947925000495
office,A,60,800,0.02,0.05,0.0,,1,0.3,0.2,2.0,20,0,0.4921875,0.4941731770833333,0.8932291666666666,160.0,5.866666666666666,0.36666666666666664,57.897280283352714,0.11652083333333334,,60,1.3988777735449405,0.897002803228055,0.7988777735449406,0.22269907639938463,0.9666666666666667,A,0.0005676519799999368
office,A,60,800,0.02,0.05,0.2,,0,0.3,0.2,2.0,20,0,0.4654947916666667,0.4222005208333333,0.8404947916666666,240.0,5.233333333333333,0.25,52.50478680774719,0.1029375,0.9005037783375315,47,1.4103841320055552,0.7856391638827016,0.8103841320055555,0.3495981083866093,0.9148936170212766,A,0.00059117843750073
office,A,60,800,0.02,0.05,0.0,,0,0.3,0.2,2.0,20,0,0.5,0.4952799479166668,0.8430989583333334,320.0,6.15,0.25,59.65157307274203,0.12435416666666667,,60,1.2246826550284124,0.6687596204624408,0.6246826550284124,0.3649236146113129,0.9333333333333333,A,0.0006217730200000915
office,A,60,800,0.02,0.05,0.2,,1,0.3,0.2,2.0,20,0,0.5299479166666666,0.4684895833333333,0.8938802083333334,120.0,4.916666666666667,0.3,52.02872334050076,0.09583333333333334,1.1900584795321636,46,1.5355978957285406,0.641551842118182,0.9355978957285408,0.4998756431593755,0.9565217391304348,A,0.0005516201562500101
office,A,60,800,0.02,0.05,0.0,,2,0.3,0.2,2.0,20,0,0.5188802083333334,0.5119466145833333,0.94921875,480.0,5.9,0.4166666666666667,59.613246480557855,0.11291666666666667,,60,1.1114436342914926,0.6563131463407521,0.5114436342914925,0.24261328818934885,0.9333333333333333,A,0.0005921513537487044
office,A,60,800,0.02,0.05,0.2,,2,0.3,0.2,2.0,20,0,0.486328125,0.4730143229166667,0.8489583333333334,200.0,5.2,0.35,55.41716631559948,0.10079166666666667,1.0013404825737267,53,1.1424066309352385,0.48732558493412503,0.5424066309352384,0.3502841090108705,0.8867924528301887,A,0.0005974928125010592
office,A,60,800,0.02,0.05,0.2,,3,0.3,0.2,2.0,20,0,0.5377604166666666,0.5260091145833334,0.8658854166666666,200.0,5.033333333333333,0.45,55.00966337277493,0.10691666666666666,0.9987908101571945,55,1.4260235065597757,0.8155908542513722,0.8260235065597754,0.41041579885138557,0.9636363636363636,A,0.000557019843749913
office,A,60,800,0.02,0.05,0.0,,3,0.3,0.2,2.0,20,0,0.6256510416666666,0.5839518229166667,0.9700520833333334,520.0,5.15,0.45,60.16482273289026,0.11304166666666667,,60,1.3106932176431327,0.593072683829057,0.7106932176431328,0.48017224993132857,0.8333333333333334,A,0.0005780949475001762
office,A,60,800,0.02,0.05,0.0,,4,0.3,0.2,2.0,20,0,0.5013020833333334,0.4946940104166667,0.822265625,540.0,5.833333333333333,0.3333333333333333,57.46816848423094,0.11610416666666666,,60,1.2669721765058735,0.8002530390154786,0.6669721765058735,0.31366035992917685,0.9,A,0.0006036175524991449
office,A,60,800,0.02,0.05,0.2,,5,0.3,0.2,2.0,20,0,0.5182291666666666,0.5082682291666666,0.91015625,240.0,5.5,0.4166666666666667,53.272711992726165,0.10427083333333333,1.07277628032345,51,1.4900364559612178,0.836951905742211,0.8900364559612174,0.4478388870729225,0.9607843137254902,A,0.0005692633337503139
office,A,60,800,0.02,0.05,0.2,,4,0.3,0.2,2.0,20,0,0.4602864583333333,0.4660481770833334,0.904296875,200.0,4.833333333333333,0.25,48.38888348010748,0.09083333333333334,0.965846994535519,45,1.3154356621832468,0.6380848415446804,0.715435662183247,0.3709637982670344,0.9555555555555556,A,0.0005912057287514471
office,A,60,800,0.02,0.05,0.0,,5,0.3,0.2,2.0,20,0,0.587890625,0.5426106770833333,0.8743489583333334,500.0,5.65,0.4,58.16787260828267,0.1125,,60,1.3778006119222732,0.7633413482740942,0.7778006119222733,0.4636613473929947,0.9,A,0.0006122838012515786
office,A,60,800,0.02,0.05,0.0,,6,0.3,0.2,2.0,20,0,0.470703125,0.4672526041666667,0.8860677083333334,300.0,5.383333333333334,0.4166666666666667,57.70315417546612,0.12547916666666667,,60,1.3330890369760797,0.8366744693973703,0.7330890369760795,0.3198569771144629,0.9,A,0.0006149583849992268
office,A,60,800,0.02,0.05,0.2,,6,0.3,0.2,2.0,20,0,0.4596354166666667,0.4048828125,0.8854166666666666,300.0,4.933333333333334,0.4666666666666667,52.304706754619055,0.10841666666666666,1.0172910662824208,46,1.3936114772132486,0.8178918377778344,0.793611477213249,0.3738731558524945,1.0,A,0.0005784301562516702
office,A,60,800,0.02,0.05,0.0,,7,0.3,0.2,2.0,20,0,0.5384114583333334,0.4712890625,0.8528645833333334,680.0,5.85,0.5,58.853567907012376,0.12110416666666667,,60,1.3301962552873015,0.8575427586095081,0.7301962552873017,0.30720225950543856,0.9666666666666667,A,0.000605176770000071
office,A,60,800,0.02,0.05,0.2,,7,0.3,0.2,2.0,20,0,0.4622395833333333,0.4418619791666667,0.8072916666666666,240.0,5.183333333333334,0.5,53.521982732774994,0.10672916666666667,0.9820193637621023,50,1.2407478198952742,0.9637358792022492,0.6407478198952742,0.26448748239650444,1.0,A,0.0005995682812499581
office,A,60,800,0.02,0.05,0.0,,8,0.3,0.2,2.0,20,0,0.5475260416666666,0.51572265625,0.8880208333333334,500.0,5.2,0.43333333333333335,57.97819016160268,0.11366666666666667,,60,1.4366288520245447,0.9537345350613511,0.8366288520245444,0.3151456943745468,0.9,A,0.000605134218751573
office,A,60,800,0.02,0.05,0.2,,8,0.3,0.2,2.0,20,0,0.474609375,0.4789713541666667,0.900390625,120.0,4.05,0.4166666666666667,48.33636750472231,0.08591666666666667,1.0195804195804195,42,1.8224630958952368,0.8958868838962533,1.222463095895237,0.6335423316918424,0.9047619047619048,A,0.0005731348962490302
office,A,60,800,0.02,0.05,0.2,,9,0.3,0.2,2.0,20,0,0.5110677083333334,0.46119791666666676,0.9036458333333334,360.0,5.183333333333334,0.45,54.00008769829635,0.09535416666666667,1.0466666666666666,47,1.4165670508590253,0.7552250558529271,0.8165670508590251,0.3887077102722656,0.9148936170212766,A,0.0005829647400014437
office,A,60,800,0.02,0.05,0.0,,9,0.3,0.2,2.0,20,0,0.5787760416666666,0.501953125,0.8893229166666666,620.0,6.366666666666666,0.35,60.82123669479496,0.11616666666666667,,60,1.4429742805770764,0.824623649579227,0.8429742805770767,0.36625775730942256,0.9,A,0.0006139325512504001
office,A,60,800,0.02,0.05,0.2,,10,0.3,0.2,2.0,20,0,0.4635416666666667,0.4371419270833333,0.8385416666666666,260.0,4.583333333333333,0.3333333333333333,50.17400194160168,0.10197916666666666,0.900126422250316,43,1.5726423245179035,0.8102894657847965,0.9726423245179037,0.4776055806876668,1.0,A,0.0005766834900009599
office,A,60,800,0.02,0.05,0.0,,10,0.3,0.2,2.0,20,0,0.58203125,0.5502604166666666,0.9361979166666666,300.0,5.2,0.3,59.416170214957575,0.11925,,60,1.4286063781029505,0.7854041496183609,0.8286063781029508,0.42077274587887137,0.95,A,0.0006164670312500675
office,A,60,800,0.02,0.05,0.0,,11,0.3,0.2,2.0,20,0,0.5696614583333334,0.5516927083333334,0.9479166666666666,360.0,5.816666666666666,0.55,59.890067641215964,0.11189583333333333,,60,1.3325677923801795,0.8656570282760712,0.7325677923801794,0.30031287116068167,0.9,A,0.000619646302500314
office,A,60,800,0.02,0.05,0.2,,11,0.3,0.2,2.0,20,0,0.4772135416666667,0.4846354166666667,0.9654947916666666,340.0,5.0,0.38333333333333336,52.3933867298599,0.09235416666666667,0.9337579617834395,46,1.470616501089884,0.7821234407204545,0.8706165010898842,0.4593746993604205,1.0,A,0.0005766419262499767
office,A,60,800,0.02,0.05,0.2,,12,0.3,0.2,2.0,20,0,0.5533854166666666,0.5110026041666667,0.8639322916666666,180.0,4.533333333333333,0.45,54.23688433137491,0.09439583333333333,1.1612021857923496,50,1.3124862908549082,0.6674184814859602,0.7124862908549082,0.3833626978422213,1.0,A,0.000584243541250089
office,A,60,800,0.02,0.05,0.0,,12,0.3,0.2,2.0,20,0,0.5234375,0.5276692708333333,0.8802083333333334,660.0,5.25,0.5333333333333333,59.4784625448974,0.11014583333333333,,60,1.1916683000520656,0.6913884600136934,0.5916683000520653,0.27141916976530367,0.8333333333333334,A,0.0006180116137488767
office,A,60,800,0.02,0.05,0.0,,13,0.3,0.2,2.0,20,0,0.4635416666666667,0.4517903645833332,0.7356770833333334,120.0,6.6,0.31666666666666665,58.7469384249738,0.1260625,,60,1.2211913735376665,0.7959216257886481,0.6211913735376664,0.25857680986933884,0.8333333333333334,A,0.0006311570837510772
office,A,60,800,0.02,0.05,0.2,,13,0.3,0.2,2.0,20,0,0.4680989583333333,0.43242187500000007,0.7272135416666666,120.0,5.533333333333333,0.3333333333333333,52.80970119191412,0.10339583333333334,1.0877458396369137,47,1.699240077940915,0.8351379224299975,1.099240077940915,0.5049185340631362,0.9148936170212766,A,0.0005924134375004541
office,A,60,800,0.02,0.05,0.2,,14,0.3,0.2,2.0,20,0,0.4928385416666667,0.4818359375000001,0.91796875,240.0,4.983333333333333,0.38333333333333336,51.64404588144492,0.097125,1.036986301369863,47,1.5845588773494217,0.8110892346228742,0.9845588773494215,0.43966613905512963,0.9574468085106383,A,0.000597610988750148
office,A,60,800,0.02,0.05,0.0,,14,0.3,0.2,2.0,20,0,0.5794270833333334,0.54970703125,0.9661458333333334,500.0,5.716666666666667,0.2833333333333333,58.62110700515398,0.11189583333333333,,60,1.5258485767468275,0.8580246421387674,0.9258485767468276,0.35456839042451754,0.9,A,0.0006363094275002368
office,A,60,800,0.02,0.05,0.0,,15,0.3,0.2,2.0,20,0,0.53125,0.4794921874999999,0.91015625,480.0,5.9,0.4166666666666667,56.786420313769206,0.12079166666666667,,60,1.494308032299231,0.8305897638868892,0.8943080322992312,0.3913248746260074,0.9666666666666667,A,0.0006404873949986722
office,A,60,800,0.02,0.05,0.2,,15,0.3,0.2,2.0,20,0,0.443359375,0.4172200520833334,0.8125,160.0,4.8,0.3333333333333333,49.53637499763933,0.09516666666666666,1.0179372197309418,45,1.352011226527482,0.8481259100097409,0.7520112265274821,0.45615888542850624,0.9555555555555556,A,0.0005714688025000214
office,A,60,800,0.02,0.05,0.0,,16,0.3,0.2,2.0,20,0,0.5325520833333334,0.4745442708333334,0.7408854166666666,540.0,6.216666666666667,0.31666666666666665,60.49698345394816,0.12554166666666666,,60,1.346039271111025,0.8798781111329748,0.7460392711110254,0.2912355095924309,0.9666666666666667,A,0.0006168556250008805
office,A,60,800,0.02,0.05,0.2,,16,0.3,0.2,2.0,20,0,0.4055989583333333,0.4045247395833333,0.7662760416666666,200.0,6.166666666666667,0.35,56.35387230193691,0.12102083333333333,0.9175257731958762,53,1.3977579723000186,1.0973986833501836,0.7977579723000188,0.4158517217752232,0.9245283018867925,A,0.0006170619275007994
office,A,60,800,0.02,0.05,0.0,,17,0.3,0.2,2.0,20,0,0.5345052083333334,0.5409179687499999,0.8971354166666666,340.0,5.4,0.48333333333333334,57.859698783628836,0.126625,,60,1.164309828652775,0.7319084909527691,0.5643098286527751,0.3294493575732457,0.9,A,0.0006183318224998402
office,A,60,800,0.02,0.05,0.2,,17,0.3,0.2,2.0,20,0,0.4791666666666667,0.5028645833333333,0.93359375,280.0,4.85,0.4666666666666667,51.973754590136,0.11054166666666666,0.9188514357053683,47,1.3859770296181586,0.8874578131939131,0.7859770296181586,0.26591845343743714,0.9148936170212766,A,0.0005773320837511165
office,A,60,800,0.02,0.05,0.2,,18,0.3,0.2,2.0,20,0,0.490234375,0.4253580729166666,0.9075520833333334,220.0,5.816666666666666,0.2833333333333333,54.092043066482965,0.1146875,1.0575842696629214,51,1.5640332715071934,0.8540336724309132,0.9640332715071934,0.4289192404964691,0.9607843137254902,A,0.00059049432250049
office,A,60,800,0.02,0.05,0.0,,18,0.3,0.2,2.0,20,0,0.509765625,0.48603515625,0.9010416666666666,460.0,6.533333333333333,0.35,59.06759689829929,0.12716666666666668,,60,1.3318993517708517,0.7540558477596341,0.7318993517708513,0.3862796996294801,0.9333333333333333,A,0.0006370270312504545
office,A,60,800,0.02,0.05,0.0,,19,0.3,0.2,2.0,20,0,0.5013020833333334,0.50380859375,0.8359375,480.0,5.683333333333334,0.5833333333333334,59.00871655354765,0.11566666666666667,,60,1.146446047617851,0.5927851042963418,0.5464460476178511,0.41504841157848726,0.9333333333333333,A,0.0006028833325012784
office,A,60,800,0.02,0.05,0.2,,19,0.3,0.2,2.0,20,0,0.4596354166666667,0.4506184895833333,0.84375,120.0,4.716666666666667,0.4666666666666667,52.583236810498114,0.09752083333333333,1.011461318051576,47,1.4941448253788419,1.0789032296267285,0.8941448253788425,0.3898581117983444,0.9148936170212766,A,0.0005921060937498624
office,A,60,800,0.02,0.05,0.0,,20,0.3,0.2,2.0,20,0,0.4661458333333333,0.4984700520833333,0.908203125,480.0,6.283333333333333,0.35,57.93050477092585,0.12333333333333334,,60,1.2782911717580832,0.8968167814244502,0.6782911717580831,0.344577323152198,0.9333333333333333,A,0.0006093435937486902
office,A,60,800,0.02,0.05,0.2,,20,0.3,0.2,2.0,20,0,0.4954427083333333,0.4844401041666666,0.9322916666666666,200.0,5.466666666666667,0.38333333333333336,53.9209411099642,0.10820833333333334,1.0438957475994513,52,1.2762077175883018,0.8960740574139271,0.676207717588302,0.27512558503180146,0.9615384615384616,A,0.0005975693749996936
office,A,60,800,0.02,0.05,0.0,,21,0.3,0.2,2.0,20,0,0.521484375,0.49248046875,0.896484375,260.0,5.65,0.6666666666666666,60.50085056714025,0.11802083333333334,,60,1.150841475086166,0.7357197551677082,0.550841475086166,0.25916279980692847,0.9,A,0.0006086283337481291
office,A,60,800,0.02,0.05,0.2,,21,0.3,0.2,2.0,20,0,0.5,0.4650716145833333,0.8997395833333334,180.0,5.683333333333334,0.4666666666666667,57.906792063099914,0.1123125,1.0491803278688525,55,1.5710073274217982,0.9264096728991394,0.9710073274217976,0.3441663743308595,0.8181818181818182,A,0.0006104245312508283
office,A,60,800,0.02,0.05,0.0,,22,0.3,0.2,2.0,20,0,0.576171875,0.5498046875,0.9772135416666666,340.0,5.816666666666666,0.45,57.916909138694336,0.12591666666666668,,60,1.2991616632327199,0.8869256162606404,0.6991616632327198,0.26562270866838633,0.85,A,0.0006159297925000828
office,A,60,800,0.02,0.05,0.2,,22,0.3,0.2,2.0,20,0,0.4641927083333333,0.4318684895833333,0.962890625,240.0,4.616666666666666,0.4166666666666667,50.4371318347798,0.109375,0.921188630490956,44,1.3646647551826308,0.713398553686684,0.764664755182631,0.4665375066324752,0.9545454545454546,A,0.0005831280737493217
office,A,60,800,0.02,0.05,0.2,,23,0.3,0.2,2.0,20,0,0.462890625,0.4203776041666667,0.8274739583333334,220.0,5.116666666666666,0.38333333333333336,49.98585378452666,0.105875,1.1232227488151658,45,1.4153665933126338,0.853406030620244,0.8153665933126338,0.28278298872857777,0.9111111111111111,A,0.000569677136249993
office,A,60,800,0.02,0.05,0.0,,23,0.3,0.2,2.0,20,0,0.4244791666666667,0.43173828125,0.7740885416666666,220.0,6.366666666666666,0.3,57.17058409001343,0.13585416666666666,,60,1.296981532709729,1.042300171820653,0.6969815327097291,0.2671389159988536,0.9,A,0.0006160605212517112
office,A,60,800,0.02,0.05,0.0,,24,0.3,0.2,2.0,20,0,0.5234375,0.49833984375,0.8626302083333334,400.0,6.0,0.43333333333333335,58.575851535712545,0.11941666666666667,,60,1.336696529329733,0.8221332452934572,0.736696529329733,0.31236411192086905,0.8333333333333334,A,0.0006050545824996334
office,A,60,800,0.02,0.05,0.2,,24,0.3,0.2,2.0,20,0,0.49609375,0.46494140625,0.9479166666666666,160.0,5.7,0.4666666666666667,55.912917220008254,0.11135416666666667,1.0255720053835802,55,1.4171338784704153,0.8871565174778522,0.8171338784704155,0.377175903423537,0.9636363636363636,A,0.0006085550524994687
office,A,60,800,0.02,0.05,0.0,,25,0.3,0.2,2.0,20,0,0.5182291666666666,0.50009765625,0.9186197916666666,520.0,6.2,0.35,58.85024235054252,0.12466666666666666,,60,1.1710640031752013,0.6255991639121488,0.5710640031752015,0.32333000706239173,0.9666666666666667,A,0.0006163928649993977
office,A,60,800,0.02,0.05,0.2,,25,0.3,0.2,2.0,20,0,0.5,0.4536783854166666,0.919921875,280.0,5.55,0.4,53.80596321688838,0.10464583333333333,1.0726256983240223,48,1.2981847317021227,0.5573986692205899,0.6981847317021227,0.3084823914242868,0.9583333333333334,A,0.0005678689575006502
office,A,60,800,0.02,0.05,0.2,,26,0.3,0.2,2.0,20,0,0.46875,0.4833007812500001,0.8151041666666666,160.0,5.45,0.5166666666666667,52.929174774302986,0.10839583333333333,0.994475138121547,51,1.147896459292535,0.6638161244762435,0.5478964592925349,0.3301953386799875,0.9607843137254902,A,0.0005633256250007435
office,A,60,800,0.02,0.05,0.0,,26,0.3,0.2,2.0,20,0,0.552734375,0.5182942708333333,0.8795572916666666,440.0,6.233333333333333,0.55,58.376313854724685,0.12358333333333334,,60,1.2670819934116235,0.7113440385069572,0.6670819934116239,0.3011588723810518,0.9,A,0.0005908668224992652
office,A,60,800,0.02,0.05,0.2,,27,0.3,0.2,2.0,20,0,0.4967447916666667,0.4627278645833333,0.7415364583333334,220.0,5.116666666666666,0.31666666666666665,51.363178144940754,0.09264583333333333,1.0746478873239438,46,1.5100589069748955,0.7669238550140396,0.9100589069748952,0.36688490519458994,0.9565217391304348,A,0.0005464885412493458
office,A,60,800,0.02,0.05,0.0,,27,0.3,0.2,2.0,20,0,0.53515625,0.5018229166666666,0.9095052083333334,600.0,5.983333333333333,0.4166666666666667,58.249300159569984,0.111,,60,1.3760283975035805,0.8610739716618878,0.7760283975035809,0.28183420484593846,0.8666666666666667,A,0.0006093186974999299
office,A,60,800,0.02,0.05,0.0,,28,0.3,0.2,2.0,20,0,0.505859375,0.5307942708333334,0.990234375,500.0,6.233333333333333,0.4,58.508736642123175,0.11920833333333333,,60,1.0354879460231077,0.6479219649818186,0.43548794602310786,0.25708046113980265,0.9666666666666667,A,0.0005852133337498344
office,A,60,800,0.02,0.05,0.2,,28,0.3,0.2,2.0,20,0,0.4798177083333333,0.4529296875,0.9772135416666666,200.0,5.466666666666667,0.4166666666666667,54.707647991464256,0.111,1.130368098159509,50,1.4157735674674568,0.8660589718946193,0.8157735674674567,0.42207895963580844,0.88,A,0.0005747961462498097
office,A,60,800,0.02,0.05,0.0,,29,0.3,0.2,2.0,20,0,0.517578125,0.47438151041666676,0.7760416666666666,420.0,6.266666666666667,0.5166666666666667,59.40556255827418,0.12516666666666668,,60,1.3398923131374143,0.7185509838958641,0.7398923131374141,0.40264754939314884,0.9666666666666667,A,0.0006015468750001674
office,A,60,800,0.02,0.05,0.2,,29,0.3,0.2,2.0,20,0,0.4921875,0.4556640624999999,0.8203125,100.0,6.233333333333333,0.55,57.976587368468344,0.11389583333333334,1.1150442477876106,53,1.4563310838786756,0.6989389680395652,0.8563310838786758,0.4542897201234274,1.0,A,0.0005787634887497006
hall,A,60,800,0.02,0.05,0.2,,0,0.3,0.2,2.0,20,0,0.6626016260162602,0.6824864498644987,1.0,300.0,5.116666666666666,0.95,75.19488635455085,0.09554166666666666,0.7842822774659183,44,1.5359507097074718,0.5332129977458813,0.9359507097074714,0.7023524168384649,0.9545454545454546,A,0.0005551642712498506
hall,A,60,800,0.02,0.05,0.0,,0,0.3,0.2,2.0,20,0,0.8252032520325203,0.7830962059620596,1.0,300.0,6.6,0.9666666666666667,85.71257355538098,0.11277083333333333,,60,1.4998379664722363,0.49405002886216176,0.8998379664722366,0.769389958726166,0.9666666666666667,A,0.000590238541249164
hall,A,60,800,0.02,0.05,0.2,,1,0.3,0.2,2.0,20,0,0.6070460704607046,0.6770663956639567,1.0,360.0,5.733333333333333,0.7,74.81598551513562,0.1109375,0.7284552845528455,46,1.4295690545320052,0.625416895405583,0.8295690545320056,0.524897957201925,1.0,A,0.0005577284374999181
hall,A,60,800,0.02,0.05,0.0,,1,0.3,0.2,2.0,20,0,0.7865853658536586,0.7923441734417345,1.0,380.0,6.65,0.9333333333333333,85.68430377528809,0.1225,,60,1.4382511547171282,0.47995025641743205,0.8382511547171282,0.6413278009549925,0.9333333333333333,A,0.0006034164587481427
hall,A,60,800,0.02,0.05,0.0,,2,0.3,0.2,2.0,20,0,0.7940379403794038,0.7650067750677507,1.0,260.0,5.966666666666667,0.8833333333333333,86.7372853978255,0.11516666666666667,,60,1.3927332544306232,0.4503150263674602,0.7927332544306235,0.7707102591673204,1.0,A,0.0006068926562511479
hall,A,60,800,0.02,0.05,0.2,,2,0.3,0.2,2.0,20,0,0.698509485094851,0.7373644986449863,1.0,260.0,5.3,0.9833333333333333,80.6072177051407,0.10391666666666667,0.8591666666666667,49,1.5650649210109673,0.5151035567661502,0.9650649210109675,0.6593317101529764,0.9591836734693877,A,0.0005971455199983211
hall,A,60,800,0.02,0.05,0.0,,3,0.3,0.2,2.0,20,0,0.7804878048780488,0.7845528455284553,1.0,340.0,6.25,1.0166666666666666,85.11962055267001,0.11939583333333334,,60,1.3410493880185925,0.5237020901339164,0.7410493880185923,0.5020627815549991,0.9,A,0.0006124642187501194
hall,A,60,800,0.02,0.05,0.2,,3,0.3,0.2,2.0,20,0,0.7615176151761518,0.7399728997289973,1.0,280.0,5.833333333333333,1.0333333333333334,82.76387336248894,0.114625,0.9631533847472151,55,1.4748000025820989,0.6013528395355677,0.8748000025820986,0.5298522272304927,0.8909090909090909,A,0.0005906974999993508
hall,A,60,800,0.02,0.05,0.0,,4,0.3,0.2,2.0,20,0,0.8319783197831978,0.772628726287263,1.0,220.0,5.933333333333334,0.8666666666666667,85.81133548168836,0.12095833333333333,,60,1.4613732502929109,0.5350394187513582,0.8613732502929106,0.8407229975711588,0.9333333333333333,A,0.0006176927087494733
hall,A,60,800,0.02,0.05,0.2,,4,0.3,0.2,2.0,20,0,0.6178861788617886,0.6631436314363144,1.0,200.0,4.766666666666667,0.8166666666666667,73.86889707439364,0.10214583333333334,0.8413284132841329,44,1.5080525884149607,0.46905494354249905,0.9080525884149604,0.8585693368650643,1.0,A,0.0005933003125005598
hall,A,60,800,0.02,0.05,0.0,,5,0.3,0.2,2.0,20,0,0.7276422764227642,0.7644308943089431,1.0,340.0,6.35,1.1,84.87973469284283,0.132125,,60,1.2705517256983074,0.4425678078105223,0.6705517256983068,0.5222145213804631,0.9666666666666667,A,0.0006314860424981816
hall,A,60,800,0.02,0.05,0.2,,5,0.3,0.2,2.0,20,0,0.7188346883468835,0.7368224932249323,1.0,300.0,5.75,1.15,78.01878079803653,0.12222916666666667,0.9680656934306568,51,1.3527730657657,0.5841893460719578,0.7527730657657,0.5225650130870295,0.9215686274509803,A,0.0006152673437509293
hall,A,60,800,0.02,0.05,0.0,,6,0.3,0.2,2.0,20,0,0.7086720867208672,0.7744241192411925,1.0,320.0,6.85,1.3833333333333333,83.01249701102459,0.13097916666666667,,60,1.2239544148360837,0.5081595317647708,0.6239544148360842,0.4644275739758351,0.9,A,0.0006297754175011505
hall,A,60,800,0.02,0.05,0.2,,6,0.3,0.2,2.0,20,0,0.7323848238482384,0.7132791327913279,1.0,300.0,6.25,1.2166666666666666,77.21964570704489,0.12133333333333333,0.9854147675478577,50,1.513158872292789,0.54533748545054,0.9131588722927888,0.6429928639954124,0.92,A,0.0006208672924981329
hall,A,60,800,0.02,0.05,0.0,,7,0.3,0.2,2.0,20,0,0.8123306233062331,0.7747628726287263,1.0,240.0,6.55,0.8333333333333334,86.19622180377554,0.11879166666666667,,60,1.383914054313053,0.500325415083344,0.7839140543130532,0.5915951106661511,0.9666666666666667,A,0.0006470793749986114
hall,A,60,800,0.02,0.05,0.2,,7,0.3,0.2,2.0,20,0,0.7032520325203252,0.6562330623306233,1.0,200.0,5.383333333333334,0.95,75.05849361754518,0.10539583333333333,0.9010416666666666,45,1.5856832057958838,0.458118123175866,0.9856832057958839,0.8548984398629674,0.9111111111111111,A,0.0006074054687496755
hall,A,60,800,0.02,0.05,0.0,,8,0.3,0.2,2.0,20,0,0.7086720867208672,0.7908875338753388,1.0,420.0,5.816666666666666,1.1166666666666667,84.28374907940942,0.1249375,,60,1.240732102135724,0.5552651740959633,0.6407321021357243,0.44866652764955794,0.9,A,0.0006420758324998132
hall,A,60,800,0.02,0.05,0.2,,8,0.3,0.2,2.0,20,0,0.7161246612466124,0.6591124661246612,1.0,320.0,5.15,0.7,71.72025298684993,0.1105,1.0009469696969697,43,1.7823503626170725,0.4761599237810447,1.1823503626170728,1.1851042258622901,1.0,A,0.0005996107812507034
hall,A,60,800,0.02,0.05,0.0,,9,0.3,0.2,2.0,20,0,0.7628726287262872,0.7917682926829269,1.0,460.0,6.283333333333333,0.9166666666666666,85.15394956716162,0.11958333333333333,,60,1.3742234883780315,0.5338611447678826,0.7742234883780313,0.5285361941713792,1.0,A,0.0006369381249987782
hall,A,60,800,0.02,0.05,0.2,,9,0.3,0.2,2.0,20,0,0.6917344173441734,0.6696815718157182,1.0,220.0,5.616666666666666,0.8333333333333334,75.81755448011965,0.10904166666666666,0.9132379248658319,45,1.76247347343821,0.5952685601568813,1.1624734734382103,0.819848157906787,0.9111111111111111,A,0.0005959460425015096
hall,A,60,800,0.02,0.05,0.2,,10,0.3,0.2,2.0,20,0,0.7032520325203252,0.6421070460704608,1.0,300.0,4.466666666666667,0.8333333333333334,74.73464896182074,0.1005625,0.8550247116968699,43,1.6034471684120934,0.575002055634282,1.0034471684120936,0.7975600817930898,0.9069767441860465,A,0.0005618790624998837
hall,A,60,800,0.02,0.05,0.0,,10,0.3,0.2,2.0,20,0,0.8102981029810298,0.8059959349593496,1.0,300.0,5.366666666666666,0.8833333333333333,86.25341081534098,0.11427083333333334,,60,1.3744362264621786,0.5004912743329487,0.7744362264621784,0.5860734153727299,0.9666666666666667,A,0.0006077273437495024
hall,A,60,800,0.02,0.05,0.2,,11,0.3,0.2,2.0,20,0,0.7269647696476965,0.7157520325203254,1.0,220.0,6.0,0.7166666666666667,80.35851573693735,0.1104375,1.0571428571428572,52,1.4868635935874213,0.4073930916063233,0.8868635935874208,0.829184869464174,0.9615384615384616,A,0.0005794251050019739
hall,A,60,800,0.02,0.05,0.0,,11,0.3,0.2,2.0,20,0,0.8075880758807588,0.7790650406504065,1.0,240.0,6.216666666666667,0.8666666666666667,86.41048485016385,0.11897916666666666,,60,1.3796371199666857,0.5652656283455717,0.7796371199666858,0.5326914993993301,0.9,A,0.0006130426562503999
hall,A,60,800,0.02,0.05,0.0,,12,0.3,0.2,2.0,20,0,0.7113821138211383,0.7946138211382113,1.0,280.0,6.516666666666667,0.9333333333333333,85.59832363866893,0.117875,,60,1.2359934510903867,0.4306437854877811,0.6359934510903869,0.5224883358927267,1.0,A,0.000623590052500731
hall,A,60,800,0.02,0.05,0.2,,12,0.3,0.2,2.0,20,0,0.6558265582655827,0.7068089430894309,1.0,280.0,5.933333333333334,0.85,78.2435165268208,0.10975,0.8019884009942004,50,1.287465756937353,0.6287838046697264,0.6874657569373531,0.3867081777006446,0.78,A,0.0005685428637502809
hall,A,60,800,0.02,0.05,0.0,,13,0.3,0.2,2.0,20,0,0.7750677506775068,0.760230352303523,1.0,240.0,6.35,1.0,86.80109091057403,0.12295833333333334,,60,1.478516063355802,0.6422028893240508,0.8785160633558021,0.49967354911261264,0.9333333333333333,A,0.0006226361974995598
hall,A,60,800,0.02,0.05,0.2,,14,0.3,0.2,2.0,20,0,0.676829268292683,0.6871951219512196,1.0,260.0,5.1,0.8833333333333333,76.14621603192784,0.10939583333333333,0.8359832635983264,47,1.362011065429255,0.5838952033268275,0.7620110654292548,0.39325045546431314,0.9574468085106383,A,0.0005494651037497533
hall,A,60,800,0.02,0.05,0.2,,13,0.3,0.2,2.0,20,0,0.674119241192412,0.6538279132791327,1.0,180.0,4.916666666666667,0.8166666666666667,75.56477736865389,0.10339583333333334,0.8758802816901409,43,1.6525631181378404,0.5610499539466196,1.0525631181378405,0.8455923081417959,0.9534883720930233,A,0.0005775651050021224
hall,A,60,800,0.02,0.05,0.0,,14,0.3,0.2,2.0,20,0,0.790650406504065,0.7845528455284552,1.0,260.0,5.883333333333334,0.9166666666666666,85.50747316272364,0.12127083333333333,,60,1.3107817150850585,0.5312391429507536,0.7107817150850586,0.6351440743749783,0.8666666666666667,A,0.0006683035937498971
hall,A,60,800,0.02,0.05,0.2,,15,0.3,0.2,2.0,20,0,0.6402439024390244,0.6438008130081301,1.0,220.0,5.283333333333333,0.7166666666666667,72.98693662662546,0.108125,0.8630136986301371,43,1.4418195899989372,0.5452782734578383,0.8418195899989372,0.7930174142751331,0.9069767441860465,A,0.0005638527599990084
hall,A,60,800,0.02,0.05,0.0,,15,0.3,0.2,2.0,20,0,0.7357723577235772,0.7908536585365855,1.0,440.0,5.933333333333334,1.0,86.71890072218996,0.12404166666666666,,60,1.2112975963146078,0.5727984253873939,0.611297596314608,0.31880379045730955,0.9,A,0.0006745216150011402
hall,A,60,800,0.02,0.05,0.0,,16,0.3,0.2,2.0,20,0,0.7086720867208672,0.7736788617886179,1.0,260.0,5.933333333333334,0.8,87.39460704695057,0.11235416666666667,,60,1.2156731450848808,0.4112155599227899,0.6156731450848808,0.5387650588444238,0.9,A,0.0005896455724996486
hall,A,60,800,0.02,0.05,0.2,,16,0.3,0.2,2.0,20,0,0.7710027100271003,0.747289972899729,1.0,260.0,5.483333333333333,0.7333333333333333,81.92212579245864,0.105375,0.9743150684931507,53,1.5328864469053707,0.44079803140635465,0.9328864469053706,0.8318078131574819,1.0,A,0.000585203385001023
hall,A,60,800,0.02,0.05,0.0,,17,0.3,0.2,2.0,20,0,0.7967479674796748,0.7704607046070461,1.0,260.0,5.983333333333333,0.65,87.47641051584537,0.12222916666666667,,60,1.4291988902236639,0.44766157457044353,0.8291988902236641,0.7074041466179429,0.9333333333333333,A,0.000567646093750227
hall,A,60,800,0.02,0.05,0.2,,17,0.3,0.2,2.0,20,0,0.7215447154471545,0.6950880758807588,1.0,180.0,5.116666666666666,0.65,79.78002631752848,0.11175,0.9236773633998265,50,1.5801333783809477,0.5879421288972234,0.9801333783809474,0.6409511187977431,0.96,A,0.0005795280212510078
hall,A,60,800,0.02,0.05,0.2,,18,0.3,0.2,2.0,20,0,0.7384823848238482,0.729810298102981,1.0,220.0,5.483333333333333,0.8,79.0509338343683,0.11691666666666667,1.0,51,1.5246035018032125,0.5730237681881322,0.9246035018032128,0.600723720620225,0.8235294117647058,A,0.0006053192187505374
hall,A,60,800,0.02,0.05,0.0,,18,0.3,0.2,2.0,20,0,0.782520325203252,0.7734417344173443,1.0,280.0,6.05,0.9666666666666667,84.88855611534244,0.12383333333333334,,60,1.3125128035346287,0.530207890765133,0.7125128035346288,0.5604672151595124,0.8666666666666667,A,0.0006333405737495922
hall,A,60,800,0.02,0.05,0.2,,19,0.3,0.2,2.0,20,0,0.7201897018970189,0.6989837398373984,1.0,280.0,5.533333333333333,0.8,77.41077122955699,0.110125,0.9179620034542314,47,1.5693429454986165,0.587721133728298,0.9693429454986172,0.7240929031205504,0.9574468085106383,A,0.000593009062499732
hall,A,60,800,0.02,0.05,0.2,,20,0.3,0.2,2.0,20,0,0.7188346883468835,0.7279810298102982,1.0,280.0,5.85,0.7666666666666667,79.86835243126153,0.11514583333333334,0.9045183290707588,52,1.4096738599861556,0.3781185571904935,0.8096738599861553,0.6862089197391593,0.9615384615384616,A,0.000574154114999601
hall,A,60,800,0.02,0.05,0.0,,19,0.3,0.2,2.0,20,0,0.787940379403794,0.7887533875338754,1.0,280.0,6.083333333333333,1.1666666666666667,86.4721268871409,0.12045833333333333,,60,1.2973672196182906,0.47721348288955456,0.6973672196182907,0.48550519414900184,0.85,A,0.0006437955724982202
hall,A,60,800,0.02,0.05,0.0,,20,0.3,0.2,2.0,20,0,0.7466124661246613,0.7744241192411925,1.0,320.0,6.55,0.9666666666666667,85.34705331116328,0.12633333333333333,,60,1.2819592720227133,0.4001945578837217,0.681959272022713,0.6505292973762827,0.9333333333333333,A,0.0006353250000006483
hall,A,60,800,0.02,0.05,0.0,,21,0.3,0.2,2.0,20,0,0.7669376693766937,0.8037940379403794,1.0,300.0,6.616666666666666,0.8,86.9093473847741,0.11972916666666666,,60,1.341994751335166,0.4956976820974653,0.7419947513351665,0.46826836342676026,0.9666666666666667,A,0.000621774531250594
hall,A,60,800,0.02,0.05,0.2,,21,0.3,0.2,2.0,20,0,0.698509485094851,0.6865853658536586,1.0,280.0,5.75,0.8166666666666667,78.39029162425429,0.10877083333333333,0.856312292358804,49,1.6719366798418718,0.566625934551056,1.071936679841872,0.9310301381362186,0.9183673469387755,A,0.0005923397387505247
hall,A,60,800,0.02,0.05,0.0,,22,0.3,0.2,2.0,20,0,0.7594850948509485,0.7723915989159892,1.0,320.0,5.983333333333333,0.7666666666666667,85.48263409564304,0.1243125,,60,1.2696878105613445,0.40128310975406767,0.6696878105613441,0.6438341616537261,0.9333333333333333,A,0.0006072467712488106
hall,A,60,800,0.02,0.05,0.2,,22,0.3,0.2,2.0,20,0,0.6585365853658537,0.6622967479674796,1.0,320.0,5.316666666666666,0.65,75.49237132848923,0.10883333333333334,0.8244274809160306,44,1.5713643573771667,0.5269623113055691,0.9713643573771663,0.9025806124585564,0.9545454545454546,A,0.000568813073750789
hall,A,60,800,0.02,0.05,0.0,,23,0.3,0.2,2.0,20,0,0.8177506775067751,0.803929539295393,1.0,220.0,5.633333333333334,1.0,87.90349379723973,0.1088125,,60,1.4459170457604371,0.49469439490543554,0.8459170457604369,0.6477332392860463,0.9333333333333333,A,0.0005990167699997073
hall,A,60,800,0.02,0.05,0.2,,23,0.3,0.2,2.0,20,0,0.7493224932249323,0.7036246612466125,1.0,200.0,4.95,0.7,79.29295324137045,0.10102083333333334,0.990152193375112,50,1.568913557191628,0.5194667066101264,0.9689135571916281,0.8071182996730424,1.0,A,0.000580333385000813
hall,A,60,800,0.02,0.05,0.0,,24,0.3,0.2,2.0,20,0,0.7533875338753387,0.7775067750677507,1.0,260.0,6.033333333333333,0.8833333333333333,87.21280591131385,0.12420833333333334,,60,1.451785924858877,0.5607151881982039,0.8517859248588768,0.6390575765879577,1.0,A,0.0006062731762494877
hall,A,60,800,0.02,0.05,0.2,,24,0.3,0.2,2.0,20,0,0.7140921409214093,0.7378726287262871,1.0,260.0,5.9,0.9,81.84227602661245,0.11716666666666667,0.9486948694869487,55,1.3133663293326372,0.7082901062721857,0.7133663293326371,0.40746379600100957,0.8363636363636363,A,0.0006110402612512189
hall,A,60,800,0.02,0.05,0.0,,25,0.3,0.2,2.0,20,0,0.8252032520325203,0.7932588075880759,1.0,380.0,6.283333333333333,0.9666666666666667,86.98722414513102,0.11539583333333334,,60,1.3403737559949578,0.45458715782674625,0.7403737559949577,0.7343815754551708,0.9333333333333333,A,0.0005907648437505486
hall,A,60,800,0.02,0.05,0.2,,25,0.3,0.2,2.0,20,0,0.7777777777777778,0.6877032520325204,1.0,220.0,5.55,0.9,76.79329493696527,0.10395833333333333,0.9663299663299663,47,1.7461204687356358,0.4939626622421826,1.1461204687356354,1.0564972627443985,1.0,A,0.0005641369274985664
hall,A,60,800,0.02,0.05,0.0,,26,0.3,0.2,2.0,20,0,0.771680216802168,0.786551490514905,1.0,280.0,6.416666666666667,0.95,86.21975799032204,0.12425,,60,1.3335275691485557,0.5465518092377524,0.7335275691485559,0.48990699436656493,0.9,A,0.0005745991137519013
hall,A,60,800,0.02,0.05,0.2,,26,0.3,0.2,2.0,20,0,0.690379403794038,0.7175474254742548,1.0,280.0,6.216666666666667,0.7166666666666667,80.7837098837848,0.11320833333333333,0.8769363166953529,51,1.6250959311308077,0.6002850207945805,1.0250959311308083,0.8743991422643865,0.9019607843137255,A,0.0005736550512506256
hall,A,60,800,0.02,0.05,0.0,,27,0.3,0.2,2.0,20,0,0.6863143631436315,0.7755420054200542,1.0,440.0,6.283333333333333,0.6333333333333333,85.63129103918251,0.123375,,60,1.2625580134410204,0.6080492808607942,0.6625580134410202,0.45895570360678517,0.8333333333333334,A,0.0005845421362482739
hall,A,60,800,0.02,0.05,0.2,,27,0.3,0.2,2.0,20,0,0.760840108401084,0.7133130081300814,1.0,220.0,5.833333333333333,0.7833333333333333,78.20017354833765,0.11466666666666667,1.0624408703878903,51,1.5442619414456782,0.39422476380660826,0.9442619414456782,0.8873569457874334,0.9607843137254902,A,0.0005738069262497447
hall,A,60,800,0.02,0.05,0.2,,28,0.3,0.2,2.0,20,0,0.6084010840108401,0.5907520325203252,1.0,260.0,5.5,0.5666666666666667,67.66149901574161,0.11377083333333333,0.7856517935258093,38,1.860956452803057,0.6724306687912484,1.2609564528030568,0.7165010097104814,1.0,A,0.0005490379687512359
hall,A,60,800,0.02,0.05,0.0,,28,0.3,0.2,2.0,20,0,0.8204607046070461,0.7718157181571816,1.0,260.0,6.816666666666666,0.95,83.87262535227933,0.13485416666666666,,60,1.412880989472859,0.5600437529800173,0.8128809894728586,0.543694953675303,1.0,A,0.0006050199474998408
hall,A,60,800,0.02,0.05,0.2,,29,0.3,0.2,2.0,20,0,0.6510840108401084,0.6518970189701897,1.0,200.0,5.25,0.9333333333333333,76.91780535838562,0.10497916666666667,0.876824817518248,45,1.4734051439563944,0.5392106142559402,0.8734051439563945,0.6062025707022302,1.0,A,0.0005862777087509131
mine,A,60,800,0.02,0.05,0.2,,0,0.3,0.2,2.0,20,0,0.8856548856548857,0.8670478170478171,1.0,220.0,5.083333333333333,0.4,47.23062742709222,0.15852083333333333,0.9906976744186047,47,1.1110492308561428,0.4973275787309506,0.5110492308561427,0.31101824215854823,0.9574468085106383,A,0.000556584687499253
mine,A,60,800,0.02,0.05,0.0,,0,0.3,0.2,2.0,20,0,0.9604989604989606,0.9230769230769231,1.0,340.0,6.2,0.3,52.28138848169973,0.183,,60,1.0302363851576521,0.4661490766795926,0.4302363851576521,0.2349832768932818,0.8666666666666667,A,0.000586207812500561
hall,A,60,800,0.02,0.05,0.0,,29,0.3,0.2,2.0,20,0,0.8109756097560976,0.7746951219512195,1.0,220.0,5.816666666666666,0.8833333333333333,87.5813079016381,0.11885416666666666,,60,1.624707496048645,0.5375493111667948,1.0247074960486449,0.7051609398819123,1.0,A,0.0006309885425002903
mine,A,60,800,0.02,0.05,0.0,,1,0.3,0.2,2.0,20,0,0.975051975051975,0.9503118503118504,1.0,340.0,6.633333333333334,0.36666666666666664,54.42974658080772,0.16783333333333333,,60,1.0181475390591685,0.6270062172551423,0.41814753905916846,0.22209609617322668,0.9666666666666667,A,0.0005816375525000694
mine,A,60,800,0.02,0.05,0.2,,1,0.3,0.2,2.0,20,0,0.9106029106029107,0.9193347193347193,1.0,340.0,5.95,0.35,51.097947578584964,0.15585416666666665,0.9501084598698483,52,1.1257660160616898,0.5481209716050556,0.5257660160616898,0.32077581373380637,0.9230769230769231,A,0.00059924562499873
mine,A,60,800,0.02,0.05,0.0,,2,0.3,0.2,2.0,20,0,0.918918918918919,0.8923076923076924,1.0,340.0,6.966666666666667,0.35,51.92292575630563,0.2008125,,60,1.1024915393998116,0.6928775317250401,0.5024915393998117,0.2823686772890748,0.8666666666666667,A,0.0006158085412494074
mine,A,60,800,0.02,0.05,0.2,,2,0.3,0.2,2.0,20,0,0.8191268191268192,0.8194386694386695,1.0,280.0,5.816666666666666,0.3333333333333333,44.332843483416745,0.166125,0.9728395061728395,43,1.269673020524374,0.8483780005640393,0.6696730205243742,0.3447608695320986,0.9534883720930233,A,0.0005734716675010531
mine,A,60,800,0.02,0.05,0.0,,3,0.3,0.2,2.0,20,0,0.9147609147609148,0.9226611226611228,1.0,260.0,6.383333333333334,0.38333333333333336,53.4153327566362,0.163375,,60,0.9666843149821698,0.3402746429098764,0.36668431498216997,0.23679045606020943,0.9333333333333333,A,0.0006116879175010581
mine,A,60,800,0.02,0.05,0.2,,3,0.3,0.2,2.0,20,0,0.8586278586278586,0.8615384615384615,1.0,200.0,5.516666666666667,0.26666666666666666,48.479474119002816,0.14866666666666667,0.9322799097065463,49,1.0951959241216545,0.550235627868803,0.49519592412165453,0.23312773490019612,0.9591836734693877,A,0.0005933909374994073
mine,A,60,800,0.02,0.05,0.2,,4,0.3,0.2,2.0,20,0,0.9064449064449065,0.8292099792099794,1.0,260.0,5.783333333333333,0.35,48.13835432657481,0.14641666666666667,1.013953488372093,49,1.2321621865697165,0.7410223830307932,0.6321621865697163,0.3497544461586862,0.8775510204081632,A,0.0005883267712488304
mine,A,60,800,0.02,0.05,0.0,,5,0.3,0.2,2.0,20,0,0.9480249480249481,0.9251559251559252,1.0,420.0,6.216666666666667,0.4,52.09584171339722,0.1694375,,60,0.9607148826684889,0.34071003153546997,0.360714882668489,0.2582737554248917,0.9333333333333333,A,0.0006009874487494926
mine,A,60,800,0.02,0.05,0.0,,4,0.3,0.2,2.0,20,0,0.918918918918919,0.9126819126819129,1.0,380.0,6.733333333333333,0.38333333333333336,52.088002364909045,0.16510416666666666,,60,0.9537908090158791,0.33133734146985255,0.3537908090158791,0.2572635032704221,0.9,A,0.0006171139062507791
mine,A,60,800,0.02,0.05,0.2,,5,0.3,0.2,2.0,20,0,0.8711018711018711,0.8892931392931394,1.0,180.0,5.75,0.36666666666666664,47.88507814515894,0.14752083333333332,1.0194647201946472,49,1.180185788796831,0.8994641244432204,0.580185788796831,0.2910641535135321,0.9183673469387755,A,0.0005737223962501048
mine,A,60,800,0.02,0.05,0.0,,6,0.3,0.2,2.0,20,0,0.9542619542619543,0.9309771309771311,1.0,380.0,6.166666666666667,0.4166666666666667,52.55075157309417,0.17258333333333334,,60,1.0249222287544455,0.4025318432133787,0.4249222287544455,0.28688972449720784,0.9666666666666667,A,0.0006283589062513784
mine,A,60,800,0.02,0.05,0.2,,6,0.3,0.2,2.0,20,0,0.9708939708939709,0.9311850311850313,1.0,160.0,5.816666666666666,0.3333333333333333,50.04975299378647,0.16022916666666667,1.0911214953271027,53,1.1670826407592558,0.5247153437728964,0.567082640759256,0.36403464440024436,0.9622641509433962,A,0.0006137298437511163
mine,A,60,800,0.02,0.05,0.0,,7,0.3,0.2,2.0,20,0,0.9126819126819127,0.8731808731808732,0.997920997920998,640.0,6.4,0.35,53.428659176081915,0.1779375,,60,0.9940977789538045,0.47264888758365914,0.39409777895380443,0.2431016781533622,0.9166666666666666,A,0.0006547742712496074
mine,A,60,800,0.02,0.05,0.2,,7,0.3,0.2,2.0,20,0,0.8503118503118503,0.8580041580041581,1.0,240.0,5.133333333333334,0.36666666666666664,48.999683274640375,0.154125,1.0433673469387754,49,1.123054732689224,0.6164788581017021,0.523054732689224,0.3087519986827386,0.9591836734693877,A,0.000615610988750177
mine,A,60,800,0.02,0.05,0.2,,9,0.3,0.2,2.0,20,0,0.8877338877338877,0.8628898128898129,1.0,120.0,5.483333333333333,0.43333333333333335,46.808810792861095,0.16858333333333334,1.154054054054054,49,1.0248178046883916,0.3950882165784391,0.42481780468839186,0.34794094886925264,0.7959183673469388,A,0.0006169863537502352
mine,A,60,800,0.02,0.05,0.2,,8,0.3,0.2,2.0,20,0,0.7754677754677755,0.7971933471933473,1.0,180.0,5.633333333333334,0.5166666666666667,46.47802816781449,0.1614375,0.91871921182266,50,1.0146097179197433,0.569274684582578,0.4146097179197432,0.25506762047017517,0.92,A,0.0006369484374999957
mine,A,60,800,0.02,0.05,0.0,,9,0.3,0.2,2.0,20,0,0.9251559251559252,0.8934511434511435,1.0,540.0,6.116666666666666,0.36666666666666664,51.87900799519278,0.18858333333333333,,60,0.971019654574791,0.6095667193379737,0.3710196545747911,0.18723036447856622,0.75,A,0.0006381272399994486
mine,A,60,800,0.02,0.05,0.0,,8,0.3,0.2,2.0,20,0,0.9604989604989606,0.9054054054054055,1.0,440.0,6.483333333333333,0.36666666666666664,50.72910039496406,0.18002083333333332,,60,1.0277826054568988,0.5152183290304915,0.42778260545689867,0.15497122485556541,0.7666666666666667,A,0.0006786743750012647
mine,A,60,800,0.02,0.05,0.0,,10,0.3,0.2,2.0,20,0,0.9417879417879418,0.9174636174636177,1.0,340.0,6.45,0.36666666666666664,52.64120461551305,0.17985416666666668,,60,0.9731843880621099,0.37640794564355007,0.3731843880621099,0.2207681043954033,0.8666666666666667,A,0.0006835592712491235
mine,A,60,800,0.02,0.05,0.2,,10,0.3,0.2,2.0,20,0,0.8856548856548857,0.8461538461538461,1.0,280.0,5.633333333333334,0.3,46.92305455330279,0.1580625,1.065,46,1.1610756550362549,0.5215135190428258,0.5610756550362549,0.28202064493957846,0.8695652173913043,A,0.000615589115000148
mine,A,60,800,0.02,0.05,0.0,,11,0.3,0.2,2.0,20,0,0.9397089397089398,0.9140332640332639,1.0,420.0,6.55,0.45,52.89936119218054,0.166125,,60,0.959878411725776,0.4187740252478729,0.359878411725776,0.25554260951797436,0.8,A,0.0006387372925019009
mine,A,60,800,0.02,0.05,0.2,,11,0.3,0.2,2.0,20,0,0.9355509355509356,0.8326403326403327,1.0,120.0,4.95,0.5166666666666667,45.30704142428331,0.13435416666666666,1.113861386138614,42,1.3251294628939323,0.5638397312859107,0.7251294628939322,0.45479660882842887,1.0,A,0.0005946064587487854
mine,A,60,800,0.02,0.05,0.0,,12,0.3,0.2,2.0,20,0,0.9604989604989606,0.9395010395010395,1.0,320.0,6.416666666666667,0.4166666666666667,52.66867078907027,0.17302083333333335,,60,1.0518068644012057,0.5704630972060803,0.4518068644012057,0.34744197063651594,0.8666666666666667,A,0.0006470440100019914
mine,A,60,800,0.02,0.05,0.2,,12,0.3,0.2,2.0,20,0,0.8690228690228691,0.8761954261954263,1.0,200.0,5.05,0.4,44.38474734985892,0.142375,0.9587155963302753,41,1.2913203616624862,0.6683096330658687,0.6913203616624863,0.2870843345202386,0.9512195121951219,A,0.0005842589587518887
mine,A,60,800,0.02,0.05,0.2,,13,0.3,0.2,2.0,20,0,0.8877338877338877,0.879002079002079,1.0,200.0,6.016666666666667,0.15,47.910874084716404,0.1585625,1.0215311004784688,48,1.0790323231692056,0.5272101124949344,0.4790323231692056,0.29967828823062553,0.9166666666666666,A,0.0006052647399997114
mine,A,60,800,0.02,0.05,0.0,,13,0.3,0.2,2.0,20,0,0.918918918918919,0.9088357588357588,1.0,420.0,7.3,0.26666666666666666,51.81822487884592,0.18779166666666666,,60,1.0912900302354098,0.5259961780026944,0.49129003023540985,0.2317568894423752,0.8333333333333334,A,0.000659546093750123
mine,A,60,800,0.02,0.05,0.0,,14,0.3,0.2,2.0,20,0,0.9833679833679834,0.9378378378378377,1.0,340.0,6.6,0.3,52.674154463098404,0.16683333333333333,,60,0.9645963232172385,0.4664517925021062,0.3645963232172385,0.21058240685800145,0.85,A,0.0006413426562517088
mine,A,60,800,0.02,0.05,0.2,,14,0.3,0.2,2.0,20,0,0.896049896049896,0.8841995841995842,1.0,280.0,5.516666666666667,0.36666666666666664,47.580624337727954,0.14389583333333333,1.0,47,1.096339189191768,0.7064044539898087,0.4963391891917681,0.2483976822278985,0.9148936170212766,A,0.0006029523437518947
mine,A,60,800,0.02,0.05,0.0,,15,0.3,0.2,2.0,20,0,0.9501039501039501,0.9341995841995843,1.0,400.0,5.983333333333333,0.36666666666666664,54.08818167743621,0.16085416666666666,,60,0.9958620502709424,0.4610305206727805,0.3958620502709424,0.2439740209409152,0.9,A,0.0006289706250004201
mine,A,60,800,0.02,0.05,0.2,,15,0.3,0.2,2.0,20,0,0.9563409563409564,0.8864864864864866,1.0,220.0,5.616666666666666,0.3333333333333333,51.49002894719242,0.14033333333333334,1.0722610722610724,51,1.179381828139524,0.5425253711553635,0.579381828139524,0.35740477049420283,1.0,A,0.0006014811462500803
mine,A,60,800,0.02,0.05,0.0,,16,0.3,0.2,2.0,20,0,0.9438669438669439,0.9029106029106029,1.0,320.0,5.933333333333334,0.3,52.27376038408041,0.1628125,,60,1.089747552784825,0.5533282354546514,0.4897475527848249,0.25673157530119817,0.8333333333333334,A,0.0006470495312487401
mine,A,60,800,0.02,0.05,0.2,,16,0.3,0.2,2.0,20,0,0.896049896049896,0.9,1.0,280.0,5.0,0.26666666666666666,47.883476634154405,0.13283333333333333,0.9817767653758542,47,1.2344826501707233,0.7195820357917087,0.6344826501707235,0.48733358093757484,0.9148936170212766,A,0.0006005228125013673
mine,A,60,800,0.02,0.05,0.0,,17,0.3,0.2,2.0,20,0,0.9417879417879418,0.9311850311850313,1.0,340.0,6.366666666666666,0.3333333333333333,52.45867745795376,0.17454166666666668,,60,1.0457883900149232,0.7000269382250109,0.44578839001492326,0.2908353887536467,0.9,A,0.0006386781250012064
mine,A,60,800,0.02,0.05,0.2,,17,0.3,0.2,2.0,20,0,0.9542619542619543,0.8916839916839917,1.0,280.0,5.966666666666667,0.38333333333333336,50.28957655114727,0.1635625,1.0268456375838926,53,1.1620657661898508,0.6422229622770774,0.562065766189851,0.24111346809431122,0.9245283018867925,A,0.0006309114587520526
mine,A,60,800,0.02,0.05,0.2,,18,0.3,0.2,2.0,20,0,0.8752598752598753,0.8541580041580042,1.0,180.0,5.183333333333334,0.4,45.304338236512756,0.1361875,1.0369458128078817,41,1.086915105888971,0.405962822263145,0.48691510588897097,0.294419808298636,0.9512195121951219,A,0.000595663281249017
mine,A,60,800,0.02,0.05,0.0,,18,0.3,0.2,2.0,20,0,0.9293139293139293,0.8793139293139293,1.0,380.0,6.283333333333333,0.4666666666666667,52.98884556747,0.16708333333333333,,60,0.9874423623798041,0.39159129353137273,0.38744236237980423,0.2681877856226982,0.9,A,0.0006579444787507782
mine,A,60,800,0.02,0.05,0.0,,19,0.3,0.2,2.0,20,0,0.9667359667359667,0.9254677754677756,1.0,320.0,6.233333333333333,0.26666666666666666,52.6300988518311,0.1738125,,60,1.009674531455137,0.4601960997681624,0.40967453145513694,0.25915401798489796,0.9333333333333333,A,0.0006040559374991971
mine,A,60,800,0.02,0.05,0.2,,19,0.3,0.2,2.0,20,0,0.9542619542619543,0.9057172557172558,1.0,300.0,5.3,0.23333333333333334,46.77700301457743,0.146625,1.0749414519906324,47,1.2067591820071093,0.4778753234220288,0.6067591820071093,0.48698894054580466,0.9574468085106383,A,0.0006014048962515516
mine,A,60,800,0.02,0.05,0.0,,20,0.3,0.2,2.0,20,0,0.9230769230769231,0.9059251559251559,1.0,300.0,6.116666666666666,0.36666666666666664,52.96058210666391,0.15991666666666668,,60,1.0840028453826143,0.6386469515600525,0.48400284538261434,0.3020934476830411,0.85,A,0.000615675677499894
mine,A,60,800,0.02,0.05,0.2,,20,0.3,0.2,2.0,20,0,0.8482328482328483,0.8644490644490646,1.0,180.0,5.366666666666666,0.4,48.33189778409215,0.140375,0.9645390070921986,49,1.185942364088623,0.726396690011962,0.5859423640886232,0.4522258605433237,0.9591836734693877,A,0.0005909696362505202
mine,A,60,800,0.02,0.05,0.0,,21,0.3,0.2,2.0,20,0,0.9168399168399168,0.9308731808731808,1.0,340.0,5.983333333333333,0.48333333333333334,52.630762295162775,0.16202083333333334,,60,0.9576624720175511,0.3407476334442521,0.3576624720175509,0.2722088566116285,0.9666666666666667,A,0.0006173565624999355
mine,A,60,800,0.02,0.05,0.2,,21,0.3,0.2,2.0,20,0,0.9376299376299376,0.9218295218295219,1.0,240.0,5.65,0.4666666666666667,50.088930766232515,0.14760416666666668,0.9912087912087912,54,1.1330147423621297,0.5059289081646433,0.5330147423621298,0.32521732838954776,1.0,A,0.0005836774474983031
mine,A,60,800,0.02,0.05,0.2,,22,0.3,0.2,2.0,20,0,0.9085239085239085,0.9006237006237005,1.0,260.0,5.45,0.3,45.44971995160879,0.1574375,1.0069124423963134,48,1.0982606601523852,0.4754703048559635,0.4982606601523854,0.29445657113159907,0.9583333333333334,A,0.0005998626562495701
mine,A,60,800,0.02,0.05,0.0,,22,0.3,0.2,2.0,20,0,0.920997920997921,0.9183991683991684,1.0,400.0,6.683333333333334,0.36666666666666664,51.78116746324064,0.18885416666666666,,60,0.9581710322403075,0.459542691857282,0.3581710322403075,0.23145048948182695,0.85,A,0.0006374599474997922
mine,A,60,800,0.02,0.05,0.0,,23,0.3,0.2,2.0,20,0,0.8607068607068608,0.8462577962577962,0.893970893970894,220.0,6.233333333333333,0.3333333333333333,53.201106720972376,0.15547916666666667,,60,1.0530848541043367,0.8127516688599467,0.4530848541043369,0.155819426812202,0.8833333333333333,A,0.0006212818225003503
mine,A,60,800,0.02,0.05,0.2,,23,0.3,0.2,2.0,20,0,0.9147609147609148,0.848960498960499,1.0,120.0,4.933333333333334,0.4,46.24502793455039,0.11947916666666666,1.1111111111111112,43,1.198415499831661,0.5111763237991023,0.5984154998316609,0.37841415947361234,0.8837209302325582,A,0.0005785936462484642
mine,A,60,800,0.02,0.05,0.0,,24,0.3,0.2,2.0,20,0,0.9604989604989606,0.9098752598752599,1.0,480.0,6.05,0.35,53.11641511345033,0.154625,,60,1.0386374863931223,0.369291490405536,0.4386374863931221,0.27312626498355363,0.9666666666666667,A,0.0006338145837503362
mine,A,60,800,0.02,0.05,0.2,,24,0.3,0.2,2.0,20,0,0.893970893970894,0.8741164241164243,1.0,140.0,4.916666666666667,0.4,48.326551309344225,0.1328125,1.053921568627451,48,1.0954557125842166,0.36963272096358163,0.4954557125842167,0.3950375118689017,1.0,A,0.0006081964062491352
mine,A,60,800,0.02,0.05,0.0,,25,0.3,0.2,2.0,20,0,0.9792099792099792,0.9082120582120583,1.0,340.0,5.95,0.5666666666666667,52.40893874530912,0.18747916666666667,,60,0.993768049081392,0.5801668215130383,0.3937680490813921,0.18523991098040826,0.9,A,0.000619523593750273
mine,A,60,800,0.02,0.05,0.2,,25,0.3,0.2,2.0,20,0,0.8981288981288982,0.8532224532224533,1.0,200.0,5.65,0.4,48.02202104801104,0.1578125,1.0023201856148491,50,1.1575098905912173,0.7182688703308285,0.5575098905912175,0.24897950481906556,0.88,A,0.0006090090112502366
mine,A,60,800,0.02,0.05,0.0,,26,0.3,0.2,2.0,20,0,0.9688149688149689,0.9422037422037421,1.0,320.0,6.716666666666667,0.35,53.39737946341376,0.17627083333333332,,60,1.0336568840588203,0.3700206233442652,0.4336568840588203,0.34558031350685436,0.8666666666666667,A,0.0006268467187510396
mine,A,60,800,0.02,0.05,0.2,,26,0.3,0.2,2.0,20,0,0.8981288981288982,0.9176715176715178,1.0,220.0,5.416666666666667,0.2833333333333333,48.115510999238026,0.15833333333333333,0.968609865470852,51,1.0276129916626509,0.42318115221619035,0.42761299166265077,0.277665398392391,1.0,A,0.0006043418237504739
mine,A,60,800,0.02,0.05,0.0,,27,0.3,0.2,2.0,20,0,0.8981288981288982,0.9225571725571726,1.0,400.0,6.4,0.4166666666666667,51.49122376262232,0.17583333333333334,,60,1.0118311055944906,0.6265481658249962,0.41183110559449054,0.21787458703252294,0.9,A,0.0006184591675014417
mine,A,60,800,0.02,0.05,0.2,,27,0.3,0.2,2.0,20,0,0.9584199584199584,0.9128898128898129,1.0,360.0,5.75,0.2833333333333333,48.725169506339036,0.154625,1.0771028037383177,51,1.209216017352434,0.6217244197191307,0.6092160173524342,0.3486175838050828,0.9607843137254902,A,0.0006087354174997017
mine,A,60,800,0.02,0.05,0.0,,28,0.3,0.2,2.0,20,0,0.9147609147609148,0.8766112266112266,1.0,260.0,6.816666666666666,0.38333333333333336,51.70472708391302,0.17935416666666668,,60,0.9585200898082825,0.3218166937188142,0.3585200898082825,0.29331489368247254,0.9,A,0.0006378527599986228
mine,A,60,800,0.02,0.05,0.2,,28,0.3,0.2,2.0,20,0,0.9625779625779626,0.8982328482328483,1.0,220.0,5.566666666666666,0.45,47.297318886472446,0.1425625,1.0427927927927927,46,1.2466707018252936,0.5043860608000844,0.6466707018252935,0.3698127301063474,1.0,A,0.000593282968748099
mine,A,60,800,0.02,0.05,0.0,,29,0.3,0.2,2.0,20,0,0.9293139293139293,0.9073804573804573,1.0,280.0,5.716666666666667,0.3,53.07244387105917,0.15852083333333333,,60,0.9933694104722518,0.5377778441708649,0.3933694104722519,0.25117114406922536,0.9,A,0.0006429541150009755
mine,A,60,800,0.02,0.05,0.2,,29,0.3,0.2,2.0,20,0,0.9043659043659044,0.832120582120582,1.0,180.0,5.033333333333333,0.23333333333333334,47.78246178888133,0.1295625,1.0092807424593968,45,1.332339460740178,0.7838892390332217,0.7323394607401781,0.3973057094009379,0.9555555555555556,A,0.0006013141149992407
apartment,A,60,800,0.02,0.05,0.0,,0,0.3,0.2,2.0,20,0,0.5865885416666666,0.5463216145833333,0.9674479166666666,520.0,6.816666666666666,0.6,62.01744413532791,0.15079166666666666,,60,1.2957574966975862,0.7621211638696432,0.6957574966975862,0.34515149614263707,0.9333333333333333,A,0.000631726509998316
apartment,A,60,800,0.02,0.05,0.2,,0,0.3,0.2,2.0,20,0,0.5677083333333334,0.5310872395833333,0.9635416666666666,220.0,5.816666666666666,0.5333333333333333,55.662630282165665,0.12925,1.092731829573935,47,1.513207072861212,0.8066213701020332,0.9132070728612116,0.35871951724483697,0.9148936170212766,A,0.0006164075512492673
apartment,A,60,800,0.02,0.05,0.0,,1,0.3,0.2,2.0,20,0,0.6985677083333334,0.6487955729166666,0.9303385416666666,580.0,5.466666666666667,0.45,64.70389961731561,0.12872916666666667,,60,1.2907107007813188,0.483391742324961,0.6907107007813184,0.4505820416274906,0.9333333333333333,A,0.0006396626562491292
apartment,A,60,800,0.02,0.05,0.2,,1,0.3,0.2,2.0,20,0,0.5149739583333334,0.4997721354166667,0.8639322916666666,220.0,4.9,0.4666666666666667,55.630379057098146,0.11835416666666666,0.9009111617312073,46,1.321283253709561,0.5130534170104156,0.7212832537095608,0.4994446963665852,0.9565217391304348,A,0.0005990904687496368
apartment,A,60,800,0.02,0.05,0.0,,2,0.3,0.2,2.0,20,0,0.5885416666666666,0.6172526041666666,0.9010416666666666,480.0,5.783333333333333,0.6,64.41822562556726,0.1281875,,60,1.0965250661114574,0.6223809342282974,0.4965250661114575,0.2595908376622311,1.0,A,0.000630379010001434
apartment,A,60,800,0.02,0.05,0.2,,2,0.3,0.2,2.0,20,0,0.5572916666666666,0.5763671875,0.94921875,400.0,5.433333333333334,0.4,59.61932560090831,0.11970833333333333,0.9617977528089886,53,1.448305423620844,0.651863252013748,0.848305423620844,0.6752554973770714,0.8679245283018868,A,0.0006298720312497608
apartment,A,60,800,0.02,0.05,0.0,,3,0.3,0.2,2.0,20,0,0.712890625,0.6658203125,0.9505208333333334,540.0,6.166666666666667,0.5333333333333333,65.48846055430617,0.1365,,60,1.3813604447717083,0.7303198987910376,0.7813604447717085,0.33131143331487156,0.9666666666666667,A,0.0006369765624981482
apartment,A,60,800,0.02,0.05,0.2,,3,0.3,0.2,2.0,20,0,0.611328125,0.6072265625000001,0.927734375,320.0,6.183333333333334,0.5,62.75472839158911,0.1348125,1.0140388768898487,55,1.2452429305929138,0.47475039197498886,0.6452429305929137,0.4911283552294764,0.8909090909090909,A,0.0006151300512487978
apartment,A,60,800,0.02,0.05,0.0,,4,0.3,0.2,2.0,20,0,0.6959635416666666,0.6469726562499999,0.96875,500.0,5.716666666666667,0.45,64.70894263904448,0.1301875,,60,1.329062739907784,0.38366483349735475,0.7290627399077839,0.7147310569627162,1.0,A,0.0006122364587508855
apartment,A,60,800,0.02,0.05,0.2,,4,0.3,0.2,2.0,20,0,0.5546875,0.5436523437499999,0.9016927083333334,380.0,4.833333333333333,0.3333333333333333,54.76235720690868,0.11304166666666667,0.8693877551020408,44,1.4395651657614572,0.5222126834746432,0.8395651657614572,0.5706585185770652,0.9545454545454546,A,0.0005880578124993008
apartment,A,60,800,0.02,0.05,0.0,,5,0.3,0.2,2.0,20,0,0.6490885416666666,0.5972981770833333,0.9733072916666666,720.0,5.783333333333333,0.5333333333333333,62.39758961887813,0.14227083333333335,,60,1.1787039641714627,0.5713673405788944,0.5787039641714625,0.25183020499947406,0.8333333333333334,A,0.0006175408849981068
apartment,A,60,800,0.02,0.05,0.2,,5,0.3,0.2,2.0,20,0,0.6256510416666666,0.5758463541666666,0.9739583333333334,280.0,5.016666666666667,0.6333333333333333,57.0066934542201,0.1289375,1.2899328859060402,51,1.4844816087557933,0.6960810569441802,0.8844816087557936,0.48613179834225784,0.9607843137254902,A,0.0006088702612487395
apartment,A,60,800,0.02,0.05,0.0,,6,0.3,0.2,2.0,20,0,0.6549479166666666,0.59736328125,0.8756510416666666,520.0,6.5,0.65,61.999003173938235,0.1434375,,60,1.2078805581285321,0.40471618923258623,0.6078805581285319,0.5103825117804531,0.9333333333333333,A,0.0006193205212503016
apartment,A,60,800,0.02,0.05,0.2,,6,0.3,0.2,2.0,20,0,0.6048177083333334,0.5613932291666667,0.9733072916666666,320.0,5.666666666666667,0.4,55.15820361764364,0.126,1.1641604010025064,46,1.702860470516942,0.5377436438057505,1.102860470516942,1.0281483520563774,1.0,A,0.0005976188550016559
apartment,A,60,800,0.02,0.05,0.0,,7,0.3,0.2,2.0,20,0,0.6653645833333334,0.6392252604166667,0.951171875,360.0,5.0,0.5333333333333333,66.2836527631051,0.11897916666666666,,60,1.3256613528998893,0.6582502868091287,0.7256613528998892,0.46099882183978524,0.9,A,0.0006078397925011813
apartment,A,60,800,0.02,0.05,0.2,,7,0.3,0.2,2.0,20,0,0.5377604166666666,0.5416992187499999,0.9739583333333334,360.0,4.15,0.4,55.71678348034898,0.10327083333333334,0.8506694129763129,45,1.424111268576693,0.622427763005155,0.8241112685766929,0.6447915965224665,0.9555555555555556,A,0.0005798884375008129
apartment,A,60,800,0.02,0.05,0.0,,8,0.3,0.2,2.0,20,0,0.6490885416666666,0.6001627604166666,0.9563802083333334,500.0,5.7,0.4666666666666667,63.41419940367474,0.1360625,,60,1.4014742771691198,0.7529456430296904,0.8014742771691201,0.44595653811520186,0.8666666666666667,A,0.0005986180199988667
apartment,A,60,800,0.02,0.05,0.2,,8,0.3,0.2,2.0,20,0,0.5358072916666666,0.4927734374999999,0.8444010416666666,280.0,4.916666666666667,0.5666666666666667,52.79570427985352,0.116,1.0287499999999998,42,1.2510978885845727,0.3831090326477952,0.651097888584573,0.4777337839352753,1.0,A,0.0005888690100005078
apartment,A,60,800,0.02,0.05,0.0,,9,0.3,0.2,2.0,20,0,0.6595052083333334,0.6222981770833333,0.9921875,500.0,5.733333333333333,0.43333333333333335,65.13211243087727,0.12714583333333335,,60,1.2314722654177324,0.5188726569578755,0.6314722654177324,0.2989949123870571,0.9666666666666667,A,0.0006141982287499559
apartment,A,60,800,0.02,0.05,0.2,,9,0.3,0.2,2.0,20,0,0.5436197916666666,0.5159830729166666,0.947265625,280.0,4.966666666666667,0.45,56.72989045455809,0.11035416666666667,1.029593094944513,45,1.4982127949668589,0.7571224123075424,0.898212794966859,0.35804245896272646,0.9555555555555556,A,0.0005742105724993962
apartment,A,60,800,0.02,0.05,0.0,,10,0.3,0.2,2.0,20,0,0.6048177083333334,0.5729817708333333,0.9010416666666666,340.0,6.483333333333333,0.5666666666666667,63.252711161461,0.1325,,60,1.404720887927207,0.6921267575191342,0.8047208879272071,0.6769229084678671,1.0,A,0.0006000763550014199
apartment,A,60,800,0.02,0.05,0.0,,11,0.3,0.2,2.0,20,0,0.6315104166666666,0.6044270833333333,0.8268229166666666,500.0,6.116666666666666,0.5666666666666667,65.00941351404589,0.13585416666666666,,60,1.4796298626137498,0.6205172881704546,0.8796298626137501,0.5617296455876436,0.9333333333333333,A,0.0006027758849995735
apartment,A,60,800,0.02,0.05,0.2,,10,0.3,0.2,2.0,20,0,0.515625,0.4920247395833333,0.8899739583333334,320.0,5.85,0.5333333333333333,55.440487678743494,0.11577083333333334,1.036649214659686,43,1.608793768123821,0.6864323276913786,1.008793768123821,0.7323694679209279,0.9069767441860465,A,0.0006891799999993964
apartment,A,60,800,0.02,0.05,0.2,,11,0.3,0.2,2.0,20,0,0.5501302083333334,0.5337565104166668,0.8990885416666666,340.0,5.483333333333333,0.48333333333333334,56.41502385471225,0.11879166666666667,1.0292326431181487,46,1.6104335064978783,0.7542224325453529,1.0104335064978784,0.7161812503601189,0.9565217391304348,A,0.0006140051037482408
apartment,A,60,800,0.02,0.05,0.0,,12,0.3,0.2,2.0,20,0,0.6282552083333334,0.5806966145833334,0.9186197916666666,500.0,5.85,0.45,62.98780792124176,0.13758333333333334,,60,1.4560466738883848,0.7629184433059824,0.8560466738883847,0.4274096177899747,0.9333333333333333,A,0.0006323679687511685
apartment,A,60,800,0.02,0.05,0.2,,12,0.3,0.2,2.0,20,0,0.576171875,0.5218749999999999,0.783203125,360.0,5.983333333333333,0.35,58.869939662496854,0.12589583333333335,1.2360335195530727,50,1.4801653624642284,0.6311528623995223,0.8801653624642286,0.3991307787549204,0.92,A,0.0005999289575015609
apartment,A,60,800,0.02,0.05,0.0,,13,0.3,0.2,2.0,20,0,0.6647135416666666,0.6283528645833334,0.8704427083333334,500.0,5.783333333333333,0.48333333333333334,66.59698919159527,0.13025,,60,1.5534579929142358,0.5280926728082477,0.953457992914236,0.8586872707941705,0.85,A,0.0006179168750009012
apartment,A,60,800,0.02,0.05,0.2,,13,0.3,0.2,2.0,20,0,0.552734375,0.5462565104166666,0.9049479166666666,280.0,4.483333333333333,0.36666666666666664,55.84221779604731,0.1115625,0.9198266522210183,43,1.4822659795634605,0.6943866523606316,0.8822659795634605,0.5467718106113767,0.9534883720930233,A,0.000578065989998322
apartment,A,60,800,0.02,0.05,0.0,,14,0.3,0.2,2.0,20,0,0.6686197916666666,0.6378255208333332,0.94921875,460.0,5.85,0.48333333333333334,64.48691378363877,0.12435416666666667,,60,1.3551319569366849,0.7129589054554014,0.755131956936685,0.38540610101232964,0.9666666666666667,A,0.0006002181775011195
apartment,A,60,800,0.02,0.05,0.2,,14,0.3,0.2,2.0,20,0,0.5690104166666666,0.5326171875,0.9264322916666666,320.0,5.2,0.5333333333333333,54.74753225942577,0.1120625,1.036773428232503,47,1.4787439450339714,0.6633656790341488,0.8787439450339714,0.4554434281549614,0.9574468085106383,A,0.000577437916249437
apartment,A,60,800,0.02,0.05,0.2,,15,0.3,0.2,2.0,20,0,0.5208333333333334,0.5096354166666668,0.8912760416666666,300.0,5.416666666666667,0.2833333333333333,55.77081314531998,0.10547916666666667,0.8771929824561404,43,1.5727521233581219,0.6526467505779574,0.9727521233581218,0.594531328446931,1.0,A,0.0005743798437492842
apartment,A,60,800,0.02,0.05,0.0,,15,0.3,0.2,2.0,20,0,0.650390625,0.64384765625,0.9733072916666666,520.0,5.733333333333333,0.5833333333333334,67.06890811058821,0.12070833333333333,,60,1.3706805733052576,0.7729500988607847,0.7706805733052574,0.41161174583869553,0.9,A,0.0006139268750007432
apartment,A,60,800,0.02,0.05,0.0,,16,0.3,0.2,2.0,20,0,0.7389322916666666,0.6235677083333332,0.94140625,680.0,6.3,0.38333333333333336,62.586522314562636,0.13420833333333335,,60,1.5064622983472526,0.5810389962988446,0.9064622983472531,0.6808723549500536,0.9,A,0.0006092351562506337
apartment,A,60,800,0.02,0.05,0.2,,16,0.3,0.2,2.0,20,0,0.634765625,0.5467447916666666,0.904296875,240.0,5.75,0.4666666666666667,59.0901409194379,0.13039583333333332,1.1775362318840579,53,1.3370360536663128,0.4719710860793866,0.7370360536663131,0.6303961697187418,0.9622641509433962,A,0.0005963349475018731
apartment,A,60,800,0.02,0.05,0.2,,17,0.3,0.2,2.0,20,0,0.5930989583333334,0.5776692708333335,0.9602864583333334,300.0,5.05,0.35,58.417725389497974,0.1175,1.048331415420023,47,1.4126459521687311,0.608891592507173,0.8126459521687316,0.546740930581226,0.9574468085106383,A,0.0005716009899992969
apartment,A,60,800,0.02,0.05,0.0,,17,0.3,0.2,2.0,20,0,0.6360677083333334,0.6252604166666667,0.9427083333333334,460.0,5.983333333333333,0.35,66.73854925760209,0.13414583333333333,,60,1.198308971455541,0.4244984472986076,0.5983089714555409,0.3731797613174493,1.0,A,0.0006191750524999406
apartment,A,60,800,0.02,0.05,0.2,,18,0.3,0.2,2.0,20,0,0.6041666666666666,0.5273763020833333,0.873046875,160.0,5.416666666666667,0.5333333333333333,61.447798888511606,0.1201875,1.1289537712895377,51,1.6238649523394588,0.5981243059410587,1.023864952339459,0.589579303092372,0.9607843137254902,A,0.0005884756762498001
apartment,A,60,800,0.02,0.05,0.0,,18,0.3,0.2,2.0,20,0,0.67578125,0.6154622395833333,0.9049479166666666,640.0,5.616666666666666,0.6833333333333333,65.77560073311183,0.1233125,,60,1.3821744632564652,0.46706279776760884,0.7821744632564654,0.6015955773488585,0.9666666666666667,A,0.0006353984374982246
apartment,A,60,800,0.02,0.05,0.0,,19,0.3,0.2,2.0,20,0,0.6302083333333334,0.5871419270833333,0.90234375,540.0,6.083333333333333,0.4,62.824641752157426,0.1421875,,60,1.3212886807062887,0.5559385742037961,0.7212886807062887,0.39803797398504415,1.0,A,0.0006072095312515557
apartment,A,60,800,0.02,0.05,0.2,,19,0.3,0.2,2.0,20,0,0.5305989583333334,0.5184570312500001,0.8873697916666666,280.0,5.5,0.38333333333333336,56.70806872648132,0.12458333333333334,1.0074165636588381,47,1.5434172838339035,0.6867134511078088,0.9434172838339031,0.4977161596273273,1.0,A,0.0005879135424993365
apartment,A,60,800,0.02,0.05,0.0,,20,0.3,0.2,2.0,20,0,0.6595052083333334,0.6209635416666666,0.9479166666666666,520.0,5.516666666666667,0.38333333333333336,63.40887305999869,0.1360625,,60,1.3329403444587806,0.6505594795486547,0.7329403444587805,0.4415426035523071,1.0,A,0.0006233835412513144
apartment,A,60,800,0.02,0.05,0.2,,20,0.3,0.2,2.0,20,0,0.583984375,0.55732421875,0.9440104166666666,320.0,5.483333333333333,0.36666666666666664,58.03408233360369,0.13179166666666667,1.0653206650831353,52,1.2230917589174208,0.647080847053074,0.6230917589174209,0.26355424665657695,1.0,A,0.000574097707499277
apartment,A,60,800,0.02,0.05,0.0,,21,0.3,0.2,2.0,20,0,0.578125,0.61708984375,0.8997395833333334,420.0,5.566666666666666,0.4666666666666667,65.14852263762745,0.13022916666666667,,60,1.2979110953145705,0.6582129693697758,0.6979110953145702,0.4838325099275754,0.9666666666666667,A,0.0006068680199996379
apartment,A,60,800,0.02,0.05,0.2,,21,0.3,0.2,2.0,20,0,0.6334635416666666,0.62578125,0.9609375,320.0,5.75,0.4666666666666667,62.60650271606625,0.12377083333333333,1.0969560315670799,55,1.4712831783792772,0.6608777276902625,0.8712831783792773,0.678962359155212,0.9272727272727272,A,0.0005731317187496643
apartment,A,60,800,0.02,0.05,0.2,,22,0.3,0.2,2.0,20,0,0.5774739583333334,0.5205403645833334,0.833984375,360.0,5.2,0.4166666666666667,56.27824905154941,0.11991666666666667,1.0,43,1.6540531853958547,0.5586943130935919,1.0540531853958548,0.5793968913975364,0.9534883720930233,A,0.0005372226562508331
apartment,A,60,800,0.02,0.05,0.0,,22,0.3,0.2,2.0,20,0,0.62890625,0.5837565104166667,0.837890625,560.0,6.116666666666666,0.48333333333333334,63.92628575037728,0.14064583333333333,,60,1.2902902249738009,0.5135346461164564,0.6902902249738009,0.43345299617689037,0.9666666666666667,A,0.000602174011248735
apartment,A,60,800,0.02,0.05,0.0,,23,0.3,0.2,2.0,20,0,0.6516927083333334,0.6049479166666667,0.9700520833333334,440.0,6.333333333333333,0.5666666666666667,65.02188992722571,0.13733333333333334,,60,1.3053989210064831,0.6317869721004494,0.7053989210064834,0.3364257135321149,0.9666666666666667,A,0.0005810137499997836
apartment,A,60,800,0.02,0.05,0.2,,23,0.3,0.2,2.0,20,0,0.6354166666666666,0.5302408854166665,0.904296875,280.0,5.8,0.5166666666666667,59.61505585159675,0.126125,1.2401524777636594,50,1.459605890255865,0.5524323103764258,0.8596058902558652,0.6391493283168712,1.0,A,0.0005890680737502407
apartment,A,60,800,0.02,0.05,0.0,,24,0.3,0.2,2.0,20,0,0.6595052083333334,0.59794921875,0.9895833333333334,560.0,5.616666666666666,0.65,62.77949055107304,0.13558333333333333,,60,1.4378485885180663,0.6384938802338229,0.8378485885180662,0.5832001410108887,0.9333333333333333,A,0.0005921405212507125
apartment,A,60,800,0.02,0.05,0.2,,24,0.3,0.2,2.0,20,0,0.7037760416666666,0.6058919270833332,0.9720052083333334,280.0,5.516666666666667,0.5,61.3288927526149,0.12733333333333333,1.1905286343612334,55,1.4613396242013437,0.6480532300341151,0.861339624201344,0.5844368968767445,0.9272727272727272,A,0.0005859285425003691
apartment,A,60,800,0.02,0.05,0.0,,25,0.3,0.2,2.0,20,0,0.634765625,0.6168294270833333,0.8502604166666666,320.0,5.783333333333333,0.48333333333333334,65.5526822063388,0.122625,,60,1.2961107770723481,0.6455223106915063,0.6961107770723483,0.41002340544842036,0.9666666666666667,A,0.0005839591149992884
apartment,A,60,800,0.02,0.05,0.2,,25,0.3,0.2,2.0,20,0,0.4895833333333333,0.5442057291666667,0.849609375,320.0,4.983333333333333,0.3,58.45111587357675,0.1104375,0.8815943728018758,47,1.4720284135747455,0.6060296247808055,0.8720284135747455,0.6301343512170402,0.8723404255319149,A,0.0005621028637506243
apartment,A,60,800,0.02,0.05,0.2,,26,0.3,0.2,2.0,20,0,0.5904947916666666,0.5818033854166667,0.9440104166666666,300.0,5.533333333333333,0.5,60.70342156789607,0.12004166666666667,1.0318543799772468,51,1.2714080028893395,0.5322140586103689,0.6714080028893396,0.5364860736323965,0.9215686274509803,A,0.0005813830737497483
apartment,A,60,800,0.02,0.05,0.0,,26,0.3,0.2,2.0,20,0,0.6940104166666666,0.6697916666666666,0.9837239583333334,480.0,6.166666666666667,0.65,65.92337558726035,0.12764583333333332,,60,1.1680173159357634,0.5139542398810782,0.5680173159357633,0.3023253937858585,0.9333333333333333,A,0.0006206750524984273
apartment,A,60,800,0.02,0.05,0.0,,27,0.3,0.2,2.0,20,0,0.6907552083333334,0.6098307291666668,0.9518229166666666,660.0,5.566666666666666,0.55,65.29394133403983,0.1285625,,60,1.4362982650934135,0.6922736654482767,0.8362982650934135,0.390381689556849,0.9666666666666667,A,0.0006041665625002679
apartment,A,60,800,0.02,0.05,0.2,,27,0.3,0.2,2.0,20,0,0.5279947916666666,0.5107096354166667,0.8763020833333334,220.0,4.933333333333334,0.38333333333333336,56.95240378312617,0.1134375,0.9724220623501199,46,1.1778194710116592,0.5743206380292193,0.5778194710116591,0.2831301460587741,0.9130434782608695,A,0.0005847509899990655
apartment,A,60,800,0.02,0.05,0.0,,28,0.3,0.2,2.0,20,0,0.68359375,0.6332031249999999,0.87890625,580.0,5.333333333333333,0.5666666666666667,66.31675867027421,0.13016666666666668,,60,1.3723066233924757,0.5775247990141833,0.7723066233924757,0.4573050320385178,0.95,A,0.0005964169274989217
apartment,A,60,800,0.02,0.05,0.2,,28,0.3,0.2,2.0,20,0,0.5638020833333334,0.5756510416666667,0.8971354166666666,340.0,4.966666666666667,0.4,58.255324142093045,0.11960416666666666,1.0058072009291523,50,1.431236409412644,0.7180466048412437,0.831236409412644,0.5022760478737797,0.88,A,0.0006005409887507085
apartment,A,60,800,0.02,0.05,0.0,,29,0.3,0.2,2.0,20,0,0.7018229166666666,0.6429036458333333,0.966796875,620.0,5.966666666666667,0.5666666666666667,65.27162238471425,0.12129166666666667,,60,1.3007636530062567,0.5409857880934069,0.7007636530062568,0.3857359368831609,0.8666666666666667,A,0.0006120601037491724
apartment,A,60,800,0.02,0.05,0.2,,29,0.3,0.2,2.0,20,0,0.53515625,0.5448567708333333,0.955078125,360.0,5.85,0.5,57.83840851531384,0.11008333333333334,0.845679012345679,45,1.4460717313230909,0.6526586442390058,0.8460717313230907,0.4522978653051474,0.9111111111111111,A,0.0005851925000001756
rubble,A,60,800,0.02,0.05,0.0,,0,0.3,0.2,2.0,20,0,0.61731843575419,0.5885125698324021,0.8205307262569832,400.0,5.966666666666667,1.2,55.50355502748381,0.1455,,60,1.3662959940519366,0.5358063398901206,0.7662959940519367,0.6699179085989135,0.95,A,0.0006374139574995752
rubble,A,60,800,0.02,0.05,0.2,,1,0.3,0.2,2.0,20,0,0.4657821229050279,0.4986382681564246,0.8240223463687151,260.0,4.55,1.1333333333333333,47.13999577747784,0.11454166666666667,0.8730366492146597,46,1.339666087727251,0.5327949988890265,0.7396660877272511,0.4439586015230401,0.9565217391304348,A,0.0005576136975014379
rubble,A,60,800,0.02,0.05,0.2,,0,0.3,0.2,2.0,20,0,0.5509776536312849,0.5492667597765364,0.8659217877094972,340.0,5.15,1.0666666666666667,50.53218396014361,0.13158333333333333,0.9282352941176469,48,1.3593232688451693,0.5851235731956712,0.7593232688451698,0.5105142486706187,0.875,A,0.0005907810937515023
rubble,A,60,800,0.02,0.05,0.0,,1,0.3,0.2,2.0,20,0,0.6166201117318436,0.5676326815642458,0.8680167597765364,580.0,5.216666666666667,1.0666666666666667,52.57157009478702,0.1320625,,60,1.3900210242578956,0.586207932563766,0.7900210242578954,0.45301585858340443,0.9666666666666667,A,0.000598211562501092
rubble,A,60,800,0.02,0.05,0.0,,2,0.3,0.2,2.0,20,0,0.61731843575419,0.5589734636871507,0.7939944134078212,540.0,5.933333333333334,1.0833333333333333,55.613209651817215,0.140625,,60,1.255620263983786,0.6446383309954727,0.6556202639837861,0.37181910840550186,0.9333333333333333,A,0.0006007843237489396
rubble,A,60,800,0.02,0.05,0.2,,2,0.3,0.2,2.0,20,0,0.5600558659217877,0.5387569832402235,0.8372905027932961,220.0,4.45,1.1,48.42530342703996,0.1199375,1.0580474934036939,48,1.591843209747432,0.7390950613203077,0.991843209747432,0.5166475287923662,0.9583333333333334,A,0.0006113518749998548
rubble,A,60,800,0.02,0.05,0.0,,3,0.3,0.2,2.0,20,0,0.6005586592178771,0.5715083798882681,0.8051675977653632,500.0,5.55,1.0666666666666667,56.757384446642,0.13470833333333335,,60,1.3792916218399578,0.7096764021665698,0.7792916218399579,0.6459913616010212,0.9333333333333333,A,0.0006007228124985886
rubble,A,60,800,0.02,0.05,0.2,,3,0.3,0.2,2.0,20,0,0.5418994413407822,0.5044692737430168,0.8100558659217877,320.0,4.966666666666667,1.1,50.61059845092793,0.12452083333333333,1.0291777188328912,49,1.7086307554910622,0.7887101798044482,1.1086307554910622,0.5674160952471147,1.0,A,0.0005845729175007364
rubble,A,60,800,0.02,0.05,0.0,,4,0.3,0.2,2.0,20,0,0.6585195530726257,0.6184706703910615,0.9490223463687151,560.0,6.133333333333334,0.8666666666666667,53.654075389224865,0.15914583333333332,,60,1.248137175305361,0.6055588514821807,0.6481371753053611,0.3505530543166071,0.9333333333333333,A,0.0006471615100008421
rubble,A,60,800,0.02,0.05,0.2,,4,0.3,0.2,2.0,20,0,0.5279329608938548,0.5055516759776537,0.8708100558659218,280.0,5.783333333333333,0.9333333333333333,46.398390911415014,0.151625,0.9692307692307693,45,1.5600598619784403,0.6911961948907569,0.9600598619784401,0.6120793598707343,0.9555555555555556,A,0.0006093676037494334
rubble,A,60,800,0.02,0.05,0.2,,5,0.3,0.2,2.0,20,0,0.5097765363128491,0.5108240223463687,0.7346368715083799,280.0,5.566666666666666,1.3833333333333333,51.343233149689546,0.157125,0.9468223086900129,51,1.4133264136171013,0.7851595275541837,0.8133264136171011,0.5231103115301717,0.9607843137254902,A,0.0006130959899996924
rubble,A,60,800,0.02,0.05,0.0,,5,0.3,0.2,2.0,20,0,0.5949720670391061,0.5693086592178771,0.9210893854748603,420.0,5.9,1.2833333333333334,53.81584370671381,0.16504166666666667,,60,1.3447367658066074,0.552189018542079,0.7447367658066073,0.6240165473972356,0.9,A,0.0006474883862483693
rubble,A,60,800,0.02,0.05,0.0,,6,0.3,0.2,2.0,20,0,0.6005586592178771,0.5739874301675977,0.8596368715083799,540.0,6.316666666666666,1.5333333333333334,56.17579422811163,0.16170833333333334,,60,1.3867580642771986,0.9097848207782967,0.7867580642771989,0.47153910731091464,0.9666666666666667,A,0.0006387914062497657
rubble,A,60,800,0.02,0.05,0.2,,6,0.3,0.2,2.0,20,0,0.5314245810055865,0.48809357541899434,0.8065642458100558,220.0,5.566666666666666,1.2833333333333334,51.62096758373879,0.15645833333333334,1.1358208955223879,50,1.2706785322071366,0.38110870889059206,0.6706785322071365,0.6508144382550973,0.92,A,0.0006351449487510763
rubble,A,60,800,0.02,0.05,0.0,,7,0.3,0.2,2.0,20,0,0.6333798882681564,0.5915153631284916,0.8645251396648045,600.0,5.75,1.1,53.41973980234942,0.15570833333333334,,60,1.3478298317265995,0.5907015775086996,0.7478298317265996,0.43464130591306627,1.0,A,0.0006477209374997983
rubble,A,60,800,0.02,0.05,0.2,,7,0.3,0.2,2.0,20,0,0.5460893854748603,0.5193784916201117,0.7465083798882681,320.0,5.366666666666666,1.1,48.5591582942963,0.14872916666666666,1.0129533678756475,50,1.372829381616195,0.6608294821827266,0.7728293816161947,0.4326554227434821,0.92,A,0.0006277695824996954
rubble,A,60,800,0.02,0.05,0.0,,8,0.3,0.2,2.0,20,0,0.6082402234636871,0.5899790502793294,0.9420391061452514,480.0,5.733333333333333,1.3333333333333333,54.95413891994009,0.14852083333333332,,60,1.3179315951668238,0.6202410972548246,0.717931595166824,0.4098887997292179,0.9666666666666667,A,0.0006329378650002581
rubble,A,60,800,0.02,0.05,0.2,,8,0.3,0.2,2.0,20,0,0.5789106145251397,0.5522346368715084,0.9266759776536313,280.0,5.25,1.2166666666666666,48.45658134525674,0.134125,1.0836601307189544,47,1.488577995632159,0.5749931656752527,0.8885779956321591,0.6357962465171351,1.0,A,0.0005729979687498598
rubble,A,60,800,0.02,0.05,0.2,,9,0.3,0.2,2.0,20,0,0.5439944134078212,0.5021298882681564,0.7828212290502793,220.0,5.566666666666666,1.3666666666666667,50.348745210433364,0.12770833333333334,1.1289855072463766,47,1.574654723537488,0.7460366920216523,0.974654723537488,0.4498255330631947,0.9148936170212766,A,0.0005817907300001934
rubble,A,60,800,0.02,0.05,0.0,,9,0.3,0.2,2.0,20,0,0.6222067039106145,0.5632681564245811,0.8170391061452514,540.0,6.033333333333333,1.2,57.32022260027625,0.14008333333333334,,60,1.2939359248822335,0.500479369715777,0.6939359248822335,0.49301957266694385,0.9666666666666667,A,0.0006216679175008722
rubble,A,60,800,0.02,0.05,0.2,,10,0.3,0.2,2.0,20,0,0.5977653631284916,0.5252793296089385,0.9106145251396648,300.0,5.233333333333333,1.05,48.167681149655635,0.12658333333333333,1.064676616915423,46,1.4070024475000915,0.5098756873972334,0.8070024475000913,0.4827706115154894,1.0,A,0.0005946839062517028
rubble,A,60,800,0.02,0.05,0.0,,10,0.3,0.2,2.0,20,0,0.5949720670391061,0.6013966480446926,0.869413407821229,480.0,5.766666666666667,1.3666666666666667,56.708278563378,0.142625,,60,1.33256114011881,0.670316832309595,0.7325611401188101,0.4562542578156865,0.9666666666666667,A,0.0006235654162514947
rubble,A,60,800,0.02,0.05,0.0,,11,0.3,0.2,2.0,20,0,0.6033519553072626,0.5408868715083799,0.8421787709497207,620.0,6.1,1.2666666666666666,55.171666664850804,0.15995833333333334,,60,1.3290363322622545,0.6204045173438554,0.7290363322622542,0.5596540995980658,0.9666666666666667,A,0.0006276738549991024
rubble,A,60,800,0.02,0.05,0.2,,11,0.3,0.2,2.0,20,0,0.5356145251396648,0.4940991620111731,0.7723463687150838,260.0,5.9,1.35,50.828690576353885,0.15004166666666666,1.1362962962962961,52,1.3041292406942195,0.7038471119039994,0.7041292406942197,0.3354863695847123,0.9230769230769231,A,0.0005975756249995357
rubble,A,60,800,0.02,0.05,0.2,,12,0.3,0.2,2.0,20,0,0.5579608938547486,0.4927374301675977,0.7465083798882681,340.0,5.216666666666667,0.9666666666666667,49.04970949601921,0.12708333333333333,1.0610889774236387,47,1.6665985722970957,0.7099490272090365,1.0665985722970956,0.93321953740378,0.9574468085106383,A,0.0005779759374991045
rubble,A,60,800,0.02,0.05,0.0,,12,0.3,0.2,2.0,20,0,0.590782122905028,0.5531424581005586,0.7835195530726257,580.0,5.783333333333333,1.1,55.05545720108319,0.1373125,,60,1.5170496220337062,0.7522471476848523,0.9170496220337061,0.4214037021974484,0.9333333333333333,A,0.0006295591662478728
rubble,A,60,800,0.02,0.05,0.0,,13,0.3,0.2,2.0,20,0,0.6229050279329609,0.6000349162011173,0.9587988826815642,560.0,5.716666666666667,1.4333333333333333,54.798331764684576,0.15639583333333335,,60,1.3618268095807202,0.6152346601604429,0.7618268095807204,0.42556747375518633,0.9333333333333333,A,0.0006242075000000113
rubble,A,60,800,0.02,0.05,0.2,,13,0.3,0.2,2.0,20,0,0.5670391061452514,0.525209497206704,0.8519553072625698,360.0,5.35,1.2166666666666666,48.93797213255903,0.14577083333333332,1.0884718498659518,49,1.52681964861717,0.5586213830278977,0.9268196486171699,0.8594696804242404,1.0,A,0.0006143841662515115
rubble,A,60,800,0.02,0.05,0.0,,14,0.3,0.2,2.0,20,0,0.5900837988826816,0.5501745810055866,0.821927374301676,600.0,6.466666666666667,1.2833333333333334,55.91791821510227,0.1795625,,60,1.3738086789109514,0.6891947197347372,0.7738086789109513,0.5886621076703928,0.9666666666666667,A,0.0006197742187509902
rubble,A,60,800,0.02,0.05,0.2,,14,0.3,0.2,2.0,20,0,0.5467877094972067,0.5305516759776535,0.8107541899441341,300.0,5.7,1.1833333333333333,49.518223976779694,0.16210416666666666,1.1028169014084506,48,1.3883434887073236,0.5165738324575377,0.7883434887073234,0.5440700564621758,1.0,A,0.0006094091150021086
rubble,A,60,800,0.02,0.05,0.0,,15,0.3,0.2,2.0,20,0,0.5691340782122905,0.565013966480447,0.7695530726256983,400.0,6.2,1.25,56.682370239882054,0.16172916666666667,,60,1.0618537051636805,0.4294157986335714,0.4618537051636805,0.3902527645617454,1.0,A,0.0006204762500010474
rubble,A,60,800,0.02,0.05,0.2,,15,0.3,0.2,2.0,20,0,0.6277932960893855,0.5660265363128492,0.8344972067039106,280.0,5.383333333333334,1.2,52.96357610179891,0.15214583333333334,1.157014157014157,54,1.5698278889982593,0.577714385583,0.9698278889982593,0.5967699422496524,0.9629629629629629,A,0.0006107862499993644
rubble,A,60,800,0.02,0.05,0.0,,16,0.3,0.2,2.0,20,0,0.5712290502793296,0.5359986033519554,0.6829608938547486,520.0,6.316666666666666,1.25,53.9524885974309,0.17083333333333334,,60,1.3520756058961665,0.6624373001627427,0.7520756058961665,0.4518978298949844,0.9333333333333333,A,0.0006214468224993653
rubble,A,60,800,0.02,0.05,0.2,,16,0.3,0.2,2.0,20,0,0.5013966480446927,0.46735335195530725,0.7960893854748603,260.0,5.283333333333333,0.9666666666666667,45.49184447929949,0.15264583333333334,1.1324921135646688,46,1.3479325522361043,0.7110304249814723,0.7479325522361043,0.40151238247784776,0.9565217391304348,A,0.000596829635001086
rubble,A,60,800,0.02,0.05,0.0,,17,0.3,0.2,2.0,20,0,0.5509776536312849,0.5672486033519554,0.9210893854748603,640.0,6.166666666666667,1.5,55.472690453407104,0.1558125,,60,1.32339873069976,0.7254996510401116,0.72339873069976,0.4837179784711424,0.8666666666666667,A,0.0006106402087493734
rubble,A,60,800,0.02,0.05,0.2,,17,0.3,0.2,2.0,20,0,0.5593575418994413,0.5193435754189945,0.8666201117318436,260.0,5.316666666666666,1.1166666666666667,50.177407588480555,0.14170833333333333,1.1762114537444934,49,1.5904749295347995,0.7051254811795753,0.9904749295348001,0.5172165623042547,1.0,A,0.0005831913537508626
rubble,A,60,800,0.02,0.05,0.2,,18,0.3,0.2,2.0,20,0,0.5516759776536313,0.567213687150838,0.8896648044692738,280.0,5.35,1.2,47.75215907457708,0.15352083333333333,1.0313315926892952,47,1.4758125038423837,0.6665144771966007,0.8758125038423835,0.6217166551224896,0.9574468085106383,A,0.0005817594787504277
rubble,A,60,800,0.02,0.05,0.0,,18,0.3,0.2,2.0,20,0,0.5824022346368715,0.5872555865921788,0.880586592178771,440.0,6.533333333333333,1.1666666666666667,54.513478267697025,0.17058333333333334,,60,1.3204778407968936,0.5542226268081145,0.7204778407968935,0.5644677728720741,0.9333333333333333,A,0.0006035966137505965
rubble,A,60,800,0.02,0.05,0.2,,19,0.3,0.2,2.0,20,0,0.5991620111731844,0.5361382681564246,0.8491620111731844,280.0,5.166666666666667,1.1833333333333333,48.8372347446772,0.13910416666666667,1.0833333333333333,47,1.56698769380536,0.5482802792479649,0.9669876938053598,0.7332329245619397,0.9574468085106383,A,0.0005666846350004562
rubble,A,60,800,0.02,0.05,0.0,,19,0.3,0.2,2.0,20,0,0.6599162011173184,0.6070530726256983,0.9371508379888268,440.0,5.633333333333334,1.2833333333333334,54.09739979895245,0.15077083333333333,,60,1.441818456734548,0.6860522964297846,0.8418184567345482,0.4470662753118383,0.9666666666666667,A,0.0006023993750000046
rubble,A,60,800,0.02,0.05,0.0,,20,0.3,0.2,2.0,20,0,0.6005586592178771,0.5494064245810056,0.848463687150838,360.0,6.35,1.1166666666666667,54.059721158180054,0.172125,,60,1.3863740408406342,0.5303218264051998,0.7863740408406338,0.7040944221310746,0.9333333333333333,A,0.0006067115625000951
rubble,A,60,800,0.02,0.05,0.2,,20,0.3,0.2,2.0,20,0,0.5495810055865922,0.5278980446927376,0.8896648044692738,320.0,5.816666666666666,1.1333333333333333,48.983379383548346,0.1545625,1.0722070844686649,47,1.5204350997008536,0.6468158747577414,0.9204350997008538,0.5493097173991687,1.0,A,0.0005727216662512547
rubble,A,60,800,0.02,0.05,0.0,,21,0.3,0.2,2.0,20,0,0.6026536312849162,0.5839385474860335,0.9050279329608939,480.0,6.666666666666667,1.25,55.67738834119455,0.17633333333333334,,60,1.3746331093741528,0.6825926931365467,0.7746331093741528,0.3759859577674679,0.9333333333333333,A,0.0005960878124983538
rubble,A,60,800,0.02,0.05,0.2,,21,0.3,0.2,2.0,20,0,0.5481843575418994,0.5340782122905028,0.8198324022346368,400.0,5.55,1.1,47.67430191383402,0.154125,0.9655596555965559,45,1.7450217953191696,0.8452685552653314,1.145021795319169,0.6989889917419111,0.9555555555555556,A,0.0005702236975002961
rubble,A,60,800,0.02,0.05,0.0,,22,0.3,0.2,2.0,20,0,0.6815642458100558,0.610963687150838,0.9050279329608939,640.0,5.833333333333333,1.3833333333333333,57.17287387443543,0.14529166666666668,,60,1.3789666978284174,0.7072145431539075,0.7789666978284174,0.4427904891213058,1.0,A,0.0005941086450002331
rubble,A,60,800,0.02,0.05,0.2,,22,0.3,0.2,2.0,20,0,0.5607541899441341,0.5153282122905029,0.7814245810055865,320.0,5.05,1.2833333333333334,47.439363328967474,0.13004166666666667,1.026854219948849,45,1.5456653671110656,0.8215097868524702,0.9456653671110656,0.6375374545597242,1.0,A,0.0005628917712510883
rubble,A,60,800,0.02,0.05,0.0,,23,0.3,0.2,2.0,20,0,0.6710893854748603,0.5793296089385477,0.8547486033519553,680.0,6.333333333333333,1.2166666666666666,55.640090500544794,0.159375,,60,1.4798500179420686,0.5554863706327267,0.8798500179420684,0.654479509414221,1.0,A,0.0006078186974991695
rubble,A,60,800,0.02,0.05,0.2,,23,0.3,0.2,2.0,20,0,0.5942737430167597,0.5283868715083798,0.8722067039106145,320.0,5.866666666666666,1.0666666666666667,51.014630425882515,0.14822916666666666,1.2174535050071529,50,1.5007959232629955,0.6815317119729953,0.9007959232629952,0.5333553815482085,1.0,A,0.0006088581249991875
rubble,A,60,800,0.02,0.05,0.0,,24,0.3,0.2,2.0,20,0,0.6082402234636871,0.5727653631284916,0.8107541899441341,520.0,6.35,1.3333333333333333,55.382152742555704,0.16727083333333334,,60,1.4613515482978376,0.8102099349505406,0.861351548297838,0.5523124893940629,0.9333333333333333,A,0.0006251625512504688
rubble,A,60,800,0.02,0.05,0.2,,24,0.3,0.2,2.0,20,0,0.5048882681564246,0.5097765363128491,0.7660614525139665,220.0,5.35,1.3,47.06384073651529,0.14658333333333334,0.991769547325103,45,1.5306192850023659,0.740698005509255,0.9306192850023656,0.44417906974499954,1.0,A,0.0005886044787507672
rubble,A,60,800,0.02,0.05,0.0,,25,0.3,0.2,2.0,20,0,0.598463687150838,0.585300279329609,0.8435754189944135,500.0,5.916666666666667,1.0,52.69743268320563,0.1735,,60,1.2542896921106212,0.7266972199610524,0.654289692110621,0.40616347423638877,1.0,A,0.0006282989574992826
rubble,A,60,800,0.02,0.05,0.2,,25,0.3,0.2,2.0,20,0,0.5097765363128491,0.5156424581005586,0.7884078212290503,260.0,4.916666666666667,0.9333333333333333,43.081142580313745,0.148125,0.9959072305593452,43,1.5605876605543505,0.6601526716226286,0.9605876605543505,0.5591759572552862,1.0,A,0.0005923614587482007
rubble,A,60,800,0.02,0.05,0.0,,26,0.3,0.2,2.0,20,0,0.6298882681564246,0.5761871508379888,0.8365921787709497,600.0,5.516666666666667,1.0833333333333333,53.252487465949486,0.13558333333333333,,60,1.2082520975650783,0.5157269527056056,0.6082520975650778,0.4833145545262091,0.9333333333333333,A,0.0006077907812505146
rubble,A,60,800,0.02,0.05,0.2,,26,0.3,0.2,2.0,20,0,0.5761173184357542,0.5177025139664805,0.8128491620111732,260.0,5.083333333333333,1.2166666666666666,47.827109463077754,0.12591666666666668,1.2043795620437958,48,1.3444497055461488,0.4203719313064067,0.744449705546149,0.6441497196760425,1.0,A,0.0006062041662517004
rubble,A,60,800,0.02,0.05,0.2,,27,0.3,0.2,2.0,20,0,0.5977653631284916,0.4911662011173184,0.7730446927374302,260.0,5.183333333333334,1.55,49.371224478728884,0.13133333333333333,1.2228571428571429,46,1.695642385741146,0.494990241876584,1.095642385741146,0.8757781207974232,0.9130434782608695,A,0.0005913107287506136
rubble,A,60,800,0.02,0.05,0.0,,27,0.3,0.2,2.0,20,0,0.6236033519553073,0.5574720670391061,0.8317039106145251,620.0,6.1,1.5166666666666666,56.151793271817304,0.15141666666666667,,60,1.362715039829663,0.6537379527001606,0.762715039829663,0.40891755056683593,0.9333333333333333,A,0.0006548538025003836
rubble,A,60,800,0.02,0.05,0.0,,28,0.3,0.2,2.0,20,0,0.571927374301676,0.5551326815642458,0.8358938547486033,380.0,5.983333333333333,1.35,55.19072730095761,0.16564583333333333,,60,1.4759681183826343,0.8242526701331818,0.8759681183826346,0.49402376173885176,0.9666666666666667,A,0.0006137302074989748
rubble,A,60,800,0.02,0.05,0.2,,28,0.3,0.2,2.0,20,0,0.6236033519553073,0.5317388268156424,0.8317039106145251,300.0,5.15,1.0666666666666667,48.22126798408012,0.14522916666666666,1.2067567567567568,46,1.662239803786279,0.5641061694617829,1.062239803786279,0.8670124428714494,1.0,A,0.0006143548437512436
rubble,A,60,800,0.02,0.05,0.0,,29,0.3,0.2,2.0,20,0,0.6361731843575419,0.5957402234636872,0.9141061452513967,600.0,5.383333333333334,1.3,54.586140157095066,0.1551875,,60,1.3884824772455964,0.6909675485235912,0.7884824772455968,0.6200439414046782,0.9666666666666667,A,0.0006242479162483505
rubble,A,60,800,0.02,0.05,0.2,,29,0.3,0.2,2.0,20,0,0.5712290502793296,0.5420740223463688,0.8212290502793296,320.0,5.333333333333333,1.3,50.634962084373925,0.14116666666666666,1.0651041666666665,49,1.5297760936884428,0.5692929855841822,0.9297760936884428,0.7667495545575961,0.9591836734693877,A,0.0005799090100003923
office,B,60,800,0.02,0.05,0.2,,0,0.3,0.2,2.0,20,0,0.7565104166666666,0.6974609374999999,0.83984375,320.0,0.9333333333333333,0.21666666666666667,40.13222986085189,0.07797916666666667,1.0931326434619002,47,2.098767273743295,0.28480422880660444,1.4987672737432947,1.4790307996532421,1.0,B,0.0015689642187498975
office,B,60,800,0.02,0.05,0.0,,0,0.3,0.2,2.0,20,0,0.8893229166666666,0.8119466145833332,0.96484375,560.0,0.9333333333333333,0.25,43.47050686046339,0.07952083333333333,,60,2.0090378112380707,0.2741544148924333,1.4090378112380704,1.304975910140523,1.0,B,0.0016106254162491496
office,B,60,800,0.02,0.05,0.0,,1,0.3,0.2,2.0,20,0,0.8828125,0.82919921875,0.955078125,560.0,0.9,0.23333333333333334,43.60450962170428,0.07758333333333334,,60,1.986180425033175,0.26260142269812276,1.3861804250331748,1.4168643153983225,1.0,B,0.0016330680724990997
office,B,60,800,0.02,0.05,0.2,,1,0.3,0.2,2.0,20,0,0.8639322916666666,0.8117513020833333,0.970703125,300.0,0.9,0.3333333333333333,42.49382406534387,0.07729166666666666,1.1858802502234138,53,2.181048783318886,0.2369239092636949,1.5810487833188853,1.388007027092093,1.0,B,0.0014560734375004358
office,B,60,800,0.02,0.05,0.2,,2,0.3,0.2,2.0,20,0,0.7734375,0.7421223958333334,0.8860677083333334,320.0,1.0333333333333334,0.16666666666666666,39.45178596027124,0.08179166666666667,1.1010194624652456,46,2.1650221573105752,0.19181955441978826,1.5650221573105754,1.594550951335623,1.0,B,0.0013981989574995168
office,B,60,800,0.02,0.05,0.2,,3,0.3,0.2,2.0,20,0,0.8444010416666666,0.7985351562499999,0.9231770833333334,300.0,1.1,0.13333333333333333,41.85768656615376,0.06622916666666667,1.1559714795008913,49,2.1582870259616733,0.2155806452098272,1.5582870259616728,1.600280664081311,1.0,B,0.0013965075524993154
office,B,60,800,0.02,0.05,0.0,,3,0.3,0.2,2.0,20,0,0.859375,0.81953125,0.9329427083333334,460.0,1.1,0.03333333333333333,42.92612614369735,0.0685625,,60,1.9877643579882869,0.21988298958907088,1.3877643579882872,1.3384887123761215,1.0,B,0.0015378900524979145
office,B,60,800,0.02,0.05,0.0,,2,0.3,0.2,2.0,20,0,0.8717447916666666,0.8023111979166666,0.9427083333333334,580.0,1.0333333333333334,0.15,42.633370336009826,0.082625,,60,1.9263092925596974,0.3078537804336641,1.326309292559697,1.2227788440582001,1.0,B,0.0016105055737489237
office,B,60,800,0.02,0.05,0.0,,4,0.3,0.2,2.0,20,0,0.8645833333333334,0.8214518229166667,0.95703125,540.0,1.2333333333333334,0.11666666666666667,43.40744382493167,0.08554166666666667,,60,2.002503317101665,0.2532385980461811,1.4025033171016645,1.168977329385303,1.0,B,0.0015769460937508483
office,B,60,800,0.02,0.05,0.2,,4,0.3,0.2,2.0,20,0,0.8072916666666666,0.7784505208333334,0.9290364583333334,340.0,1.2333333333333334,0.13333333333333333,40.581055827289205,0.08175,1.117117117117117,48,2.2393691867951753,0.22639603363503916,1.6393691867951752,1.5415218825685633,1.0,B,0.001381466042498687
office,B,60,800,0.02,0.05,0.2,,5,0.3,0.2,2.0,20,0,0.7864583333333334,0.7223307291666667,0.9029947916666666,280.0,1.0,0.15,39.57573452001141,0.07745833333333334,1.1174838112858465,50,2.1132626003116806,0.2279887757471752,1.5132626003116803,1.4449340412107434,1.0,B,0.0014184946362502159
office,B,60,800,0.02,0.05,0.0,,5,0.3,0.2,2.0,20,0,0.90234375,0.8242513020833332,0.9739583333333334,600.0,1.0,0.11666666666666667,43.63522167248127,0.07525,,60,2.045545138821933,0.2627912398396387,1.4455451388219331,1.2303545944581944,1.0,B,0.0015348763537485865
office,B,60,800,0.02,0.05,0.2,,6,0.3,0.2,2.0,20,0,0.80078125,0.7322265625,0.9010416666666666,300.0,1.05,0.15,40.35887964395458,0.07975,1.1420612813370474,49,2.1084752921077397,0.22469762885978917,1.50847529210774,1.4699322481820531,1.0,B,0.0014272015624987944
office,B,60,800,0.02,0.05,0.0,,6,0.3,0.2,2.0,20,0,0.884765625,0.80673828125,0.9381510416666666,580.0,1.0166666666666666,0.2,43.53314691489382,0.08060416666666667,,60,2.025556865839909,0.2678837480834812,1.4255568658399091,1.3248228309571366,1.0,B,0.001542459323750336
office,B,60,800,0.02,0.05,0.2,,7,0.3,0.2,2.0,20,0,0.7779947916666666,0.7454752604166666,0.8893229166666666,340.0,1.05,0.16666666666666666,39.67597260995832,0.08925,1.11577964519141,47,2.1600539780832606,0.19413952692459055,1.5600539780832607,1.4535321059577386,1.0,B,0.00138895786500143
office,B,60,800,0.02,0.05,0.2,,8,0.3,0.2,2.0,20,0,0.7578125,0.6999674479166667,0.8587239583333334,300.0,0.9666666666666667,0.21666666666666667,40.238446266493426,0.0864375,1.1064638783269962,46,2.280099542108227,0.29918422983740367,1.6800995421082268,1.5252256637440564,1.0,B,0.0013489712499995222
office,B,60,800,0.02,0.05,0.0,,7,0.3,0.2,2.0,20,0,0.89453125,0.8080729166666666,0.9654947916666666,600.0,1.1,0.23333333333333334,43.42559732635484,0.09241666666666666,,60,2.039384381543873,0.27575243225136425,1.4393843815438732,1.3675232953883425,1.0,B,0.0015719142187504075
office,B,60,800,0.02,0.05,0.0,,8,0.3,0.2,2.0,20,0,0.8059895833333334,0.74921875,0.88671875,520.0,0.9833333333333333,0.18333333333333332,42.23481059063126,0.09258333333333334,,60,1.8964171237309997,0.3231866510675107,1.2964171237309998,1.2546561548464705,1.0,B,0.0015853700525008208
office,B,60,800,0.02,0.05,0.2,,9,0.3,0.2,2.0,20,0,0.6653645833333334,0.6049804687500001,0.7819010416666666,160.0,1.0,0.26666666666666666,33.64501434971451,0.13941666666666666,1.2936708860759496,46,1.987544734590258,0.3311138332253447,1.3875447345902578,1.1581700889561788,1.0,B,0.0015401846349982406
office,B,60,800,0.02,0.05,0.2,,10,0.3,0.2,2.0,20,0,0.8274739583333334,0.7642578125000001,0.9173177083333334,300.0,0.9833333333333333,0.16666666666666666,41.02464212532869,0.07360416666666666,1.160730593607306,52,2.0766135354232924,0.22829234327584294,1.4766135354232923,1.4651807415755795,1.0,B,0.0014858045312507785
office,B,60,800,0.02,0.05,0.0,,10,0.3,0.2,2.0,20,0,0.904296875,0.8320638020833334,0.9765625,560.0,1.0,0.15,42.718192730766944,0.07739583333333333,,60,1.9927652845132704,0.3156247672923129,1.3927652845132703,1.2070583423458292,1.0,B,0.00159432223875001
office,B,60,800,0.02,0.05,0.0,,9,0.3,0.2,2.0,20,0,0.5970052083333334,0.531640625,0.630859375,700.0,1.1833333333333333,0.25,33.99320455493925,0.192375,,60,1.4793152678489119,0.4699655319446912,0.8793152678489121,0.7119355218393884,0.9333333333333333,B,0.0018206846875000338
office,B,60,800,0.02,0.05,0.2,,11,0.3,0.2,2.0,20,0,0.7923177083333334,0.7147786458333334,0.8854166666666666,300.0,1.1333333333333333,0.1,38.961090477392936,0.08860416666666666,1.2157842157842158,49,2.158150260315226,0.2997150380913484,1.5581502603152257,1.4406303219016543,1.0,B,0.0014843371875008415
office,B,60,800,0.02,0.05,0.2,,12,0.3,0.2,2.0,20,0,0.7389322916666666,0.6968424479166665,0.8626302083333334,340.0,0.95,0.23333333333333334,38.308059837125164,0.08610416666666666,1.053853296193129,44,2.284368430930045,0.33225754490629483,1.6843684309300442,1.5101543320509514,1.0,B,0.0013898341150002124
office,B,60,800,0.02,0.05,0.0,,11,0.3,0.2,2.0,20,0,0.8919270833333334,0.7988932291666666,0.9641927083333334,620.0,1.1666666666666667,0.1,42.13636939752983,0.09197916666666667,,60,1.9503516850721319,0.26275421516119857,1.3503516850721318,1.2336691886816127,1.0,B,0.00158156948000169
office,B,60,800,0.02,0.05,0.0,,12,0.3,0.2,2.0,20,0,0.8684895833333334,0.7977213541666668,0.9479166666666666,600.0,0.9666666666666667,0.23333333333333334,42.18348027838572,0.0895,,60,2.0351481831313736,0.2560691239496957,1.4351481831313735,1.2415053352244496,1.0,B,0.0016247509887512023
office,B,60,800,0.02,0.05,0.0,,13,0.3,0.2,2.0,20,0,0.8111979166666666,0.7462890625,0.9069010416666666,580.0,1.0666666666666667,0.13333333333333333,42.29238243538,0.09908333333333333,,60,1.8849295749905182,0.2983732495762013,1.284929574990518,1.1521248153097674,1.0,B,0.0016180742187498253
office,B,60,800,0.02,0.05,0.2,,13,0.3,0.2,2.0,20,0,0.712890625,0.6609375,0.8346354166666666,260.0,1.05,0.15,38.08514272899502,0.095625,1.0993975903614457,45,2.241714549555142,0.3623496395090949,1.641714549555142,1.4818961217065332,1.0,B,0.0014414865112485132
office,B,60,800,0.02,0.05,0.2,,14,0.3,0.2,2.0,20,0,0.7845052083333334,0.7123372395833333,0.8678385416666666,320.0,1.0166666666666666,0.18333333333333332,39.466967330509505,0.0815,1.1443494776828111,47,2.204119634495258,0.2729514136882398,1.6041196344952582,1.5117681211343434,1.0,B,0.0014378563537502487
office,B,60,800,0.02,0.05,0.2,,15,0.3,0.2,2.0,20,0,0.7083333333333334,0.6554361979166667,0.8274739583333334,300.0,1.05,0.26666666666666666,36.46373241771821,0.1151875,1.0815109343936382,43,2.3181565477695503,0.3292597822710216,1.7181565477695495,1.5609132375409218,1.0,B,0.0014352503125019212
office,B,60,800,0.02,0.05,0.0,,14,0.3,0.2,2.0,20,0,0.8984375,0.8206705729166668,0.9609375,560.0,1.0,0.16666666666666666,43.33982236086827,0.08422916666666666,,60,1.9769075405669725,0.290288833496505,1.376907540566972,1.3353513637355041,1.0,B,0.001601776145000713
office,B,60,800,0.02,0.05,0.2,,16,0.3,0.2,2.0,20,0,0.7962239583333334,0.7311848958333333,0.8815104166666666,260.0,1.1333333333333333,0.25,39.34539259589816,0.10108333333333333,1.2120911793855305,49,2.2121169758213406,0.25287510438372734,1.61211697582134,1.5034596514064833,1.0,B,0.001449620937501095
office,B,60,800,0.02,0.05,0.0,,15,0.3,0.2,2.0,20,0,0.88671875,0.7664388020833333,0.9427083333333334,680.0,1.0666666666666667,0.35,41.731754663497036,0.11945833333333333,,60,2.012762828181225,0.27363745499005765,1.4127628281812248,1.3251661180641654,1.0,B,0.0016221751037505782
office,B,60,800,0.02,0.05,0.0,,16,0.3,0.2,2.0,20,0,0.8782552083333334,0.77666015625,0.939453125,640.0,1.15,0.23333333333333334,41.530481252716946,0.10839583333333333,,60,1.9690387659829136,0.31141718927953904,1.369038765982914,1.1837759028853332,1.0,B,0.0016328188024999691
office,B,60,800,0.02,0.05,0.2,,17,0.3,0.2,2.0,20,0,0.7526041666666666,0.7087890625,0.8743489583333334,320.0,1.0666666666666667,0.18333333333333332,39.07041203389901,0.07775,1.0461538461538462,43,2.1920185830892653,0.233091631075406,1.5920185830892652,1.646493388049028,1.0,B,0.0013530544787499822
office,B,60,800,0.02,0.05,0.0,,17,0.3,0.2,2.0,20,0,0.8919270833333334,0.8298502604166667,0.9739583333333334,520.0,1.1,0.18333333333333332,43.4828482812125,0.08439583333333334,,60,1.991862708067,0.3077472117111526,1.3918627080669999,1.3985836860167447,1.0,B,0.0015760793749996082
office,B,60,800,0.02,0.05,0.2,,18,0.3,0.2,2.0,20,0,0.7916666666666666,0.73564453125,0.91015625,320.0,1.0,0.18333333333333332,40.30291765244151,0.07895833333333334,1.1625239005736137,45,2.2527185576584023,0.2341911657935653,1.6527185576584025,1.5612935839267248,1.0,B,0.0013693274475008366
office,B,60,800,0.02,0.05,0.0,,18,0.3,0.2,2.0,20,0,0.845703125,0.78623046875,0.92578125,540.0,1.0333333333333334,0.13333333333333333,43.607961481917854,0.083875,,60,1.9438724767677615,0.27948379147527247,1.343872476767761,1.296361452863103,1.0,B,0.001555500208748981
office,B,60,800,0.02,0.05,0.2,,19,0.3,0.2,2.0,20,0,0.8209635416666666,0.7685221354166667,0.9055989583333334,320.0,0.9333333333333333,0.08333333333333333,41.12595814895688,0.07529166666666667,1.177404295051354,47,2.216276590002087,0.16750338544993434,1.6162765900020866,1.4995996436017682,1.0,B,0.001403810416250053
office,B,60,800,0.02,0.05,0.2,,20,0.3,0.2,2.0,20,0,0.802734375,0.7525716145833334,0.9153645833333334,300.0,0.9166666666666666,0.2,40.316618916856314,0.0953125,1.0950266429840143,51,2.0373880299348515,0.28045218682941353,1.4373880299348516,1.3128455457943664,1.0,B,0.0014277910424993934
office,B,60,800,0.02,0.05,0.0,,19,0.3,0.2,2.0,20,0,0.8450520833333334,0.7723307291666667,0.9251302083333334,620.0,0.9166666666666666,0.06666666666666667,43.24207936669657,0.07775,,60,1.9506962321894108,0.26828515346525683,1.3506962321894105,1.2884483762903916,1.0,B,0.0015674698437487678
office,B,60,800,0.02,0.05,0.0,,20,0.3,0.2,2.0,20,0,0.8841145833333334,0.8264322916666667,0.95703125,520.0,0.9166666666666666,0.21666666666666667,43.469099362313415,0.09233333333333334,,60,2.0318934918951035,0.22971152662215638,1.4318934918951034,1.369062629180795,1.0,B,0.0015034029687490146
office,B,60,800,0.02,0.05,0.2,,21,0.3,0.2,2.0,20,0,0.7962239583333334,0.7384765625,0.8977864583333334,320.0,1.1833333333333333,0.13333333333333333,39.82410286227983,0.092125,1.1324074074074075,45,2.2319975318130165,0.19860817272479153,1.631997531813017,1.6367766810014128,1.0,B,0.0013903359374990033
office,B,60,800,0.02,0.05,0.0,,21,0.3,0.2,2.0,20,0,0.9108072916666666,0.8329427083333334,0.9680989583333334,560.0,1.1833333333333333,0.2,43.34859588994146,0.09495833333333334,,60,2.0681445915586845,0.22979836114516233,1.4681445915586842,1.3250772205338655,1.0,B,0.0015771932812481283
office,B,60,800,0.02,0.05,0.0,,22,0.3,0.2,2.0,20,0,0.8776041666666666,0.8039713541666667,0.9505208333333334,580.0,0.9666666666666667,0.15,43.990168391125444,0.08060416666666667,,60,2.0142561336835563,0.26387237108478245,1.4142561336835562,1.3172267875915071,1.0,B,0.0015961442187494867
office,B,60,800,0.02,0.05,0.2,,22,0.3,0.2,2.0,20,0,0.7747395833333334,0.73662109375,0.880859375,360.0,0.95,0.2,39.7412010498663,0.08010416666666667,1.104921077065924,44,2.2982655855047653,0.18815793794286803,1.6982655855047653,1.5874885861167627,1.0,B,0.0013939955212504173
office,B,60,800,0.02,0.05,0.2,,23,0.3,0.2,2.0,20,0,0.7389322916666666,0.6476888020833333,0.8352864583333334,340.0,1.1666666666666667,0.26666666666666666,35.771131379589484,0.12016666666666667,1.2178111587982832,47,2.18775430325248,0.28258362070033377,1.5877543032524806,1.4473547585100772,1.0,B,0.001493614271248589
office,B,60,800,0.02,0.05,0.2,,24,0.3,0.2,2.0,20,0,0.7897135416666666,0.7421549479166666,0.9036458333333334,260.0,0.8,0.03333333333333333,39.98447276422321,0.08022916666666667,1.0820695807314897,45,2.225208371560013,0.22728434642208392,1.6252083715600125,1.6264390877111943,1.0,B,0.0013926527075000194
office,B,60,800,0.02,0.05,0.0,,23,0.3,0.2,2.0,20,0,0.8470052083333334,0.7492838541666668,0.9036458333333334,580.0,1.2166666666666666,0.25,39.70640077239407,0.12572916666666667,,60,1.937932079733978,0.2768825086286215,1.3379320797339778,1.2731653782088468,1.0,B,0.001715254738751355
office,B,60,800,0.02,0.05,0.0,,24,0.3,0.2,2.0,20,0,0.884765625,0.8176432291666667,0.962890625,580.0,0.8166666666666667,0.03333333333333333,43.00191918787235,0.0864375,,60,2.0505451780290302,0.2821351878748001,1.45054517802903,1.2632898391701004,1.0,B,0.0015840304687503703
office,B,60,800,0.02,0.05,0.2,,25,0.3,0.2,2.0,20,0,0.515625,0.518359375,0.57421875,100.0,1.0666666666666667,0.15,32.885951794694606,0.1098125,0.9924812030075187,50,1.5013853914603192,0.4114607476168714,0.9013853914603189,0.7722505734451378,1.0,B,0.0015955990099996598
office,B,60,800,0.02,0.05,0.0,,26,0.3,0.2,2.0,20,0,0.9075520833333334,0.8477213541666666,0.9765625,520.0,1.15,0.3,44.28984402539185,0.0676875,,60,2.0547737387849434,0.26482811445228055,1.4547737387849429,1.401044275239509,1.0,B,0.0015347552612502114
office,B,60,800,0.02,0.05,0.2,,26,0.3,0.2,2.0,20,0,0.7740885416666666,0.7119791666666666,0.8802083333333334,340.0,1.1333333333333333,0.21666666666666667,40.5923944539994,0.06322916666666667,1.042068361086766,45,2.2793974665926817,0.25232020823631723,1.6793974665926812,1.6172481184919718,1.0,B,0.0013757041137500892
office,B,60,800,0.02,0.05,0.0,,25,0.3,0.2,2.0,20,0,0.7239583333333334,0.5833333333333334,0.7708333333333334,740.0,1.25,0.2,37.75438940140628,0.12033333333333333,,60,1.7193644655908094,0.44159645500220773,1.1193644655908093,0.9595330549497098,1.0,B,0.0017889193237510881
office,B,60,800,0.02,0.05,0.0,,27,0.3,0.2,2.0,20,0,0.8665364583333334,0.7826171875000002,0.93359375,680.0,1.1,0.06666666666666667,42.2440335571252,0.08429166666666667,,60,2.0280611789488607,0.28520906300300986,1.4280611789488604,1.2574158876858392,1.0,B,0.0015577014062500894
office,B,60,800,0.02,0.05,0.2,,27,0.3,0.2,2.0,20,0,0.8346354166666666,0.7651041666666666,0.9290364583333334,280.0,1.0833333333333333,0.08333333333333333,41.23374522334133,0.08158333333333333,1.17722681359045,53,2.029545656537824,0.27288950805707013,1.4295456565378237,1.3476508291020433,1.0,B,0.0014569576562485055
office,B,60,800,0.02,0.05,0.0,,28,0.3,0.2,2.0,20,0,0.8658854166666666,0.7925130208333333,0.9544270833333334,560.0,1.1666666666666667,0.23333333333333334,42.82754353524082,0.09241666666666666,,60,1.9257172725045086,0.27467030448514307,1.3257172725045085,1.1969034827478737,1.0,B,0.0015422686462488854
office,B,60,800,0.02,0.05,0.2,,28,0.3,0.2,2.0,20,0,0.818359375,0.7648763020833333,0.9290364583333334,340.0,1.15,0.15,40.72551519892068,0.09295833333333334,1.2227626459143968,52,2.095445756723607,0.2301589162061411,1.4954457567236068,1.4015501906884524,1.0,B,0.0015016408337510257
office,B,60,800,0.02,0.05,0.2,,29,0.3,0.2,2.0,20,0,0.7819010416666666,0.7223958333333333,0.8828125,340.0,1.05,0.23333333333333334,38.54553189589876,0.08995833333333333,1.109981515711645,47,2.2222772859498057,0.24535700937650348,1.6222772859498056,1.4649712320785282,1.0,B,0.0014054839575010191
hall,B,60,800,0.02,0.05,0.2,,0,0.3,0.2,2.0,20,0,0.967479674796748,0.9773035230352305,1.0,140.0,1.1166666666666667,0.2833333333333333,53.317957438325884,0.04525,0.9727520435967303,47,2.384238671605846,0.10632935342195067,1.784238671605847,1.7984221355988943,1.0,B,0.0012898983337504433
office,B,60,800,0.02,0.05,0.0,,29,0.3,0.2,2.0,20,0,0.9140625,0.8220703125,0.96875,640.0,1.0666666666666667,0.23333333333333334,42.123522409545764,0.091875,,60,2.0445624090828467,0.26952040190508514,1.4445624090828464,1.4160523461154313,1.0,B,0.0015611459899992043
hall,B,60,800,0.02,0.05,0.0,,0,0.3,0.2,2.0,20,0,0.9925474254742548,0.9968157181571813,1.0,140.0,1.1166666666666667,0.4,59.63644928713716,0.051625,,60,2.1289855002911056,0.10769638092642302,1.5289855002911052,1.5423845889640586,1.0,B,0.0014415183849996538
hall,B,60,800,0.02,0.05,0.0,,1,0.3,0.2,2.0,20,0,0.9966124661246613,0.9960365853658534,1.0,140.0,1.0666666666666667,0.7,59.52589930168429,0.05347916666666667,,60,2.17880820667655,0.11634288890812193,1.5788082066765505,1.5970193455369643,1.0,B,0.0014207459374983955
hall,B,60,800,0.02,0.05,0.2,,1,0.3,0.2,2.0,20,0,0.9762872628726287,0.9772357723577236,1.0,140.0,1.0666666666666667,0.4,52.38705237382304,0.048625,0.9796057104010877,46,2.4640576859779997,0.08103804346598047,1.864057685978,1.8968909639259364,1.0,B,0.0012908107812495474
hall,B,60,800,0.02,0.05,0.0,,2,0.3,0.2,2.0,20,0,0.9979674796747967,0.9968834688346881,1.0,140.0,1.1,0.5833333333333334,59.59854774923712,0.055,,60,2.1253022361129665,0.13196405087914728,1.525302236112967,1.5155112867148368,1.0,B,0.0013965433337489231
hall,B,60,800,0.02,0.05,0.2,,2,0.3,0.2,2.0,20,0,0.9817073170731707,0.9858739837398373,1.0,140.0,1.1,0.4166666666666667,54.84647871905657,0.051416666666666666,0.984375,51,2.319883354486242,0.09144270539717335,1.7198833544862415,1.6881419111152103,1.0,B,0.0013429540625020308
hall,B,60,800,0.02,0.05,0.2,,3,0.3,0.2,2.0,20,0,0.9857723577235772,0.9858401084010838,1.0,140.0,0.9666666666666667,0.38333333333333336,54.98951572578452,0.051770833333333335,0.9904697072838666,51,2.3043401279053994,0.1101415716314731,1.7043401279053996,1.7172548435256174,1.0,B,0.0013432866674997967
hall,B,60,800,0.02,0.05,0.0,,3,0.3,0.2,2.0,20,0,0.9952574525745257,0.9968157181571815,1.0,140.0,0.9666666666666667,0.5,60.10634908422945,0.05595833333333333,,60,2.181694424408884,0.10532215078127831,1.5816944244088835,1.5405727182683697,1.0,B,0.001475823853750171
hall,B,60,800,0.02,0.05,0.2,,4,0.3,0.2,2.0,20,0,0.9817073170731707,0.9838075880758806,1.0,140.0,1.05,0.18333333333333332,54.75260741556528,0.0505625,0.9897540983606558,50,2.317926969964324,0.09341558791344777,1.7179269699643234,1.6965887308788825,1.0,B,0.0013455147400009081
hall,B,60,800,0.02,0.05,0.2,,5,0.3,0.2,2.0,20,0,0.9695121951219512,0.9730013550135501,1.0,140.0,1.3,0.21666666666666667,51.69470698309563,0.0519375,0.9714867617107943,45,2.4292260841395366,0.09384003618787666,1.829226084139537,1.8632870035922657,1.0,B,0.0012855896874998506
hall,B,60,800,0.02,0.05,0.0,,4,0.3,0.2,2.0,20,0,1.0,0.9968157181571815,1.0,140.0,1.05,0.4166666666666667,59.609003200319265,0.054625,,60,2.2353617177993006,0.08693084321865514,1.6353617177993007,1.647692851726521,1.0,B,0.001493524843749583
hall,B,60,800,0.02,0.05,0.0,,5,0.3,0.2,2.0,20,0,0.997289972899729,0.9952574525745257,1.0,140.0,1.3,0.43333333333333335,59.66974804293337,0.055625,,60,2.141004231741493,0.11157680928294782,1.5410042317414931,1.5476406299921328,1.0,B,0.0014641614587503683
hall,B,60,800,0.02,0.05,0.0,,6,0.3,0.2,2.0,20,0,0.9966124661246613,0.997222222222222,1.0,120.0,0.9666666666666667,0.5833333333333334,59.37130126039073,0.05347916666666667,,60,2.162740893830055,0.12663587579931368,1.5627408938300553,1.5651466535002543,1.0,B,0.0014593051050019311
hall,B,60,800,0.02,0.05,0.2,,6,0.3,0.2,2.0,20,0,0.9857723577235772,0.9839092140921408,1.0,120.0,0.9666666666666667,0.4,54.67284443188473,0.049479166666666664,0.9891230455472467,50,2.289757696845994,0.09093863611501707,1.6897576968459938,1.7201025792354092,1.0,B,0.00133466760499914
hall,B,60,800,0.02,0.05,0.2,,7,0.3,0.2,2.0,20,0,0.9668021680216802,0.9672764227642275,1.0,140.0,1.2,0.26666666666666666,50.784129069619866,0.050083333333333334,0.9700883752549285,43,2.483787799558583,0.09186711987045305,1.8837877995585826,1.9501165601438992,1.0,B,0.0012448690112501026
hall,B,60,800,0.02,0.05,0.0,,7,0.3,0.2,2.0,20,0,0.9952574525745257,0.9966802168021678,1.0,140.0,1.2,0.5,59.489985182577215,0.05516666666666667,,60,2.1715285694367634,0.09471963657326947,1.5715285694367631,1.5682869781536874,1.0,B,0.0014399460937488584
hall,B,60,800,0.02,0.05,0.2,,8,0.3,0.2,2.0,20,0,0.989159891598916,0.9808943089430894,1.0,140.0,1.0166666666666666,0.45,53.86275679506227,0.0540625,0.9925220938137322,49,2.346009911412415,0.09720886172588569,1.7460099114124146,1.7156628404483616,1.0,B,0.0013259734887515152
hall,B,60,800,0.02,0.05,0.2,,9,0.3,0.2,2.0,20,0,0.9844173441734417,0.9778455284552845,1.0,140.0,1.1166666666666667,0.25,53.07520520601783,0.049833333333333334,0.9897820163487738,47,2.3919450102371713,0.1142425514672316,1.7919450102371712,1.8503234024858353,1.0,B,0.0013056026562503575
hall,B,60,800,0.02,0.05,0.0,,8,0.3,0.2,2.0,20,0,0.994579945799458,0.9956639566395662,1.0,140.0,1.0166666666666666,0.5,59.5218740925548,0.057854166666666665,,60,2.146195573983955,0.124832902304738,1.5461955739839548,1.5490017375172318,1.0,B,0.001465928749998966
hall,B,60,800,0.02,0.05,0.0,,9,0.3,0.2,2.0,20,0,0.9993224932249323,0.9975948509485093,1.0,140.0,1.1166666666666667,0.43333333333333335,59.60194546166771,0.0531875,,60,2.130463564266892,0.11554495835353361,1.5304635642668925,1.5644889720170518,1.0,B,0.0014219603649985402
hall,B,60,800,0.02,0.05,0.0,,10,0.3,0.2,2.0,20,0,0.9959349593495935,0.99590108401084,1.0,140.0,1.1666666666666667,0.5833333333333334,59.38418192250145,0.0556875,,60,2.157865168044228,0.08832546585663598,1.5578651680442284,1.5539101547036924,1.0,B,0.0014498390100015968
hall,B,60,800,0.02,0.05,0.2,,10,0.3,0.2,2.0,20,0,0.9878048780487805,0.9863482384823848,1.0,140.0,1.1666666666666667,0.23333333333333334,54.11224960374846,0.051,0.9931880108991826,50,2.400398753367028,0.09085485761138357,1.8003987533670278,1.8204389827071608,1.0,B,0.0013424705725014973
hall,B,60,800,0.02,0.05,0.2,,11,0.3,0.2,2.0,20,0,0.9796747967479674,0.9897018970189702,1.0,140.0,1.1666666666666667,0.35,55.58159244178185,0.057791666666666665,0.9823369565217391,52,2.281827681463539,0.12103875873957626,1.6818276814635391,1.6957243260380785,1.0,B,0.001331964269998025
hall,B,60,800,0.02,0.05,0.0,,11,0.3,0.2,2.0,20,0,0.9979674796747967,0.9962737127371272,1.0,140.0,1.1666666666666667,0.5166666666666667,59.44932283229386,0.0624375,,60,2.1818277433534257,0.11978666308108035,1.5818277433534258,1.5501218448950596,1.0,B,0.0014343181774984259
hall,B,60,800,0.02,0.05,0.0,,12,0.3,0.2,2.0,20,0,0.9959349593495935,0.9963075880758806,1.0,140.0,1.1833333333333333,0.55,59.69971140897105,0.052145833333333336,,60,2.184526729871862,0.10852803967662013,1.5845267298718622,1.6105922594893534,1.0,B,0.00137821635499904
hall,B,60,800,0.02,0.05,0.2,,12,0.3,0.2,2.0,20,0,0.9878048780487805,0.9792682926829268,1.0,140.0,1.1833333333333333,0.35,53.68512475585363,0.04797916666666667,0.989816700610998,48,2.377625305362026,0.11064727085276761,1.7776253053620261,1.8059051660902243,1.0,B,0.0012867490625012579
hall,B,60,800,0.02,0.05,0.2,,13,0.3,0.2,2.0,20,0,0.981029810298103,0.9790650406504066,1.0,140.0,1.3166666666666667,0.3,52.355424972426746,0.05466666666666667,0.9857045609257999,47,2.4035428665622147,0.07623995169412907,1.8035428665622149,1.778870288259224,1.0,B,0.0013152990625007988
hall,B,60,800,0.02,0.05,0.0,,13,0.3,0.2,2.0,20,0,0.9952574525745257,0.9959688346883467,1.0,140.0,1.3166666666666667,0.48333333333333334,59.52637297194784,0.059416666666666666,,60,2.140975553380391,0.12576074435342818,1.5409755533803906,1.5470487116668838,1.0,B,0.001428561875000014
hall,B,60,800,0.02,0.05,0.0,,14,0.3,0.2,2.0,20,0,0.9939024390243902,0.9973577235772357,1.0,140.0,1.1833333333333333,0.48333333333333334,59.47353089088203,0.05572916666666667,,60,2.1437903705874755,0.11041988881823724,1.5437903705874751,1.573488568903612,1.0,B,0.001440052187499532
hall,B,60,800,0.02,0.05,0.2,,14,0.3,0.2,2.0,20,0,0.9844173441734417,0.9816734417344171,1.0,140.0,1.1833333333333333,0.4666666666666667,54.06673724441514,0.0538125,0.9884353741496599,49,2.376457075422345,0.07004794967811417,1.7764570754223448,1.7560580349757267,1.0,B,0.0013172765099989192
hall,B,60,800,0.02,0.05,0.0,,15,0.3,0.2,2.0,20,0,0.9952574525745257,0.9973238482384821,1.0,140.0,0.9,0.4,59.33933485617338,0.0570625,,60,2.131432597467733,0.13533233122487337,1.5314325974677325,1.56577457871759,1.0,B,0.0014551272387507198
hall,B,60,800,0.02,0.05,0.2,,15,0.3,0.2,2.0,20,0,0.94579945799458,0.9624661246612465,1.0,140.0,0.9,0.26666666666666666,50.9533269935823,0.0534375,0.9490142760027193,43,2.459589479273493,0.08390065477582939,1.8595894792734933,1.8309463157512194,1.0,B,0.0012641118225019455
hall,B,60,800,0.02,0.05,0.2,,16,0.3,0.2,2.0,20,0,0.981029810298103,0.9801829268292682,1.0,140.0,1.0666666666666667,0.26666666666666666,53.52337861207105,0.050520833333333334,0.9843643779741672,48,2.357641623888502,0.08600935218326533,1.757641623888502,1.7516747461839968,1.0,B,0.0013152458337503958
hall,B,60,800,0.02,0.05,0.0,,16,0.3,0.2,2.0,20,0,0.997289972899729,0.9964092140921409,1.0,140.0,1.0666666666666667,0.31666666666666665,59.766986801452596,0.05358333333333333,,60,2.1495575742985595,0.0917668008252048,1.5495575742985592,1.5003979893398882,1.0,B,0.0014565943749994404
hall,B,60,800,0.02,0.05,0.0,,17,0.3,0.2,2.0,20,0,0.9952574525745257,0.9960027100270998,1.0,140.0,0.9166666666666666,0.43333333333333335,59.81243607852185,0.05439583333333333,,60,2.156383347716075,0.12135694281655854,1.556383347716075,1.587844127813888,1.0,B,0.0014316427087487681
hall,B,60,800,0.02,0.05,0.2,,17,0.3,0.2,2.0,20,0,0.9850948509485095,0.9796409214092142,1.0,140.0,0.9166666666666666,0.25,52.7236576198258,0.049416666666666664,0.9877717391304348,47,2.3750501717229278,0.07510310079626349,1.7750501717229281,1.7800254678223943,1.0,B,0.0012937471362511133
hall,B,60,800,0.02,0.05,0.2,,18,0.3,0.2,2.0,20,0,0.9769647696476965,0.9786246612466124,1.0,140.0,1.1833333333333333,0.25,52.81288652228942,0.051854166666666666,0.9796195652173914,47,2.3248262313894537,0.09417543379389516,1.7248262313894531,1.6512162747202992,1.0,B,0.0013109532812495672
hall,B,60,800,0.02,0.05,0.0,,18,0.3,0.2,2.0,20,0,0.9925474254742548,0.9960704607046068,1.0,140.0,1.1833333333333333,0.38333333333333336,59.171459900742526,0.056666666666666664,,60,2.112540964463361,0.1441251056583642,1.5125409644633612,1.5952364417606333,1.0,B,0.0014227907287499874
hall,B,60,800,0.02,0.05,0.0,,19,0.3,0.2,2.0,20,0,0.9966124661246613,0.995121951219512,1.0,140.0,1.3166666666666667,0.48333333333333334,59.099517150733305,0.06004166666666667,,60,2.1426926889322493,0.130243403854572,1.5426926889322492,1.5105160885009596,1.0,B,0.001480863021249661
hall,B,60,800,0.02,0.05,0.2,,19,0.3,0.2,2.0,20,0,0.978319783197832,0.9693766937669377,1.0,140.0,1.3166666666666667,0.21666666666666667,51.11548526468209,0.056416666666666664,0.9816451393609789,45,2.4425100671642994,0.06857040849665727,1.8425100671642993,1.8304582805360274,1.0,B,0.0012875480725006128
hall,B,60,800,0.02,0.05,0.2,,20,0.3,0.2,2.0,20,0,0.9850948509485095,0.9806571815718158,1.0,140.0,1.0666666666666667,0.45,53.03487914111028,0.05260416666666667,0.9857627118644068,47,2.4574483937147376,0.07890402297873549,1.8574483937147377,1.9034691128199723,1.0,B,0.0012865599999986443
hall,B,60,800,0.02,0.05,0.0,,20,0.3,0.2,2.0,20,0,0.9966124661246613,0.9969173441734416,1.0,140.0,1.0666666666666667,0.6,60.04638185197067,0.058479166666666665,,60,2.22084325880255,0.08334076558343674,1.6208432588025492,1.5916283734242658,1.0,B,0.0014596880212502583
hall,B,60,800,0.02,0.05,0.2,,21,0.3,0.2,2.0,20,0,0.9742547425474255,0.9741531165311652,1.0,140.0,1.1166666666666667,0.31666666666666665,52.204193626195575,0.044520833333333336,0.9762389680923287,45,2.3845524375209486,0.08673756589788627,1.7845524375209494,1.7491854511035827,1.0,B,0.001265819113748421
hall,B,60,800,0.02,0.05,0.0,,21,0.3,0.2,2.0,20,0,0.9979674796747967,0.995833333333333,1.0,140.0,1.1166666666666667,0.45,60.00135152259858,0.04816666666666667,,60,2.113801478748441,0.1399594819391833,1.513801478748441,1.5229373540233173,1.0,B,0.0014384240625008714
hall,B,60,800,0.02,0.05,0.0,,22,0.3,0.2,2.0,20,0,0.9966124661246613,0.9967140921409214,1.0,140.0,1.1333333333333333,0.55,59.28036594281654,0.05479166666666667,,60,2.1244308346295693,0.12107977336291935,1.5244308346295692,1.5524743327436465,1.0,B,0.0014446614587495788
hall,B,60,800,0.02,0.05,0.2,,22,0.3,0.2,2.0,20,0,0.9878048780487805,0.9817411924119241,1.0,140.0,1.1333333333333333,0.3,54.30816985960889,0.049041666666666664,0.9904891304347826,50,2.343195228386961,0.10295687372638807,1.7431952283869603,1.775639966007232,1.0,B,0.0013032032287492257
hall,B,60,800,0.02,0.05,0.0,,23,0.3,0.2,2.0,20,0,0.9979674796747967,0.9968495934959346,1.0,120.0,1.0,0.4666666666666667,60.08817584797421,0.043333333333333335,,60,2.1525483744913085,0.10889238983045293,1.5525483744913084,1.5944161119076634,1.0,B,0.0013928646349995687
hall,B,60,800,0.02,0.05,0.2,,23,0.3,0.2,2.0,20,0,0.975609756097561,0.9793699186991871,1.0,120.0,1.0,0.26666666666666666,53.33230826153479,0.03910416666666667,0.9782608695652174,47,2.382643341913821,0.10041408844949422,1.782643341913821,1.821073658114889,1.0,B,0.0012858500000015739
hall,B,60,800,0.02,0.05,0.0,,24,0.3,0.2,2.0,20,0,0.997289972899729,0.9962398373983739,1.0,140.0,1.15,0.45,59.757514205396895,0.05552083333333333,,60,2.1246595642682995,0.09891272310451854,1.524659564268299,1.5344751788427724,1.0,B,0.001421517656249307
hall,B,60,800,0.02,0.05,0.2,,24,0.3,0.2,2.0,20,0,0.9559620596205962,0.9568089430894309,1.0,140.0,1.15,0.25,50.57005049719389,0.051229166666666666,0.9611716621253407,42,2.5576176524583207,0.06918190157478098,1.9576176524583202,1.9364208648173973,1.0,B,0.0012348848437500237
hall,B,60,800,0.02,0.05,0.2,,25,0.3,0.2,2.0,20,0,0.9789972899728997,0.9876693766937669,1.0,120.0,1.1,0.48333333333333334,54.94403352764293,0.051,0.985675306957708,51,2.3038188378915043,0.08680149640399674,1.703818837891505,1.648395558819871,1.0,B,0.0013004462499998225
hall,B,60,800,0.02,0.05,0.0,,25,0.3,0.2,2.0,20,0,0.9939024390243902,0.9958333333333332,1.0,120.0,1.1,0.55,59.86785706950262,0.053375,,60,2.1159897330908795,0.12601270772763942,1.5159897330908798,1.5304078956247547,1.0,B,0.0014435937500002184
hall,B,60,800,0.02,0.05,0.2,,26,0.3,0.2,2.0,20,0,0.9695121951219512,0.9769986449864498,1.0,140.0,1.0,0.3,52.737800548217905,0.048791666666666664,0.9747956403269755,47,2.3622496696994384,0.07167208886455265,1.7622496696994383,1.7481231298897186,1.0,B,0.0012911008324999783
hall,B,60,800,0.02,0.05,0.0,,26,0.3,0.2,2.0,20,0,0.9959349593495935,0.9965108401084011,1.0,140.0,1.0,0.55,59.537967785992,0.05410416666666667,,60,2.174020423992161,0.11852239365211312,1.574020423992161,1.521886862971967,1.0,B,0.0014228351037490938
hall,B,60,800,0.02,0.05,0.0,,27,0.3,0.2,2.0,20,0,0.9952574525745257,0.9961720867208669,1.0,140.0,0.95,0.5666666666666667,59.66024641967356,0.05241666666666667,,60,2.1127724901988882,0.1259414391036781,1.5127724901988884,1.496130475450074,1.0,B,0.0014195164587499675
hall,B,60,800,0.02,0.05,0.2,,27,0.3,0.2,2.0,20,0,0.9898373983739838,0.9773035230352303,1.0,140.0,0.95,0.26666666666666666,52.83657250828891,0.04847916666666666,0.9986329460013671,47,2.399265514236374,0.0802608977345207,1.799265514236374,1.7706314581087237,1.0,B,0.0013036508337495433
hall,B,60,800,0.02,0.05,0.0,,28,0.3,0.2,2.0,20,0,0.9952574525745257,0.9962737127371272,1.0,140.0,1.2333333333333334,0.4166666666666667,59.72457968523641,0.058333333333333334,,60,2.178968285036393,0.12468265602995958,1.578968285036393,1.6663941726168625,1.0,B,0.0014797985937502745
hall,B,60,800,0.02,0.05,0.2,,28,0.3,0.2,2.0,20,0,0.9722222222222222,0.9774728997289971,1.0,140.0,1.2333333333333334,0.2,52.72541365240908,0.05327083333333334,0.9742023082145282,47,2.38733017030504,0.09893670932784264,1.7873301703050404,1.810485891837704,1.0,B,0.0013302282812514932
hall,B,60,800,0.02,0.05,0.0,,29,0.3,0.2,2.0,20,0,0.9959349593495935,0.9961043360433601,1.0,140.0,1.0166666666666666,0.43333333333333335,59.32942173360656,0.05541666666666667,,60,2.1849591012942975,0.09966302482833884,1.5849591012942976,1.5793833433947722,1.0,B,0.0014469989587496458
hall,B,60,800,0.02,0.05,0.2,,29,0.3,0.2,2.0,20,0,0.9634146341463414,0.9595189701897018,1.0,140.0,1.0166666666666666,0.26666666666666666,50.23347729745458,0.05229166666666667,0.9653767820773931,42,2.537365141347164,0.11254635878638877,1.9373651413471638,2.0341025734940716,1.0,B,0.0012869697399992218
mine,B,60,800,0.02,0.05,0.0,,0,0.3,0.2,2.0,20,0,1.0,1.0,1.0,180.0,1.25,0.06666666666666667,28.90052365802744,0.22395833333333334,,60,1.3097765611548031,0.32582725967666526,0.709776561154803,0.6960612502933388,0.9333333333333333,B,0.0015548027087515948
mine,B,60,800,0.02,0.05,0.2,,0,0.3,0.2,2.0,20,0,1.0,1.0,1.0,180.0,1.1833333333333333,0.05,27.74921263791395,0.17627083333333332,1.0,50,1.551802486666022,0.2905264973870991,0.9518024866660221,0.9728637505230823,1.0,B,0.0014503999475005004
mine,B,60,800,0.02,0.05,0.2,,1,0.3,0.2,2.0,20,0,1.0,1.0,1.0,180.0,0.9166666666666666,0.1,27.960499231074163,0.17489583333333333,1.0,49,1.5323136285570746,0.234083439285944,0.9323136285570744,0.9065274328755234,1.0,B,0.0014022268749999966
mine,B,60,800,0.02,0.05,0.0,,1,0.3,0.2,2.0,20,0,1.0,1.0,1.0,180.0,0.9333333333333333,0.11666666666666667,28.484943363128515,0.21964583333333335,,60,1.349942606394278,0.3162888082193,0.7499426063942781,0.7989109212494806,0.9,B,0.0015536065625019546
mine,B,60,800,0.02,0.05,0.0,,2,0.3,0.2,2.0,20,0,1.0,1.0,1.0,180.0,0.9333333333333333,0.1,28.315561211900093,0.21514583333333334,,60,1.3107583860526177,0.287039382732219,0.7107583860526179,0.7695687237178,0.95,B,0.0015545251562502926
mine,B,60,800,0.02,0.05,0.2,,2,0.3,0.2,2.0,20,0,1.0,1.0,1.0,180.0,0.9333333333333333,0.08333333333333333,28.333315571420965,0.178,1.0,52,1.501602741520659,0.27424814117520624,0.9016027415206588,0.8748954464108579,1.0,B,0.0014714358337482736
mine,B,60,800,0.02,0.05,0.2,,3,0.3,0.2,2.0,20,0,1.0,0.9937629937629937,1.0,200.0,1.0166666666666666,0.13333333333333333,27.561816171902954,0.1553125,1.0,46,1.6186003577229855,0.2059449704156112,1.0186003577229854,1.0122742593786553,1.0,B,0.0013157349999983125
mine,B,60,800,0.02,0.05,0.0,,3,0.3,0.2,2.0,20,0,1.0,0.99989604989605,1.0,200.0,1.1,0.13333333333333333,28.052968301527137,0.20097916666666665,,60,1.320129674975655,0.3496092255950819,0.7201296749756552,0.6831422650350921,0.9333333333333333,B,0.0015315039062488722
mine,B,60,800,0.02,0.05,0.0,,4,0.3,0.2,2.0,20,0,1.0,1.0,1.0,180.0,0.8166666666666667,0.11666666666666667,26.23984119820718,0.28722916666666665,,60,1.333242312192147,0.3142924100257947,0.733242312192147,0.7358882917296722,0.9333333333333333,B,0.0015381448437506151
mine,B,60,800,0.02,0.05,0.2,,4,0.3,0.2,2.0,20,0,1.0,0.9997920997920998,1.0,180.0,0.9333333333333333,0.11666666666666667,26.91305141429497,0.24804166666666666,1.0,51,1.4922160418771293,0.2905821772864208,0.8922160418771296,0.7668730720457012,1.0,B,0.0014322112499985452
mine,B,60,800,0.02,0.05,0.2,,5,0.3,0.2,2.0,20,0,1.0,1.0,1.0,180.0,0.95,0.016666666666666666,28.271984123101216,0.16927083333333334,1.0,50,1.5469920172084417,0.218581377052858,0.9469920172084417,0.9460194715220487,1.0,B,0.0013397975525003857
mine,B,60,800,0.02,0.05,0.0,,5,0.3,0.2,2.0,20,0,1.0,1.0,1.0,180.0,0.9666666666666667,0.06666666666666667,28.420301834688154,0.1864375,,60,1.280288983991779,0.2967400118660082,0.6802889839917792,0.6180808903541616,1.0,B,0.0015284003637498244
mine,B,60,800,0.02,0.05,0.2,,6,0.3,0.2,2.0,20,0,1.0,1.0,1.0,180.0,0.8833333333333333,0.06666666666666667,28.30071098883434,0.18975,1.0,50,1.54735829134994,0.2588889064867123,0.9473582913499398,0.9376557963417264,1.0,B,0.0013684467699999914
mine,B,60,800,0.02,0.05,0.0,,6,0.3,0.2,2.0,20,0,1.0,1.0,1.0,180.0,0.95,0.1,28.236175229056517,0.22685416666666666,,60,1.3156614464211145,0.3002486126871796,0.7156614464211146,0.7500226702149887,0.9,B,0.0014956979687485727
mine,B,60,800,0.02,0.05,0.0,,7,0.3,0.2,2.0,20,0,1.0,1.0,1.0,180.0,0.9833333333333333,0.016666666666666666,28.02418558534867,0.218375,,60,1.3145615397685566,0.3050536175970079,0.7145615397685562,0.7998041524587085,0.9333333333333333,B,0.0014922400000000379
mine,B,60,800,0.02,0.05,0.2,,7,0.3,0.2,2.0,20,0,1.0,1.0,1.0,180.0,1.0,0.03333333333333333,28.154306864378288,0.18664583333333334,1.0,53,1.4581871081841022,0.25815792250229014,0.8581871081841024,0.8870859224498328,1.0,B,0.0013935568750002858
mine,B,60,800,0.02,0.05,0.2,,8,0.3,0.2,2.0,20,0,1.0,1.0,1.0,220.0,1.1,0.08333333333333333,28.365668757041384,0.21689583333333334,1.0,50,1.5103359219649173,0.22470064907698295,0.9103359219649169,0.8555612784661668,1.0,B,0.001402260259999366
mine,B,60,800,0.02,0.05,0.0,,8,0.3,0.2,2.0,20,0,1.0,1.0,1.0,220.0,0.9833333333333333,0.11666666666666667,27.104304923947893,0.3143125,,60,1.3173073636103672,0.3781468186245269,0.7173073636103673,0.8059024566482936,0.8833333333333333,B,0.0016392888549989948
mine,B,60,800,0.02,0.05,0.2,,9,0.3,0.2,2.0,20,0,1.0,0.9933471933471933,1.0,200.0,1.1333333333333333,0.1,26.968113018331277,0.1865,1.0,41,1.7560579690437867,0.23307780272188786,1.1560579690437867,1.2237608504305602,1.0,B,0.001307300363748709
mine,B,60,800,0.02,0.05,0.0,,9,0.3,0.2,2.0,20,0,1.0,1.0,1.0,200.0,1.0666666666666667,0.08333333333333333,29.181842681533837,0.21172916666666666,,60,1.3516983143514727,0.27309406244314904,0.7516983143514729,0.7415445918815602,1.0,B,0.0015435430200000156
mine,B,60,800,0.02,0.05,0.2,,10,0.3,0.2,2.0,20,0,1.0,1.0,1.0,200.0,0.9666666666666667,0.06666666666666667,27.7159594423154,0.19802083333333334,1.0,48,1.5647406429247237,0.2660763638303917,0.9647406429247237,0.93034085717192,1.0,B,0.0013862561450014256
mine,B,60,800,0.02,0.05,0.0,,10,0.3,0.2,2.0,20,0,1.0,1.0,1.0,200.0,1.0166666666666666,0.1,28.24638588291328,0.2285625,,60,1.3483119559261738,0.25479968602222286,0.7483119559261738,0.7396167877454266,1.0,B,0.0015819384900009935
mine,B,60,800,0.02,0.05,0.0,,11,0.3,0.2,2.0,20,0,1.0,0.99989604989605,1.0,200.0,0.9833333333333333,0.08333333333333333,26.647187362404757,0.277,,60,1.2678992471595356,0.3788556418847964,0.6678992471595357,0.7232103552597503,0.8833333333333333,B,0.001576271042499684
mine,B,60,800,0.02,0.05,0.2,,11,0.3,0.2,2.0,20,0,1.0,1.0,1.0,200.0,1.05,0.08333333333333333,26.538521583179758,0.19941666666666666,1.0,50,1.5332130503532537,0.255971669000348,0.933213050353254,0.97758193133764,1.0,B,0.0014249928649996946
mine,B,60,800,0.02,0.05,0.2,,12,0.3,0.2,2.0,20,0,1.0,1.0,1.0,200.0,0.9333333333333333,0.08333333333333333,27.176220000476285,0.19827083333333334,1.0,47,1.6166325427359742,0.23681369561853047,1.016632542735974,1.1162697352580744,1.0,B,0.0013591263012494891
mine,B,60,800,0.02,0.05,0.0,,12,0.3,0.2,2.0,20,0,1.0,1.0,1.0,200.0,0.9666666666666667,0.08333333333333333,27.534008308244395,0.2398125,,60,1.316714686363152,0.27908142965289057,0.716714686363152,0.734166736065126,0.9666666666666667,B,0.0016035465625009238
mine,B,60,800,0.02,0.05,0.2,,13,0.3,0.2,2.0,20,0,1.0,0.9997920997920998,1.0,200.0,1.35,0.1,27.74243874405433,0.20620833333333333,1.0,52,1.5289015480566461,0.29357321430324845,0.9289015480566457,0.9753380101015663,0.9615384615384616,B,0.0014800682812506239
mine,B,60,800,0.02,0.05,0.0,,13,0.3,0.2,2.0,20,0,1.0,0.99989604989605,1.0,200.0,1.3,0.1,28.034358650156786,0.22789583333333333,,60,1.2973002900068542,0.33223675012194553,0.6973002900068542,0.7425081619590522,0.9333333333333333,B,0.0015526452087510734
mine,B,60,800,0.02,0.05,0.2,,14,0.3,0.2,2.0,20,0,1.0,1.0,1.0,160.0,1.0666666666666667,0.08333333333333333,28.261373227151807,0.20408333333333334,1.0,48,1.5550859539331512,0.24920790522745856,0.955085953933151,0.9361858941875414,1.0,B,0.001386334011249346
mine,B,60,800,0.02,0.05,0.0,,14,0.3,0.2,2.0,20,0,1.0,1.0,1.0,160.0,1.0833333333333333,0.08333333333333333,28.79428854284968,0.23514583333333333,,60,1.3183755506028183,0.2953999292488114,0.7183755506028184,0.7563241421183482,1.0,B,0.0015657385937493018
mine,B,60,800,0.02,0.05,0.0,,15,0.3,0.2,2.0,20,0,1.0,1.0,1.0,180.0,0.7833333333333333,0.016666666666666666,28.17934310543275,0.19320833333333334,,60,1.259383222606992,0.3284773216803667,0.6593832226069921,0.6538361301090626,0.9333333333333333,B,0.0015222361975020249
mine,B,60,800,0.02,0.05,0.2,,15,0.3,0.2,2.0,20,0,1.0,0.99989604989605,1.0,180.0,0.8166666666666667,0.03333333333333333,28.10996829959079,0.17910416666666668,1.0,55,1.4160428917983,0.2566031229999805,0.8160428917982999,0.8107641898931136,0.9636363636363636,B,0.001431062187500629
mine,B,60,800,0.02,0.05,0.0,,16,0.3,0.2,2.0,20,0,1.0,1.0,1.0,180.0,0.7666666666666667,0.06666666666666667,27.048857912613357,0.2554375,,60,1.291741037060434,0.3225088411722369,0.6917410370604343,0.7356496737845394,0.9666666666666667,B,0.0015450346362490563
mine,B,60,800,0.02,0.05,0.2,,16,0.3,0.2,2.0,20,0,1.0,1.0,1.0,180.0,0.85,0.08333333333333333,26.70063013964788,0.2046875,1.0,49,1.5038464505322784,0.26243251021987746,0.9038464505322784,0.9073131634802559,1.0,B,0.001367256093751621
mine,B,60,800,0.02,0.05,0.0,,17,0.3,0.2,2.0,20,0,1.0,1.0,1.0,180.0,1.05,0.1,28.980484191971183,0.21,,60,1.2982316122466502,0.29002461971001287,0.6982316122466499,0.7354832883614005,0.9666666666666667,B,0.001540278020002006
mine,B,60,800,0.02,0.05,0.2,,17,0.3,0.2,2.0,20,0,1.0,1.0,1.0,180.0,0.9833333333333333,0.05,28.14201170463368,0.18108333333333335,1.0,49,1.52223267778668,0.25548912477705926,0.9222326777866797,1.0048458465618784,1.0,B,0.001349805572499463
mine,B,60,800,0.02,0.05,0.0,,18,0.3,0.2,2.0,20,0,1.0,1.0,1.0,180.0,0.9,0.05,27.06840134100988,0.21441666666666667,,60,1.3267703184107391,0.2709529453415038,0.7267703184107391,0.7935228468990362,0.9666666666666667,B,0.0014936961987496034
mine,B,60,800,0.02,0.05,0.2,,18,0.3,0.2,2.0,20,0,1.0,0.9981288981288982,1.0,180.0,0.8,0.06666666666666667,27.218684247175737,0.1843125,1.0,47,1.6177510931916361,0.26827755696496386,1.017751093191636,1.188165767426415,0.9574468085106383,B,0.0013276613025004736
mine,B,60,800,0.02,0.05,0.0,,19,0.3,0.2,2.0,20,0,1.0,0.9997920997920998,1.0,180.0,1.05,0.1,27.969110589470606,0.25266666666666665,,60,1.305594206925136,0.35139525431365504,0.7055942069251362,0.8142828075707448,0.9,B,0.0015857110412503062
mine,B,60,800,0.02,0.05,0.2,,19,0.3,0.2,2.0,20,0,1.0,1.0,1.0,180.0,1.1833333333333333,0.15,28.257870397871205,0.19954166666666667,1.0,53,1.4366265232724165,0.30195987718728456,0.8366265232724164,0.7917277215548618,1.0,B,0.0015119077087501864
mine,B,60,800,0.02,0.05,0.0,,20,0.3,0.2,2.0,20,0,1.0,1.0,1.0,200.0,0.9666666666666667,0.06666666666666667,27.7537132168701,0.2455,,60,1.2808327332290916,0.3240223895602275,0.6808327332290914,0.6680246148180707,0.9166666666666666,B,0.0015850088025013065
mine,B,60,800,0.02,0.05,0.2,,20,0.3,0.2,2.0,20,0,1.0,0.9997920997920998,1.0,200.0,0.9833333333333333,0.03333333333333333,27.09717698668731,0.1951875,1.0,45,1.6009599559343868,0.26030849809366774,1.0009599559343867,1.1429511235497412,1.0,B,0.001367555156250546
mine,B,60,800,0.02,0.05,0.0,,21,0.3,0.2,2.0,20,0,1.0,1.0,1.0,180.0,1.0833333333333333,0.06666666666666667,28.31107392933681,0.22016666666666668,,60,1.2935110494992084,0.31809837122628376,0.6935110494992084,0.7105203088132118,0.9166666666666666,B,0.0015358193750012105
mine,B,60,800,0.02,0.05,0.2,,21,0.3,0.2,2.0,20,0,1.0,1.0,1.0,180.0,1.0666666666666667,0.06666666666666667,27.83445262494241,0.1763125,1.0,52,1.451112202724334,0.29159859755877987,0.8511122027243339,0.8932253057148298,0.9615384615384616,B,0.0014282702600007724
mine,B,60,800,0.02,0.05,0.0,,22,0.3,0.2,2.0,20,0,1.0,1.0,1.0,180.0,1.0166666666666666,0.11666666666666667,28.810870130703133,0.204,,60,1.230073876443324,0.2976463430111348,0.6300738764433241,0.6392622550193529,0.9666666666666667,B,0.0015643164587504543
mine,B,60,800,0.02,0.05,0.2,,22,0.3,0.2,2.0,20,0,1.0,1.0,1.0,180.0,1.1166666666666667,0.11666666666666667,28.01362758427854,0.1893125,1.0,54,1.523562654193609,0.2160709380394528,0.9235626541936087,0.934695313397217,1.0,B,0.0014618540100013889
mine,B,60,800,0.02,0.05,0.0,,23,0.3,0.2,2.0,20,0,1.0,1.0,1.0,160.0,0.7666666666666667,0.06666666666666667,28.257909842533742,0.20045833333333332,,60,1.3516176404230564,0.2602638652051484,0.7516176404230561,0.7679665309574971,1.0,B,0.001538899792499251
mine,B,60,800,0.02,0.05,0.2,,23,0.3,0.2,2.0,20,0,1.0,1.0,1.0,160.0,0.7166666666666667,0.1,27.534342306004227,0.1758125,1.0,51,1.5162467581059427,0.22832299719328575,0.9162467581059427,0.9712806495119078,1.0,B,0.001381825416249285
mine,B,60,800,0.02,0.05,0.2,,24,0.3,0.2,2.0,20,0,1.0,0.9963617463617463,1.0,200.0,1.05,0.13333333333333333,27.68014365297881,0.1940625,1.0,52,1.4698703602540975,0.2744597135027428,0.8698703602540975,0.8049849190903527,1.0,B,0.0014577630212488657
mine,B,60,800,0.02,0.05,0.0,,24,0.3,0.2,2.0,20,0,1.0,1.0,1.0,200.0,1.0833333333333333,0.15,27.521782906306704,0.235875,,60,1.3145362107816623,0.3324042348627935,0.7145362107816624,0.7207300879619706,0.8833333333333333,B,0.0015348673962489556
mine,B,60,800,0.02,0.05,0.0,,25,0.3,0.2,2.0,20,0,1.0,1.0,1.0,180.0,1.05,0.16666666666666666,28.479225752081824,0.22991666666666666,,60,1.3062298636290286,0.2829082465648946,0.7062298636290286,0.7630405032894102,0.9666666666666667,B,0.001558238541249466
mine,B,60,800,0.02,0.05,0.2,,25,0.3,0.2,2.0,20,0,1.0,1.0,1.0,180.0,1.0,0.11666666666666667,27.771860954186074,0.19354166666666667,1.0,49,1.5329742888867095,0.23499682045262277,0.9329742888867093,0.8715731323951142,1.0,B,0.00137033593750175
mine,B,60,800,0.02,0.05,0.0,,26,0.3,0.2,2.0,20,0,1.0,1.0,1.0,180.0,1.0666666666666667,0.08333333333333333,27.583861853799725,0.27891666666666665,,60,1.3061234188318298,0.28147496442630054,0.7061234188318294,0.7181589912252394,0.9666666666666667,B,0.0015953529174998948
mine,B,60,800,0.02,0.05,0.2,,27,0.3,0.2,2.0,20,0,1.0,0.996985446985447,1.0,180.0,1.0833333333333333,0.06666666666666667,27.098715891780138,0.21085416666666668,1.0,47,1.6085319788081918,0.22995224552993024,1.008531978808192,1.0061274622171097,1.0,B,0.0013840110937508143
mine,B,60,800,0.02,0.05,0.2,,26,0.3,0.2,2.0,20,0,1.0,1.0,1.0,180.0,1.2166666666666666,0.1,27.614851380346938,0.24135416666666668,1.0020833333333332,56,1.4269731142998106,0.2807618587850248,0.8269731142998108,0.7858734177977577,0.9642857142857143,B,0.0015107686975011348
mine,B,60,800,0.02,0.05,0.0,,27,0.3,0.2,2.0,20,0,1.0,1.0,1.0,180.0,1.1333333333333333,0.05,27.435090163316563,0.2736875,,60,1.3047648829408587,0.32136205996486145,0.704764882940859,0.7152468277747986,0.9333333333333333,B,0.001583123333750791
mine,B,60,800,0.02,0.05,0.0,,28,0.3,0.2,2.0,20,0,1.0,1.0,1.0,180.0,1.1166666666666667,0.11666666666666667,27.570353021278535,0.2879583333333333,,60,1.3019988814677992,0.33328095377001576,0.7019988814677991,0.7444757856081433,0.9666666666666667,B,0.0015988972387503964
mine,B,60,800,0.02,0.05,0.2,,29,0.3,0.2,2.0,20,0,1.0,0.9822245322245322,1.0,180.0,0.85,0.11666666666666667,26.821309004813934,0.17166666666666666,1.0,47,1.5913551230698417,0.24719723367169313,0.9913551230698417,1.010407141573396,1.0,B,0.0013341556249997666
mine,B,60,800,0.02,0.05,0.2,,28,0.3,0.2,2.0,20,0,1.0,0.9963617463617463,1.0,180.0,1.2,0.11666666666666667,27.858104217417385,0.24641666666666667,1.0,54,1.4150831976490879,0.29721519138991576,0.8150831976490878,0.8777715544602835,0.9629629629629629,B,0.0015015523962506449
mine,B,60,800,0.02,0.05,0.0,,29,0.3,0.2,2.0,20,0,1.0,0.99989604989605,1.0,180.0,0.8,0.18333333333333332,27.02670374668626,0.2046875,,60,1.365046998122167,0.28553667798080734,0.7650469981221668,0.7832242492255245,0.9666666666666667,B,0.0015072472399992876
apartment,B,60,800,0.02,0.05,0.0,,0,0.3,0.2,2.0,20,0,0.9837239583333334,0.9654947916666666,0.9973958333333334,340.0,0.9333333333333333,0.25,53.973960187232564,0.08239583333333333,,60,2.1401112716414854,0.11914107037281461,1.5401112716414853,1.5276978569409416,1.0,B,0.0013979644275013926
apartment,B,60,800,0.02,0.05,0.2,,0,0.3,0.2,2.0,20,0,0.916015625,0.8788736979166668,0.9596354166666666,240.0,0.9333333333333333,0.2833333333333333,48.40638304645986,0.0808125,0.9985805535841021,47,2.3837900683817304,0.10448415790069553,1.7837900683817303,1.7883963078973637,1.0,B,0.0012877021350004726
apartment,B,60,800,0.02,0.05,0.2,,1,0.3,0.2,2.0,20,0,0.93359375,0.9198893229166666,0.9889322916666666,220.0,1.0,0.2833333333333333,48.65486905202705,0.0790625,1.0235546038543897,46,2.378500020122741,0.17021669457223026,1.7785000201227403,1.8392169086557124,1.0,B,0.0012729352599990308
apartment,B,60,800,0.02,0.05,0.0,,1,0.3,0.2,2.0,20,0,0.984375,0.9642903645833332,0.99609375,340.0,1.0,0.36666666666666664,54.841346768952754,0.08141666666666666,,60,2.1239715121711993,0.14388977145795262,1.5239715121711994,1.5679598775357895,1.0,B,0.001456964948749828
apartment,B,60,800,0.02,0.05,0.0,,2,0.3,0.2,2.0,20,0,0.9817708333333334,0.9669270833333334,0.9954427083333334,320.0,0.6666666666666666,0.2833333333333333,55.529022267202166,0.06945833333333333,,60,2.1676569489174025,0.1354519493567076,1.5676569489174024,1.5463447354769062,1.0,B,0.0014081744800000706
apartment,B,60,800,0.02,0.05,0.2,,2,0.3,0.2,2.0,20,0,0.947265625,0.9333658854166667,0.990234375,240.0,0.6666666666666666,0.2833333333333333,51.03974387715939,0.067375,1.0181945416375089,50,2.321805663497246,0.13115998075319607,1.7218056634972456,1.7390182207384648,1.0,B,0.0013258277087493297
apartment,B,60,800,0.02,0.05,0.2,,3,0.3,0.2,2.0,20,0,0.904296875,0.8819661458333334,0.974609375,200.0,0.95,0.26666666666666666,49.18354198099626,0.07502083333333333,1.020573108008817,48,2.310213156403232,0.13216433276267398,1.710213156403232,1.7017261777945056,1.0,B,0.0013145448437489903
apartment,B,60,800,0.02,0.05,0.0,,3,0.3,0.2,2.0,20,0,0.966796875,0.9404296875,0.9921875,380.0,0.95,0.35,54.37842063069876,0.07635416666666667,,60,2.060550785822762,0.16391598023323825,1.4605507858227622,1.4089144711502648,1.0,B,0.001454566718748538
apartment,B,60,800,0.02,0.05,0.0,,4,0.3,0.2,2.0,20,0,0.98046875,0.9698567708333334,0.9993489583333334,320.0,1.1666666666666667,0.48333333333333334,54.34605486930161,0.07702083333333333,,60,2.1600712950989585,0.11474127417343943,1.5600712950989586,1.5606100024418568,1.0,B,0.0014819962499996108
apartment,B,60,800,0.02,0.05,0.2,,4,0.3,0.2,2.0,20,0,0.9348958333333334,0.9169921874999998,0.9850260416666666,240.0,1.1666666666666667,0.3,48.704931087972234,0.0735,1.0048985304408677,47,2.337502668047659,0.13644125274610727,1.7375026680476588,1.7103923409952628,1.0,B,0.0013597834900019735
apartment,B,60,800,0.02,0.05,0.2,,5,0.3,0.2,2.0,20,0,0.9225260416666666,0.9136067708333332,0.984375,240.0,1.1166666666666667,0.26666666666666666,48.228724463538015,0.08245833333333333,1.0092592592592593,46,2.310435401696361,0.12702646095807887,1.7104354016963614,1.7350722543659856,1.0,B,0.0013064609374987414
apartment,B,60,800,0.02,0.05,0.0,,5,0.3,0.2,2.0,20,0,0.9856770833333334,0.9581705729166666,0.9967447916666666,320.0,1.1166666666666667,0.35,54.32067470100228,0.08708333333333333,,60,2.170876455239225,0.1319125378293305,1.5708764552392247,1.5413263428677388,1.0,B,0.001448566718750044
apartment,B,60,800,0.02,0.05,0.2,,6,0.3,0.2,2.0,20,0,0.953125,0.933203125,0.9915364583333334,240.0,0.9166666666666666,0.3,50.39676630317881,0.06827083333333334,1.008959338387319,50,2.3738307665639358,0.12358549078607431,1.773830766563936,1.781317363922075,1.0,B,0.0013460608849982236
apartment,B,60,800,0.02,0.05,0.0,,6,0.3,0.2,2.0,20,0,0.9850260416666666,0.9685872395833334,0.9947916666666666,300.0,0.9166666666666666,0.38333333333333336,54.87422831407501,0.0709375,,60,2.166232194388214,0.12217795360935077,1.566232194388214,1.5593074041452741,1.0,B,0.001441859323749668
apartment,B,60,800,0.02,0.05,0.2,,7,0.3,0.2,2.0,20,0,0.9407552083333334,0.9243815104166666,0.98046875,180.0,0.9833333333333333,0.3333333333333333,51.00718843590979,0.0640625,1.0284697508896798,51,2.3165798765363106,0.11793416140780516,1.7165798765363103,1.6733619055872877,1.0,B,0.0013119460412485751
apartment,B,60,800,0.02,0.05,0.0,,7,0.3,0.2,2.0,20,0,0.9739583333333334,0.9602864583333333,0.99609375,360.0,0.9833333333333333,0.4166666666666667,54.684645170952244,0.06802083333333334,,60,2.1217113165386094,0.15362164523639416,1.5217113165386094,1.529873928457532,1.0,B,0.0014574156774983748
apartment,B,60,800,0.02,0.05,0.2,,8,0.3,0.2,2.0,20,0,0.9127604166666666,0.8930013020833332,0.9791666666666666,220.0,1.0666666666666667,0.31666666666666665,48.77338470411325,0.0695625,1.0079079798705965,46,2.356262636508902,0.07470699228230743,1.756262636508902,1.7273028479205257,1.0,B,0.0012864709900009075
apartment,B,60,800,0.02,0.05,0.0,,8,0.3,0.2,2.0,20,0,0.9791666666666666,0.9486653645833334,0.9921875,340.0,1.0666666666666667,0.38333333333333336,55.13037798622809,0.07166666666666667,,60,2.143717407335103,0.1428909851986285,1.5437174073351028,1.5083644061807702,1.0,B,0.001443247031249939
apartment,B,60,800,0.02,0.05,0.0,,9,0.3,0.2,2.0,20,0,0.9798177083333334,0.9557942708333332,1.0,340.0,1.0166666666666666,0.3333333333333333,54.319244123317354,0.08460416666666666,,60,2.1643948044094845,0.12320823736271277,1.5643948044094846,1.5475122101960341,1.0,B,0.0013885156250012186
apartment,B,60,800,0.02,0.05,0.2,,9,0.3,0.2,2.0,20,0,0.931640625,0.9161783854166666,0.986328125,260.0,1.0166666666666666,0.2,49.34288788947476,0.0793125,1.0006993006993006,49,2.2916513169953148,0.1237433173244413,1.6916513169953147,1.6470976817020264,1.0,B,0.0013507155212505494
apartment,B,60,800,0.02,0.05,0.0,,10,0.3,0.2,2.0,20,0,0.9602864583333334,0.9407552083333333,0.9928385416666666,280.0,1.15,0.3,54.36987492938735,0.07664583333333333,,60,2.106179770758032,0.1753719460128646,1.506179770758032,1.5578623213190075,1.0,B,0.0014200752074998491
apartment,B,60,800,0.02,0.05,0.2,,10,0.3,0.2,2.0,20,0,0.9251302083333334,0.9078125,0.982421875,180.0,1.15,0.21666666666666667,48.743044800177444,0.0740625,1.0304568527918783,47,2.3691907971894426,0.13858901377307217,1.769190797189443,1.7791825942145665,1.0,B,0.0012635111450003934
apartment,B,60,800,0.02,0.05,0.0,,11,0.3,0.2,2.0,20,0,0.9759114583333334,0.9604492187499998,0.9973958333333334,320.0,0.95,0.25,54.489724866768405,0.07552083333333333,,60,2.122110239163335,0.15503651960915757,1.5221102391633352,1.5317803201424223,1.0,B,0.001394536041250376
apartment,B,60,800,0.02,0.05,0.2,,11,0.3,0.2,2.0,20,0,0.947265625,0.9257161458333332,0.990234375,220.0,0.95,0.2833333333333333,49.45405162278605,0.07266666666666667,1.0422636103151863,49,2.3982913410210123,0.10105537465500619,1.7982913410210124,1.802290081272957,1.0,B,0.0013050049474986735
apartment,B,60,800,0.02,0.05,0.2,,12,0.3,0.2,2.0,20,0,0.9368489583333334,0.9166666666666666,0.9869791666666666,240.0,1.1,0.2833333333333333,48.0715216898273,0.0778125,1.0119549929676512,46,2.3802814768833653,0.1614076347948596,1.7802814768833655,1.8423918724189536,1.0,B,0.0012774898962493353
apartment,B,60,800,0.02,0.05,0.0,,12,0.3,0.2,2.0,20,0,0.9895833333333334,0.96728515625,0.9973958333333334,340.0,1.1,0.35,55.03379352729807,0.08075,,60,2.1042163229236355,0.15784339548623377,1.5042163229236352,1.5202525773397935,1.0,B,0.0014219235412519992
apartment,B,60,800,0.02,0.05,0.0,,13,0.3,0.2,2.0,20,0,0.9889322916666666,0.959375,0.9954427083333334,340.0,0.9166666666666666,0.35,54.5409706671844,0.073125,,60,2.191938650852156,0.12872482396007567,1.591938650852156,1.6426500373535373,1.0,B,0.001412558021249879
apartment,B,60,800,0.02,0.05,0.2,,13,0.3,0.2,2.0,20,0,0.9537760416666666,0.9365885416666666,0.9928385416666666,240.0,0.9166666666666666,0.25,51.35329787419134,0.07014583333333334,1.0368011323425337,52,2.2354051119746647,0.13712814106290294,1.6354051119746649,1.645529632093543,1.0,B,0.0013084326562488968
apartment,B,60,800,0.02,0.05,0.2,,14,0.3,0.2,2.0,20,0,0.908203125,0.881640625,0.9733072916666666,240.0,1.1,0.3333333333333333,48.29913093213006,0.078,1.0021551724137931,46,2.3068680344004187,0.11060693650494122,1.7068680344004183,1.7051455855582804,1.0,B,0.0012996795837489116
apartment,B,60,800,0.02,0.05,0.0,,14,0.3,0.2,2.0,20,0,0.962890625,0.9409505208333334,0.9954427083333334,340.0,1.1,0.2833333333333333,53.99213937294522,0.0821875,,60,2.059554688963645,0.1795954571310836,1.4595546889636448,1.455908379082019,1.0,B,0.0014513266149992887
apartment,B,60,800,0.02,0.05,0.0,,15,0.3,0.2,2.0,20,0,0.974609375,0.9464192708333332,0.9947916666666666,400.0,1.0,0.4166666666666667,53.08563985846407,0.0855625,,60,2.0753018486839827,0.17586444938336074,1.4753018486839824,1.4684194526052277,1.0,B,0.0014545619262503352
apartment,B,60,800,0.02,0.05,0.2,,15,0.3,0.2,2.0,20,0,0.9303385416666666,0.9169921875000002,0.98828125,220.0,1.0,0.3,47.96165794018064,0.08220833333333333,1.0453547915142647,49,2.274819583152051,0.1305073292331866,1.6748195831520507,1.6359618926680914,1.0,B,0.0013788643750012853
apartment,B,60,800,0.02,0.05,0.0,,16,0.3,0.2,2.0,20,0,0.98046875,0.9708333333333332,0.998046875,320.0,0.9,0.3,54.32918764744424,0.07341666666666667,,60,2.128249957731058,0.14623676459964213,1.5282499577310575,1.6034959490845486,1.0,B,0.0014275654162497632
apartment,B,60,800,0.02,0.05,0.2,,16,0.3,0.2,2.0,20,0,0.9654947916666666,0.9437174479166666,0.9947916666666666,260.0,0.9,0.2833333333333333,49.49873290316061,0.07185416666666666,1.029146426092991,49,2.3932588108682267,0.11995744328061397,1.7932588108682266,1.901117063762531,1.0,B,0.0013405985425015388
apartment,B,60,800,0.02,0.05,0.0,,17,0.3,0.2,2.0,20,0,0.9798177083333334,0.9720052083333334,0.9967447916666666,280.0,0.95,0.36666666666666664,54.803214187086844,0.08385416666666666,,60,2.171939769832396,0.115457655164254,1.5719397698323965,1.599703746875596,1.0,B,0.001408357187499405
apartment,B,60,800,0.02,0.05,0.2,,17,0.3,0.2,2.0,20,0,0.9420572916666666,0.92890625,0.990234375,220.0,0.95,0.31666666666666665,51.24655169949169,0.0814375,1.0006915629322268,51,2.292844092939725,0.14179089981109433,1.6928440929397244,1.6848516164969158,1.0,B,0.0013380434374994365
apartment,B,60,800,0.02,0.05,0.0,,18,0.3,0.2,2.0,20,0,0.9739583333333334,0.9515950520833332,0.9973958333333334,380.0,0.8,0.36666666666666664,54.555853597977354,0.07147916666666666,,60,2.156602739919008,0.13018201233626028,1.556602739919008,1.6494272524014262,1.0,B,0.001446665677499368
apartment,B,60,800,0.02,0.05,0.2,,18,0.3,0.2,2.0,20,0,0.9147135416666666,0.9018880208333334,0.9817708333333334,220.0,0.8,0.4166666666666667,49.27114128002741,0.0703125,1.0050071530758227,48,2.310932534409822,0.13981174396886606,1.7109325344098216,1.6895005176230413,1.0,B,0.0012944625000000088
apartment,B,60,800,0.02,0.05,0.0,,19,0.3,0.2,2.0,20,0,0.98046875,0.962109375,0.9986979166666666,300.0,0.9333333333333333,0.5833333333333334,54.73820315429902,0.07425,,60,2.049139570636487,0.1923530159992343,1.4491395706364874,1.468511643311909,1.0,B,0.0014205914587500955
apartment,B,60,800,0.02,0.05,0.2,,19,0.3,0.2,2.0,20,0,0.9329427083333334,0.9128580729166667,0.9895833333333334,240.0,0.9333333333333333,0.36666666666666664,50.40518850096994,0.07435416666666667,1.0148725212464589,50,2.2415984638495705,0.1389887836799188,1.6415984638495704,1.624775548344279,1.0,B,0.001332707707499594
apartment,B,60,800,0.02,0.05,0.0,,20,0.3,0.2,2.0,20,0,0.9635416666666666,0.9597005208333336,0.9954427083333334,300.0,0.9333333333333333,0.3333333333333333,54.40445401463407,0.08058333333333334,,60,2.1767809797623587,0.1537904677673172,1.5767809797623584,1.607136516349028,1.0,B,0.0014464080199991258
apartment,B,60,800,0.02,0.05,0.2,,20,0.3,0.2,2.0,20,0,0.921875,0.8896809895833334,0.9778645833333334,240.0,0.9333333333333333,0.23333333333333334,48.57451544107645,0.0774375,0.9812889812889813,46,2.3882092721635964,0.12033335192743254,1.7882092721635967,1.7137844832306555,1.0,B,0.0012695569275001618
apartment,B,60,800,0.02,0.05,0.2,,21,0.3,0.2,2.0,20,0,0.9186197916666666,0.9058268229166666,0.9830729166666666,220.0,1.1,0.25,48.77233157503206,0.07610416666666667,0.9936619718309859,47,2.3813705696748366,0.12734780159554626,1.7813705696748365,1.7351687961181361,1.0,B,0.0012821405737486202
apartment,B,60,800,0.02,0.05,0.0,,21,0.3,0.2,2.0,20,0,0.9739583333333334,0.9608398437499999,0.9973958333333334,340.0,1.1,0.3333333333333333,54.09700980442263,0.0805,,60,2.1543680716036744,0.1227134882614862,1.554368071603674,1.541391841405864,1.0,B,0.0014636605724990658
apartment,B,60,800,0.02,0.05,0.0,,22,0.3,0.2,2.0,20,0,0.9856770833333334,0.9519205729166664,0.9954427083333334,340.0,0.9333333333333333,0.43333333333333335,54.19528205370404,0.07829166666666666,,60,2.0724327813679118,0.17539328591386988,1.472432781367912,1.4413458487097022,1.0,B,0.0013965696350010147
apartment,B,60,800,0.02,0.05,0.2,,22,0.3,0.2,2.0,20,0,0.9505208333333334,0.9219726562499998,0.9915364583333334,200.0,0.9333333333333333,0.23333333333333334,49.85551699184099,0.07391666666666667,1.0480976310122039,49,2.287245700354722,0.14888998051763574,1.6872457003547223,1.811625567541146,1.0,B,0.0012845370837499103
apartment,B,60,800,0.02,0.05,0.0,,23,0.3,0.2,2.0,20,0,0.9837239583333334,0.9554361979166668,0.9967447916666666,320.0,1.0166666666666666,0.2833333333333333,54.044607464744395,0.07372916666666667,,60,2.1629623020450315,0.1283957521992736,1.5629623020450316,1.5404025937861348,1.0,B,0.0014049420312494476
apartment,B,60,800,0.02,0.05,0.2,,23,0.3,0.2,2.0,20,0,0.9296875,0.9057291666666666,0.9817708333333334,240.0,1.0166666666666666,0.23333333333333334,46.937311072220474,0.07122916666666666,1.0163701067615658,45,2.407435537597591,0.11358999682299159,1.8074355375975903,1.80875779464811,1.0,B,0.0012319397400005982
apartment,B,60,800,0.02,0.05,0.0,,24,0.3,0.2,2.0,20,0,0.9759114583333334,0.9680989583333334,0.9947916666666666,320.0,1.0,0.4166666666666667,54.11585367305866,0.08704166666666667,,60,2.0264477991123107,0.18081350242891,1.4264477991123103,1.4495709590363977,1.0,B,0.0014280396875005863
apartment,B,60,800,0.02,0.05,0.2,,24,0.3,0.2,2.0,20,0,0.9498697916666666,0.9272135416666666,0.9928385416666666,260.0,1.0,0.21666666666666667,48.248189050811824,0.08277083333333334,1.0138985406532313,47,2.4117849440086876,0.1051980893863272,1.811784944008688,1.8418347665202996,1.0,B,0.0012668824999991558
apartment,B,60,800,0.02,0.05,0.0,,25,0.3,0.2,2.0,20,0,0.9850260416666666,0.9721354166666668,0.9973958333333334,300.0,0.9833333333333333,0.2833333333333333,54.728696156526055,0.07191666666666667,,60,2.0619087501684574,0.20191096175031262,1.4619087501684571,1.4437737596557323,1.0,B,0.0014005517712507754
apartment,B,60,800,0.02,0.05,0.2,,25,0.3,0.2,2.0,20,0,0.9479166666666666,0.9430989583333333,0.9915364583333334,240.0,0.9833333333333333,0.23333333333333334,50.727078793378915,0.06939583333333334,1.0196078431372548,51,2.291656819189205,0.1122422646902592,1.6916568191892054,1.6794706536534632,1.0,B,0.001320989218750128
apartment,B,60,800,0.02,0.05,0.0,,26,0.3,0.2,2.0,20,0,0.9928385416666666,0.9699869791666667,1.0,340.0,1.0333333333333334,0.23333333333333334,54.707243117137544,0.07864583333333333,,60,2.141680521048831,0.16269525262939347,1.5416805210488305,1.5449429579584228,1.0,B,0.0014635450512491843
apartment,B,60,800,0.02,0.05,0.2,,26,0.3,0.2,2.0,20,0,0.9817708333333334,0.9542643229166664,0.9947916666666666,240.0,1.0333333333333334,0.3,52.670989139726224,0.07922916666666667,1.060478199718706,55,2.2550138332089555,0.13559926884944287,1.6550138332089557,1.646854550787347,1.0,B,0.0013802923949992874
apartment,B,60,800,0.02,0.05,0.0,,27,0.3,0.2,2.0,20,0,0.9889322916666666,0.9627278645833334,0.9993489583333334,340.0,1.1,0.3333333333333333,54.05415957168376,0.08,,60,2.1794014366398216,0.13990689134829806,1.5794014366398217,1.5777159917709795,1.0,B,0.0014385542712511779
apartment,B,60,800,0.02,0.05,0.2,,27,0.3,0.2,2.0,20,0,0.9264322916666666,0.9035156250000002,0.984375,260.0,1.1,0.23333333333333334,47.61127962008958,0.076625,1.0092198581560283,46,2.3524723139527137,0.10972616865008189,1.7524723139527136,1.7403034154414714,1.0,B,0.0013115445312519114
apartment,B,60,800,0.02,0.05,0.0,,28,0.3,0.2,2.0,20,0,0.9921875,0.9594401041666666,0.9986979166666666,300.0,1.0,0.38333333333333336,55.371234578638706,0.07220833333333333,,60,2.036847434469921,0.15277019544373002,1.4368474344699205,1.4419933566699397,1.0,B,0.001451803385000403
apartment,B,60,800,0.02,0.05,0.2,,28,0.3,0.2,2.0,20,0,0.9147135416666666,0.9022460937500002,0.982421875,240.0,1.0,0.25,48.773223681180525,0.06945833333333333,0.9818308874912648,46,2.3128379756124318,0.1429961134814486,1.7128379756124312,1.717109292818633,1.0,B,0.0012994771350008706
apartment,B,60,800,0.02,0.05,0.0,,29,0.3,0.2,2.0,20,0,0.9733072916666666,0.9566080729166668,0.9908854166666666,320.0,1.1,0.5,54.479085336080395,0.072625,,60,2.2412230823583754,0.11406492401345202,1.641223082358375,1.5818949326521827,1.0,B,0.0014336086975004036
apartment,B,60,800,0.02,0.05,0.2,,29,0.3,0.2,2.0,20,0,0.9264322916666666,0.8964843750000002,0.986328125,220.0,1.1,0.25,48.402991709809676,0.07004166666666667,1.0085046066619419,46,2.410077780180325,0.11764760009467742,1.810077780180325,1.8692089509418626,1.0,B,0.0012982274999990295
rubble,B,60,800,0.02,0.05,0.0,,0,0.3,0.2,2.0,20,0,0.8498603351955307,0.8228002793296089,0.9099162011173184,440.0,0.95,0.6166666666666667,45.01490599488681,0.13579166666666667,,60,1.9042880822792618,0.28132914759198113,1.304288082279262,1.251634762670119,1.0,B,0.0015316660937492088
rubble,B,60,800,0.02,0.05,0.2,,0,0.3,0.2,2.0,20,0,0.7674581005586593,0.7324371508379889,0.8596368715083799,300.0,0.95,0.5333333333333333,41.38511896197825,0.13308333333333333,1.040719696969697,51,2.030553141543646,0.3052232923448105,1.4305531415436459,1.2833895285133528,1.0,B,0.001463723177500924
rubble,B,60,800,0.02,0.05,0.0,,1,0.3,0.2,2.0,20,0,0.8421787709497207,0.7983938547486034,0.9057262569832403,480.0,0.9666666666666667,0.75,44.97737173637339,0.14979166666666666,,60,1.839311393773527,0.32984254863633977,1.2393113937735265,1.168157670770798,1.0,B,0.0015192410937493151
rubble,B,60,800,0.02,0.05,0.2,,1,0.3,0.2,2.0,20,0,0.803072625698324,0.7365572625698323,0.880586592178771,280.0,0.9666666666666667,0.65,42.038981953381686,0.13195833333333334,1.074766355140187,47,2.1439702947471475,0.2257085726306762,1.543970294747148,1.4846569572910662,1.0,B,0.0013726456762515227
rubble,B,60,800,0.02,0.05,0.0,,2,0.3,0.2,2.0,20,0,0.8659217877094972,0.7932262569832403,0.9266759776536313,640.0,1.0166666666666666,0.6333333333333333,43.62311653517006,0.14366666666666666,,60,1.8648354835283423,0.30803056432141035,1.264835483528342,1.2697763700054003,1.0,B,0.0015167609900004209
rubble,B,60,800,0.02,0.05,0.2,,2,0.3,0.2,2.0,20,0,0.8142458100558659,0.7642807262569834,0.8743016759776536,260.0,1.0166666666666666,0.5666666666666667,42.82226561693987,0.13985416666666667,1.1695085255767304,54,1.9922620939272848,0.2409637409939158,1.392262093927285,1.341390735608061,1.0,B,0.0014626054687482792
rubble,B,60,800,0.02,0.05,0.0,,3,0.3,0.2,2.0,20,0,0.8917597765363129,0.8315991620111731,0.9371508379888268,520.0,1.2,0.6166666666666667,45.443553046750594,0.13583333333333333,,60,1.9707249939597709,0.2810305391220215,1.3707249939597708,1.225544004995002,1.0,B,0.001516651926249324
rubble,B,60,800,0.02,0.05,0.2,,3,0.3,0.2,2.0,20,0,0.8016759776536313,0.7513268156424582,0.86731843575419,240.0,1.1833333333333333,0.5833333333333334,42.96423706471919,0.13052083333333334,1.0891840607210626,50,2.0311956230425183,0.24035135358360285,1.4311956230425178,1.3488723005802428,1.0,B,0.0014006684900004984
rubble,B,60,800,0.02,0.05,0.0,,4,0.3,0.2,2.0,20,0,0.8638268156424581,0.8217527932960895,0.9078212290502793,460.0,1.0166666666666666,0.6166666666666667,45.72428421062916,0.13620833333333332,,60,1.8206056191363975,0.30156730868745085,1.2206056191363972,1.194377857133257,1.0,B,0.001512565259999974
rubble,B,60,800,0.02,0.05,0.2,,4,0.3,0.2,2.0,20,0,0.8310055865921788,0.7857192737430168,0.8938547486033519,280.0,1.0166666666666666,0.5666666666666667,43.20614082873597,0.12822916666666667,1.0828025477707006,49,2.0572603356804215,0.2905772584209957,1.4572603356804221,1.5270138172901517,1.0,B,0.0013527327087513186
rubble,B,60,800,0.02,0.05,0.2,,5,0.3,0.2,2.0,20,0,0.7716480446927374,0.7282122905027932,0.8770949720670391,320.0,1.0833333333333333,0.4666666666666667,39.309771755624936,0.1821875,1.0250463821892393,44,2.211164629681997,0.21450675946790346,1.6111646296819957,1.4935497075509474,1.0,B,0.001425990521249787
rubble,B,60,800,0.02,0.05,0.0,,5,0.3,0.2,2.0,20,0,0.8798882681564246,0.8290153631284916,0.928072625698324,520.0,1.0666666666666667,0.6,43.27373809551164,0.1980625,,60,1.9045034273887396,0.28534521925678896,1.3045034273887395,1.17522729462641,1.0,B,0.0015992318749999867
rubble,B,60,800,0.02,0.05,0.0,,6,0.3,0.2,2.0,20,0,0.8582402234636871,0.8119064245810057,0.9134078212290503,460.0,1.05,0.65,44.442984754314885,0.13360416666666666,,60,1.9126763304541918,0.31540158471734536,1.3126763304541915,1.2692625503024613,1.0,B,0.0015223652600002424
rubble,B,60,800,0.02,0.05,0.2,,6,0.3,0.2,2.0,20,0,0.7932960893854749,0.7371159217877095,0.8701117318435754,300.0,1.05,0.6166666666666667,42.62358061267726,0.12235416666666667,1.081904761904762,50,2.065997627291162,0.27572680803638017,1.4659976272911615,1.3464089363512195,1.0,B,0.0014252510937512852
rubble,B,60,800,0.02,0.05,0.0,,7,0.3,0.2,2.0,20,0,0.8736033519553073,0.8212290502793296,0.9259776536312849,460.0,1.2166666666666666,0.6166666666666667,45.32092018616706,0.14029166666666668,,60,1.9119964161256278,0.28555326952569876,1.311996416125628,1.2405441751736137,1.0,B,0.0014955811975005417
rubble,B,60,800,0.02,0.05,0.2,,7,0.3,0.2,2.0,20,0,0.8296089385474861,0.7840083798882682,0.8966480446927374,300.0,1.2166666666666666,0.7166666666666667,43.37999244836073,0.131125,1.0770625566636447,50,2.0467800402606184,0.22243430406644377,1.4467800402606181,1.345524667317348,1.0,B,0.0013883634900003017
rubble,B,60,800,0.02,0.05,0.0,,8,0.3,0.2,2.0,20,0,0.861731843575419,0.796159217877095,0.9189944134078212,540.0,1.0166666666666666,0.55,43.748845855822196,0.135625,,60,1.9320485175884217,0.31219235422600894,1.3320485175884216,1.2604823913537102,1.0,B,0.0015483223962496596
rubble,B,60,800,0.02,0.05,0.2,,8,0.3,0.2,2.0,20,0,0.7967877094972067,0.7522346368715083,0.8931564245810056,280.0,1.0166666666666666,0.6666666666666666,41.684991129035936,0.13158333333333333,1.0825426944971537,49,2.0653519583447646,0.3130935814157713,1.465351958344765,1.334745301317434,1.0,B,0.0014010720837495682
rubble,B,60,800,0.02,0.05,0.0,,9,0.3,0.2,2.0,20,0,0.8554469273743017,0.8009078212290504,0.9078212290502793,520.0,1.0666666666666667,0.5833333333333334,45.32430537584846,0.14625,,60,1.8396496366349828,0.29317924302423365,1.239649636634983,1.1716341588719028,1.0,B,0.00151917166749854
rubble,B,60,800,0.02,0.05,0.2,,9,0.3,0.2,2.0,20,0,0.8135474860335196,0.7701815642458101,0.8889664804469274,240.0,1.0666666666666667,0.6333333333333333,43.19464784896565,0.12722916666666667,1.1266924564796905,47,2.0276119187727346,0.23605589890876394,1.4276119187727345,1.3795904564108779,1.0,B,0.00137243187499962
rubble,B,60,800,0.02,0.05,0.0,,10,0.3,0.2,2.0,20,0,0.8666201117318436,0.8356843575418994,0.9378491620111732,460.0,1.0833333333333333,0.5333333333333333,45.44566414905409,0.13027083333333334,,60,1.9092988831635047,0.28289767102743335,1.3092988831635046,1.2123066598908525,1.0,B,0.0015023046875012368
rubble,B,60,800,0.02,0.05,0.2,,10,0.3,0.2,2.0,20,0,0.8156424581005587,0.7682611731843575,0.9050279329608939,260.0,1.0833333333333333,0.55,42.111637894933764,0.1171875,1.0695970695970696,44,2.155088241469856,0.25094151738898446,1.5550882414698557,1.6120467564156078,1.0,B,0.001342992916249841
rubble,B,60,800,0.02,0.05,0.2,,11,0.3,0.2,2.0,20,0,0.7814245810055865,0.7322974860335195,0.8708100558659218,300.0,1.1,0.48333333333333334,42.53316938615193,0.12416666666666666,1.0053908355795147,47,2.1403009674196083,0.2641074669642943,1.540300967419608,1.410792719956091,1.0,B,0.0013476639574992078
rubble,B,60,800,0.02,0.05,0.0,,11,0.3,0.2,2.0,20,0,0.8945530726256983,0.8439594972067039,0.9378491620111732,500.0,1.1,0.6666666666666666,46.45296329910329,0.12839583333333332,,60,1.895072706526885,0.2831165243333044,1.295072706526885,1.3756239134015096,1.0,B,0.0015204263537498264
rubble,B,60,800,0.02,0.05,0.0,,12,0.3,0.2,2.0,20,0,0.8268156424581006,0.7859287709497207,0.8945530726256983,540.0,1.0333333333333334,0.7166666666666667,44.776703987307236,0.12777083333333333,,60,1.8052285850392746,0.2733657569171129,1.2052285850392748,1.1886344689308603,1.0,B,0.001512593073748576
rubble,B,60,800,0.02,0.05,0.2,,12,0.3,0.2,2.0,20,0,0.7828212290502793,0.7346717877094973,0.8449720670391061,300.0,1.0166666666666666,0.7,41.30359488440518,0.1175625,1.1132075471698113,47,2.1670418397554445,0.2440068102173251,1.5670418397554444,1.5181200724289359,1.0,B,0.0013658758862516152
rubble,B,60,800,0.02,0.05,0.0,,13,0.3,0.2,2.0,20,0,0.840782122905028,0.7916201117318435,0.901536312849162,480.0,1.1333333333333333,0.55,43.739199415862075,0.1485625,,60,1.7906345822816914,0.3234047401068651,1.1906345822816915,1.119844117383146,1.0,B,0.0015584816662499179
rubble,B,60,800,0.02,0.05,0.2,,13,0.3,0.2,2.0,20,0,0.8303072625698324,0.7645251396648045,0.895949720670391,240.0,1.1333333333333333,0.65,42.771706931157674,0.14816666666666667,1.179563492063492,53,2.0069222410744287,0.29069525134149093,1.4069222410744286,1.2896670443123464,1.0,B,0.0014393045837505268
rubble,B,60,800,0.02,0.05,0.0,,14,0.3,0.2,2.0,20,0,0.8303072625698324,0.8005586592178771,0.9001396648044693,440.0,1.2166666666666666,0.5166666666666667,44.346012856731505,0.14389583333333333,,60,1.8090974926603431,0.2882981019341163,1.2090974926603433,1.1770755628991196,1.0,B,0.0015167484900007367
rubble,B,60,800,0.02,0.05,0.2,,14,0.3,0.2,2.0,20,0,0.7821229050279329,0.7159217877094972,0.869413407821229,260.0,1.2,0.55,42.01413067455521,0.1325,1.057601510859301,48,2.0000319785425966,0.2905398900671654,1.4000319785425965,1.3352362320863542,1.0,B,0.0014100495312482054
rubble,B,60,800,0.02,0.05,0.0,,15,0.3,0.2,2.0,20,0,0.8575418994413407,0.8196229050279328,0.9273743016759777,460.0,1.1166666666666667,0.8666666666666667,44.63853907999859,0.1545,,60,1.7833594574546154,0.3005044983110184,1.183359457454615,1.1496435831850915,1.0,B,0.0015318143224999402
rubble,B,60,800,0.02,0.05,0.2,,15,0.3,0.2,2.0,20,0,0.8317039106145251,0.7986382681564246,0.901536312849162,280.0,1.1166666666666667,0.6833333333333333,42.34093426235564,0.14395833333333333,1.1172607879924954,47,2.2153470685755408,0.20536783533096362,1.61534706857554,1.6500878512826542,1.0,B,0.001364121041249291
rubble,B,60,800,0.02,0.05,0.0,,16,0.3,0.2,2.0,20,0,0.8568435754189944,0.8019902234636872,0.9057262569832403,520.0,1.2,0.6166666666666667,44.06914770486637,0.1483125,,60,1.9477301748487574,0.2703470559723562,1.347730174848757,1.1987518531494175,1.0,B,0.0015415604687495942
rubble,B,60,800,0.02,0.05,0.2,,16,0.3,0.2,2.0,20,0,0.8247206703910615,0.769972067039106,0.9113128491620112,240.0,1.1833333333333333,0.4166666666666667,41.84127430996753,0.1291875,1.126908396946565,47,2.203428945744058,0.19882457247716023,1.6034289457440574,1.554357032672809,1.0,B,0.0013826134900000397
rubble,B,60,800,0.02,0.05,0.0,,17,0.3,0.2,2.0,20,0,0.8247206703910615,0.8047835195530727,0.9217877094972067,440.0,1.1,0.5166666666666667,45.646690985811105,0.116625,,60,1.8674293415957703,0.26632151422058276,1.267429341595771,1.2541194453515379,1.0,B,0.001454760573749354
rubble,B,60,800,0.02,0.05,0.2,,17,0.3,0.2,2.0,20,0,0.7772346368715084,0.7465432960893855,0.8819832402234636,220.0,1.1,0.6833333333333333,43.497651148098015,0.11325,1.06,52,1.891459089579102,0.3376709570559795,1.291459089579102,1.2105176234062824,1.0,B,0.0013864882300003956
rubble,B,60,800,0.02,0.05,0.0,,18,0.3,0.2,2.0,20,0,0.8121508379888268,0.7680167597765363,0.8798882681564246,500.0,1.3166666666666667,0.5666666666666667,42.13188341372971,0.1615,,60,1.8445216715182264,0.3215976170853669,1.2445216715182261,1.263628453261751,1.0,B,0.0015715369262488822
rubble,B,60,800,0.02,0.05,0.2,,18,0.3,0.2,2.0,20,0,0.696927374301676,0.6693784916201119,0.7891061452513967,300.0,1.3,0.5166666666666667,38.27374324360114,0.14441666666666667,0.998998998998999,40,2.1919377308488825,0.3124191947475888,1.5919377308488827,1.404821616939377,1.0,B,0.0013943866149998029
rubble,B,60,800,0.02,0.05,0.2,,19,0.3,0.2,2.0,20,0,0.8023743016759777,0.7703910614525139,0.8917597765363129,260.0,1.0666666666666667,0.5166666666666667,41.25953048141508,0.135625,1.0668523676880224,42,2.2651693546975764,0.16015772979146303,1.665169354697576,1.6380297904204721,1.0,B,0.0013512865112488726
rubble,B,60,800,0.02,0.05,0.0,,19,0.3,0.2,2.0,20,0,0.8498603351955307,0.8320181564245811,0.9266759776536313,440.0,1.0666666666666667,0.7166666666666667,45.33876950979722,0.15322916666666667,,60,1.8747138960905516,0.31062876506965853,1.274713896090552,1.2281085138898558,1.0,B,0.0015562863537502381
rubble,B,60,800,0.02,0.05,0.0,,20,0.3,0.2,2.0,20,0,0.8512569832402235,0.8270949720670391,0.9085195530726257,460.0,1.2666666666666666,0.6333333333333333,44.96612482094404,0.18797916666666667,,60,1.9344800636640591,0.27612566662368454,1.3344800636640597,1.1889476112420272,1.0,B,0.001558009791249333
rubble,B,60,800,0.02,0.05,0.2,,20,0.3,0.2,2.0,20,0,0.8303072625698324,0.7968924581005585,0.9071229050279329,240.0,1.2666666666666666,0.65,42.514044179684944,0.18116666666666667,1.1101774042950514,51,2.067762574023009,0.2767333168265786,1.4677625740230094,1.4272153278041486,1.0,B,0.0014916283849993306
rubble,B,60,800,0.02,0.05,0.2,,21,0.3,0.2,2.0,20,0,0.8184357541899442,0.789699720670391,0.8903631284916201,280.0,1.1166666666666667,0.65,43.467262524783635,0.12577083333333333,1.096351730589336,49,2.0756701070533135,0.22006145624777135,1.475670107053313,1.360795377132733,1.0,B,0.0013714656762499544
rubble,B,60,800,0.02,0.05,0.0,,21,0.3,0.2,2.0,20,0,0.8568435754189944,0.8180865921787708,0.9085195530726257,460.0,1.1166666666666667,0.5666666666666667,45.644802865289435,0.1280625,,60,1.8980795106382236,0.2859554398646537,1.298079510638224,1.1859028860732697,1.0,B,0.0015112016137481987
rubble,B,60,800,0.02,0.05,0.0,,22,0.3,0.2,2.0,20,0,0.8966480446927374,0.8142807262569832,0.9518156424581006,640.0,1.05,0.55,44.485692609589485,0.1556875,,60,1.9556618486812076,0.2937416147859165,1.3556618486812078,1.3642473832172417,1.0,B,0.001538510729999416
rubble,B,60,800,0.02,0.05,0.2,,22,0.3,0.2,2.0,20,0,0.7702513966480447,0.7263617318435756,0.848463687150838,280.0,1.05,0.5833333333333334,41.590449495639135,0.14283333333333334,1.0595581171950048,49,2.0107922938757783,0.3031515138136706,1.410792293875778,1.3831335586763527,1.0,B,0.0014317248949987516
rubble,B,60,800,0.02,0.05,0.0,,23,0.3,0.2,2.0,20,0,0.8763966480446927,0.8065293296089384,0.9357541899441341,580.0,1.2166666666666666,0.6333333333333333,45.0050094730658,0.12227083333333333,,60,1.8181837302888608,0.3404412163512004,1.2181837302888607,1.1268578680250405,1.0,B,0.001527215572498335
rubble,B,60,800,0.02,0.05,0.2,,23,0.3,0.2,2.0,20,0,0.7786312849162011,0.7446927374301676,0.8917597765363129,280.0,1.2166666666666666,0.6166666666666667,42.24171377231624,0.11283333333333333,1.0772946859903383,49,2.0589543444469056,0.2824355311546697,1.4589543444469057,1.4775065059906538,1.0,B,0.001386573802501516
rubble,B,60,800,0.02,0.05,0.0,,24,0.3,0.2,2.0,20,0,0.8477653631284916,0.81106843575419,0.8980446927374302,480.0,1.1,0.6333333333333333,46.141068407534654,0.13575,,60,1.9306886535014376,0.2447104111125927,1.3306886535014375,1.2624567319539572,1.0,B,0.0016329650000011498
rubble,B,60,800,0.02,0.05,0.2,,24,0.3,0.2,2.0,20,0,0.7562849162011173,0.7376745810055866,0.8610335195530726,280.0,1.1,0.5166666666666667,41.50452258446051,0.12535416666666666,1.0363636363636362,43,2.1871182574614485,0.18704039135940087,1.5871182574614477,1.548824616299001,1.0,B,0.001321982136250881
rubble,B,60,800,0.02,0.05,0.0,,26,0.3,0.2,2.0,20,0,0.8568435754189944,0.8140013966480447,0.9113128491620112,500.0,1.0833333333333333,0.6833333333333333,44.52383277525239,0.1399375,,60,1.9911522974911458,0.2635380063315269,1.3911522974911452,1.3248394191991797,1.0,B,0.0014669049487497433
rubble,B,60,800,0.02,0.05,0.0,,25,0.3,0.2,2.0,20,0,0.9141061452513967,0.8478002793296089,0.9650837988826816,520.0,1.2333333333333334,0.5833333333333334,43.6140706869933,0.199375,,60,1.9899120173125302,0.24511994707574547,1.3899120173125306,1.4051514202076687,1.0,B,0.0016067695824995099
rubble,B,60,800,0.02,0.05,0.2,,25,0.3,0.2,2.0,20,0,0.8184357541899442,0.7837988826815643,0.9022346368715084,280.0,1.2333333333333334,0.5,41.23706492405576,0.18947916666666667,1.10879848628193,50,2.1033603262331657,0.2418419625412049,1.5033603262331656,1.3984760580635267,1.0,B,0.0014916346874997543
rubble,B,60,800,0.02,0.05,0.2,,26,0.3,0.2,2.0,20,0,0.7821229050279329,0.74518156424581,0.8791899441340782,280.0,1.0833333333333333,0.6,40.451380362090134,0.115875,1.0516431924882628,42,2.2946010877862184,0.22631703437718212,1.6946010877862179,1.5574618305486363,1.0,B,0.0012860210412486595
rubble,B,60,800,0.02,0.05,0.0,,27,0.3,0.2,2.0,20,0,0.8791899441340782,0.8272695530726258,0.9343575418994413,480.0,1.0666666666666667,0.7333333333333333,45.841109513609304,0.14577083333333332,,60,1.8852065721016098,0.28337249806197407,1.2852065721016097,1.2614098759664252,1.0,B,0.001488500937500703
rubble,B,60,800,0.02,0.05,0.2,,27,0.3,0.2,2.0,20,0,0.8023743016759777,0.7808659217877094,0.8861731843575419,300.0,1.0666666666666667,0.7666666666666667,43.7462408489206,0.13460416666666666,1.0454959053685169,49,2.050348245863316,0.27538410537297486,1.4503482458633161,1.476662367272855,1.0,B,0.0013624234375015476
rubble,B,60,800,0.02,0.05,0.0,,28,0.3,0.2,2.0,20,0,0.8414804469273743,0.7991620111731843,0.8994413407821229,500.0,1.1666666666666667,0.6666666666666666,44.39939494483088,0.15470833333333334,,60,1.7947043611250293,0.3266445006186262,1.1947043611250294,1.0779832622622467,1.0,B,0.0015185070837492277
rubble,B,60,800,0.02,0.05,0.2,,28,0.3,0.2,2.0,20,0,0.770949720670391,0.7207751396648043,0.8708100558659218,240.0,1.1666666666666667,0.6666666666666666,41.16474191790313,0.15127083333333333,1.0584851390220518,49,2.06736398272626,0.25922622704967063,1.4673639827262601,1.492997683060155,1.0,B,0.0014290114062487191
rubble,B,60,800,0.02,0.05,0.0,,29,0.3,0.2,2.0,20,0,0.840782122905028,0.8045041899441341,0.8994413407821229,420.0,1.1833333333333333,0.7166666666666667,45.20881923508626,0.13545833333333332,,60,1.8502998515803069,0.2739085522976473,1.2502998515803065,1.2124517133482273,1.0,B,0.0015219529175010394
office,C,60,800,0.02,0.05,0.2,,0,0.3,0.2,2.0,20,0,0.7610677083333334,0.7362630208333333,0.8580729166666666,340.0,1.0833333333333333,0.21666666666666667,43.53333927948644,0.03197916666666667,1.059836808703536,46,2.1014187948980423,0.2195716045296117,1.501418794898042,1.4704550307294921,1.0,C,0.0013781251562500075
rubble,B,60,800,0.02,0.05,0.2,,29,0.3,0.2,2.0,20,0,0.8128491620111732,0.7557262569832403,0.875,260.0,1.1666666666666667,0.6,42.83282944922031,0.1299375,1.0777777777777777,50,2.0540038526300304,0.27815591849231147,1.454003852630031,1.4237537078082534,1.0,B,0.0014176841149992469
office,C,60,800,0.02,0.05,0.0,,0,0.3,0.2,2.0,20,0,0.8561197916666666,0.8016927083333334,0.9186197916666666,500.0,1.0833333333333333,0.15,46.9222608893318,0.03177083333333333,,60,1.9686584421553994,0.20592795022661636,1.3686584421553991,1.3199421416075525,1.0,C,0.0015329116662496744
office,C,60,800,0.02,0.05,0.0,,1,0.3,0.2,2.0,20,0,0.9055989583333334,0.8427408854166666,0.96875,540.0,1.0,0.31666666666666665,48.61589406195549,0.022541666666666668,,60,2.0920561768384345,0.21038824647293458,1.4920561768384346,1.3347307351173767,1.0,C,0.001499372707501152
office,C,60,800,0.02,0.05,0.2,,1,0.3,0.2,2.0,20,0,0.7545572916666666,0.7325846354166666,0.861328125,340.0,0.9833333333333333,0.18333333333333332,44.474140174136544,0.022229166666666668,1.0131118881118881,46,2.1741756363836497,0.20062881010773062,1.5741756363836499,1.5361478479552022,1.0,C,0.001349807551248432
office,C,60,800,0.02,0.05,0.0,,2,0.3,0.2,2.0,20,0,0.9016927083333334,0.8281575520833332,0.9459635416666666,600.0,0.8,0.25,48.283892453824436,0.021229166666666667,,60,2.0469698640669947,0.2125464627981079,1.4469698640669943,1.4615476554479485,1.0,C,0.0015085543225018228
office,C,60,800,0.02,0.05,0.2,,2,0.3,0.2,2.0,20,0,0.7877604166666666,0.7466145833333334,0.8782552083333334,320.0,0.8,0.26666666666666666,44.73252908032875,0.020958333333333332,1.0530896431679722,51,2.0988159471891845,0.2860578519050475,1.4988159471891838,1.3508298815433775,1.0,C,0.0014316311462494013
office,C,60,800,0.02,0.05,0.2,,3,0.3,0.2,2.0,20,0,0.7486979166666666,0.7081705729166667,0.8580729166666666,320.0,1.05,0.15,43.240667889540646,0.03264583333333333,1.0717614165890026,46,2.2088529903832064,0.25942821674322225,1.6088529903832063,1.473893776301941,1.0,C,0.0013825504162491597
office,C,60,800,0.02,0.05,0.0,,3,0.3,0.2,2.0,20,0,0.8756510416666666,0.8111002604166668,0.921875,540.0,1.0666666666666667,0.11666666666666667,47.17431244813031,0.0334375,,60,2.0119514523535464,0.2483856035576853,1.411951452353547,1.405503049570441,1.0,C,0.001560251771250023
office,C,60,800,0.02,0.05,0.2,,4,0.3,0.2,2.0,20,0,0.7766927083333334,0.7291015625000001,0.849609375,320.0,1.1166666666666667,0.36666666666666664,43.24229279480356,0.0279375,1.124410933081998,49,2.1408435248383957,0.1945984028061352,1.5408435248383958,1.5277185372308355,1.0,C,0.0014302173437499733
office,C,60,800,0.02,0.05,0.2,,5,0.3,0.2,2.0,20,0,0.75,0.6640299479166666,0.8450520833333334,260.0,1.1166666666666667,0.25,41.12093799927036,0.03325,1.1002865329512894,43,2.229823163844282,0.1889337429650416,1.629823163844282,1.5041797614448917,1.0,C,0.001357847603751452
office,C,60,800,0.02,0.05,0.0,,4,0.3,0.2,2.0,20,0,0.8665364583333334,0.7888671875,0.9296875,560.0,1.1166666666666667,0.31666666666666665,46.22987242816375,0.028791666666666667,,60,1.9461646923231626,0.24570317182147083,1.3461646923231627,1.1903284669808265,1.0,C,0.00159897119749985
office,C,60,800,0.02,0.05,0.0,,5,0.3,0.2,2.0,20,0,0.8483072916666666,0.7824869791666667,0.91015625,540.0,1.15,0.2833333333333333,45.89046079653643,0.034979166666666665,,60,1.9689342503436296,0.23450975994068265,1.3689342503436304,1.263234803811865,1.0,C,0.001572740937499475
office,C,60,800,0.02,0.05,0.0,,6,0.3,0.2,2.0,20,0,0.8365885416666666,0.78759765625,0.91015625,520.0,1.1166666666666667,0.2833333333333333,45.921038238913056,0.03339583333333333,,60,1.9109849724671213,0.2446725599284903,1.3109849724671212,1.287849382401122,1.0,C,0.0015690088024985017
office,C,60,800,0.02,0.05,0.2,,6,0.3,0.2,2.0,20,0,0.7890625,0.7345377604166667,0.8860677083333334,260.0,1.1166666666666667,0.2833333333333333,43.68106665221579,0.03289583333333333,1.172147001934236,51,2.025083276990185,0.22514136066498402,1.4250832769901853,1.3500125789968438,1.0,C,0.0014496155212486883
office,C,60,800,0.02,0.05,0.0,,7,0.3,0.2,2.0,20,0,0.87109375,0.8220052083333333,0.9420572916666666,520.0,0.9,0.23333333333333334,47.33088846678191,0.026395833333333334,,60,1.951180947309592,0.24887407772899683,1.3511809473095917,1.2466704177414576,1.0,C,0.0014901573962492875
office,C,60,800,0.02,0.05,0.2,,7,0.3,0.2,2.0,20,0,0.8170572916666666,0.7615234375,0.9075520833333334,280.0,0.9,0.23333333333333334,44.77081975785993,0.025625,1.1652739090064994,51,2.064097958530082,0.2437129917717503,1.4640979585300813,1.366985568491737,1.0,C,0.0014316153649997431
office,C,60,800,0.02,0.05,0.0,,8,0.3,0.2,2.0,20,0,0.8424479166666666,0.77705078125,0.9088541666666666,520.0,1.1333333333333333,0.2833333333333333,46.94187526465541,0.028479166666666667,,60,1.912703055232535,0.244444899014599,1.3127030552325347,1.1749715000375844,1.0,C,0.0015561962499987202
office,C,60,800,0.02,0.05,0.2,,8,0.3,0.2,2.0,20,0,0.7434895833333334,0.6868815104166667,0.8606770833333334,280.0,1.1333333333333333,0.35,42.869660366741165,0.028291666666666666,1.0743179680150519,43,2.3474801108112007,0.2908875691599877,1.747480110811201,1.5611824585531577,1.0,C,0.001362812395000219
office,C,60,800,0.02,0.05,0.2,,9,0.3,0.2,2.0,20,0,0.810546875,0.7680338541666667,0.8899739583333334,360.0,0.8,0.36666666666666664,44.693104464859296,0.026020833333333333,1.1185983827493262,53,2.074042915233308,0.21097657116417853,1.4740429152333079,1.3841497514094705,1.0,C,0.0014476322912491924
office,C,60,800,0.02,0.05,0.0,,9,0.3,0.2,2.0,20,0,0.83203125,0.7884440104166667,0.89453125,480.0,0.8,0.35,45.650172447500914,0.026645833333333334,,60,1.901175398552109,0.226382562041797,1.3011753985521088,1.1618979640786433,1.0,C,0.001552465468751052
office,C,60,800,0.02,0.05,0.0,,10,0.3,0.2,2.0,20,0,0.8352864583333334,0.77138671875,0.8997395833333334,580.0,0.85,0.18333333333333332,45.53196248464553,0.0323125,,60,1.9591779923780883,0.26245262255289364,1.3591779923780887,1.2456293516507413,1.0,C,0.0015575696874998357
office,C,60,800,0.02,0.05,0.2,,10,0.3,0.2,2.0,20,0,0.7578125,0.72734375,0.8522135416666666,280.0,0.8333333333333334,0.25,43.481255659190445,0.0325,1.0767807585568918,48,2.068248766049384,0.21136101432046256,1.4682487660493837,1.3848543037033225,1.0,C,0.0013724556250008391
office,C,60,800,0.02,0.05,0.0,,11,0.3,0.2,2.0,20,0,0.8522135416666666,0.7919270833333332,0.9244791666666666,580.0,1.0666666666666667,0.3333333333333333,45.74174169351789,0.033229166666666664,,60,1.9673767360362466,0.23327584389039346,1.367376736036247,1.22251138367184,1.0,C,0.0015471381775000737
office,C,60,800,0.02,0.05,0.2,,11,0.3,0.2,2.0,20,0,0.7740885416666666,0.7009114583333333,0.8567708333333334,280.0,1.0666666666666667,0.3,43.00734120257816,0.03266666666666666,1.1725838264299802,50,2.184523045196398,0.32167140379710035,1.5845230451963985,1.3290799172754184,1.0,C,0.0014324399475003702
office,C,60,800,0.02,0.05,0.0,,12,0.3,0.2,2.0,20,0,0.8854166666666666,0.8265299479166666,0.94140625,540.0,0.8333333333333334,0.13333333333333333,47.97545248143435,0.0285625,,60,2.0227560934545235,0.24085426286790212,1.422756093454524,1.37594816703893,1.0,C,0.0015451725525008442
office,C,60,800,0.02,0.05,0.2,,12,0.3,0.2,2.0,20,0,0.783203125,0.75107421875,0.8567708333333334,300.0,0.8166666666666667,0.21666666666666667,44.54057136613561,0.028729166666666667,1.0867208672086721,48,2.141472795125057,0.1866343982380461,1.541472795125057,1.4880786787984306,1.0,C,0.0013941302600005657
office,C,60,800,0.02,0.05,0.0,,13,0.3,0.2,2.0,20,0,0.8463541666666666,0.7751302083333332,0.9192708333333334,540.0,1.25,0.23333333333333334,44.322755372854985,0.03925,,60,1.9187324394054521,0.28101777430355956,1.3187324394054523,1.1613095984182522,1.0,C,0.0016087034375004805
office,C,60,800,0.02,0.05,0.2,,13,0.3,0.2,2.0,20,0,0.787109375,0.7131510416666667,0.857421875,320.0,1.2333333333333334,0.26666666666666666,42.754650731038154,0.03797916666666667,1.1841332027424094,50,2.0974178434686603,0.21883728782894357,1.4974178434686607,1.4746620029978534,1.0,C,0.0015103611974996056
office,C,60,800,0.02,0.05,0.2,,14,0.3,0.2,2.0,20,0,0.7532552083333334,0.71416015625,0.8346354166666666,320.0,1.1,0.21666666666666667,41.72074972817929,0.027958333333333335,1.061467889908257,42,2.34396412144731,0.16832125679798052,1.7439641214473096,1.657482982011819,1.0,C,0.001363556198750757
office,C,60,800,0.02,0.05,0.0,,14,0.3,0.2,2.0,20,0,0.8912760416666666,0.81435546875,0.9401041666666666,580.0,1.1166666666666667,0.21666666666666667,46.05998564388004,0.028854166666666667,,60,1.9673751760828073,0.24101575878264828,1.367375176082807,1.2378577912157684,1.0,C,0.0015529454174998136
office,C,60,800,0.02,0.05,0.0,,15,0.3,0.2,2.0,20,0,0.8294270833333334,0.7697591145833333,0.900390625,520.0,0.9,0.25,45.58945985894561,0.034708333333333334,,60,1.9035045714759733,0.25520757117312015,1.303504571475973,1.16554016529953,1.0,C,0.0015776763537519401
office,C,60,800,0.02,0.05,0.2,,15,0.3,0.2,2.0,20,0,0.755859375,0.7024739583333334,0.8248697916666666,220.0,0.9,0.26666666666666666,43.30731541751436,0.033666666666666664,1.1078244274809161,50,2.07445854904083,0.2548886977140853,1.4744585490408297,1.3749666936659497,1.0,C,0.001507778021248214
office,C,60,800,0.02,0.05,0.0,,16,0.3,0.2,2.0,20,0,0.857421875,0.7992513020833334,0.9166666666666666,580.0,0.8,0.3,46.73928659211526,0.03210416666666667,,60,1.9532873302176283,0.24930518718938105,1.3532873302176283,1.3651024112168009,1.0,C,0.001571028176249456
office,C,60,800,0.02,0.05,0.2,,16,0.3,0.2,2.0,20,0,0.7233072916666666,0.6975911458333334,0.8411458333333334,300.0,0.8,0.26666666666666666,42.08869313905656,0.031229166666666665,1.0373482726423902,46,2.1572888675934223,0.3425962809803177,1.5572888675934218,1.364338749146,1.0,C,0.0014230586450003102
office,C,60,800,0.02,0.05,0.0,,17,0.3,0.2,2.0,20,0,0.8600260416666666,0.7963541666666667,0.919921875,540.0,1.15,0.15,46.44840520007101,0.035958333333333335,,60,1.9661601908939477,0.26850296688943875,1.3661601908939474,1.279517874416258,1.0,C,0.0015490328125019914
office,C,60,800,0.02,0.05,0.2,,17,0.3,0.2,2.0,20,0,0.765625,0.7341796875,0.861328125,260.0,1.15,0.18333333333333332,43.80789267266039,0.035645833333333335,1.0980392156862746,48,2.1102417765505694,0.20353460665641918,1.5102417765505691,1.384774552322835,1.0,C,0.0014509101562498472
office,C,60,800,0.02,0.05,0.2,,18,0.3,0.2,2.0,20,0,0.75390625,0.73330078125,0.8645833333333334,320.0,1.0,0.23333333333333334,43.76366380073348,0.02675,1.0604395604395604,47,2.118715391779403,0.20815131251476804,1.5187153917794034,1.4686328792780978,1.0,C,0.001385398488748706
office,C,60,800,0.02,0.05,0.0,,18,0.3,0.2,2.0,20,0,0.8352864583333334,0.78642578125,0.9075520833333334,540.0,1.0,0.23333333333333334,46.456770445630305,0.027083333333333334,,60,1.9440569352640034,0.20828210109502585,1.344056935264003,1.2445018873103508,1.0,C,0.001542333021250215
office,C,60,800,0.02,0.05,0.0,,19,0.3,0.2,2.0,20,0,0.8580729166666666,0.7826497395833333,0.9186197916666666,580.0,1.1166666666666667,0.36666666666666664,46.65276696055925,0.02814583333333333,,60,2.0050622678921757,0.24022782804870396,1.4050622678921754,1.3201314812495764,1.0,C,0.0015803500000015447
office,C,60,800,0.02,0.05,0.2,,19,0.3,0.2,2.0,20,0,0.7317708333333334,0.6905273437499999,0.83203125,300.0,1.1,0.35,42.401063654773665,0.027645833333333335,1.1019607843137256,48,2.1194833635440626,0.3224807287989407,1.5194833635440623,1.4016658805718296,1.0,C,0.0014416961462507061
office,C,60,800,0.02,0.05,0.2,,20,0.3,0.2,2.0,20,0,0.8170572916666666,0.7556640625,0.8977864583333334,300.0,1.35,0.3333333333333333,43.567913065595356,0.034354166666666665,1.2078922040423483,49,2.192506892233029,0.22733908028928942,1.5925068922330294,1.4304209569657291,1.0,C,0.0014044834374999482
office,C,60,800,0.02,0.05,0.0,,20,0.3,0.2,2.0,20,0,0.8587239583333334,0.7856445312500001,0.93359375,580.0,1.3666666666666667,0.2833333333333333,45.3072325285025,0.035541666666666666,,60,1.9739433855438722,0.25058159892628146,1.3739433855438719,1.2549574545805429,1.0,C,0.00157782968750098
office,C,60,800,0.02,0.05,0.0,,21,0.3,0.2,2.0,20,0,0.8600260416666666,0.7838216145833333,0.9173177083333334,600.0,1.3166666666666667,0.25,45.217991521399846,0.035520833333333335,,60,1.9430664963337407,0.2644953992888947,1.3430664963337409,1.245639153798483,1.0,C,0.0015912879162488026
office,C,60,800,0.02,0.05,0.2,,21,0.3,0.2,2.0,20,0,0.755859375,0.7086263020833333,0.8502604166666666,280.0,1.2833333333333334,0.3,42.17270724482392,0.034270833333333334,1.1427165354330708,48,2.1010754032703267,0.20151294019087435,1.5010754032703268,1.407446481178736,1.0,C,0.0014351601562498217
office,C,60,800,0.02,0.05,0.0,,22,0.3,0.2,2.0,20,0,0.865234375,0.7987955729166666,0.931640625,520.0,1.1333333333333333,0.23333333333333334,46.94821532827487,0.034229166666666665,,60,1.9866287742376043,0.2694507891831806,1.3866287742376044,1.2466419894167482,1.0,C,0.0015408006249981554
office,C,60,800,0.02,0.05,0.2,,22,0.3,0.2,2.0,20,0,0.861328125,0.81298828125,0.9342447916666666,320.0,1.1333333333333333,0.18333333333333332,46.81087193200013,0.033916666666666664,1.2238667900092508,57,2.0373553344200306,0.23664812234958119,1.437355334420031,1.269814848196027,1.0,C,0.0014835317712504547
office,C,60,800,0.02,0.05,0.0,,23,0.3,0.2,2.0,20,0,0.88671875,0.80771484375,0.9557291666666666,600.0,1.1333333333333333,0.31666666666666665,46.6008966229626,0.036125,,60,2.024360543973775,0.22779348972611876,1.424360543973774,1.2858761060083055,1.0,C,0.001573792031249468
office,C,60,800,0.02,0.05,0.2,,23,0.3,0.2,2.0,20,0,0.7864583333333334,0.7350911458333333,0.888671875,300.0,1.1166666666666667,0.25,43.09021746315242,0.035104166666666665,1.1237209302325581,49,2.1210439953067746,0.22139527497277942,1.5210439953067747,1.4506899077410766,1.0,C,0.0014294144275004328
office,C,60,800,0.02,0.05,0.0,,24,0.3,0.2,2.0,20,0,0.8912760416666666,0.8122395833333333,0.953125,600.0,1.1333333333333333,0.25,46.83052877957718,0.02802083333333333,,60,1.9791285563041174,0.22590913884960664,1.379128556304117,1.3316008718928698,1.0,C,0.0015573713025014513
office,C,60,800,0.02,0.05,0.2,,24,0.3,0.2,2.0,20,0,0.8033854166666666,0.7533854166666666,0.88671875,280.0,1.1166666666666667,0.16666666666666666,45.551447529538514,0.027125,1.114724480578139,50,2.127651894486868,0.202589919980712,1.5276518944868673,1.4946910249490764,1.0,C,0.0014102374999993117
office,C,60,800,0.02,0.05,0.0,,25,0.3,0.2,2.0,20,0,0.86328125,0.7983072916666666,0.9205729166666666,540.0,0.9666666666666667,0.35,47.25794877732095,0.025333333333333333,,60,1.9909273237974514,0.2268371721210832,1.390927323797452,1.343029344064396,1.0,C,0.0015428045837506943
office,C,60,800,0.02,0.05,0.2,,25,0.3,0.2,2.0,20,0,0.7552083333333334,0.7186197916666667,0.8561197916666666,340.0,0.9666666666666667,0.2833333333333333,43.45247352561126,0.024270833333333332,1.0750695088044486,45,2.1414344884184375,0.16235039684273753,1.5414344884184368,1.5147889548204243,1.0,C,0.0013792298962493987
office,C,60,800,0.02,0.05,0.0,,26,0.3,0.2,2.0,20,0,0.8287760416666666,0.762109375,0.9095052083333334,580.0,1.3666666666666667,0.26666666666666666,46.12594670471966,0.035604166666666666,,60,1.8902055807396203,0.27134771030570815,1.2902055807396207,1.2573517627554667,1.0,C,0.0015997810412500257
office,C,60,800,0.02,0.05,0.2,,26,0.3,0.2,2.0,20,0,0.8059895833333334,0.7458333333333333,0.873046875,260.0,1.35,0.26666666666666666,44.869883372637,0.034,1.2054527750730284,51,2.0849865556912484,0.22238781194323398,1.4849865556912483,1.378198484699943,1.0,C,0.0014324521875005304
office,C,60,800,0.02,0.05,0.0,,27,0.3,0.2,2.0,20,0,0.876953125,0.7989583333333334,0.9322916666666666,580.0,1.0333333333333334,0.25,45.915299497380474,0.0324375,,60,1.9637604651408223,0.2531906505513283,1.3637604651408217,1.297995387481497,1.0,C,0.0015441694262517559
office,C,60,800,0.02,0.05,0.2,,27,0.3,0.2,2.0,20,0,0.7415364583333334,0.7001627604166667,0.845703125,280.0,1.0333333333333334,0.26666666666666666,42.12203007529364,0.0321875,1.0837297811607993,46,2.0977083052820924,0.2345335050151269,1.4977083052820919,1.5041455622272175,1.0,C,0.0014582937499994842
office,C,60,800,0.02,0.05,0.0,,28,0.3,0.2,2.0,20,0,0.8346354166666666,0.77158203125,0.8984375,540.0,1.0333333333333334,0.2833333333333333,47.06048617621795,0.030416666666666668,,60,1.9580245761671693,0.2655917460455152,1.3580245761671692,1.2739405083430175,1.0,C,0.0015226859375002278
office,C,60,800,0.02,0.05,0.2,,28,0.3,0.2,2.0,20,0,0.7486979166666666,0.71064453125,0.8333333333333334,280.0,1.0333333333333334,0.3333333333333333,43.525726860783266,0.029333333333333333,1.120857699805068,45,2.227807065153416,0.23171321587266627,1.6278070651534164,1.5607220498869898,1.0,C,0.0013935603125014495
office,C,60,800,0.02,0.05,0.0,,29,0.3,0.2,2.0,20,0,0.8697916666666666,0.8074544270833334,0.943359375,560.0,0.9833333333333333,0.3333333333333333,47.10512044069597,0.0265,,60,2.0035766161605655,0.2084609943596946,1.4035766161605656,1.3492291939170065,1.0,C,0.0015172051562512934
office,C,60,800,0.02,0.05,0.2,,29,0.3,0.2,2.0,20,0,0.8157552083333334,0.77626953125,0.908203125,280.0,0.9833333333333333,0.2833333333333333,45.50058817797996,0.025895833333333333,1.1601851851851852,51,2.1371284878782975,0.2533973592853439,1.5371284878782978,1.4445259893994478,1.0,C,0.001404682603749734
hall,C,60,800,0.02,0.05,0.0,,0,0.3,0.2,2.0,20,0,0.9939024390243902,0.9966463414634145,1.0,140.0,1.0,0.5,60.83117903887624,0.024270833333333332,,60,2.1562778153442763,0.10641321081305313,1.5562778153442767,1.5664276499487206,1.0,C,0.0014213614062487069
hall,C,60,800,0.02,0.05,0.2,,0,0.3,0.2,2.0,20,0,0.989159891598916,0.9844512195121953,1.0,140.0,1.0,0.25,55.19560113855444,0.02325,0.991174473862865,50,2.3410708080041287,0.073828780305445,1.7410708080041288,1.7674857655113385,1.0,C,0.001336155259998577
hall,C,60,800,0.02,0.05,0.0,,1,0.3,0.2,2.0,20,0,1.0,0.9963414634146339,1.0,120.0,1.0333333333333334,0.43333333333333335,60.83555217076858,0.0279375,,60,2.11107426151327,0.11846533008487586,1.51107426151327,1.5088803834486004,1.0,C,0.0014009753125014868
hall,C,60,800,0.02,0.05,0.2,,1,0.3,0.2,2.0,20,0,0.983739837398374,0.9851964769647695,1.0,120.0,1.0333333333333334,0.31666666666666665,55.777022443368125,0.0270625,0.9850746268656716,51,2.2750931211809777,0.08651885150822045,1.6750931211809776,1.707602700742056,1.0,C,0.0013262703124996733
hall,C,60,800,0.02,0.05,0.2,,2,0.3,0.2,2.0,20,0,0.9803523035230353,0.9782181571815718,1.0,140.0,1.3166666666666667,0.16666666666666666,53.59339343140944,0.0278125,0.9843537414965986,47,2.3543330541051684,0.07187887680789795,1.754333054105168,1.7582527619661192,1.0,C,0.0012756117699996138
hall,C,60,800,0.02,0.05,0.0,,2,0.3,0.2,2.0,20,0,0.9979674796747967,0.9970867208672086,1.0,140.0,1.3166666666666667,0.38333333333333336,60.74277255615042,0.0295,,60,2.189048341922287,0.08621259304546625,1.5890483419222872,1.5866020690007556,1.0,C,0.0013800340100010545
hall,C,60,800,0.02,0.05,0.0,,3,0.3,0.2,2.0,20,0,0.997289972899729,0.9978658536585365,1.0,140.0,1.1166666666666667,0.5333333333333333,60.34197319898028,0.030333333333333334,,60,2.150910350516694,0.09260846992286977,1.550910350516694,1.4771757551296851,1.0,C,0.0014150086974996157
hall,C,60,800,0.02,0.05,0.2,,3,0.3,0.2,2.0,20,0,0.9817073170731707,0.9796747967479675,1.0,140.0,1.1166666666666667,0.3333333333333333,53.845665297631804,0.028333333333333332,0.984375,48,2.366400842281424,0.08437751506955464,1.7664008422814241,1.7626811938078615,1.0,C,0.0012799263024999164
hall,C,60,800,0.02,0.05,0.0,,4,0.3,0.2,2.0,20,0,0.9959349593495935,0.9976287262872627,1.0,140.0,1.15,0.6,61.32745390928677,0.025375,,60,2.171713061812659,0.09632093770461163,1.571713061812659,1.5824650226345858,1.0,C,0.0014080720837500848
hall,C,60,800,0.02,0.05,0.2,,4,0.3,0.2,2.0,20,0,0.9803523035230353,0.978590785907859,1.0,140.0,1.15,0.38333333333333336,54.753166691608975,0.024041666666666666,0.9810169491525423,48,2.384312563562458,0.08473255646508311,1.7843125635624577,1.7627216530236176,1.0,C,0.0012658111974997155
hall,C,60,800,0.02,0.05,0.0,,5,0.3,0.2,2.0,20,0,0.9986449864498645,0.998272357723577,1.0,140.0,1.2833333333333334,0.38333333333333336,60.00180110463591,0.03241666666666667,,60,2.098237684020645,0.08985610787061878,1.4982376840206453,1.5264957070500373,1.0,C,0.001470396615000027
hall,C,60,800,0.02,0.05,0.2,,5,0.3,0.2,2.0,20,0,0.9823848238482384,0.9751693766937668,1.0,140.0,1.2833333333333334,0.23333333333333334,52.668464538791824,0.031229166666666665,0.9837177747625508,46,2.4580283408895993,0.047455562172994174,1.8580283408895995,1.860084025652804,1.0,C,0.001285573437498897
hall,C,60,800,0.02,0.05,0.2,,6,0.3,0.2,2.0,20,0,0.9789972899728997,0.9830962059620594,1.0,140.0,1.2666666666666666,0.26666666666666666,54.18230619963554,0.026916666666666665,0.9816576086956521,49,2.3167331277253287,0.06684344864166526,1.7167331277253286,1.6966897017705076,1.0,C,0.0012980403124993245
hall,C,60,800,0.02,0.05,0.0,,6,0.3,0.2,2.0,20,0,0.9979674796747967,0.9982384823848236,1.0,140.0,1.2666666666666666,0.36666666666666664,60.58446017625734,0.028416666666666666,,60,2.103869743150146,0.0885240426380368,1.5038697431501455,1.516794251029716,1.0,C,0.0014311495312495026
hall,C,60,800,0.02,0.05,0.0,,7,0.3,0.2,2.0,20,0,0.9939024390243902,0.9965785907859077,1.0,140.0,1.05,0.4666666666666667,60.61759638007168,0.029208333333333333,,60,2.118579410239633,0.105010325398528,1.518579410239633,1.5049224098952032,1.0,C,0.0014482726562482639
hall,C,60,800,0.02,0.05,0.2,,7,0.3,0.2,2.0,20,0,0.978319783197832,0.9804200542005418,1.0,140.0,1.05,0.23333333333333334,53.9223434715296,0.027208333333333334,0.9803122878479295,48,2.3092528780569572,0.07682949239595965,1.709252878056957,1.731522924910946,1.0,C,0.00130733281250059
hall,C,60,800,0.02,0.05,0.0,,8,0.3,0.2,2.0,20,0,0.9952574525745257,0.9971544715447151,1.0,140.0,1.3333333333333333,0.43333333333333335,60.583268407405704,0.030916666666666665,,60,2.1065253609903687,0.0998786431721431,1.5065253609903688,1.5145490538354034,1.0,C,0.0014389664574991912
hall,C,60,800,0.02,0.05,0.2,,8,0.3,0.2,2.0,20,0,0.9776422764227642,0.9741869918699185,1.0,140.0,1.3333333333333333,0.21666666666666667,52.58354788054394,0.0294375,0.9802989130434783,46,2.3642731786261075,0.08609062871955467,1.764273178626108,1.7870774579462705,1.0,C,0.0012826236975001849
hall,C,60,800,0.02,0.05,0.0,,9,0.3,0.2,2.0,20,0,0.9986449864498645,0.9964430894308942,1.0,140.0,1.1833333333333333,0.5333333333333333,60.423818384097224,0.029958333333333333,,60,2.16774970663332,0.09026080519452775,1.5677497066333197,1.559945437353941,1.0,C,0.0014214444262483994
hall,C,60,800,0.02,0.05,0.2,,9,0.3,0.2,2.0,20,0,0.9695121951219512,0.970020325203252,1.0,140.0,1.1833333333333333,0.25,52.22921721457879,0.0276875,0.9721467391304348,45,2.4733419255964257,0.07536036063284288,1.873341925596426,1.847186941881847,1.0,C,0.0012757139587506571
hall,C,60,800,0.02,0.05,0.0,,10,0.3,0.2,2.0,20,0,0.9959349593495935,0.9958333333333332,1.0,140.0,1.3333333333333333,0.48333333333333334,60.89917946079069,0.029354166666666667,,60,2.1524574598205555,0.0828220344124847,1.5524574598205556,1.5180123961264456,1.0,C,0.0014489637500014396
hall,C,60,800,0.02,0.05,0.2,,10,0.3,0.2,2.0,20,0,0.9776422764227642,0.9810975609756097,1.0,140.0,1.3333333333333333,0.26666666666666666,53.693914225219615,0.027416666666666666,0.9789687924016282,48,2.343928576129745,0.07575325521728223,1.7439285761297452,1.7370583898838166,1.0,C,0.001329354479998983
hall,C,60,800,0.02,0.05,0.2,,11,0.3,0.2,2.0,20,0,0.9776422764227642,0.9718157181571815,1.0,140.0,1.4166666666666667,0.21666666666666667,52.24734570342177,0.027541666666666666,0.9809653297076819,45,2.504669846247975,0.08086198798883948,1.9046698462479743,1.8839422354026714,1.0,C,0.0012644751037510105
hall,C,60,800,0.02,0.05,0.0,,11,0.3,0.2,2.0,20,0,0.9979674796747967,0.9969850948509482,1.0,140.0,1.4166666666666667,0.4,60.8573994476794,0.029770833333333333,,60,2.1308564230304285,0.10830689276359516,1.5308564230304285,1.4854032070775056,1.0,C,0.0014551782287480818
hall,C,60,800,0.02,0.05,0.0,,12,0.3,0.2,2.0,20,0,0.9952574525745257,0.9954945799457994,1.0,140.0,1.35,0.4666666666666667,61.16059879029672,0.028395833333333332,,60,2.1203440349357052,0.09722322605416327,1.5203440349357045,1.523262119584624,1.0,C,0.0014340335937504279
hall,C,60,800,0.02,0.05,0.2,,12,0.3,0.2,2.0,20,0,0.9762872628726287,0.9791666666666666,1.0,140.0,1.35,0.21666666666666667,53.78085608362631,0.026791666666666665,0.9809394145677331,47,2.3699688081745878,0.06362150729806598,1.7699688081745875,1.7906735126418774,1.0,C,0.0012733446874995025
hall,C,60,800,0.02,0.05,0.0,,13,0.3,0.2,2.0,20,0,0.9952574525745257,0.9954607046070458,1.0,140.0,1.35,0.4166666666666667,60.63918207909225,0.033541666666666664,,60,2.1559692196030147,0.09333571383819343,1.5559692196030148,1.5701164803731933,1.0,C,0.0014477164062509473
hall,C,60,800,0.02,0.05,0.2,,13,0.3,0.2,2.0,20,0,0.9932249322493225,0.9858739837398375,1.0,140.0,1.35,0.23333333333333334,56.01106789167232,0.03204166666666667,0.9959239130434783,52,2.2096414757038043,0.09874723023382911,1.6096414757038044,1.6331261584304144,1.0,C,0.0013650029687505593
hall,C,60,800,0.02,0.05,0.0,,14,0.3,0.2,2.0,20,0,0.9959349593495935,0.9957317073170732,1.0,140.0,1.3,0.35,60.76141808412451,0.0271875,,60,2.115370524220435,0.10949590343976441,1.5153705242204352,1.5348892578456517,1.0,C,0.0014135040625001239
hall,C,60,800,0.02,0.05,0.2,,14,0.3,0.2,2.0,20,0,0.978319783197832,0.9787940379403794,1.0,140.0,1.3,0.21666666666666667,53.04702803033716,0.02575,0.9816451393609789,47,2.3719528140757786,0.07780646968467195,1.7719528140757776,1.776761848240064,1.0,C,0.0012927779687515796
hall,C,60,800,0.02,0.05,0.2,,15,0.3,0.2,2.0,20,0,0.9817073170731707,0.9801151761517615,1.0,140.0,1.4666666666666666,0.1,53.477722993014204,0.03177083333333333,0.9850441876274643,48,2.3961657526822493,0.06665544916145762,1.7961657526822492,1.8171552388459888,1.0,C,0.0012783205737491698
hall,C,60,800,0.02,0.05,0.0,,15,0.3,0.2,2.0,20,0,0.9939024390243902,0.9966124661246611,1.0,140.0,1.4666666666666666,0.3333333333333333,60.16401987046299,0.033229166666666664,,60,2.1436562091599134,0.06736143878286614,1.5436562091599129,1.551659529470168,1.0,C,0.0014496703124996203
hall,C,60,800,0.02,0.05,0.0,,16,0.3,0.2,2.0,20,0,0.991869918699187,0.9970867208672086,1.0,140.0,1.1666666666666667,0.45,61.062756368804834,0.025104166666666667,,60,2.186149735466183,0.06562929158760843,1.586149735466183,1.5638596654993928,1.0,C,0.0013948212500008595
hall,C,60,800,0.02,0.05,0.2,,16,0.3,0.2,2.0,20,0,0.9796747967479674,0.9793360433604335,1.0,140.0,1.1666666666666667,0.25,54.22923882097821,0.023520833333333335,0.983004758667573,48,2.3344729345188733,0.08341812326418416,1.7344729345188732,1.7333984305845993,1.0,C,0.0012765192187498542
hall,C,60,800,0.02,0.05,0.0,,17,0.3,0.2,2.0,20,0,0.9966124661246613,0.996510840108401,1.0,140.0,1.25,0.4666666666666667,60.52006215689371,0.03266666666666666,,60,2.146539659947672,0.1050326775671934,1.5465396599476722,1.5733223451752276,1.0,C,0.001413821823748549
hall,C,60,800,0.02,0.05,0.2,,17,0.3,0.2,2.0,20,0,0.9850948509485095,0.9800135501355014,1.0,140.0,1.25,0.3,54.658421130910234,0.031229166666666665,0.9871011541072641,50,2.348180919252619,0.0797942708650833,1.7481809192526196,1.7548248956229702,1.0,C,0.0013239710937500604
hall,C,60,800,0.02,0.05,0.0,,18,0.3,0.2,2.0,20,0,0.9993224932249323,0.997018970189702,1.0,140.0,1.3666666666666667,0.4,61.01514311608995,0.030083333333333333,,60,2.157183100900462,0.0929405460266183,1.5571831009004624,1.554849530053903,1.0,C,0.001475479011251082
hall,C,60,800,0.02,0.05,0.2,,18,0.3,0.2,2.0,20,0,0.9525745257452575,0.9538956639566397,1.0,140.0,1.3666666666666667,0.2,50.69275819423026,0.028916666666666667,0.9538670284938942,41,2.609677332740571,0.08337150664549318,2.0096773327405706,1.9839712584495555,1.0,C,0.0012784270837482836
hall,C,60,800,0.02,0.05,0.0,,19,0.3,0.2,2.0,20,0,0.9966124661246613,0.9977642276422765,1.0,140.0,1.3333333333333333,0.3333333333333333,60.500205921194784,0.0325,,60,2.104785565601203,0.10262014530754184,1.5047855656012026,1.4801817848510526,1.0,C,0.00146771671875058
hall,C,60,800,0.02,0.05,0.2,,19,0.3,0.2,2.0,20,0,0.9681571815718157,0.9788279132791329,1.0,140.0,1.3333333333333333,0.13333333333333333,52.98472547620115,0.0311875,0.9714479945615228,47,2.334895627636053,0.08284277758815757,1.734895627636053,1.7446568786731564,1.0,C,0.0013561239062505593
hall,C,60,800,0.02,0.05,0.2,,20,0.3,0.2,2.0,20,0,0.9817073170731707,0.9869241192411922,1.0,140.0,1.25,0.3333333333333333,55.18237881911834,0.028833333333333332,0.984375,51,2.3059254549470993,0.0704426131718554,1.7059254549470988,1.7239984227034104,1.0,C,0.001369143593751687
hall,C,60,800,0.02,0.05,0.0,,20,0.3,0.2,2.0,20,0,0.9932249322493225,0.9955962059620594,1.0,140.0,1.25,0.5166666666666667,60.292100988672395,0.030416666666666668,,60,2.1477917777295237,0.09633434614971596,1.5477917777295234,1.5135903857402173,1.0,C,0.0014882477600008314
hall,C,60,800,0.02,0.05,0.0,,21,0.3,0.2,2.0,20,0,0.9925474254742548,0.9967140921409212,1.0,140.0,0.9166666666666666,0.5166666666666667,60.647069694135325,0.030125,,60,2.1473169313142546,0.09918914789566631,1.547316931314254,1.5642057918870131,1.0,C,0.0014734906762510036
hall,C,60,800,0.02,0.05,0.2,,21,0.3,0.2,2.0,20,0,0.9688346883468835,0.9610772357723579,1.0,140.0,0.9166666666666666,0.25,51.509226218221244,0.02808333333333333,0.9734513274336284,43,2.4916419663984293,0.0840589367123596,1.8916419663984292,1.879919419823552,1.0,C,0.001288802394999493
hall,C,60,800,0.02,0.05,0.0,,22,0.3,0.2,2.0,20,0,0.9986449864498645,0.9973915989159892,1.0,140.0,1.05,0.35,61.155071772046725,0.028520833333333332,,60,2.1452011330894436,0.07601384356652076,1.5452011330894435,1.5605502601416754,1.0,C,0.0015373420837499908
hall,C,60,800,0.02,0.05,0.2,,22,0.3,0.2,2.0,20,0,0.9817073170731707,0.9895325203252032,1.0,140.0,1.05,0.25,56.09908328457637,0.027229166666666665,0.9870572207084469,52,2.272017539199349,0.09559688487809581,1.6720175391993488,1.679343552853116,1.0,C,0.001377735364999353
hall,C,60,800,0.02,0.05,0.0,,23,0.3,0.2,2.0,20,0,0.9932249322493225,0.9962059620596205,1.0,120.0,0.9166666666666666,0.4,60.670780146672314,0.021875,,60,2.139220302400126,0.10689087674094812,1.5392203024001259,1.52177009285405,1.0,C,0.0014502953124997475
hall,C,60,800,0.02,0.05,0.2,,23,0.3,0.2,2.0,20,0,0.978319783197832,0.9783197831978319,1.0,120.0,0.9166666666666666,0.15,53.87474931450036,0.020104166666666666,0.9809782608695652,47,2.387485899034697,0.06913356642385758,1.7874858990346971,1.7897673808854155,1.0,C,0.0012962009900002159
hall,C,60,800,0.02,0.05,0.0,,24,0.3,0.2,2.0,20,0,0.9932249322493225,0.995968834688347,1.0,140.0,1.3,0.36666666666666664,60.363835510897516,0.03183333333333333,,60,2.1412357388263334,0.07194179074795462,1.5412357388263336,1.5475899546872227,1.0,C,0.0014530930725004509
hall,C,60,800,0.02,0.05,0.2,,24,0.3,0.2,2.0,20,0,0.975609756097561,0.9733401084010842,1.0,140.0,1.3,0.23333333333333334,53.024392288700234,0.0304375,0.9802586793737237,46,2.408342472005231,0.10692949522743388,1.808342472005231,1.878725870135767,1.0,C,0.0013177675512497445
hall,C,60,800,0.02,0.05,0.0,,25,0.3,0.2,2.0,20,0,0.9925474254742548,0.9954945799457992,1.0,140.0,1.0833333333333333,0.3333333333333333,61.484214878981696,0.028645833333333332,,60,2.181467518834237,0.09436222450352165,1.5814675188342366,1.5855251323290762,1.0,C,0.0014652777600008449
hall,C,60,800,0.02,0.05,0.2,,25,0.3,0.2,2.0,20,0,0.989159891598916,0.9916666666666668,1.0,140.0,1.0833333333333333,0.3333333333333333,58.92433081837856,0.028791666666666667,0.9965870307167236,55,2.215060500542204,0.07026099637279684,1.615060500542204,1.5816735199807481,1.0,C,0.001397034167498532
hall,C,60,800,0.02,0.05,0.0,,26,0.3,0.2,2.0,20,0,0.9979674796747967,0.9966124661246608,1.0,140.0,1.25,0.38333333333333336,60.45516525047831,0.0285,,60,2.096812769763825,0.11759596347143349,1.4968127697638254,1.515825038930262,1.0,C,0.0014384112499988078
hall,C,60,800,0.02,0.05,0.2,,26,0.3,0.2,2.0,20,0,0.9762872628726287,0.9745257452574524,1.0,140.0,1.25,0.18333333333333332,52.83851664180044,0.026333333333333334,0.9769491525423728,46,2.3836185738372744,0.06252821415056709,1.7836185738372747,1.7725567451222872,1.0,C,0.0012718030199994246
hall,C,60,800,0.02,0.05,0.0,,27,0.3,0.2,2.0,20,0,0.994579945799458,0.9971205962059619,1.0,140.0,1.1333333333333333,0.36666666666666664,60.34436753243945,0.025604166666666667,,60,2.1412335860037084,0.10503857016898108,1.5412335860037085,1.6081171954773938,1.0,C,0.0014213583850005308
hall,C,60,800,0.02,0.05,0.2,,27,0.3,0.2,2.0,20,0,0.991869918699187,0.9887533875338754,1.0,140.0,1.1333333333333333,0.2,56.43760758865986,0.024375,0.9932157394843961,52,2.273952306387642,0.07986766274342369,1.6739523063876425,1.7016357052816986,1.0,C,0.0013460062500007552
hall,C,60,800,0.02,0.05,0.0,,28,0.3,0.2,2.0,20,0,0.9993224932249323,0.9959349593495933,1.0,120.0,1.2666666666666666,0.5,60.85715506520772,0.034791666666666665,,60,2.1858985544146035,0.09317259823314845,1.585898554414603,1.588114850781256,1.0,C,0.0014118709900003523
hall,C,60,800,0.02,0.05,0.2,,28,0.3,0.2,2.0,20,0,0.9695121951219512,0.9676829268292684,1.0,120.0,1.2666666666666666,0.3333333333333333,52.33778793433678,0.033375,0.9721467391304348,44,2.425906329128508,0.0784295605305737,1.825906329128508,1.8203916620598524,1.0,C,0.001237621144998684
hall,C,60,800,0.02,0.05,0.0,,29,0.3,0.2,2.0,20,0,0.9952574525745257,0.9971544715447151,1.0,120.0,0.9333333333333333,0.4166666666666667,61.42144023560095,0.02475,,60,2.1404503249281746,0.08578865235100012,1.5404503249281745,1.5714718589952912,1.0,C,0.001410952135001935
hall,C,60,800,0.02,0.05,0.2,,29,0.3,0.2,2.0,20,0,0.9722222222222222,0.97510162601626,1.0,120.0,0.9333333333333333,0.2833333333333333,53.36519672494561,0.023354166666666665,0.9788540245566166,46,2.43583299224728,0.06717497766353264,1.83583299224728,1.8525431888181476,1.0,C,0.0012641972387496024
mine,C,60,800,0.02,0.05,0.2,,0,0.3,0.2,2.0,20,0,1.0,1.0,1.0,160.0,1.1666666666666667,0.26666666666666666,33.14926924949129,0.0698125,1.0,44,1.73542474780226,0.17459890875885137,1.13542474780226,1.2431812487051923,1.0,C,0.0012859567187501852
mine,C,60,800,0.02,0.05,0.0,,0,0.3,0.2,2.0,20,0,1.0,1.0,1.0,160.0,1.2,0.3333333333333333,32.4890215116707,0.07391666666666667,,60,1.3858856218739903,0.24082737681008298,0.7858856218739908,0.75788821021398,1.0,C,0.0015003513537499202
mine,C,60,800,0.02,0.05,0.2,,1,0.3,0.2,2.0,20,0,1.0,1.0,1.0,200.0,0.9333333333333333,0.2,31.94382881748021,0.058354166666666665,1.0,41,1.8305888924119675,0.20246439624582396,1.2305888924119674,1.1835200794660223,1.0,C,0.0012849135937494794
mine,C,60,800,0.02,0.05,0.0,,1,0.3,0.2,2.0,20,0,1.0,1.0,1.0,200.0,0.9666666666666667,0.16666666666666666,31.246693613126578,0.067,,60,1.3498519533640527,0.3055694638126899,0.7498519533640532,0.7955788906761677,1.0,C,0.0015187200512491472
mine,C,60,800,0.02,0.05,0.2,,2,0.3,0.2,2.0,20,0,1.0,0.9982328482328482,1.0,160.0,1.2333333333333334,0.1,31.791080920752794,0.069375,1.0,48,1.5982424490975264,0.20816905301861405,0.9982424490975266,1.0292890492531368,1.0,C,0.00137272937500029
mine,C,60,800,0.02,0.05,0.0,,2,0.3,0.2,2.0,20,0,1.0,1.0,1.0,160.0,1.3,0.11666666666666667,31.99615742672366,0.0800625,,60,1.3100569524669976,0.25988360866093263,0.7100569524669976,0.729509166386893,1.0,C,0.0015753620312489148
mine,C,60,800,0.02,0.05,0.0,,3,0.3,0.2,2.0,20,0,1.0,1.0,1.0,160.0,1.0833333333333333,0.15,31.164944762093626,0.06447916666666667,,60,1.3195083203529583,0.23651028394720086,0.7195083203529584,0.714702631729394,1.0,C,0.001499645625001449
mine,C,60,800,0.02,0.05,0.2,,3,0.3,0.2,2.0,20,0,1.0,1.0,1.0,160.0,1.0833333333333333,0.2,32.49356437257311,0.0605625,1.0,44,1.6948500221291043,0.16877580874867734,1.0948500221291046,1.0965472559117708,1.0,C,0.0012991203124988716
mine,C,60,800,0.02,0.05,0.2,,4,0.3,0.2,2.0,20,0,1.0,0.9993762993762993,1.0,180.0,0.65,0.06666666666666667,30.576873096521904,0.06770833333333333,1.0,38,1.8740572704389804,0.17541006729231848,1.2740572704389803,1.309839756618125,1.0,C,0.0012688845312504781
mine,C,60,800,0.02,0.05,0.0,,4,0.3,0.2,2.0,20,0,1.0,1.0,1.0,180.0,0.7,0.15,31.189259743287906,0.07747916666666667,,60,1.3305358337344397,0.24912700239429592,0.7305358337344395,0.7442282621674532,1.0,C,0.0015909379162485492
mine,C,60,800,0.02,0.05,0.0,,5,0.3,0.2,2.0,20,0,1.0,1.0,1.0,180.0,0.9666666666666667,0.31666666666666665,30.729542878459323,0.07372916666666667,,60,1.3496449327566082,0.26628375907469914,0.7496449327566082,0.7732657890507147,1.0,C,0.001537370833748355
mine,C,60,800,0.02,0.05,0.2,,5,0.3,0.2,2.0,20,0,1.0,0.9976091476091475,1.0,180.0,0.8833333333333333,0.2833333333333333,31.99241171930082,0.065625,1.0,43,1.6660855475543492,0.2172125062471174,1.0660855475543498,1.0615456119598359,1.0,C,0.0013154765625017716
mine,C,60,800,0.02,0.05,0.0,,6,0.3,0.2,2.0,20,0,1.0,1.0,1.0,180.0,1.1666666666666667,0.16666666666666666,30.89519834148316,0.059958333333333336,,60,1.3486440938245348,0.27895235818943626,0.748644093824535,0.7753879280407089,1.0,C,0.0014728716137506126
mine,C,60,800,0.02,0.05,0.2,,6,0.3,0.2,2.0,20,0,1.0,1.0,1.0,180.0,1.15,0.25,32.10617530963117,0.06091666666666667,1.0,50,1.542690256578593,0.21232551095788807,0.9426902565785927,0.9776737699738351,1.0,C,0.0013599866150002526
mine,C,60,800,0.02,0.05,0.2,,7,0.3,0.2,2.0,20,0,1.0,1.0,1.0,180.0,1.15,0.11666666666666667,33.28183373787621,0.06645833333333333,1.0,45,1.6787205044418714,0.16977279053071065,1.078720504441871,1.2024065184878343,1.0,C,0.0012841088012510227
mine,C,60,800,0.02,0.05,0.0,,7,0.3,0.2,2.0,20,0,1.0,1.0,1.0,180.0,1.1833333333333333,0.15,31.493165054116997,0.0748125,,60,1.3360354794319735,0.2535390148220278,0.7360354794319737,0.739803849746493,1.0,C,0.0014917845312493226
mine,C,60,800,0.02,0.05,0.0,,8,0.3,0.2,2.0,20,0,1.0,1.0,1.0,180.0,1.3166666666666667,0.16666666666666666,31.802338219467345,0.07529166666666667,,60,1.3203825709919257,0.27371303770976846,0.7203825709919257,0.782046311467497,1.0,C,0.0015094665624997105
mine,C,60,800,0.02,0.05,0.2,,8,0.3,0.2,2.0,20,0,1.0,1.0,1.0,180.0,1.2333333333333334,0.23333333333333334,32.11213056984689,0.074625,1.0,50,1.5183186956774402,0.2360903505880707,0.9183186956774404,0.997975876748766,1.0,C,0.0013984802599998148
mine,C,60,800,0.02,0.05,0.0,,9,0.3,0.2,2.0,20,0,1.0,1.0,1.0,160.0,1.35,0.15,32.572764168438745,0.090875,,60,1.336564246776805,0.2636026961733568,0.7365642467768048,0.7360755055371523,1.0,C,0.0015115357812487673
mine,C,60,800,0.02,0.05,0.2,,9,0.3,0.2,2.0,20,0,1.0,1.0,1.0,160.0,1.3833333333333333,0.16666666666666666,32.83990370155274,0.08095833333333333,1.0,49,1.5294660254920964,0.2122517279114305,0.9294660254920967,0.9070031575967993,1.0,C,0.0013840394275007385
mine,C,60,800,0.02,0.05,0.0,,10,0.3,0.2,2.0,20,0,1.0,1.0,1.0,160.0,1.2333333333333334,0.2,31.961374968138266,0.07733333333333334,,60,1.3473673734362568,0.23863471703087008,0.7473673734362564,0.7796664476023115,1.0,C,0.0015113814062510755
mine,C,60,800,0.02,0.05,0.2,,10,0.3,0.2,2.0,20,0,1.0,1.0,1.0,160.0,1.2,0.2833333333333333,32.995722553141675,0.07229166666666667,1.0,48,1.5892696208123038,0.18488571615652807,0.9892696208123039,0.9795006355400605,1.0,C,0.0013361408337505055
mine,C,60,800,0.02,0.05,0.2,,11,0.3,0.2,2.0,20,0,1.0,0.9995841995841996,1.0,160.0,0.9666666666666667,0.21666666666666667,31.90915572912311,0.063625,1.0,50,1.5082572252509023,0.2651775344536108,0.9082572252509025,0.9115190154939191,1.0,C,0.0013476514575017974
mine,C,60,800,0.02,0.05,0.0,,11,0.3,0.2,2.0,20,0,1.0,1.0,1.0,160.0,1.0166666666666666,0.26666666666666666,32.008820399839884,0.07095833333333333,,60,1.3404177121087948,0.24675544216831405,0.7404177121087944,0.708102291007934,1.0,C,0.001513119270000516
mine,C,60,800,0.02,0.05,0.0,,12,0.3,0.2,2.0,20,0,1.0,1.0,1.0,160.0,1.5,0.2,30.661620674660114,0.074875,,60,1.369316388109062,0.2902470076968973,0.7693163881090622,0.812762532482336,1.0,C,0.00153290619749896
mine,C,60,800,0.02,0.05,0.2,,12,0.3,0.2,2.0,20,0,1.0,1.0,1.0,160.0,1.4166666666666667,0.16666666666666666,31.258584709777224,0.068,1.0,47,1.608583965559906,0.2496293187813415,1.0085839655599063,1.0953896976104036,1.0,C,0.0013859815625005467
mine,C,60,800,0.02,0.05,0.0,,13,0.3,0.2,2.0,20,0,1.0,1.0,1.0,180.0,1.3166666666666667,0.16666666666666666,31.2128271721636,0.08516666666666667,,60,1.3111004247466989,0.31614593628448523,0.7111004247466988,0.7578577756890459,1.0,C,0.0015429175524991478
mine,C,60,800,0.02,0.05,0.2,,13,0.3,0.2,2.0,20,0,1.0,1.0,1.0,180.0,1.3666666666666667,0.15,31.626331580471632,0.07429166666666667,1.0,53,1.4646130401696134,0.19921478231498752,0.8646130401696135,0.8823737998542082,1.0,C,0.0014335420825000256
mine,C,60,800,0.02,0.05,0.0,,14,0.3,0.2,2.0,20,0,1.0,1.0,1.0,160.0,1.3,0.25,31.891648034741724,0.07739583333333333,,60,1.3549892867101434,0.23811233493679654,0.7549892867101434,0.7779273304823066,1.0,C,0.0015434567700003754
mine,C,60,800,0.02,0.05,0.2,,14,0.3,0.2,2.0,20,0,1.0,1.0,1.0,160.0,1.2333333333333334,0.26666666666666666,33.37750840861918,0.07027083333333334,1.0,43,1.7427249070763298,0.14217011026481233,1.1427249070763297,1.1613138408650165,1.0,C,0.001417247239999142
mine,C,60,800,0.02,0.05,0.0,,15,0.3,0.2,2.0,20,0,1.0,1.0,1.0,160.0,1.0833333333333333,0.2,31.708659383806136,0.08077083333333333,,60,1.3342810998305323,0.2872617419297759,0.734281099830532,0.7648184964716636,1.0,C,0.0015058756775010807
mine,C,60,800,0.02,0.05,0.2,,15,0.3,0.2,2.0,20,0,1.0,0.9995841995841996,1.0,160.0,1.0166666666666666,0.26666666666666666,31.502134879193225,0.07041666666666667,1.0,45,1.6283745213742413,0.19269995246221436,1.0283745213742415,1.0796084610720489,1.0,C,0.001324078437501157
mine,C,60,800,0.02,0.05,0.2,,16,0.3,0.2,2.0,20,0,1.0,0.9962577962577963,1.0,160.0,0.65,0.21666666666666667,31.021937082173284,0.07072916666666666,1.0,47,1.6158092325298221,0.20116733431372558,1.0158092325298218,0.9541240392532288,1.0,C,0.001348458490001576
mine,C,60,800,0.02,0.05,0.0,,16,0.3,0.2,2.0,20,0,1.0,1.0,1.0,160.0,0.6833333333333333,0.26666666666666666,31.27523840876567,0.08295833333333333,,60,1.3369355096308106,0.28506628067938405,0.7369355096308107,0.7615905221904035,1.0,C,0.0015533708337511598
mine,C,60,800,0.02,0.05,0.0,,17,0.3,0.2,2.0,20,0,1.0,1.0,1.0,160.0,1.3333333333333333,0.13333333333333333,31.790741034276355,0.07141666666666667,,60,1.3511129847945968,0.24151114116056963,0.7511129847945971,0.7683704284750131,1.0,C,0.0015106222912504564
mine,C,60,800,0.02,0.05,0.2,,17,0.3,0.2,2.0,20,0,1.0,1.0,1.0,160.0,1.3,0.13333333333333333,32.38731199665589,0.06683333333333333,1.0,49,1.5924189109380618,0.22690980931696708,0.9924189109380619,1.066344928054571,1.0,C,0.001365587812499598
mine,C,60,800,0.02,0.05,0.0,,18,0.3,0.2,2.0,20,0,1.0,1.0,1.0,180.0,0.8666666666666667,0.11666666666666667,31.342965309304205,0.06939583333333334,,60,1.3719147152835862,0.2843445358599233,0.7719147152835866,0.7969917123050129,1.0,C,0.0014943358849996001
mine,C,60,800,0.02,0.05,0.2,,18,0.3,0.2,2.0,20,0,1.0,1.0,1.0,180.0,0.85,0.15,32.19015237304529,0.06245833333333333,1.0,50,1.515753537760078,0.1869087218111476,0.9157535377600781,0.9523507204783522,1.0,C,0.00135735838500068
mine,C,60,800,0.02,0.05,0.2,,19,0.3,0.2,2.0,20,0,1.0,1.0,1.0,160.0,1.3333333333333333,0.2,31.813280205548043,0.0718125,1.0,51,1.5180867541910237,0.24391360452383418,0.9180867541910236,0.9343992044355295,1.0,C,0.0013812085412519082
mine,C,60,800,0.02,0.05,0.0,,19,0.3,0.2,2.0,20,0,1.0,1.0,1.0,160.0,1.3333333333333333,0.21666666666666667,31.75583010305661,0.07791666666666666,,60,1.3188533007271201,0.2774175057129986,0.7188533007271205,0.7625235015595867,1.0,C,0.001494333542500499
mine,C,60,800,0.02,0.05,0.0,,20,0.3,0.2,2.0,20,0,1.0,1.0,1.0,160.0,1.0833333333333333,0.13333333333333333,31.00625726848487,0.06275,,60,1.3525511955417444,0.26116254419578167,0.7525511955417448,0.8138335573416683,1.0,C,0.0014954566662481739
mine,C,60,800,0.02,0.05,0.2,,20,0.3,0.2,2.0,20,0,1.0,1.0,1.0,160.0,1.0333333333333334,0.13333333333333333,31.43177813094758,0.057604166666666665,1.0,51,1.5054872437485174,0.21409533467093791,0.905487243748517,0.9114804857801536,1.0,C,0.0013438308850004432
mine,C,60,800,0.02,0.05,0.0,,21,0.3,0.2,2.0,20,0,1.0,1.0,1.0,160.0,1.1166666666666667,0.13333333333333333,31.172577131090502,0.0666875,,60,1.3123103471427582,0.2703482967777193,0.7123103471427582,0.715479894664094,1.0,C,0.0014675141662496571
mine,C,60,800,0.02,0.05,0.2,,21,0.3,0.2,2.0,20,0,1.0,0.9990644490644491,1.0,160.0,1.1,0.2,31.647121883200853,0.0675,1.0,49,1.6118165454660824,0.20655172399490762,1.0118165454660826,1.004658961160894,1.0,C,0.0013688268237501688
mine,C,60,800,0.02,0.05,0.0,,22,0.3,0.2,2.0,20,0,1.0,1.0,1.0,180.0,1.2333333333333334,0.06666666666666667,30.746737281659577,0.07291666666666667,,60,1.287529872019528,0.3038321889857979,0.6875298720195281,0.7818491303949628,0.9666666666666667,C,0.001529920312498234
mine,C,60,800,0.02,0.05,0.2,,22,0.3,0.2,2.0,20,0,1.0,0.986070686070686,1.0,180.0,1.25,0.13333333333333333,30.350392698416776,0.0716875,1.0,51,1.5047092534339817,0.2522068641440069,0.9047092534339817,0.8650482902945721,1.0,C,0.001419624427499002
mine,C,60,800,0.02,0.05,0.0,,23,0.3,0.2,2.0,20,0,1.0,1.0,1.0,160.0,0.8666666666666667,0.18333333333333332,32.00601831664724,0.072125,,60,1.3550741328509264,0.24334763399420276,0.7550741328509268,0.8295079299212674,1.0,C,0.0014781932812502419
mine,C,60,800,0.02,0.05,0.2,,23,0.3,0.2,2.0,20,0,1.0,1.0,1.0,160.0,0.8666666666666667,0.21666666666666667,32.13550516202103,0.06427083333333333,1.0,50,1.4965329340626192,0.22990426823757806,0.8965329340626192,0.8873933450332572,1.0,C,0.0013457798950003053
mine,C,60,800,0.02,0.05,0.0,,24,0.3,0.2,2.0,20,0,1.0,1.0,1.0,160.0,0.95,0.23333333333333334,31.799515663629606,0.07560416666666667,,60,1.323924972440948,0.3230602269751871,0.7239249724409481,0.7002503436544291,0.9666666666666667,C,0.0015545767187495586
mine,C,60,800,0.02,0.05,0.2,,24,0.3,0.2,2.0,20,0,1.0,1.0,1.0,160.0,0.9333333333333333,0.2,31.26653685342278,0.06560416666666667,1.0,53,1.496462693962851,0.2559302515668514,0.8964626939628507,0.8879427496845306,1.0,C,0.001420577031249195
mine,C,60,800,0.02,0.05,0.2,,25,0.3,0.2,2.0,20,0,1.0,1.0,1.0,160.0,1.2833333333333334,0.15,30.33993575701545,0.07329166666666667,1.0,36,1.9324627469701103,0.22709783675216436,1.3324627469701105,1.2470975174871233,1.0,C,0.001264135468748009
mine,C,60,800,0.02,0.05,0.0,,25,0.3,0.2,2.0,20,0,1.0,1.0,1.0,160.0,1.3333333333333333,0.2,31.89754418182756,0.08245833333333333,,60,1.3460735750935195,0.22676465500708412,0.7460735750935196,0.7941950513121535,1.0,C,0.001550197499998376
mine,C,60,800,0.02,0.05,0.0,,26,0.3,0.2,2.0,20,0,1.0,1.0,1.0,180.0,1.05,0.13333333333333333,31.765233220685317,0.0909375,,60,1.357286756727322,0.286400637371184,0.757286756727322,0.7905126945120066,0.9666666666666667,C,0.0015702275000012379
mine,C,60,800,0.02,0.05,0.2,,26,0.3,0.2,2.0,20,0,1.0,1.0,1.0,180.0,1.05,0.1,31.380254740397167,0.08185416666666667,1.0,49,1.483995188831901,0.250187543637761,0.8839951888319011,0.8815897015468984,1.0,C,0.0014238101050000297
mine,C,60,800,0.02,0.05,0.0,,27,0.3,0.2,2.0,20,0,1.0,1.0,1.0,160.0,1.45,0.16666666666666666,32.76718980501429,0.09733333333333333,,60,1.3136822837278013,0.29558407902857553,0.7136822837278012,0.7200620762486524,0.9666666666666667,C,0.0015266910937498323
mine,C,60,800,0.02,0.05,0.2,,27,0.3,0.2,2.0,20,0,1.0,0.9996881496881496,1.0,160.0,1.3333333333333333,0.15,32.17567985484647,0.07802083333333333,1.0,42,1.7743059197978248,0.12155144710815506,1.1743059197978245,1.1501646419004148,1.0,C,0.0013263547399992603
mine,C,60,800,0.02,0.05,0.0,,28,0.3,0.2,2.0,20,0,1.0,1.0,1.0,180.0,1.3666666666666667,0.13333333333333333,30.529299461869904,0.08091666666666666,,60,1.3691487776201172,0.25336976405396017,0.7691487776201171,0.7358903786026615,1.0,C,0.001537703750000219
mine,C,60,800,0.02,0.05,0.2,,28,0.3,0.2,2.0,20,0,1.0,0.9678794178794179,1.0,180.0,1.3333333333333333,0.11666666666666667,30.700680389637164,0.07575,1.0,42,1.7777564908682781,0.1749314004557143,1.177756490868278,1.1490773952645534,1.0,C,0.0013211929162503112
mine,C,60,800,0.02,0.05,0.2,,29,0.3,0.2,2.0,20,0,1.0,1.0,1.0,160.0,1.0,0.13333333333333333,31.137463802426534,0.055375,1.0,49,1.554218067557516,0.2143494037083684,0.9542180675575157,0.9161460249693926,1.0,C,0.0013341028125000776
mine,C,60,800,0.02,0.05,0.0,,29,0.3,0.2,2.0,20,0,1.0,1.0,1.0,160.0,1.0166666666666666,0.15,30.855451513479146,0.0586875,,60,1.3438163563043652,0.24643373818124314,0.7438163563043655,0.7756156318919795,1.0,C,0.001464172968751427
apartment,C,60,800,0.02,0.05,0.0,,0,0.3,0.2,2.0,20,0,0.9765625,0.9643880208333332,0.9934895833333334,360.0,0.9166666666666666,0.4166666666666667,57.93678780090901,0.03285416666666666,,60,2.097415568949155,0.14502318524445498,1.4974155689491555,1.4715841083665382,1.0,C,0.0014359442187515015
apartment,C,60,800,0.02,0.05,0.2,,0,0.3,0.2,2.0,20,0,0.9388020833333334,0.91298828125,0.98828125,240.0,0.9166666666666666,0.21666666666666667,50.223631366396354,0.03145833333333333,1.0248756218905473,45,2.375747685145236,0.07819512656614241,1.7757476851452363,1.813692793777323,1.0,C,0.0012554696350002815
apartment,C,60,800,0.02,0.05,0.0,,1,0.3,0.2,2.0,20,0,0.9798177083333334,0.9538411458333332,0.9928385416666666,340.0,1.25,0.48333333333333334,57.602219753945214,0.03970833333333333,,60,2.1140874312929925,0.10070138193217852,1.5140874312929924,1.5263276051227974,1.0,C,0.0014337115100011033
apartment,C,60,800,0.02,0.05,0.2,,1,0.3,0.2,2.0,20,0,0.9375,0.9113932291666668,0.984375,220.0,1.25,0.38333333333333336,51.96223543218742,0.03841666666666667,1.023454157782516,48,2.2748335476415793,0.11242188514150823,1.6748335476415794,1.6827931783907961,1.0,C,0.0013283255212490986
apartment,C,60,800,0.02,0.05,0.0,,2,0.3,0.2,2.0,20,0,0.9759114583333334,0.9590169270833334,0.994140625,320.0,0.8833333333333333,0.4666666666666667,57.68660599602834,0.03152083333333333,,60,2.1571520438867116,0.10988438691054585,1.557152043886712,1.5848697149443,1.0,C,0.0014246038024998597
apartment,C,60,800,0.02,0.05,0.2,,2,0.3,0.2,2.0,20,0,0.9049479166666666,0.8788736979166666,0.9661458333333334,220.0,0.8833333333333333,0.31666666666666665,50.94436248957991,0.030458333333333334,1.003610108303249,46,2.3363807492834927,0.08747239949187341,1.736380749283493,1.6994763557098396,1.0,C,0.0012616173962510403
apartment,C,60,800,0.02,0.05,0.0,,3,0.3,0.2,2.0,20,0,0.9817708333333334,0.9631184895833333,0.9967447916666666,360.0,1.0,0.4166666666666667,57.97980012270998,0.037083333333333336,,60,2.1172074522299518,0.13212870376536373,1.5172074522299517,1.5287513927215866,1.0,C,0.001395455312501781
apartment,C,60,800,0.02,0.05,0.2,,3,0.3,0.2,2.0,20,0,0.9134114583333334,0.8947265624999998,0.9759114583333334,240.0,1.0,0.26666666666666666,49.859491194953016,0.03575,1.000713266761769,45,2.3551215963410095,0.09676902038290376,1.7551215963410098,1.6842254084076465,1.0,C,0.0012803999474999728
apartment,C,60,800,0.02,0.05,0.0,,4,0.3,0.2,2.0,20,0,0.9791666666666666,0.9608072916666666,0.9934895833333334,340.0,1.1333333333333333,0.4,58.074002681790844,0.036645833333333336,,60,2.1265974926746978,0.09641975187736496,1.5265974926746977,1.539734273197598,1.0,C,0.0013952543749996948
apartment,C,60,800,0.02,0.05,0.2,,4,0.3,0.2,2.0,20,0,0.9147135416666666,0.9103515625000002,0.982421875,220.0,1.1333333333333333,0.2833333333333333,51.706882975743675,0.035083333333333334,0.9957476966690291,48,2.2637603616951076,0.11119796497924797,1.6637603616951075,1.674954623411732,1.0,C,0.001263821718748659
apartment,C,60,800,0.02,0.05,0.0,,5,0.3,0.2,2.0,20,0,0.9798177083333334,0.9620442708333332,0.994140625,360.0,1.2,0.5,58.2103143130648,0.04035416666666667,,60,2.14771325378579,0.127511098282785,1.5477132537857903,1.547692813186556,1.0,C,0.0014312996349985952
apartment,C,60,800,0.02,0.05,0.2,,5,0.3,0.2,2.0,20,0,0.9309895833333334,0.9184244791666666,0.9889322916666666,200.0,1.2,0.45,53.76153102529149,0.0398125,1.0332369942196533,51,2.2125143355454373,0.10683549349773855,1.6125143355454372,1.5995107913409434,1.0,C,0.0013229115624994847
apartment,C,60,800,0.02,0.05,0.0,,6,0.3,0.2,2.0,20,0,0.982421875,0.9578450520833333,0.99609375,380.0,1.0666666666666667,0.38333333333333336,56.83048573736087,0.04060416666666666,,60,2.1176957143974713,0.14127345678966136,1.5176957143974716,1.5711408959050726,1.0,C,0.0014423692187506276
apartment,C,60,800,0.02,0.05,0.2,,6,0.3,0.2,2.0,20,0,0.9342447916666666,0.9165039062500002,0.9817708333333334,220.0,1.0666666666666667,0.2833333333333333,50.952522743804664,0.03947916666666667,1.039855072463768,48,2.313187556243113,0.11968944512662517,1.7131875562431134,1.7817819341706334,1.0,C,0.0013473181762515196
apartment,C,60,800,0.02,0.05,0.0,,7,0.3,0.2,2.0,20,0,0.9694010416666666,0.9557291666666667,0.9934895833333334,320.0,1.0,0.38333333333333336,57.46216272934881,0.0369375,,60,2.1625273746285805,0.11005893808380364,1.56252737462858,1.5427845097354158,1.0,C,0.001437599583748579
apartment,C,60,800,0.02,0.05,0.2,,7,0.3,0.2,2.0,20,0,0.9407552083333334,0.9128580729166667,0.9856770833333334,240.0,1.0,0.23333333333333334,52.27994978890508,0.035479166666666666,1.0240963855421688,49,2.25686749010634,0.11123149583119193,1.65686749010634,1.6153929082739316,1.0,C,0.0013092364062504203
apartment,C,60,800,0.02,0.05,0.0,,8,0.3,0.2,2.0,20,0,0.974609375,0.9423828124999998,0.9915364583333334,340.0,1.2166666666666666,0.45,57.41051015652889,0.0391875,,60,2.148276396375267,0.11363867277008906,1.5482763963752673,1.5835590148319594,1.0,C,0.001455189167500066
apartment,C,60,800,0.02,0.05,0.2,,8,0.3,0.2,2.0,20,0,0.8834635416666666,0.8588216145833334,0.9518229166666666,200.0,1.2166666666666666,0.21666666666666667,48.59580229560882,0.037125,0.9804913294797688,42,2.426967951745859,0.0866085914993213,1.8269679517458584,1.9121529241043937,1.0,C,0.0012713385412507704
apartment,C,60,800,0.02,0.05,0.0,,9,0.3,0.2,2.0,20,0,0.984375,0.9557291666666666,0.9947916666666666,400.0,0.9833333333333333,0.4666666666666667,57.719181898637665,0.037375,,60,2.132717527152333,0.12236396327128879,1.5327175271523332,1.5594453943239635,1.0,C,0.0014344150524993892
apartment,C,60,800,0.02,0.05,0.2,,9,0.3,0.2,2.0,20,0,0.8951822916666666,0.8784830729166668,0.97265625,200.0,0.9833333333333333,0.2833333333333333,49.186000338573315,0.035645833333333335,0.9970993473531544,44,2.3347185855571713,0.14327272466259633,1.7347185855571714,1.690007872781913,1.0,C,0.0013776761974986585
apartment,C,60,800,0.02,0.05,0.0,,10,0.3,0.2,2.0,20,0,0.9537760416666666,0.9588216145833333,0.9947916666666666,340.0,1.15,0.55,58.52018279115735,0.035916666666666666,,60,2.0685233734486883,0.13023376382380672,1.468523373448688,1.4587877762202566,1.0,C,0.0014102828637487619
apartment,C,60,800,0.02,0.05,0.2,,10,0.3,0.2,2.0,20,0,0.935546875,0.9203776041666666,0.9856770833333334,220.0,1.15,0.5333333333333333,53.04932929593163,0.035604166666666666,1.0055983205038488,50,2.2631922321554954,0.10728535841315859,1.6631922321554953,1.6413043176838698,1.0,C,0.0013353959899995971
apartment,C,60,800,0.02,0.05,0.0,,11,0.3,0.2,2.0,20,0,0.9765625,0.9545247395833332,0.9915364583333334,380.0,0.9166666666666666,0.5833333333333334,57.85964936295449,0.033979166666666664,,60,2.134792731949089,0.11889269193943869,1.5347927319490888,1.5346873466414146,1.0,C,0.00141401281249955
apartment,C,60,800,0.02,0.05,0.2,,11,0.3,0.2,2.0,20,0,0.9485677083333334,0.9116861979166666,0.98828125,200.0,0.9166666666666666,0.5166666666666667,53.28952157410815,0.033625,1.0436962750716334,51,2.31786889462621,0.09316709585212939,1.71786889462621,1.704195581708273,1.0,C,0.0013488746875009382
apartment,C,60,800,0.02,0.05,0.0,,12,0.3,0.2,2.0,20,0,0.98046875,0.9521484375,0.9934895833333334,340.0,1.25,0.38333333333333336,57.937785293182706,0.036208333333333335,,60,2.1964968403536016,0.08870728545478371,1.5964968403536017,1.6067900707935223,1.0,C,0.0014219991137497346
apartment,C,60,800,0.02,0.05,0.2,,12,0.3,0.2,2.0,20,0,0.85546875,0.8534830729166666,0.96875,240.0,1.25,0.23333333333333334,46.995266197621156,0.034479166666666665,0.9392423159399571,40,2.394628011663992,0.1344617535542641,1.7946280116639919,1.7939885702943927,1.0,C,0.0012170090112499565
apartment,C,60,800,0.02,0.05,0.0,,13,0.3,0.2,2.0,20,0,0.9817708333333334,0.9545572916666668,0.9921875,360.0,1.1333333333333333,0.3333333333333333,57.771331671606134,0.0420625,,60,2.12046771476953,0.1331202793701985,1.5204677147695302,1.5244939687794137,1.0,C,0.0014173688537516681
apartment,C,60,800,0.02,0.05,0.2,,13,0.3,0.2,2.0,20,0,0.9309895833333334,0.9109374999999998,0.9850260416666666,200.0,1.1333333333333333,0.18333333333333332,50.75563126957159,0.04075,1.0377358490566038,47,2.339542427775333,0.11260955179361738,1.7395424277753335,1.771295077252904,1.0,C,0.0012869897399991714
apartment,C,60,800,0.02,0.05,0.0,,14,0.3,0.2,2.0,20,0,0.9811197916666666,0.9569661458333336,0.9934895833333334,380.0,1.0166666666666666,0.25,58.110041559391675,0.034916666666666665,,60,2.173490385297343,0.08125495068968486,1.573490385297343,1.55680868490146,1.0,C,0.0014032885937490392
apartment,C,60,800,0.02,0.05,0.2,,14,0.3,0.2,2.0,20,0,0.9290364583333334,0.9053385416666666,0.9765625,220.0,1.0166666666666666,0.18333333333333332,52.05858310576678,0.03377083333333333,1.0200142959256613,48,2.358844995975082,0.09986336328457594,1.7588449959750818,1.73905067081962,1.0,C,0.001274809218750761
apartment,C,60,800,0.02,0.05,0.0,,15,0.3,0.2,2.0,20,0,0.9837239583333334,0.94833984375,0.9934895833333334,420.0,0.8166666666666667,0.3,57.45061943211551,0.037333333333333336,,60,2.144553618302586,0.12412297006060004,1.5445536183025863,1.569621365781246,1.0,C,0.0014270066149993
apartment,C,60,800,0.02,0.05,0.2,,15,0.3,0.2,2.0,20,0,0.9114583333333334,0.8897135416666666,0.962890625,200.0,0.8166666666666667,0.2833333333333333,51.274802857122104,0.035979166666666666,1.0294117647058825,48,2.2314599787090335,0.13007800393462216,1.6314599787090334,1.6993834525305287,1.0,C,0.0013090397912492336
apartment,C,60,800,0.02,0.05,0.2,,16,0.3,0.2,2.0,20,0,0.9290364583333334,0.9209309895833332,0.9876302083333334,240.0,1.1666666666666667,0.4,52.228129105864646,0.0349375,1.0142146410803128,48,2.322942818755043,0.09782518565511304,1.7229428187550428,1.7289081680855116,1.0,C,0.0012995753637505914
apartment,C,60,800,0.02,0.05,0.0,,16,0.3,0.2,2.0,20,0,0.978515625,0.9589843749999998,0.9947916666666666,320.0,1.1666666666666667,0.48333333333333334,58.08188637173465,0.035958333333333335,,60,2.1682172651190306,0.12936505481271154,1.5682172651190305,1.5486441166357772,1.0,C,0.001434217031251137
apartment,C,60,800,0.02,0.05,0.0,,17,0.3,0.2,2.0,20,0,0.982421875,0.9617513020833336,0.9934895833333334,300.0,1.0666666666666667,0.38333333333333336,58.51049722138808,0.0379375,,60,2.1520057528726326,0.10280828192826208,1.5520057528726325,1.5210908027626902,1.0,C,0.0014134071362491341
apartment,C,60,800,0.02,0.05,0.2,,17,0.3,0.2,2.0,20,0,0.9361979166666666,0.9141927083333334,0.9811197916666666,240.0,1.0666666666666667,0.25,51.48483632274594,0.036375,1.004891684136967,46,2.3770806316235435,0.10402502095337438,1.7770806316235437,1.7940092429544017,1.0,C,0.0012667128649991354
apartment,C,60,800,0.02,0.05,0.0,,18,0.3,0.2,2.0,20,0,0.9778645833333334,0.9557291666666667,0.9921875,300.0,1.0666666666666667,0.48333333333333334,58.212357363846486,0.028791666666666667,,60,2.115692384904215,0.09911336588331328,1.515692384904214,1.5355211357205887,1.0,C,0.0014224304175013457
apartment,C,60,800,0.02,0.05,0.2,,18,0.3,0.2,2.0,20,0,0.9498697916666666,0.943359375,0.9889322916666666,220.0,1.0666666666666667,0.5166666666666667,54.97006896653072,0.0283125,1.0376955903271692,54,2.1432953776654036,0.14681615154899463,1.5432953776654033,1.5359304869636743,1.0,C,0.0013546003124997696
apartment,C,60,800,0.02,0.05,0.0,,19,0.3,0.2,2.0,20,0,0.982421875,0.957421875,0.994140625,320.0,1.1666666666666667,0.4166666666666667,57.4073965128672,0.03660416666666667,,60,2.1569244292490555,0.13099268592579755,1.5569244292490558,1.608695685036974,1.0,C,0.0014374164062496675
apartment,C,60,800,0.02,0.05,0.2,,19,0.3,0.2,2.0,20,0,0.9427083333333334,0.9113606770833332,0.9856770833333334,260.0,1.1666666666666667,0.36666666666666664,52.711695150374354,0.0356875,1.0394831299353913,50,2.26055175743826,0.09930195730192565,1.6605517574382602,1.6489573509745146,1.0,C,0.0013585118750006587
apartment,C,60,800,0.02,0.05,0.0,,20,0.3,0.2,2.0,20,0,0.9811197916666666,0.9595052083333334,0.9934895833333334,380.0,1.25,0.48333333333333334,57.1687190042273,0.03716666666666667,,60,2.1622078083496183,0.11803605061604551,1.5622078083496183,1.5878588663211484,1.0,C,0.0014565940100010266
apartment,C,60,800,0.02,0.05,0.2,,20,0.3,0.2,2.0,20,0,0.9153645833333334,0.8923502604166667,0.9791666666666666,240.0,1.25,0.31666666666666665,50.40742896775318,0.035833333333333335,1.0007117437722421,46,2.411331007073061,0.08730669960736537,1.8113310070730606,1.8764619282824113,1.0,C,0.0013091850000000705
apartment,C,60,800,0.02,0.05,0.2,,21,0.3,0.2,2.0,20,0,0.884765625,0.87177734375,0.9720052083333334,200.0,1.1333333333333333,0.26666666666666666,49.19566808100139,0.035333333333333335,0.9862119013062409,43,2.3520637502642816,0.12071069260246364,1.752063750264282,1.7862563284320427,1.0,C,0.0012321264062506998
apartment,C,60,800,0.02,0.05,0.0,,21,0.3,0.2,2.0,20,0,0.978515625,0.9529622395833334,0.994140625,340.0,1.1333333333333333,0.31666666666666665,58.043899878417534,0.036375,,60,2.1400739875306796,0.10957777804023808,1.5400739875306797,1.5352794283618143,1.0,C,0.0014545524475011006
apartment,C,60,800,0.02,0.05,0.0,,22,0.3,0.2,2.0,20,0,0.9733072916666666,0.9483723958333334,0.990234375,380.0,1.0833333333333333,0.3333333333333333,57.82605510465995,0.036333333333333336,,60,2.1002489159623483,0.10847674068698894,1.5002489159623484,1.49107701863641,1.0,C,0.001452019218750138
apartment,C,60,800,0.02,0.05,0.2,,22,0.3,0.2,2.0,20,0,0.9212239583333334,0.912109375,0.9791666666666666,220.0,1.0833333333333333,0.23333333333333334,52.4448999517609,0.035666666666666666,1.0187185025197985,49,2.309285985959481,0.10402600278589627,1.709285985959481,1.7083951948347873,1.0,C,0.0013465063012495194
apartment,C,60,800,0.02,0.05,0.0,,23,0.3,0.2,2.0,20,0,0.9830729166666666,0.9609375000000002,0.994140625,300.0,1.15,0.31666666666666665,58.41452690722529,0.03789583333333333,,60,2.130172355127682,0.11475349900049166,1.5301723551276816,1.5287169754274825,1.0,C,0.001414285989999371
apartment,C,60,800,0.02,0.05,0.2,,23,0.3,0.2,2.0,20,0,0.947265625,0.93505859375,0.9908854166666666,240.0,1.15,0.23333333333333334,54.95953419492705,0.03741666666666667,1.0260930888575457,53,2.1790176670698793,0.1175595290049229,1.5790176670698794,1.6130177682609834,1.0,C,0.0013446773962505177
apartment,C,60,800,0.02,0.05,0.0,,24,0.3,0.2,2.0,20,0,0.9772135416666666,0.9519856770833334,0.9915364583333334,340.0,1.1333333333333333,0.4166666666666667,57.36396427107876,0.0391875,,60,2.152935518348678,0.11281281938051183,1.5529355183486784,1.5241631932363928,1.0,C,0.0014152940099984334
apartment,C,60,800,0.02,0.05,0.2,,24,0.3,0.2,2.0,20,0,0.9329427083333334,0.9193033854166666,0.982421875,220.0,1.1333333333333333,0.4,52.112811358851665,0.03816666666666667,1.0257695060844667,49,2.2673234960835313,0.11707401643534061,1.6673234960835313,1.7493841283906875,1.0,C,0.0013192475525011106
apartment,C,60,800,0.02,0.05,0.2,,25,0.3,0.2,2.0,20,0,0.9342447916666666,0.919921875,0.9876302083333334,220.0,1.15,0.18333333333333332,52.23460490928553,0.0331875,1.0162889518413596,49,2.3068939295977784,0.10162511565783792,1.706893929597778,1.7284970050288595,1.0,C,0.0013112515624993648
apartment,C,60,800,0.02,0.05,0.0,,25,0.3,0.2,2.0,20,0,0.9778645833333334,0.9544270833333334,0.9934895833333334,320.0,1.15,0.36666666666666664,57.807264943583974,0.034125,,60,2.0940712399182098,0.13228907120276978,1.4940712399182092,1.5449660804042282,1.0,C,0.0014178293750001104
apartment,C,60,800,0.02,0.05,0.0,,26,0.3,0.2,2.0,20,0,0.9759114583333334,0.9439127604166666,0.9915364583333334,380.0,0.9833333333333333,0.4,56.64572480371716,0.03766666666666667,,60,2.0439864344962113,0.14994008417341875,1.4439864344962112,1.5153084721527637,1.0,C,0.001425593490000665
apartment,C,60,800,0.02,0.05,0.2,,26,0.3,0.2,2.0,20,0,0.9459635416666666,0.92646484375,0.9869791666666666,200.0,0.9833333333333333,0.3,52.32562204174732,0.036291666666666667,1.0598103574033553,50,2.2572519798734976,0.1369912109510475,1.657251979873497,1.6412413399969177,1.0,C,0.0013208938537491123
apartment,C,60,800,0.02,0.05,0.0,,27,0.3,0.2,2.0,20,0,0.98046875,0.9519856770833334,0.9928385416666666,320.0,1.0666666666666667,0.5333333333333333,57.78493953119023,0.033666666666666664,,60,2.120755744441335,0.1176003755852167,1.5207557444413353,1.5176758311049787,1.0,C,0.0014153198437497848
apartment,C,60,800,0.02,0.05,0.2,,27,0.3,0.2,2.0,20,0,0.9010416666666666,0.8998046875,0.98046875,220.0,1.0666666666666667,0.23333333333333334,50.006053855033585,0.03202083333333333,0.9949676491732565,45,2.3815152046691637,0.10422083423462689,1.781515204669163,1.7326547474389984,1.0,C,0.0012375065099990935
apartment,C,60,800,0.02,0.05,0.0,,28,0.3,0.2,2.0,20,0,0.9837239583333334,0.960546875,0.9947916666666666,360.0,1.0666666666666667,0.4,57.839998620871704,0.04035416666666667,,60,2.136193848212507,0.11378217193374643,1.5361938482125066,1.5503440888339344,1.0,C,0.0014131106774993895
apartment,C,60,800,0.02,0.05,0.2,,28,0.3,0.2,2.0,20,0,0.912109375,0.88349609375,0.9609375,240.0,1.0666666666666667,0.21666666666666667,51.58180912435834,0.03870833333333333,0.9992867332382311,47,2.3155083005807158,0.111978065845544,1.7155083005807168,1.7921841362404445,1.0,C,0.0012861140112499926
apartment,C,60,800,0.02,0.05,0.2,,29,0.3,0.2,2.0,20,0,0.9322916666666666,0.9299479166666667,0.9895833333333334,260.0,1.1166666666666667,0.31666666666666665,52.53495852847391,0.036041666666666666,0.9937543372657877,49,2.308249006887444,0.10395800274489482,1.7082490068874436,1.6891628756331425,1.0,C,0.0012887236975006999
apartment,C,60,800,0.02,0.05,0.0,,29,0.3,0.2,2.0,20,0,0.9739583333333334,0.9666341145833334,0.994140625,320.0,1.1166666666666667,0.55,58.12852636922536,0.037395833333333336,,60,2.1358565780602574,0.12502609728776923,1.5358565780602573,1.5852056638648593,1.0,C,0.0014101563012513907
rubble,C,60,800,0.02,0.05,0.0,,0,0.3,0.2,2.0,20,0,0.8372905027932961,0.8143156424581004,0.9182960893854749,360.0,1.15,1.1,50.65221711091337,0.05397916666666667,,60,1.8644535978218992,0.28878157083043354,1.264453597821899,1.243749597344391,1.0,C,0.0014948804687514893
rubble,C,60,800,0.02,0.05,0.2,,0,0.3,0.2,2.0,20,0,0.8254189944134078,0.7911312849162011,0.8903631284916201,300.0,1.15,0.9,48.44318254676151,0.050270833333333334,1.0563002680965148,51,2.034783621005548,0.18574148659352094,1.434783621005548,1.3653582571971956,1.0,C,0.0014107378650010105
rubble,C,60,800,0.02,0.05,0.0,,1,0.3,0.2,2.0,20,0,0.8289106145251397,0.8066689944134078,0.8994413407821229,420.0,1.1,0.8333333333333334,50.26115255544299,0.06125,,60,1.8636831827260103,0.267135189282707,1.26368318272601,1.1774104002883616,1.0,C,0.0015246592187509122
rubble,C,60,800,0.02,0.05,0.2,,1,0.3,0.2,2.0,20,0,0.7583798882681564,0.7199720670391061,0.8756983240223464,240.0,1.1,0.6666666666666666,45.56389922918173,0.058083333333333334,1.0274361400189214,46,2.1189375359758027,0.18761106091402371,1.5189375359758017,1.4540046285999173,1.0,C,0.0014011671874982312
rubble,C,60,800,0.02,0.05,0.0,,2,0.3,0.2,2.0,20,0,0.8512569832402235,0.8343575418994413,0.8952513966480447,400.0,1.3166666666666667,0.8666666666666667,51.286102472607,0.058145833333333334,,60,1.9566159035032638,0.22159901507657512,1.3566159035032634,1.2655562383242769,1.0,C,0.0015007480725012102
rubble,C,60,800,0.02,0.05,0.2,,2,0.3,0.2,2.0,20,0,0.8240223463687151,0.7792597765363128,0.8840782122905028,340.0,1.3166666666666667,0.7333333333333333,45.69213503863139,0.05445833333333333,1.0433244916003537,45,2.26695326374619,0.2047136395192704,1.6669532637461906,1.6311610767216167,1.0,C,0.0013650457287508288
rubble,C,60,800,0.02,0.05,0.2,,3,0.3,0.2,2.0,20,0,0.8023743016759777,0.7745810055865922,0.8854748603351955,260.0,1.4,0.8666666666666667,46.57846103568429,0.052458333333333336,1.0295698924731183,47,2.2149944817417424,0.20412406670483768,1.614994481741743,1.5121503531541727,1.0,C,0.0013683214062507431
rubble,C,60,800,0.02,0.05,0.0,,3,0.3,0.2,2.0,20,0,0.8414804469273743,0.8262569832402236,0.8938547486033519,380.0,1.4,0.9333333333333333,51.30090254680679,0.057104166666666664,,60,1.8848427447864773,0.2504691420327472,1.2848427447864774,1.2421113988886847,1.0,C,0.0015341813024997463
rubble,C,60,800,0.02,0.05,0.0,,4,0.3,0.2,2.0,20,0,0.8987430167597765,0.8485335195530727,0.9504189944134078,500.0,1.45,1.0333333333333334,50.979687833135635,0.07047916666666666,,60,1.9635477487984805,0.2790246750056989,1.3635477487984806,1.343898573451558,1.0,C,0.001534145625000747
rubble,C,60,800,0.02,0.05,0.2,,4,0.3,0.2,2.0,20,0,0.8100558659217877,0.7797835195530727,0.8791899441340782,300.0,1.45,0.8333333333333334,45.8682564476157,0.06602083333333333,1.061299176578225,45,2.2374408293620562,0.17610023979684025,1.6374408293620566,1.5562079214271773,1.0,C,0.0014125501037506184
rubble,C,60,800,0.02,0.05,0.0,,5,0.3,0.2,2.0,20,0,0.8512569832402235,0.831040502793296,0.8994413407821229,400.0,1.5833333333333333,0.7666666666666667,50.06848484391214,0.07133333333333333,,60,1.921730956830468,0.21391168737815563,1.3217309568304678,1.262466654270134,1.0,C,0.001560333386248658
rubble,C,60,800,0.02,0.05,0.2,,5,0.3,0.2,2.0,20,0,0.8170391061452514,0.7989525139664806,0.8847765363128491,320.0,1.5833333333333333,0.6833333333333333,48.33977424041139,0.07147916666666666,1.0588235294117647,53,2.010026694752643,0.2520003407794744,1.4100266947526423,1.3605156554885736,1.0,C,0.001478688490001332
rubble,C,60,800,0.02,0.05,0.0,,6,0.3,0.2,2.0,20,0,0.8414804469273743,0.8330656424581007,0.9022346368715084,420.0,1.55,0.9166666666666666,49.873568802382785,0.07689583333333333,,60,1.9111117383989926,0.24121634603265849,1.3111117383989923,1.2505873366430509,1.0,C,0.0016128819275013483
rubble,C,60,800,0.02,0.05,0.2,,6,0.3,0.2,2.0,20,0,0.784217877094972,0.7718575418994412,0.8477653631284916,300.0,1.55,0.8333333333333334,45.615042363911726,0.07389583333333333,1.0255707762557078,46,2.154025136667538,0.18971456618450733,1.5540251366675382,1.4769099013600462,1.0,C,0.0014255749487483626
rubble,C,60,800,0.02,0.05,0.0,,7,0.3,0.2,2.0,20,0,0.8547486033519553,0.8288058659217878,0.8952513966480447,380.0,1.4166666666666667,0.8666666666666667,49.200938824483316,0.0756875,,60,1.9990375253610713,0.1943760703223092,1.3990375253610714,1.3009935272710678,1.0,C,0.0015714767187500912
rubble,C,60,800,0.02,0.05,0.2,,7,0.3,0.2,2.0,20,0,0.8456703910614525,0.8203561452513967,0.8945530726256983,320.0,1.4166666666666667,1.0666666666666667,47.14996662898793,0.07385416666666667,1.0697879858657242,50,2.117952990814432,0.18666013383247004,1.517952990814432,1.3913643633911015,1.0,C,0.001457089062500927
rubble,C,60,800,0.02,0.05,0.0,,8,0.3,0.2,2.0,20,0,0.8379888268156425,0.8175279329608939,0.8987430167597765,420.0,1.1,0.9166666666666666,50.26809573865929,0.057458333333333333,,60,1.874565417284759,0.2721791606715431,1.274565417284759,1.177243094453717,1.0,C,0.0015046007287492103
rubble,C,60,800,0.02,0.05,0.2,,8,0.3,0.2,2.0,20,0,0.7255586592178771,0.7254539106145252,0.8310055865921788,280.0,1.1,0.55,44.66133960639967,0.051875,0.9792648444863337,44,2.1056292819621207,0.1742579893072498,1.505629281962121,1.5040929293534622,1.0,C,0.0013416911462491043
rubble,C,60,800,0.02,0.05,0.0,,9,0.3,0.2,2.0,20,0,0.8365921787709497,0.8234636871508381,0.8903631284916201,400.0,1.4,0.85,49.36511938365725,0.061625,,60,1.896446891014468,0.24932078024331347,1.296446891014468,1.3280468066122717,1.0,C,0.00152166453125119
rubble,C,60,800,0.02,0.05,0.2,,9,0.3,0.2,2.0,20,0,0.8065642458100558,0.7784217877094972,0.8847765363128491,300.0,1.4,0.7,47.8561821174916,0.0594375,1.0538321167883211,53,2.0758130739186034,0.2496815010938676,1.4758130739186028,1.4452405505414165,1.0,C,0.0015076100524993308
rubble,C,60,800,0.02,0.05,0.0,,10,0.3,0.2,2.0,20,0,0.835195530726257,0.8034567039106145,0.8868715083798883,420.0,1.0833333333333333,0.7666666666666667,50.466999594028685,0.061125,,60,1.8822711165962858,0.2548717151157189,1.282271116596286,1.17314912700673,1.0,C,0.0015122570824996728
rubble,C,60,800,0.02,0.05,0.2,,10,0.3,0.2,2.0,20,0,0.8051675977653632,0.760300279329609,0.8680167597765364,280.0,1.0833333333333333,0.7833333333333333,47.01253777961617,0.057541666666666665,1.08876298394712,50,2.0725173042956495,0.20265613257989695,1.4725173042956492,1.4014488921731827,1.0,C,0.0013783698950010149
rubble,C,60,800,0.02,0.05,0.0,,11,0.3,0.2,2.0,20,0,0.8498603351955307,0.8353351955307262,0.9008379888268156,380.0,1.15,0.9833333333333333,50.83147065868046,0.0665625,,60,1.819311124952033,0.29123750199421994,1.2193111249520332,1.1246239649467782,1.0,C,0.0015151469262491446
rubble,C,60,800,0.02,0.05,0.2,,11,0.3,0.2,2.0,20,0,0.8107541899441341,0.7905027932960893,0.8903631284916201,300.0,1.15,0.7166666666666667,45.43356789734492,0.0595625,1.027433628318584,44,2.256640303116744,0.21850798635515079,1.6566403031167447,1.623618639761229,1.0,C,0.001385701249998874
rubble,C,60,800,0.02,0.05,0.2,,12,0.3,0.2,2.0,20,0,0.8156424581005587,0.7679120111731843,0.8840782122905028,280.0,1.2833333333333334,0.8,46.83426951018605,0.0543125,1.0686184812442818,47,2.1714465862485826,0.23929830697223028,1.5714465862485822,1.5483286346756544,1.0,C,0.001395706458749828
rubble,C,60,800,0.02,0.05,0.0,,12,0.3,0.2,2.0,20,0,0.8701117318435754,0.82786312849162,0.9141061452513967,420.0,1.2833333333333334,0.9833333333333333,51.10540568385615,0.059395833333333335,,60,1.9685931210286767,0.23389060738184275,1.368593121028677,1.3639211985337076,1.0,C,0.0015235799474999112
rubble,C,60,800,0.02,0.05,0.0,,13,0.3,0.2,2.0,20,0,0.8456703910614525,0.8098463687150839,0.8903631284916201,440.0,1.7666666666666666,0.75,48.33143422193663,0.08460416666666666,,60,1.893785401559882,0.24587367161794646,1.2937854015598818,1.2902110251944776,1.0,C,0.0016187768224995124
rubble,C,60,800,0.02,0.05,0.2,,13,0.3,0.2,2.0,20,0,0.8435754189944135,0.7954259776536313,0.8910614525139665,340.0,1.7666666666666666,0.9,47.84783487867863,0.08347916666666666,1.1581975071907957,55,2.0705781870045668,0.20768612710248363,1.4705781870045662,1.4347340120015697,1.0,C,0.0015504723949993605
rubble,C,60,800,0.02,0.05,0.2,,14,0.3,0.2,2.0,20,0,0.8205307262569832,0.8086592178770949,0.8861731843575419,320.0,1.4,0.75,46.5742481983478,0.08102083333333333,1.076007326007326,50,2.1032096451595907,0.1880617456209397,1.503209645159591,1.4089612312826485,1.0,C,0.0015058866662502623
rubble,C,60,800,0.02,0.05,0.0,,14,0.3,0.2,2.0,20,0,0.8337988826815642,0.8160614525139664,0.8917597765363129,380.0,1.4,0.8166666666666667,49.58486392337111,0.0858125,,60,1.8965334758283499,0.30020755815584954,1.2965334758283504,1.1863613919693499,1.0,C,0.0015903318749997198
rubble,C,60,800,0.02,0.05,0.0,,15,0.3,0.2,2.0,20,0,0.8568435754189944,0.8307960893854748,0.9008379888268156,420.0,1.6,0.7,49.845314211909596,0.06810416666666666,,60,1.920428254404368,0.2298623743427977,1.3204282544043684,1.259637254729551,1.0,C,0.001576396718749038
rubble,C,60,800,0.02,0.05,0.2,,15,0.3,0.2,2.0,20,0,0.803072625698324,0.7595670391061453,0.8763966480446927,300.0,1.6,0.8333333333333334,46.51771560464557,0.06510416666666667,1.0531135531135531,48,2.066626958474942,0.23709196228420812,1.466626958474942,1.3250719387566523,1.0,C,0.0014612696362496535
rubble,C,60,800,0.02,0.05,0.0,,16,0.3,0.2,2.0,20,0,0.8498603351955307,0.8348114525139664,0.8987430167597765,360.0,1.45,0.8833333333333333,50.2462912016894,0.06566666666666666,,60,1.9089754227777322,0.2185530332955127,1.3089754227777326,1.204483970691635,1.0,C,0.0015208203125007458
rubble,C,60,800,0.02,0.05,0.2,,16,0.3,0.2,2.0,20,0,0.8121508379888268,0.7771648044692737,0.8903631284916201,320.0,1.45,0.75,46.19947966557253,0.06285416666666667,1.0228671943711523,48,2.1665473876741492,0.22335904728499403,1.5665473876741496,1.5431949954530533,1.0,C,0.0014442750524995063
rubble,C,60,800,0.02,0.05,0.0,,17,0.3,0.2,2.0,20,0,0.848463687150838,0.832122905027933,0.8966480446927374,340.0,1.1166666666666667,0.75,50.864582954398195,0.0491875,,60,1.927299872783643,0.2705733427115679,1.3272998727836434,1.2571408185459005,1.0,C,0.0015211191137518654
rubble,C,60,800,0.02,0.05,0.2,,17,0.3,0.2,2.0,20,0,0.8086592178770949,0.7736382681564246,0.8680167597765364,300.0,1.1166666666666667,0.7,48.03351817937915,0.0505,1.0122377622377623,51,2.1418425180998746,0.2143095589772317,1.541842518099875,1.4353141607276219,1.0,C,0.0014228532287506824
rubble,C,60,800,0.02,0.05,0.0,,18,0.3,0.2,2.0,20,0,0.8903631284916201,0.8489175977653634,0.9371508379888268,500.0,1.4833333333333334,0.8166666666666667,50.89348060909424,0.06475,,60,1.921947088506897,0.2530924025558924,1.3219470885068962,1.312680209430761,1.0,C,0.0015326405212499595
rubble,C,60,800,0.02,0.05,0.2,,18,0.3,0.2,2.0,20,0,0.7793296089385475,0.7466131284916202,0.8708100558659218,260.0,1.4833333333333334,0.85,45.57872090911447,0.06075,1.013623978201635,45,2.106000425912169,0.1985988752371154,1.5060004259121689,1.504626595790143,1.0,C,0.0013792478124992158
rubble,C,60,800,0.02,0.05,0.2,,19,0.3,0.2,2.0,20,0,0.7953910614525139,0.75,0.8861731843575419,280.0,1.35,0.9833333333333333,47.377472170771576,0.06441666666666666,1.0252025202520252,48,2.075428968542339,0.15939520572258978,1.4754289685423387,1.4175368879842287,1.0,C,0.0013809536462508732
rubble,C,60,800,0.02,0.05,0.0,,19,0.3,0.2,2.0,20,0,0.8435754189944135,0.8262569832402236,0.9008379888268156,400.0,1.35,1.05,50.86441190928811,0.06675,,60,1.875369729886362,0.22871136734078415,1.2753697298863618,1.3137563935321708,1.0,C,0.001555958697499591
rubble,C,60,800,0.02,0.05,0.0,,20,0.3,0.2,2.0,20,0,0.8715083798882681,0.8370460893854748,0.9085195530726257,440.0,1.3333333333333333,0.9,48.396954000649096,0.07710416666666667,,60,2.0071112045966717,0.2224864028786552,1.4071112045966718,1.3813197746475054,1.0,C,0.0015539853637505986
rubble,C,60,800,0.02,0.05,0.2,,20,0.3,0.2,2.0,20,0,0.7863128491620112,0.7687849162011173,0.8924581005586593,320.0,1.3333333333333333,0.8666666666666667,44.36535830640071,0.0763125,1.0236363636363635,46,2.0713876612507836,0.19286737574209595,1.4713876612507835,1.3759292496577145,1.0,C,0.0014600880212515223
rubble,C,60,800,0.02,0.05,0.0,,21,0.3,0.2,2.0,20,0,0.8554469273743017,0.8188896648044693,0.9064245810055865,500.0,1.6333333333333333,0.8166666666666667,50.4504627844038,0.07535416666666667,,60,1.8414910632472468,0.2784008166846296,1.2414910632472467,1.2211842311556702,0.9666666666666667,C,0.0015909198949998426
rubble,C,60,800,0.02,0.05,0.2,,21,0.3,0.2,2.0,20,0,0.8135474860335196,0.7519203910614526,0.8729050279329609,280.0,1.6333333333333333,0.75,46.737586479787375,0.07089583333333334,1.0648994515539305,51,2.126508279023194,0.19346662949839508,1.5265082790231943,1.4122730274295772,1.0,C,0.0014730189062493082
rubble,C,60,800,0.02,0.05,0.0,,22,0.3,0.2,2.0,20,0,0.8938547486033519,0.825,0.9392458100558659,540.0,1.25,0.7333333333333333,50.67917808080689,0.0583125,,60,2.019053684703837,0.221366178150201,1.4190536847038373,1.361663601904186,1.0,C,0.0015279147912497138
rubble,C,60,800,0.02,0.05,0.2,,22,0.3,0.2,2.0,20,0,0.827513966480447,0.7879888268156425,0.9008379888268156,280.0,1.25,0.75,48.915320495649475,0.056479166666666664,1.0941828254847648,54,2.036318439799503,0.245938093051954,1.4363184397995032,1.560851895611529,1.0,C,0.001517448176250582
rubble,C,60,800,0.02,0.05,0.0,,23,0.3,0.2,2.0,20,0,0.8945530726256983,0.8445879888268157,0.9322625698324022,520.0,1.45,1.0333333333333334,50.62875029860074,0.07379166666666667,,60,1.9978233953416855,0.21024713443511406,1.3978233953416854,1.3444516010103458,1.0,C,0.001609153906249503
rubble,C,60,800,0.02,0.05,0.2,,23,0.3,0.2,2.0,20,0,0.8470670391061452,0.8057262569832402,0.895949720670391,300.0,1.45,0.7333333333333333,47.555874811953394,0.06920833333333333,1.1007259528130673,50,2.212966505233546,0.18447033284190548,1.6129665052335458,1.4985998506284985,1.0,C,0.0015480001037508372
rubble,C,60,800,0.02,0.05,0.0,,24,0.3,0.2,2.0,20,0,0.8421787709497207,0.8191340782122906,0.9120111731843575,440.0,1.6,0.8166666666666667,49.502635317203925,0.07489583333333333,,60,1.7902937933773826,0.2502821250155226,1.190293793377383,1.183012962132806,1.0,C,0.0016373383850009303
rubble,C,60,800,0.02,0.05,0.2,,24,0.3,0.2,2.0,20,0,0.8547486033519553,0.8116620111731843,0.9036312849162011,280.0,1.6,0.75,47.61616745354043,0.07433333333333333,1.137546468401487,54,2.0581761378789354,0.20719500077599495,1.458176137878935,1.4429238299006466,1.0,C,0.0015501967712521036
rubble,C,60,800,0.02,0.05,0.0,,25,0.3,0.2,2.0,20,0,0.9196927374301676,0.8666550279329609,0.9594972067039106,480.0,1.6333333333333333,0.9166666666666666,50.324250092888946,0.08175,,60,2.0521930990550237,0.21414833701727579,1.4521930990550236,1.2871840493307847,1.0,C,0.0015865221875014867
rubble,C,60,800,0.02,0.05,0.2,,25,0.3,0.2,2.0,20,0,0.8093575418994413,0.7744064245810056,0.875,300.0,1.6333333333333333,0.6333333333333333,44.417224557412105,0.07760416666666667,1.073148148148148,45,2.238123815090889,0.20289411332264215,1.6381238150908892,1.495888141677248,1.0,C,0.001462167031249919
rubble,C,60,800,0.02,0.05,0.2,,26,0.3,0.2,2.0,20,0,0.7618715083798883,0.731913407821229,0.8610335195530726,280.0,1.05,0.7166666666666667,44.812650207890975,0.04716666666666667,1.0292452830188679,42,2.1525932550961,0.22021611089111262,1.5525932550961,1.4704271822445645,1.0,C,0.0013397810412493526
rubble,C,60,800,0.02,0.05,0.0,,26,0.3,0.2,2.0,20,0,0.8331005586592178,0.7938547486033519,0.895949720670391,440.0,1.05,0.8,49.97343495056717,0.05272916666666667,,60,1.8343233325650172,0.29088545890758166,1.234323332565017,1.2489522158085702,1.0,C,0.001505157499998404
rubble,C,60,800,0.02,0.05,0.0,,27,0.3,0.2,2.0,20,0,0.8498603351955307,0.8193435754189944,0.8966480446927374,440.0,1.3166666666666667,0.8166666666666667,49.792516051200565,0.0591875,,60,1.91925588968432,0.25009945911659776,1.3192558896843203,1.1945827777180187,1.0,C,0.0015453739062513704
rubble,C,60,800,0.02,0.05,0.2,,27,0.3,0.2,2.0,20,0,0.8086592178770949,0.795076815642458,0.8756983240223464,280.0,1.3166666666666667,0.6833333333333333,47.13121576681178,0.05658333333333333,1.0924528301886791,50,2.064273255876484,0.20942111096625515,1.4642732558764837,1.4214526663481313,1.0,C,0.0014285890112500964
rubble,C,60,800,0.02,0.05,0.2,,28,0.3,0.2,2.0,20,0,0.7527932960893855,0.7153282122905027,0.8505586592178771,280.0,1.7166666666666666,0.8666666666666667,45.738025845663664,0.071125,0.9935483870967743,47,2.068467982840068,0.2113322104505766,1.4684679828400675,1.4043840080983667,1.0,C,0.0014355934900004287
rubble,C,60,800,0.02,0.05,0.0,,28,0.3,0.2,2.0,20,0,0.8491620111731844,0.8304120111731844,0.8938547486033519,420.0,1.7166666666666666,0.7833333333333333,50.51216542525871,0.07125,,60,1.851214195062892,0.23835763034473,1.251214195062892,1.202210326456563,1.0,C,0.0015845384899989766
rubble,C,60,800,0.02,0.05,0.0,,29,0.3,0.2,2.0,20,0,0.8449720670391061,0.824127094972067,0.8987430167597765,380.0,1.3333333333333333,0.7666666666666667,50.25520743192116,0.0679375,,60,1.9064153889874769,0.2179676511844564,1.306415388987477,1.2216668199340097,1.0,C,0.00151849005250142
rubble,C,60,800,0.02,0.05,0.2,,29,0.3,0.2,2.0,20,0,0.7988826815642458,0.7672835195530726,0.8868715083798883,300.0,1.3333333333333333,0.6666666666666666,46.18645840334066,0.06516666666666666,1.0260089686098655,48,2.1018509258120823,0.22649471321310286,1.5018509258120822,1.5144169837702395,1.0,C,0.0014047748437519658
office,PF,60,800,0.02,0.05,0.2,,0,0.3,0.2,2.0,20,0,0.630859375,0.6134440104166666,0.6868489583333334,200.0,0.9,0.16666666666666666,29.92093814672229,0.010020833333333333,1.0419354838709678,49,1.9375780865456171,0.35401570538406585,1.337578086545617,1.1181270821783014,1.0,PF,0.001222093697499531
office,PF,60,800,0.02,0.05,0.0,,0,0.3,0.2,2.0,20,0,0.7200520833333334,0.6683919270833335,0.7532552083333334,560.0,0.9,0.25,33.23125419372921,0.010416666666666666,,60,1.735109622911442,0.29068191594529535,1.1351096229114424,0.931687252173069,1.0,PF,0.0013286889062510453
office,PF,60,800,0.02,0.05,0.0,,1,0.3,0.2,2.0,20,0,0.7454427083333334,0.6810872395833334,0.79296875,540.0,0.85,0.23333333333333334,33.2524831272486,0.010291666666666666,,60,1.8248335233684572,0.339255066894966,1.224833523368457,0.9488211793365096,1.0,PF,0.0013265599474993905
office,PF,60,800,0.02,0.05,0.2,,1,0.3,0.2,2.0,20,0,0.6080729166666666,0.5888671875,0.7252604166666666,220.0,0.85,0.16666666666666666,29.543114887232775,0.00925,1.0075512405609492,47,1.9790106334492934,0.3913052896055152,1.3790106334492935,1.120553866308585,1.0,PF,0.0011580017699998279
office,PF,60,800,0.02,0.05,0.0,,2,0.3,0.2,2.0,20,0,0.6920572916666666,0.6584635416666667,0.7259114583333334,360.0,0.9,0.05,33.20766046112968,0.008416666666666666,,60,1.7322146882118885,0.3040668697341029,1.1322146882118886,0.9672709770120214,1.0,PF,0.0013054860425017979
office,PF,60,800,0.02,0.05,0.2,,2,0.3,0.2,2.0,20,0,0.61328125,0.6042968750000001,0.6842447916666666,320.0,0.9,0.08333333333333333,30.080614661812987,0.008958333333333334,0.9701338825952626,49,1.890726730068984,0.3819301153379015,1.290726730068984,1.044762903145191,1.0,PF,0.0012024501049995705
office,PF,60,800,0.02,0.05,0.0,,3,0.3,0.2,2.0,20,0,0.75390625,0.7090169270833334,0.8268229166666666,480.0,0.95,0.06666666666666667,33.28437295777946,0.011208333333333334,,60,1.8516032536136313,0.3541450874220491,1.2516032536136308,1.0071029611772933,1.0,PF,0.001300854010000876
office,PF,60,800,0.02,0.05,0.2,,3,0.3,0.2,2.0,20,0,0.65234375,0.6179036458333333,0.7096354166666666,260.0,0.95,0.06666666666666667,29.63687645712467,0.010645833333333334,1.017258883248731,47,1.9603305768385848,0.24607447810924782,1.3603305768385852,1.2123720068644426,1.0,PF,0.0011396610412498377
office,PF,60,800,0.02,0.05,0.2,,4,0.3,0.2,2.0,20,0,0.6868489583333334,0.6524739583333333,0.720703125,180.0,0.8,0.1,30.6075800445919,0.01025,1.192090395480226,51,1.9167098249542225,0.2293170659518638,1.3167098249542226,1.2046014558173375,1.0,PF,0.0011945753650002189
office,PF,60,800,0.02,0.05,0.0,,4,0.3,0.2,2.0,20,0,0.7467447916666666,0.6804036458333333,0.8079427083333334,620.0,0.8,0.15,33.43731219133922,0.010645833333333334,,60,1.8553899176490998,0.3520296003260482,1.2553899176491004,1.0555546706953438,1.0,PF,0.0013298426050005218
office,PF,60,800,0.02,0.05,0.2,,5,0.3,0.2,2.0,20,0,0.6490885416666666,0.6171549479166667,0.724609375,340.0,0.65,0.18333333333333332,31.531781185886135,0.0098125,1.0152749490835031,54,1.867584276402184,0.38868916297075073,1.2675842764021836,1.0012286594475641,1.0,PF,0.001279332916249132
office,PF,60,800,0.02,0.05,0.0,,5,0.3,0.2,2.0,20,0,0.7578125,0.6934895833333334,0.7923177083333334,540.0,0.65,0.26666666666666666,33.2002665640625,0.011479166666666667,,60,1.8212614961559896,0.349478144521658,1.2212614961559896,0.9324855389129733,1.0,PF,0.0013487810412493673
office,PF,60,800,0.02,0.05,0.0,,6,0.3,0.2,2.0,20,0,0.7486979166666666,0.67548828125,0.8059895833333334,680.0,0.8166666666666667,0.18333333333333332,33.590296853482116,0.009541666666666667,,60,1.8730513282129875,0.35801605052781316,1.2730513282129872,0.9452227144696866,1.0,PF,0.0013401241675001074
office,PF,60,800,0.02,0.05,0.2,,6,0.3,0.2,2.0,20,0,0.666015625,0.6297526041666666,0.7356770833333334,300.0,0.8166666666666667,0.2,30.042342188274535,0.0089375,1.0535530381050462,49,2.0485233814651003,0.3845776382467369,1.4485233814651004,1.1953891258597977,1.0,PF,0.0011995016150012816
office,PF,60,800,0.02,0.05,0.2,,7,0.3,0.2,2.0,20,0,0.6282552083333334,0.6166015625,0.6888020833333334,260.0,0.8333333333333334,0.06666666666666667,28.418271503783956,0.0077083333333333335,0.9867075664621677,44,2.0827195044960507,0.34830392679592925,1.4827195044960504,1.23665105968062,1.0,PF,0.0011478740625011597
office,PF,60,800,0.02,0.05,0.0,,7,0.3,0.2,2.0,20,0,0.7044270833333334,0.6630533854166667,0.7337239583333334,340.0,0.8333333333333334,0.08333333333333333,33.111068295307376,0.008395833333333333,,60,1.7361983455593306,0.27066080999808384,1.1361983455593305,0.9508554081634305,1.0,PF,0.001308373437498176
office,PF,60,800,0.02,0.05,0.0,,8,0.3,0.2,2.0,20,0,0.7076822916666666,0.6537109374999999,0.7838541666666666,560.0,0.8833333333333333,0.11666666666666667,33.21836883658652,0.01075,,60,1.846572911033168,0.420522192818905,1.2465729110331683,0.9482675982738559,1.0,PF,0.0013158010412507792
office,PF,60,800,0.02,0.05,0.2,,8,0.3,0.2,2.0,20,0,0.6100260416666666,0.5734700520833333,0.6302083333333334,140.0,0.8833333333333333,0.11666666666666667,29.695577109200975,0.009583333333333333,1.0671981776765374,48,1.8912197279048881,0.3017789699841326,1.2912197279048883,1.1533897226457255,1.0,PF,0.0012102310412501539
office,PF,60,800,0.02,0.05,0.2,,9,0.3,0.2,2.0,20,0,0.6555989583333334,0.6207356770833333,0.736328125,200.0,0.6333333333333333,0.1,29.6664356393438,0.008895833333333334,1.0898268398268398,46,2.0886927573826113,0.33503125866108413,1.4886927573826108,1.259344258987895,1.0,PF,0.001168129375000717
office,PF,60,800,0.02,0.05,0.0,,9,0.3,0.2,2.0,20,0,0.7200520833333334,0.6775716145833333,0.7649739583333334,500.0,0.6333333333333333,0.15,33.53521836121302,0.009166666666666667,,60,1.78898168238075,0.3016828776902347,1.1889816823807497,1.0521847905726693,1.0,PF,0.0013345883324996067
office,PF,60,800,0.02,0.05,0.0,,10,0.3,0.2,2.0,20,0,0.7552083333333334,0.6811848958333333,0.8033854166666666,620.0,0.85,0.11666666666666667,33.028310502711044,0.014229166666666666,,60,1.8101166763792733,0.35009006315917734,1.210116676379273,0.9476080577815935,1.0,PF,0.0013414853637505075
office,PF,60,800,0.02,0.05,0.2,,10,0.3,0.2,2.0,20,0,0.7122395833333334,0.6709309895833334,0.771484375,160.0,0.85,0.15,30.172410212688824,0.013166666666666667,1.1713062098501072,50,2.02786236309685,0.3355248400104711,1.4278623630968503,1.2164503695820374,1.0,PF,0.001199653437499819
office,PF,60,800,0.02,0.05,0.0,,11,0.3,0.2,2.0,20,0,0.7180989583333334,0.6426106770833333,0.7571614583333334,640.0,0.8,0.2,33.33612371710146,0.010125,,60,1.816910948567999,0.34221388484528276,1.2169109485679992,0.8910107233824814,1.0,PF,0.001363945521250116
office,PF,60,800,0.02,0.05,0.2,,11,0.3,0.2,2.0,20,0,0.6419270833333334,0.5938151041666668,0.681640625,140.0,0.8,0.2,29.45882519051984,0.0090625,1.1242873432155076,47,2.0067849642174256,0.29935865121350413,1.4067849642174257,1.1803447644086873,1.0,PF,0.001193471301248792
office,PF,60,800,0.02,0.05,0.2,,12,0.3,0.2,2.0,20,0,0.642578125,0.6253255208333334,0.685546875,280.0,0.7833333333333333,0.15,28.667904169062172,0.0076875,1.00920245398773,44,2.0923389774009595,0.3039903899145386,1.49233897740096,1.3238091651642874,1.0,PF,0.0011404175512484472
office,PF,60,800,0.02,0.05,0.0,,12,0.3,0.2,2.0,20,0,0.7434895833333334,0.6814127604166668,0.78515625,560.0,0.7833333333333333,0.2,33.41139359738493,0.008625,,60,1.8578108774139452,0.32808108462253693,1.257810877413945,1.060511588454597,1.0,PF,0.0013218719787505507
office,PF,60,800,0.02,0.05,0.0,,13,0.3,0.2,2.0,20,0,0.716796875,0.6760091145833333,0.7408854166666666,440.0,0.8666666666666667,0.18333333333333332,33.25794006658754,0.0116875,,60,1.7353145380155743,0.2835003752642519,1.1353145380155745,0.944569782389622,1.0,PF,0.0013442525524988015
office,PF,60,800,0.02,0.05,0.2,,13,0.3,0.2,2.0,20,0,0.6321614583333334,0.6292968750000001,0.689453125,240.0,0.8666666666666667,0.16666666666666666,31.39967168929128,0.008875,1.0373931623931625,54,1.7958138554599568,0.3875090258899234,1.1958138554599569,0.9283259496373668,1.0,PF,0.0012886277074994723
office,PF,60,800,0.02,0.05,0.2,,14,0.3,0.2,2.0,20,0,0.654296875,0.65517578125,0.720703125,280.0,1.0666666666666667,0.18333333333333332,28.78696332077416,0.008979166666666667,0.9901477832512315,46,1.9810939567273862,0.2499584738721899,1.3810939567273857,1.2084424962485953,1.0,PF,0.0011546114587508783
office,PF,60,800,0.02,0.05,0.0,,14,0.3,0.2,2.0,20,0,0.7102864583333334,0.6829752604166666,0.7493489583333334,360.0,1.0666666666666667,0.18333333333333332,33.05325227444136,0.009375,,60,1.7193766587692276,0.2699496890713005,1.1193766587692278,0.9619701423766828,1.0,PF,0.001327139531249486
office,PF,60,800,0.02,0.05,0.0,,15,0.3,0.2,2.0,20,0,0.7174479166666666,0.6527343749999999,0.75,700.0,0.7166666666666667,0.1,33.507347925675205,0.008020833333333333,,60,1.7710662431851232,0.30294772248545765,1.1710662431851233,1.067265166590066,1.0,PF,0.0013444050512498506
office,PF,60,800,0.02,0.05,0.2,,15,0.3,0.2,2.0,20,0,0.634765625,0.6257812500000001,0.6888020833333334,340.0,0.7166666666666667,0.1,29.599050384065333,0.007333333333333333,1.0010266940451744,48,1.994438430201581,0.35044266251069867,1.3944384302015809,1.171125200641475,1.0,PF,0.001217199948750931
office,PF,60,800,0.02,0.05,0.2,,16,0.3,0.2,2.0,20,0,0.66796875,0.6191731770833332,0.7317708333333334,280.0,0.8166666666666667,0.06666666666666667,29.193637263366632,0.008166666666666666,1.0610134436401242,47,2.053458215653749,0.30449858481736053,1.4534582156537488,1.2187487156468064,1.0,PF,0.0011659564062506433
office,PF,60,800,0.02,0.05,0.0,,16,0.3,0.2,2.0,20,0,0.7317708333333334,0.6819986979166667,0.7877604166666666,580.0,0.8166666666666667,0.1,33.29259527741218,0.008854166666666666,,60,1.7314240601375164,0.3491810917761324,1.1314240601375165,0.9068564473268285,1.0,PF,0.0013530243237505602
office,PF,60,800,0.02,0.05,0.0,,17,0.3,0.2,2.0,20,0,0.7486979166666666,0.7004231770833333,0.8098958333333334,520.0,0.9666666666666667,0.1,33.23225933968806,0.0109375,,60,1.8136246818505162,0.3340844586481349,1.2136246818505159,0.9981520317015027,1.0,PF,0.0013506673962501736
office,PF,60,800,0.02,0.05,0.2,,17,0.3,0.2,2.0,20,0,0.6256510416666666,0.5761393229166666,0.6803385416666666,340.0,0.9666666666666667,0.11666666666666667,28.39356843408432,0.010895833333333334,0.9826175869120654,42,2.1424433113058305,0.332413171725089,1.5424433113058302,1.2481063405764035,1.0,PF,0.0011679635937503008
office,PF,60,800,0.02,0.05,0.2,,18,0.3,0.2,2.0,20,0,0.6100260416666666,0.6055013020833333,0.6829427083333334,320.0,0.75,0.03333333333333333,28.84298515065075,0.009145833333333334,0.9570990806945863,45,2.013496262235769,0.3442741306672725,1.413496262235769,1.1795664153587913,1.0,PF,0.0011965947400017286
office,PF,60,800,0.02,0.05,0.0,,18,0.3,0.2,2.0,20,0,0.763671875,0.7103515624999999,0.822265625,540.0,0.75,0.06666666666666667,33.275242871910955,0.010083333333333333,,60,1.8217908738081858,0.38911137041254285,1.2217908738081857,0.999067450909332,1.0,PF,0.0013694426037500307
office,PF,60,800,0.02,0.05,0.0,,19,0.3,0.2,2.0,20,0,0.7213541666666666,0.67490234375,0.7513020833333334,520.0,0.8833333333333333,0.15,33.192045333100545,0.013354166666666667,,60,1.7767934338527112,0.26015998830470427,1.176793433852711,1.0525670715207924,1.0,PF,0.001377745468748799
office,PF,60,800,0.02,0.05,0.2,,19,0.3,0.2,2.0,20,0,0.640625,0.6102213541666667,0.6822916666666666,300.0,0.8833333333333333,0.18333333333333332,29.4265007341265,0.012416666666666666,1.0123456790123457,47,2.015303856914444,0.328601434956273,1.4153038569144443,1.2498237896419249,1.0,PF,0.0011962396362491744
office,PF,60,800,0.02,0.05,0.0,,20,0.3,0.2,2.0,20,0,0.7239583333333334,0.6921875,0.775390625,520.0,0.7,0.1,33.024652850917036,0.010125,,60,1.776649132229737,0.31310719457165187,1.1766491322297374,0.968329495911262,1.0,PF,0.0013448460937479467
office,PF,60,800,0.02,0.05,0.2,,20,0.3,0.2,2.0,20,0,0.6341145833333334,0.6198567708333333,0.6875,260.0,0.7,0.08333333333333333,29.30079983398507,0.009416666666666667,1.0135275754422477,46,2.0074648486291293,0.3347311240080382,1.4074648486291292,1.1646786599032573,1.0,PF,0.0012482782812480763
office,PF,60,800,0.02,0.05,0.2,,21,0.3,0.2,2.0,20,0,0.6334635416666666,0.5887044270833333,0.6875,120.0,0.9,0.18333333333333332,31.14653410844792,0.010666666666666666,1.100678733031674,51,1.8411586779992448,0.37450672109653677,1.2411586779992445,1.0244862375075967,1.0,PF,0.0012312925000014729
office,PF,60,800,0.02,0.05,0.0,,21,0.3,0.2,2.0,20,0,0.7083333333333334,0.67119140625,0.7890625,500.0,0.9,0.2,33.57207340013345,0.009895833333333333,,60,1.8494184853090208,0.4452416487331896,1.2494184853090209,0.9673957977674461,1.0,PF,0.001392432187499253
office,PF,60,800,0.02,0.05,0.0,,22,0.3,0.2,2.0,20,0,0.7552083333333334,0.6978841145833334,0.8111979166666666,600.0,1.0166666666666666,0.18333333333333332,33.02177701022693,0.017125,,60,1.8584414087945995,0.3793534438079918,1.2584414087945996,0.9866324472130907,1.0,PF,0.0013224691662503574
office,PF,60,800,0.02,0.05,0.2,,22,0.3,0.2,2.0,20,0,0.677734375,0.6402669270833333,0.78125,260.0,1.0166666666666666,0.18333333333333332,29.498228707089815,0.017458333333333333,1.0676923076923077,47,2.1436694998228756,0.4211110636536554,1.5436694998228755,1.1787159154460967,1.0,PF,0.001192141511248792
office,PF,60,800,0.02,0.05,0.2,,23,0.3,0.2,2.0,20,0,0.6380208333333334,0.5974609375000001,0.7194010416666666,240.0,1.0166666666666666,0.08333333333333333,28.915593674653316,0.008875,1.0092687950566426,45,2.072004179090801,0.37283208852876415,1.4720041790908012,1.1543556447298697,1.0,PF,0.0011764481250020253
office,PF,60,800,0.02,0.05,0.0,,23,0.3,0.2,2.0,20,0,0.75,0.6927734375,0.8053385416666666,580.0,1.0166666666666666,0.08333333333333333,33.00100549430834,0.009625,,60,1.8111069885768845,0.3624998820127441,1.2111069885768844,0.9377585285648982,1.0,PF,0.0013310979162520198
office,PF,60,800,0.02,0.05,0.0,,24,0.3,0.2,2.0,20,0,0.7434895833333334,0.6968424479166668,0.7942708333333334,460.0,0.6666666666666666,0.06666666666666667,33.36060174022476,0.010166666666666666,,60,1.7976849409343647,0.3477490782374209,1.1976849409343648,0.9260211123137715,1.0,PF,0.0013610963537507815
office,PF,60,800,0.02,0.05,0.2,,24,0.3,0.2,2.0,20,0,0.6067708333333334,0.6038736979166668,0.685546875,320.0,0.6666666666666666,0.03333333333333333,29.527555416402606,0.009125,0.9519918283963229,46,1.973962115198455,0.34811143540431677,1.3739621151984547,1.1079976399887659,1.0,PF,0.001206206614999701
office,PF,60,800,0.02,0.05,0.0,,25,0.3,0.2,2.0,20,0,0.724609375,0.6568359375,0.765625,660.0,0.8166666666666667,0.03333333333333333,33.21949264671938,0.009104166666666667,,60,1.7847885930244471,0.3528650694670844,1.1847885930244468,0.9411468335409089,1.0,PF,0.0013278597912517397
office,PF,60,800,0.02,0.05,0.2,,25,0.3,0.2,2.0,20,0,0.638671875,0.6005859375,0.7311197916666666,180.0,0.8166666666666667,0.03333333333333333,28.769825335369855,0.007375,1.0593952483801294,45,2.116363550943671,0.40666064504068816,1.516363550943671,1.1673885976880487,1.0,PF,0.0011793633862521346
office,PF,60,800,0.02,0.05,0.0,,26,0.3,0.2,2.0,20,0,0.7532552083333334,0.6889648437499999,0.806640625,640.0,0.9,0.26666666666666666,33.11194393190248,0.013979166666666668,,60,1.873035957056071,0.340711288107437,1.2730359570560705,1.103228170426495,1.0,PF,0.001343524166250063
office,PF,60,800,0.02,0.05,0.2,,26,0.3,0.2,2.0,20,0,0.6712239583333334,0.6420572916666667,0.7044270833333334,260.0,0.9,0.2,29.833746447762426,0.012854166666666667,1.0574358974358975,49,1.9754612132173792,0.2716214615056752,1.3754612132173796,1.2138110051182363,1.0,PF,0.0012333583862482555
office,PF,60,800,0.02,0.05,0.0,,27,0.3,0.2,2.0,20,0,0.6959635416666666,0.6422526041666667,0.7428385416666666,500.0,0.7833333333333333,0.15,33.39883480660415,0.012104166666666666,,60,1.7220709258901452,0.37721956156874614,1.1220709258901451,0.94354966732651,1.0,PF,0.0013848245837493778
office,PF,60,800,0.02,0.05,0.2,,27,0.3,0.2,2.0,20,0,0.6438802083333334,0.6087890625,0.6940104166666666,160.0,0.7833333333333333,0.13333333333333333,30.131751232735034,0.011583333333333333,1.1367816091954024,50,1.96068900418706,0.339092155356929,1.3606890041870596,1.1927164751827766,1.0,PF,0.0012309230200003185
office,PF,60,800,0.02,0.05,0.0,,28,0.3,0.2,2.0,20,0,0.7213541666666666,0.6928059895833332,0.7682291666666666,500.0,0.7666666666666667,0.1,33.16578641078723,0.008958333333333334,,60,1.7814896734423868,0.30276297243536343,1.1814896734423865,0.9760561099371057,1.0,PF,0.0012717625000004773
office,PF,60,800,0.02,0.05,0.2,,28,0.3,0.2,2.0,20,0,0.6673177083333334,0.6387369791666667,0.7337239583333334,300.0,0.7666666666666667,0.16666666666666666,31.525694893908998,0.009333333333333334,1.0577915376676987,54,1.8531816578283506,0.4155579013780228,1.2531816578283508,0.981663174524603,1.0,PF,0.0012381676562495158
office,PF,60,800,0.02,0.05,0.2,,29,0.3,0.2,2.0,20,0,0.708984375,0.6766927083333333,0.7747395833333334,260.0,0.8833333333333333,0.03333333333333333,29.727526362785436,0.009104166666666667,1.0421052631578949,47,2.1139689002658164,0.32018292027308404,1.513968900265816,1.3281259054238954,1.0,PF,0.0011652246874996309
office,PF,60,800,0.02,0.05,0.0,,29,0.3,0.2,2.0,20,0,0.759765625,0.7101236979166666,0.8053385416666666,500.0,0.8833333333333333,0.06666666666666667,33.49746056239272,0.009625,,60,1.8080775407180005,0.34182520520641985,1.2080775407180009,1.0610730203045262,1.0,PF,0.0013279855737505387
hall,PF,60,800,0.02,0.05,0.2,,0,0.3,0.2,2.0,20,0,0.9769647696476965,0.971307588075881,0.9993224932249323,140.0,1.25,0.1,29.572538268700573,0.010416666666666666,0.9836289222373806,44,2.5481179912655176,0.045423219731840256,1.948117991265518,1.9427221467910607,1.0,PF,0.001032279531250424
hall,PF,60,800,0.02,0.05,0.0,,0,0.3,0.2,2.0,20,0,1.0,0.9986449864498645,1.0,140.0,1.25,0.1,32.85972152836736,0.010416666666666666,,60,2.2094895206114535,0.07547374246622843,1.609489520611453,1.633854261366201,1.0,PF,0.001213695937499324
hall,PF,60,800,0.02,0.05,0.0,,1,0.3,0.2,2.0,20,0,0.9993224932249323,0.9987466124661246,1.0,160.0,1.2666666666666666,0.08333333333333333,32.91389022441592,0.013,,60,2.1984744558128777,0.06537536659485303,1.5984744558128778,1.5823021912014916,1.0,PF,0.001164851874998476
hall,PF,60,800,0.02,0.05,0.2,,1,0.3,0.2,2.0,20,0,0.9830623306233063,0.9753387533875337,0.9993224932249323,160.0,1.2666666666666666,0.08333333333333333,29.44740212845557,0.013,0.9864038069340585,44,2.549001507696472,0.06425521712293647,1.9490015076964724,1.937847256486949,1.0,PF,0.0010949481249986092
hall,PF,60,800,0.02,0.05,0.2,,2,0.3,0.2,2.0,20,0,0.9986449864498645,0.9970528455284551,1.0,140.0,1.0833333333333333,0.11666666666666667,30.88622525856498,0.011520833333333333,1.0006788866259335,52,2.3539944787412357,0.07581644996897728,1.753994478741236,1.7483790343999501,1.0,PF,0.001126620261250082
hall,PF,60,800,0.02,0.05,0.0,,2,0.3,0.2,2.0,20,0,1.0,0.9995596205962058,1.0,140.0,1.0833333333333333,0.11666666666666667,32.714459414121805,0.011520833333333333,,60,2.185804313151911,0.07516134540162561,1.585804313151911,1.6187856022348714,1.0,PF,0.0012066383850014972
hall,PF,60,800,0.02,0.05,0.0,,3,0.3,0.2,2.0,20,0,0.9993224932249323,0.9992208672086722,1.0,160.0,1.1166666666666667,0.11666666666666667,32.83838306839235,0.011979166666666667,,60,2.1971222585329615,0.05690591071001667,1.5971222585329614,1.5852910629708612,1.0,PF,0.0012270467700000154
hall,PF,60,800,0.02,0.05,0.2,,3,0.3,0.2,2.0,20,0,0.9959349593495935,0.9910230352303522,1.0,160.0,1.1166666666666667,0.11666666666666667,31.269929002026046,0.011979166666666667,0.9979633401221997,52,2.2908248072761825,0.0783819591133743,1.690824807276183,1.6896485061943753,1.0,PF,0.0011460721349999404
hall,PF,60,800,0.02,0.05,0.0,,4,0.3,0.2,2.0,20,0,0.9993224932249323,0.9994918699186993,1.0,140.0,1.1833333333333333,0.05,32.499191024086436,0.010458333333333333,,60,2.1967828422839477,0.06339160450876526,1.5967828422839476,1.5860177349824096,1.0,PF,0.0011962550512498637
hall,PF,60,800,0.02,0.05,0.2,,4,0.3,0.2,2.0,20,0,0.9952574525745257,0.9935636856368563,1.0,140.0,1.1833333333333333,0.05,30.7328061054265,0.010458333333333333,1.0006811989100817,50,2.3886512647356013,0.07102662872170058,1.7886512647356014,1.778827665399286,1.0,PF,0.0011470728125004825
hall,PF,60,800,0.02,0.05,0.0,,5,0.3,0.2,2.0,20,0,1.0,0.9987127371273712,1.0,140.0,1.2166666666666666,0.08333333333333333,32.857201819677464,0.0131875,,60,2.198934034432218,0.05685337480435449,1.5989340344322178,1.6132910630304744,1.0,PF,0.001244554062500356
hall,PF,60,800,0.02,0.05,0.2,,5,0.3,0.2,2.0,20,0,0.9932249322493225,0.9788956639566395,0.9993224932249323,140.0,1.2166666666666666,0.08333333333333333,30.265439099783908,0.0131875,0.9993183367416496,47,2.458720165491728,0.04629167672383375,1.8587201654917271,1.8683921593434012,1.0,PF,0.0011156904175004456
hall,PF,60,800,0.02,0.05,0.0,,6,0.3,0.2,2.0,20,0,1.0,0.9995596205962058,1.0,160.0,1.2833333333333334,0.11666666666666667,32.983514998844704,0.012083333333333333,,60,2.1794709388780675,0.07128301236358088,1.5794709388780672,1.577174989990537,1.0,PF,0.0012486993749985232
hall,PF,60,800,0.02,0.05,0.2,,6,0.3,0.2,2.0,20,0,0.986449864498645,0.9852303523035231,1.0,160.0,1.2833333333333334,0.11666666666666667,30.42227264853444,0.012083333333333333,0.9891304347826088,48,2.4298079930391134,0.08250123543461348,1.8298079930391136,1.9000579206834713,1.0,PF,0.0011066525000001093
hall,PF,60,800,0.02,0.05,0.0,,7,0.3,0.2,2.0,20,0,0.9986449864498645,0.999322493224932,1.0,140.0,1.25,0.05,32.75726469366184,0.013208333333333334,,60,2.215834035067513,0.06423003509197257,1.6158340350675122,1.6015491333562402,1.0,PF,0.0012077838537493334
hall,PF,60,800,0.02,0.05,0.2,,7,0.3,0.2,2.0,20,0,0.9803523035230353,0.9756775067750677,0.9986449864498645,140.0,1.25,0.05,29.832116560656754,0.013208333333333334,0.9830163043478262,45,2.493534137431942,0.06087821618522416,1.8935341374319423,1.9274762228401556,1.0,PF,0.0011003836462487016
hall,PF,60,800,0.02,0.05,0.2,,8,0.3,0.2,2.0,20,0,0.9857723577235772,0.9833672086720865,0.9993224932249323,140.0,1.3166666666666667,0.08333333333333333,29.930303595981673,0.01375,0.9924965893587994,46,2.4641115030168272,0.04965358676707332,1.8641115030168272,1.8771620228853172,1.0,PF,0.001100548958750096
hall,PF,60,800,0.02,0.05,0.0,,8,0.3,0.2,2.0,20,0,0.9986449864498645,0.9976626016260163,1.0,140.0,1.3166666666666667,0.08333333333333333,32.90122981477054,0.01375,,60,2.1990798700603675,0.08892803049795213,1.5990798700603677,1.5644015612930844,1.0,PF,0.001204138072500882
hall,PF,60,800,0.02,0.05,0.2,,9,0.3,0.2,2.0,20,0,0.9966124661246613,0.9903794037940378,1.0,160.0,1.2666666666666666,0.016666666666666666,30.38838812362994,0.012979166666666667,0.9979647218453188,48,2.524677776634157,0.05218392031623073,1.924677776634157,1.9263506514121047,1.0,PF,0.0011000557287479751
hall,PF,60,800,0.02,0.05,0.0,,9,0.3,0.2,2.0,20,0,0.997289972899729,0.9979674796747966,1.0,160.0,1.2666666666666666,0.016666666666666666,32.803193283992805,0.012979166666666667,,60,2.1805276514085596,0.0702031849765778,1.5805276514085593,1.5857876515278837,1.0,PF,0.001206786927500616
hall,PF,60,800,0.02,0.05,0.0,,10,0.3,0.2,2.0,20,0,0.9993224932249323,0.9989159891598913,1.0,160.0,1.1833333333333333,0.06666666666666667,32.914798508174464,0.012041666666666668,,60,2.1904220859888333,0.07544813348217605,1.590422085988833,1.6098374105007054,1.0,PF,0.0011868217187497975
hall,PF,60,800,0.02,0.05,0.2,,10,0.3,0.2,2.0,20,0,0.9966124661246613,0.9930894308943087,1.0,160.0,1.1833333333333333,0.06666666666666667,31.37171406012931,0.012041666666666668,1.0013614703880191,52,2.337378680182365,0.06765143116771327,1.737378680182365,1.724709461117201,1.0,PF,0.0011303997387494746
hall,PF,60,800,0.02,0.05,0.0,,11,0.3,0.2,2.0,20,0,1.0,0.9993902439024389,1.0,140.0,1.2666666666666666,0.0,32.80014126410324,0.011416666666666667,,60,2.1617146124311315,0.08121076429212772,1.5617146124311314,1.5965284114411336,1.0,PF,0.0011885661974997675
hall,PF,60,800,0.02,0.05,0.2,,11,0.3,0.2,2.0,20,0,1.0,0.9973238482384824,1.0,140.0,1.2666666666666666,0.0,31.807500799128636,0.011416666666666667,1.0020366598778006,55,2.317175944872557,0.07508956827044122,1.7171759448725572,1.6881094136152814,1.0,PF,0.0011211723962514953
hall,PF,60,800,0.02,0.05,0.0,,12,0.3,0.2,2.0,20,0,0.9993224932249323,0.9970528455284551,1.0,160.0,1.35,0.03333333333333333,32.93216765201575,0.011583333333333333,,60,2.194342294544103,0.08230891689823787,1.594342294544103,1.5720311288877138,1.0,PF,0.001184834166251676
hall,PF,60,800,0.02,0.05,0.2,,12,0.3,0.2,2.0,20,0,0.9966124661246613,0.9857384823848238,1.0,160.0,1.35,0.03333333333333333,30.255746202468124,0.011583333333333333,1.0075342465753425,48,2.4794629786083107,0.06532393827692098,1.8794629786083108,1.8778347349222457,1.0,PF,0.0010661336462499094
hall,PF,60,800,0.02,0.05,0.2,,13,0.3,0.2,2.0,20,0,0.9966124661246613,0.9921747967479673,1.0,160.0,1.35,0.13333333333333333,31.051418215213367,0.01425,1.0047814207650274,51,2.3843991737277714,0.06578512541167006,1.784399173727771,1.8125796120066582,1.0,PF,0.0010764377612508724
hall,PF,60,800,0.02,0.05,0.0,,13,0.3,0.2,2.0,20,0,0.9986449864498645,0.9985433604336043,1.0,160.0,1.35,0.13333333333333333,32.94644731605771,0.01425,,60,2.1680049668439976,0.0812751011469003,1.568004966843998,1.5572128763667972,1.0,PF,0.0011742467699991722
hall,PF,60,800,0.02,0.05,0.0,,14,0.3,0.2,2.0,20,0,0.9986449864498645,0.9991869918699186,1.0,140.0,1.1,0.11666666666666667,32.76355386756336,0.011770833333333333,,60,2.162738209285195,0.0735424914467983,1.5627382092851956,1.5441701444461389,1.0,PF,0.0011888802599992231
hall,PF,60,800,0.02,0.05,0.2,,14,0.3,0.2,2.0,20,0,0.994579945799458,0.9908197831978318,1.0,140.0,1.1,0.11666666666666667,30.497631560759302,0.011770833333333333,0.9966055668703326,49,2.430605714515502,0.08374194439407137,1.8306057145155015,1.818141702373223,1.0,PF,0.0010912642187508937
hall,PF,60,800,0.02,0.05,0.2,,15,0.3,0.2,2.0,20,0,0.9884823848238482,0.9858062330623305,1.0,160.0,1.2666666666666666,0.05,29.86833890538079,0.012229166666666666,0.9898236092265942,45,2.5625639385181405,0.042719197947179946,1.9625639385181406,1.937961087872539,1.0,PF,0.001047271615000227
hall,PF,60,800,0.02,0.05,0.0,,15,0.3,0.2,2.0,20,0,0.9993224932249323,0.9988482384823847,1.0,160.0,1.2666666666666666,0.05,32.88537825979332,0.012229166666666666,,60,2.1825261593661818,0.08028809613009244,1.5825261593661817,1.5712781034258287,1.0,PF,0.0012123802600012823
hall,PF,60,800,0.02,0.05,0.0,,16,0.3,0.2,2.0,20,0,0.9986449864498645,0.9990176151761517,1.0,140.0,1.2166666666666666,0.06666666666666667,32.88858148437297,0.011479166666666667,,60,2.201335321078554,0.06997160551285371,1.6013353210785541,1.5697113818515385,1.0,PF,0.0012076207299992348
hall,PF,60,800,0.02,0.05,0.2,,16,0.3,0.2,2.0,20,0,0.994579945799458,0.9876016260162601,1.0,140.0,1.2166666666666666,0.06666666666666667,30.370579771305312,0.011479166666666667,0.9959294436906376,48,2.437905145189607,0.07444302113535355,1.8379051451896073,1.8166043418012632,1.0,PF,0.0011110300000018469
hall,PF,60,800,0.02,0.05,0.0,,17,0.3,0.2,2.0,20,0,0.9993224932249323,0.9991531165311652,1.0,140.0,1.1,0.03333333333333333,32.96611937873546,0.012229166666666666,,60,2.191214393201152,0.07231546360152957,1.591214393201152,1.562865253443282,1.0,PF,0.0011926177612485843
hall,PF,60,800,0.02,0.05,0.2,,17,0.3,0.2,2.0,20,0,0.9939024390243902,0.9885840108401082,1.0,140.0,1.1,0.03333333333333333,30.481210962427845,0.012229166666666666,0.9945762711864407,49,2.4137460485937883,0.09108011205364498,1.8137460485937882,1.87642871034942,1.0,PF,0.001095242343751579
hall,PF,60,800,0.02,0.05,0.0,,18,0.3,0.2,2.0,20,0,1.0,0.998780487804878,1.0,140.0,1.25,0.06666666666666667,32.60332318366678,0.009854166666666667,,60,2.195582728180404,0.06948625604920208,1.595582728180404,1.604226311005434,1.0,PF,0.0011915596874996482
hall,PF,60,800,0.02,0.05,0.2,,18,0.3,0.2,2.0,20,0,0.997289972899729,0.9935298102981027,1.0,140.0,1.25,0.06666666666666667,30.57167777514925,0.009854166666666667,1.0,50,2.4529315589256915,0.07018778508546603,1.8529315589256914,1.8645723392772746,1.0,PF,0.001115278958750423
hall,PF,60,800,0.02,0.05,0.0,,19,0.3,0.2,2.0,20,0,0.9993224932249323,0.9990176151761517,1.0,140.0,1.35,0.016666666666666666,33.002566724040705,0.013083333333333334,,60,2.1967081088561637,0.07414411744117218,1.5967081088561634,1.6026184851247747,1.0,PF,0.0012155416662494646
hall,PF,60,800,0.02,0.05,0.2,,19,0.3,0.2,2.0,20,0,0.9925474254742548,0.9906842818428181,1.0,140.0,1.35,0.016666666666666666,30.971717737484674,0.013083333333333334,0.9938941655359566,50,2.428100571896951,0.07452950588483961,1.8281005718969507,1.8393633818945414,1.0,PF,0.0011377633849997436
hall,PF,60,800,0.02,0.05,0.0,,20,0.3,0.2,2.0,20,0,0.9979674796747967,0.9984078590785908,1.0,140.0,1.2666666666666666,0.03333333333333333,32.60856260471791,0.012645833333333334,,60,2.2038527578429905,0.06613319199356965,1.6038527578429913,1.6069308862531637,1.0,PF,0.0012042244274994118
hall,PF,60,800,0.02,0.05,0.2,,20,0.3,0.2,2.0,20,0,0.989159891598916,0.9815718157181571,1.0,140.0,1.2666666666666666,0.03333333333333333,30.115847081310445,0.012645833333333334,0.991174473862865,47,2.405593377836442,0.05678100128163618,1.8055933778364417,1.80442960355631,1.0,PF,0.0011335837500018897
hall,PF,60,800,0.02,0.05,0.0,,21,0.3,0.2,2.0,20,0,0.9993224932249323,0.9986449864498642,1.0,160.0,1.1833333333333333,0.1,32.707499595004926,0.010375,,60,2.1858495323285783,0.08884743187840825,1.5858495323285784,1.554118931800387,1.0,PF,0.0012096863550004856
hall,PF,60,800,0.02,0.05,0.2,,21,0.3,0.2,2.0,20,0,0.9959349593495935,0.9910907859078589,1.0,140.0,1.1833333333333333,0.1,30.09728112174828,0.010375,0.9972862957937585,47,2.4776883742261737,0.05335009393336118,1.8776883742261739,1.863003861315586,1.0,PF,0.001145231041250554
hall,PF,60,800,0.02,0.05,0.2,,22,0.3,0.2,2.0,20,0,0.9688346883468835,0.9682249322493226,0.9986449864498645,160.0,1.2333333333333334,0.05,29.410585109601843,0.011604166666666667,0.9727891156462585,43,2.5481631919140626,0.05198460996278713,1.9481631919140627,1.9251304750288942,1.0,PF,0.0010969105725007467
hall,PF,60,800,0.02,0.05,0.0,,22,0.3,0.2,2.0,20,0,0.9993224932249323,0.9975271002710027,1.0,160.0,1.2333333333333334,0.05,32.886768005836664,0.011604166666666667,,60,2.203719459735434,0.05724701802526451,1.6037194597354345,1.5916810081726565,1.0,PF,0.0012451133337503962
hall,PF,60,800,0.02,0.05,0.0,,23,0.3,0.2,2.0,20,0,1.0,0.9995934959349594,1.0,140.0,1.05,0.016666666666666666,32.67692967847894,0.010479166666666666,,60,2.1800493707318385,0.068055461462338,1.5800493707318388,1.5407770225710171,1.0,PF,0.0012186777612487277
hall,PF,60,800,0.02,0.05,0.2,,23,0.3,0.2,2.0,20,0,0.9776422764227642,0.9738482384823849,1.0,140.0,1.05,0.016666666666666666,29.19177905821318,0.010479166666666666,0.9809653297076819,43,2.5667854679782742,0.055220785452929765,1.9667854679782746,2.0027265441185453,1.0,PF,0.0010965154162499858
hall,PF,60,800,0.02,0.05,0.2,,24,0.3,0.2,2.0,20,0,0.9871273712737128,0.9784891598915987,1.0,140.0,1.2333333333333334,0.03333333333333333,29.866578705712506,0.012020833333333333,0.9884667571234735,45,2.519394516898028,0.05951197631181978,1.9193945168980275,1.9326885215425857,1.0,PF,0.001050789010000699
hall,PF,60,800,0.02,0.05,0.0,,24,0.3,0.2,2.0,20,0,0.9993224932249323,0.999830623306233,1.0,140.0,1.2333333333333334,0.03333333333333333,32.87190799802832,0.012020833333333333,,60,2.192598015163061,0.08402287028646693,1.59259801516306,1.5660036115634135,1.0,PF,0.0011998741675006387
hall,PF,60,800,0.02,0.05,0.0,,25,0.3,0.2,2.0,20,0,0.9986449864498645,0.9994241192411926,1.0,140.0,1.05,0.08333333333333333,32.93271579638019,0.012041666666666668,,60,2.180728739780944,0.07993102751821517,1.5807287397809437,1.5878717096361668,1.0,PF,0.0011948190099997191
hall,PF,60,800,0.02,0.05,0.2,,25,0.3,0.2,2.0,20,0,0.9939024390243902,0.9840108401084009,1.0,140.0,1.05,0.08333333333333333,29.990266599196882,0.012041666666666668,0.9966032608695652,46,2.4995865923922738,0.08146572910068323,1.8995865923922743,1.8799003253364288,1.0,PF,0.0010431967187491864
hall,PF,60,800,0.02,0.05,0.0,,26,0.3,0.2,2.0,20,0,0.9993224932249323,0.998509485094851,1.0,180.0,1.2,0.08333333333333333,33.012314575085405,0.01175,,60,2.2033714395684068,0.06885608610075308,1.6033714395684062,1.5829850365334284,1.0,PF,0.0011572119787501833
hall,PF,60,800,0.02,0.05,0.2,,26,0.3,0.2,2.0,20,0,0.9959349593495935,0.9912940379403793,1.0,160.0,1.2,0.08333333333333333,30.636621837363975,0.01175,0.9986413043478262,48,2.5087719344772146,0.05636204357558137,1.9087719344772145,1.9260490698256265,1.0,PF,0.0010850232300003882
hall,PF,60,800,0.02,0.05,0.2,,27,0.3,0.2,2.0,20,0,0.9939024390243902,0.9835027100271001,1.0,160.0,1.0833333333333333,0.03333333333333333,29.92430740124593,0.012125,0.9972807613868117,46,2.491369964989145,0.06080992962376158,1.8913699649891453,1.8969539984932653,1.0,PF,0.0010362854687491563
hall,PF,60,800,0.02,0.05,0.0,,27,0.3,0.2,2.0,20,0,0.9993224932249323,0.998509485094851,1.0,160.0,1.0833333333333333,0.03333333333333333,33.00101230834557,0.012125,,60,2.207928512843414,0.07375419197008223,1.607928512843414,1.5813776512209765,1.0,PF,0.0012361553649998314
hall,PF,60,800,0.02,0.05,0.0,,28,0.3,0.2,2.0,20,0,0.9993224932249323,0.9993224932249323,1.0,160.0,1.2666666666666666,0.05,32.88468378251083,0.011916666666666667,,60,2.1624541366023857,0.08580000637875365,1.5624541366023863,1.5646861893465838,1.0,PF,0.0011825664062507712
hall,PF,60,800,0.02,0.05,0.2,,28,0.3,0.2,2.0,20,0,0.9850948509485095,0.9805555555555555,0.9986449864498645,140.0,1.2666666666666666,0.05,29.51479732812875,0.011916666666666667,0.989788972089857,44,2.5647310626146944,0.05642415442666725,1.964731062614694,1.9487160680866027,1.0,PF,0.0010402446362513728
hall,PF,60,800,0.02,0.05,0.0,,29,0.3,0.2,2.0,20,0,1.0,0.9985772357723576,1.0,160.0,1.0666666666666667,0.05,32.580703023213196,0.011083333333333334,,60,2.1757865705925696,0.07602987619297194,1.5757865705925695,1.540099177284828,1.0,PF,0.0011756890099991323
hall,PF,60,800,0.02,0.05,0.2,,29,0.3,0.2,2.0,20,0,0.991869918699187,0.9903794037940379,1.0,140.0,1.0666666666666667,0.05,30.16046166638125,0.011083333333333334,0.9945652173913043,48,2.4445657844317785,0.07767476271750379,1.8445657844317784,1.8356955298294924,1.0,PF,0.0010724678124984165
mine,PF,60,800,0.02,0.05,0.0,,0,0.3,0.2,2.0,20,0,1.0,1.0,1.0,140.0,1.1833333333333333,0.06666666666666667,35.84401894005877,0.021458333333333333,,60,1.2739097828033639,0.17645262778221402,0.6739097828033637,0.6848423236323201,1.0,PF,0.0011621736450001662
mine,PF,60,800,0.02,0.05,0.2,,0,0.3,0.2,2.0,20,0,1.0,1.0,1.0,140.0,1.1666666666666667,0.06666666666666667,32.72992712200542,0.020791666666666667,1.0,50,1.409448932783179,0.16464528886793653,0.8094489327831789,0.8148913972585675,1.0,PF,0.0010294680212496131
mine,PF,60,800,0.02,0.05,0.2,,1,0.3,0.2,2.0,20,0,1.0,1.0,1.0,140.0,0.85,0.11666666666666667,32.32575403843302,0.015354166666666667,1.0,48,1.4492016227627005,0.1753059376144172,0.8492016227627007,0.8548848299640572,1.0,PF,0.0010402254162499957
mine,PF,60,800,0.02,0.05,0.0,,1,0.3,0.2,2.0,20,0,1.0,1.0,1.0,140.0,0.8666666666666667,0.11666666666666667,35.68573893859719,0.016083333333333335,,60,1.2778679519436773,0.16068358079326886,0.677867951943678,0.6703408908989604,1.0,PF,0.0011654272387499986
mine,PF,60,800,0.02,0.05,0.2,,2,0.3,0.2,2.0,20,0,1.0,1.0,1.0,160.0,0.9333333333333333,0.21666666666666667,32.32440945344637,0.0171875,1.0,49,1.451054064113704,0.17852898560326377,0.851054064113704,0.846608919903307,1.0,PF,0.001082351249999647
mine,PF,60,800,0.02,0.05,0.0,,2,0.3,0.2,2.0,20,0,1.0,1.0,1.0,160.0,0.95,0.23333333333333334,35.363246799550666,0.018229166666666668,,60,1.273108557716523,0.15935956454498712,0.6731085577165228,0.7148333578148194,1.0,PF,0.0011896089062497595
mine,PF,60,800,0.02,0.05,0.0,,3,0.3,0.2,2.0,20,0,1.0,1.0,1.0,140.0,0.8833333333333333,0.16666666666666666,35.7524032459273,0.019958333333333335,,60,1.2863825126621964,0.1596657744069286,0.6863825126621964,0.6878006612170168,1.0,PF,0.001148522395001237
mine,PF,60,800,0.02,0.05,0.2,,3,0.3,0.2,2.0,20,0,1.0,1.0,1.0,140.0,0.8333333333333334,0.18333333333333332,33.08405191569002,0.017666666666666667,1.0,51,1.3952194023035684,0.16505824120612597,0.7952194023035687,0.8047171562080712,1.0,PF,0.0010501696875007838
mine,PF,60,800,0.02,0.05,0.0,,4,0.3,0.2,2.0,20,0,1.0,1.0,1.0,160.0,0.7666666666666667,0.13333333333333333,35.51107205238715,0.0109375,,60,1.2728059632629078,0.1586392479160472,0.6728059632629079,0.6680737706421304,1.0,PF,0.0011766214062481596
mine,PF,60,800,0.02,0.05,0.2,,4,0.3,0.2,2.0,20,0,1.0,1.0,1.0,160.0,0.7166666666666667,0.11666666666666667,33.663355938705635,0.010416666666666666,1.0,54,1.3495490008681414,0.14998699990325168,0.7495490008681417,0.7533341421506551,1.0,PF,0.001112414634999368
mine,PF,60,800,0.02,0.05,0.0,,5,0.3,0.2,2.0,20,0,1.0,1.0,1.0,160.0,0.9666666666666667,0.11666666666666667,35.204560118278394,0.01675,,60,1.2666290516560652,0.16039262904182766,0.6666290516560651,0.668956045867919,1.0,PF,0.0011508967712507
mine,PF,60,800,0.02,0.05,0.2,,5,0.3,0.2,2.0,20,0,1.0,0.9995841995841996,1.0,160.0,0.9333333333333333,0.05,31.37600769780392,0.014916666666666667,1.0,47,1.5122813775046573,0.13781385843020616,0.9122813775046574,0.8941971595650208,1.0,PF,0.0010390818237510757
mine,PF,60,800,0.02,0.05,0.0,,6,0.3,0.2,2.0,20,0,1.0,1.0,1.0,160.0,0.8833333333333333,0.16666666666666666,36.01123920919422,0.019291666666666665,,60,1.267194200614669,0.155486827193009,0.6671942006146688,0.6785301434945248,1.0,PF,0.001149773698750778
mine,PF,60,800,0.02,0.05,0.2,,6,0.3,0.2,2.0,20,0,1.0,1.0,1.0,160.0,0.8833333333333333,0.13333333333333333,31.099343693368592,0.01875,1.0,44,1.5489364145638276,0.19666396534737507,0.9489364145638274,0.8977722306323553,1.0,PF,0.0010202766149996023
mine,PF,60,800,0.02,0.05,0.0,,7,0.3,0.2,2.0,20,0,1.0,1.0,1.0,140.0,1.1,0.1,35.90292843214373,0.020291666666666666,,60,1.267150592145362,0.17096214922271177,0.667150592145362,0.670215218341779,1.0,PF,0.0011829251562494392
mine,PF,60,800,0.02,0.05,0.2,,7,0.3,0.2,2.0,20,0,1.0,1.0,1.0,140.0,1.0833333333333333,0.08333333333333333,31.979280761943702,0.019020833333333334,1.0,46,1.5308714405171482,0.20565927167894452,0.9308714405171485,0.8586403958740253,1.0,PF,0.0010262905724994198
mine,PF,60,800,0.02,0.05,0.0,,8,0.3,0.2,2.0,20,0,1.0,1.0,1.0,160.0,0.8666666666666667,0.13333333333333333,35.64742414908917,0.019479166666666665,,60,1.248031110083622,0.19040364994888703,0.6480311100836221,0.6492970643653765,1.0,PF,0.0011800133849988014
mine,PF,60,800,0.02,0.05,0.2,,8,0.3,0.2,2.0,20,0,1.0,1.0,1.0,160.0,0.8166666666666667,0.1,34.302938694147514,0.018583333333333334,1.0,55,1.3310127618825573,0.15458011281599274,0.7310127618825577,0.721247444518177,1.0,PF,0.001094890052499977
mine,PF,60,800,0.02,0.05,0.0,,9,0.3,0.2,2.0,20,0,1.0,1.0,1.0,140.0,0.85,0.08333333333333333,35.94042019742936,0.0225,,60,1.2679654635389248,0.15415071026309748,0.6679654635389247,0.6555554019406181,1.0,PF,0.0011360893237497293
mine,PF,60,800,0.02,0.05,0.2,,9,0.3,0.2,2.0,20,0,1.0,1.0,1.0,140.0,0.85,0.13333333333333333,33.233691605694,0.022520833333333334,1.0,51,1.3940828696787924,0.17350147000764143,0.7940828696787924,0.7685703741649751,1.0,PF,0.0010783533850008099
mine,PF,60,800,0.02,0.05,0.0,,10,0.3,0.2,2.0,20,0,1.0,1.0,1.0,140.0,0.8166666666666667,0.11666666666666667,36.17613901242477,0.0235625,,60,1.2755600715225526,0.17434720741726492,0.6755600715225524,0.6951642738344878,1.0,PF,0.001145925728749262
mine,PF,60,800,0.02,0.05,0.2,,10,0.3,0.2,2.0,20,0,1.0,1.0,1.0,140.0,0.8166666666666667,0.11666666666666667,32.3123276917952,0.022208333333333333,1.0,46,1.5011869217291274,0.18980481764395024,0.9011869217291274,0.8449964137397148,1.0,PF,0.0010340616662506364
mine,PF,60,800,0.02,0.05,0.0,,11,0.3,0.2,2.0,20,0,1.0,1.0,1.0,160.0,0.8666666666666667,0.1,35.43830441440767,0.014645833333333334,,60,1.280532192418313,0.16119995254466543,0.6805321924183132,0.6761372939050884,1.0,PF,0.0011328507287498724
mine,PF,60,800,0.02,0.05,0.2,,11,0.3,0.2,2.0,20,0,1.0,1.0,1.0,160.0,0.8666666666666667,0.11666666666666667,32.23185037711176,0.012375,1.0,49,1.4248886958798321,0.19338597994968904,0.8248886958798322,0.7455184912801721,1.0,PF,0.0010515623437504474
mine,PF,60,800,0.02,0.05,0.0,,12,0.3,0.2,2.0,20,0,1.0,1.0,1.0,160.0,0.9833333333333333,0.11666666666666667,35.50263652733868,0.023541666666666666,,60,1.2653214639097956,0.17068444925710707,0.6653214639097956,0.671994590329083,1.0,PF,0.0011460997387484895
mine,PF,60,800,0.02,0.05,0.2,,12,0.3,0.2,2.0,20,0,1.0,1.0,1.0,160.0,0.9833333333333333,0.1,31.804766038032614,0.021895833333333333,1.0,47,1.473096285961999,0.17806604923030134,0.873096285961999,0.8199590739443275,1.0,PF,0.0009920636974993613
mine,PF,60,800,0.02,0.05,0.0,,13,0.3,0.2,2.0,20,0,1.0,1.0,1.0,160.0,0.9833333333333333,0.11666666666666667,35.69029624919503,0.02025,,60,1.2635452854881524,0.16517523411885196,0.6635452854881522,0.6726062653141234,1.0,PF,0.0011628047400017748
mine,PF,60,800,0.02,0.05,0.2,,13,0.3,0.2,2.0,20,0,1.0,1.0,1.0,160.0,0.9666666666666667,0.11666666666666667,32.84547916746747,0.0204375,1.0,51,1.4010884688841065,0.14684393854722935,0.8010884688841069,0.8089909413997683,1.0,PF,0.0010424200000011296
mine,PF,60,800,0.02,0.05,0.2,,14,0.3,0.2,2.0,20,0,1.0,1.0,1.0,140.0,1.05,0.15,31.539386823708313,0.017833333333333333,1.0,46,1.4874455390360044,0.16853889983860518,0.887445539036004,0.8656156357633676,1.0,PF,0.0010165763550003249
mine,PF,60,800,0.02,0.05,0.0,,14,0.3,0.2,2.0,20,0,1.0,1.0,1.0,140.0,1.05,0.16666666666666666,35.69230102450373,0.019458333333333334,,60,1.2812872930023436,0.17424091851472306,0.6812872930023437,0.717727639282946,1.0,PF,0.0011546623962499325
mine,PF,60,800,0.02,0.05,0.0,,15,0.3,0.2,2.0,20,0,1.0,1.0,1.0,160.0,0.7833333333333333,0.13333333333333333,34.79074458242523,0.016520833333333332,,60,1.2851768872537173,0.15716101682352937,0.6851768872537172,0.7142873201900607,1.0,PF,0.001146251042498534
mine,PF,60,800,0.02,0.05,0.2,,15,0.3,0.2,2.0,20,0,1.0,0.9993762993762993,1.0,160.0,0.7666666666666667,0.15,30.685364066308278,0.015791666666666666,1.0,45,1.5468281908771053,0.1516727073590992,0.9468281908771055,0.8859283231627567,1.0,PF,0.000989272447500298
mine,PF,60,800,0.02,0.05,0.2,,16,0.3,0.2,2.0,20,0,1.0,1.0,1.0,160.0,0.38333333333333336,0.08333333333333333,29.854357217422326,0.0118125,1.0,44,1.5664749742394195,0.18339764900623495,0.9664749742394195,0.8698523180835706,1.0,PF,0.0010129561975008982
mine,PF,60,800,0.02,0.05,0.0,,16,0.3,0.2,2.0,20,0,1.0,1.0,1.0,160.0,0.4,0.1,34.669251764549266,0.014270833333333333,,60,1.262207094389353,0.1679127183242492,0.6622070943893531,0.6771786968275673,1.0,PF,0.0011554896350003219
mine,PF,60,800,0.02,0.05,0.0,,17,0.3,0.2,2.0,20,0,1.0,1.0,1.0,160.0,0.9,0.11666666666666667,36.52910057365078,0.02020833333333333,,60,1.2634036027717863,0.1481179257409916,0.6634036027717867,0.6654192644649491,1.0,PF,0.0011648151562508246
mine,PF,60,800,0.02,0.05,0.2,,17,0.3,0.2,2.0,20,0,1.0,1.0,1.0,160.0,0.8833333333333333,0.11666666666666667,33.64819483459821,0.021020833333333332,1.0,52,1.401474595217063,0.13429888592068465,0.8014745952170627,0.7808424350106153,1.0,PF,0.0010991750512516774
mine,PF,60,800,0.02,0.05,0.2,,18,0.3,0.2,2.0,20,0,1.0,0.9899168399168399,1.0,160.0,0.8,0.13333333333333333,30.67846337694981,0.013395833333333333,1.0,44,1.558148548702136,0.154669267727886,0.9581485487021365,0.9175570191143679,1.0,PF,0.0010387828637499297
mine,PF,60,800,0.02,0.05,0.0,,18,0.3,0.2,2.0,20,0,1.0,1.0,1.0,160.0,0.8,0.18333333333333332,35.1349906259385,0.015395833333333333,,60,1.2867681729906633,0.1647923737169203,0.686768172990663,0.7192532648309758,1.0,PF,0.0012050472400005675
mine,PF,60,800,0.02,0.05,0.2,,19,0.3,0.2,2.0,20,0,1.0,1.0,1.0,140.0,1.0166666666666666,0.06666666666666667,31.94245688786338,0.019604166666666666,1.0,47,1.5052499263297552,0.15597686687792262,0.9052499263297553,0.8543928276746852,1.0,PF,0.0010247912499994527
mine,PF,60,800,0.02,0.05,0.0,,19,0.3,0.2,2.0,20,0,1.0,1.0,1.0,140.0,1.0333333333333334,0.06666666666666667,35.99912913095124,0.020791666666666667,,60,1.2509609766924512,0.17098357945129355,0.650960976692451,0.6720135970612465,1.0,PF,0.001201904739998554
mine,PF,60,800,0.02,0.05,0.0,,20,0.3,0.2,2.0,20,0,1.0,1.0,1.0,160.0,0.7333333333333333,0.13333333333333333,35.74435570442962,0.015020833333333334,,60,1.2888202600970422,0.17237950341569067,0.688820260097042,0.7172402125240799,1.0,PF,0.001186313176249314
mine,PF,60,800,0.02,0.05,0.2,,20,0.3,0.2,2.0,20,0,1.0,1.0,1.0,160.0,0.7333333333333333,0.13333333333333333,33.298659713211805,0.014291666666666666,1.0,52,1.3936610387968105,0.1723512044191367,0.7936610387968105,0.7777334000801459,1.0,PF,0.0010995641149997937
mine,PF,60,800,0.02,0.05,0.0,,21,0.3,0.2,2.0,20,0,1.0,1.0,1.0,160.0,0.8333333333333334,0.08333333333333333,35.50278305632259,0.01525,,60,1.2900385916915904,0.14621377239679123,0.6900385916915899,0.7178021915267868,1.0,PF,0.0012076691149991348
mine,PF,60,800,0.02,0.05,0.2,,21,0.3,0.2,2.0,20,0,1.0,1.0,1.0,160.0,0.8333333333333334,0.08333333333333333,32.11690961182058,0.0135625,1.0,50,1.4523186444969662,0.13348502490725223,0.8523186444969661,0.842993222273524,1.0,PF,0.001107285260000026
mine,PF,60,800,0.02,0.05,0.0,,22,0.3,0.2,2.0,20,0,1.0,1.0,1.0,160.0,0.9166666666666666,0.05,35.57392075512669,0.021208333333333333,,60,1.2584927793567473,0.1790357429938514,0.6584927793567472,0.639521798809986,1.0,PF,0.0011604799475003348
mine,PF,60,800,0.02,0.05,0.2,,22,0.3,0.2,2.0,20,0,1.0,1.0,1.0,160.0,0.9166666666666666,0.05,31.173939057907027,0.020541666666666666,1.0,46,1.5125068650174198,0.166656461295053,0.9125068650174201,0.849051934428069,1.0,PF,0.00103599729249936
mine,PF,60,800,0.02,0.05,0.2,,23,0.3,0.2,2.0,20,0,1.0,0.9995841995841996,1.0,140.0,0.7666666666666667,0.03333333333333333,31.484186799491773,0.013270833333333334,1.0,45,1.5174138620810924,0.19837692200291404,0.9174138620810925,0.8393783811962158,1.0,PF,0.001034384843751468
mine,PF,60,800,0.02,0.05,0.0,,23,0.3,0.2,2.0,20,0,1.0,1.0,1.0,140.0,0.7833333333333333,0.03333333333333333,35.30209042121976,0.013916666666666667,,60,1.2793800033135092,0.15971082838562028,0.6793800033135095,0.6792655549737637,1.0,PF,0.0011811056762508088
mine,PF,60,800,0.02,0.05,0.2,,24,0.3,0.2,2.0,20,0,1.0,1.0,1.0,180.0,0.8833333333333333,0.06666666666666667,31.304377800473425,0.0125625,1.0,46,1.4887572488965861,0.17457104833504522,0.8887572488965859,0.836301267680959,1.0,PF,0.0010204558337500202
mine,PF,60,800,0.02,0.05,0.0,,24,0.3,0.2,2.0,20,0,1.0,1.0,1.0,180.0,0.8833333333333333,0.08333333333333333,35.59063487206818,0.015145833333333334,,60,1.2776382442815721,0.13155719212432296,0.6776382442815724,0.6757481399024156,1.0,PF,0.0011519941675010158
mine,PF,60,800,0.02,0.05,0.2,,25,0.3,0.2,2.0,20,0,1.0,0.9952182952182952,1.0,140.0,1.0,0.06666666666666667,31.409421384970187,0.019270833333333334,1.0,45,1.5420614331840246,0.1602277641355958,0.9420614331840245,0.8697875817645268,1.0,PF,0.0010153200524996465
mine,PF,60,800,0.02,0.05,0.0,,25,0.3,0.2,2.0,20,0,1.0,1.0,1.0,140.0,1.0166666666666666,0.06666666666666667,35.82747279623961,0.020666666666666667,,60,1.2723979043524338,0.16020663377997013,0.6723979043524337,0.6874839123324065,1.0,PF,0.001153076874998078
mine,PF,60,800,0.02,0.05,0.0,,26,0.3,0.2,2.0,20,0,1.0,1.0,1.0,140.0,1.0666666666666667,0.13333333333333333,36.261550120012735,0.025,,60,1.2747699892145903,0.16841027575184872,0.6747699892145903,0.6752476137416431,1.0,PF,0.0011359537500015904
mine,PF,60,800,0.02,0.05,0.2,,26,0.3,0.2,2.0,20,0,1.0,1.0,1.0,140.0,1.0333333333333334,0.13333333333333333,31.084589403274926,0.024166666666666666,1.0,44,1.5610350520996468,0.197235437865833,0.961035052099647,0.8705298446487787,1.0,PF,0.0009966740624986414
mine,PF,60,800,0.02,0.05,0.0,,27,0.3,0.2,2.0,20,0,1.0,1.0,1.0,160.0,1.05,0.016666666666666666,35.596660177078256,0.0200625,,60,1.2546408580561952,0.18191870589818,0.6546408580561954,0.6576924741523081,1.0,PF,0.0011417532299992672
mine,PF,60,800,0.02,0.05,0.2,,27,0.3,0.2,2.0,20,0,1.0,0.9995841995841996,1.0,160.0,1.05,0.016666666666666666,32.77629544661088,0.018958333333333334,1.0,49,1.4688481034347753,0.13382651828662548,0.8688481034347754,0.8365456263716239,1.0,PF,0.0010220401049991779
mine,PF,60,800,0.02,0.05,0.2,,28,0.3,0.2,2.0,20,0,1.0,1.0,1.0,140.0,1.0833333333333333,0.11666666666666667,32.844061408738035,0.020791666666666667,1.0,50,1.418472685837485,0.14809562274871896,0.8184726858374853,0.8035341166792422,1.0,PF,0.0010288686975013662
mine,PF,60,800,0.02,0.05,0.0,,28,0.3,0.2,2.0,20,0,1.0,1.0,1.0,140.0,1.0833333333333333,0.13333333333333333,35.78739693906989,0.022479166666666668,,60,1.28218530617727,0.15261261128069356,0.6821853061772702,0.6837177689951445,1.0,PF,0.0011535650525001983
mine,PF,60,800,0.02,0.05,0.0,,29,0.3,0.2,2.0,20,0,1.0,1.0,1.0,160.0,0.6666666666666666,0.1,34.91922413475741,0.0100625,,60,1.2526907595494594,0.17343445377551298,0.6526907595494594,0.6277412017141432,1.0,PF,0.0011191659375003838
mine,PF,60,800,0.02,0.05,0.2,,29,0.3,0.2,2.0,20,0,1.0,0.9985446985446986,1.0,160.0,0.6666666666666666,0.1,30.661397906545226,0.0080625,1.0,45,1.5601150701206195,0.17904956811440167,0.9601150701206193,0.9065506888168581,1.0,PF,0.001000788958749581
apartment,PF,60,800,0.02,0.05,0.0,,0,0.3,0.2,2.0,20,0,0.8841145833333334,0.85859375,0.9309895833333334,220.0,1.0166666666666666,0.08333333333333333,33.15221708469819,0.0154375,,60,2.0390933582474124,0.1988203975470271,1.4390933582474126,1.4154066741194398,1.0,PF,0.0011937187500006986
apartment,PF,60,800,0.02,0.05,0.2,,0,0.3,0.2,2.0,20,0,0.8391927083333334,0.82099609375,0.861328125,160.0,1.0166666666666666,0.06666666666666667,29.694067079341906,0.015291666666666667,0.9945987654320988,46,2.257105779102523,0.11493913546609072,1.6571057791025239,1.5531413352468584,1.0,PF,0.0010675717699996311
apartment,PF,60,800,0.02,0.05,0.0,,1,0.3,0.2,2.0,20,0,0.90234375,0.8901041666666668,0.9388020833333334,180.0,1.1,0.13333333333333333,32.9823409469149,0.019270833333333334,,60,2.0696183289082812,0.2069489981948367,1.4696183289082814,1.4420602907869118,1.0,PF,0.001194974480001747
apartment,PF,60,800,0.02,0.05,0.2,,1,0.3,0.2,2.0,20,0,0.873046875,0.85859375,0.9381510416666666,140.0,1.1,0.15,29.316998774686162,0.019125,1.009789156626506,44,2.4709308584869927,0.1841686207771493,1.8709308584869928,1.841600279313044,1.0,PF,0.0010701236462500674
apartment,PF,60,800,0.02,0.05,0.0,,2,0.3,0.2,2.0,20,0,0.8990885416666666,0.8755533854166666,0.9361979166666666,240.0,1.1333333333333333,0.15,33.366606657453566,0.0214375,,60,2.042531540623359,0.1926574159915139,1.4425315406233592,1.392337341089382,1.0,PF,0.0012285222400009843
apartment,PF,60,800,0.02,0.05,0.2,,2,0.3,0.2,2.0,20,0,0.8671875,0.84638671875,0.9225260416666666,180.0,1.1333333333333333,0.15,30.755817775683642,0.0213125,1.0214723926380367,48,2.289564317534508,0.1804756183767377,1.6895643175345079,1.5749011042536574,1.0,PF,0.0010948127074993862
apartment,PF,60,800,0.02,0.05,0.2,,3,0.3,0.2,2.0,20,0,0.841796875,0.8421549479166668,0.869140625,140.0,1.0833333333333333,0.08333333333333333,30.58812721269009,0.017416666666666667,1.0062256809338521,49,2.199944465119913,0.10000242237664504,1.5999444651199126,1.5203196663579943,1.0,PF,0.0011041424475001804
apartment,PF,60,800,0.02,0.05,0.0,,3,0.3,0.2,2.0,20,0,0.8665364583333334,0.8483398437499998,0.8828125,160.0,1.0833333333333333,0.1,33.291832966076996,0.017583333333333333,,60,2.0518769649663597,0.13240647728810584,1.45187696496636,1.3985553263185546,1.0,PF,0.0012061061462486577
apartment,PF,60,800,0.02,0.05,0.0,,4,0.3,0.2,2.0,20,0,0.8938802083333334,0.8560872395833332,0.9290364583333334,460.0,1.1833333333333333,0.13333333333333333,33.19070109782194,0.020416666666666666,,60,2.0990726319485105,0.18538464310546146,1.4990726319485101,1.4449911250969678,1.0,PF,0.00121056598999985
apartment,PF,60,800,0.02,0.05,0.2,,4,0.3,0.2,2.0,20,0,0.8248697916666666,0.8064453125,0.8626302083333334,140.0,1.1833333333333333,0.1,31.33932961025344,0.02033333333333333,1.0284090909090908,53,2.1082418385791475,0.1587244655347161,1.5082418385791478,1.494493252006544,1.0,PF,0.0011762571362510243
apartment,PF,60,800,0.02,0.05,0.0,,5,0.3,0.2,2.0,20,0,0.9010416666666666,0.8819661458333334,0.9368489583333334,220.0,1.1833333333333333,0.13333333333333333,33.109446979365735,0.01625,,60,2.0844284378286932,0.16735689965605302,1.4844284378286932,1.4419496135123342,1.0,PF,0.0012381269262505157
apartment,PF,60,800,0.02,0.05,0.2,,5,0.3,0.2,2.0,20,0,0.8736979166666666,0.8694010416666668,0.9225260416666666,160.0,1.1833333333333333,0.1,30.902791320505766,0.015916666666666666,1.022086824067022,51,2.2234228009932955,0.18952336599450068,1.6234228009932956,1.5340415871704902,1.0,PF,0.0011018138024996916
apartment,PF,60,800,0.02,0.05,0.0,,6,0.3,0.2,2.0,20,0,0.8470052083333334,0.8228841145833332,0.8580729166666666,220.0,1.0666666666666667,0.1,33.02092356098225,0.018916666666666665,,60,1.976217895232935,0.12101295535600037,1.3762178952329347,1.3849220479947726,1.0,PF,0.0012522251037489695
apartment,PF,60,800,0.02,0.05,0.2,,6,0.3,0.2,2.0,20,0,0.830078125,0.8234375,0.853515625,160.0,1.0666666666666667,0.05,29.44888213329073,0.018416666666666668,1.0290556900726393,45,2.307984344448111,0.10900858679555084,1.7079843444481102,1.6734878209999002,1.0,PF,0.0010855556762498963
apartment,PF,60,800,0.02,0.05,0.2,,7,0.3,0.2,2.0,20,0,0.8873697916666666,0.8615559895833333,0.939453125,140.0,1.1333333333333333,0.1,30.54095706728681,0.019354166666666665,1.0404580152671754,49,2.330676411937946,0.1998824780288042,1.7306764119379459,1.6174758899135933,1.0,PF,0.0010930689575002362
apartment,PF,60,800,0.02,0.05,0.0,,7,0.3,0.2,2.0,20,0,0.9108072916666666,0.8927734375000002,0.9453125,240.0,1.1333333333333333,0.1,32.99049780134048,0.019333333333333334,,60,2.043746306042554,0.18843955143954,1.4437463060425537,1.3611874772738226,1.0,PF,0.0012300600525009032
apartment,PF,60,800,0.02,0.05,0.0,,8,0.3,0.2,2.0,20,0,0.91015625,0.8835611979166668,0.939453125,220.0,1.0833333333333333,0.2,33.00800223395536,0.0235625,,60,2.0450537364879544,0.19720713524591713,1.445053736487954,1.4012507926094004,1.0,PF,0.0012071726037493136
apartment,PF,60,800,0.02,0.05,0.2,,8,0.3,0.2,2.0,20,0,0.8470052083333334,0.8436197916666666,0.8782552083333334,160.0,1.0833333333333333,0.18333333333333332,30.67668193754563,0.023416666666666665,0.9901065449010655,50,2.1958991591984374,0.11751032196370731,1.5958991591984368,1.5640062791828115,1.0,PF,0.0011145096874997761
apartment,PF,60,800,0.02,0.05,0.2,,9,0.3,0.2,2.0,20,0,0.826171875,0.8228841145833334,0.8782552083333334,180.0,1.0666666666666667,0.08333333333333333,29.660938797933643,0.020770833333333332,0.9541353383458647,45,2.310560418493685,0.09508227170865871,1.7105604184936851,1.6964085137506904,1.0,PF,0.0010734401562513085
apartment,PF,60,800,0.02,0.05,0.0,,9,0.3,0.2,2.0,20,0,0.9134114583333334,0.8877929687499998,0.9420572916666666,220.0,1.0666666666666667,0.08333333333333333,33.10664546543666,0.020833333333333332,,60,2.0746768428582953,0.18086214470440773,1.4746768428582955,1.4440222999349968,1.0,PF,0.0012112448437483182
apartment,PF,60,800,0.02,0.05,0.0,,10,0.3,0.2,2.0,20,0,0.8834635416666666,0.8693684895833333,0.9361979166666666,280.0,1.0833333333333333,0.06666666666666667,33.07600054213802,0.017125,,60,2.041908645709729,0.18551056335747138,1.4419086457097294,1.3501601317659329,1.0,PF,0.0011997072912504337
apartment,PF,60,800,0.02,0.05,0.2,,10,0.3,0.2,2.0,20,0,0.84765625,0.8267578125,0.912109375,160.0,1.0833333333333333,0.08333333333333333,30.167197901380657,0.016958333333333332,1.0227808326787118,48,2.233324621036902,0.19808136540829058,1.633324621036902,1.5597250772758802,1.0,PF,0.0011081192187521083
apartment,PF,60,800,0.02,0.05,0.0,,11,0.3,0.2,2.0,20,0,0.888671875,0.8719075520833334,0.93359375,260.0,1.0166666666666666,0.15,33.0918740698091,0.020645833333333332,,60,2.0432544872915557,0.21034511432433992,1.4432544872915558,1.3888200973102707,1.0,PF,0.0012052652600004876
apartment,PF,60,800,0.02,0.05,0.2,,11,0.3,0.2,2.0,20,0,0.8678385416666666,0.8522460937500002,0.9348958333333334,200.0,1.0166666666666666,0.11666666666666667,30.797412973777213,0.020479166666666666,1.0230237912509594,49,2.270041817262344,0.19103545468925814,1.6700418172623441,1.68321012462357,1.0,PF,0.0010733793750000587
apartment,PF,60,800,0.02,0.05,0.0,,12,0.3,0.2,2.0,20,0,0.89453125,0.8770182291666668,0.9368489583333334,220.0,1.1166666666666667,0.15,33.061394142139406,0.0155,,60,2.1033553473468447,0.20197822782400823,1.5033553473468448,1.4456212893295644,1.0,PF,0.0011483639574998961
apartment,PF,60,800,0.02,0.05,0.2,,12,0.3,0.2,2.0,20,0,0.8404947916666666,0.82392578125,0.9173177083333334,180.0,1.1166666666666667,0.18333333333333332,29.158266267516485,0.015416666666666667,0.9847444698703279,44,2.4209319329789394,0.19686186132865288,1.8209319329789395,1.758628512437868,1.0,PF,0.0010323947400001999
apartment,PF,60,800,0.02,0.05,0.0,,13,0.3,0.2,2.0,20,0,0.9036458333333334,0.8949544270833334,0.9407552083333334,200.0,1.05,0.16666666666666666,32.991876277456,0.017333333333333333,,60,2.076765513532655,0.1718658912954286,1.476765513532655,1.4283025090128272,1.0,PF,0.001155033228751563
apartment,PF,60,800,0.02,0.05,0.2,,13,0.3,0.2,2.0,20,0,0.8873697916666666,0.88203125,0.939453125,180.0,1.05,0.13333333333333333,30.999375478464515,0.017416666666666667,1.0088823094004442,51,2.262294539726944,0.1890273900700602,1.662294539726944,1.6098383247074755,1.0,PF,0.0010862322399998448
apartment,PF,60,800,0.02,0.05,0.0,,14,0.3,0.2,2.0,20,0,0.8697916666666666,0.8578125,0.8821614583333334,180.0,1.1666666666666667,0.2,33.200719526945825,0.0193125,,60,2.0013577071941686,0.13753136942795283,1.4013577071941692,1.3823021246688225,1.0,PF,0.0012343433850014662
apartment,PF,60,800,0.02,0.05,0.2,,14,0.3,0.2,2.0,20,0,0.8561197916666666,0.84619140625,0.8697916666666666,160.0,1.1666666666666667,0.21666666666666667,30.85072042527845,0.019291666666666665,1.024941543257989,49,2.1964653207334437,0.11484523631738709,1.5964653207334438,1.5244458039642224,1.0,PF,0.0011329727087513674
apartment,PF,60,800,0.02,0.05,0.0,,15,0.3,0.2,2.0,20,0,0.9231770833333334,0.9113606770833333,0.9537760416666666,220.0,1.0333333333333334,0.08333333333333333,33.27312917164406,0.0183125,,60,2.085180745127432,0.12604584941140887,1.485180745127432,1.4739729430232866,1.0,PF,0.0011837250512485298
apartment,PF,60,800,0.02,0.05,0.2,,15,0.3,0.2,2.0,20,0,0.8990885416666666,0.8888671875,0.9537760416666666,160.0,1.0333333333333334,0.1,30.6145895550551,0.018375,1.023721275018532,49,2.273662205736061,0.10589719758659107,1.673662205736061,1.6640118956316394,1.0,PF,0.0010738386975003777
apartment,PF,60,800,0.02,0.05,0.2,,16,0.3,0.2,2.0,20,0,0.83984375,0.8279622395833333,0.8665364583333334,160.0,1.15,0.13333333333333333,31.058808126494885,0.018916666666666665,1.005455962587685,50,2.1497119535563503,0.10782067311273891,1.5497119535563502,1.551098774981432,1.0,PF,0.0011146289587486535
apartment,PF,60,800,0.02,0.05,0.0,,16,0.3,0.2,2.0,20,0,0.87109375,0.84853515625,0.892578125,180.0,1.15,0.1,33.12981214834823,0.018833333333333334,,60,2.0247223906498832,0.1470881737364694,1.4247223906498832,1.4191123651637882,1.0,PF,0.0012379440099994099
apartment,PF,60,800,0.02,0.05,0.0,,17,0.3,0.2,2.0,20,0,0.8880208333333334,0.8654296875,0.9212239583333334,240.0,1.0,0.11666666666666667,33.248486335262896,0.0215,,60,2.0400213543185735,0.18654145274216063,1.4400213543185738,1.384138601934533,1.0,PF,0.0012240148962496277
apartment,PF,60,800,0.02,0.05,0.2,,17,0.3,0.2,2.0,20,0,0.8509114583333334,0.8238932291666666,0.8912760416666666,160.0,1.0,0.1,31.045516868536755,0.021145833333333332,1.0195007800312013,51,2.181794435440268,0.19419650755292583,1.5817944354402673,1.4368057736854478,1.0,PF,0.0011065691662497557
apartment,PF,60,800,0.02,0.05,0.0,,18,0.3,0.2,2.0,20,0,0.8893229166666666,0.8644205729166667,0.9361979166666666,280.0,0.9166666666666666,0.13333333333333333,33.12810752758466,0.012625,,60,2.0635280492342334,0.20744733918276653,1.463528049234233,1.3737291704386307,1.0,PF,0.0011954594275016461
apartment,PF,60,800,0.02,0.05,0.2,,18,0.3,0.2,2.0,20,0,0.8658854166666666,0.8440104166666667,0.9192708333333334,140.0,0.9166666666666666,0.13333333333333333,30.635367263365165,0.012291666666666666,1.0522151898734178,50,2.1919026326835724,0.19304455195250758,1.5919026326835728,1.481747321430144,1.0,PF,0.0011241040624986453
apartment,PF,60,800,0.02,0.05,0.0,,19,0.3,0.2,2.0,20,0,0.904296875,0.8723958333333334,0.9322916666666666,220.0,1.2333333333333334,0.15,33.3498114017943,0.018625,,60,2.060168205087278,0.16349111577110478,1.460168205087278,1.3595597246807483,1.0,PF,0.001244913802499923
apartment,PF,60,800,0.02,0.05,0.2,,19,0.3,0.2,2.0,20,0,0.8489583333333334,0.8202473958333334,0.880859375,140.0,1.2333333333333334,0.16666666666666666,30.217282554516867,0.018666666666666668,1.0124223602484472,47,2.304848240155296,0.15693576282310445,1.7048482401552958,1.6909529704468458,1.0,PF,0.0011159100512509212
apartment,PF,60,800,0.02,0.05,0.2,,20,0.3,0.2,2.0,20,0,0.81640625,0.81376953125,0.8697916666666666,180.0,1.0833333333333333,0.15,29.385853640533377,0.019645833333333335,0.9623944742900998,45,2.2371922464430196,0.11057335586969443,1.63719224644302,1.58798154857624,1.0,PF,0.001046102968748528
apartment,PF,60,800,0.02,0.05,0.0,,20,0.3,0.2,2.0,20,0,0.8971354166666666,0.8727539062500002,0.9322916666666666,220.0,1.0833333333333333,0.18333333333333332,33.1232579265142,0.019729166666666666,,60,2.058259004556733,0.19242729196335956,1.4582590045567325,1.3947168801756518,1.0,PF,0.0012242354687487023
apartment,PF,60,800,0.02,0.05,0.2,,21,0.3,0.2,2.0,20,0,0.83984375,0.83662109375,0.9231770833333334,160.0,1.1333333333333333,0.11666666666666667,29.129604429048918,0.017895833333333333,0.9662921348314607,44,2.380251006459264,0.21471113217807117,1.7802510064592645,1.705644091775349,1.0,PF,0.001054206093749599
apartment,PF,60,800,0.02,0.05,0.0,,21,0.3,0.2,2.0,20,0,0.9166666666666666,0.8978841145833334,0.9459635416666666,300.0,1.1333333333333333,0.18333333333333332,33.148721787600806,0.018291666666666668,,60,2.076144020497027,0.16972770619841435,1.4761440204970269,1.470637717804069,1.0,PF,0.001222058697499051
apartment,PF,60,800,0.02,0.05,0.0,,22,0.3,0.2,2.0,20,0,0.8958333333333334,0.8830403645833332,0.9329427083333334,260.0,0.8166666666666667,0.13333333333333333,33.28512308330978,0.017104166666666667,,60,2.056862623547372,0.181266212846907,1.4568626235473718,1.4161178733643114,1.0,PF,0.0012143857299997762
apartment,PF,60,800,0.02,0.05,0.2,,22,0.3,0.2,2.0,20,0,0.8678385416666666,0.8628580729166668,0.9231770833333334,220.0,0.8166666666666667,0.11666666666666667,30.258082170840474,0.017,0.9992503748125936,47,2.367527455703205,0.1685839919573635,1.767527455703205,1.7035685618579377,1.0,PF,0.0010888127087514477
apartment,PF,60,800,0.02,0.05,0.0,,23,0.3,0.2,2.0,20,0,0.9036458333333334,0.8735026041666666,0.9368489583333334,240.0,1.15,0.05,33.05543499282508,0.0176875,,60,2.0608954898962546,0.18338537969313834,1.460895489896255,1.4172778783168245,1.0,PF,0.0012115120312500948
apartment,PF,60,800,0.02,0.05,0.2,,23,0.3,0.2,2.0,20,0,0.85546875,0.85107421875,0.9225260416666666,140.0,1.15,0.03333333333333333,30.075251074943065,0.017520833333333333,1.0107692307692309,47,2.2519421858746496,0.19702267202954205,1.6519421858746497,1.6128494679399408,1.0,PF,0.0010622178125004212
apartment,PF,60,800,0.02,0.05,0.2,,24,0.3,0.2,2.0,20,0,0.8326822916666666,0.8285481770833332,0.8567708333333334,140.0,1.1666666666666667,0.15,30.098714582743234,0.0188125,0.9899380804953559,48,2.1848886065054463,0.09297404606377746,1.5848886065054462,1.568072361716672,1.0,PF,0.0010999115625008925
apartment,PF,60,800,0.02,0.05,0.0,,24,0.3,0.2,2.0,20,0,0.87890625,0.8589518229166666,0.89453125,200.0,1.1666666666666667,0.18333333333333332,33.037061501721176,0.0189375,,60,2.06556485129221,0.13135046103667838,1.4655648512922097,1.475565409476017,1.0,PF,0.001187520572500489
apartment,PF,60,800,0.02,0.05,0.2,,25,0.3,0.2,2.0,20,0,0.8359375,0.8243815104166666,0.8665364583333334,140.0,0.95,0.11666666666666667,30.620632407328916,0.018395833333333333,1.009433962264151,49,2.2037149778667975,0.09336775279700493,1.6037149778667978,1.5852691449399043,1.0,PF,0.001083828332500616
apartment,PF,60,800,0.02,0.05,0.0,,25,0.3,0.2,2.0,20,0,0.90234375,0.8797526041666666,0.9381510416666666,260.0,0.95,0.15,33.226004187254695,0.018291666666666668,,60,2.005856821655115,0.1736984164627554,1.4058568216551146,1.352946535886661,1.0,PF,0.0011988688024985096
apartment,PF,60,800,0.02,0.05,0.0,,26,0.3,0.2,2.0,20,0,0.8912760416666666,0.8781575520833333,0.935546875,240.0,1.0166666666666666,0.16666666666666666,33.007152570923786,0.018125,,60,2.060639463709079,0.2064856288317897,1.460639463709079,1.3928972097592216,1.0,PF,0.0012028235412503818
apartment,PF,60,800,0.02,0.05,0.2,,26,0.3,0.2,2.0,20,0,0.84765625,0.8374348958333332,0.927734375,160.0,1.0166666666666666,0.16666666666666666,29.806025102113825,0.0178125,0.9908675799086758,46,2.324656560721821,0.17348948962483318,1.7246565607218205,1.6400597200295848,1.0,PF,0.0010520554162485496
apartment,PF,60,800,0.02,0.05,0.0,,27,0.3,0.2,2.0,20,0,0.8404947916666666,0.8176432291666668,0.8463541666666666,160.0,1.1666666666666667,0.11666666666666667,33.11841768874279,0.0179375,,60,1.9807874626409696,0.10433127253720739,1.3807874626409702,1.3881583963076625,1.0,PF,0.0011968555724979524
apartment,PF,60,800,0.02,0.05,0.2,,27,0.3,0.2,2.0,20,0,0.80078125,0.7970377604166667,0.8326822916666666,140.0,1.1666666666666667,0.11666666666666667,30.468793312081623,0.017729166666666667,0.9879518072289156,47,2.1689573433347826,0.16926513962230247,1.568957343334783,1.5239036825149306,1.0,PF,0.0010667111462521462
apartment,PF,60,800,0.02,0.05,0.0,,28,0.3,0.2,2.0,20,0,0.890625,0.8744140625,0.935546875,240.0,1.0666666666666667,0.15,33.283472319041834,0.017770833333333333,,60,2.06777078076249,0.186563930831314,1.4677707807624902,1.3788873244021385,1.0,PF,0.001169482552500085
apartment,PF,60,800,0.02,0.05,0.2,,28,0.3,0.2,2.0,20,0,0.8619791666666666,0.8562174479166668,0.9283854166666666,220.0,1.0666666666666667,0.15,30.990517478153865,0.017833333333333333,1.0184615384615385,50,2.1557294826304862,0.2087466350947521,1.5557294826304864,1.4964571742653257,1.0,PF,0.0010916637500008619
apartment,PF,60,800,0.02,0.05,0.2,,29,0.3,0.2,2.0,20,0,0.8678385416666666,0.84619140625,0.9290364583333334,160.0,1.2666666666666666,0.13333333333333333,31.032673150339008,0.0176875,1.0191131498470947,49,2.2534698622097755,0.21399234240299303,1.6534698622097752,1.5581375865852367,1.0,PF,0.0010551859375004823
apartment,PF,60,800,0.02,0.05,0.0,,29,0.3,0.2,2.0,20,0,0.8997395833333334,0.8917643229166666,0.9401041666666666,220.0,1.2666666666666666,0.15,33.240357483917066,0.01775,,60,2.0628433200522758,0.16291193910140328,1.4628433200522757,1.4367211401308104,1.0,PF,0.0011758686462508194
rubble,PF,60,800,0.02,0.05,0.2,,0,0.3,0.2,2.0,20,0,0.6745810055865922,0.6736731843575419,0.7849162011173184,240.0,1.05,0.26666666666666666,30.61355375979928,0.019770833333333335,0.943359375,43,2.109654384108779,0.3086238044483985,1.5096543841087788,1.3069992720029897,1.0,PF,0.0010330567187497764
rubble,PF,60,800,0.02,0.05,0.0,,0,0.3,0.2,2.0,20,0,0.7716480446927374,0.747486033519553,0.8156424581005587,360.0,1.05,0.26666666666666666,35.631415801409304,0.019916666666666666,,60,1.8014155783477261,0.2413148246336839,1.2014155783477258,1.1093682638733204,1.0,PF,0.0012626154162489911
rubble,PF,60,800,0.02,0.05,0.0,,1,0.3,0.2,2.0,20,0,0.7681564245810056,0.7476606145251397,0.8135474860335196,240.0,1.25,0.3333333333333333,35.26483935566474,0.036583333333333336,,60,1.836220465951861,0.20073083008500148,1.2362204659518607,1.1895492112487287,1.0,PF,0.0011796513537501597
rubble,PF,60,800,0.02,0.05,0.2,,1,0.3,0.2,2.0,20,0,0.6941340782122905,0.6904678770949719,0.7828212290502793,180.0,1.25,0.3,31.27055204226986,0.03625,0.9511961722488037,47,2.049628024052832,0.2747047812437783,1.449628024052832,1.3221981818809794,1.0,PF,0.0010921200525012863
rubble,PF,60,800,0.02,0.05,0.0,,2,0.3,0.2,2.0,20,0,0.7667597765363129,0.7438896648044693,0.8114525139664804,340.0,1.35,0.3333333333333333,34.99766622521805,0.027270833333333334,,60,1.8374150469279478,0.25045205994677877,1.2374150469279472,1.128209884668676,1.0,PF,0.0012315733850005017
rubble,PF,60,800,0.02,0.05,0.2,,2,0.3,0.2,2.0,20,0,0.6801675977653632,0.6703910614525139,0.7660614525139665,240.0,1.35,0.25,31.96403788370923,0.02660416666666667,0.9521016617790812,49,1.9107964563825701,0.3183748007300248,1.31079645638257,1.1470119810003703,1.0,PF,0.0011232393750015034
rubble,PF,60,800,0.02,0.05,0.2,,3,0.3,0.2,2.0,20,0,0.7646648044692738,0.7523044692737431,0.8582402234636871,200.0,1.15,0.21666666666666667,30.557759781892077,0.033979166666666664,1.0233644859813085,44,2.1327429888295,0.17767014975956727,1.5327429888294999,1.431535991669928,1.0,PF,0.001044738854998286
rubble,PF,60,800,0.02,0.05,0.0,,3,0.3,0.2,2.0,20,0,0.8002793296089385,0.7887918994413409,0.848463687150838,340.0,1.15,0.4,34.79212455389229,0.034541666666666665,,60,1.8941817032212673,0.20949193677984285,1.2941817032212675,1.157520507661579,1.0,PF,0.0012206636462497044
rubble,PF,60,800,0.02,0.05,0.0,,4,0.3,0.2,2.0,20,0,0.7639664804469274,0.7252444134078212,0.8142458100558659,460.0,1.25,0.4166666666666667,35.17625072013407,0.026395833333333334,,60,1.7987212529963181,0.2691908074183995,1.198721252996318,1.0267755873791016,1.0,PF,0.0012092775512519438
rubble,PF,60,800,0.02,0.05,0.2,,4,0.3,0.2,2.0,20,0,0.7227653631284916,0.6916550279329609,0.7702513966480447,200.0,1.25,0.5333333333333333,33.26369174713338,0.027979166666666666,1.0894736842105264,53,1.8644646817139,0.23540476583507058,1.2644646817138998,1.2095080254126125,1.0,PF,0.0011644224474980547
rubble,PF,60,800,0.02,0.05,0.0,,5,0.3,0.2,2.0,20,0,0.7688547486033519,0.7523743016759777,0.8247206703910615,360.0,1.1833333333333333,0.18333333333333332,35.19378552458686,0.034541666666666665,,60,1.8677910939745217,0.22944472263891236,1.2677910939745216,1.2065227156290326,1.0,PF,0.0012350452087503071
rubble,PF,60,800,0.02,0.05,0.2,,5,0.3,0.2,2.0,20,0,0.7150837988826816,0.7024092178770949,0.8023743016759777,200.0,1.1833333333333333,0.2833333333333333,33.06380296366696,0.035604166666666666,1.0009775171065494,52,1.8777140256567135,0.19644796342543513,1.2777140256567137,1.1770692270525736,1.0,PF,0.0011286258862492104
rubble,PF,60,800,0.02,0.05,0.0,,6,0.3,0.2,2.0,20,0,0.7465083798882681,0.7292946927374302,0.8044692737430168,400.0,1.25,0.45,35.703301613326154,0.025729166666666668,,60,1.8224182427083613,0.22300162133827822,1.2224182427083614,1.1681095083422302,1.0,PF,0.0012122803649981507
rubble,PF,60,800,0.02,0.05,0.2,,6,0.3,0.2,2.0,20,0,0.7318435754189944,0.7120810055865922,0.7995810055865922,240.0,1.25,0.5,31.851514590308177,0.0255,1.0693877551020408,48,2.0370087677173223,0.21308602582263678,1.437008767717322,1.3711644368227205,1.0,PF,0.0011213295824995838
rubble,PF,60,800,0.02,0.05,0.2,,7,0.3,0.2,2.0,20,0,0.7046089385474861,0.6864525139664803,0.7688547486033519,160.0,1.3333333333333333,0.2833333333333333,31.572992732819614,0.0290625,1.0532359081419627,47,2.022975813132465,0.25448681332754686,1.4229758131324646,1.283613030298751,1.0,PF,0.0010914914062482239
rubble,PF,60,800,0.02,0.05,0.0,,7,0.3,0.2,2.0,20,0,0.7667597765363129,0.7331354748603351,0.8233240223463687,480.0,1.3333333333333333,0.25,35.77444001139278,0.0288125,,60,1.8482661490418728,0.2664488505894096,1.2482661490418723,1.1173643799381736,1.0,PF,0.0012096186974986268
rubble,PF,60,800,0.02,0.05,0.2,,8,0.3,0.2,2.0,20,0,0.7171787709497207,0.7107891061452514,0.8037709497206704,300.0,1.1,0.5666666666666667,31.933122309085505,0.024395833333333332,0.9734597156398105,49,1.96922709069073,0.213399340238437,1.36922709069073,1.251984268656118,1.0,PF,0.0011043495312492268
rubble,PF,60,800,0.02,0.05,0.0,,8,0.3,0.2,2.0,20,0,0.7611731843575419,0.7489175977653633,0.8086592178770949,320.0,1.1,0.45,34.787605963768534,0.024770833333333332,,60,1.844299097189467,0.23865118575720012,1.2442990971894665,1.098805112370668,1.0,PF,0.001202509999998256
rubble,PF,60,800,0.02,0.05,0.0,,9,0.3,0.2,2.0,20,0,0.7262569832402235,0.7104748603351955,0.7751396648044693,300.0,1.2833333333333334,0.38333333333333336,34.6518169326278,0.025354166666666667,,60,1.7941104674559143,0.21825020263009096,1.1941104674559146,1.1074618520883832,1.0,PF,0.0012045760412502204
rubble,PF,60,800,0.02,0.05,0.2,,9,0.3,0.2,2.0,20,0,0.6759776536312849,0.6589734636871509,0.7311452513966481,240.0,1.2833333333333334,0.3333333333333333,32.06609505976001,0.024979166666666667,1.0072840790842872,49,1.885848445870664,0.28616108072941254,1.2858484458706643,1.153226409667118,1.0,PF,0.001110390156250105
rubble,PF,60,800,0.02,0.05,0.0,,10,0.3,0.2,2.0,20,0,0.7779329608938548,0.7545391061452514,0.8400837988826816,320.0,1.0833333333333333,0.5166666666666667,34.68304710553103,0.030833333333333334,,60,1.8502865363537555,0.28009729846203285,1.2502865363537552,1.1343519914860878,1.0,PF,0.0011868845837511798
rubble,PF,60,800,0.02,0.05,0.2,,10,0.3,0.2,2.0,20,0,0.7227653631284916,0.6973114525139664,0.770949720670391,220.0,1.0833333333333333,0.4,32.081287621066494,0.0300625,1.0038797284190106,49,1.9699881795450667,0.2506563510073877,1.3699881795450666,1.1839605116816596,1.0,PF,0.00107329026124944
rubble,PF,60,800,0.02,0.05,0.0,,11,0.3,0.2,2.0,20,0,0.7821229050279329,0.7525488826815643,0.8240223463687151,440.0,1.1333333333333333,0.2833333333333333,35.001489647238266,0.026479166666666668,,60,1.8521574889175905,0.23627334097361416,1.2521574889175904,1.1340811955523606,1.0,PF,0.0011989122912495986
rubble,PF,60,800,0.02,0.05,0.2,,11,0.3,0.2,2.0,20,0,0.7150837988826816,0.686627094972067,0.7730446927374302,200.0,1.1333333333333333,0.35,31.99308970855459,0.026458333333333334,1.0427698574338087,47,2.061138486294774,0.207125848593892,1.4611384862947738,1.4015932266702236,1.0,PF,0.0010622746362491853
rubble,PF,60,800,0.02,0.05,0.2,,12,0.3,0.2,2.0,20,0,0.6990223463687151,0.6773393854748603,0.8002793296089385,260.0,1.15,0.4166666666666667,30.017732398807535,0.021229166666666667,1.0070422535211268,42,2.0903497504521034,0.21500075846756142,1.4903497504521037,1.323176111737619,1.0,PF,0.0010026244262485307
rubble,PF,60,800,0.02,0.05,0.0,,12,0.3,0.2,2.0,20,0,0.770949720670391,0.7343924581005586,0.8268156424581006,480.0,1.15,0.5,35.075237670033374,0.021083333333333332,,60,1.8286830063479107,0.2675147094245442,1.2286830063479102,1.0519446937749015,1.0,PF,0.001197620417501639
rubble,PF,60,800,0.02,0.05,0.0,,13,0.3,0.2,2.0,20,0,0.7702513966480447,0.7515712290502793,0.8233240223463687,260.0,1.35,0.45,34.87674301512947,0.04120833333333333,,60,1.8854788103938565,0.28742759208987717,1.2854788103938561,1.1528042976763166,1.0,PF,0.0011843060425007935
rubble,PF,60,800,0.02,0.05,0.2,,13,0.3,0.2,2.0,20,0,0.7430167597765364,0.721822625698324,0.8058659217877095,180.0,1.35,0.35,31.727358548299215,0.04039583333333333,1.0350194552529184,48,2.0277205692845626,0.20561020031285404,1.4277205692845623,1.3419269106188048,1.0,PF,0.0010946495312487059
rubble,PF,60,800,0.02,0.05,0.0,,14,0.3,0.2,2.0,20,0,0.75,0.721368715083799,0.8044692737430168,500.0,1.1666666666666667,0.35,34.98843903712428,0.029833333333333333,,60,1.793635892947075,0.21336382330045947,1.1936358929470747,1.12528238204907,1.0,PF,0.0012261857812518428
rubble,PF,60,800,0.02,0.05,0.2,,14,0.3,0.2,2.0,20,0,0.6990223463687151,0.6808659217877094,0.7597765363128491,240.0,1.1666666666666667,0.38333333333333336,32.135108618142915,0.029791666666666668,1.0427083333333333,48,1.9973191964229937,0.28229335939675543,1.3973191964229936,1.2552125050057863,1.0,PF,0.0010952427087499927
rubble,PF,60,800,0.02,0.05,0.0,,15,0.3,0.2,2.0,20,0,0.8086592178770949,0.7627793296089386,0.8561452513966481,420.0,1.4833333333333334,0.5666666666666667,35.37819110233399,0.02814583333333333,,60,1.878601222923172,0.2401060537658903,1.2786012229231716,1.1736748265031334,1.0,PF,0.0011774733850006668
rubble,PF,60,800,0.02,0.05,0.2,,15,0.3,0.2,2.0,20,0,0.7039106145251397,0.6861033519553074,0.7779329608938548,260.0,1.4833333333333334,0.5166666666666667,31.768883664337555,0.0291875,0.9748549323017409,47,1.9645177389203803,0.15890698031792155,1.3645177389203802,1.2892130325788638,1.0,PF,0.0010816242700002476
rubble,PF,60,800,0.02,0.05,0.0,,16,0.3,0.2,2.0,20,0,0.7416201117318436,0.7101606145251396,0.7828212290502793,320.0,1.3,0.48333333333333334,35.02536235304251,0.030458333333333334,,60,1.7653748969906444,0.21109730449409445,1.1653748969906443,1.0991519040757582,1.0,PF,0.0012364973962507974
rubble,PF,60,800,0.02,0.05,0.2,,16,0.3,0.2,2.0,20,0,0.6927374301675978,0.6766061452513967,0.7416201117318436,160.0,1.3,0.4166666666666667,33.5168911783866,0.0295625,1.0269151138716357,53,1.8293631065237044,0.2159460311922284,1.229363106523704,1.1315722706585647,1.0,PF,0.001173481509999874
rubble,PF,60,800,0.02,0.05,0.0,,17,0.3,0.2,2.0,20,0,0.7339385474860335,0.7118365921787709,0.7918994413407822,280.0,1.35,0.2833333333333333,34.78992156391472,0.028270833333333332,,60,1.7991542114632326,0.2666054850320305,1.1991542114632319,1.089952040226603,1.0,PF,0.0012267612499999815
rubble,PF,60,800,0.02,0.05,0.2,,17,0.3,0.2,2.0,20,0,0.7094972067039106,0.6931564245810055,0.7793296089385475,200.0,1.35,0.21666666666666667,32.77874400485371,0.0281875,1.0377936670071501,51,1.8910943273747274,0.21768229916728513,1.2910943273747273,1.1646687850345563,1.0,PF,0.0011344006774993431
rubble,PF,60,800,0.02,0.05,0.0,,18,0.3,0.2,2.0,20,0,0.7534916201117319,0.7459148044692736,0.8065642458100558,260.0,1.25,0.31666666666666665,35.355746558025295,0.027791666666666666,,60,1.8253077247734457,0.22800033688676438,1.225307724773446,1.1116691399909966,1.0,PF,0.0011931402612481178
rubble,PF,60,800,0.02,0.05,0.2,,18,0.3,0.2,2.0,20,0,0.7248603351955307,0.7079259776536313,0.8191340782122905,220.0,1.25,0.25,32.2795337970523,0.026375,1.0048402710551791,49,1.9601457597189484,0.20224211958572796,1.3601457597189484,1.2674825388989461,1.0,PF,0.0010941600000001018
rubble,PF,60,800,0.02,0.05,0.0,,19,0.3,0.2,2.0,20,0,0.7737430167597765,0.7498603351955307,0.8177374301675978,400.0,1.2666666666666666,0.4666666666666667,35.58740812879189,0.021958333333333333,,60,1.8258052295236713,0.2341439637185846,1.2258052295236712,1.12354524854449,1.0,PF,0.0013226119787486824
rubble,PF,60,800,0.02,0.05,0.2,,19,0.3,0.2,2.0,20,0,0.6766759776536313,0.6624301675977653,0.7513966480446927,260.0,1.2666666666666666,0.38333333333333336,31.570230495509456,0.022145833333333333,0.96996996996997,45,2.009635333719601,0.252712327263491,1.4096353337196013,1.305634884641072,1.0,PF,0.0010552303124995888
rubble,PF,60,800,0.02,0.05,0.0,,20,0.3,0.2,2.0,20,0,0.8044692737430168,0.7658868715083799,0.8603351955307262,400.0,1.0833333333333333,0.35,35.08079359180884,0.033166666666666664,,60,1.89562552154691,0.25198331758986514,1.2956255215469104,1.0908720079117176,1.0,PF,0.001220957343750797
rubble,PF,60,800,0.02,0.05,0.2,,20,0.3,0.2,2.0,20,0,0.7374301675977654,0.7160265363128492,0.8100558659217877,180.0,1.0833333333333333,0.26666666666666666,31.581319544245094,0.03302083333333333,1.0183220829315334,47,2.0098946032859977,0.22314124790103246,1.4098946032859971,1.3084650520278456,1.0,PF,0.0010802043750004486
rubble,PF,60,800,0.02,0.05,0.2,,21,0.3,0.2,2.0,20,0,0.696927374301676,0.6877793296089385,0.7835195530726257,200.0,1.3333333333333333,0.23333333333333334,29.925133751923237,0.03264583333333333,0.955023923444976,43,2.143564628117509,0.2696307716618342,1.5435646281175088,1.3845623118463113,1.0,PF,0.0010384817712497353
rubble,PF,60,800,0.02,0.05,0.0,,21,0.3,0.2,2.0,20,0,0.7737430167597765,0.7568435754189944,0.8212290502793296,280.0,1.3333333333333333,0.2833333333333333,34.47952667006787,0.03339583333333333,,60,1.8098888914116331,0.2537467062569284,1.2098888914116328,1.137467045116059,1.0,PF,0.0012029403650012681
rubble,PF,60,800,0.02,0.05,0.0,,22,0.3,0.2,2.0,20,0,0.789804469273743,0.7570879888268156,0.8505586592178771,440.0,1.35,0.48333333333333334,35.06156036014054,0.0263125,,60,1.8789538652736975,0.261038038686874,1.2789538652736974,1.1648908980892925,1.0,PF,0.0012001531762484774
rubble,PF,60,800,0.02,0.05,0.2,,22,0.3,0.2,2.0,20,0,0.6864525139664804,0.6840083798882681,0.7751396648044693,220.0,1.35,0.5166666666666667,32.177362028127604,0.029041666666666667,0.9703849950641659,51,1.8549994714588904,0.2073382484319683,1.2549994714588901,1.1980124058573307,1.0,PF,0.0011293613025009108
rubble,PF,60,800,0.02,0.05,0.0,,23,0.3,0.2,2.0,20,0,0.776536312849162,0.7364874301675978,0.8198324022346368,460.0,1.2833333333333334,0.4166666666666667,35.50965731644956,0.02808333333333333,,60,1.8632351853843327,0.2532261259277315,1.2632351853843329,1.1181115627358456,1.0,PF,0.0012194049475010614
rubble,PF,60,800,0.02,0.05,0.2,,23,0.3,0.2,2.0,20,0,0.678072625698324,0.6606843575418995,0.7185754189944135,200.0,1.2833333333333334,0.38333333333333336,31.582132052935503,0.02775,1.0083073727933543,48,1.9357068503044619,0.18984060877645262,1.3357068503044618,1.29036482308208,1.0,PF,0.0011192015100004937
rubble,PF,60,800,0.02,0.05,0.0,,24,0.3,0.2,2.0,20,0,0.744413407821229,0.7406424581005585,0.8023743016759777,300.0,1.3,0.36666666666666664,35.02505335485476,0.03191666666666667,,60,1.7926794791711234,0.21912527631130715,1.192679479171123,1.0804507233053204,1.0,PF,0.0012004768225006045
rubble,PF,60,800,0.02,0.05,0.2,,24,0.3,0.2,2.0,20,0,0.6906424581005587,0.6854050279329609,0.7597765363128491,240.0,1.3,0.3333333333333333,32.02899525556778,0.0309375,0.9801783944499505,49,1.9795011544483816,0.2888697529364822,1.3795011544483817,1.2668437429317128,1.0,PF,0.001117407603749143
rubble,PF,60,800,0.02,0.05,0.2,,25,0.3,0.2,2.0,20,0,0.5977653631284916,0.5931913407821229,0.75,180.0,1.4333333333333333,0.26666666666666666,30.135415182113977,0.02475,0.8534396809571286,41,2.036829890179502,0.26749637699815476,1.436829890179502,1.3289504480879497,1.0,PF,0.0010469917187492684
rubble,PF,60,800,0.02,0.05,0.0,,25,0.3,0.2,2.0,20,0,0.744413407821229,0.7302374301675979,0.803072625698324,320.0,1.4333333333333333,0.3,35.07581160488149,0.02575,,60,1.768371638705466,0.2067453547047396,1.1683716387054652,1.0678674439331144,1.0,PF,0.0012111483862508976
rubble,PF,60,800,0.02,0.05,0.0,,26,0.3,0.2,2.0,20,0,0.7513966480446927,0.7403631284916201,0.8184357541899442,240.0,1.0333333333333334,0.4166666666666667,34.98235329286569,0.025666666666666667,,60,1.8238362673256208,0.20066321975912377,1.223836267325621,1.1369971030843038,1.0,PF,0.0011878903649994753
rubble,PF,60,800,0.02,0.05,0.2,,26,0.3,0.2,2.0,20,0,0.6871508379888268,0.6822625698324023,0.75768156424581,200.0,1.0333333333333334,0.3,30.754004265384957,0.027104166666666665,0.9723320158102767,45,2.1135387422078464,0.30624466014871066,1.5135387422078463,1.3270458022924498,1.0,PF,0.001040340990000459
rubble,PF,60,800,0.02,0.05,0.0,,27,0.3,0.2,2.0,20,0,0.7695530726256983,0.7361382681564246,0.8058659217877095,320.0,1.05,0.48333333333333334,35.274918870118746,0.026458333333333334,,60,1.8378759836610667,0.22272623576861522,1.2378759836610669,1.156442510687904,1.0,PF,0.0011866582812513115
rubble,PF,60,800,0.02,0.05,0.2,,27,0.3,0.2,2.0,20,0,0.7136871508379888,0.6971717877094973,0.7639664804469274,240.0,1.05,0.35,31.943143311601826,0.024916666666666667,1.020979020979021,50,1.9742011655861291,0.2796753885277594,1.3742011655861297,1.282448400875647,1.0,PF,0.0010749277087506925
rubble,PF,60,800,0.02,0.05,0.2,,28,0.3,0.2,2.0,20,0,0.6899441340782123,0.6839734636871508,0.7814245810055865,180.0,1.3666666666666667,0.31666666666666665,31.080582283638822,0.03685416666666667,0.9880000000000001,46,1.9978348617160122,0.22126687842711726,1.3978348617160123,1.3287476187223457,1.0,PF,0.0010896238537497992
rubble,PF,60,800,0.02,0.05,0.0,,28,0.3,0.2,2.0,20,0,0.7486033519553073,0.7192737430167597,0.8002793296089385,320.0,1.3666666666666667,0.31666666666666665,35.16533472175002,0.0365625,,60,1.8089517767009817,0.2315772919936732,1.2089517767009814,1.132609575147634,1.0,PF,0.0012259173437496429
rubble,PF,60,800,0.02,0.05,0.0,,29,0.3,0.2,2.0,20,0,0.7772346368715084,0.7367667597765364,0.8324022346368715,420.0,1.3,0.35,35.441202223611384,0.027270833333333334,,60,1.857265640042588,0.2711995625701681,1.2572656400425875,1.1557453386665058,1.0,PF,0.001170560676250716
rubble,PF,60,800,0.02,0.05,0.2,,29,0.3,0.2,2.0,20,0,0.6787709497206704,0.6387918994413407,0.7590782122905028,240.0,1.3,0.36666666666666664,32.13442937388728,0.0271875,0.972972972972973,49,1.9530559208370852,0.35967025158412713,1.3530559208370856,1.194589427340833,1.0,PF,0.0011257150525011638
office,Boids,60,800,0.02,0.05,0.0,,0,0.3,0.2,2.0,20,0,0.8307291666666666,0.7849283854166667,0.9153645833333334,500.0,1.05,0.21666666666666667,97.5449968207268,0.007375,,60,1.6781808063423094,0.2649534210429539,1.0781808063423097,0.9608016156938841,1.0,Boids,0.001348822656250377
office,Boids,60,800,0.02,0.05,0.2,,0,0.3,0.2,2.0,20,0,0.8020833333333334,0.7491210937500001,0.9036458333333334,220.0,1.05,0.2,92.50390407103167,0.007270833333333333,1.1333946642134316,52,1.729193767764456,0.31520922884433056,1.129193767764456,1.0963855216900278,1.0,Boids,0.0012540641662508278
office,Boids,60,800,0.02,0.05,0.0,,1,0.3,0.2,2.0,20,0,0.826171875,0.7966145833333333,0.9244791666666666,500.0,1.1166666666666667,0.08333333333333333,97.12312048050511,0.007291666666666667,,60,1.6243638313638558,0.20608387274605136,1.0243638313638561,0.9475022004416056,1.0,Boids,0.0013086528124995312
office,Boids,60,800,0.02,0.05,0.2,,1,0.3,0.2,2.0,20,0,0.7265625,0.6964192708333333,0.890625,280.0,1.1166666666666667,0.13333333333333333,88.95532780784808,0.00725,0.9973190348525469,49,1.7052050596479758,0.362131797102867,1.105205059647976,0.9655836229154845,1.0,Boids,0.0012185713012513588
office,Boids,60,800,0.02,0.05,0.0,,2,0.3,0.2,2.0,20,0,0.8391927083333334,0.7892252604166667,0.9407552083333334,560.0,1.0833333333333333,0.18333333333333332,96.5833126706573,0.007104166666666667,,60,1.6220508918683374,0.2166141021898671,1.0220508918683373,0.9429192513887397,1.0,Boids,0.00129288968749961
office,Boids,60,800,0.02,0.05,0.2,,2,0.3,0.2,2.0,20,0,0.7825520833333334,0.7412434895833335,0.9186197916666666,300.0,1.0833333333333333,0.13333333333333333,90.18618319836027,0.0066875,1.085817524841915,50,1.7697807830370507,0.19732707265063565,1.1697807830370506,1.0816922480922306,1.0,Boids,0.0011993739587501295
office,Boids,60,800,0.02,0.05,0.0,,3,0.3,0.2,2.0,20,0,0.8509114583333334,0.8041015625,0.93359375,440.0,1.1,0.13333333333333333,98.22111083141573,0.008979166666666667,,60,1.6848544509116086,0.23904457605916787,1.0848544509116087,1.0423722663140098,1.0,Boids,0.001307396771248932
office,Boids,60,800,0.02,0.05,0.2,,3,0.3,0.2,2.0,20,0,0.7877604166666666,0.7528971354166666,0.9166666666666666,320.0,1.1,0.08333333333333333,91.30490930096592,0.008604166666666666,1.068904593639576,50,1.7911014554779052,0.31129953557746987,1.1911014554779051,1.1185403191458176,1.0,Boids,0.0013034351562509982
office,Boids,60,800,0.02,0.05,0.0,,4,0.3,0.2,2.0,20,0,0.8424479166666666,0.7789713541666666,0.916015625,540.0,1.0666666666666667,0.38333333333333336,96.58832598713818,0.007270833333333333,,60,1.6835913024319724,0.25690401586486666,1.0835913024319723,1.1098928838077375,1.0,Boids,0.0013427427612487009
office,Boids,60,800,0.02,0.05,0.2,,4,0.3,0.2,2.0,20,0,0.6875,0.6860677083333334,0.8984375,260.0,1.05,0.2833333333333333,85.444330564705,0.00675,0.9832402234636871,43,1.7691670984765715,0.3767286862468355,1.1691670984765719,0.981269620257701,1.0,Boids,0.0011524453637480293
office,Boids,60,800,0.02,0.05,0.2,,5,0.3,0.2,2.0,20,0,0.7018229166666666,0.6684895833333333,0.8776041666666666,300.0,1.1666666666666667,0.26666666666666666,85.49637260868525,0.0079375,0.9506172839506173,45,1.8704069937780945,0.40548289849738595,1.2704069937780937,1.0515384951114939,1.0,Boids,0.0012051031775013143
office,Boids,60,800,0.02,0.05,0.0,,5,0.3,0.2,2.0,20,0,0.8385416666666666,0.8070638020833334,0.94140625,480.0,1.1666666666666667,0.25,97.54933135853268,0.007958333333333333,,60,1.6477102941215114,0.22624464572575606,1.0477102941215113,0.9327526386660953,1.0,Boids,0.0013433995837499424
office,Boids,60,800,0.02,0.05,0.0,,6,0.3,0.2,2.0,20,0,0.8326822916666666,0.7884114583333333,0.9270833333333334,440.0,0.9833333333333333,0.15,96.80639510643515,0.007479166666666667,,60,1.7233792552257834,0.3204208452081244,1.1233792552257837,1.0206703561888824,1.0,Boids,0.00133428463500195
office,Boids,60,800,0.02,0.05,0.2,,6,0.3,0.2,2.0,20,0,0.7779947916666666,0.7558268229166666,0.91015625,280.0,0.9666666666666667,0.1,90.14636115384364,0.007145833333333333,1.0973370064279155,50,1.7207909187026358,0.32024745162394924,1.1207909187026357,1.0452028581087514,1.0,Boids,0.001342195937500037
office,Boids,60,800,0.02,0.05,0.2,,7,0.3,0.2,2.0,20,0,0.78125,0.7222005208333334,0.8951822916666666,280.0,0.8666666666666667,0.15,92.7505033653722,0.005833333333333334,1.0695187165775402,53,1.676565408125806,0.2569326854349283,1.0765654081258065,1.0654025473581745,1.0,Boids,0.0012160711975002414
office,Boids,60,800,0.02,0.05,0.0,,7,0.3,0.2,2.0,20,0,0.8111979166666666,0.769140625,0.9029947916666666,500.0,0.8666666666666667,0.13333333333333333,97.7377130877415,0.005541666666666667,,60,1.601402740847851,0.3108586544219442,1.0014027408478505,0.9190867651398155,1.0,Boids,0.001391696511250302
office,Boids,60,800,0.02,0.05,0.2,,8,0.3,0.2,2.0,20,0,0.79296875,0.7553385416666667,0.912109375,240.0,0.9333333333333333,0.26666666666666666,91.57995343308741,0.007020833333333333,1.1153846153846154,51,1.6733042034538372,0.24257376907093625,1.073304203453837,0.9661055970329812,1.0,Boids,0.0012156354687499515
office,Boids,60,800,0.02,0.05,0.0,,8,0.3,0.2,2.0,20,0,0.8509114583333334,0.8080403645833332,0.9453125,460.0,0.9333333333333333,0.26666666666666666,98.40587537006013,0.007145833333333333,,60,1.6174456976731277,0.18536127670569935,1.0174456976731276,0.9351081519839513,1.0,Boids,0.001343131042499408
office,Boids,60,800,0.02,0.05,0.0,,9,0.3,0.2,2.0,20,0,0.8131510416666666,0.7716471354166666,0.9075520833333334,480.0,0.9166666666666666,0.2,97.03028319118357,0.007479166666666667,,60,1.6215209783102535,0.37280281151925293,1.0215209783102537,0.8892672080561839,1.0,Boids,0.0013452157812480436
office,Boids,60,800,0.02,0.05,0.2,,9,0.3,0.2,2.0,20,0,0.7434895833333334,0.7060546875,0.8782552083333334,220.0,0.9166666666666666,0.2,90.32315968096911,0.007375,1.1023166023166024,50,1.8109389556165651,0.42022495314925906,1.2109389556165653,0.9734848763142944,1.0,Boids,0.0012136207812500288
office,Boids,60,800,0.02,0.05,0.0,,10,0.3,0.2,2.0,20,0,0.8639322916666666,0.8089518229166666,0.9524739583333334,440.0,1.1166666666666667,0.16666666666666666,98.18446022303014,0.011125,,60,1.6805890425187922,0.20920781487638537,1.080589042518792,1.03742700081782,1.0,Boids,0.0013250960937489253
office,Boids,60,800,0.02,0.05,0.2,,10,0.3,0.2,2.0,20,0,0.7486979166666666,0.7364583333333332,0.9186197916666666,320.0,1.1166666666666667,0.21666666666666667,90.47061403533009,0.0111875,0.9871244635193133,49,1.7918979477781591,0.3152012969550607,1.191897947778159,1.1425985239422713,1.0,Boids,0.001179744583748743
office,Boids,60,800,0.02,0.05,0.0,,11,0.3,0.2,2.0,20,0,0.83203125,0.7904622395833333,0.9322916666666666,540.0,1.25,0.11666666666666667,96.9094121552141,0.0076875,,60,1.60521071199915,0.20254939760728674,1.00521071199915,0.9440692226275578,1.0,Boids,0.0013332535424979142
office,Boids,60,800,0.02,0.05,0.2,,11,0.3,0.2,2.0,20,0,0.6705729166666666,0.6518229166666668,0.8561197916666666,280.0,1.25,0.1,86.10042288891015,0.007458333333333333,0.9346642468239564,46,1.7111472132845036,0.37112900040434715,1.1111472132845033,0.9322089443168616,1.0,Boids,0.0011900572400008968
office,Boids,60,800,0.02,0.05,0.0,,12,0.3,0.2,2.0,20,0,0.8352864583333334,0.8026692708333332,0.9309895833333334,440.0,0.9666666666666667,0.18333333333333332,97.54168290512696,0.006666666666666667,,60,1.5889163756152354,0.18992511934151143,0.9889163756152352,0.9380390780001119,1.0,Boids,0.0013666076562503804
office,Boids,60,800,0.02,0.05,0.2,,12,0.3,0.2,2.0,20,0,0.7265625,0.7030598958333332,0.8899739583333334,300.0,0.9666666666666667,0.18333333333333332,86.90763115633474,0.006666666666666667,0.9832599118942732,46,1.9138990438088428,0.4022310576013744,1.3138990438088425,1.1757730664090111,1.0,Boids,0.0011791277600013928
office,Boids,60,800,0.02,0.05,0.0,,13,0.3,0.2,2.0,20,0,0.8404947916666666,0.802734375,0.9361979166666666,440.0,1.0666666666666667,0.15,97.46579554755411,0.007458333333333333,,60,1.644267433287074,0.18637313961218654,1.044267433287074,1.0202819141806918,1.0,Boids,0.0013358618237498377
office,Boids,60,800,0.02,0.05,0.2,,13,0.3,0.2,2.0,20,0,0.6881510416666666,0.65322265625,0.841796875,240.0,1.0666666666666667,0.11666666666666667,85.22358873814086,0.007458333333333333,0.9345711759504862,44,1.7363972196734723,0.35297612410721246,1.1363972196734717,0.9510899349637355,1.0,Boids,0.0011772686462518322
office,Boids,60,800,0.02,0.05,0.0,,14,0.3,0.2,2.0,20,0,0.8177083333333334,0.7775716145833333,0.9264322916666666,480.0,1.2166666666666666,0.2,96.05179713113256,0.007604166666666667,,60,1.6327292667535607,0.21578530957482633,1.0327292667535606,0.942585128091237,1.0,Boids,0.0014074753637510185
office,Boids,60,800,0.02,0.05,0.2,,14,0.3,0.2,2.0,20,0,0.73828125,0.7292643229166667,0.8958333333333334,320.0,1.2166666666666666,0.18333333333333332,90.9716696471116,0.007458333333333333,1.0441988950276244,52,1.6889122153737013,0.37675880979185344,1.0889122153737012,0.9080486494765382,1.0,Boids,0.0013304644274990097
office,Boids,60,800,0.02,0.05,0.0,,15,0.3,0.2,2.0,20,0,0.865234375,0.81328125,0.9440104166666666,500.0,1.0666666666666667,0.2,99.1674664850444,0.007104166666666667,,60,1.6641377918842708,0.21871034544118576,1.0641377918842705,0.9696743931251887,1.0,Boids,0.0013738094275004187
office,Boids,60,800,0.02,0.05,0.2,,15,0.3,0.2,2.0,20,0,0.78125,0.7396809895833334,0.9108072916666666,260.0,1.0666666666666667,0.18333333333333332,91.02964078287988,0.0069375,1.0344827586206895,49,1.7143879020985595,0.30652406256103387,1.1143879020985596,0.9851014522401401,1.0,Boids,0.0012979103650013714
office,Boids,60,800,0.02,0.05,0.0,,16,0.3,0.2,2.0,20,0,0.81640625,0.7736653645833333,0.9114583333333334,480.0,1.0666666666666667,0.15,96.52829101835843,0.007854166666666667,,60,1.6853648768027776,0.23436833301974577,1.085364876802778,1.0460523998823006,1.0,Boids,0.001424039062499105
office,Boids,60,800,0.02,0.05,0.2,,16,0.3,0.2,2.0,20,0,0.6959635416666666,0.6747721354166666,0.8658854166666666,240.0,1.0666666666666667,0.13333333333333333,85.95316471050073,0.0077083333333333335,1.0046992481203005,46,1.8340560892144726,0.4467792583368441,1.2340560892144725,1.0787734420323916,1.0,Boids,0.0012835335937506898
office,Boids,60,800,0.02,0.05,0.0,,17,0.3,0.2,2.0,20,0,0.853515625,0.8115559895833332,0.9459635416666666,500.0,1.1,0.18333333333333332,98.96605989789232,0.0101875,,60,1.6692531975243063,0.1850430911248879,1.0692531975243063,1.0319071110278841,1.0,Boids,0.0013997433337499387
office,Boids,60,800,0.02,0.05,0.2,,17,0.3,0.2,2.0,20,0,0.8033854166666666,0.78330078125,0.9153645833333334,280.0,1.1,0.13333333333333333,94.37413026181268,0.009979166666666667,1.0767888307155322,53,1.6959407834658,0.34397398041629074,1.0959407834658004,0.9488904598521758,1.0,Boids,0.0012947574999998324
office,Boids,60,800,0.02,0.05,0.0,,18,0.3,0.2,2.0,20,0,0.8346354166666666,0.7901041666666667,0.9270833333333334,500.0,1.0166666666666666,0.18333333333333332,97.52865864029604,0.007083333333333333,,60,1.610300048411043,0.19675888966486332,1.0103000484110432,0.9312273740429914,1.0,Boids,0.0014524620312499792
office,Boids,60,800,0.02,0.05,0.2,,18,0.3,0.2,2.0,20,0,0.734375,0.7287434895833333,0.8841145833333334,260.0,1.0,0.11666666666666667,89.89987388434383,0.0067708333333333336,1.0367647058823528,50,1.773050672511618,0.41788051898279804,1.1730506725116183,0.946706957198513,1.0,Boids,0.0012944556249999551
office,Boids,60,800,0.02,0.05,0.0,,19,0.3,0.2,2.0,20,0,0.8463541666666666,0.8029622395833332,0.931640625,460.0,1.15,0.16666666666666666,98.01648620039893,0.006104166666666667,,60,1.6283020450492525,0.247495088423137,1.0283020450492522,0.9491135563294344,1.0,Boids,0.0014019101049984784
office,Boids,60,800,0.02,0.05,0.2,,19,0.3,0.2,2.0,20,0,0.779296875,0.7540364583333333,0.9114583333333334,240.0,1.1166666666666667,0.2,92.39102670709454,0.006208333333333333,1.0745062836624777,52,1.7735897381378876,0.27477802839404525,1.1735897381378875,1.00240408618332,1.0,Boids,0.0012948594274985225
office,Boids,60,800,0.02,0.05,0.0,,20,0.3,0.2,2.0,20,0,0.8326822916666666,0.7804687499999999,0.9192708333333334,520.0,1.05,0.18333333333333332,96.99755860052694,0.007104166666666667,,60,1.6440089940673395,0.2665240771529136,1.0440089940673396,1.0523756707194083,1.0,Boids,0.0013709515112509507
office,Boids,60,800,0.02,0.05,0.2,,20,0.3,0.2,2.0,20,0,0.7643229166666666,0.6994466145833333,0.8951822916666666,260.0,1.05,0.16666666666666666,89.26834553867184,0.0066875,1.0672727272727272,50,1.8174743998885707,0.3521265472743049,1.2174743998885704,1.1421802214402161,1.0,Boids,0.0012497995837497911
office,Boids,60,800,0.02,0.05,0.0,,21,0.3,0.2,2.0,20,0,0.8385416666666666,0.8034505208333333,0.9361979166666666,440.0,1.0,0.1,97.22399242662686,0.007291666666666667,,60,1.6647197864343675,0.21418751587643844,1.0647197864343674,0.9618171835902002,1.0,Boids,0.0013299360937503479
office,Boids,60,800,0.02,0.05,0.2,,21,0.3,0.2,2.0,20,0,0.8274739583333334,0.7797200520833334,0.9388020833333334,240.0,1.0,0.11666666666666667,93.70598879725081,0.007395833333333333,1.157559198542805,55,1.764964189307312,0.21901048483205876,1.1649641893073124,1.1322344149799246,1.0,Boids,0.0013008716150011423
office,Boids,60,800,0.02,0.05,0.0,,22,0.3,0.2,2.0,20,0,0.8346354166666666,0.7789388020833333,0.91796875,500.0,1.35,0.3,97.6583559708532,0.011916666666666667,,60,1.655481950524059,0.25588325548419005,1.055481950524059,0.9834794766182845,1.0,Boids,0.0013078144787505152
office,Boids,60,800,0.02,0.05,0.2,,22,0.3,0.2,2.0,20,0,0.75,0.7174153645833334,0.8385416666666666,240.0,1.35,0.25,90.50256940743294,0.01175,1.0482256596906279,50,1.7916584242744906,0.2907095774542186,1.1916584242744905,1.1201298543824623,1.0,Boids,0.0012058903125011966
office,Boids,60,800,0.02,0.05,0.0,,23,0.3,0.2,2.0,20,0,0.8424479166666666,0.7928385416666666,0.9283854166666666,500.0,1.3,0.21666666666666667,97.20108193240289,0.008145833333333333,,60,1.6908089176806287,0.23206269089270215,1.0908089176806286,1.032880600965811,1.0,Boids,0.0013385953124998196
office,Boids,60,800,0.02,0.05,0.2,,23,0.3,0.2,2.0,20,0,0.724609375,0.7070963541666667,0.89453125,280.0,1.3,0.2,88.41961225384209,0.007895833333333333,1.0239190432382705,48,1.6807227645914928,0.23423880841989425,1.080722764591493,0.993663774471113,1.0,Boids,0.0012197288550009943
office,Boids,60,800,0.02,0.05,0.0,,24,0.3,0.2,2.0,20,0,0.8489583333333334,0.79169921875,0.9309895833333334,520.0,1.1,0.21666666666666667,97.61580653231903,0.007270833333333333,,60,1.6513587555028926,0.30625724064812976,1.0513587555028927,1.0122175734215972,1.0,Boids,0.0013550396350001392
office,Boids,60,800,0.02,0.05,0.2,,24,0.3,0.2,2.0,20,0,0.7154947916666666,0.6973632812499999,0.890625,280.0,1.0833333333333333,0.18333333333333332,88.18413327402746,0.0069166666666666664,0.9640350877192982,46,1.8108621621910372,0.3595036328492697,1.2108621621910374,1.0778320355620052,1.0,Boids,0.001175377447500523
office,Boids,60,800,0.02,0.05,0.2,,25,0.3,0.2,2.0,20,0,0.697265625,0.6792643229166666,0.873046875,260.0,0.8333333333333334,0.13333333333333333,86.27182786345244,0.005604166666666667,0.979871912168344,44,1.8337364146933575,0.42980051797917207,1.2337364146933576,1.0778259810102422,1.0,Boids,0.001186222968749462
office,Boids,60,800,0.02,0.05,0.0,,25,0.3,0.2,2.0,20,0,0.8307291666666666,0.7877604166666666,0.9205729166666666,500.0,0.85,0.21666666666666667,97.67479775398839,0.005875,,60,1.5760794155508546,0.20658062343718636,0.9760794155508549,0.8891265324195615,1.0,Boids,0.0013304248962504061
office,Boids,60,800,0.02,0.05,0.2,,26,0.3,0.2,2.0,20,0,0.7415364583333334,0.7080078125,0.892578125,280.0,1.1833333333333333,0.16666666666666666,87.87307306756949,0.0099375,0.9938917975567191,45,1.887655301267953,0.3828069251009915,1.2876553012679526,1.1183012909236414,1.0,Boids,0.0011482815099998333
office,Boids,60,800,0.02,0.05,0.0,,26,0.3,0.2,2.0,20,0,0.8541666666666666,0.8123697916666666,0.9303385416666666,440.0,1.1833333333333333,0.16666666666666666,99.2870815349617,0.0098125,,60,1.6525247123410656,0.21319209071596665,1.0525247123410653,0.9861003091366046,1.0,Boids,0.0012971202087487654
office,Boids,60,800,0.02,0.05,0.0,,27,0.3,0.2,2.0,20,0,0.8470052083333334,0.8012369791666666,0.9296875,540.0,1.1833333333333333,0.2,96.88877392764847,0.008416666666666666,,60,1.670704381013799,0.22736163684140437,1.0707043810137988,1.0013935159921454,1.0,Boids,0.0013193055725014347
office,Boids,60,800,0.02,0.05,0.2,,27,0.3,0.2,2.0,20,0,0.7708333333333334,0.71025390625,0.9075520833333334,300.0,1.1833333333333333,0.21666666666666667,89.15013189444988,0.008520833333333333,1.0571428571428572,51,1.6821387104496932,0.2583741650351226,1.0821387104496931,1.1411339790853208,1.0,Boids,0.0012689745312491141
office,Boids,60,800,0.02,0.05,0.0,,28,0.3,0.2,2.0,20,0,0.8522135416666666,0.8170572916666666,0.9537760416666666,460.0,0.9666666666666667,0.13333333333333333,98.51790303149872,0.0069375,,60,1.6572144301197391,0.2018816085869373,1.057214430119739,1.009493225530426,1.0,Boids,0.0013375615112499871
office,Boids,60,800,0.02,0.05,0.2,,28,0.3,0.2,2.0,20,0,0.7389322916666666,0.7230794270833333,0.9016927083333334,260.0,0.95,0.15,89.48024775788272,0.00675,1.0216021602160217,48,1.7890949139423997,0.4021562318613516,1.1890949139423996,1.043607112653613,1.0,Boids,0.001223155468751429
office,Boids,60,800,0.02,0.05,0.0,,29,0.3,0.2,2.0,20,0,0.8365885416666666,0.7924153645833333,0.9388020833333334,500.0,1.1,0.21666666666666667,98.173801646226,0.00625,,60,1.7007909864834423,0.18970872081811335,1.1007909864834422,0.9895258431594411,1.0,Boids,0.001315286613751141
office,Boids,60,800,0.02,0.05,0.2,,29,0.3,0.2,2.0,20,0,0.7630208333333334,0.7355468749999999,0.91796875,240.0,1.0833333333333333,0.2,89.0197688368704,0.006020833333333334,1.0732600732600732,48,1.8529504661165426,0.3331136339402425,1.2529504661165427,1.0798407559551981,1.0,Boids,0.0011861581249991105
hall,Boids,60,800,0.02,0.05,0.0,,0,0.3,0.2,2.0,20,0,0.9708672086720868,0.9681571815718157,0.9986449864498645,120.0,1.1666666666666667,0.016666666666666666,99.40190845595625,0.009020833333333334,,60,1.8425787481618863,0.1231122652263971,1.2425787481618864,1.2310553500636248,1.0,Boids,0.0013457815112496974
hall,Boids,60,800,0.02,0.05,0.2,,0,0.3,0.2,2.0,20,0,0.9336043360433605,0.9335704607046071,0.9986449864498645,120.0,1.1666666666666667,0.016666666666666666,89.95433203823704,0.009020833333333334,0.9649859943977591,48,2.0176007660321296,0.11505562830880385,1.4176007660321297,1.3569545033341681,1.0,Boids,0.001177171041249494
hall,Boids,60,800,0.02,0.05,0.0,,1,0.3,0.2,2.0,20,0,0.967479674796748,0.9680216802168022,0.9993224932249323,100.0,1.45,0.016666666666666666,98.27607062114775,0.009479166666666667,,60,1.7565464868783984,0.13208223893120638,1.156546486878398,1.2001993946934786,1.0,Boids,0.001298297605001153
hall,Boids,60,800,0.02,0.05,0.2,,1,0.3,0.2,2.0,20,0,0.9336043360433605,0.9216802168021679,0.9979674796747967,100.0,1.45,0.016666666666666666,88.32119920902313,0.009479166666666667,0.9670175438596491,46,2.0442633572976647,0.11566274637688811,1.4442633572976644,1.440070013833226,1.0,Boids,0.0011680412499981685
hall,Boids,60,800,0.02,0.05,0.0,,2,0.3,0.2,2.0,20,0,0.9532520325203252,0.9656842818428185,0.9993224932249323,100.0,1.1666666666666667,0.0,99.62585550678416,0.008708333333333334,,60,1.8038862127484014,0.11785504623839499,1.2038862127484016,1.2335987543533067,1.0,Boids,0.0012949222387510417
hall,Boids,60,800,0.02,0.05,0.2,,2,0.3,0.2,2.0,20,0,0.9227642276422764,0.918970189701897,0.9993224932249323,100.0,1.1666666666666667,0.0,88.29959550126951,0.008708333333333334,0.9584799437016186,45,2.043029629893836,0.13469149707159017,1.4430296298938363,1.4536671108402413,1.0,Boids,0.0011614230200007113
hall,Boids,60,800,0.02,0.05,0.0,,3,0.3,0.2,2.0,20,0,0.975609756097561,0.9712737127371275,0.9993224932249323,120.0,1.3,0.016666666666666666,98.60657905403168,0.009395833333333334,,60,1.8277921066671283,0.12690198032205394,1.227792106667128,1.2136612676203535,1.0,Boids,0.001330584322499817
hall,Boids,60,800,0.02,0.05,0.2,,3,0.3,0.2,2.0,20,0,0.9234417344173442,0.9313346883468835,0.997289972899729,120.0,1.3,0.016666666666666666,89.84537527673031,0.009395833333333334,0.9605355884425653,48,2.020465683954478,0.10095159151684306,1.420465683954478,1.403957231893326,1.0,Boids,0.0011685841149983388
hall,Boids,60,800,0.02,0.05,0.0,,4,0.3,0.2,2.0,20,0,0.9573170731707317,0.9665989159891598,0.9979674796747967,100.0,1.35,0.03333333333333333,98.97511623127248,0.008125,,60,1.7926024183864975,0.11806908539875628,1.1926024183864972,1.1891582207569575,1.0,Boids,0.0012952641674996812
hall,Boids,60,800,0.02,0.05,0.2,,4,0.3,0.2,2.0,20,0,0.9512195121951219,0.9500677506775069,0.9986449864498645,100.0,1.35,0.03333333333333333,93.5744609213428,0.008125,0.9818181818181818,52,2.043675621504148,0.1034696363762753,1.443675621504148,1.3979477547813262,1.0,Boids,0.0012011634887494438
hall,Boids,60,800,0.02,0.05,0.0,,5,0.3,0.2,2.0,20,0,0.9640921409214093,0.9681910569105691,0.9986449864498645,100.0,1.35,0.03333333333333333,99.09198917697633,0.010875,,60,1.8090044515085137,0.12299017720100462,1.2090044515085137,1.2434505479373401,1.0,Boids,0.0012843243750012335
hall,Boids,60,800,0.02,0.05,0.2,,5,0.3,0.2,2.0,20,0,0.9444444444444444,0.935772357723577,0.9986449864498645,100.0,1.35,0.03333333333333333,91.15381098078237,0.010875,0.9727843684577808,49,2.028900641770185,0.12679940414367205,1.428900641770185,1.4201947332174538,1.0,Boids,0.0011425209374988298
hall,Boids,60,800,0.02,0.05,0.0,,6,0.3,0.2,2.0,20,0,0.975609756097561,0.9673441734417347,0.9986449864498645,100.0,1.2166666666666666,0.016666666666666666,98.92113749453293,0.008916666666666666,,60,1.8245626702621418,0.1317041192740721,1.2245626702621417,1.2552192574749763,1.0,Boids,0.0013103418225000496
hall,Boids,60,800,0.02,0.05,0.2,,6,0.3,0.2,2.0,20,0,0.9464769647696477,0.948509485094851,0.997289972899729,100.0,1.2166666666666666,0.016666666666666666,94.46971045984519,0.008916666666666666,0.9714881780250347,53,1.8608525882097593,0.13893756425909592,1.2608525882097592,1.247937296085904,1.0,Boids,0.0012063155724990793
hall,Boids,60,800,0.02,0.05,0.0,,7,0.3,0.2,2.0,20,0,0.9695121951219512,0.9673780487804878,0.9986449864498645,100.0,1.2833333333333334,0.0,98.55964620731704,0.009791666666666667,,60,1.7688779224034832,0.13169402616846188,1.1688779224034838,1.1706052273607126,1.0,Boids,0.0012621508325014474
hall,Boids,60,800,0.02,0.05,0.2,,7,0.3,0.2,2.0,20,0,0.9397018970189702,0.9434620596205964,0.9979674796747967,100.0,1.2833333333333334,0.0,92.80317597839576,0.009791666666666667,0.9692522711390636,52,1.948435270750824,0.1253246608378585,1.3484352707508234,1.4096202395457271,1.0,Boids,0.0011888771874987469
hall,Boids,60,800,0.02,0.05,0.0,,8,0.3,0.2,2.0,20,0,0.9715447154471545,0.9669715447154472,0.9986449864498645,100.0,1.4,0.016666666666666666,98.90029662667001,0.0111875,,60,1.872209927471945,0.0984099754425563,1.2722099274719452,1.2653970337684912,1.0,Boids,0.0012659495312504986
hall,Boids,60,800,0.02,0.05,0.2,,8,0.3,0.2,2.0,20,0,0.9498644986449865,0.9345867208672086,0.9986449864498645,100.0,1.4,0.016666666666666666,91.02243148123858,0.0111875,0.9811056682995102,49,2.043460438384814,0.12131294661216016,1.4434604383848135,1.4704980595799286,1.0,Boids,0.0011789642187500248
hall,Boids,60,800,0.02,0.05,0.2,,9,0.3,0.2,2.0,20,0,0.9281842818428184,0.919410569105691,0.9993224932249323,120.0,1.2166666666666666,0.016666666666666666,87.57427199874613,0.009416666666666667,0.9567039106145252,45,2.1121673868634114,0.1278015666047403,1.5121673868634111,1.5103555470136372,1.0,Boids,0.0011164627087487133
hall,Boids,60,800,0.02,0.05,0.0,,9,0.3,0.2,2.0,20,0,0.9735772357723578,0.9714092140921409,0.9993224932249323,120.0,1.2166666666666666,0.016666666666666666,98.70350681130427,0.009416666666666667,,60,1.8356217711502878,0.10472721720034542,1.2356217711502877,1.2102130285635029,1.0,Boids,0.0013025466662520558
hall,Boids,60,800,0.02,0.05,0.0,,10,0.3,0.2,2.0,20,0,0.9661246612466124,0.9684281842818429,0.9993224932249323,100.0,1.25,0.016666666666666666,99.21061525364628,0.009541666666666667,,60,1.8206143770416652,0.1161738725473467,1.2206143770416646,1.2034987334015905,1.0,Boids,0.0012758541150014934
hall,Boids,60,800,0.02,0.05,0.2,,10,0.3,0.2,2.0,20,0,0.9349593495934959,0.9280487804878048,0.9986449864498645,100.0,1.25,0.016666666666666666,89.78908833676043,0.009541666666666667,0.9657102869139258,47,2.072453001087167,0.1420371580012587,1.472453001087167,1.485132712403975,1.0,Boids,0.0011508684374985023
hall,Boids,60,800,0.02,0.05,0.2,,11,0.3,0.2,2.0,20,0,0.9464769647696477,0.9312330623306233,0.9986449864498645,100.0,1.2166666666666666,0.0,89.79431850506951,0.008833333333333334,0.9641131815044859,47,2.0640800548296223,0.12258646876757746,1.464080054829622,1.340327552775344,1.0,Boids,0.001169203697500052
hall,Boids,60,800,0.02,0.05,0.0,,11,0.3,0.2,2.0,20,0,0.9668021680216802,0.9690040650406504,0.9986449864498645,100.0,1.2166666666666666,0.0,98.83734922800605,0.008833333333333334,,60,1.8352299422825054,0.10921556004581721,1.2352299422825055,1.2598191556481564,1.0,Boids,0.0012777620837482572
hall,Boids,60,800,0.02,0.05,0.2,,12,0.3,0.2,2.0,20,0,0.9275067750677507,0.9288279132791329,0.9993224932249323,100.0,1.2333333333333334,0.06666666666666667,89.57652857279045,0.008541666666666666,0.9580125962211337,47,2.0167487303401463,0.1586307565018066,1.4167487303401467,1.4679401743791303,1.0,Boids,0.0011729340625015539
hall,Boids,60,800,0.02,0.05,0.0,,12,0.3,0.2,2.0,20,0,0.962059620596206,0.9683943089430895,0.9993224932249323,100.0,1.2333333333333334,0.06666666666666667,99.09533099836308,0.008541666666666666,,60,1.7991766424812115,0.11620028007276464,1.1991766424812114,1.1827516965173996,1.0,Boids,0.0013189839062488318
hall,Boids,60,800,0.02,0.05,0.0,,13,0.3,0.2,2.0,20,0,0.959349593495935,0.97069783197832,0.9993224932249323,120.0,1.35,0.03333333333333333,98.6491073901761,0.0110625,,60,1.8887212914862792,0.10165654074992159,1.2887212914862793,1.2450956823081873,1.0,Boids,0.0013310816137504845
hall,Boids,60,800,0.02,0.05,0.2,,13,0.3,0.2,2.0,20,0,0.9302168021680217,0.9384823848238483,0.9993224932249323,120.0,1.35,0.03333333333333333,91.164877733248,0.0110625,0.9628330995792427,49,2.037101972530011,0.12318402691261633,1.437101972530011,1.441416335394166,1.0,Boids,0.0011906241675001183
hall,Boids,60,800,0.02,0.05,0.0,,14,0.3,0.2,2.0,20,0,0.981029810298103,0.9685636856368565,0.9986449864498645,100.0,1.1833333333333333,0.03333333333333333,98.32639528736618,0.008416666666666666,,60,1.7982913226640684,0.13576460451195327,1.1982913226640688,1.183439516052538,1.0,Boids,0.0012951988537497528
hall,Boids,60,800,0.02,0.05,0.2,,14,0.3,0.2,2.0,20,0,0.9193766937669376,0.9221883468834688,0.9986449864498645,100.0,1.1833333333333333,0.03333333333333333,88.19119483639358,0.008416666666666666,0.9430159833217512,46,2.08080066470596,0.09740046324136835,1.4808006647059602,1.4741300845931993,1.0,Boids,0.0011435056774985243
hall,Boids,60,800,0.02,0.05,0.0,,15,0.3,0.2,2.0,20,0,0.9728997289972899,0.9685298102981029,0.9993224932249323,100.0,1.3166666666666667,0.016666666666666666,99.58397016810167,0.009958333333333333,,60,1.8459665660014095,0.10764210728581157,1.2459665660014099,1.1910401460677624,1.0,Boids,0.0013132715100005043
hall,Boids,60,800,0.02,0.05,0.2,,15,0.3,0.2,2.0,20,0,0.8834688346883469,0.8988482384823848,0.9993224932249323,100.0,1.3166666666666667,0.016666666666666666,85.36608873407683,0.009958333333333333,0.8937628512679918,41,2.1621398448519993,0.16516378876767338,1.5621398448519994,1.5603888713388518,1.0,Boids,0.0011175493225005085
hall,Boids,60,800,0.02,0.05,0.0,,16,0.3,0.2,2.0,20,0,0.9708672086720868,0.9679878048780488,0.9986449864498645,100.0,1.1,0.0,99.03665279462454,0.008104166666666668,,60,1.8260900503273292,0.11063089329397213,1.2260900503273293,1.2340283498228293,1.0,Boids,0.0013309781249995468
hall,Boids,60,800,0.02,0.05,0.2,,16,0.3,0.2,2.0,20,0,0.9498644986449865,0.9334010840108402,0.997289972899729,100.0,1.1,0.0,90.32726467538556,0.008104166666666668,0.9783670621074668,48,2.1154827140514847,0.11624336541644748,1.5154827140514844,1.5983114923798976,1.0,Boids,0.0011441380212500007
hall,Boids,60,800,0.02,0.05,0.0,,17,0.3,0.2,2.0,20,0,0.9776422764227642,0.9692073170731706,0.9986449864498645,100.0,1.2,0.03333333333333333,99.06123141723471,0.009145833333333334,,60,1.8602513459575052,0.10711509561128224,1.2602513459575053,1.2359054030561931,1.0,Boids,0.0013190513024983375
hall,Boids,60,800,0.02,0.05,0.2,,17,0.3,0.2,2.0,20,0,0.9329268292682927,0.935230352303523,0.9986449864498645,100.0,1.2,0.03333333333333333,91.18720127235109,0.009145833333333334,0.953601108033241,49,1.9951177343398074,0.14281129063259068,1.3951177343398076,1.3578735137750897,1.0,Boids,0.0011504118750008275
hall,Boids,60,800,0.02,0.05,0.2,,18,0.3,0.2,2.0,20,0,0.924119241192412,0.9359417344173442,0.9986449864498645,100.0,1.1666666666666667,0.03333333333333333,89.95229058983041,0.008875,0.9632768361581922,48,2.045366897237713,0.15072687452483127,1.4453668972377134,1.5163136980219702,1.0,Boids,0.0011363145824998355
hall,Boids,60,800,0.02,0.05,0.0,,18,0.3,0.2,2.0,20,0,0.9573170731707317,0.9675813008130081,0.9986449864498645,100.0,1.1666666666666667,0.03333333333333333,98.41151778775144,0.008875,,60,1.788694276306732,0.14292080194001403,1.1886942763067319,1.2445035687004924,1.0,Boids,0.0012940825524992761
hall,Boids,60,800,0.02,0.05,0.0,,19,0.3,0.2,2.0,20,0,0.9681571815718157,0.964939024390244,0.9993224932249323,100.0,1.4833333333333334,0.06666666666666667,98.95587658558046,0.010895833333333334,,60,1.8170844022948034,0.11538569831211472,1.217084402294803,1.2278339654916666,1.0,Boids,0.0012617507300001307
hall,Boids,60,800,0.02,0.05,0.2,,19,0.3,0.2,2.0,20,0,0.9424119241192412,0.934451219512195,0.9986449864498645,100.0,1.4833333333333334,0.06666666666666667,89.79410996281688,0.010895833333333334,0.9754558204768584,48,2.074212936371995,0.10849963588820616,1.474212936371995,1.496829346626225,1.0,Boids,0.0011427422399992793
hall,Boids,60,800,0.02,0.05,0.0,,20,0.3,0.2,2.0,20,0,0.983739837398374,0.9691734417344173,0.9993224932249323,100.0,1.2333333333333334,0.016666666666666666,99.79428859657018,0.008875,,60,1.8617999913934007,0.12417054066544876,1.2617999913934004,1.2676748282788695,1.0,Boids,0.0012627580724984
hall,Boids,60,800,0.02,0.05,0.2,,20,0.3,0.2,2.0,20,0,0.9505420054200542,0.9459688346883468,0.9986449864498645,100.0,1.2333333333333334,0.016666666666666666,93.84067668593313,0.008875,0.9736294240111034,52,2.0125272765720834,0.12447908703194321,1.4125272765720835,1.3727493091846914,1.0,Boids,0.0011982239587496224
hall,Boids,60,800,0.02,0.05,0.0,,21,0.3,0.2,2.0,20,0,0.9708672086720868,0.967479674796748,0.9993224932249323,100.0,1.1166666666666667,0.05,99.62037175822539,0.0071875,,60,1.8046089422644067,0.10879180511456361,1.2046089422644064,1.156228648527879,1.0,Boids,0.0012714789575011308
hall,Boids,60,800,0.02,0.05,0.2,,21,0.3,0.2,2.0,20,0,0.9126016260162602,0.9180216802168024,0.9986449864498645,100.0,1.1166666666666667,0.05,88.44156308325941,0.0071875,0.9393305439330544,45,2.0991558139245154,0.0990953078404394,1.4991558139245151,1.4843721433084678,1.0,Boids,0.001127251666250686
hall,Boids,60,800,0.02,0.05,0.0,,22,0.3,0.2,2.0,20,0,0.9607046070460704,0.9668699186991873,0.9986449864498645,100.0,1.25,0.05,98.49924128928427,0.009104166666666667,,60,1.7756396483351178,0.11961228536789631,1.1756396483351177,1.1874396462863364,1.0,Boids,0.00130982546874975
hall,Boids,60,800,0.02,0.05,0.2,,22,0.3,0.2,2.0,20,0,0.9315718157181572,0.9417682926829267,0.9979674796747967,100.0,1.25,0.05,92.20442001555475,0.009104166666666667,0.9635599159074982,51,1.9864562291722487,0.13012557248555065,1.3864562291722484,1.37711595327763,1.0,Boids,0.0011777695312503056
hall,Boids,60,800,0.02,0.05,0.0,,23,0.3,0.2,2.0,20,0,0.978319783197832,0.9680216802168022,0.9986449864498645,100.0,1.0833333333333333,0.03333333333333333,98.83033433687446,0.006895833333333334,,60,1.8326726050548312,0.11979237495233667,1.232672605054831,1.2145769833606002,1.0,Boids,0.0012736061974987934
hall,Boids,60,800,0.02,0.05,0.2,,23,0.3,0.2,2.0,20,0,0.9451219512195121,0.943191056910569,0.9986449864498645,100.0,1.0833333333333333,0.03333333333333333,92.23517603930613,0.006895833333333334,0.9700973574408901,51,1.9748927074583578,0.13181571147984766,1.374892707458358,1.3493867744012542,1.0,Boids,0.00118714406250092
hall,Boids,60,800,0.02,0.05,0.0,,24,0.3,0.2,2.0,20,0,0.9742547425474255,0.9673102981029811,0.9993224932249323,100.0,1.15,0.06666666666666667,99.09937883627939,0.009666666666666667,,60,1.8473306868376533,0.12385824398417562,1.2473306868376535,1.2369185713127036,1.0,Boids,0.0013052670312504234
hall,Boids,60,800,0.02,0.05,0.2,,24,0.3,0.2,2.0,20,0,0.9186991869918699,0.9200542005420054,0.9986449864498645,100.0,1.15,0.06666666666666667,88.41712602465576,0.009666666666666667,0.9495798319327731,45,2.023861522163944,0.13468397103407695,1.4238615221639443,1.484726327873228,1.0,Boids,0.001136436041251727
hall,Boids,60,800,0.02,0.05,0.2,,25,0.3,0.2,2.0,20,0,0.9410569105691057,0.951388888888889,0.997289972899729,100.0,1.0833333333333333,0.05,93.24990722981366,0.009395833333333334,0.985805535841022,52,1.9293872665300749,0.1353086111818894,1.3293872665300746,1.4084476807974067,1.0,Boids,0.0011812646362500344
hall,Boids,60,800,0.02,0.05,0.0,,25,0.3,0.2,2.0,20,0,0.9640921409214093,0.9651761517615176,0.997289972899729,100.0,1.0833333333333333,0.05,99.49480778152324,0.009395833333333334,,60,1.8261516712378456,0.11759783675799582,1.226151671237846,1.246835504227835,1.0,Boids,0.0013064485425002203
hall,Boids,60,800,0.02,0.05,0.2,,26,0.3,0.2,2.0,20,0,0.8888888888888888,0.8739159891598914,0.9993224932249323,100.0,1.2666666666666666,0.03333333333333333,81.69243812720175,0.009291666666666667,0.9104788341429563,37,2.3254282119240557,0.17127668010901517,1.7254282119240563,1.6160900158906952,1.0,Boids,0.001076204896251056
hall,Boids,60,800,0.02,0.05,0.0,,26,0.3,0.2,2.0,20,0,0.9742547425474255,0.9683604336043363,0.9993224932249323,100.0,1.2666666666666666,0.03333333333333333,99.03377038552,0.009291666666666667,,60,1.855475845704787,0.12575498938350602,1.255475845704787,1.352778633950639,1.0,Boids,0.001307703073750872
hall,Boids,60,800,0.02,0.05,0.2,,27,0.3,0.2,2.0,20,0,0.924119241192412,0.920528455284553,0.997289972899729,100.0,1.0333333333333334,0.0,87.5100426469549,0.0085,0.9578651685393258,45,2.0890333445371616,0.14045690885389317,1.4890333445371615,1.5095561241690945,1.0,Boids,0.001129012552501081
hall,Boids,60,800,0.02,0.05,0.0,,27,0.3,0.2,2.0,20,0,0.9722222222222222,0.972018970189702,0.9993224932249323,100.0,1.0333333333333334,0.0,98.64840870964046,0.0085,,60,1.8319248972048305,0.1314809184944469,1.2319248972048307,1.2603009059753383,1.0,Boids,0.001385035312500804
hall,Boids,60,800,0.02,0.05,0.0,,28,0.3,0.2,2.0,20,0,0.9708672086720868,0.9679539295392955,0.9993224932249323,120.0,1.2666666666666666,0.03333333333333333,98.9137411157904,0.010333333333333333,,60,1.8491784230885855,0.09976132597979359,1.2491784230885854,1.2742699795890076,1.0,Boids,0.0013316906249997373
hall,Boids,60,800,0.02,0.05,0.2,,28,0.3,0.2,2.0,20,0,0.8997289972899729,0.9190379403794038,0.9986449864498645,120.0,1.2666666666666666,0.03333333333333333,88.1247053331477,0.010333333333333333,0.9260808926080892,45,2.0532658253357865,0.1249650267184826,1.4532658253357857,1.4640103847796295,1.0,Boids,0.0011355441149999024
hall,Boids,60,800,0.02,0.05,0.0,,29,0.3,0.2,2.0,20,0,0.9681571815718157,0.9674119241192413,0.9986449864498645,100.0,1.3166666666666667,0.06666666666666667,98.8941828117657,0.0085625,,60,1.7838396868005901,0.1203744053174018,1.1838396868005898,1.2077907244256993,1.0,Boids,0.0013019626562504527
hall,Boids,60,800,0.02,0.05,0.2,,29,0.3,0.2,2.0,20,0,0.9356368563685636,0.9396002710027102,0.9986449864498645,100.0,1.3166666666666667,0.06666666666666667,91.26934216572444,0.0085625,0.9732205778717405,49,2.0344237202328013,0.12449807202851908,1.434423720232801,1.5096396365566003,1.0,Boids,0.0011843360412490255
mine,Boids,60,800,0.02,0.05,0.0,,0,0.3,0.2,2.0,20,0,1.0,1.0,1.0,120.0,2.966666666666667,0.08333333333333333,76.32527692614885,0.027875,,60,1.043325536618988,0.16631826703246144,0.44332553661898794,0.4835908782669758,1.0,Boids,0.0012221627074995923
mine,Boids,60,800,0.02,0.05,0.2,,0,0.3,0.2,2.0,20,0,1.0,1.0,1.0,120.0,2.6666666666666665,0.06666666666666667,71.43724387522207,0.025604166666666667,1.0,51,1.198521552367924,0.15632289971356242,0.5985215523679238,0.5929476186148409,1.0,Boids,0.0011273406762506966
mine,Boids,60,800,0.02,0.05,0.0,,1,0.3,0.2,2.0,20,0,1.0,1.0,1.0,120.0,2.7333333333333334,0.16666666666666666,76.36857411950423,0.024729166666666667,,60,1.0616193191206214,0.14687743661516814,0.4616193191206214,0.4627617816698464,1.0,Boids,0.0012332653637486147
mine,Boids,60,800,0.02,0.05,0.2,,1,0.3,0.2,2.0,20,0,1.0,1.0,1.0,120.0,2.3833333333333333,0.15,66.7610559766107,0.022791666666666665,1.0,42,1.4047606753223636,0.20970701322309468,0.8047606753223636,0.7361806862408453,1.0,Boids,0.0010468345312483506
mine,Boids,60,800,0.02,0.05,0.2,,2,0.3,0.2,2.0,20,0,1.0,1.0,1.0,120.0,2.566666666666667,0.13333333333333333,71.96257002432769,0.024166666666666666,1.0,51,1.1688027581868412,0.1585155807150586,0.5688027581868411,0.5830550407015288,1.0,Boids,0.0011208301562487576
mine,Boids,60,800,0.02,0.05,0.0,,2,0.3,0.2,2.0,20,0,1.0,1.0,1.0,120.0,2.6166666666666667,0.15,76.4039081252554,0.024833333333333332,,60,1.0523229704285533,0.16021365595961387,0.45232297042855324,0.455272458389417,1.0,Boids,0.0013135865624985853
mine,Boids,60,800,0.02,0.05,0.0,,3,0.3,0.2,2.0,20,0,1.0,1.0,1.0,120.0,2.4166666666666665,0.15,76.25189900452429,0.021083333333333332,,60,1.043574450865618,0.15831515405947516,0.4435744508656178,0.45706194195273064,1.0,Boids,0.0012068976037494395
mine,Boids,60,800,0.02,0.05,0.2,,3,0.3,0.2,2.0,20,0,1.0,1.0,1.0,120.0,2.2,0.18333333333333332,73.15713267070647,0.019875,1.0,54,1.1250925539000005,0.16220884886504336,0.5250925539000004,0.5028109376242009,1.0,Boids,0.001128058802501073
mine,Boids,60,800,0.02,0.05,0.2,,4,0.3,0.2,2.0,20,0,1.0,1.0,1.0,120.0,2.1333333333333333,0.15,68.06136786195418,0.0209375,1.0,44,1.2835437865660984,0.20413282342426098,0.6835437865660986,0.636813793581693,1.0,Boids,0.0010407332812496861
mine,Boids,60,800,0.02,0.05,0.0,,4,0.3,0.2,2.0,20,0,1.0,1.0,1.0,120.0,2.4,0.13333333333333333,76.21614851400919,0.0226875,,60,1.0656051724540268,0.1435335830612297,0.46560517245402694,0.4408929669792848,1.0,Boids,0.0011870211450013813
mine,Boids,60,800,0.02,0.05,0.0,,5,0.3,0.2,2.0,20,0,1.0,1.0,1.0,120.0,2.8333333333333335,0.11666666666666667,75.96669650945327,0.025708333333333333,,60,1.0772649662384854,0.1297404330934844,0.47726496623848574,0.4960564702152518,1.0,Boids,0.0012145767187485034
mine,Boids,60,800,0.02,0.05,0.2,,5,0.3,0.2,2.0,20,0,1.0,1.0,1.0,120.0,2.65,0.1,71.51445178344945,0.024041666666666666,1.0,50,1.180758289232491,0.19863939201523104,0.5807582892324911,0.5402702107805802,1.0,Boids,0.0011194011462521303
mine,Boids,60,800,0.02,0.05,0.0,,6,0.3,0.2,2.0,20,0,1.0,1.0,1.0,120.0,2.7,0.13333333333333333,76.45196353185351,0.023375,,60,1.0504638160487942,0.16625231078380695,0.4504638160487942,0.45719605430504384,1.0,Boids,0.0012153164062510768
mine,Boids,60,800,0.02,0.05,0.2,,6,0.3,0.2,2.0,20,0,1.0,1.0,1.0,120.0,2.3,0.13333333333333333,72.56322282250717,0.020708333333333332,1.0,52,1.153073259794073,0.15265280208299994,0.5530732597940728,0.5156014311235807,1.0,Boids,0.00112244802125133
mine,Boids,60,800,0.02,0.05,0.2,,7,0.3,0.2,2.0,20,0,1.0,1.0,1.0,120.0,2.7666666666666666,0.11666666666666667,69.31155700326812,0.026875,1.0,46,1.2778160417211082,0.18867616939893425,0.6778160417211081,0.6390711358296808,1.0,Boids,0.001070988021251651
mine,Boids,60,800,0.02,0.05,0.0,,7,0.3,0.2,2.0,20,0,1.0,1.0,1.0,120.0,3.1666666666666665,0.1,76.05972194064385,0.029208333333333333,,60,1.0853514153401085,0.1507845472649164,0.48535141534010834,0.509321166275995,1.0,Boids,0.0012463783850012078
mine,Boids,60,800,0.02,0.05,0.0,,8,0.3,0.2,2.0,20,0,1.0,1.0,1.0,140.0,2.7666666666666666,0.1,76.3007905564752,0.023979166666666666,,60,1.079582261643979,0.14622706008211228,0.47958226164397894,0.46998042169081944,1.0,Boids,0.0012574538012495395
mine,Boids,60,800,0.02,0.05,0.2,,8,0.3,0.2,2.0,20,0,1.0,1.0,1.0,140.0,2.4,0.1,68.30299888205384,0.021979166666666668,1.0,44,1.2976705237427582,0.2031492541930524,0.6976705237427582,0.6452447372020104,1.0,Boids,0.0010763390624993008
mine,Boids,60,800,0.02,0.05,0.2,,9,0.3,0.2,2.0,20,0,1.0,1.0,1.0,120.0,2.6166666666666667,0.1,68.01809692380114,0.02425,1.0,43,1.3627280938100603,0.1697292541214448,0.7627280938100603,0.7886726051244556,1.0,Boids,0.0010730104175013366
mine,Boids,60,800,0.02,0.05,0.0,,9,0.3,0.2,2.0,20,0,1.0,1.0,1.0,120.0,2.9,0.08333333333333333,76.62532241199497,0.026104166666666668,,60,1.0602410269233473,0.14415149757859866,0.46024102692334756,0.46279845809012554,1.0,Boids,0.001254131666248668
mine,Boids,60,800,0.02,0.05,0.2,,10,0.3,0.2,2.0,20,0,1.0,1.0,1.0,120.0,2.316666666666667,0.11666666666666667,67.97530461164817,0.024979166666666667,1.0,44,1.287476722495436,0.21674853813153405,0.687476722495436,0.664075424157758,1.0,Boids,0.0010650959374993363
mine,Boids,60,800,0.02,0.05,0.0,,10,0.3,0.2,2.0,20,0,1.0,1.0,1.0,120.0,2.5833333333333335,0.11666666666666667,76.04906526827021,0.026166666666666668,,60,1.0457257758214547,0.15136840825755948,0.4457257758214546,0.4327546079066483,1.0,Boids,0.001241415468748528
mine,Boids,60,800,0.02,0.05,0.0,,11,0.3,0.2,2.0,20,0,1.0,1.0,1.0,120.0,2.566666666666667,0.11666666666666667,76.0684014598625,0.022354166666666668,,60,1.081419299365497,0.14225610487332843,0.4814192993654969,0.48807240007710007,1.0,Boids,0.0012106252612511526
mine,Boids,60,800,0.02,0.05,0.2,,11,0.3,0.2,2.0,20,0,1.0,1.0,1.0,120.0,2.4,0.08333333333333333,69.67412273642094,0.02027083333333333,1.0,47,1.2543985932474748,0.21800897904949904,0.6543985932474748,0.6463152693241109,1.0,Boids,0.0010934061987495625
mine,Boids,60,800,0.02,0.05,0.0,,12,0.3,0.2,2.0,20,0,1.0,1.0,1.0,120.0,2.4833333333333334,0.06666666666666667,76.20193580152757,0.026291666666666668,,60,1.0186415101794757,0.15703248604173525,0.41864151017947593,0.3945747657604928,1.0,Boids,0.0012454241674981859
mine,Boids,60,800,0.02,0.05,0.2,,12,0.3,0.2,2.0,20,0,1.0,1.0,1.0,120.0,2.35,0.05,71.91528908527782,0.024895833333333332,1.0,51,1.1782049371377936,0.1709374716611166,0.5782049371377936,0.5740354949570167,1.0,Boids,0.0011365397912481967
mine,Boids,60,800,0.02,0.05,0.0,,13,0.3,0.2,2.0,20,0,1.0,1.0,1.0,120.0,2.75,0.13333333333333333,76.47505065139836,0.025145833333333333,,60,1.0841092833771362,0.14718874664999945,0.4841092833771364,0.4765715660705606,1.0,Boids,0.001254474531251617
mine,Boids,60,800,0.02,0.05,0.2,,13,0.3,0.2,2.0,20,0,1.0,1.0,1.0,120.0,2.533333333333333,0.13333333333333333,69.34680999705841,0.0236875,1.0,46,1.2749483124088623,0.18264444492225226,0.6749483124088625,0.6143634773274492,1.0,Boids,0.0010857985424991058
mine,Boids,60,800,0.02,0.05,0.0,,14,0.3,0.2,2.0,20,0,1.0,1.0,1.0,120.0,2.7666666666666666,0.16666666666666666,76.16658039979718,0.027,,60,1.0449058879856354,0.18618799216204257,0.4449058879856353,0.44228808278155574,0.9666666666666667,Boids,0.0012251599999990503
mine,Boids,60,800,0.02,0.05,0.2,,14,0.3,0.2,2.0,20,0,1.0,1.0,1.0,120.0,2.5166666666666666,0.11666666666666667,71.09345072961375,0.025458333333333333,1.0,50,1.2029458114029479,0.14083276614092408,0.602945811402948,0.5911957402733539,1.0,Boids,0.001129594426249696
mine,Boids,60,800,0.02,0.05,0.0,,15,0.3,0.2,2.0,20,0,1.0,1.0,1.0,120.0,2.5166666666666666,0.11666666666666667,76.24703652335793,0.022291666666666668,,60,1.029233595309976,0.1709022086228239,0.42923359530997585,0.4144122390290329,0.9666666666666667,Boids,0.0012587262499982898
mine,Boids,60,800,0.02,0.05,0.2,,15,0.3,0.2,2.0,20,0,1.0,1.0,1.0,120.0,2.2666666666666666,0.11666666666666667,70.7220222983294,0.021375,1.0,49,1.2175267186226328,0.16546259775939084,0.6175267186226328,0.5852191130165797,1.0,Boids,0.0011017706762504532
mine,Boids,60,800,0.02,0.05,0.0,,16,0.3,0.2,2.0,20,0,1.0,1.0,1.0,120.0,2.2333333333333334,0.11666666666666667,76.10114093312146,0.021041666666666667,,60,1.0739883960247099,0.14313241245956038,0.4739883960247099,0.5079804825350942,1.0,Boids,0.0012298106250000274
mine,Boids,60,800,0.02,0.05,0.2,,16,0.3,0.2,2.0,20,0,1.0,1.0,1.0,120.0,1.9666666666666666,0.08333333333333333,68.09904620785271,0.019395833333333334,1.0,44,1.3470904246794781,0.15495554331879458,0.7470904246794781,0.708800223149472,1.0,Boids,0.001065556614998968
mine,Boids,60,800,0.02,0.05,0.2,,17,0.3,0.2,2.0,20,0,1.0,1.0,1.0,120.0,2.6,0.15,68.31216618039217,0.0248125,1.0,44,1.3177997364152718,0.16837241129425587,0.7177997364152721,0.7124603598107002,1.0,Boids,0.0010575838025010853
mine,Boids,60,800,0.02,0.05,0.0,,17,0.3,0.2,2.0,20,0,1.0,1.0,1.0,120.0,3.033333333333333,0.13333333333333333,76.24753529401728,0.027854166666666666,,60,1.0501710998941403,0.1515736160432803,0.4501710998941401,0.4321652914066535,1.0,Boids,0.0012229997912481848
mine,Boids,60,800,0.02,0.05,0.2,,18,0.3,0.2,2.0,20,0,1.0,1.0,1.0,120.0,2.6666666666666665,0.08333333333333333,68.17868297163112,0.0224375,1.0,44,1.330637779770116,0.17706670542375388,0.7306377797701162,0.7257802145903729,1.0,Boids,0.0010114991149998787
mine,Boids,60,800,0.02,0.05,0.0,,18,0.3,0.2,2.0,20,0,1.0,1.0,1.0,120.0,2.9833333333333334,0.08333333333333333,76.08947156061052,0.024395833333333332,,60,1.0634444239077632,0.16072562681709554,0.46344442390776314,0.4530015543771888,1.0,Boids,0.0012344372912502877
mine,Boids,60,800,0.02,0.05,0.0,,19,0.3,0.2,2.0,20,0,1.0,1.0,1.0,120.0,2.8666666666666667,0.03333333333333333,76.19047461287578,0.0261875,,60,1.0708001804179248,0.16522000135291076,0.47080018041792476,0.4621429171807392,1.0,Boids,0.001206340417500087
mine,Boids,60,800,0.02,0.05,0.2,,19,0.3,0.2,2.0,20,0,1.0,1.0,1.0,120.0,2.55,0.03333333333333333,68.40122652827266,0.024083333333333335,1.0,44,1.3161707438049675,0.20589526238153183,0.7161707438049675,0.6956052593556811,1.0,Boids,0.001041351093749654
mine,Boids,60,800,0.02,0.05,0.0,,20,0.3,0.2,2.0,20,0,1.0,1.0,1.0,120.0,2.4166666666666665,0.11666666666666667,76.43289231378162,0.022583333333333334,,60,1.0506705867319828,0.1368053733900152,0.4506705867319827,0.42468528680487616,1.0,Boids,0.0012262077600007615
mine,Boids,60,800,0.02,0.05,0.2,,20,0.3,0.2,2.0,20,0,1.0,1.0,1.0,120.0,2.1333333333333333,0.13333333333333333,73.92089892159187,0.0210625,1.0,55,1.0940150984886439,0.15497415598948613,0.4940150984886441,0.5402217481890853,1.0,Boids,0.0011601463537499511
mine,Boids,60,800,0.02,0.05,0.0,,21,0.3,0.2,2.0,20,0,1.0,1.0,1.0,120.0,2.533333333333333,0.08333333333333333,76.35515455637733,0.0234375,,60,1.0613864674812812,0.14942556181481847,0.46138646748128115,0.4620912908981787,1.0,Boids,0.0012364931249999244
mine,Boids,60,800,0.02,0.05,0.2,,21,0.3,0.2,2.0,20,0,1.0,1.0,1.0,120.0,2.35,0.05,71.33535236600261,0.021729166666666667,1.0,50,1.1919355770765525,0.18179763138609306,0.5919355770765524,0.5698126756881648,1.0,Boids,0.0011033393225011424
mine,Boids,60,800,0.02,0.05,0.2,,22,0.3,0.2,2.0,20,0,1.0,1.0,1.0,120.0,2.4833333333333334,0.1,67.4913096093324,0.024666666666666667,1.0,43,1.3325095304160566,0.21870673864410725,0.7325095304160566,0.6725018579552796,1.0,Boids,0.001066523281249374
mine,Boids,60,800,0.02,0.05,0.0,,22,0.3,0.2,2.0,20,0,1.0,1.0,1.0,120.0,2.816666666666667,0.11666666666666667,76.39452367962026,0.027041666666666665,,60,1.0753268633178592,0.13171518341039098,0.4753268633178592,0.4664074829665822,1.0,Boids,0.0012488535937495726
mine,Boids,60,800,0.02,0.05,0.2,,23,0.3,0.2,2.0,20,0,1.0,1.0,1.0,120.0,2.4,0.05,68.6488806652889,0.021895833333333333,1.0,45,1.2718256788255922,0.16867133472006696,0.6718256788255923,0.6156276588280095,1.0,Boids,0.0010827896362502543
mine,Boids,60,800,0.02,0.05,0.0,,23,0.3,0.2,2.0,20,0,1.0,1.0,1.0,120.0,2.7333333333333334,0.1,76.23229005963707,0.024,,60,1.0678375425263915,0.14727857661437424,0.4678375425263915,0.4521307664961587,1.0,Boids,0.001263561615000981
mine,Boids,60,800,0.02,0.05,0.0,,24,0.3,0.2,2.0,20,0,1.0,1.0,1.0,120.0,2.75,0.15,76.5293733237418,0.024041666666666666,,60,1.035868381509785,0.18109359914579928,0.43586838150978496,0.4692458563155101,1.0,Boids,0.0012519908337503694
mine,Boids,60,800,0.02,0.05,0.2,,24,0.3,0.2,2.0,20,0,1.0,1.0,1.0,120.0,2.4,0.13333333333333333,73.26663067787841,0.022041666666666668,1.0,54,1.1632848121145956,0.15312647982866603,0.5632848121145954,0.526004099746021,1.0,Boids,0.0011470792187515144
mine,Boids,60,800,0.02,0.05,0.0,,25,0.3,0.2,2.0,20,0,1.0,1.0,1.0,140.0,2.716666666666667,0.16666666666666666,76.09765449497034,0.026479166666666668,,60,1.0585780188983251,0.14648018512626348,0.458578018898325,0.4486803643933166,1.0,Boids,0.0012450108849998288
mine,Boids,60,800,0.02,0.05,0.2,,25,0.3,0.2,2.0,20,0,1.0,1.0,1.0,140.0,2.5833333333333335,0.13333333333333333,69.35854026080159,0.025270833333333333,1.0,46,1.3249920981335073,0.15794722838940378,0.7249920981335076,0.711637921794711,1.0,Boids,0.0011130093224983285
mine,Boids,60,800,0.02,0.05,0.2,,26,0.3,0.2,2.0,20,0,1.0,1.0,1.0,120.0,2.1666666666666665,0.06666666666666667,69.15319586714791,0.025083333333333332,1.0,46,1.2608811848814119,0.16833643095600487,0.6608811848814119,0.6180869420343568,1.0,Boids,0.0010989802087510725
mine,Boids,60,800,0.02,0.05,0.0,,26,0.3,0.2,2.0,20,0,1.0,1.0,1.0,120.0,2.4,0.06666666666666667,76.33066730587548,0.026916666666666665,,60,1.1038366628764276,0.15490403959876822,0.5038366628764276,0.47329362560974986,1.0,Boids,0.0012518417712499286
mine,Boids,60,800,0.02,0.05,0.2,,27,0.3,0.2,2.0,20,0,1.0,1.0,1.0,120.0,2.6,0.13333333333333333,69.25782439934413,0.024354166666666666,1.0,47,1.2753347277399563,0.19457684729928917,0.6753347277399562,0.6451448662762275,1.0,Boids,0.0010993154162497376
mine,Boids,60,800,0.02,0.05,0.0,,27,0.3,0.2,2.0,20,0,1.0,1.0,1.0,120.0,2.816666666666667,0.15,76.47861829696389,0.025958333333333333,,60,1.0615555807108994,0.15794309115606245,0.4615555807108996,0.4624089555854085,1.0,Boids,0.0012609197912502167
mine,Boids,60,800,0.02,0.05,0.0,,28,0.3,0.2,2.0,20,0,1.0,1.0,1.0,120.0,2.6666666666666665,0.16666666666666666,76.58931552067028,0.025625,,60,1.074017305672807,0.15480279407804273,0.47401730567280703,0.4549001951607836,1.0,Boids,0.0012568964062506893
mine,Boids,60,800,0.02,0.05,0.2,,28,0.3,0.2,2.0,20,0,1.0,1.0,1.0,120.0,2.6333333333333333,0.15,70.46851584187999,0.024875,1.0,48,1.2690519896792976,0.16405868980399982,0.6690519896792976,0.6244913417282757,1.0,Boids,0.0011128620837507696
mine,Boids,60,800,0.02,0.05,0.0,,29,0.3,0.2,2.0,20,0,1.0,1.0,1.0,120.0,2.316666666666667,0.13333333333333333,76.4926831311938,0.0214375,,60,1.0250985707165665,0.16461516875232649,0.42509857071656654,0.40829911908111916,1.0,Boids,0.0012045201562500552
mine,Boids,60,800,0.02,0.05,0.2,,29,0.3,0.2,2.0,20,0,1.0,1.0,1.0,120.0,2.05,0.13333333333333333,71.75366688940188,0.019666666666666666,1.0,51,1.1552381562313716,0.17992596517110646,0.5552381562313716,0.5696184194464923,1.0,Boids,0.0011108501562489437
apartment,Boids,60,800,0.02,0.05,0.0,,0,0.3,0.2,2.0,20,0,0.8326822916666666,0.8400716145833333,0.8717447916666666,140.0,1.1666666666666667,0.1,104.4946744063084,0.011625,,60,1.6112581528366587,0.1349264713216314,1.0112581528366584,1.0086668965234296,1.0,Boids,0.001267786769999475
apartment,Boids,60,800,0.02,0.05,0.2,,0,0.3,0.2,2.0,20,0,0.7923177083333334,0.7826497395833333,0.869140625,120.0,1.1666666666666667,0.08333333333333333,94.79838857241654,0.0115,0.9552590266875981,46,1.8347930402768657,0.1408149934905244,1.2347930402768659,1.2056433241449849,1.0,Boids,0.0010914275000004636
apartment,Boids,60,800,0.02,0.05,0.0,,1,0.3,0.2,2.0,20,0,0.8424479166666666,0.8331380208333334,0.87109375,140.0,1.3833333333333333,0.18333333333333332,104.47525349780452,0.012416666666666666,,60,1.6631002785617426,0.1386875622428948,1.0631002785617427,1.0760326218623881,1.0,Boids,0.0012592301562494867
apartment,Boids,60,800,0.02,0.05,0.2,,1,0.3,0.2,2.0,20,0,0.7884114583333334,0.7807291666666668,0.869140625,120.0,1.3833333333333333,0.18333333333333332,94.03365268786762,0.012395833333333333,0.9468334636434715,45,1.8891772021058453,0.11123894862962005,1.2891772021058452,1.2627173124946514,1.0,Boids,0.001089323124999737
apartment,Boids,60,800,0.02,0.05,0.0,,2,0.3,0.2,2.0,20,0,0.8372395833333334,0.8371419270833333,0.875,120.0,1.2,0.15,105.38077051138474,0.0113125,,60,1.6945593475235332,0.12864739135529737,1.0945593475235333,1.0943277426745273,1.0,Boids,0.0012562583850012742
apartment,Boids,60,800,0.02,0.05,0.2,,2,0.3,0.2,2.0,20,0,0.7923177083333334,0.7923502604166666,0.8658854166666666,120.0,1.2,0.13333333333333333,96.85659127052719,0.01125,0.959022852639874,48,1.7991634951193973,0.11543028978598463,1.1991634951193975,1.2042576776959661,1.0,Boids,0.0011160385937500905
apartment,Boids,60,800,0.02,0.05,0.0,,3,0.3,0.2,2.0,20,0,0.8444010416666666,0.8372395833333334,0.87109375,140.0,1.0666666666666667,0.11666666666666667,104.7812295025167,0.012041666666666668,,60,1.6663098781333738,0.13867315648274847,1.066309878133374,1.0667222635031122,1.0,Boids,0.0012271084374992824
apartment,Boids,60,800,0.02,0.05,0.2,,3,0.3,0.2,2.0,20,0,0.8248697916666666,0.8048828125,0.8704427083333334,140.0,1.0666666666666667,0.1,99.47434661206411,0.012083333333333333,0.9898437499999999,53,1.7356158593936277,0.13520843298514612,1.1356158593936279,1.1649552060442936,1.0,Boids,0.0011520719800000735
apartment,Boids,60,800,0.02,0.05,0.2,,4,0.3,0.2,2.0,20,0,0.7408854166666666,0.73369140625,0.865234375,120.0,1.35,0.11666666666666667,90.06254130805695,0.011333333333333334,0.8974763406940062,40,1.9314597846363672,0.09501791819487354,1.3314597846363672,1.3708648425005665,1.0,Boids,0.0010457989575002103
apartment,Boids,60,800,0.02,0.05,0.0,,4,0.3,0.2,2.0,20,0,0.8326822916666666,0.8349283854166666,0.8704427083333334,120.0,1.35,0.15,104.79658147784922,0.011520833333333333,,60,1.6425269719446858,0.12523601894546846,1.042526971944686,1.0573006411519983,1.0,Boids,0.0012158804162504565
apartment,Boids,60,800,0.02,0.05,0.0,,5,0.3,0.2,2.0,20,0,0.8333333333333334,0.8297200520833334,0.8743489583333334,120.0,1.25,0.2,104.01297479085764,0.01175,,60,1.6055926134948024,0.17195455356092448,1.0055926134948026,1.0426593420489174,1.0,Boids,0.0012459264062499643
apartment,Boids,60,800,0.02,0.05,0.2,,5,0.3,0.2,2.0,20,0,0.7799479166666666,0.7815104166666667,0.8717447916666666,120.0,1.25,0.16666666666666666,93.86056092353458,0.011625,0.9344773790951638,45,1.8714165592290246,0.16548773590851737,1.271416559229024,1.2052145965475694,1.0,Boids,0.0011169910412513672
apartment,Boids,60,800,0.02,0.05,0.0,,6,0.3,0.2,2.0,20,0,0.8372395833333334,0.8306640625,0.8717447916666666,120.0,1.2,0.13333333333333333,104.18574804081108,0.010645833333333334,,60,1.6568310633116474,0.10799334542384287,1.0568310633116478,1.0525719831302032,1.0,Boids,0.001263775573750081
apartment,Boids,60,800,0.02,0.05,0.2,,6,0.3,0.2,2.0,20,0,0.7858072916666666,0.7683268229166667,0.8606770833333334,120.0,1.2,0.11666666666666667,94.20240451205326,0.010666666666666666,0.9444444444444444,45,1.8648928987264326,0.1195030682256048,1.264892898726433,1.2146054970443454,1.0,Boids,0.0010940259900007732
apartment,Boids,60,800,0.02,0.05,0.0,,7,0.3,0.2,2.0,20,0,0.8346354166666666,0.8347981770833334,0.87109375,140.0,1.45,0.23333333333333334,103.9078336116879,0.011875,,60,1.6068805623137812,0.1027051727353,1.0068805623137815,1.0238599955925745,1.0,Boids,0.0012666287499996543
apartment,Boids,60,800,0.02,0.05,0.2,,7,0.3,0.2,2.0,20,0,0.8092447916666666,0.80322265625,0.8658854166666666,120.0,1.45,0.25,98.35752631896852,0.012020833333333333,0.9756671899529041,52,1.7999132988864244,0.11342249007409856,1.199913298886424,1.190063379502237,1.0,Boids,0.0012035176562517336
apartment,Boids,60,800,0.02,0.05,0.0,,8,0.3,0.2,2.0,20,0,0.8704427083333334,0.8411458333333334,0.9348958333333334,140.0,1.1833333333333333,0.16666666666666666,104.17118697293769,0.012416666666666666,,60,1.6564693825930832,0.2829425542729602,1.0564693825930833,1.0106449265952215,1.0,Boids,0.0012745831249981166
apartment,Boids,60,800,0.02,0.05,0.2,,8,0.3,0.2,2.0,20,0,0.7955729166666666,0.7950520833333333,0.86328125,120.0,1.1833333333333333,0.15,98.5457190241962,0.012375,0.9629629629629629,52,1.7236675935550683,0.13522252479704058,1.1236675935550684,1.0785358588665985,1.0,Boids,0.0011906504687499363
apartment,Boids,60,800,0.02,0.05,0.0,,9,0.3,0.2,2.0,20,0,0.8372395833333334,0.8374348958333334,0.87109375,140.0,1.0666666666666667,0.2,104.245089508224,0.011875,,60,1.6353617990735374,0.10279043201713252,1.0353617990735373,1.0486538840790351,1.0,Boids,0.0012834865624995473
apartment,Boids,60,800,0.02,0.05,0.2,,9,0.3,0.2,2.0,20,0,0.7708333333333334,0.7713216145833333,0.8678385416666666,120.0,1.0666666666666667,0.18333333333333332,93.75890240142066,0.011916666666666667,0.9264475743348983,45,1.8507868436100525,0.1380240619463116,1.2507868436100527,1.1653558825286154,1.0,Boids,0.0011013323962492905
apartment,Boids,60,800,0.02,0.05,0.0,,10,0.3,0.2,2.0,20,0,0.8385416666666666,0.8363606770833332,0.8717447916666666,120.0,1.4666666666666666,0.13333333333333333,104.38495260892789,0.012520833333333333,,60,1.6670252810917003,0.14045029919206073,1.0670252810917007,1.0667142875020794,1.0,Boids,0.0012773966150007253
apartment,Boids,60,800,0.02,0.05,0.2,,10,0.3,0.2,2.0,20,0,0.7825520833333334,0.77998046875,0.8600260416666666,120.0,1.4666666666666666,0.1,96.87772803382767,0.0124375,0.9405320813771518,49,1.7832746293158475,0.1418398885110303,1.1832746293158476,1.161941959610398,1.0,Boids,0.0011596392187516358
apartment,Boids,60,800,0.02,0.05,0.0,,11,0.3,0.2,2.0,20,0,0.8430989583333334,0.8283528645833333,0.8756510416666666,140.0,1.1,0.13333333333333333,103.94172159892375,0.011375,,60,1.6808156162404708,0.14537018110148373,1.080815616240471,1.023309013072571,1.0,Boids,0.0012649038537506385
apartment,Boids,60,800,0.02,0.05,0.2,,11,0.3,0.2,2.0,20,0,0.7786458333333334,0.7803710937500001,0.859375,120.0,1.1,0.16666666666666666,96.0514952914376,0.0113125,0.9447077409162717,49,1.718128130858444,0.1463515390115088,1.1181281308584439,1.1271233475345768,1.0,Boids,0.0011546180212508262
apartment,Boids,60,800,0.02,0.05,0.0,,12,0.3,0.2,2.0,20,0,0.8411458333333334,0.8279296875,0.869140625,140.0,1.05,0.16666666666666666,104.27287520714935,0.011270833333333334,,60,1.7093272799040764,0.14655596287637593,1.1093272799040763,1.098173778187724,1.0,Boids,0.0012837401562501326
apartment,Boids,60,800,0.02,0.05,0.2,,12,0.3,0.2,2.0,20,0,0.759765625,0.7620442708333334,0.8639322916666666,140.0,1.05,0.18333333333333332,93.3376725954853,0.0113125,0.9203470031545741,44,1.8906630243467901,0.13041251848041188,1.2906630243467898,1.2253223975100387,1.0,Boids,0.0010999027087495962
apartment,Boids,60,800,0.02,0.05,0.2,,13,0.3,0.2,2.0,20,0,0.822265625,0.8150065104166666,0.9361979166666666,120.0,1.3,0.2,96.67858941514545,0.012833333333333334,0.9767981438515081,48,1.884771262262239,0.25928243170855125,1.284771262262239,1.249765908922691,1.0,Boids,0.0011232059899998603
apartment,Boids,60,800,0.02,0.05,0.0,,13,0.3,0.2,2.0,20,0,0.8899739583333334,0.8693684895833332,0.939453125,160.0,1.3,0.21666666666666667,104.87438555265338,0.012854166666666667,,60,1.750899773308137,0.2140797378426226,1.1508997733081374,1.0808941768258282,1.0,Boids,0.0012683082812509382
apartment,Boids,60,800,0.02,0.05,0.0,,14,0.3,0.2,2.0,20,0,0.8430989583333334,0.8359700520833334,0.8736979166666666,120.0,1.2,0.11666666666666667,104.57105548582089,0.012458333333333333,,60,1.6503764575187216,0.09711476158574346,1.0503764575187218,1.0305613937886622,1.0,Boids,0.0012811071362511938
apartment,Boids,60,800,0.02,0.05,0.2,,14,0.3,0.2,2.0,20,0,0.77734375,0.7787760416666667,0.869140625,120.0,1.2,0.06666666666666667,94.90621446205704,0.0123125,0.943127962085308,46,1.8971702435360016,0.11647687748864598,1.2971702435360015,1.3259783029927492,1.0,Boids,0.0010965674475005471
apartment,Boids,60,800,0.02,0.05,0.2,,15,0.3,0.2,2.0,20,0,0.7981770833333334,0.7913411458333334,0.87109375,120.0,1.3166666666666667,0.13333333333333333,95.52483429055908,0.011958333333333333,0.9489164086687306,47,1.7952632155060284,0.14046784286274086,1.195263215506029,1.2002427121454415,1.0,Boids,0.0011213313024995841
apartment,Boids,60,800,0.02,0.05,0.0,,15,0.3,0.2,2.0,20,0,0.8365885416666666,0.8386067708333333,0.8743489583333334,120.0,1.3166666666666667,0.16666666666666666,104.9680014081145,0.0120625,,60,1.649024374849584,0.10689273357065578,1.0490243748495842,1.033687162730351,1.0,Boids,0.0012476932812501217
apartment,Boids,60,800,0.02,0.05,0.0,,16,0.3,0.2,2.0,20,0,0.8365885416666666,0.8318684895833334,0.87109375,120.0,1.3,0.18333333333333332,103.22249063108144,0.013583333333333333,,60,1.671453321965495,0.12544669491139024,1.0714533219654954,1.0832616647274858,1.0,Boids,0.001231586875001085
apartment,Boids,60,800,0.02,0.05,0.2,,16,0.3,0.2,2.0,20,0,0.8138020833333334,0.8047200520833332,0.8684895833333334,120.0,1.3,0.16666666666666666,98.13820413367225,0.013583333333333333,0.9881422924901185,52,1.795481922585598,0.11905808359354446,1.1954819225855977,1.1887147510645462,1.0,Boids,0.0011476715112507918
apartment,Boids,60,800,0.02,0.05,0.0,,17,0.3,0.2,2.0,20,0,0.8365885416666666,0.8329427083333334,0.87109375,120.0,1.0833333333333333,0.18333333333333332,104.10867376616743,0.012791666666666666,,60,1.7077604702698044,0.12044636126925636,1.107760470269804,1.1269706147681242,1.0,Boids,0.0012431879687505897
apartment,Boids,60,800,0.02,0.05,0.2,,17,0.3,0.2,2.0,20,0,0.7884114583333334,0.7771809895833334,0.8645833333333334,120.0,1.0833333333333333,0.18333333333333332,96.11062125059634,0.012791666666666666,0.94609375,49,1.7898225467896436,0.12773980848620475,1.1898225467896433,1.15393705421751,1.0,Boids,0.0011161054174999663
apartment,Boids,60,800,0.02,0.05,0.0,,18,0.3,0.2,2.0,20,0,0.83203125,0.8222330729166666,0.86328125,120.0,0.8833333333333333,0.23333333333333334,104.24523669941037,0.008333333333333333,,60,1.626210497467971,0.14611161467269063,1.026210497467971,0.9634538259287353,1.0,Boids,0.0012331764587497672
apartment,Boids,60,800,0.02,0.05,0.2,,18,0.3,0.2,2.0,20,0,0.822265625,0.8126302083333332,0.8665364583333334,120.0,0.8833333333333333,0.2,99.71498614887511,0.008270833333333333,1.0063745019920318,53,1.762710490848723,0.13590043715437536,1.1627104908487225,1.1289272105134374,1.0,Boids,0.0011770496875010395
apartment,Boids,60,800,0.02,0.05,0.0,,19,0.3,0.2,2.0,20,0,0.87109375,0.84541015625,0.9375,180.0,1.1333333333333333,0.08333333333333333,104.87258585755642,0.0115,,60,1.700167151484054,0.24279527515730584,1.1001671514840536,1.0104344528429692,1.0,Boids,0.001241469531250914
apartment,Boids,60,800,0.02,0.05,0.2,,19,0.3,0.2,2.0,20,0,0.7877604166666666,0.7753255208333334,0.8736979166666666,120.0,1.1333333333333333,0.08333333333333333,94.77649125151906,0.0114375,0.937984496124031,45,1.967110562186424,0.17401708517107453,1.3671105621864243,1.2759849220328991,1.0,Boids,0.0011041478650008684
apartment,Boids,60,800,0.02,0.05,0.0,,20,0.3,0.2,2.0,20,0,0.8411458333333334,0.8348307291666666,0.8717447916666666,120.0,1.4,0.13333333333333333,103.77911316475641,0.013666666666666667,,60,1.7051293294011935,0.11976112456987464,1.1051293294011935,1.0973258331509488,1.0,Boids,0.0012520348949988146
apartment,Boids,60,800,0.02,0.05,0.2,,20,0.3,0.2,2.0,20,0,0.7858072916666666,0.7816406249999999,0.8619791666666666,120.0,1.4,0.13333333333333333,95.94172149021801,0.013583333333333333,0.9511426319936958,49,1.7568917320172917,0.098810864335378,1.1568917320172916,1.122222611322814,1.0,Boids,0.0011522121874986623
apartment,Boids,60,800,0.02,0.05,0.0,,21,0.3,0.2,2.0,20,0,0.8391927083333334,0.8347330729166667,0.8723958333333334,140.0,1.4166666666666667,0.16666666666666666,104.68680071385339,0.012041666666666668,,60,1.6210651780118321,0.09787533083468727,1.0210651780118325,0.9817365534956727,1.0,Boids,0.001288360156249837
apartment,Boids,60,800,0.02,0.05,0.2,,21,0.3,0.2,2.0,20,0,0.7760416666666666,0.7802083333333332,0.8639322916666666,140.0,1.4166666666666667,0.15,96.53569498112282,0.012,0.9290724863600934,49,1.7585648634021795,0.13387518204990304,1.1585648634021795,1.1527683320922915,1.0,Boids,0.001160881769999378
apartment,Boids,60,800,0.02,0.05,0.0,,22,0.3,0.2,2.0,20,0,0.8274739583333334,0.8331380208333334,0.8743489583333334,120.0,1.4166666666666667,0.18333333333333332,103.73789706334364,0.012604166666666666,,60,1.644520464797928,0.12116056763265241,1.0445204647979278,1.0151936043056757,1.0,Boids,0.0012766277075002108
apartment,Boids,60,800,0.02,0.05,0.2,,22,0.3,0.2,2.0,20,0,0.7845052083333334,0.7787760416666667,0.8678385416666666,120.0,1.4166666666666667,0.13333333333333333,95.04817089154197,0.0123125,0.9624600638977636,47,1.8210596940102366,0.11980646271438783,1.2210596940102367,1.2231874789176271,1.0,Boids,0.001156143281250479
apartment,Boids,60,800,0.02,0.05,0.0,,23,0.3,0.2,2.0,20,0,0.8430989583333334,0.8326497395833332,0.8736979166666666,140.0,1.4333333333333333,0.16666666666666666,104.35499276283689,0.0133125,,60,1.6184199271069901,0.13096150208865232,1.0184199271069898,1.031757332490259,1.0,Boids,0.0012555497912489955
apartment,Boids,60,800,0.02,0.05,0.2,,23,0.3,0.2,2.0,20,0,0.8138020833333334,0.79716796875,0.869140625,140.0,1.4333333333333333,0.18333333333333332,95.92084654712095,0.0131875,0.9811616954474097,48,1.9059681708309721,0.12265872355520989,1.305968170830972,1.3143232965316827,1.0,Boids,0.0011341011462491224
apartment,Boids,60,800,0.02,0.05,0.0,,24,0.3,0.2,2.0,20,0,0.837890625,0.8366536458333332,0.873046875,120.0,1.3166666666666667,0.21666666666666667,104.17956430749972,0.0128125,,60,1.7129334573585682,0.14045063819875575,1.112933457358568,1.095025950837944,1.0,Boids,0.0012762901562496155
apartment,Boids,60,800,0.02,0.05,0.2,,24,0.3,0.2,2.0,20,0,0.783203125,0.7722330729166667,0.8658854166666666,120.0,1.3166666666666667,0.21666666666666667,94.87684129233791,0.012791666666666666,0.93984375,47,1.7882927173333452,0.14251006952426964,1.188292717333345,1.1825473888358622,1.0,Boids,0.001128449947500485
apartment,Boids,60,800,0.02,0.05,0.0,,25,0.3,0.2,2.0,20,0,0.849609375,0.83349609375,0.873046875,120.0,1.1,0.11666666666666667,104.19263704790632,0.011208333333333334,,60,1.6207343784888677,0.13467085190874292,1.0207343784888674,1.034095144788254,1.0,Boids,0.0012950367187499977
apartment,Boids,60,800,0.02,0.05,0.2,,25,0.3,0.2,2.0,20,0,0.7682291666666666,0.7689778645833332,0.8645833333333334,120.0,1.1,0.11666666666666667,95.54040465709674,0.011020833333333334,0.929866036249015,48,1.7104199004177392,0.11552451212666032,1.110419900417739,1.0994664323261587,1.0,Boids,0.0011421903124983145
apartment,Boids,60,800,0.02,0.05,0.0,,26,0.3,0.2,2.0,20,0,0.8372395833333334,0.83857421875,0.875,140.0,1.25,0.18333333333333332,103.9568140191084,0.012416666666666666,,60,1.664582371872089,0.1363584560662075,1.064582371872089,1.0286896717854512,1.0,Boids,0.0012328734899983828
apartment,Boids,60,800,0.02,0.05,0.2,,26,0.3,0.2,2.0,20,0,0.74609375,0.7417643229166667,0.869140625,120.0,1.25,0.13333333333333333,92.03076790084505,0.012125,0.8842592592592593,43,1.9294854467597118,0.23604032466914593,1.3294854467597117,1.2533729490252985,1.0,Boids,0.0010855495837517992
apartment,Boids,60,800,0.02,0.05,0.0,,27,0.3,0.2,2.0,20,0,0.8365885416666666,0.8323893229166668,0.8756510416666666,120.0,1.3333333333333333,0.15,104.65812172742444,0.011583333333333333,,60,1.6198176487855014,0.1250580085919458,1.0198176487855013,1.0625121179535209,1.0,Boids,0.0012719333850009207
apartment,Boids,60,800,0.02,0.05,0.2,,27,0.3,0.2,2.0,20,0,0.783203125,0.7767578125,0.8697916666666666,120.0,1.3333333333333333,0.18333333333333332,95.52328846660849,0.011583333333333333,0.9413145539906104,47,1.8224913070385738,0.1419609751749821,1.2224913070385737,1.1681366612469346,1.0,Boids,0.0011326152600008754
apartment,Boids,60,800,0.02,0.05,0.0,,28,0.3,0.2,2.0,20,0,0.833984375,0.8314127604166668,0.8723958333333334,120.0,1.1666666666666667,0.08333333333333333,103.56126341783273,0.012416666666666666,,60,1.6582059212602418,0.14652167993265508,1.0582059212602417,1.0796840778412933,1.0,Boids,0.0012728821349992359
apartment,Boids,60,800,0.02,0.05,0.2,,28,0.3,0.2,2.0,20,0,0.7838541666666666,0.77294921875,0.8600260416666666,120.0,1.1666666666666667,0.06666666666666667,94.55012573401066,0.012333333333333333,0.9647435897435896,47,1.7948749212419075,0.1343654879704824,1.1948749212419076,1.209466718782866,1.0,Boids,0.0011141106774994114
apartment,Boids,60,800,0.02,0.05,0.0,,29,0.3,0.2,2.0,20,0,0.8203125,0.8277669270833332,0.8684895833333334,120.0,1.1666666666666667,0.13333333333333333,104.21959894635314,0.011875,,60,1.6101478544667474,0.1081479451330105,1.0101478544667475,1.0130351697312467,1.0,Boids,0.0012652388537480873
apartment,Boids,60,800,0.02,0.05,0.2,,29,0.3,0.2,2.0,20,0,0.7669270833333334,0.7587890624999999,0.8658854166666666,120.0,1.1666666666666667,0.11666666666666667,92.9771336557035,0.0118125,0.9210320562939798,44,1.8904458779514235,0.14743463689956152,1.2904458779514236,1.2329641938036517,1.0,Boids,0.0010889498437495603
rubble,Boids,60,800,0.02,0.05,0.0,,0,0.3,0.2,2.0,20,0,0.776536312849162,0.7386522346368716,0.8344972067039106,480.0,1.4333333333333333,0.38333333333333336,82.82707815021391,0.0134375,,60,1.4939054795503537,0.24213208505240572,0.8939054795503538,0.829040409978549,1.0,Boids,0.0012918447387505693
rubble,Boids,60,800,0.02,0.05,0.2,,0,0.3,0.2,2.0,20,0,0.744413407821229,0.7226256983240222,0.8212290502793296,260.0,1.45,0.3333333333333333,78.52397410824408,0.013208333333333334,1.071356783919598,53,1.619309953767666,0.2631750977561105,1.0193099537676662,0.8643983564855889,1.0,Boids,0.0011835920312501002
rubble,Boids,60,800,0.02,0.05,0.0,,1,0.3,0.2,2.0,20,0,0.776536312849162,0.7573673184357542,0.8414804469273743,420.0,1.35,0.36666666666666664,82.01574372560178,0.014520833333333334,,60,1.5239727184248237,0.2310994204584096,0.923972718424824,0.8590305013410923,1.0,Boids,0.001229538906250127
rubble,Boids,60,800,0.02,0.05,0.2,,1,0.3,0.2,2.0,20,0,0.696927374301676,0.6979399441340782,0.8065642458100558,220.0,1.3166666666666667,0.3,74.77537044279538,0.014,0.9930348258706467,47,1.61235186641633,0.23171916104982457,1.01235186641633,1.0101672190241175,1.0,Boids,0.0011512521875010862
rubble,Boids,60,800,0.02,0.05,0.0,,2,0.3,0.2,2.0,20,0,0.7667597765363129,0.7265013966480446,0.8233240223463687,420.0,1.3333333333333333,0.2833333333333333,82.14346705865883,0.013895833333333333,,60,1.517698802462264,0.2853623038308581,0.9176988024622642,0.7591955043794002,1.0,Boids,0.0012292943749980622
rubble,Boids,60,800,0.02,0.05,0.2,,2,0.3,0.2,2.0,20,0,0.6808659217877095,0.6805167597765363,0.7737430167597765,200.0,1.3333333333333333,0.25,75.2622079222538,0.013979166666666668,0.988843813387424,49,1.5567156058791662,0.20243881280041387,0.9567156058791662,0.9389704148340526,1.0,Boids,0.0011839330725001674
rubble,Boids,60,800,0.02,0.05,0.0,,3,0.3,0.2,2.0,20,0,0.7716480446927374,0.736836592178771,0.8386871508379888,420.0,1.4666666666666666,0.38333333333333336,82.58454285489485,0.017270833333333332,,60,1.4946789435947891,0.2723292071721352,0.8946789435947891,0.9159741850274676,1.0,Boids,0.0013265154162490943
rubble,Boids,60,800,0.02,0.05,0.2,,3,0.3,0.2,2.0,20,0,0.6731843575418994,0.6526536312849163,0.7730446927374302,200.0,1.4666666666666666,0.38333333333333336,72.96567970464956,0.017208333333333332,0.9836734693877551,45,1.6064080513475172,0.23056034422642604,1.006408051347517,0.910196451503635,1.0,Boids,0.001169204843749867
rubble,Boids,60,800,0.02,0.05,0.0,,4,0.3,0.2,2.0,20,0,0.7786312849162011,0.7617318435754191,0.8421787709497207,360.0,1.2833333333333334,0.48333333333333334,82.60410628954239,0.020958333333333332,,60,1.5259252636502807,0.2133425168016246,0.9259252636502808,0.8564470497414491,1.0,Boids,0.001287987707501088
rubble,Boids,60,800,0.02,0.05,0.2,,4,0.3,0.2,2.0,20,0,0.7185754189944135,0.697800279329609,0.8205307262569832,280.0,1.25,0.4166666666666667,72.66280591806441,0.0201875,0.9961277831558568,43,1.694330669250146,0.29528924930343026,1.0943306692501458,1.0137485340033296,1.0,Boids,0.0011584893750000446
rubble,Boids,60,800,0.02,0.05,0.2,,5,0.3,0.2,2.0,20,0,0.6808659217877095,0.6665851955307263,0.8016759776536313,260.0,1.35,0.35,73.92432877490224,0.0193125,0.9294566253574834,46,1.6258890642218906,0.35978525842567793,1.025889064221891,0.9676282302314657,1.0,Boids,0.0011894033325006604
rubble,Boids,60,800,0.02,0.05,0.0,,5,0.3,0.2,2.0,20,0,0.7828212290502793,0.7605097765363127,0.8372905027932961,340.0,1.35,0.3,82.88883502902267,0.0190625,,60,1.5360027143650266,0.24223249353434478,0.9360027143650266,0.8599187642233737,1.0,Boids,0.0013191636974988796
rubble,Boids,60,800,0.02,0.05,0.0,,6,0.3,0.2,2.0,20,0,0.7863128491620112,0.766445530726257,0.8386871508379888,440.0,1.5666666666666667,0.4,82.66699207564125,0.019416666666666665,,60,1.4798816033939253,0.18819534845770555,0.8798816033939255,0.8669179141781952,1.0,Boids,0.0012796474487504384
rubble,Boids,60,800,0.02,0.05,0.2,,6,0.3,0.2,2.0,20,0,0.6899441340782123,0.6815293296089384,0.7863128491620112,240.0,1.5666666666666667,0.35,73.72844469569198,0.019270833333333334,0.988988988988989,46,1.5310173111509566,0.25349733936941626,0.9310173111509568,0.8416559314623252,1.0,Boids,0.0011570008337503169
rubble,Boids,60,800,0.02,0.05,0.0,,7,0.3,0.2,2.0,20,0,0.7793296089385475,0.7667248603351956,0.8421787709497207,300.0,1.5833333333333333,0.2,82.64967872265198,0.0206875,,60,1.4768816490325005,0.2348269831341576,0.8768816490325004,0.8262592521983941,1.0,Boids,0.001288051146250382
rubble,Boids,60,800,0.02,0.05,0.2,,7,0.3,0.2,2.0,20,0,0.7192737430167597,0.7018505586592181,0.8149441340782123,220.0,1.5666666666666667,0.25,74.78597633281689,0.020770833333333332,0.9726156751652502,47,1.6881581731587603,0.25375894002979477,1.0881581731587604,1.0181459769192398,1.0,Boids,0.001208029894999072
rubble,Boids,60,800,0.02,0.05,0.0,,8,0.3,0.2,2.0,20,0,0.7737430167597765,0.7551326815642458,0.8344972067039106,380.0,1.3,0.2833333333333333,82.93458772862212,0.015645833333333335,,60,1.5263888140844075,0.2411768007941128,0.9263888140844077,0.8145067849409602,1.0,Boids,0.0013240627612503887
rubble,Boids,60,800,0.02,0.05,0.2,,8,0.3,0.2,2.0,20,0,0.696927374301676,0.6930865921787709,0.7835195530726257,200.0,1.2833333333333334,0.26666666666666666,76.06924472899644,0.0155625,0.9960079840319361,50,1.5781044980612344,0.2144330938788422,0.9781044980612346,0.9278175634126845,1.0,Boids,0.00120434234375125
rubble,Boids,60,800,0.02,0.05,0.0,,9,0.3,0.2,2.0,20,0,0.7884078212290503,0.756145251396648,0.8414804469273743,400.0,1.3333333333333333,0.38333333333333336,82.71402627332928,0.015041666666666667,,60,1.4910268049970397,0.24925739174166098,0.8910268049970396,0.8488427653046026,1.0,Boids,0.0013114695837498401
rubble,Boids,60,800,0.02,0.05,0.2,,9,0.3,0.2,2.0,20,0,0.6934357541899442,0.6882332402234637,0.797486033519553,240.0,1.3333333333333333,0.4666666666666667,74.63395358718529,0.015375,0.9631425800193988,47,1.6192169110387256,0.26579477436258764,1.019216911038725,0.9031048257159938,1.0,Boids,0.0011804838025000208
rubble,Boids,60,800,0.02,0.05,0.0,,10,0.3,0.2,2.0,20,0,0.7527932960893855,0.7312849162011175,0.8310055865921788,380.0,1.6166666666666667,0.31666666666666665,82.30715467680372,0.018208333333333333,,60,1.444334201692407,0.24676110582806823,0.8443342016924069,0.7197778647058741,1.0,Boids,0.0013245518749999974
rubble,Boids,60,800,0.02,0.05,0.2,,10,0.3,0.2,2.0,20,0,0.74231843575419,0.7246159217877095,0.8247206703910615,280.0,1.5833333333333333,0.21666666666666667,77.80777300818843,0.017354166666666667,1.0683417085427136,52,1.5804115057259458,0.22379731895933827,0.9804115057259455,0.8821145557026498,1.0,Boids,0.0012130616662511784
rubble,Boids,60,800,0.02,0.05,0.0,,11,0.3,0.2,2.0,20,0,0.7688547486033519,0.7375,0.8212290502793296,400.0,1.5,0.35,82.58553438428946,0.016895833333333332,,60,1.4887770272845158,0.23306997978530236,0.8887770272845157,0.7596801172576018,1.0,Boids,0.0013259736974987391
rubble,Boids,60,800,0.02,0.05,0.2,,11,0.3,0.2,2.0,20,0,0.6801675977653632,0.6680516759776536,0.7786312849162011,240.0,1.4833333333333334,0.31666666666666665,74.19456392513338,0.016479166666666666,0.9779116465863456,47,1.5196482082998224,0.23961720734923175,0.9196482082998229,0.7983669645681567,1.0,Boids,0.0011753786462509197
rubble,Boids,60,800,0.02,0.05,0.2,,12,0.3,0.2,2.0,20,0,0.6836592178770949,0.6745111731843575,0.7730446927374302,280.0,1.3333333333333333,0.3333333333333333,75.45482361429087,0.012833333333333334,0.9859013091641489,50,1.5713348494953425,0.2078343297325197,0.9713348494953427,0.9075515918089115,1.0,Boids,0.0011640350512493569
rubble,Boids,60,800,0.02,0.05,0.0,,12,0.3,0.2,2.0,20,0,0.7828212290502793,0.7403980446927374,0.8379888268156425,440.0,1.3333333333333333,0.4,82.54439729828682,0.013270833333333334,,60,1.5590729710187852,0.2842084492218861,0.9590729710187854,0.9376911575383119,1.0,Boids,0.0013020731250003336
rubble,Boids,60,800,0.02,0.05,0.0,,13,0.3,0.2,2.0,20,0,0.7486033519553073,0.726222067039106,0.821927374301676,300.0,1.6,0.3333333333333333,82.45749538820115,0.021145833333333332,,60,1.4399546965041623,0.22981962764892414,0.8399546965041622,0.797489418604223,1.0,Boids,0.0013098621349990935
rubble,Boids,60,800,0.02,0.05,0.2,,13,0.3,0.2,2.0,20,0,0.7060055865921788,0.6947974860335197,0.8023743016759777,220.0,1.6,0.31666666666666665,75.05507996409341,0.021604166666666667,0.9873046875,48,1.597769066831842,0.24339217429695262,0.9977690668318422,0.9438483106606413,1.0,Boids,0.0011495316662512777
rubble,Boids,60,800,0.02,0.05,0.0,,14,0.3,0.2,2.0,20,0,0.7828212290502793,0.754713687150838,0.8358938547486033,440.0,1.35,0.38333333333333336,83.10056968672008,0.017645833333333333,,60,1.511776862553596,0.23965752289426442,0.9117768625535962,0.881444562420598,1.0,Boids,0.0012562724474992138
rubble,Boids,60,800,0.02,0.05,0.2,,14,0.3,0.2,2.0,20,0,0.7416201117318436,0.7240572625698325,0.8184357541899442,220.0,1.35,0.25,79.10947824835083,0.01725,1.066265060240964,54,1.52108640668699,0.25407626712568054,0.9210864066869903,0.8622600302874988,1.0,Boids,0.0012824821349977356
rubble,Boids,60,800,0.02,0.05,0.0,,15,0.3,0.2,2.0,20,0,0.7716480446927374,0.7410614525139664,0.8324022346368715,360.0,1.6166666666666667,0.4166666666666667,82.74349707356997,0.020458333333333332,,60,1.5256764379742533,0.22566489022769312,0.925676437974253,0.8768384246852171,1.0,Boids,0.0012537030199996479
rubble,Boids,60,800,0.02,0.05,0.2,,15,0.3,0.2,2.0,20,0,0.6843575418994413,0.680481843575419,0.7870111731843575,240.0,1.6166666666666667,0.31666666666666665,72.0393757804576,0.020520833333333332,0.9819639278557114,43,1.628761377182781,0.24071144451951765,1.0287613771827806,0.9572893027945454,1.0,Boids,0.001081055156248567
rubble,Boids,60,800,0.02,0.05,0.0,,16,0.3,0.2,2.0,20,0,0.7590782122905028,0.7326117318435753,0.8282122905027933,400.0,1.5833333333333333,0.3,81.72563126952039,0.020708333333333332,,60,1.4755068905899689,0.18764934422436969,0.8755068905899691,0.8299695000091775,1.0,Boids,0.0012766928125006417
rubble,Boids,60,800,0.02,0.05,0.2,,16,0.3,0.2,2.0,20,0,0.702513966480447,0.696263966480447,0.7967877094972067,220.0,1.6,0.25,75.63541880842111,0.020791666666666667,1.0141129032258065,49,1.5497798416054742,0.24582615251470857,0.9497798416054741,0.788695402392748,1.0,Boids,0.0011689277599998605
rubble,Boids,60,800,0.02,0.05,0.2,,17,0.3,0.2,2.0,20,0,0.7018156424581006,0.6986033519553073,0.8037709497206704,240.0,1.3333333333333333,0.23333333333333334,74.6195579903019,0.0149375,1.006006006006006,48,1.611254130729354,0.2544157031559329,1.0112541307293539,0.975195984073833,1.0,Boids,0.0011473927599990929
rubble,Boids,60,800,0.02,0.05,0.0,,17,0.3,0.2,2.0,20,0,0.744413407821229,0.7312150837988826,0.8296089385474861,360.0,1.3333333333333333,0.26666666666666666,82.50998372006036,0.014979166666666667,,60,1.5159060090557317,0.2375970114518981,0.9159060090557318,0.8531643885717347,1.0,Boids,0.0013951279162483844
rubble,Boids,60,800,0.02,0.05,0.0,,18,0.3,0.2,2.0,20,0,0.7639664804469274,0.7298533519553072,0.8184357541899442,300.0,1.6166666666666667,0.48333333333333334,82.322168317851,0.02033333333333333,,60,1.4787976894830972,0.2816610230724661,0.8787976894830968,0.7955621022510432,1.0,Boids,0.0012668665099999999
rubble,Boids,60,800,0.02,0.05,0.2,,18,0.3,0.2,2.0,20,0,0.7353351955307262,0.7113826815642459,0.8100558659217877,260.0,1.6,0.4166666666666667,77.00325364424238,0.02027083333333333,1.026315789473684,52,1.6367209939203096,0.292281368901865,1.0367209939203095,0.9604317179312699,1.0,Boids,0.001183889113751775
rubble,Boids,60,800,0.02,0.05,0.2,,19,0.3,0.2,2.0,20,0,0.6298882681564246,0.623358938547486,0.7569832402234636,220.0,1.2833333333333334,0.15,70.00900256676647,0.014125,0.9101917255297679,41,1.7105207855920246,0.372776039359247,1.1105207855920245,0.9453191310376236,1.0,Boids,0.0011172509899984107
rubble,Boids,60,800,0.02,0.05,0.0,,19,0.3,0.2,2.0,20,0,0.7625698324022346,0.7434008379888268,0.8310055865921788,400.0,1.2833333333333334,0.18333333333333332,82.26183707759927,0.014145833333333333,,60,1.5091317015529855,0.2248045540587395,0.9091317015529855,0.8932038451908707,1.0,Boids,0.0012838435412504622
rubble,Boids,60,800,0.02,0.05,0.0,,20,0.3,0.2,2.0,20,0,0.7758379888268156,0.75286312849162,0.8331005586592178,380.0,1.3166666666666667,0.2833333333333333,83.02502825989896,0.01875,,60,1.5001945122413465,0.23213804618491127,0.9001945122413463,0.8274439306690818,1.0,Boids,0.0012594205725008577
rubble,Boids,60,800,0.02,0.05,0.2,,20,0.3,0.2,2.0,20,0,0.7472067039106145,0.7069483240223464,0.8212290502793296,240.0,1.3166666666666667,0.26666666666666666,76.3626791821231,0.01875,1.0358180058083253,50,1.653712183467579,0.28120966592967717,1.0537121834675789,0.8915661143094599,1.0,Boids,0.001207711511249272
rubble,Boids,60,800,0.02,0.05,0.0,,21,0.3,0.2,2.0,20,0,0.7695530726256983,0.7409916201117318,0.8289106145251397,340.0,1.5333333333333334,0.35,82.33445853920719,0.020041666666666666,,60,1.4889344756566054,0.22112664057467277,0.8889344756566053,0.8390842335212765,1.0,Boids,0.0012869929162502558
rubble,Boids,60,800,0.02,0.05,0.2,,21,0.3,0.2,2.0,20,0,0.6641061452513967,0.6668296089385475,0.7932960893854749,200.0,1.5333333333333334,0.2,72.3486131415964,0.019604166666666666,0.9369458128078818,43,1.6009535226921705,0.29109274415910275,1.0009535226921704,0.8676894158348657,1.0,Boids,0.0011300161987514911
rubble,Boids,60,800,0.02,0.05,0.0,,22,0.3,0.2,2.0,20,0,0.7695530726256983,0.7486731843575418,0.8296089385474861,360.0,1.3666666666666667,0.23333333333333334,82.81360635324573,0.016020833333333335,,60,1.5318247768560933,0.2251054757844682,0.9318247768560934,0.8757855687108294,1.0,Boids,0.0012682409900003223
rubble,Boids,60,800,0.02,0.05,0.2,,22,0.3,0.2,2.0,20,0,0.7032122905027933,0.6995111731843575,0.7988826815642458,180.0,1.35,0.18333333333333332,74.71141545364549,0.015729166666666666,0.998017839444995,47,1.5655445953341114,0.2611946601417692,0.9655445953341112,0.8533597560617087,1.0,Boids,0.0011552557812501618
rubble,Boids,60,800,0.02,0.05,0.0,,23,0.3,0.2,2.0,20,0,0.7905027932960894,0.7694134078212291,0.8428770949720671,380.0,1.5833333333333333,0.2833333333333333,83.2602801164592,0.017229166666666667,,60,1.4712752494360162,0.26118667255244365,0.8712752494360162,0.810720438001731,1.0,Boids,0.0012761224487485379
rubble,Boids,60,800,0.02,0.05,0.2,,23,0.3,0.2,2.0,20,0,0.696927374301676,0.6950768156424582,0.7960893854748603,280.0,1.5833333333333333,0.2833333333333333,75.84870066381488,0.017375,0.9559386973180076,50,1.5537654905508445,0.23022086365405808,0.9537654905508444,0.8670511152282333,1.0,Boids,0.0012137148950000665
rubble,Boids,60,800,0.02,0.05,0.2,,24,0.3,0.2,2.0,20,0,0.7115921787709497,0.6986033519553072,0.7995810055865922,200.0,1.6333333333333333,0.26666666666666666,74.51311237062507,0.0218125,1.0387359836901122,47,1.6073501441873077,0.3080502917206158,1.0073501441873076,0.8461720527451729,1.0,Boids,0.0011620314574997792
rubble,Boids,60,800,0.02,0.05,0.0,,24,0.3,0.2,2.0,20,0,0.7625698324022346,0.7395949720670391,0.827513966480447,440.0,1.6333333333333333,0.3333333333333333,82.4002220765887,0.022,,60,1.4552107351211832,0.2413373005214337,0.8552107351211833,0.8279943566752096,1.0,Boids,0.0013144768237498283
rubble,Boids,60,800,0.02,0.05,0.0,,25,0.3,0.2,2.0,20,0,0.7925977653631285,0.7637220670391061,0.8456703910614525,420.0,1.7333333333333334,0.3333333333333333,83.02781602308907,0.021,,60,1.5304228790650491,0.2580811943626885,0.930422879065049,0.8789909056406647,1.0,Boids,0.0012819190099980914
rubble,Boids,60,800,0.02,0.05,0.2,,25,0.3,0.2,2.0,20,0,0.7178770949720671,0.7027583798882682,0.8044692737430168,220.0,1.7166666666666666,0.31666666666666665,76.30004016289512,0.020791666666666667,1.00390625,50,1.5230810735271172,0.2522986859790636,0.9230810735271174,0.8279288145181193,1.0,Boids,0.0011811375524985123
rubble,Boids,60,800,0.02,0.05,0.0,,26,0.3,0.2,2.0,20,0,0.7737430167597765,0.7457402234636871,0.827513966480447,340.0,1.3166666666666667,0.48333333333333334,83.5066313301944,0.014083333333333333,,60,1.4487303079488376,0.26240046777271336,0.8487303079488373,0.8060727074187289,1.0,Boids,0.0012741679175019272
rubble,Boids,60,800,0.02,0.05,0.2,,26,0.3,0.2,2.0,20,0,0.6850558659217877,0.6683310055865923,0.7800279329608939,200.0,1.3,0.4166666666666667,74.4150713508222,0.0136875,0.98001998001998,47,1.6249600057159712,0.24277429534344044,1.0249600057159713,0.9195700494568727,1.0,Boids,0.0011929932287489465
rubble,Boids,60,800,0.02,0.05,0.0,,27,0.3,0.2,2.0,20,0,0.7534916201117319,0.7372206703910614,0.8303072625698324,340.0,1.4166666666666667,0.36666666666666664,82.55011406867374,0.013625,,60,1.4992447590578935,0.240634744757418,0.8992447590578933,0.852707613096416,1.0,Boids,0.0012896900512510002
rubble,Boids,60,800,0.02,0.05,0.2,,27,0.3,0.2,2.0,20,0,0.6962290502793296,0.6763617318435754,0.7925977653631285,260.0,1.4166666666666667,0.3333333333333333,73.92307516995706,0.013354166666666667,0.9726829268292682,46,1.5797999415516686,0.2108232220959256,0.9797999415516689,0.8965726721825343,1.0,Boids,0.0011637339587514362
rubble,Boids,60,800,0.02,0.05,0.0,,28,0.3,0.2,2.0,20,0,0.7639664804469274,0.73411312849162,0.8289106145251397,380.0,1.3833333333333333,0.35,82.71668896595558,0.019541666666666666,,60,1.4705078470462738,0.24673989732765678,0.8705078470462738,0.7981281675864494,1.0,Boids,0.0012836181249986111
office,Lloyd,60,800,0.02,0.05,0.0,,0,0.3,0.2,2.0,20,0,0.4186197916666667,0.4167643229166667,0.4622395833333333,120.0,1.35,0.016666666666666666,36.1581614755908,0.04608333333333333,,60,1.184957241056998,0.465673065317769,0.5849572410569979,0.4680265396462473,0.9666666666666667,Lloyd,0.0007372055724999882
rubble,Boids,60,800,0.02,0.05,0.2,,28,0.3,0.2,2.0,20,0,0.7115921787709497,0.692213687150838,0.8058659217877095,180.0,1.3833333333333333,0.4,76.38785847654637,0.01975,1.0230923694779117,49,1.5852494453680719,0.2404438083862233,0.9852494453680716,0.9284191440498576,1.0,Boids,0.0011959089062497695
office,Lloyd,60,800,0.02,0.05,0.2,,0,0.3,0.2,2.0,20,0,0.4016927083333333,0.4011718749999999,0.4674479166666667,120.0,1.2666666666666666,0.016666666666666666,33.97591027549677,0.030395833333333334,0.9625585023400935,46,1.3950174356347238,0.5123001384644061,0.795017435634724,0.6079004885444901,1.0,Lloyd,0.0006816681775012512
office,Lloyd,60,800,0.02,0.05,0.0,,1,0.3,0.2,2.0,20,0,0.4114583333333333,0.4109375,0.478515625,80.0,1.35,0.0,39.29241701944179,0.037375,,60,1.1447465161955848,0.5180053286608313,0.5447465161955848,0.39017085241662985,1.0,Lloyd,0.0007456607812491711
rubble,Boids,60,800,0.02,0.05,0.0,,29,0.3,0.2,2.0,20,0,0.7597765363128491,0.73606843575419,0.8268156424581006,380.0,1.35,0.2833333333333333,82.2970839375825,0.017479166666666667,,60,1.4847960678912615,0.24067475479454836,0.8847960678912616,0.7786403115875056,1.0,Boids,0.0013237267699992116
rubble,Boids,60,800,0.02,0.05,0.2,,29,0.3,0.2,2.0,20,0,0.6976256983240223,0.6971717877094973,0.7967877094972067,220.0,1.35,0.26666666666666666,74.82718552743941,0.017666666666666667,1.0050301810865192,48,1.507227504521602,0.259385796926982,0.9072275045216021,0.8210299415359613,1.0,Boids,0.0011819050524991327
office,Lloyd,60,800,0.02,0.05,0.2,,1,0.3,0.2,2.0,20,0,0.408203125,0.40703125,0.4798177083333333,80.0,1.25,0.0,35.33702074552013,0.027270833333333334,0.990521327014218,49,1.3378477173935541,0.46326989755153586,0.737847717393554,0.5688953887261016,1.0,Lloyd,0.0006974747399999615
office,Lloyd,60,800,0.02,0.05,0.0,,2,0.3,0.2,2.0,20,0,0.4342447916666667,0.4310221354166667,0.4635416666666667,100.0,1.9833333333333334,0.0,36.8413790869738,0.04070833333333333,,60,1.176985525294488,0.45897915805615797,0.5769855252944882,0.3802999328534808,0.9666666666666667,Lloyd,0.000768098176249623
office,Lloyd,60,800,0.02,0.05,0.2,,2,0.3,0.2,2.0,20,0,0.42578125,0.42734375,0.4635416666666667,100.0,1.5833333333333333,0.0,35.25657779658333,0.032625,0.9879154078549849,48,1.3731201638160735,0.4367573673660329,0.7731201638160735,0.615422457269923,1.0,Lloyd,0.0007217603650019555
office,Lloyd,60,800,0.02,0.05,0.2,,3,0.3,0.2,2.0,20,0,0.2955729166666667,0.2923828125000001,0.3502604166666667,20.0,2.0166666666666666,0.0,31.518970742309705,0.09658333333333333,0.9978021978021979,47,1.107912444763407,0.206011819228468,0.5079124447634071,0.5841040277809338,1.0,Lloyd,0.000763067447501271
office,Lloyd,60,800,0.02,0.05,0.0,,3,0.3,0.2,2.0,20,0,0.2955729166666667,0.29599609375,0.3385416666666667,20.0,2.6,0.0,33.49182174807929,0.16285416666666666,,60,0.9258824617911336,0.24043615976055138,0.3258824617911337,0.32388017645838574,0.8,Lloyd,0.0008070239574999504
office,Lloyd,60,800,0.02,0.05,0.0,,4,0.3,0.2,2.0,20,0,0.439453125,0.4412760416666667,0.4583333333333333,100.0,2.3,0.03333333333333333,37.02748995033922,0.0338125,,60,1.152222858403333,0.4195201099197366,0.5522228584033329,0.4023560309386598,0.9666666666666667,Lloyd,0.0007715969787500398
office,Lloyd,60,800,0.02,0.05,0.2,,4,0.3,0.2,2.0,20,0,0.4296875,0.43147786458333337,0.4576822916666667,100.0,1.7833333333333334,0.03333333333333333,34.0175311911489,0.025354166666666667,0.9705882352941176,48,1.3724172996871786,0.4751633861243355,0.772417299687179,0.5550025529246202,1.0,Lloyd,0.000725837552502071
office,Lloyd,60,800,0.02,0.05,0.2,,5,0.3,0.2,2.0,20,0,0.4010416666666667,0.4004231770833333,0.47265625,120.0,1.6333333333333333,0.0,34.36470593259143,0.0313125,0.9550387596899226,44,1.5781917853735443,0.7659355626221,0.9781917853735448,0.6452108625128106,1.0,Lloyd,0.000690940052500082
office,Lloyd,60,800,0.02,0.05,0.0,,5,0.3,0.2,2.0,20,0,0.4205729166666667,0.42177734375,0.4661458333333333,120.0,1.7,0.0,37.75788228502619,0.061125,,60,1.1712158881305257,0.46304773126349674,0.5712158881305257,0.4481569243397703,0.9166666666666666,Lloyd,0.0007716693749989645
office,Lloyd,60,800,0.02,0.05,0.0,,6,0.3,0.2,2.0,20,0,0.2962239583333333,0.2960286458333333,0.337890625,20.0,1.6,0.0,33.69670208295035,0.093625,,60,0.982254382067883,0.23214320470268904,0.382254382067883,0.35362456638116,0.9,Lloyd,0.0007708242712510582
office,Lloyd,60,800,0.02,0.05,0.2,,6,0.3,0.2,2.0,20,0,0.4029947916666667,0.39228515625,0.4654947916666667,20.0,1.95,0.03333333333333333,32.76002895095494,0.06733333333333333,1.3604395604395605,46,1.497947182346833,0.8158345421084583,0.8979471823468331,0.6021332463496832,1.0,Lloyd,0.0007635592187511975
office,Lloyd,60,800,0.02,0.05,0.0,,7,0.3,0.2,2.0,20,0,0.4342447916666667,0.4340494791666667,0.470703125,160.0,1.5666666666666667,0.0,36.565501213134624,0.06022916666666667,,60,1.1916536806528852,0.5027694226917347,0.5916536806528853,0.4348078662598027,0.9333333333333333,Lloyd,0.0007825314587489629
office,Lloyd,60,800,0.02,0.05,0.2,,7,0.3,0.2,2.0,20,0,0.4348958333333333,0.4337565104166667,0.470703125,160.0,1.45,0.0,34.26462071363201,0.0445,1.003003003003003,50,1.3982025441256107,0.44896097244489097,0.7982025441256109,0.5907544516076172,1.0,Lloyd,0.0007625013537517589
office,Lloyd,60,800,0.02,0.05,0.0,,8,0.3,0.2,2.0,20,0,0.427734375,0.4250325520833333,0.4622395833333333,140.0,1.4,0.016666666666666666,39.026651361112016,0.043229166666666666,,60,1.1982002803830092,0.5494613247130697,0.5982002803830094,0.402197682983221,0.9666666666666667,Lloyd,0.0007914379687508699
office,Lloyd,60,800,0.02,0.05,0.2,,8,0.3,0.2,2.0,20,0,0.3971354166666667,0.3963541666666667,0.462890625,120.0,1.3166666666666667,0.016666666666666666,35.84913931401406,0.040729166666666664,0.9384615384615386,49,1.3314987814825288,0.5233654551798338,0.7314987814825288,0.5484612173947895,0.9591836734693877,Lloyd,0.0007692939062508231
office,Lloyd,60,800,0.02,0.05,0.0,,9,0.3,0.2,2.0,20,0,0.4446614583333333,0.4271158854166667,0.4739583333333333,100.0,1.3333333333333333,0.05,37.8985194623978,0.06775,,60,1.2056622321533856,0.45156725899190586,0.6056622321533854,0.4807556667642182,0.9333333333333333,Lloyd,0.000784450520000064
office,Lloyd,60,800,0.02,0.05,0.2,,9,0.3,0.2,2.0,20,0,0.4192708333333333,0.4184895833333334,0.4733072916666667,100.0,1.2333333333333334,0.05,34.16437793198057,0.04533333333333334,1.0031152647975077,45,1.3866233279869908,0.4373141017559334,0.7866233279869908,0.6124296797220256,0.9555555555555556,Lloyd,0.0007618707287497272
office,Lloyd,60,800,0.02,0.05,0.0,,10,0.3,0.2,2.0,20,0,0.4401041666666667,0.4363281249999999,0.4798177083333333,400.0,2.1333333333333333,0.016666666666666666,36.73479404801833,0.10397916666666666,,60,1.1878847541205957,0.4514777407082029,0.5878847541205955,0.43975496583240714,0.9666666666666667,Lloyd,0.0007976528125004734
office,Lloyd,60,800,0.02,0.05,0.2,,10,0.3,0.2,2.0,20,0,0.392578125,0.39501953125000006,0.478515625,380.0,2.1666666666666665,0.016666666666666666,33.77836717281986,0.0863125,0.9377916018662519,47,1.3186658708032297,0.43832245457153224,0.71866587080323,0.5915129091356451,1.0,Lloyd,0.0007605034887501461
office,Lloyd,60,800,0.02,0.05,0.0,,11,0.3,0.2,2.0,20,0,0.43359375,0.4334635416666666,0.4635416666666667,120.0,1.2333333333333334,0.0,39.57013146410488,0.023895833333333335,,60,1.1853420605853229,0.41831579795121837,0.5853420605853228,0.42326505832985895,1.0,Lloyd,0.0007401683850002883
office,Lloyd,60,800,0.02,0.05,0.2,,11,0.3,0.2,2.0,20,0,0.4270833333333333,0.41728515625,0.46484375,120.0,1.45,0.0,37.41687513505032,0.022708333333333334,0.9894419306184011,54,1.3659063799172846,0.7222027617178478,0.7659063799172844,0.46545247753570174,1.0,Lloyd,0.0007561686462508987
office,Lloyd,60,800,0.02,0.05,0.0,,12,0.3,0.2,2.0,20,0,0.4244791666666667,0.4240559895833333,0.46484375,80.0,1.9666666666666666,0.0,38.594438816948475,0.0279375,,60,1.1871442349932537,0.5364654275112204,0.5871442349932536,0.398716546279386,1.0,Lloyd,0.0007667052612509906
office,Lloyd,60,800,0.02,0.05,0.2,,12,0.3,0.2,2.0,20,0,0.404296875,0.4046223958333333,0.4694010416666667,80.0,1.7833333333333334,0.0,35.33792044899879,0.022520833333333334,0.9539170506912442,49,1.26772794706249,0.502375052248267,0.6677279470624901,0.5232568178700859,0.9591836734693877,Lloyd,0.0007291452599997683
office,Lloyd,60,800,0.02,0.05,0.0,,13,0.3,0.2,2.0,20,0,0.4212239583333333,0.4204427083333334,0.462890625,80.0,1.35,0.016666666666666666,36.94594103455895,0.08395833333333333,,60,1.166449123527498,0.5103605177330892,0.566449123527498,0.4625707069925381,0.9,Lloyd,0.0007588880200000858
office,Lloyd,60,800,0.02,0.05,0.2,,13,0.3,0.2,2.0,20,0,0.3977864583333333,0.39778645833333337,0.4661458333333333,80.0,1.6,0.016666666666666666,33.96889676368319,0.049916666666666665,0.9472868217054263,46,1.50328135782993,0.7870904012366501,0.9032813578299299,0.615151563290503,0.9565217391304348,Lloyd,0.0007169917187502506
office,Lloyd,60,800,0.02,0.05,0.2,,14,0.3,0.2,2.0,20,0,0.3880208333333333,0.3760416666666666,0.48046875,180.0,1.5,0.016666666666666666,32.18653321832991,0.03235416666666667,0.9044006069802731,43,1.5461052439228269,0.6744631648452052,0.9461052439228267,0.6138005156228318,1.0,Lloyd,0.0006898444274997928
office,Lloyd,60,800,0.02,0.05,0.0,,14,0.3,0.2,2.0,20,0,0.4296875,0.4294596354166667,0.474609375,180.0,1.5166666666666666,0.016666666666666666,35.886867440832184,0.042041666666666665,,60,1.2130116095143033,0.49859233457729746,0.6130116095143036,0.4332471670785806,1.0,Lloyd,0.0007506153637518764
office,Lloyd,60,800,0.02,0.05,0.0,,15,0.3,0.2,2.0,20,0,0.3763020833333333,0.3583333333333333,0.4368489583333333,80.0,1.4666666666666666,0.03333333333333333,35.40723823779894,0.0875625,,60,1.107132935948126,0.6144072053912097,0.507132935948126,0.3124940691179042,1.0,Lloyd,0.000771555989999797
office,Lloyd,60,800,0.02,0.05,0.2,,15,0.3,0.2,2.0,20,0,0.3561197916666667,0.3542317708333334,0.4264322916666667,60.0,1.3833333333333333,0.0,34.05012337670908,0.054875,1.005514705882353,53,1.1836887094981263,0.4738745386069687,0.5836887094981266,0.49447132645937575,0.9622641509433962,Lloyd,0.0007723057299995162
office,Lloyd,60,800,0.02,0.05,0.0,,16,0.3,0.2,2.0,20,0,0.4348958333333333,0.4350585937500001,0.4680989583333333,80.0,1.35,0.016666666666666666,39.77488176845883,0.0288125,,60,1.2354158962680146,0.4546598525502015,0.6354158962680146,0.5062618883965204,1.0,Lloyd,0.0007245628649980063
office,Lloyd,60,800,0.02,0.05,0.2,,16,0.3,0.2,2.0,20,0,0.42578125,0.4251302083333333,0.4680989583333333,80.0,1.2,0.016666666666666666,36.34630971824329,0.026229166666666668,0.9819819819819819,47,1.4651623029789,0.6446643571831986,0.8651623029789006,0.5970774413194145,1.0,Lloyd,0.0006953590100010843
office,Lloyd,60,800,0.02,0.05,0.0,,17,0.3,0.2,2.0,20,0,0.44921875,0.4482096354166667,0.4694010416666667,180.0,1.8,0.05,38.03314713602231,0.05585416666666667,,60,1.1997928714345822,0.32130326307796375,0.599792871434582,0.501033595507581,1.0,Lloyd,0.0007378332812504596
office,Lloyd,60,800,0.02,0.05,0.2,,17,0.3,0.2,2.0,20,0,0.443359375,0.4434244791666666,0.4694010416666667,180.0,1.7166666666666666,0.05,34.52299348536277,0.0514375,0.9869565217391304,46,1.432822690952884,0.3723527318624195,0.832822690952884,0.6240303397856465,1.0,Lloyd,0.0006895623437503673
office,Lloyd,60,800,0.02,0.05,0.0,,18,0.3,0.2,2.0,20,0,0.4453125,0.4463541666666667,0.46875,80.0,1.3666666666666667,0.0,37.60135478705897,0.05435416666666667,,60,1.2190838945812108,0.476646759123735,0.6190838945812107,0.3845570941754312,0.9333333333333333,Lloyd,0.0007440014062490264
office,Lloyd,60,800,0.02,0.05,0.2,,18,0.3,0.2,2.0,20,0,0.4147135416666667,0.4167317708333333,0.474609375,80.0,1.3333333333333333,0.016666666666666666,35.704651603951085,0.05547916666666667,0.9340175953079178,52,1.3218561278124217,0.512296461648398,0.7218561278124219,0.6112803638458691,0.9615384615384616,Lloyd,0.0007361734374990192
office,Lloyd,60,800,0.02,0.05,0.0,,19,0.3,0.2,2.0,20,0,0.4420572916666667,0.44303385416666663,0.46875,200.0,2.1333333333333333,0.03333333333333333,37.01642182086005,0.06633333333333333,,60,1.2096873050977568,0.41423511544579916,0.6096873050977567,0.468721528504638,1.0,Lloyd,0.0007380046875005064
office,Lloyd,60,800,0.02,0.05,0.2,,19,0.3,0.2,2.0,20,0,0.4427083333333333,0.44267578125,0.46875,200.0,1.8,0.03333333333333333,33.603264656711865,0.04602083333333333,0.9970674486803518,45,1.425316559608513,0.341423025169505,0.825316559608513,0.6745530318450738,1.0,Lloyd,0.0006580203637508931
office,Lloyd,60,800,0.02,0.05,0.0,,20,0.3,0.2,2.0,20,0,0.435546875,0.4388020833333333,0.4713541666666667,240.0,1.4,0.05,39.55296100563437,0.03320833333333333,,60,1.1924923035849413,0.5450645280616403,0.5924923035849413,0.3704129787895177,1.0,Lloyd,0.0007632904687511655
office,Lloyd,60,800,0.02,0.05,0.2,,20,0.3,0.2,2.0,20,0,0.4055989583333333,0.4069661458333333,0.4752604166666667,240.0,1.4,0.05,35.163894279245675,0.029458333333333333,0.9298507462686566,49,1.4426925105969834,0.7146697992104075,0.8426925105969837,0.5541642227517941,1.0,Lloyd,0.0006748756249999133
office,Lloyd,60,800,0.02,0.05,0.2,,21,0.3,0.2,2.0,20,0,0.4049479166666667,0.4037760416666667,0.46875,160.0,2.066666666666667,0.016666666666666666,33.30072574050899,0.052083333333333336,0.9452887537993921,49,1.4580483506279784,0.7744452608494677,0.8580483506279787,0.5767352151149608,1.0,Lloyd,0.0006743936974999088
office,Lloyd,60,800,0.02,0.05,0.0,,21,0.3,0.2,2.0,20,0,0.427734375,0.42802734375,0.4680989583333333,160.0,2.75,0.016666666666666666,35.09348053587716,0.09414583333333333,,60,1.1087816981158087,0.4831170609965292,0.5087816981158086,0.41083732565792774,0.9166666666666666,Lloyd,0.0007380935937499089
office,Lloyd,60,800,0.02,0.05,0.0,,22,0.3,0.2,2.0,20,0,0.3040364583333333,0.3050455729166667,0.3365885416666667,20.0,2.3333333333333335,0.0,36.92389122655528,0.09354166666666666,,60,0.9584546894796092,0.2217663834081268,0.3584546894796092,0.3417538768630375,0.9333333333333333,Lloyd,0.0007811072912500094
office,Lloyd,60,800,0.02,0.05,0.2,,22,0.3,0.2,2.0,20,0,0.3854166666666667,0.37998046874999997,0.443359375,20.0,2.0,0.0,34.84194578454655,0.05447916666666667,1.2463157894736843,47,1.3191233479667732,0.5408781544364828,0.7191233479667729,0.6049722251040778,1.0,Lloyd,0.0006899094274990603
office,Lloyd,60,800,0.02,0.05,0.2,,23,0.3,0.2,2.0,20,0,0.41796875,0.4190104166666667,0.46484375,120.0,1.9,0.016666666666666666,35.413626205465214,0.025395833333333333,1.0,46,1.4238871370476684,0.40075357535312955,0.8238871370476687,0.7101140762146304,1.0,Lloyd,0.0006638693237505322
office,Lloyd,60,800,0.02,0.05,0.0,,23,0.3,0.2,2.0,20,0,0.41796875,0.4187174479166667,0.46484375,120.0,2.2333333333333334,0.016666666666666666,39.5014602971574,0.03285416666666666,,60,1.186004317356141,0.4885998236235453,0.5860043173561411,0.3794808248325122,1.0,Lloyd,0.0007830536462506643
office,Lloyd,60,800,0.02,0.05,0.0,,24,0.3,0.2,2.0,20,0,0.4342447916666667,0.4328776041666666,0.4654947916666667,200.0,1.4,0.03333333333333333,37.21827470131509,0.044083333333333335,,60,1.2161016072101625,0.5229363078227187,0.6161016072101627,0.47081536445307826,0.9333333333333333,Lloyd,0.0007422592187504052
office,Lloyd,60,800,0.02,0.05,0.2,,24,0.3,0.2,2.0,20,0,0.3658854166666667,0.36686197916666663,0.4654947916666667,200.0,1.2333333333333334,0.03333333333333333,34.58851025169097,0.03789583333333333,0.8502269288956127,45,1.5272820229692023,0.8207651152975961,0.9272820229692026,0.6334034487063408,0.9555555555555556,Lloyd,0.000685997551249784
office,Lloyd,60,800,0.02,0.05,0.0,,25,0.3,0.2,2.0,20,0,0.4225260416666667,0.4167317708333333,0.4778645833333333,140.0,1.6833333333333333,0.0,37.37169693353799,0.06347916666666667,,60,1.1397880072046525,0.4859085669017402,0.5397880072046521,0.40118220238333874,0.9333333333333333,Lloyd,0.0007591951562494614
office,Lloyd,60,800,0.02,0.05,0.2,,25,0.3,0.2,2.0,20,0,0.4153645833333333,0.4158203125,0.4713541666666667,100.0,1.5333333333333334,0.0,35.09696585121295,0.04066666666666666,1.0047244094488188,46,1.3725057669205252,0.4666035625875457,0.7725057669205253,0.6687863941128952,1.0,Lloyd,0.0007039227087489053
office,Lloyd,60,800,0.02,0.05,0.0,,26,0.3,0.2,2.0,20,0,0.2955729166666667,0.29609375,0.3385416666666667,20.0,1.8833333333333333,0.03333333333333333,34.40602547810374,0.1518125,,60,1.0000460799036575,0.2212881187031493,0.4000460799036574,0.4534523169785505,0.85,Lloyd,0.0007750050524987273
office,Lloyd,60,800,0.02,0.05,0.2,,26,0.3,0.2,2.0,20,0,0.40625,0.4035807291666666,0.4654947916666667,20.0,1.6833333333333333,0.05,34.18641042039904,0.09554166666666666,1.3744493392070485,52,1.2603448518388904,0.5153328343227999,0.6603448518388902,0.49964249813398764,0.9615384615384616,Lloyd,0.0007184135412489922
office,Lloyd,60,800,0.02,0.05,0.0,,27,0.3,0.2,2.0,20,0,0.310546875,0.3111328125,0.3385416666666667,20.0,2.8833333333333333,0.03333333333333333,35.70260124920262,0.07875,,60,0.9782339120254269,0.20777756880160608,0.3782339120254271,0.36568368895373904,0.9666666666666667,Lloyd,0.0007650598949999221
office,Lloyd,60,800,0.02,0.05,0.2,,27,0.3,0.2,2.0,20,0,0.3072916666666667,0.307421875,0.3385416666666667,20.0,2.05,0.03333333333333333,34.22862696313261,0.0528125,1.0042553191489363,52,1.0519840730083185,0.1883909196174069,0.4519840730083185,0.49986954942807127,0.9615384615384616,Lloyd,0.0007621388537518214
office,Lloyd,60,800,0.02,0.05,0.0,,28,0.3,0.2,2.0,20,0,0.4329427083333333,0.4339518229166667,0.4635416666666667,400.0,1.5166666666666666,0.016666666666666666,37.137473757475775,0.033375,,60,1.222505768325721,0.4507700959760746,0.6225057683257208,0.4395907646823849,0.9666666666666667,Lloyd,0.0007336281250013599
office,Lloyd,60,800,0.02,0.05,0.2,,28,0.3,0.2,2.0,20,0,0.4283854166666667,0.4278645833333333,0.462890625,380.0,1.4,0.016666666666666666,34.52033070897928,0.033041666666666664,1.0076569678407352,51,1.3130847158469288,0.4721906762172761,0.7130847158469288,0.5963485931989289,1.0,Lloyd,0.0007115847912496065
office,Lloyd,60,800,0.02,0.05,0.0,,29,0.3,0.2,2.0,20,0,0.435546875,0.4359049479166666,0.4700520833333333,80.0,1.2833333333333334,0.0,37.021152017215485,0.026458333333333334,,60,1.1726555738887618,0.35112455610969323,0.5726555738887618,0.41850708301247697,1.0,Lloyd,0.0007307843750004395
office,Lloyd,60,800,0.02,0.05,0.2,,29,0.3,0.2,2.0,20,0,0.4348958333333333,0.43564453125,0.4694010416666667,80.0,1.3333333333333333,0.0,32.78961679590137,0.020041666666666666,0.9985052316890881,46,1.3566767163516305,0.3246206335739729,0.7566767163516306,0.6049530064420408,1.0,Lloyd,0.0006949383325013514
hall,Lloyd,60,800,0.02,0.05,0.0,,0,0.3,0.2,2.0,20,0,0.9762872628726287,0.9792682926829267,0.9939024390243902,200.0,1.55,0.03333333333333333,44.245321621982264,0.0315,,60,2.045796917938275,0.24821219049096802,1.4457969179382746,1.443592294008391,1.0,Lloyd,0.0006856654687499031
hall,Lloyd,60,800,0.02,0.05,0.2,,0,0.3,0.2,2.0,20,0,0.9749322493224932,0.9746951219512197,0.994579945799458,200.0,1.55,0.03333333333333333,41.2842643738259,0.0315,0.9965373961218836,47,2.301555814632131,0.144961241214831,1.7015558146321312,1.7834157998517304,1.0,Lloyd,0.0006378561449992048
hall,Lloyd,60,800,0.02,0.05,0.0,,1,0.3,0.2,2.0,20,0,0.975609756097561,0.9755081300813007,0.9932249322493225,200.0,1.6166666666666667,0.0,43.188615991457965,0.034,,60,2.0000962242188023,0.17895485974481892,1.4000962242188022,1.3366666669952052,1.0,Lloyd,0.0006825334375002968
hall,Lloyd,60,800,0.02,0.05,0.2,,1,0.3,0.2,2.0,20,0,0.9661246612466124,0.9673102981029812,0.9925474254742548,200.0,1.6166666666666667,0.0,40.10942493601865,0.034,0.9979006298110566,49,2.2702055402433317,0.24642684734684508,1.670205540243332,1.743683835628572,1.0,Lloyd,0.0006548940100014988
hall,Lloyd,60,800,0.02,0.05,0.0,,2,0.3,0.2,2.0,20,0,0.967479674796748,0.96869918699187,0.9884823848238482,180.0,1.4833333333333334,0.016666666666666666,44.68721791379681,0.026,,60,2.016498546392793,0.22227901766410926,1.4164985463927928,1.2714377544726854,1.0,Lloyd,0.0006919609900000978
hall,Lloyd,60,800,0.02,0.05,0.2,,2,0.3,0.2,2.0,20,0,0.9478319783197832,0.9466124661246613,0.9952574525745257,180.0,1.4833333333333334,0.016666666666666666,42.95657293312991,0.026,0.9796918767507002,48,2.285481067200731,0.23956586321597784,1.6854810672007312,1.5384886454230504,1.0,Lloyd,0.0006423821349994796
hall,Lloyd,60,800,0.02,0.05,0.0,,3,0.3,0.2,2.0,20,0,0.9871273712737128,0.9859078590785908,0.9986449864498645,200.0,1.6666666666666667,0.05,43.78495483648769,0.030416666666666668,,60,2.090284715683089,0.2616914986258233,1.4902847156830885,1.5421026992895603,1.0,Lloyd,0.0007101919274987267
hall,Lloyd,60,800,0.02,0.05,0.2,,3,0.3,0.2,2.0,20,0,0.943089430894309,0.9378387533875336,0.9979674796747967,180.0,1.6666666666666667,0.05,40.91434662206155,0.030416666666666668,0.9613259668508287,47,2.3439969305736437,0.24300279963265028,1.7439969305736438,1.851175224589178,1.0,Lloyd,0.0007011228124997615
hall,Lloyd,60,800,0.02,0.05,0.2,,4,0.3,0.2,2.0,20,0,0.9566395663956639,0.9570121951219515,0.9966124661246613,200.0,1.5,0.03333333333333333,40.984780985784255,0.027979166666666666,0.9798750867453158,49,2.2833923775264777,0.23358698839053998,1.6833923775264774,1.7964424984045544,1.0,Lloyd,0.0006832689587508866
hall,Lloyd,60,800,0.02,0.05,0.0,,4,0.3,0.2,2.0,20,0,0.9830623306233063,0.9798780487804878,0.994579945799458,200.0,1.5,0.03333333333333333,44.130863102494736,0.027979166666666666,,60,2.067675016968951,0.23602304356599765,1.4676750169689503,1.5492206417819996,1.0,Lloyd,0.0007047868750009911
hall,Lloyd,60,800,0.02,0.05,0.0,,5,0.3,0.2,2.0,20,0,0.9803523035230353,0.979031165311653,0.9925474254742548,200.0,1.4,0.03333333333333333,43.229332415320506,0.041625,,60,1.989645750562848,0.19255584698047734,1.3896457505628483,1.3797704397717403,1.0,Lloyd,0.000719096718748915
hall,Lloyd,60,800,0.02,0.05,0.2,,5,0.3,0.2,2.0,20,0,0.9742547425474255,0.9752371273712738,0.991869918699187,200.0,1.4,0.03333333333333333,42.19202951043003,0.041625,0.9972260748959778,53,2.2225397512205656,0.16188768303093362,1.6225397512205655,1.6962967633965915,1.0,Lloyd,0.0006991373437494985
hall,Lloyd,60,800,0.02,0.05,0.0,,6,0.3,0.2,2.0,20,0,0.9722222222222222,0.9712059620596205,0.989159891598916,180.0,1.5166666666666666,0.0,41.08680612269938,0.026916666666666665,,60,2.0171373464172424,0.27046202804605796,1.4171373464172423,1.2308593766406304,1.0,Lloyd,0.0006963707812496977
hall,Lloyd,60,800,0.02,0.05,0.2,,6,0.3,0.2,2.0,20,0,0.940379403794038,0.9387533875338752,0.9905149051490515,180.0,1.5166666666666666,0.0,40.66083163249857,0.026916666666666665,0.9685973482205164,44,2.452538962390373,0.23469551395578117,1.8525389623903727,1.8510692279986853,1.0,Lloyd,0.0006707748437497685
hall,Lloyd,60,800,0.02,0.05,0.0,,7,0.3,0.2,2.0,20,0,0.959349593495935,0.9598577235772361,0.989159891598916,200.0,1.7,0.0,41.20435597614124,0.029208333333333333,,60,1.9534229561139342,0.2599723671869196,1.3534229561139344,1.2330893761569537,1.0,Lloyd,0.0006761831774997518
hall,Lloyd,60,800,0.02,0.05,0.2,,7,0.3,0.2,2.0,20,0,0.959349593495935,0.9557588075880759,0.9959349593495935,200.0,1.7,0.0,42.45072855601505,0.029208333333333333,0.9971830985915493,47,2.337960815957662,0.19031214597078688,1.7379608159576627,1.8379185474906148,1.0,Lloyd,0.0006942256775005262
hall,Lloyd,60,800,0.02,0.05,0.0,,8,0.3,0.2,2.0,20,0,0.978319783197832,0.972188346883469,0.9884823848238482,200.0,1.5166666666666666,0.0,42.80964095435749,0.03729166666666667,,60,2.0218216682062478,0.2276065298414856,1.4218216682062477,1.4266621560255963,1.0,Lloyd,0.0006933540099998936
hall,Lloyd,60,800,0.02,0.05,0.2,,8,0.3,0.2,2.0,20,0,0.9634146341463414,0.9637195121951221,0.9959349593495935,200.0,1.5166666666666666,0.0,43.032623436292894,0.03729166666666667,0.9923237962316818,49,2.294910728097684,0.18517971914357498,1.694910728097684,1.626365574022091,1.0,Lloyd,0.0006683931762495376
hall,Lloyd,60,800,0.02,0.05,0.0,,9,0.3,0.2,2.0,20,0,0.9735772357723578,0.9734417344173443,0.9878048780487805,180.0,1.95,0.016666666666666666,44.94424408024816,0.030270833333333334,,60,2.0498785048256787,0.2359622340355455,1.4498785048256784,1.3132977671468873,1.0,Lloyd,0.0006807448437507447
hall,Lloyd,60,800,0.02,0.05,0.2,,9,0.3,0.2,2.0,20,0,0.964769647696477,0.9642615176151764,0.9925474254742548,180.0,1.95,0.016666666666666666,42.642269786282924,0.030458333333333334,0.9916434540389972,47,2.3687724814338327,0.17015492898806397,1.7687724814338337,1.764822076163501,1.0,Lloyd,0.0006464438012494611
hall,Lloyd,60,800,0.02,0.05,0.0,,10,0.3,0.2,2.0,20,0,0.975609756097561,0.9760162601626016,0.9959349593495935,200.0,1.5333333333333334,0.03333333333333333,45.007919656918766,0.0279375,,60,2.027435420927395,0.21585256876358824,1.427435420927395,1.3909744766309027,1.0,Lloyd,0.0006508816149994345
hall,Lloyd,60,800,0.02,0.05,0.2,,10,0.3,0.2,2.0,20,0,0.9525745257452575,0.9508130081300814,0.9959349593495935,200.0,1.5333333333333334,0.03333333333333333,42.47773839161254,0.0279375,0.976388888888889,48,2.2725383905186063,0.22847875757755678,1.6725383905186062,1.7290679354732,1.0,Lloyd,0.0006705702600015683
hall,Lloyd,60,800,0.02,0.05,0.2,,11,0.3,0.2,2.0,20,0,0.9552845528455285,0.9525406504065043,0.991869918699187,180.0,1.65,0.0,40.797659002554575,0.032916666666666664,0.9936575052854123,46,2.411194614446329,0.18786683927659165,1.8111946144463291,1.8696422317887817,1.0,Lloyd,0.0006350749474995609
hall,Lloyd,60,800,0.02,0.05,0.0,,11,0.3,0.2,2.0,20,0,0.9607046070460704,0.9585027100271004,0.986449864498645,180.0,1.65,0.0,43.2171308131647,0.032916666666666664,,60,2.000490691376722,0.2635914477982284,1.4004906913767223,1.2328473110759686,1.0,Lloyd,0.0006618212500006848
hall,Lloyd,60,800,0.02,0.05,0.0,,12,0.3,0.2,2.0,20,0,0.9600271002710027,0.9595528455284554,0.9857723577235772,180.0,1.5333333333333334,0.05,43.06847437427982,0.029125,,60,2.000201754011625,0.2708135339366946,1.4002017540116252,1.2509188791989054,1.0,Lloyd,0.0006644291662496471
hall,Lloyd,60,800,0.02,0.05,0.2,,12,0.3,0.2,2.0,20,0,0.9627371273712737,0.9624322493224933,0.9898373983739838,180.0,1.5333333333333334,0.05,41.49145948565139,0.029125,1.0014094432699083,49,2.2856952066056406,0.1699470545248359,1.6856952066056408,1.7145516307508823,1.0,Lloyd,0.0006494997912500366
hall,Lloyd,60,800,0.02,0.05,0.0,,13,0.3,0.2,2.0,20,0,0.9661246612466124,0.967479674796748,0.9925474254742548,180.0,1.7,0.0,40.36714998442519,0.035416666666666666,,60,1.9978156501043776,0.24473468613545477,1.3978156501043777,1.3559656417082688,1.0,Lloyd,0.0006516693224989467
hall,Lloyd,60,800,0.02,0.05,0.2,,13,0.3,0.2,2.0,20,0,0.9627371273712737,0.9597222222222221,0.9952574525745257,180.0,1.7,0.0,40.76495950319278,0.035416666666666666,0.9944016794961511,46,2.421302131416688,0.18498524230864463,1.8213021314166888,1.8660783696434242,1.0,Lloyd,0.0006372154687505826
hall,Lloyd,60,800,0.02,0.05,0.0,,14,0.3,0.2,2.0,20,0,0.9539295392953929,0.9552506775067753,0.9939024390243902,180.0,1.7166666666666666,0.0,41.8228747887426,0.03383333333333333,,60,1.9589061080676957,0.2915500892516958,1.3589061080676956,1.2293928090212316,1.0,Lloyd,0.0006665547912507463
hall,Lloyd,60,800,0.02,0.05,0.2,,14,0.3,0.2,2.0,20,0,0.9559620596205962,0.9533536585365855,0.994579945799458,180.0,1.7166666666666666,0.0,38.72439281675382,0.03383333333333333,1.0014194464158979,47,2.33206310962457,0.22583079553595392,1.7320631096245696,1.7508169535740912,1.0,Lloyd,0.0006458419275008964
hall,Lloyd,60,800,0.02,0.05,0.0,,15,0.3,0.2,2.0,20,0,0.989159891598916,0.9900067750677506,0.9986449864498645,180.0,1.55,0.0,43.76788115568748,0.0378125,,60,2.0838769772155787,0.1875979502303868,1.4838769772155789,1.504802049386408,1.0,Lloyd,0.0006591706774997874
hall,Lloyd,60,800,0.02,0.05,0.2,,15,0.3,0.2,2.0,20,0,0.964769647696477,0.9644308943089431,0.9986449864498645,160.0,1.55,0.0,41.509991344571795,0.0378125,0.9773507206588882,45,2.509547540762144,0.14912080057650182,1.909547540762144,1.9661311520255405,1.0,Lloyd,0.0006512867187484517
hall,Lloyd,60,800,0.02,0.05,0.0,,16,0.3,0.2,2.0,20,0,0.989159891598916,0.9876355013550135,0.997289972899729,180.0,1.5666666666666667,0.016666666666666666,45.50224906423762,0.029625,,60,2.0531668014739126,0.20308577993109025,1.4531668014739125,1.4981847227255976,1.0,Lloyd,0.0006682270825012893
hall,Lloyd,60,800,0.02,0.05,0.2,,16,0.3,0.2,2.0,20,0,0.9701897018970189,0.9704945799457997,0.997289972899729,180.0,1.5666666666666667,0.016666666666666666,42.035497024529676,0.029625,0.9875862068965517,47,2.4107393611799615,0.1493510277763028,1.810739361179962,1.8438476028518682,1.0,Lloyd,0.000653957656249986
hall,Lloyd,60,800,0.02,0.05,0.0,,17,0.3,0.2,2.0,20,0,0.978319783197832,0.9746951219512197,0.9911924119241192,180.0,1.7166666666666666,0.016666666666666666,42.83052850869532,0.034604166666666665,,60,2.0204719628234984,0.18781374279696608,1.4204719628234987,1.402059932283966,1.0,Lloyd,0.0006563969800004088
hall,Lloyd,60,800,0.02,0.05,0.2,,17,0.3,0.2,2.0,20,0,0.9586720867208672,0.9529132791327914,0.9959349593495935,180.0,1.7166666666666666,0.016666666666666666,41.331603320681644,0.034604166666666665,0.9819569743233866,46,2.442458774323724,0.21146477047592163,1.842458774323723,2.0400294061477466,1.0,Lloyd,0.0006665219787487331
hall,Lloyd,60,800,0.02,0.05,0.0,,18,0.3,0.2,2.0,20,0,0.9701897018970189,0.96880081300813,0.9898373983739838,180.0,1.5833333333333333,0.0,42.012504353759304,0.029979166666666668,,60,2.0009666691847503,0.2543178155640085,1.4009666691847504,1.3464294240632524,1.0,Lloyd,0.0006673438537495713
hall,Lloyd,60,800,0.02,0.05,0.2,,18,0.3,0.2,2.0,20,0,0.9688346883468835,0.9685975609756099,0.9898373983739838,180.0,1.5833333333333333,0.0,41.210581616928735,0.030208333333333334,0.9993011879804333,52,2.2081048261067036,0.19119794468830284,1.6081048261067037,1.578452656523408,1.0,Lloyd,0.0006450946875020235
hall,Lloyd,60,800,0.02,0.05,0.0,,19,0.3,0.2,2.0,20,0,0.9789972899728997,0.9716463414634144,0.9925474254742548,200.0,1.75,0.03333333333333333,45.33018080698205,0.0329375,,60,2.05058025379058,0.22567435770500924,1.4505802537905805,1.3835564278510313,1.0,Lloyd,0.0006713885412500531
hall,Lloyd,60,800,0.02,0.05,0.2,,19,0.3,0.2,2.0,20,0,0.9701897018970189,0.9625,0.9871273712737128,200.0,1.75,0.03333333333333333,42.83648777083216,0.0329375,1.0028011204481793,49,2.2823899393449754,0.16513035454737984,1.6823899393449757,1.785922292357836,1.0,Lloyd,0.0006346688012490631
hall,Lloyd,60,800,0.02,0.05,0.2,,20,0.3,0.2,2.0,20,0,0.9613821138211383,0.9602303523035232,0.9898373983739838,200.0,1.55,0.016666666666666666,42.86317978654186,0.03247916666666667,1.0042462845010616,52,2.198486465441419,0.2134510920574536,1.598486465441419,1.651891038895283,1.0,Lloyd,0.000650689792500998
hall,Lloyd,60,800,0.02,0.05,0.0,,20,0.3,0.2,2.0,20,0,0.9600271002710027,0.9591124661246614,0.9817073170731707,200.0,1.55,0.016666666666666666,42.40000025979648,0.03247916666666667,,60,1.9349566377730463,0.2719118879079277,1.3349566377730462,1.297530091424765,1.0,Lloyd,0.0006805060937517737
hall,Lloyd,60,800,0.02,0.05,0.0,,21,0.3,0.2,2.0,20,0,0.9884823848238482,0.974051490514905,0.997289972899729,220.0,1.4,0.0,44.41393993498942,0.03333333333333333,,60,2.069267655161626,0.21749224771025222,1.4692676551616262,1.376654920195324,1.0,Lloyd,0.0006958656775009331
hall,Lloyd,60,800,0.02,0.05,0.2,,21,0.3,0.2,2.0,20,0,0.9762872628726287,0.9711720867208673,0.994579945799458,200.0,1.4,0.0,41.11410064506279,0.03333333333333333,1.011938202247191,49,2.3607628875549485,0.19083774797990774,1.7607628875549486,1.830341780119947,1.0,Lloyd,0.0006423779687497699
hall,Lloyd,60,800,0.02,0.05,0.2,,22,0.3,0.2,2.0,20,0,0.9559620596205962,0.9537262872628729,0.9905149051490515,180.0,1.6333333333333333,0.0,41.64967399882448,0.0343125,0.9874037788663401,47,2.3443834642468833,0.21508171742853327,1.7443834642468836,1.8323447972810336,1.0,Lloyd,0.0006593223437494089
hall,Lloyd,60,800,0.02,0.05,0.0,,22,0.3,0.2,2.0,20,0,0.978319783197832,0.9768292682926829,0.989159891598916,180.0,1.6333333333333333,0.0,43.76239346448444,0.0343125,,60,2.039543673486871,0.22596078467571318,1.4395436734868705,1.4059401049413542,1.0,Lloyd,0.0006898349475000032
hall,Lloyd,60,800,0.02,0.05,0.0,,23,0.3,0.2,2.0,20,0,0.9789972899728997,0.9779471544715446,0.9911924119241192,180.0,1.35,0.016666666666666666,43.636684640771854,0.022354166666666668,,60,2.0415701631538923,0.19708287836556626,1.4415701631538924,1.4246721838457574,1.0,Lloyd,0.00064477041750024
hall,Lloyd,60,800,0.02,0.05,0.2,,23,0.3,0.2,2.0,20,0,0.9532520325203252,0.9544715447154474,0.9932249322493225,180.0,1.35,0.016666666666666666,42.265210403058965,0.022354166666666668,0.975051975051975,46,2.3436403429056982,0.19402274033488714,1.7436403429056981,1.7768297546610303,1.0,Lloyd,0.0006565535424988411
hall,Lloyd,60,800,0.02,0.05,0.0,,24,0.3,0.2,2.0,20,0,0.9627371273712737,0.9632791327913279,0.991869918699187,180.0,1.6666666666666667,0.0,40.885663012307745,0.03233333333333333,,60,2.008188753382553,0.26480898913636153,1.4081887533825528,1.2455941935510464,1.0,Lloyd,0.0006663723437509362
hall,Lloyd,60,800,0.02,0.05,0.2,,24,0.3,0.2,2.0,20,0,0.9654471544715447,0.9639227642276422,0.991869918699187,180.0,1.6666666666666667,0.0,40.72081744920063,0.03233333333333333,1.0035211267605633,48,2.3676154305176804,0.16374267169876305,1.7676154305176803,1.8503480017563068,1.0,Lloyd,0.0006504058862492457
hall,Lloyd,60,800,0.02,0.05,0.0,,25,0.3,0.2,2.0,20,0,0.9728997289972899,0.971849593495935,0.9905149051490515,180.0,1.65,0.03333333333333333,42.17373824540291,0.033625,,60,2.0236456244067385,0.22501163627285928,1.423645624406739,1.3320038009241455,1.0,Lloyd,0.0006858931775013844
hall,Lloyd,60,800,0.02,0.05,0.2,,25,0.3,0.2,2.0,20,0,0.9573170731707317,0.9569444444444445,0.994579945799458,180.0,1.65,0.03333333333333333,39.98608577680381,0.033625,0.986043265875785,47,2.3375332587742785,0.20007245320897177,1.737533258774279,1.8770505574895826,1.0,Lloyd,0.0006420745837499453
hall,Lloyd,60,800,0.02,0.05,0.0,,26,0.3,0.2,2.0,20,0,0.9789972899728997,0.9772696476964768,0.9932249322493225,200.0,1.4333333333333333,0.0,44.00513449003517,0.029208333333333333,,60,2.068137281136732,0.25420210811968974,1.4681372811367324,1.3482624254114322,1.0,Lloyd,0.0006904856762503187
hall,Lloyd,60,800,0.02,0.05,0.2,,26,0.3,0.2,2.0,20,0,0.9708672086720868,0.9697831978319783,0.9952574525745257,200.0,1.4333333333333333,0.0,43.532749881130506,0.029208333333333333,0.9923822714681441,52,2.164033829198487,0.21547755906071145,1.5640338291984874,1.5852025755476193,1.0,Lloyd,0.0006780392712494176
hall,Lloyd,60,800,0.02,0.05,0.2,,27,0.3,0.2,2.0,20,0,0.9559620596205962,0.9572154471544716,0.9939024390243902,180.0,1.4333333333333333,0.0,40.442648577826034,0.034604166666666665,0.9853351955307263,48,2.300889230735938,0.15516271514250754,1.7008892307359378,1.7326240540850089,1.0,Lloyd,0.0006641873437502
hall,Lloyd,60,800,0.02,0.05,0.0,,27,0.3,0.2,2.0,20,0,0.9735772357723578,0.9725948509485095,0.9925474254742548,180.0,1.4333333333333333,0.0,43.02626384853042,0.034604166666666665,,60,2.053567963629685,0.2490372826038206,1.453567963629685,1.426155769852277,1.0,Lloyd,0.0006755679162506567
hall,Lloyd,60,800,0.02,0.05,0.0,,28,0.3,0.2,2.0,20,0,0.959349593495935,0.9610433604336045,0.9850948509485095,200.0,1.35,0.0,41.10474567667685,0.033916666666666664,,60,2.0122705310526836,0.26201085869075474,1.412270531052684,1.2092300044881985,1.0,Lloyd,0.0006654825000009623
hall,Lloyd,60,800,0.02,0.05,0.2,,28,0.3,0.2,2.0,20,0,0.959349593495935,0.957249322493225,0.9898373983739838,200.0,1.35,0.0,40.83161852221446,0.033916666666666664,0.9978858350951374,51,2.2353203722913926,0.2398370974569849,1.6353203722913918,1.7928496976318704,1.0,Lloyd,0.0006647207299988622
hall,Lloyd,60,800,0.02,0.05,0.0,,29,0.3,0.2,2.0,20,0,0.9451219512195121,0.9430555555555555,0.975609756097561,180.0,1.7,0.0,41.032292348855435,0.025854166666666668,,60,1.9540218981954438,0.35429640594117756,1.3540218981954442,1.185585644150093,1.0,Lloyd,0.0006677788537513151
hall,Lloyd,60,800,0.02,0.05,0.2,,29,0.3,0.2,2.0,20,0,0.9478319783197832,0.9462059620596206,0.9857723577235772,180.0,1.7,0.0,38.883678523841134,0.025854166666666668,1.0043072505384063,46,2.3467769097396256,0.20650524880186769,1.7467769097396253,1.8061219679266625,1.0,Lloyd,0.0006395158850000371
mine,Lloyd,60,800,0.02,0.05,0.0,,0,0.3,0.2,2.0,20,0,0.9438669438669439,0.93991683991684,0.975051975051975,140.0,4.233333333333333,0.03333333333333333,32.2933376179508,0.315625,,60,1.0905170052322037,0.7144150222885971,0.49051700523220376,0.2602171757469858,0.7333333333333333,Lloyd,0.0006824757300000783
mine,Lloyd,60,800,0.02,0.05,0.2,,0,0.3,0.2,2.0,20,0,0.9397089397089398,0.9376299376299377,0.975051975051975,140.0,4.083333333333333,0.05,31.213613331636676,0.22522916666666667,1.0,46,1.277602882070638,0.7035069382726832,0.6776028820706382,0.31928578588703815,0.8913043478260869,Lloyd,0.0006497985937517115
mine,Lloyd,60,800,0.02,0.05,0.2,,1,0.3,0.2,2.0,20,0,0.9438669438669439,0.9414760914760916,0.9771309771309772,140.0,2.7,0.03333333333333333,30.077677380994967,0.185,1.0044247787610618,48,1.2634693971276583,0.7242540361203655,0.6634693971276584,0.29740150739479604,0.9375,Lloyd,0.0006496025512501547
mine,Lloyd,60,800,0.02,0.05,0.0,,1,0.3,0.2,2.0,20,0,0.9376299376299376,0.9410602910602911,0.9771309771309772,160.0,3.85,0.03333333333333333,32.05057205015937,0.2781666666666667,,60,1.0586009224834185,0.7534677396976843,0.4586009224834184,0.20436727572907082,0.7666666666666667,Lloyd,0.0006925164062499789
mine,Lloyd,60,800,0.02,0.05,0.0,,2,0.3,0.2,2.0,20,0,0.8378378378378378,0.8408523908523909,0.918918918918919,100.0,3.433333333333333,0.0,33.26292266284438,0.3630833333333333,,60,1.0646464255954136,0.8237937956101604,0.46464642559541336,0.22033751267393514,0.7166666666666667,Lloyd,0.0007034463537502234
mine,Lloyd,60,800,0.02,0.05,0.2,,2,0.3,0.2,2.0,20,0,0.83991683991684,0.8408523908523909,0.918918918918919,100.0,3.216666666666667,0.0,30.244796168764196,0.26795833333333335,0.9950738916256158,49,1.1938140423829116,0.7679330992476965,0.5938140423829116,0.32847308721544966,0.8571428571428571,Lloyd,0.0006706083862491141
mine,Lloyd,60,800,0.02,0.05,0.0,,3,0.3,0.2,2.0,20,0,0.9438669438669439,0.9464656964656966,0.9833679833679834,140.0,5.716666666666667,0.03333333333333333,33.93852676235443,0.2279375,,60,1.0639111516473854,0.6865860521999219,0.46391115164738544,0.2556826429545379,0.7833333333333333,Lloyd,0.0006906463549989895
mine,Lloyd,60,800,0.02,0.05,0.2,,3,0.3,0.2,2.0,20,0,0.9376299376299376,0.9453222453222457,0.9812889812889813,140.0,4.8,0.03333333333333333,32.87367696952309,0.21522916666666667,0.997787610619469,53,1.1646863356552954,0.6359115466728751,0.5646863356552955,0.2830643560943137,0.8679245283018868,Lloyd,0.000679796041249574
mine,Lloyd,60,800,0.02,0.05,0.0,,4,0.3,0.2,2.0,20,0,0.9417879417879418,0.9365904365904367,0.9771309771309772,120.0,3.2333333333333334,0.03333333333333333,31.662876007421993,0.3204166666666667,,60,1.091842594658491,0.7735764031861891,0.4918425946584911,0.21236411285819445,0.7666666666666667,Lloyd,0.0007155967187509305
mine,Lloyd,60,800,0.02,0.05,0.2,,4,0.3,0.2,2.0,20,0,0.9397089397089398,0.9383575883575885,0.9771309771309772,120.0,2.933333333333333,0.03333333333333333,28.44963534662332,0.2617083333333333,1.0044444444444445,48,1.2733529426083472,0.713615192014929,0.6733529426083472,0.3645234107551641,0.8333333333333334,Lloyd,0.0006531776037491
mine,Lloyd,60,800,0.02,0.05,0.0,,5,0.3,0.2,2.0,20,0,0.9376299376299376,0.9373180873180876,0.9771309771309772,160.0,4.383333333333334,0.03333333333333333,32.16188825736584,0.3188125,,60,1.0670169974183124,0.7463103087667896,0.4670169974183124,0.15548175717714963,0.6833333333333333,Lloyd,0.0007047642187490055
mine,Lloyd,60,800,0.02,0.05,0.2,,5,0.3,0.2,2.0,20,0,0.9376299376299376,0.9373180873180876,0.9771309771309772,160.0,4.25,0.03333333333333333,31.10081137541569,0.2745208333333333,1.0044543429844097,51,1.20972183551034,0.6961077287994538,0.6097218355103401,0.2939966466338638,0.7254901960784313,Lloyd,0.0006445879162492929
mine,Lloyd,60,800,0.02,0.05,0.0,,6,0.3,0.2,2.0,20,0,0.8690228690228691,0.870686070686071,0.9147609147609148,100.0,3.95,0.13333333333333333,31.355615029435555,0.32177083333333334,,60,1.0296720818002758,0.7508041764924248,0.42967208180027583,0.12125932903024245,0.7333333333333333,Lloyd,0.0006815321875001246
mine,Lloyd,60,800,0.02,0.05,0.2,,6,0.3,0.2,2.0,20,0,0.8669438669438669,0.87006237006237,0.9168399168399168,100.0,3.6166666666666667,0.13333333333333333,29.372590390264353,0.21497916666666667,0.9952267303102625,48,1.1882063528051592,0.669647086131101,0.5882063528051592,0.30504667931977225,0.9375,Lloyd,0.0006601942187512577
mine,Lloyd,60,800,0.02,0.05,0.0,,7,0.3,0.2,2.0,20,0,1.0,0.9995841995841996,1.0,380.0,4.266666666666667,0.03333333333333333,37.05857053731232,0.24120833333333333,,60,1.1345017048332822,0.6148609545299853,0.534501704833282,0.25541258090757113,0.8,Lloyd,0.0006776524999986578
mine,Lloyd,60,800,0.02,0.05,0.2,,7,0.3,0.2,2.0,20,0,0.9397089397089398,0.9381496881496882,0.9896049896049897,380.0,3.8333333333333335,0.03333333333333333,32.94699812583441,0.20308333333333334,0.9699570815450643,49,1.1875682654367612,0.7058942910067535,0.5875682654367612,0.3157424086132755,0.7755102040816326,Lloyd,0.0006188251562502955
mine,Lloyd,60,800,0.02,0.05,0.0,,8,0.3,0.2,2.0,20,0,0.8295218295218295,0.8364864864864865,0.8918918918918919,80.0,3.7,0.08333333333333333,33.61873696825383,0.292125,,60,1.0133870018510884,0.8302967929753303,0.41338700185108845,0.25234548200558865,0.8666666666666667,Lloyd,0.0006738288024985195
mine,Lloyd,60,800,0.02,0.05,0.2,,8,0.3,0.2,2.0,20,0,0.8378378378378378,0.8340956340956343,0.9272349272349273,80.0,3.5166666666666666,0.05,30.96905920236962,0.26166666666666666,0.9950617283950617,48,1.174639205435226,0.8086903140471976,0.5746392054352257,0.2795199673287666,0.8125,Lloyd,0.0006605064062500788
mine,Lloyd,60,800,0.02,0.05,0.0,,9,0.3,0.2,2.0,20,0,0.83991683991684,0.8380457380457381,0.8918918918918919,100.0,3.6666666666666665,0.016666666666666666,30.66410079272716,0.3273125,,60,1.0212970649744033,0.8429127052247796,0.4212970649744033,0.23851192735195742,0.7166666666666667,Lloyd,0.0006681854687485611
mine,Lloyd,60,800,0.02,0.05,0.2,,9,0.3,0.2,2.0,20,0,0.8212058212058212,0.8086278586278585,0.9251559251559252,100.0,4.333333333333333,0.0,29.90284377601188,0.2271875,0.9825870646766168,45,1.2595951681037656,0.815022413285112,0.6595951681037656,0.28583664036351486,0.8666666666666667,Lloyd,0.0006327909899982842
mine,Lloyd,60,800,0.02,0.05,0.0,,10,0.3,0.2,2.0,20,0,0.9854469854469855,0.9819126819126819,0.9958419958419958,260.0,5.516666666666667,0.016666666666666666,33.294016575616254,0.2568125,,60,1.0507038004140419,0.5584443411607393,0.4507038004140417,0.2539586484942159,0.8166666666666667,Lloyd,0.0006595258337483756
mine,Lloyd,60,800,0.02,0.05,0.2,,10,0.3,0.2,2.0,20,0,0.9792099792099792,0.9779625779625778,0.997920997920998,260.0,4.2,0.016666666666666666,30.463045894709527,0.16347916666666668,0.9978813559322033,42,1.4001090492276111,0.4781467205719946,0.8001090492276113,0.5890939133095902,1.0,Lloyd,0.0006206517712507775
mine,Lloyd,60,800,0.02,0.05,0.0,,11,0.3,0.2,2.0,20,0,0.8711018711018711,0.8705821205821206,0.9085239085239085,120.0,3.533333333333333,0.0,31.116855229757807,0.29002083333333334,,60,1.04375760656977,0.7861347000890484,0.44375760656976987,0.23830344360856204,0.7666666666666667,Lloyd,0.0006900564575016688
mine,Lloyd,60,800,0.02,0.05,0.2,,11,0.3,0.2,2.0,20,0,0.8669438669438669,0.8703742203742204,0.9085239085239085,120.0,2.8666666666666667,0.0,30.083377567317036,0.24972916666666667,0.9976076555023923,50,1.1546131934364152,0.7583985421137874,0.5546131934364151,0.3076754452714923,0.74,Lloyd,0.0006625910937486879
mine,Lloyd,60,800,0.02,0.05,0.0,,12,0.3,0.2,2.0,20,0,0.8669438669438669,0.8671517671517671,0.9126819126819127,100.0,2.3333333333333335,0.05,32.47904895312664,0.2973125,,60,1.042083036901469,0.7689117028877399,0.44208303690146905,0.27085993977563627,0.75,Lloyd,0.0006967377612500059
mine,Lloyd,60,800,0.02,0.05,0.2,,12,0.3,0.2,2.0,20,0,0.9313929313929314,0.928066528066528,0.9812889812889813,100.0,2.35,0.03333333333333333,29.85932539121669,0.24379166666666666,1.0717703349282297,46,1.2937315283143447,0.720599446866609,0.6937315283143447,0.35151389716465314,0.8260869565217391,Lloyd,0.0006194642187506361
mine,Lloyd,60,800,0.02,0.05,0.0,,13,0.3,0.2,2.0,20,0,0.8586278586278586,0.8644490644490646,0.9147609147609148,140.0,2.816666666666667,0.08333333333333333,30.354696505073708,0.3876041666666667,,60,1.0405345705721385,0.7716204726760039,0.4405345705721387,0.2359416864992505,0.65,Lloyd,0.0006860658337495807
mine,Lloyd,60,800,0.02,0.05,0.2,,13,0.3,0.2,2.0,20,0,0.9334719334719335,0.930769230769231,0.9792099792099792,140.0,2.8,0.0,29.803810414692013,0.29522916666666665,1.0845410628019323,51,1.1807228388939015,0.7219901874456651,0.5807228388939013,0.30769597880869093,0.8627450980392157,Lloyd,0.0006553618237512637
mine,Lloyd,60,800,0.02,0.05,0.0,,14,0.3,0.2,2.0,20,0,0.8690228690228691,0.8701663201663201,0.9126819126819127,120.0,3.283333333333333,0.13333333333333333,30.053864338678878,0.3955208333333333,,60,0.9660620816357759,0.7518301898458479,0.36606208163577586,0.16212629487901176,0.6333333333333333,Lloyd,0.0007219509900005506
mine,Lloyd,60,800,0.02,0.05,0.2,,14,0.3,0.2,2.0,20,0,0.8669438669438669,0.8693347193347194,0.9147609147609148,120.0,3.316666666666667,0.13333333333333333,29.22971916767262,0.2776666666666667,1.0,47,1.1953122388225346,0.6715709153941104,0.5953122388225347,0.3561883647259695,0.8936170212765957,Lloyd,0.0006729846350003754
mine,Lloyd,60,800,0.02,0.05,0.0,,15,0.3,0.2,2.0,20,0,0.8378378378378378,0.8367983367983369,0.893970893970894,100.0,3.05,0.03333333333333333,31.56220127500619,0.340125,,60,1.0254989030114119,0.8557794556680763,0.42549890301141197,0.17478262845701864,0.75,Lloyd,0.0006969005724999988
mine,Lloyd,60,800,0.02,0.05,0.2,,15,0.3,0.2,2.0,20,0,0.8607068607068608,0.8624740124740123,0.9106029106029107,100.0,3.2,0.08333333333333333,29.377195139063243,0.2796458333333333,1.0247524752475248,49,1.1591079657881287,0.7259017865019016,0.5591079657881286,0.3443591766594921,0.7551020408163265,Lloyd,0.0006630082812512228
mine,Lloyd,60,800,0.02,0.05,0.0,,16,0.3,0.2,2.0,20,0,0.8128898128898129,0.8087318087318087,0.9251559251559252,80.0,2.35,0.0,30.066711795646302,0.31585416666666666,,60,1.0135597529565183,0.9003862612520594,0.41355975295651837,0.11365933957450969,0.7666666666666667,Lloyd,0.0006890316675003305
mine,Lloyd,60,800,0.02,0.05,0.2,,16,0.3,0.2,2.0,20,0,0.9438669438669439,0.9257796257796258,0.9771309771309772,80.0,2.9833333333333334,0.0,30.96484845126458,0.23664583333333333,1.1611253196930946,48,1.2985953191943773,0.6935214637174564,0.6985953191943773,0.3389873287153933,0.8333333333333334,Lloyd,0.0006456055725016086
mine,Lloyd,60,800,0.02,0.05,0.0,,17,0.3,0.2,2.0,20,0,0.8108108108108109,0.8095634095634094,0.9126819126819127,100.0,3.9166666666666665,0.0,32.108622871269326,0.2698333333333333,,60,1.028137770503654,0.8379269402190178,0.42813777050365404,0.27433035471520645,0.8333333333333334,Lloyd,0.0006947122912515625
mine,Lloyd,60,800,0.02,0.05,0.2,,17,0.3,0.2,2.0,20,0,0.817047817047817,0.8163201663201664,0.9126819126819127,100.0,3.7333333333333334,0.016666666666666666,31.08464223514865,0.18547916666666667,1.0076923076923077,48,1.209679793670304,0.7874474093396426,0.609679793670304,0.3171353638609668,0.9583333333333334,Lloyd,0.0006541693750000377
mine,Lloyd,60,800,0.02,0.05,0.0,,18,0.3,0.2,2.0,20,0,0.9376299376299376,0.9391891891891895,0.9792099792099792,200.0,2.716666666666667,0.016666666666666666,28.72399860765033,0.3683125,,60,1.087248029149233,0.8493114588716332,0.4872480291492331,0.11397328019662722,0.75,Lloyd,0.0007014133337497697
mine,Lloyd,60,800,0.02,0.05,0.2,,18,0.3,0.2,2.0,20,0,0.9417879417879418,0.9363825363825364,0.9771309771309772,200.0,2.3,0.016666666666666666,27.769838895082323,0.23877083333333332,1.0022123893805308,45,1.3026372283042793,0.6977677272847672,0.7026372283042792,0.3319664944836743,0.9333333333333333,Lloyd,0.0006372894787500627
mine,Lloyd,60,800,0.02,0.05,0.0,,19,0.3,0.2,2.0,20,0,0.8108108108108109,0.8098752598752599,0.9043659043659044,100.0,3.2666666666666666,0.0,31.172717085059432,0.38508333333333333,,60,0.9908495584238415,0.9025948158853616,0.39084955842384156,0.1132470473035414,0.6666666666666666,Lloyd,0.0007117005199984305
mine,Lloyd,60,800,0.02,0.05,0.2,,19,0.3,0.2,2.0,20,0,0.9397089397089398,0.9286902286902288,0.9812889812889813,100.0,2.8833333333333333,0.0,29.194117018575316,0.29689583333333336,1.161953727506427,47,1.2774141407561665,0.6960405071010578,0.6774141407561663,0.3603521670681801,0.8085106382978723,Lloyd,0.0006786928649989932
mine,Lloyd,60,800,0.02,0.05,0.0,,20,0.3,0.2,2.0,20,0,0.8066528066528067,0.8088357588357589,0.9272349272349273,60.0,4.716666666666667,0.0,33.20046341738533,0.32266666666666666,,60,1.0681917945691803,0.8615267768538807,0.4681917945691802,0.20537359075017064,0.7666666666666667,Lloyd,0.0006988982812504218
mine,Lloyd,60,800,0.02,0.05,0.2,,20,0.3,0.2,2.0,20,0,0.83991683991684,0.8312889812889814,0.9355509355509356,60.0,3.7666666666666666,0.0,31.627307477200404,0.2619166666666667,1.041237113402062,52,1.1755247328432548,0.7818707346280068,0.5755247328432547,0.2750130576831128,0.9230769230769231,Lloyd,0.0006822397912515044
mine,Lloyd,60,800,0.02,0.05,0.0,,21,0.3,0.2,2.0,20,0,0.9438669438669439,0.9371101871101872,0.9812889812889813,120.0,3.6166666666666667,0.0,32.94916871266326,0.34710416666666666,,60,1.0825752206799102,0.7927637316023736,0.48257522067991027,0.15416492485947442,0.6833333333333333,Lloyd,0.0007042128637499445
mine,Lloyd,60,800,0.02,0.05,0.2,,21,0.3,0.2,2.0,20,0,0.9355509355509356,0.9293139293139294,0.9812889812889813,120.0,3.2333333333333334,0.0,31.848840898427348,0.24620833333333333,0.995575221238938,47,1.3019801602708803,0.7434726123309868,0.7019801602708804,0.34382273955293496,0.7872340425531915,Lloyd,0.0006669302087493633
mine,Lloyd,60,800,0.02,0.05,0.0,,22,0.3,0.2,2.0,20,0,0.9334719334719335,0.9367983367983367,0.9771309771309772,220.0,4.066666666666666,0.016666666666666666,30.644864970062766,0.3975416666666667,,60,1.0630285083018407,0.8285458646170841,0.46302850830184084,0.056784831768015964,0.5333333333333333,Lloyd,0.000696890468748279
mine,Lloyd,60,800,0.02,0.05,0.2,,22,0.3,0.2,2.0,20,0,0.8731808731808732,0.872869022869023,0.9771309771309772,220.0,3.3,0.016666666666666666,29.140117585565978,0.24291666666666667,0.9312638580931264,49,1.1800747889766692,0.7499966339617802,0.5800747889766692,0.2916674075540875,0.9183673469387755,Lloyd,0.000649149583750841
mine,Lloyd,60,800,0.02,0.05,0.0,,23,0.3,0.2,2.0,20,0,1.0,1.0,1.0,140.0,3.05,0.0,33.77910759131636,0.24170833333333333,,60,1.1316990875993196,0.556933472388064,0.5316990875993195,0.2835725389114522,0.8166666666666667,Lloyd,0.000686740885000745
mine,Lloyd,60,800,0.02,0.05,0.2,,23,0.3,0.2,2.0,20,0,1.0,1.0,1.0,140.0,3.3,0.0,32.320102941841455,0.23447916666666666,1.0,53,1.2143209601743699,0.5484523605850248,0.6143209601743699,0.29432628575016284,0.7924528301886793,Lloyd,0.0006678426037501594
mine,Lloyd,60,800,0.02,0.05,0.0,,24,0.3,0.2,2.0,20,0,0.8066528066528067,0.8087318087318087,0.918918918918919,80.0,3.75,0.0,32.034801189805016,0.24889583333333334,,60,1.0358725550335237,0.8417014184655343,0.43587255503352373,0.27183381882984503,0.8666666666666667,Lloyd,0.0007128418224988308
mine,Lloyd,60,800,0.02,0.05,0.2,,24,0.3,0.2,2.0,20,0,0.8461538461538461,0.8381496881496883,0.9313929313929314,80.0,3.3,0.0,30.31779920972166,0.24885416666666665,1.0462724935732648,53,1.1398276614055154,0.8373220498152558,0.5398276614055154,0.21709872792650875,0.8490566037735849,Lloyd,0.0006792171874985798
mine,Lloyd,60,800,0.02,0.05,0.2,,25,0.3,0.2,2.0,20,0,0.9355509355509356,0.9296257796257799,0.975051975051975,100.0,4.066666666666666,0.0,29.75656290100604,0.20191666666666666,1.1029411764705883,43,1.340255240266452,0.7414441897639538,0.7402552402664521,0.3270668827994766,0.9069767441860465,Lloyd,0.000631732187500802
mine,Lloyd,60,800,0.02,0.05,0.0,,25,0.3,0.2,2.0,20,0,0.8482328482328483,0.8462577962577964,0.8918918918918919,100.0,3.3,0.016666666666666666,31.53052201162927,0.2869791666666667,,60,1.0711089224368409,0.8336765341682767,0.4711089224368409,0.22924553105089457,0.8,Lloyd,0.0007031997400008549
mine,Lloyd,60,800,0.02,0.05,0.0,,26,0.3,0.2,2.0,20,0,0.9417879417879418,0.9468814968814971,0.9833679833679834,200.0,3.55,0.016666666666666666,32.34309262076263,0.27660416666666665,,60,1.0749119794012991,0.6701293768079319,0.47491197940129914,0.27726397400699143,0.7833333333333333,Lloyd,0.000681584738752008
mine,Lloyd,60,800,0.02,0.05,0.2,,26,0.3,0.2,2.0,20,0,0.9376299376299376,0.9382536382536385,0.9833679833679834,200.0,3.683333333333333,0.016666666666666666,32.41903747560304,0.2660416666666667,0.9955849889624724,54,1.141432878152647,0.7109273095397957,0.541432878152647,0.2891977630302236,0.7222222222222222,Lloyd,0.0006959070312495897
mine,Lloyd,60,800,0.02,0.05,0.0,,27,0.3,0.2,2.0,20,0,1.0,1.0,1.0,160.0,4.066666666666666,0.0,32.68373857315528,0.31927083333333334,,60,1.089890793492409,0.544581827505413,0.4898907934924092,0.2449392198206432,0.7666666666666667,Lloyd,0.0006856472925005619
mine,Lloyd,60,800,0.02,0.05,0.2,,27,0.3,0.2,2.0,20,0,1.0,1.0,1.0,160.0,4.066666666666666,0.03333333333333333,32.49918128804201,0.25135416666666666,1.0,54,1.1569447889035445,0.5405072191022163,0.5569447889035444,0.2910680282290274,0.8148148148148148,Lloyd,0.0006790745312491708
mine,Lloyd,60,800,0.02,0.05,0.0,,28,0.3,0.2,2.0,20,0,0.9708939708939709,0.9712058212058212,0.9916839916839917,180.0,6.4,0.016666666666666666,34.224928577355094,0.36766666666666664,,60,1.0846193272664453,0.6966333952656852,0.48461932726644513,0.17971936428977708,0.65,Lloyd,0.0006852747912489577
mine,Lloyd,60,800,0.02,0.05,0.2,,28,0.3,0.2,2.0,20,0,0.9646569646569647,0.9654885654885655,0.9916839916839917,180.0,5.066666666666666,0.016666666666666666,31.245502489347224,0.24029166666666665,0.9914529914529915,48,1.2253560758142994,0.651871159514619,0.6253560758142994,0.2947445557152396,0.8958333333333334,Lloyd,0.000686116718750327
mine,Lloyd,60,800,0.02,0.05,0.2,,29,0.3,0.2,2.0,20,0,0.9438669438669439,0.9327442827442829,0.9958419958419958,140.0,3.3,0.0,30.697031378134405,0.195625,0.9742489270386266,45,1.35090857698674,0.7014117435972396,0.7509085769867402,0.30713694626021004,0.9333333333333333,Lloyd,0.0006700410412508972
mine,Lloyd,60,800,0.02,0.05,0.0,,29,0.3,0.2,2.0,20,0,0.9708939708939709,0.9706860706860707,0.9958419958419958,140.0,4.733333333333333,0.0,33.75833412271759,0.2598125,,60,1.1085274540784047,0.6562871386421407,0.5085274540784046,0.25252996030234476,0.7,Lloyd,0.0007272578125002838
apartment,Lloyd,60,800,0.02,0.05,0.0,,0,0.3,0.2,2.0,20,0,0.8736979166666666,0.8740885416666668,0.9205729166666666,260.0,2.0,0.03333333333333333,38.611666457162876,0.058104166666666665,,60,1.8222853310524711,0.34337552204759964,1.2222853310524715,1.3745393247171165,1.0,Lloyd,0.0006814051037486024
apartment,Lloyd,60,800,0.02,0.05,0.2,,0,0.3,0.2,2.0,20,0,0.85546875,0.8442057291666666,0.9329427083333334,200.0,2.0,0.05,37.30273871466461,0.06277083333333333,1.0,47,2.1685357511145504,0.30546600654557543,1.5685357511145503,1.7691396575580067,1.0,Lloyd,0.0006738454687479134
apartment,Lloyd,60,800,0.02,0.05,0.0,,1,0.3,0.2,2.0,20,0,0.8678385416666666,0.8657877604166668,0.9225260416666666,340.0,2.0833333333333335,0.1,39.790276405449156,0.07133333333333333,,60,1.8026473432804788,0.33049847554020334,1.202647343280479,1.2705959175691683,1.0,Lloyd,0.0007024970837505862
apartment,Lloyd,60,800,0.02,0.05,0.2,,1,0.3,0.2,2.0,20,0,0.8717447916666666,0.8647786458333334,0.94140625,320.0,2.0166666666666666,0.06666666666666667,38.40830992992788,0.06989583333333334,1.0339768339768338,49,2.1048220495356738,0.32333050943464736,1.5048220495356741,1.55398987635225,1.0,Lloyd,0.0006916334375000588
apartment,Lloyd,60,800,0.02,0.05,0.0,,2,0.3,0.2,2.0,20,0,0.90234375,0.8994466145833334,0.9375,260.0,1.75,0.13333333333333333,42.24381546531641,0.048604166666666664,,60,1.9330535959661508,0.28161419247085334,1.3330535959661503,1.489461447108283,1.0,Lloyd,0.0006852241662500091
apartment,Lloyd,60,800,0.02,0.05,0.2,,2,0.3,0.2,2.0,20,0,0.880859375,0.8803385416666666,0.9309895833333334,240.0,1.75,0.11666666666666667,40.14648119969171,0.04816666666666667,1.0097014925373133,48,2.168373194193587,0.22577906894046837,1.568373194193587,1.6191471706260978,1.0,Lloyd,0.0006526000525013842
apartment,Lloyd,60,800,0.02,0.05,0.0,,3,0.3,0.2,2.0,20,0,0.85546875,0.8545572916666666,0.9192708333333334,160.0,1.8166666666666667,0.03333333333333333,42.19884323758774,0.041791666666666664,,60,1.821513297891144,0.3276700184822913,1.221513297891144,1.2487217264798165,1.0,Lloyd,0.0006732009899997138
apartment,Lloyd,60,800,0.02,0.05,0.2,,3,0.3,0.2,2.0,20,0,0.833984375,0.8307942708333333,0.916015625,160.0,1.8166666666666667,0.03333333333333333,39.51097909761275,0.041791666666666664,0.9682539682539683,47,2.1913525133574527,0.26268142738538364,1.5913525133574529,1.4411143992444266,1.0,Lloyd,0.0006306890099995144
apartment,Lloyd,60,800,0.02,0.05,0.2,,4,0.3,0.2,2.0,20,0,0.892578125,0.8774088541666668,0.951171875,220.0,1.8,0.08333333333333333,39.74711927932306,0.05552083333333333,1.0627906976744186,49,2.1299314358470607,0.2943122613500878,1.5299314358470604,1.6365325868662794,1.0,Lloyd,0.0006496865112490014
apartment,Lloyd,60,800,0.02,0.05,0.0,,4,0.3,0.2,2.0,20,0,0.8411458333333334,0.84208984375,0.9290364583333334,220.0,1.8,0.06666666666666667,40.91652894422587,0.0623125,,60,1.7701283591242691,0.4304236581528785,1.1701283591242693,0.8055315664814948,1.0,Lloyd,0.0007073004687481444
apartment,Lloyd,60,800,0.02,0.05,0.0,,5,0.3,0.2,2.0,20,0,0.8919270833333334,0.8869140624999998,0.935546875,340.0,2.1,0.06666666666666667,41.222656563879106,0.09860416666666667,,60,1.8765329078220987,0.252341061988646,1.2765329078220984,1.2750278242515274,1.0,Lloyd,0.0007120521349997943
apartment,Lloyd,60,800,0.02,0.05,0.2,,5,0.3,0.2,2.0,20,0,0.8046875,0.7994791666666666,0.93359375,220.0,2.1,0.4166666666666667,36.8225587636639,0.09525,0.9573973663826492,44,2.158955908008313,0.32843021806897604,1.558955908008314,1.4619568572526063,1.0,Lloyd,0.0006738906249984211
apartment,Lloyd,60,800,0.02,0.05,0.0,,6,0.3,0.2,2.0,20,0,0.876953125,0.8770182291666666,0.9264322916666666,240.0,1.75,0.05,39.35343244594505,0.04375,,60,1.819212508938695,0.362603758911242,1.2192125089386943,1.3476497750354457,1.0,Lloyd,0.0006707727599996361
apartment,Lloyd,60,800,0.02,0.05,0.2,,6,0.3,0.2,2.0,20,0,0.8450520833333334,0.8370442708333332,0.9348958333333334,240.0,1.75,0.05,39.57061052759789,0.0435625,0.9629080118694363,46,2.1392902530324944,0.2923401177887838,1.5392902530324946,1.48768763559842,1.0,Lloyd,0.0006481079687500824
apartment,Lloyd,60,800,0.02,0.05,0.0,,7,0.3,0.2,2.0,20,0,0.8743489583333334,0.8745442708333332,0.9322916666666666,220.0,1.7833333333333334,0.03333333333333333,39.01059339513188,0.06210416666666667,,60,1.8754110343060633,0.3337130444047237,1.2754110343060636,1.4106637374349407,1.0,Lloyd,0.0006450139062485504
apartment,Lloyd,60,800,0.02,0.05,0.2,,7,0.3,0.2,2.0,20,0,0.8756510416666666,0.8717122395833334,0.9290364583333334,220.0,1.7833333333333334,0.03333333333333333,37.506245021738934,0.06210416666666667,1.001489203276247,47,2.1531116178768652,0.2421699453376046,1.5531116178768647,1.7676863578896875,1.0,Lloyd,0.0006424348437508343
apartment,Lloyd,60,800,0.02,0.05,0.0,,8,0.3,0.2,2.0,20,0,0.8580729166666666,0.8575846354166667,0.9166666666666666,240.0,1.9166666666666667,0.1,39.22960362811697,0.07579166666666666,,60,1.7742284227000151,0.31695607526265973,1.1742284227000153,1.3135523363445407,1.0,Lloyd,0.0007278907287491165
apartment,Lloyd,60,800,0.02,0.05,0.2,,8,0.3,0.2,2.0,20,0,0.8522135416666666,0.8443033854166668,0.921875,240.0,1.8166666666666667,0.15,39.159850747698485,0.07554166666666666,0.993925588458618,49,2.025234148893995,0.26660782730627175,1.4252341488939955,1.379322023614698,1.0,Lloyd,0.0006740983325016714
apartment,Lloyd,60,800,0.02,0.05,0.0,,9,0.3,0.2,2.0,20,0,0.888671875,0.8890950520833334,0.9348958333333334,260.0,1.8666666666666667,0.016666666666666666,39.67396320331633,0.06616666666666667,,60,1.8911119292513048,0.3071122696518655,1.2911119292513045,1.3813667862721564,1.0,Lloyd,0.0007012292712488488
apartment,Lloyd,60,800,0.02,0.05,0.2,,9,0.3,0.2,2.0,20,0,0.8274739583333334,0.8277669270833332,0.93359375,260.0,1.8666666666666667,0.016666666666666666,38.21324671072139,0.06022916666666667,0.9318181818181818,45,2.0970818473278072,0.23437718871587704,1.4970818473278071,1.506391391168993,1.0,Lloyd,0.0006595684374997291
apartment,Lloyd,60,800,0.02,0.05,0.0,,10,0.3,0.2,2.0,20,0,0.8841145833333334,0.8838216145833334,0.9322916666666666,280.0,2.0,0.06666666666666667,42.563843758054304,0.057125,,60,1.8774229298963472,0.318149645638735,1.2774229298963473,1.1591594095870215,1.0,Lloyd,0.0007109801562501161
apartment,Lloyd,60,800,0.02,0.05,0.2,,10,0.3,0.2,2.0,20,0,0.8333333333333334,0.8311848958333334,0.9388020833333334,280.0,1.9833333333333334,0.1,39.920093279510176,0.07175,0.9411764705882354,47,2.1228915499624095,0.30973199188245176,1.5228915499624094,1.291510985120242,1.0,Lloyd,0.0006869535412488404
apartment,Lloyd,60,800,0.02,0.05,0.0,,11,0.3,0.2,2.0,20,0,0.8841145833333334,0.8823893229166666,0.939453125,240.0,1.8666666666666667,0.08333333333333333,41.19891569073614,0.04704166666666667,,60,1.8295675777755562,0.31951654909236865,1.229567577775556,1.2116804881831738,1.0,Lloyd,0.0006864021875003345
apartment,Lloyd,60,800,0.02,0.05,0.2,,11,0.3,0.2,2.0,20,0,0.8587239583333334,0.85439453125,0.9361979166666666,240.0,1.8666666666666667,0.05,38.4671900471594,0.041291666666666664,0.9727138643067847,46,2.201129608002397,0.2568321846661341,1.601129608002397,1.431890844510297,1.0,Lloyd,0.0006432691675013302
apartment,Lloyd,60,800,0.02,0.05,0.0,,12,0.3,0.2,2.0,20,0,0.8515625,0.8521158854166666,0.9114583333333334,200.0,1.55,0.03333333333333333,40.35814441783806,0.050708333333333334,,60,1.8059392840238888,0.2947935587809373,1.2059392840238892,1.0924025895172713,1.0,Lloyd,0.000675932761250806
apartment,Lloyd,60,800,0.02,0.05,0.2,,12,0.3,0.2,2.0,20,0,0.857421875,0.85458984375,0.9186197916666666,200.0,1.55,0.03333333333333333,37.19952981702141,0.050708333333333334,1.0068807339449541,49,2.0737123057427995,0.2633915327772134,1.4737123057427994,1.278614852186848,1.0,Lloyd,0.0006617514062509144
apartment,Lloyd,60,800,0.02,0.05,0.0,,13,0.3,0.2,2.0,20,0,0.8671875,0.866796875,0.9212239583333334,240.0,1.75,0.016666666666666666,40.90052578189739,0.060583333333333336,,60,1.8175771833767074,0.281057766895057,1.2175771833767077,1.244374377551661,1.0,Lloyd,0.0006985061462501108
apartment,Lloyd,60,800,0.02,0.05,0.2,,13,0.3,0.2,2.0,20,0,0.8444010416666666,0.8382486979166666,0.93359375,240.0,1.75,0.05,37.66291427074248,0.06085416666666667,0.9773926149208741,46,2.173289355310695,0.3387752480939909,1.5732893553106952,1.8262539025567814,1.0,Lloyd,0.0006721816662502533
apartment,Lloyd,60,800,0.02,0.05,0.0,,14,0.3,0.2,2.0,20,0,0.8841145833333334,0.87255859375,0.9309895833333334,280.0,1.7833333333333334,0.06666666666666667,41.98367189966665,0.043291666666666666,,60,1.8946794999975292,0.336474708948933,1.2946794999975295,1.1279410008532669,1.0,Lloyd,0.0006869465625004523
apartment,Lloyd,60,800,0.02,0.05,0.2,,14,0.3,0.2,2.0,20,0,0.794921875,0.7916666666666666,0.9290364583333334,240.0,1.7833333333333334,0.08333333333333333,37.822648126162974,0.043354166666666666,0.9285171102661597,43,2.2115419826301053,0.3308916128400343,1.6115419826301056,1.4685230032862027,1.0,Lloyd,0.0006503805212491897
apartment,Lloyd,60,800,0.02,0.05,0.0,,15,0.3,0.2,2.0,20,0,0.8997395833333334,0.90029296875,0.9388020833333334,240.0,2.1,0.03333333333333333,41.248411299151066,0.06066666666666667,,60,1.8875622415839257,0.3109545941452008,1.2875622415839254,1.3480729839267518,1.0,Lloyd,0.000747551562501485
apartment,Lloyd,60,800,0.02,0.05,0.2,,15,0.3,0.2,2.0,20,0,0.8678385416666666,0.8678385416666667,0.9466145833333334,240.0,1.8833333333333333,0.06666666666666667,40.683136443656466,0.059166666666666666,0.9638467100506146,53,1.9984841192603389,0.24239018612315877,1.3984841192603392,1.508635736442825,1.0,Lloyd,0.0007133819262480757
apartment,Lloyd,60,800,0.02,0.05,0.0,,16,0.3,0.2,2.0,20,0,0.8483072916666666,0.8475911458333334,0.908203125,200.0,1.9333333333333333,0.08333333333333333,41.078400553440964,0.0665625,,60,1.8063659969379873,0.40016135275140113,1.2063659969379876,1.1843564186989424,1.0,Lloyd,0.0006893655199996829
apartment,Lloyd,60,800,0.02,0.05,0.2,,16,0.3,0.2,2.0,20,0,0.8235677083333334,0.8223307291666666,0.9270833333333334,200.0,1.9,0.08333333333333333,38.02118771977802,0.058375,0.9738260200153965,47,2.0478336998392,0.32387080693870257,1.4478336998391996,1.5215602031657203,1.0,Lloyd,0.0006814514062489251
apartment,Lloyd,60,800,0.02,0.05,0.0,,17,0.3,0.2,2.0,20,0,0.9212239583333334,0.8985677083333334,0.9479166666666666,340.0,1.8,0.18333333333333332,42.08399602552302,0.06075,,60,1.894846031965135,0.25548203971864203,1.2948460319651354,1.2599640517612507,1.0,Lloyd,0.0006859373962493009
apartment,Lloyd,60,800,0.02,0.05,0.2,,17,0.3,0.2,2.0,20,0,0.8483072916666666,0.8419921875000002,0.9361979166666666,240.0,1.8,0.13333333333333333,39.60698296128964,0.0583125,0.9687732342007435,46,2.221768358199967,0.2583804328328094,1.621768358199968,1.6762691398592855,1.0,Lloyd,0.0006555313025000942
apartment,Lloyd,60,800,0.02,0.05,0.0,,18,0.3,0.2,2.0,20,0,0.875,0.8746093750000001,0.9361979166666666,220.0,1.5666666666666667,0.016666666666666666,41.75952787808287,0.03654166666666667,,60,1.8177584570751557,0.3280702906482643,1.2177584570751563,1.0835751951169785,1.0,Lloyd,0.000691131667499576
apartment,Lloyd,60,800,0.02,0.05,0.2,,18,0.3,0.2,2.0,20,0,0.865234375,0.8554036458333332,0.9348958333333334,200.0,1.5666666666666667,0.016666666666666666,41.125086305588745,0.03654166666666667,1.0098784194528876,52,2.040382836512453,0.377181255801895,1.440382836512452,1.2023145760857867,1.0,Lloyd,0.0006904727087498941
apartment,Lloyd,60,800,0.02,0.05,0.0,,19,0.3,0.2,2.0,20,0,0.87890625,0.8771484375,0.9283854166666666,220.0,1.7333333333333334,0.05,42.13537369824981,0.058333333333333334,,60,1.8524296924393637,0.3428832939223306,1.2524296924393636,1.3292147730775845,1.0,Lloyd,0.0007017932287499206
apartment,Lloyd,60,800,0.02,0.05,0.2,,19,0.3,0.2,2.0,20,0,0.8385416666666666,0.83583984375,0.9251302083333334,220.0,1.7333333333333334,0.05,38.720030042767014,0.058333333333333334,0.9561989606533036,45,2.1858247372784105,0.24791313142400206,1.585824737278411,1.5258681195585568,1.0,Lloyd,0.0006646609899985379
apartment,Lloyd,60,800,0.02,0.05,0.0,,20,0.3,0.2,2.0,20,0,0.802734375,0.80146484375,0.8880208333333334,180.0,1.8166666666666667,0.03333333333333333,41.54415662919416,0.058208333333333334,,60,1.8240349599757602,0.4112177941958956,1.2240349599757603,0.9661156113737229,1.0,Lloyd,0.0006787268749985742
apartment,Lloyd,60,800,0.02,0.05,0.2,,20,0.3,0.2,2.0,20,0,0.8046875,0.8017903645833332,0.8873697916666666,180.0,1.8166666666666667,0.03333333333333333,40.14423558297531,0.058208333333333334,1.0073349633251834,52,1.988822570224928,0.38706164795586656,1.388822570224928,1.3051877087262351,1.0,Lloyd,0.0006735744275010802
apartment,Lloyd,60,800,0.02,0.05,0.0,,21,0.3,0.2,2.0,20,0,0.8854166666666666,0.8859049479166667,0.9309895833333334,260.0,1.7166666666666666,0.03333333333333333,40.827884111899216,0.07939583333333333,,60,1.8329574517633918,0.32607511574220505,1.232957451763392,1.2201628143340972,1.0,Lloyd,0.0007385189062483733
apartment,Lloyd,60,800,0.02,0.05,0.2,,21,0.3,0.2,2.0,20,0,0.8828125,0.8728190104166668,0.9407552083333334,260.0,1.6166666666666667,0.03333333333333333,39.22026993307607,0.07772916666666667,1.0119402985074626,49,2.158769952531979,0.20583016570618745,1.5587699525319794,1.474820536021892,1.0,Lloyd,0.0006973466675003693
apartment,Lloyd,60,800,0.02,0.05,0.0,,22,0.3,0.2,2.0,20,0,0.87890625,0.8794921875,0.9244791666666666,280.0,2.25,0.05,40.20264653320967,0.04560416666666667,,60,1.8636993652839133,0.3278548914518933,1.2636993652839137,1.3828334180620416,1.0,Lloyd,0.0006909352599996054
apartment,Lloyd,60,800,0.02,0.05,0.2,,22,0.3,0.2,2.0,20,0,0.8372395833333334,0.8291341145833334,0.9205729166666666,240.0,2.1333333333333333,0.05,38.651898619598164,0.04472916666666667,0.9683734939759037,44,2.2862952032900434,0.31823060363763983,1.6862952032900438,1.5764246105556414,1.0,Lloyd,0.0006606142712485052
apartment,Lloyd,60,800,0.02,0.05,0.0,,23,0.3,0.2,2.0,20,0,0.892578125,0.88740234375,0.9368489583333334,220.0,1.7666666666666666,0.05,40.914142645763754,0.052958333333333336,,60,1.8364423043549212,0.30239241940711237,1.2364423043549209,1.4458239978305811,1.0,Lloyd,0.0007074293237496932
apartment,Lloyd,60,800,0.02,0.05,0.2,,23,0.3,0.2,2.0,20,0,0.8522135416666666,0.8543945312500002,0.9401041666666666,220.0,1.7666666666666666,0.05,36.78537198213374,0.052958333333333336,0.9625,46,2.1623400838474467,0.2517160730108581,1.5623400838474466,1.5370506811973819,1.0,Lloyd,0.0006528817187495406
apartment,Lloyd,60,800,0.02,0.05,0.0,,24,0.3,0.2,2.0,20,0,0.8938802083333334,0.8918619791666664,0.9388020833333334,280.0,1.65,0.0,40.56315934435312,0.0624375,,60,1.85385393348344,0.30206849880253855,1.2538539334834407,1.3570787759742486,1.0,Lloyd,0.0007004289587507628
apartment,Lloyd,60,800,0.02,0.05,0.2,,24,0.3,0.2,2.0,20,0,0.8606770833333334,0.86015625,0.9401041666666666,260.0,1.65,0.0,38.77319181909874,0.0624375,0.9770879526977089,45,2.191460507557363,0.2766285015146891,1.5914605075573636,1.8310552396357966,1.0,Lloyd,0.0006576617712494226
apartment,Lloyd,60,800,0.02,0.05,0.0,,25,0.3,0.2,2.0,20,0,0.8938802083333334,0.8944661458333332,0.9401041666666666,240.0,1.8666666666666667,0.05,41.53793179689987,0.050375,,60,1.8160323492756458,0.34563682508986004,1.2160323492756453,1.1980041550585474,1.0,Lloyd,0.0006684718225005781
apartment,Lloyd,60,800,0.02,0.05,0.2,,25,0.3,0.2,2.0,20,0,0.736328125,0.734375,0.9361979166666666,240.0,2.1666666666666665,0.05,40.058651148584424,0.0530625,0.8183791606367583,46,2.0422942403237077,0.49268661396661256,1.4422942403237073,1.239678790837714,1.0,Lloyd,0.0006699794799988012
apartment,Lloyd,60,800,0.02,0.05,0.0,,26,0.3,0.2,2.0,20,0,0.8854166666666666,0.8863606770833334,0.9303385416666666,300.0,2.216666666666667,0.0,41.14217947390396,0.054375,,60,1.8810704009440833,0.3281627390675268,1.2810704009440834,1.3304282952899575,1.0,Lloyd,0.0006637594262497259
apartment,Lloyd,60,800,0.02,0.05,0.2,,26,0.3,0.2,2.0,20,0,0.8489583333333334,0.8492513020833332,0.9290364583333334,300.0,2.216666666666667,0.0,41.040868536284734,0.05452083333333333,0.9644970414201184,52,1.9905923045050349,0.2715690380263639,1.3905923045050355,1.5507732398756435,1.0,Lloyd,0.0006696020837512151
apartment,Lloyd,60,800,0.02,0.05,0.0,,27,0.3,0.2,2.0,20,0,0.873046875,0.8710611979166668,0.9231770833333334,220.0,1.8166666666666667,0.016666666666666666,41.742789494364295,0.044770833333333336,,60,1.7879087403276335,0.32556207767065315,1.1879087403276334,1.2009747957973298,1.0,Lloyd,0.0006811874474988145
apartment,Lloyd,60,800,0.02,0.05,0.2,,27,0.3,0.2,2.0,20,0,0.8684895833333334,0.8597981770833334,0.9361979166666666,220.0,1.8166666666666667,0.016666666666666666,39.92515068907975,0.044770833333333336,0.9947800149142432,52,2.031773010238702,0.29317189911989844,1.4317730102387027,1.3424989027520546,1.0,Lloyd,0.000660210990001815
apartment,Lloyd,60,800,0.02,0.05,0.0,,28,0.3,0.2,2.0,20,0,0.8255208333333334,0.8263020833333332,0.9049479166666666,220.0,1.5666666666666667,0.03333333333333333,37.79947071507112,0.058208333333333334,,60,1.8090280829959817,0.42787742950858537,1.2090280829959819,0.8502541279308412,1.0,Lloyd,0.0006657392187503319
apartment,Lloyd,60,800,0.02,0.05,0.2,,28,0.3,0.2,2.0,20,0,0.8001302083333334,0.7974934895833334,0.921875,220.0,1.5666666666666667,0.05,37.22726071790554,0.065625,0.9669551534225019,51,1.9295461260368532,0.45147752761153875,1.329546126036853,1.1457626099751361,1.0,Lloyd,0.0006296125525000207
apartment,Lloyd,60,800,0.02,0.05,0.0,,29,0.3,0.2,2.0,20,0,0.8984375,0.89560546875,0.9388020833333334,220.0,1.8333333333333333,0.06666666666666667,42.49667490590205,0.05416666666666667,,60,1.8418550126908775,0.2772156153606905,1.2418550126908772,1.2778391945253351,1.0,Lloyd,0.0006758743225009312
apartment,Lloyd,60,800,0.02,0.05,0.2,,29,0.3,0.2,2.0,20,0,0.86328125,0.8578125,0.9381510416666666,220.0,1.8333333333333333,0.05,38.733858745411226,0.05408333333333333,0.9643636363636364,46,2.1717309773506055,0.2722928427527227,1.571730977350606,1.5833791794291951,1.0,Lloyd,0.000666346615000748
rubble,Lloyd,60,800,0.02,0.05,0.2,,0,0.3,0.2,2.0,20,0,0.5544692737430168,0.553282122905028,0.5893854748603352,140.0,1.8333333333333333,0.11666666666666667,34.93623275981925,0.044895833333333336,0.9863354037267081,46,1.6117417984986055,0.3364368753004826,1.0117417984986061,0.7700774021684748,1.0,Lloyd,0.0006091816662501515
rubble,Lloyd,60,800,0.02,0.05,0.0,,0,0.3,0.2,2.0,20,0,0.5663407821229051,0.5647695530726258,0.5844972067039106,140.0,2.183333333333333,0.13333333333333333,37.4985064686131,0.05320833333333334,,60,1.4042127104219264,0.3611152167997151,0.8042127104219264,0.6991002840633537,1.0,Lloyd,0.000678914218749469
rubble,Lloyd,60,800,0.02,0.05,0.2,,1,0.3,0.2,2.0,20,0,0.5286312849162011,0.5268854748603352,0.5726256983240223,100.0,1.8,0.06666666666666667,34.12624364618771,0.05520833333333333,0.9908376963350787,49,1.5870061556524195,0.4420270944643998,0.9870061556524196,0.8695795119505195,1.0,Lloyd,0.0006155759900002522
rubble,Lloyd,60,800,0.02,0.05,0.0,,1,0.3,0.2,2.0,20,0,0.5300279329608939,0.5312150837988826,0.5698324022346368,100.0,1.8,0.06666666666666667,35.5645402705777,0.07341666666666667,,60,1.3678058213066204,0.5307289069229307,0.7678058213066201,0.517094222117447,0.9666666666666667,Lloyd,0.0008474930212491927
rubble,Lloyd,60,800,0.02,0.05,0.0,,2,0.3,0.2,2.0,20,0,0.5286312849162011,0.5295391061452516,0.5649441340782123,100.0,2.8333333333333335,0.1,38.99391920538401,0.07,,60,1.3392738051861381,0.5433138589740463,0.7392738051861379,0.5637265082279783,0.9333333333333333,Lloyd,0.0007187624999983199
rubble,Lloyd,60,800,0.02,0.05,0.2,,2,0.3,0.2,2.0,20,0,0.5335195530726257,0.5333100558659218,0.5726256983240223,100.0,2.1333333333333333,0.1,37.15046700699681,0.048541666666666664,1.0119205298013243,54,1.455439628826258,0.4365937779257718,0.8554396288262582,0.6538407676566309,1.0,Lloyd,0.0006953417712497867
rubble,Lloyd,60,800,0.02,0.05,0.0,,3,0.3,0.2,2.0,20,0,0.50768156424581,0.5079259776536313,0.5551675977653632,80.0,2.5166666666666666,0.5166666666666667,36.8493051274339,0.060208333333333336,,60,1.356024416636622,0.5755933573293,0.7560244166366221,0.5087018400916501,1.0,Lloyd,0.0007504186975006632
rubble,Lloyd,60,800,0.02,0.05,0.2,,3,0.3,0.2,2.0,20,0,0.4790502793296089,0.4800977653631285,0.5551675977653632,80.0,1.95,0.5666666666666667,34.06534921754127,0.051,0.9436038514442916,44,1.6058487482271169,0.5115650202870629,1.005848748227117,0.8012472964426229,1.0,Lloyd,0.0006624664574997041
rubble,Lloyd,60,800,0.02,0.05,0.0,,4,0.3,0.2,2.0,20,0,0.5118715083798883,0.5105446927374302,0.5593575418994413,80.0,2.2666666666666666,0.08333333333333333,36.99385760770814,0.09552083333333333,,60,1.3193286230330017,0.595715584352999,0.7193286230330018,0.4900621044041221,0.9333333333333333,Lloyd,0.0007482925512499605
rubble,Lloyd,60,800,0.02,0.05,0.2,,4,0.3,0.2,2.0,20,0,0.5083798882681564,0.5056215083798883,0.5649441340782123,80.0,1.8833333333333333,0.06666666666666667,34.36775436398873,0.06847916666666666,0.9972602739726028,48,1.5504672065432217,0.5100902930080347,0.9504672065432215,0.6561043321286038,1.0,Lloyd,0.0006631761974995242
rubble,Lloyd,60,800,0.02,0.05,0.0,,5,0.3,0.2,2.0,20,0,0.5628491620111732,0.5615223463687151,0.5865921787709497,200.0,1.9333333333333333,0.08333333333333333,38.87132913722416,0.11147916666666667,,60,1.3897573797747915,0.4089963792300795,0.7897573797747914,0.7347985213114534,0.9166666666666666,Lloyd,0.0007496106249982404
rubble,Lloyd,60,800,0.02,0.05,0.2,,5,0.3,0.2,2.0,20,0,0.5607541899441341,0.561522346368715,0.5865921787709497,200.0,1.75,0.1,37.43712454859773,0.08070833333333334,0.9950433705080545,51,1.5242564049595781,0.34734435930188656,0.9242564049595784,0.8989136421710492,1.0,Lloyd,0.000713162656250006
rubble,Lloyd,60,800,0.02,0.05,0.2,,6,0.3,0.2,2.0,20,0,0.5607541899441341,0.5589036312849162,0.5831005586592178,200.0,1.7666666666666666,0.11666666666666667,35.24346120785003,0.06847916666666666,0.985276073619632,45,1.6770406242041793,0.2703846464921124,1.0770406242041795,0.9498106183432767,1.0,Lloyd,0.0006578555737496572
rubble,Lloyd,60,800,0.02,0.05,0.0,,6,0.3,0.2,2.0,20,0,0.5670391061452514,0.5679120111731845,0.5837988826815642,200.0,1.8166666666666667,0.11666666666666667,38.94771983173664,0.06952083333333334,,60,1.3735463738505798,0.3155445300655775,0.77354637385058,0.6459769914003709,1.0,Lloyd,0.0007238956762489579
rubble,Lloyd,60,800,0.02,0.05,0.0,,7,0.3,0.2,2.0,20,0,0.5628491620111732,0.563617318435754,0.5837988826815642,140.0,1.8666666666666667,0.05,36.81728713317581,0.07354166666666667,,60,1.377623527472964,0.43300116529841254,0.777623527472964,0.6184290350198002,1.0,Lloyd,0.0007452438025006814
rubble,Lloyd,60,800,0.02,0.05,0.2,,7,0.3,0.2,2.0,20,0,0.5523743016759777,0.5493016759776534,0.5858938547486033,120.0,1.8833333333333333,0.05,36.29354232428598,0.059625,0.9801734820322181,50,1.5679111837425261,0.3129292333380345,0.9679111837425265,0.7856329942508459,1.0,Lloyd,0.0006669465100003436
rubble,Lloyd,60,800,0.02,0.05,0.0,,8,0.3,0.2,2.0,20,0,0.5314245810055865,0.5300628491620112,0.5656424581005587,120.0,2.5166666666666666,0.016666666666666666,36.964899395250086,0.09575,,60,1.291781102317112,0.5894791258355624,0.6917811023171117,0.38308382866883806,0.9666666666666667,Lloyd,0.0007369581250009105
rubble,Lloyd,60,800,0.02,0.05,0.2,,8,0.3,0.2,2.0,20,0,0.5314245810055865,0.5319134078212291,0.571927374301676,120.0,2.033333333333333,0.016666666666666666,35.09045810437166,0.07054166666666667,0.9986876640419947,48,1.5773638580788596,0.445596958698567,0.9773638580788596,0.6582272725669528,1.0,Lloyd,0.0006907455724990541
rubble,Lloyd,60,800,0.02,0.05,0.0,,9,0.3,0.2,2.0,20,0,0.505586592178771,0.5046787709497207,0.547486033519553,80.0,2.2,0.05,38.41213663799605,0.11508333333333333,,60,1.3265279620285042,0.5638134556966746,0.7265279620285043,0.5853631093204307,0.8666666666666667,Lloyd,0.0007543267712480883
rubble,Lloyd,60,800,0.02,0.05,0.2,,9,0.3,0.2,2.0,20,0,0.5027932960893855,0.5022695530726258,0.5481843575418994,80.0,1.9166666666666667,0.06666666666666667,35.84408188179503,0.07639583333333333,0.9944751381215469,48,1.5284039656214896,0.47360561787535105,0.9284039656214897,0.7364528005288029,1.0,Lloyd,0.0007054669787498824
rubble,Lloyd,60,800,0.02,0.05,0.0,,10,0.3,0.2,2.0,20,0,0.5593575418994413,0.5599511173184357,0.5803072625698324,120.0,1.8666666666666667,0.03333333333333333,38.623658946924124,0.058916666666666666,,60,1.3223443799407277,0.4033683023997967,0.7223443799407279,0.514058060919149,0.9333333333333333,Lloyd,0.0007546392699987336
rubble,Lloyd,60,800,0.02,0.05,0.2,,10,0.3,0.2,2.0,20,0,0.5237430167597765,0.5242318435754191,0.5810055865921788,120.0,1.7,0.05,36.485626721473864,0.042,0.929368029739777,49,1.6083940066090063,0.4894072754245278,1.0083940066090062,0.7817600975156053,1.0,Lloyd,0.0006958574474992929
rubble,Lloyd,60,800,0.02,0.05,0.0,,11,0.3,0.2,2.0,20,0,0.5349162011173184,0.5361033519553071,0.5677374301675978,140.0,2.4166666666666665,0.1,36.992053529635655,0.06941666666666667,,60,1.3678592165689507,0.42151240410877927,0.7678592165689504,0.5749307578282499,0.9666666666666667,Lloyd,0.0007486315624987583
rubble,Lloyd,60,800,0.02,0.05,0.2,,11,0.3,0.2,2.0,20,0,0.5405027932960894,0.540782122905028,0.5768156424581006,140.0,2.066666666666667,0.1,36.719604855541434,0.05708333333333333,1.010443864229765,54,1.4354638447084835,0.38395401943669866,0.8354638447084837,0.6664365675947062,1.0,Lloyd,0.0007007838537492717
rubble,Lloyd,60,800,0.02,0.05,0.0,,12,0.3,0.2,2.0,20,0,0.571927374301676,0.5601256983240224,0.5858938547486033,320.0,1.9166666666666667,0.03333333333333333,37.94121608877517,0.05585416666666667,,60,1.380707999571832,0.35424954760912863,0.7807079995718323,0.6172458922305786,0.9666666666666667,Lloyd,0.0008197651049999876
rubble,Lloyd,60,800,0.02,0.05,0.2,,12,0.3,0.2,2.0,20,0,0.5097765363128491,0.5091480446927373,0.5684357541899442,100.0,1.9166666666666667,0.03333333333333333,37.30308117902008,0.045083333333333336,0.9759358288770054,49,1.5502113382800264,0.5241659210376802,0.9502113382800264,0.7872967378329426,0.9591836734693877,Lloyd,0.0007566068749997612
rubble,Lloyd,60,800,0.02,0.05,0.0,,13,0.3,0.2,2.0,20,0,0.5314245810055865,0.5312499999999999,0.5691340782122905,120.0,2.316666666666667,0.05,39.152993637428764,0.12522916666666667,,60,1.3855729141502366,0.5359975494067574,0.7855729141502364,0.5929826462267731,0.9166666666666666,Lloyd,0.0007740930737486451
rubble,Lloyd,60,800,0.02,0.05,0.2,,13,0.3,0.2,2.0,20,0,0.5195530726256983,0.5212290502793295,0.571927374301676,120.0,2.0166666666666666,0.08333333333333333,35.60540337864598,0.08333333333333333,0.9802371541501974,46,1.6606991020286421,0.5011600786900234,1.060699102028642,0.7757549593031692,1.0,Lloyd,0.0007425108337497477
rubble,Lloyd,60,800,0.02,0.05,0.2,,14,0.3,0.2,2.0,20,0,0.5167597765363129,0.5171089385474861,0.5635474860335196,80.0,1.9166666666666667,0.13333333333333333,34.90375269892927,0.06110416666666667,1.0150891632373116,49,1.5644045521699015,0.4628769568827217,0.9644045521699016,0.6472387375325023,1.0,Lloyd,0.0007449620824991144
rubble,Lloyd,60,800,0.02,0.05,0.0,,14,0.3,0.2,2.0,20,0,0.5097765363128491,0.5087988826815641,0.5586592178770949,80.0,2.1,0.15,36.14562203903214,0.076125,,60,1.3346777119294766,0.5532195171553091,0.7346777119294767,0.6002449479824388,0.9333333333333333,Lloyd,0.0008108951562508083
rubble,Lloyd,60,800,0.02,0.05,0.0,,15,0.3,0.2,2.0,20,0,0.49860335195530725,0.49891759776536304,0.539804469273743,100.0,2.8666666666666667,0.08333333333333333,37.592929771028494,0.08708333333333333,,60,1.322725599835004,0.542582793620597,0.7227255998350042,0.4751806799552426,0.9333333333333333,Lloyd,0.0007975227612496382
rubble,Lloyd,60,800,0.02,0.05,0.2,,15,0.3,0.2,2.0,20,0,0.5293296089385475,0.5261173184357543,0.5677374301675978,100.0,2.35,0.08333333333333333,35.741985803630556,0.0611875,1.0631136044880787,48,1.589642142913549,0.43468925316400947,0.989642142913549,0.7141835311721138,1.0,Lloyd,0.0007181398962507046
rubble,Lloyd,60,800,0.02,0.05,0.0,,16,0.3,0.2,2.0,20,0,0.5174581005586593,0.5166201117318436,0.5579608938547486,100.0,1.6833333333333333,0.016666666666666666,39.59139369812321,0.06985416666666666,,60,1.361341159023753,0.5398102911154259,0.761341159023753,0.6400236104843299,0.9666666666666667,Lloyd,0.0008153556249999383
rubble,Lloyd,60,800,0.02,0.05,0.2,,16,0.3,0.2,2.0,20,0,0.5041899441340782,0.4997905027932961,0.5621508379888268,100.0,1.5666666666666667,0.08333333333333333,36.00734794241777,0.05560416666666667,0.9756756756756757,44,1.665625859010892,0.4391703538269802,1.0656258590108922,0.7949887593936374,1.0,Lloyd,0.0006912972400004946
rubble,Lloyd,60,800,0.02,0.05,0.0,,17,0.3,0.2,2.0,20,0,0.539804469273743,0.5400139664804471,0.5712290502793296,100.0,1.85,0.15,38.44837623340213,0.04852083333333333,,60,1.4016339906489248,0.49952405262969174,0.8016339906489248,0.6422651052273729,0.9666666666666667,Lloyd,0.000751525365001271
rubble,Lloyd,60,800,0.02,0.05,0.2,,17,0.3,0.2,2.0,20,0,0.571927374301676,0.5664455307262571,0.5886871508379888,100.0,1.65,0.1,36.64263619499416,0.0425,1.0581395348837208,49,1.5530932691131274,0.2514434498747371,0.9530932691131274,0.8786895991355722,1.0,Lloyd,0.0006981685425012075
rubble,Lloyd,60,800,0.02,0.05,0.0,,18,0.3,0.2,2.0,20,0,0.5272346368715084,0.5293645251396648,0.5691340782122905,100.0,2.3333333333333335,0.06666666666666667,37.980296088031906,0.07322916666666666,,60,1.3576479226749645,0.5037172732843296,0.7576479226749647,0.6115104667362491,1.0,Lloyd,0.0007194833862490668
rubble,Lloyd,60,800,0.02,0.05,0.2,,18,0.3,0.2,2.0,20,0,0.526536312849162,0.5243016759776535,0.5761173184357542,100.0,1.9833333333333334,0.1,34.5781327015803,0.06475,0.9960369881109643,43,1.6753879725726708,0.41569190269023953,1.0753879725726707,0.9125847505679671,1.0,Lloyd,0.0006347653650004758
rubble,Lloyd,60,800,0.02,0.05,0.2,,19,0.3,0.2,2.0,20,0,0.5328212290502793,0.5333798882681564,0.5824022346368715,100.0,1.6166666666666667,0.05,34.84012516312442,0.042645833333333334,0.9819819819819818,51,1.5199620995391747,0.4617639396256983,0.9199620995391747,0.6849464286164325,1.0,Lloyd,0.0006482419274993845
rubble,Lloyd,60,800,0.02,0.05,0.0,,19,0.3,0.2,2.0,20,0,0.5412011173184358,0.5404329608938547,0.577513966480447,100.0,1.7,0.03333333333333333,37.03640586538432,0.04702083333333333,,60,1.3962867495062536,0.5084354352819488,0.7962867495062539,0.5844249252049533,1.0,Lloyd,0.0008214406775005046
rubble,Lloyd,60,800,0.02,0.05,0.0,,20,0.3,0.2,2.0,20,0,0.5418994413407822,0.5418645251396648,0.5754189944134078,120.0,2.1166666666666667,0.1,37.16085990764921,0.07264583333333334,,60,1.433933139328162,0.502805278135864,0.8339331393281623,0.7350960262560938,0.9666666666666667,Lloyd,0.000717350833749606
rubble,Lloyd,60,800,0.02,0.05,0.2,,20,0.3,0.2,2.0,20,0,0.526536312849162,0.5261173184357542,0.5768156424581006,120.0,1.7666666666666666,0.11666666666666667,34.478333650448135,0.062125,0.9729032258064516,47,1.6772155454465352,0.4764611111579551,1.077215545446535,0.8620984664402503,1.0,Lloyd,0.0006515156762498009
rubble,Lloyd,60,800,0.02,0.05,0.0,,21,0.3,0.2,2.0,20,0,0.5230446927374302,0.5217877094972068,0.5621508379888268,100.0,2.25,0.13333333333333333,34.6978194394358,0.13425,,60,1.3711046960490176,0.538517169765354,0.771104696049018,0.5933489126629476,0.9166666666666666,Lloyd,0.0007246661987505832
rubble,Lloyd,60,800,0.02,0.05,0.2,,21,0.3,0.2,2.0,20,0,0.5272346368715084,0.5262569832402234,0.5726256983240223,100.0,1.9833333333333334,0.16666666666666666,33.84672864825831,0.08233333333333333,1.012064343163539,47,1.6258889015380484,0.41724503844035726,1.025888901538048,0.8879543481331565,1.0,Lloyd,0.0006604483325008914
rubble,Lloyd,60,800,0.02,0.05,0.0,,22,0.3,0.2,2.0,20,0,0.5174581005586593,0.5167597765363128,0.5537709497206704,80.0,2.066666666666667,0.18333333333333332,34.812215708625644,0.1109375,,60,1.3261807819855729,0.5805210291935244,0.7261807819855726,0.4773753168503817,0.95,Lloyd,0.000720843437500207
rubble,Lloyd,60,800,0.02,0.05,0.2,,22,0.3,0.2,2.0,20,0,0.5062849162011173,0.5027583798882682,0.5607541899441341,80.0,1.95,0.18333333333333332,34.79147440168993,0.06904166666666667,0.9823848238482383,47,1.5615351962976571,0.5382573064912195,0.9615351962976572,0.645253816832679,1.0,Lloyd,0.0006511054175007303
rubble,Lloyd,60,800,0.02,0.05,0.0,,23,0.3,0.2,2.0,20,0,0.5125698324022346,0.5057960893854749,0.5565642458100558,120.0,1.7333333333333334,0.03333333333333333,37.079647366522316,0.15245833333333333,,60,1.4091850507152393,0.5422702647869455,0.8091850507152392,0.6254544113609648,1.0,Lloyd,0.0007196153124982629
rubble,Lloyd,60,800,0.02,0.05,0.2,,23,0.3,0.2,2.0,20,0,0.5314245810055865,0.521054469273743,0.571927374301676,80.0,1.8166666666666667,0.016666666666666666,32.87404914392983,0.12754166666666666,1.080965909090909,44,1.6862828637498033,0.45429806389685323,1.0862828637498032,0.8420601424706662,1.0,Lloyd,0.0006945906774990363
rubble,Lloyd,60,800,0.02,0.05,0.2,,24,0.3,0.2,2.0,20,0,0.5062849162011173,0.5017108938547488,0.5565642458100558,80.0,1.75,0.08333333333333333,36.0142802503131,0.06089583333333334,1.0431654676258992,48,1.5596927725887557,0.524658121967471,0.9596927725887557,0.6700770669221342,1.0,Lloyd,0.0006744367187502576
rubble,Lloyd,60,800,0.02,0.05,0.0,,24,0.3,0.2,2.0,20,0,0.48463687150837986,0.483659217877095,0.5363128491620112,80.0,1.8,0.1,37.64637082009718,0.07754166666666666,,60,1.3084993970356988,0.6058027991379441,0.7084993970356991,0.5423278040575491,1.0,Lloyd,0.0007666038025013222
rubble,Lloyd,60,800,0.02,0.05,0.0,,25,0.3,0.2,2.0,20,0,0.4860335195530726,0.48589385474860325,0.534217877094972,80.0,2.6,0.05,36.30461006322452,0.1175,,60,1.2896147067013228,0.6369760845465986,0.6896147067013226,0.46437105526969813,0.9,Lloyd,0.0007368371362508697
rubble,Lloyd,60,800,0.02,0.05,0.2,,25,0.3,0.2,2.0,20,0,0.48463687150837986,0.48271648044692733,0.5446927374301676,80.0,2.7666666666666666,0.2,35.04568451638043,0.0885,1.0,51,1.4825202987040618,0.5894332783069972,0.8825202987040621,0.6632649178477817,1.0,Lloyd,0.0007041027612513062
rubble,Lloyd,60,800,0.02,0.05,0.0,,26,0.3,0.2,2.0,20,0,0.49162011173184356,0.4919692737430168,0.5356145251396648,100.0,2.6166666666666667,0.06666666666666667,34.974796309461304,0.07979166666666666,,60,1.3162701622167272,0.6241331483736532,0.716270162216727,0.43773325231336424,0.9333333333333333,Lloyd,0.0007428460937512682
rubble,Lloyd,60,800,0.02,0.05,0.2,,26,0.3,0.2,2.0,20,0,0.5118715083798883,0.5103351955307263,0.5614525139664804,100.0,1.9166666666666667,0.06666666666666667,35.98806217803027,0.05610416666666666,1.0367751060820367,50,1.5207473638771682,0.5041103799979764,0.9207473638771687,0.688853421058753,1.0,Lloyd,0.0007051560937497925
rubble,Lloyd,60,800,0.02,0.05,0.0,,27,0.3,0.2,2.0,20,0,0.5286312849162011,0.5263268156424581,0.5642458100558659,100.0,2.3333333333333335,0.08333333333333333,38.031772083796916,0.0429375,,60,1.3808474163525826,0.5220033478242329,0.7808474163525826,0.594507546857433,1.0,Lloyd,0.0006817778124991492
rubble,Lloyd,60,800,0.02,0.05,0.2,,27,0.3,0.2,2.0,20,0,0.5146648044692738,0.5114525139664804,0.571927374301676,100.0,1.8666666666666667,0.08333333333333333,35.302873898835585,0.03866666666666667,0.9748677248677249,41,1.7132863921457389,0.4648605004734578,1.113286392145739,0.9300579681309337,1.0,Lloyd,0.0005944915624991154
rubble,Lloyd,60,800,0.02,0.05,0.0,,28,0.3,0.2,2.0,20,0,0.5307262569832403,0.5293994413407823,0.5712290502793296,100.0,1.9,0.05,33.37374155002815,0.171625,,60,1.3744846937335098,0.56028474650536,0.7744846937335103,0.6065849282305625,0.85,Lloyd,0.0006389682300005006
rubble,Lloyd,60,800,0.02,0.05,0.2,,28,0.3,0.2,2.0,20,0,0.5237430167597765,0.5198673184357543,0.5837988826815642,100.0,2.066666666666667,0.05,33.49541074551606,0.1271875,0.9881422924901184,53,1.5105871686220562,0.509140426224422,0.9105871686220566,0.8563389870793557,0.9433962264150944,Lloyd,0.0005925141137504398
rubble,Lloyd,60,800,0.02,0.05,0.0,,29,0.3,0.2,2.0,20,0,0.4979050279329609,0.500977653631285,0.5565642458100558,100.0,2.5833333333333335,0.38333333333333336,33.69942370869073,0.20508333333333334,,60,1.3191416577116886,0.6227349697103812,0.719141657711688,0.5112042856720399,0.85,Lloyd,0.000604041874998984
rubble,Lloyd,60,800,0.02,0.05,0.2,,29,0.3,0.2,2.0,20,0,0.5006983240223464,0.5008379888268156,0.5544692737430168,100.0,2.316666666666667,0.4166666666666667,33.20238523627163,0.14914583333333334,0.9986072423398329,52,1.4861767847966367,0.5538970749644196,0.8861767847966362,0.6752767772730873,0.9423076923076923,Lloyd,0.0005435880737513798
