plan,controller,n_agents,steps,sway,sensor_noise,fail_frac,fail_step,seed,radius,vmax,cover_r,series_every,record_every,coverage,coverage_mean_2nd_half,explored,t90,collisions_per_agent,wall_hits_per_agent,path_per_agent,contact_frac,post_over_pre_fail,n_final,nn_mean,evenness_cv,gap_mean,gap_median,shyness,variant,sec_per_step
apartment,RW,60,800,0.02,0.0,0.2,,2,0.3,0.2,2.0,20,0,0.5338541666666666,0.5125325520833333,0.9205729166666666,260.0,7.883333333333334,0.7166666666666667,63.80666734549177,0.16860416666666667,0.8981380065717415,46,1.6354108281786954,0.865403291254449,1.0354108281786953,0.5828770369259163,0.9130434782608695,RW,0.0009089891149983486
apartment,RW,60,800,0.02,0.0,0.2,,1,0.3,0.2,2.0,20,0,0.6614583333333334,0.6124348958333334,0.8997395833333334,340.0,7.483333333333333,0.9666666666666667,66.22213711100879,0.17445833333333333,1.0728616684266103,50,1.515700450113749,0.6965866373360265,0.915700450113749,0.5806589732960343,0.88,RW,0.0009115431249983885
apartment,RW,60,800,0.02,0.0,0.2,,4,0.3,0.2,2.0,20,0,0.6165364583333334,0.59580078125,0.9609375,260.0,7.3,0.7833333333333333,66.54712114006712,0.16052083333333333,0.9823651452282158,49,1.4610932452753986,0.6897100838935679,0.8610932452753987,0.4467851547153453,0.8367346938775511,RW,0.0008892570312491444
apartment,RW,60,800,0.02,0.0,0.2,,0,0.3,0.2,2.0,20,0,0.5885416666666666,0.5664388020833333,0.8873697916666666,240.0,6.733333333333333,0.65,64.83795478463949,0.15433333333333332,1.007803790412486,48,1.8058950950820283,0.6306710552316975,1.2058950950820284,1.016604093234064,0.9583333333333334,RW,0.00092055718750089
apartment,RW,60,800,0.02,0.0,0.2,,3,0.3,0.2,2.0,20,0,0.6529947916666666,0.6257161458333333,0.9889322916666666,300.0,8.733333333333333,0.85,66.30033655614127,0.18097916666666666,1.1786133960047003,52,1.430928105220442,0.6216596559893922,0.8309281052204418,0.6896551916681097,0.8461538461538461,RW,0.0009322420837497703
apartment,RW,60,800,0.02,0.0,0.2,,5,0.3,0.2,2.0,20,0,0.5423177083333334,0.5165364583333334,0.9661458333333334,280.0,6.683333333333334,0.6,58.24771852285221,0.1549375,0.8985976267529666,40,1.5020770644855652,0.5345195458955855,0.9020770644855652,0.631814657050198,1.0,RW,0.0009129875525013631
apartment,RW,60,800,0.02,0.0,0.2,,6,0.3,0.2,2.0,20,0,0.6809895833333334,0.6123046875000001,0.9856770833333334,360.0,7.133333333333334,0.7666666666666667,62.36360016502787,0.1608125,1.0185004868549175,50,1.514880651047618,0.6378217767480225,0.9148806510476178,0.7541277916335806,0.84,RW,0.000912063177499931
apartment,RW,60,800,0.02,0.0,0.2,,7,0.3,0.2,2.0,20,0,0.6139322916666666,0.5921875,0.8743489583333334,280.0,7.183333333333334,0.8,65.45757211085176,0.1655625,1.0272331154684096,47,1.5644811700211703,0.5493125961549642,0.9644811700211707,0.7884963525470031,0.9148936170212766,RW,0.0009166383849992599
apartment,RW,60,800,0.02,0.0,0.2,,8,0.3,0.2,2.0,20,0,0.6041666666666666,0.5772786458333333,0.974609375,320.0,8.083333333333334,0.65,66.53520300355449,0.1988125,0.9957081545064377,54,1.3262417828520592,0.6580652890940278,0.7262417828520592,0.2942089695528912,0.8888888888888888,RW,0.0009223963537488089
apartment,RW,60,800,0.02,0.0,0.2,,11,0.3,0.2,2.0,20,0,0.5397135416666666,0.5497395833333333,0.8678385416666666,220.0,7.5,0.75,61.141078725601375,0.1559375,0.9833926453143534,44,1.4713587386313944,0.6689972986738436,0.8713587386313946,0.5105736934090068,1.0,RW,0.0005650235424991479
apartment,RW,60,800,0.02,0.0,0.2,,12,0.3,0.2,2.0,20,0,0.6842447916666666,0.5985026041666667,0.9440104166666666,280.0,7.666666666666667,0.6,66.39823727454048,0.1715,1.08016443987667,51,1.4284907509759932,0.6288805148078334,0.8284907509759935,0.4277521671627288,0.8431372549019608,RW,0.0005668489062509252
apartment,RW,60,800,0.02,0.0,0.2,,9,0.3,0.2,2.0,20,0,0.5364583333333334,0.5522135416666668,0.962890625,220.0,7.016666666666667,0.8166666666666667,61.73536394399672,0.1661875,0.8822269807280515,44,1.3738156493433136,0.6225474170530543,0.7738156493433135,0.6208243576190061,0.8636363636363636,RW,0.000572168490000422
apartment,RW,60,800,0.02,0.0,0.2,,10,0.3,0.2,2.0,20,0,0.5670572916666666,0.6009765624999999,0.955078125,260.0,6.333333333333333,0.8166666666666667,60.76063384083647,0.15008333333333335,0.883367139959432,47,1.5321126124350988,0.6756570793385883,0.9321126124350987,0.611832572231137,1.0,RW,0.0005911375524988216
apartment,RW,60,800,0.02,0.0,0.2,,14,0.3,0.2,2.0,20,0,0.5416666666666666,0.5327473958333334,0.8997395833333334,180.0,6.95,0.6666666666666666,61.5782345963978,0.15802083333333333,0.9663182346109175,43,1.4521151174752704,0.633903307380243,0.8521151174752704,0.3803530952075722,0.9069767441860465,RW,0.0005634845837516878
apartment,RW,60,800,0.02,0.0,0.2,,13,0.3,0.2,2.0,20,0,0.6647135416666666,0.6215494791666666,0.982421875,320.0,7.4,0.8,61.57614592201748,0.18554166666666666,1.2286401925391095,52,1.3675555863210138,0.5762073256596639,0.7675555863210138,0.5837581008991706,0.8461538461538461,RW,0.0006037450524991072
apartment,RW,60,800,0.02,0.0,0.2,,15,0.3,0.2,2.0,20,0,0.607421875,0.5772135416666667,0.9036458333333334,240.0,8.333333333333334,0.7166666666666667,64.40163602987198,0.1714375,1.118705035971223,49,1.5001279586104987,0.6231239596413432,0.900127958610499,0.7540490292328829,0.8571428571428571,RW,0.0005938855199997306
apartment,RW,60,800,0.02,0.0,0.2,,16,0.3,0.2,2.0,20,0,0.529296875,0.5313476562500001,0.9375,340.0,6.6,0.5666666666666667,59.18604742490979,0.15064583333333334,0.8760775862068966,42,1.7531554665709825,0.6803777185456132,1.153155466570983,0.7354270775784421,0.9523809523809523,RW,0.0005913739587504096
apartment,RW,60,800,0.02,0.0,0.2,,17,0.3,0.2,2.0,20,0,0.6197916666666666,0.5409505208333333,0.8587239583333334,340.0,7.35,0.5333333333333333,65.35645115295048,0.17752083333333332,1.074492099322799,47,1.6905506466818194,0.5722378860827794,1.09055064668182,0.850504376712056,0.9574468085106383,RW,0.0005920549999996183
apartment,RW,60,800,0.02,0.0,0.2,,20,0.3,0.2,2.0,20,0,0.5989583333333334,0.5420247395833333,0.88671875,260.0,8.083333333333334,0.6833333333333333,65.29083839027341,0.17091666666666666,1.0861865407319955,46,1.6417502282791763,0.47420163689507006,1.0417502282791766,0.9650916484761762,0.9565217391304348,RW,0.0005613295824991837
apartment,RW,60,800,0.02,0.0,0.2,,18,0.3,0.2,2.0,20,0,0.5768229166666666,0.608203125,0.9283854166666666,300.0,7.7,0.6333333333333333,70.25385219225068,0.16285416666666666,0.9096509240246405,53,1.208526516959481,0.5123724761394626,0.6085265169594809,0.3940151905396613,0.8867924528301887,RW,0.0005862106249992394
apartment,RW,60,800,0.02,0.0,0.2,,19,0.3,0.2,2.0,20,0,0.5592447916666666,0.5489583333333333,0.849609375,280.0,7.366666666666666,0.6,63.57506791603677,0.17302083333333335,0.9896313364055299,50,1.3673354455358249,0.6405574779221038,0.7673354455358247,0.4821731874053813,0.84,RW,0.0005941181775006043
apartment,RW,60,800,0.02,0.0,0.2,,21,0.3,0.2,2.0,20,0,0.6634114583333334,0.6196940104166668,0.93359375,280.0,6.833333333333333,0.6,66.69915517192717,0.16072916666666667,1.1185510428100989,49,1.3982941263589317,0.5319417510254526,0.7982941263589317,0.5340706529387494,0.9591836734693877,RW,0.0005829184375011209
apartment,RW,60,800,0.02,0.0,0.2,,22,0.3,0.2,2.0,20,0,0.63671875,0.5845703125,0.8802083333333334,220.0,7.8,0.7833333333333333,68.2377562762205,0.17691666666666667,1.0927374301675978,53,1.5364506081358087,0.67118281686587,0.9364506081358082,0.6410294079858695,0.9433962264150944,RW,0.0005838344787503047
apartment,RW,60,800,0.02,0.0,0.2,,24,0.3,0.2,2.0,20,0,0.615234375,0.5580078125,0.923828125,220.0,7.1,0.55,62.66625091183895,0.16370833333333334,1.105263157894737,44,1.709154728501047,0.6856014861128612,1.1091547285010466,0.9343398490854231,0.9545454545454546,RW,0.0005801975525014314
apartment,RW,60,800,0.02,0.0,0.2,,23,0.3,0.2,2.0,20,0,0.6061197916666666,0.59599609375,0.884765625,280.0,8.483333333333333,0.7833333333333333,68.37703621856726,0.17433333333333334,1.0579545454545454,51,1.4111688360062957,0.6636440666881199,0.8111688360062957,0.5298903401095104,0.9215686274509803,RW,0.0005960492700000941
apartment,RW,60,800,0.02,0.0,0.2,,25,0.3,0.2,2.0,20,0,0.6263020833333334,0.5768229166666667,0.8678385416666666,260.0,7.6,0.7166666666666667,64.00196295724706,0.16254166666666667,0.969758064516129,48,1.3139586936385084,0.5431439006650988,0.7139586936385084,0.5217480934373362,0.8541666666666666,RW,0.0005832327087500744
apartment,RW,60,800,0.02,0.0,0.2,,26,0.3,0.2,2.0,20,0,0.623046875,0.5681640625,0.9544270833333334,200.0,7.683333333333334,0.6333333333333333,63.154356593972764,0.16754166666666667,1.0962199312714778,46,1.723595952046463,0.5622927993393527,1.1235959520464631,1.004442426790633,0.8695652173913043,RW,0.0006012315099997068
apartment,RW,60,800,0.02,0.0,0.2,,28,0.3,0.2,2.0,20,0,0.673828125,0.6098307291666666,0.93359375,320.0,7.583333333333333,0.6833333333333333,65.95777386306652,0.17189583333333333,1.1436464088397789,49,1.5626115360370152,0.5806481767191377,0.9626115360370153,0.9212185670387399,0.9183673469387755,RW,0.0005470817187506327
apartment,RW,60,800,0.02,0.0,0.2,,29,0.3,0.2,2.0,20,0,0.6139322916666666,0.5642903645833333,0.9212239583333334,260.0,8.133333333333333,0.8333333333333334,67.73564735382118,0.175875,1.029475982532751,52,1.2302900347032888,0.5859171157435833,0.6302900347032886,0.38002198055744185,0.9230769230769231,RW,0.0005541739062505257
apartment,RW,60,800,0.02,0.1,0.2,,1,0.3,0.2,2.0,20,0,0.6100260416666666,0.5826497395833334,0.9342447916666666,340.0,7.133333333333334,0.7166666666666667,63.93326615480549,0.20983333333333334,0.93419740777667,52,1.4432106607869706,0.6927945048866558,0.8432106607869708,0.4568562381328798,0.8461538461538461,RW,0.0005706366675008212
apartment,RW,60,800,0.02,0.1,0.2,,3,0.3,0.2,2.0,20,0,0.6373697916666666,0.5717447916666666,0.9557291666666666,360.0,7.2,0.4666666666666667,58.59039069377233,0.19335416666666666,1.1265822784810124,46,1.7054076433267282,0.5405436007764135,1.105407643326728,0.9874049031937919,0.9565217391304348,RW,0.0005432374475003598
apartment,RW,60,800,0.02,0.1,0.2,,2,0.3,0.2,2.0,20,0,0.5266927083333334,0.5446940104166667,0.9147135416666666,280.0,7.816666666666666,0.7666666666666667,60.637176934646774,0.215,0.991421568627451,46,1.6394892687032003,0.7223038739664519,1.0394892687032005,0.5003772053471455,0.9565217391304348,RW,0.0005535047400007897
apartment,RW,60,800,0.02,0.1,0.2,,4,0.3,0.2,2.0,20,0,0.6529947916666666,0.5877278645833333,0.923828125,380.0,6.983333333333333,0.7333333333333333,63.284387233640054,0.1916875,1.050261780104712,50,1.5456839311575774,0.5171558828068317,0.945683931157578,0.8223271911415069,1.0,RW,0.0005847727087507338
apartment,RW,60,800,0.02,0.0,0.2,,27,0.3,0.2,2.0,20,0,0.6334635416666666,0.5789388020833333,0.9140625,320.0,8.55,0.7333333333333333,67.02443783166582,0.181375,1.2042079207920793,51,1.4389942922815613,0.6044411151837824,0.8389942922815612,0.5400408678931871,0.8627450980392157,RW,0.0006843811462499617
apartment,RW,60,800,0.02,0.1,0.2,,5,0.3,0.2,2.0,20,0,0.6256510416666666,0.5762044270833333,0.9309895833333334,380.0,7.583333333333333,0.6666666666666666,62.29167360588474,0.207375,1.0223404255319148,49,1.685675922504284,0.7221008303430864,1.085675922504284,0.7345655011266604,0.9591836734693877,RW,0.0005627222387511211
apartment,RW,60,800,0.02,0.1,0.2,,0,0.3,0.2,2.0,20,0,0.568359375,0.5693033854166667,0.9544270833333334,360.0,6.85,0.6166666666666667,62.30289707431651,0.17902083333333332,0.9,45,1.632932838698568,0.7165799716283061,1.0329328386985677,0.6956300694702439,0.9111111111111111,RW,0.0006743496350009082
apartment,RW,60,800,0.02,0.1,0.2,,6,0.3,0.2,2.0,20,0,0.5397135416666666,0.5357096354166666,0.919921875,360.0,7.816666666666666,0.5333333333333333,61.648433575526205,0.19889583333333333,0.8407707910750506,44,1.4131656082943478,0.47839378895186907,0.8131656082943479,0.6742669687854976,0.9545454545454546,RW,0.0005648812499998712
apartment,RW,60,800,0.02,0.1,0.2,,7,0.3,0.2,2.0,20,0,0.5234375,0.5480468749999999,0.9055989583333334,300.0,7.516666666666667,0.6833333333333333,60.73684536183251,0.21085416666666668,1.0320924261874196,49,1.2812048125458586,0.7289800701993838,0.6812048125458585,0.205888972075712,0.7551020408163265,RW,0.0005781565100005536
apartment,RW,60,800,0.02,0.1,0.2,,8,0.3,0.2,2.0,20,0,0.587890625,0.5955078125,0.9654947916666666,260.0,7.133333333333334,0.7,59.334823262377874,0.20360416666666667,1.101219512195122,48,1.3095517564194123,0.7210222566341804,0.7095517564194124,0.32185662637473367,0.875,RW,0.0005688678124988655
apartment,RW,60,800,0.02,0.1,0.2,,9,0.3,0.2,2.0,20,0,0.6022135416666666,0.5569661458333333,0.9466145833333334,320.0,7.35,0.7333333333333333,58.35583547647079,0.19429166666666667,1.0243632336655593,45,1.5136724140112214,0.6451710708610428,0.9136724140112212,0.39026162150892973,0.9111111111111111,RW,0.0005750332812499437
apartment,RW,60,800,0.02,0.1,0.2,,10,0.3,0.2,2.0,20,0,0.54296875,0.5858072916666666,0.9694010416666666,240.0,6.816666666666666,0.7333333333333333,64.21165459484506,0.20035416666666667,0.9025974025974026,49,1.4561819657047352,0.6932377499499255,0.8561819657047353,0.5332095717130124,0.9591836734693877,RW,0.0006121169262496551
apartment,RW,60,800,0.02,0.1,0.2,,13,0.3,0.2,2.0,20,0,0.6178385416666666,0.5502604166666666,0.845703125,300.0,7.6,0.7,63.31738697015406,0.19425,1.133811230585424,51,1.5520952843971958,0.6095072892937575,0.9520952843971959,0.8034619047914427,0.8823529411764706,RW,0.000568079687500358
apartment,RW,60,800,0.02,0.1,0.2,,12,0.3,0.2,2.0,20,0,0.591796875,0.5086914062499999,0.974609375,360.0,7.9,0.6833333333333333,61.325163692134524,0.21341666666666667,1.0424311926605503,49,1.4062197192843429,0.6882832746316372,0.8062197192843429,0.40132086525197985,0.8775510204081632,RW,0.0005806015625012151
apartment,RW,60,800,0.02,0.1,0.2,,11,0.3,0.2,2.0,20,0,0.640625,0.5868489583333334,0.93359375,320.0,9.633333333333333,0.75,67.80575306605655,0.232625,1.2647814910025708,55,1.2750398907148148,0.5531077090903372,0.6750398907148147,0.36752051242010764,0.8909090909090909,RW,0.0005914995312491556
apartment,RW,60,800,0.02,0.1,0.2,,14,0.3,0.2,2.0,20,0,0.5846354166666666,0.5697265625,0.974609375,240.0,6.466666666666667,0.65,60.05674389466613,0.19714583333333333,1.0527549824150058,48,1.4366689341354624,0.7244234927871375,0.8366689341354624,0.41366104375413393,0.9583333333333334,RW,0.000560256406249664
apartment,RW,60,800,0.02,0.1,0.2,,15,0.3,0.2,2.0,20,0,0.5826822916666666,0.5285481770833333,0.8919270833333334,280.0,8.1,0.55,62.664576788226356,0.20214583333333333,1.0147392290249433,49,1.4841919817938287,0.7384179527121191,0.8841919817938289,0.36353170832802595,0.8775510204081632,RW,0.0005727064062489262
apartment,RW,60,800,0.02,0.1,0.2,,16,0.3,0.2,2.0,20,0,0.6946614583333334,0.6389973958333333,0.9518229166666666,300.0,7.016666666666667,0.8,68.61334286184388,0.20266666666666666,1.2083805209513026,55,1.4658683140063118,0.5066234867611064,0.8658683140063114,0.5920273435938516,0.9636363636363636,RW,0.0005947199999991426
apartment,RW,60,800,0.02,0.1,0.2,,17,0.3,0.2,2.0,20,0,0.67578125,0.6450846354166666,0.9928385416666666,320.0,7.666666666666667,0.9666666666666667,63.98277611606317,0.21272916666666666,1.138157894736842,54,1.5583656923992868,0.6728796377591376,0.9583656923992869,0.572734919552735,0.9259259259259259,RW,0.0005772236987490941
apartment,RW,60,800,0.02,0.1,0.2,,18,0.3,0.2,2.0,20,0,0.5670572916666666,0.5491536458333333,0.96484375,340.0,6.466666666666667,0.6833333333333333,58.54891572439846,0.17545833333333333,0.9908987485779294,42,1.5671570614377255,0.6064002697048675,0.9671570614377254,0.6182943676796512,0.9047619047619048,RW,0.0005651649474998522
apartment,RW,60,800,0.02,0.1,0.2,,19,0.3,0.2,2.0,20,0,0.517578125,0.5390625000000001,0.9524739583333334,340.0,6.716666666666667,0.5,56.34063388056364,0.1844375,0.8707557502738226,42,1.453941045218592,0.6071044424955219,0.8539410452185918,0.4249426107490445,0.8571428571428571,RW,0.0005744544799995311
apartment,RW,60,800,0.02,0.1,0.2,,21,0.3,0.2,2.0,20,0,0.6002604166666666,0.5827148437499999,0.9088541666666666,340.0,7.383333333333334,0.5,62.38739138384697,0.19770833333333335,0.985042735042735,51,1.3318130055606368,0.7299127160431435,0.7318130055606366,0.3210734741714576,0.9215686274509803,RW,0.000561237917499966
apartment,RW,60,800,0.02,0.1,0.2,,22,0.3,0.2,2.0,20,0,0.5794270833333334,0.5811197916666667,0.9303385416666666,380.0,6.183333333333334,0.7166666666666667,60.050462258584496,0.18216666666666667,0.8615682478218781,46,1.4514214093283984,0.6327541006595832,0.8514214093283982,0.5684878844892364,0.8260869565217391,RW,0.0005754542699992271
apartment,RW,60,800,0.02,0.1,0.2,,20,0.3,0.2,2.0,20,0,0.53515625,0.53759765625,0.861328125,300.0,7.55,0.5666666666666667,59.114089339138445,0.21816666666666668,1.0036630036630036,46,1.2638035633800768,0.7703160713506181,0.6638035633800772,0.39561718867256757,0.8260869565217391,RW,0.0005957117187494987
apartment,RW,60,800,0.02,0.1,0.2,,23,0.3,0.2,2.0,20,0,0.6139322916666666,0.5899414062499999,0.9440104166666666,320.0,7.533333333333333,0.5333333333333333,66.29260633331322,0.19660416666666666,1.071590909090909,52,1.3328514936887952,0.6199115370428461,0.7328514936887957,0.5530230317796258,0.9230769230769231,RW,0.0005980485412487724
apartment,RW,60,800,0.02,0.1,0.2,,24,0.3,0.2,2.0,20,0,0.6106770833333334,0.6001627604166666,0.9479166666666666,380.0,7.366666666666666,0.5166666666666667,65.25748421322659,0.1965625,0.9370629370629371,51,1.428864331545207,0.6800178984636833,0.8288643315452074,0.4647297887553127,0.8823529411764706,RW,0.0005735176037501333
apartment,RW,60,800,0.02,0.1,0.2,,25,0.3,0.2,2.0,20,0,0.6647135416666666,0.6321940104166666,0.8828125,300.0,8.183333333333334,0.7166666666666667,64.19805013516857,0.20641666666666666,1.121978021978022,53,1.3337653972271206,0.6098452396465117,0.7337653972271204,0.34860596932090193,0.9622641509433962,RW,0.0005777938537494265
apartment,RW,60,800,0.02,0.1,0.2,,27,0.3,0.2,2.0,20,0,0.6634114583333334,0.6170247395833334,0.98046875,240.0,7.3,0.6,62.513944991448675,0.1811875,1.0570539419087137,49,1.455373366342757,0.563642262508408,0.855373366342757,0.6661374984650729,0.9183673469387755,RW,0.0005892118749989094
apartment,RW,60,800,0.02,0.1,0.2,,28,0.3,0.2,2.0,20,0,0.6341145833333334,0.5876302083333333,0.9759114583333334,320.0,7.483333333333333,0.5666666666666667,62.6475656431478,0.20841666666666667,1.152662721893491,51,1.309793935046055,0.5641968655583006,0.7097939350460549,0.42637739782792206,0.9215686274509803,RW,0.0005733752599985564
apartment,RW,60,800,0.02,0.1,0.2,,26,0.3,0.2,2.0,20,0,0.57421875,0.5606770833333333,0.86328125,320.0,8.466666666666667,0.8,64.1135730523904,0.21922916666666667,0.9206680584551149,52,1.3141013420594732,0.6137662061805489,0.7141013420594731,0.6509712490217877,0.8846153846153846,RW,0.0006263823950007463
apartment,RW,60,800,0.02,0.1,0.2,,29,0.3,0.2,2.0,20,0,0.6100260416666666,0.5771484375000001,0.9973958333333334,280.0,7.2,0.65,62.40771695395631,0.193125,0.9780793319415448,48,1.467935240997547,0.6428310616341862,0.867935240997547,0.5044590730079253,0.9166666666666666,RW,0.0005862145312494249
apartment,RW,60,800,0.02,0.2,0.2,,0,0.3,0.2,2.0,20,0,0.529296875,0.5381835937499999,0.9459635416666666,280.0,6.116666666666666,0.65,59.53630578561568,0.20441666666666666,0.846875,44,1.444382708989517,0.6493459825429676,0.8443827089895172,0.42592945585083186,0.8409090909090909,RW,0.0005647464575008599
apartment,RW,60,800,0.02,0.2,0.2,,1,0.3,0.2,2.0,20,0,0.7526041666666666,0.6634440104166667,0.9928385416666666,300.0,7.816666666666666,0.75,67.17511846811175,0.23664583333333333,1.3348729792147804,57,1.6392255401710099,0.523442259552017,1.03922554017101,0.9081940472232929,0.8596491228070176,RW,0.0005881181250015289
apartment,RW,60,800,0.02,0.2,0.2,,2,0.3,0.2,2.0,20,0,0.5748697916666666,0.6056315104166667,0.9296875,280.0,5.95,0.6333333333333333,62.1712898527936,0.19197916666666667,0.8457854406130267,50,1.1766632758534616,0.6692082104288549,0.5766632758534618,0.24003463365440814,0.92,RW,0.0005732246875004421
apartment,RW,60,800,0.02,0.2,0.2,,3,0.3,0.2,2.0,20,0,0.49609375,0.5171223958333333,0.8802083333333334,260.0,6.783333333333333,0.6666666666666666,59.478282153186576,0.2191875,0.901775147928994,46,1.333328643781264,0.5724302192239927,0.733328643781264,0.3309821825635115,0.8043478260869565,RW,0.0005817327599993405
apartment,RW,60,800,0.02,0.2,0.2,,4,0.3,0.2,2.0,20,0,0.486328125,0.49765625,0.9173177083333334,340.0,7.516666666666667,0.4666666666666667,56.831292346889384,0.22435416666666666,0.8488636363636364,43,1.4853403713122546,0.8740888054448102,0.8853403713122545,0.3584302815824947,0.8604651162790697,RW,0.0005655901037494005
apartment,RW,60,800,0.02,0.2,0.2,,5,0.3,0.2,2.0,20,0,0.5690104166666666,0.5239257812499999,0.8821614583333334,360.0,6.716666666666667,0.7666666666666667,59.938869253350695,0.215375,1.0162790697674418,44,1.6164462859137922,0.5156464063926524,1.0164462859137924,0.7031440219307242,0.9090909090909091,RW,0.0005902431775007245
apartment,RW,60,800,0.02,0.2,0.2,,8,0.3,0.2,2.0,20,0,0.5208333333333334,0.5379557291666667,0.9895833333333334,340.0,6.483333333333333,0.8,56.218485887757865,0.20872916666666666,0.9205983889528193,44,1.4057311237879877,0.6316787458830951,0.8057311237879876,0.3497582083926467,0.9318181818181818,RW,0.0005624669787493985
apartment,RW,60,800,0.02,0.2,0.2,,6,0.3,0.2,2.0,20,0,0.5983072916666666,0.5895182291666667,0.8977864583333334,280.0,7.65,0.7166666666666667,65.71794957346562,0.223,0.9704329461457232,54,1.3296743488310316,0.7202505850119056,0.7296743488310318,0.3668400166639182,0.8518518518518519,RW,0.0005809586450004644
apartment,RW,60,800,0.02,0.2,0.2,,7,0.3,0.2,2.0,20,0,0.6419270833333334,0.5661783854166668,0.9466145833333334,280.0,7.35,0.5833333333333334,57.978664911353796,0.22972916666666668,1.1425260718424102,49,1.5229120849052227,0.5794670530667647,0.9229120849052224,0.7803431756903926,0.9591836734693877,RW,0.0005889424999986659
apartment,RW,60,800,0.02,0.2,0.2,,9,0.3,0.2,2.0,20,0,0.6184895833333334,0.6183268229166666,0.9427083333333334,340.0,6.416666666666667,0.6,59.70311569912282,0.2111875,1.0248112189859764,47,1.6044798483938723,0.6660009791501748,1.0044798483938728,0.6281817074224066,0.9148936170212766,RW,0.0005963675525003964
apartment,RW,60,800,0.02,0.2,0.2,,10,0.3,0.2,2.0,20,0,0.6015625,0.5812825520833333,0.9407552083333334,260.0,7.116666666666666,0.5,59.778485568853384,0.22991666666666666,1.0488081725312144,49,1.5867049543885428,0.7867415861564386,0.9867049543885423,0.437226918323424,0.8775510204081632,RW,0.0006132896362487372
apartment,RW,60,800,0.02,0.2,0.2,,11,0.3,0.2,2.0,20,0,0.5774739583333334,0.5345703125,0.9205729166666666,220.0,6.733333333333333,0.6666666666666666,57.94099515660155,0.22654166666666667,1.0991325898389097,47,1.470236749284943,0.46995343612977486,0.8702367492849432,0.6350607231377351,0.9148936170212766,RW,0.0006044492187493233
apartment,RW,60,800,0.02,0.2,0.2,,12,0.3,0.2,2.0,20,0,0.5286458333333334,0.51240234375,0.935546875,200.0,6.25,0.6666666666666666,57.02031066242218,0.21077083333333332,0.915445321307779,43,1.5065839314733538,0.6631205095684868,0.9065839314733536,0.34193943216845835,0.7674418604651163,RW,0.0005979122912503954
apartment,RW,60,800,0.02,0.2,0.2,,13,0.3,0.2,2.0,20,0,0.6334635416666666,0.6050130208333334,0.9694010416666666,240.0,7.05,0.7,62.73216722914363,0.22702083333333334,1.1248554913294797,52,1.4231338444989028,0.5417575531684602,0.8231338444989026,0.7029100430555265,0.8846153846153846,RW,0.0006400776049986234
apartment,RW,60,800,0.02,0.2,0.2,,15,0.3,0.2,2.0,20,0,0.6119791666666666,0.5573242187499999,0.9485677083333334,240.0,7.35,0.43333333333333335,58.52551505224177,0.20045833333333332,1.111111111111111,44,1.656704573514196,0.5786662981539641,1.056704573514196,0.7374179495026784,1.0,RW,0.0006107947912482814
apartment,RW,60,800,0.02,0.2,0.2,,16,0.3,0.2,2.0,20,0,0.6061197916666666,0.5523763020833332,0.9700520833333334,300.0,6.35,0.45,56.85834312366242,0.19797916666666668,0.9607843137254901,44,1.5174385041688223,0.6433652351862189,0.9174385041688224,0.5843403870166503,0.9545454545454546,RW,0.0006132373950003966
apartment,RW,60,800,0.02,0.2,0.2,,14,0.3,0.2,2.0,20,0,0.5338541666666666,0.5170247395833333,0.890625,360.0,7.216666666666667,0.5666666666666667,59.59598994615696,0.239125,0.930760499432463,49,1.4474194296099765,0.6613245166581125,0.8474194296099764,0.5301590411752132,0.9183673469387755,RW,0.0006369346362498618
apartment,RW,60,800,0.02,0.2,0.2,,17,0.3,0.2,2.0,20,0,0.5514322916666666,0.5506184895833333,0.8873697916666666,220.0,6.166666666666667,0.9333333333333333,57.36367323673026,0.20410416666666667,0.9538288288288288,44,1.3089625380004217,0.6590650302299068,0.7089625380004217,0.41608784000598104,0.8409090909090909,RW,0.0006086823437499334
apartment,RW,60,800,0.02,0.2,0.2,,18,0.3,0.2,2.0,20,0,0.6022135416666666,0.5590494791666666,0.9765625,260.0,7.85,0.5333333333333333,63.74778515445526,0.226375,1.0959715639810426,50,1.3809412416954054,0.7042644413907324,0.7809412416954055,0.42348177622331024,0.9,RW,0.0006235309887506446
apartment,RW,60,800,0.02,0.2,0.2,,20,0.3,0.2,2.0,20,0,0.548828125,0.5726236979166667,0.951171875,320.0,7.316666666666666,0.6166666666666667,59.78995194710409,0.22770833333333335,0.9952774498229044,47,1.3617354585760295,0.4927728071324894,0.7617354585760295,0.7410112533079093,0.7872340425531915,RW,0.0006064874487515227
apartment,RW,60,800,0.02,0.2,0.2,,19,0.3,0.2,2.0,20,0,0.5983072916666666,0.5365559895833334,0.94921875,360.0,7.433333333333334,0.45,58.19203903441339,0.21585416666666668,0.9735169491525423,48,1.5466656521225763,0.6132739800590271,0.9466656521225763,0.5869434033021824,0.9166666666666666,RW,0.0006504421875001753
apartment,RW,60,800,0.02,0.2,0.2,,21,0.3,0.2,2.0,20,0,0.5774739583333334,0.5370117187500001,0.9479166666666666,320.0,6.083333333333333,0.48333333333333334,56.443459508103054,0.19889583333333333,0.9537634408602151,43,1.604651663465615,0.6628430560807157,1.004651663465615,0.38491621763202544,1.0,RW,0.0005748621875000026
apartment,RW,60,800,0.02,0.2,0.2,,22,0.3,0.2,2.0,20,0,0.5983072916666666,0.56083984375,0.984375,320.0,5.833333333333333,0.48333333333333334,60.34913082615311,0.2188125,0.9828877005347593,48,1.4803872989241185,0.589799900188251,0.8803872989241186,0.6912493428000195,0.9166666666666666,RW,0.0006117478124997433
apartment,RW,60,800,0.02,0.2,0.2,,23,0.3,0.2,2.0,20,0,0.62109375,0.5829101562499999,0.8899739583333334,300.0,7.083333333333333,0.6,61.487915823661716,0.205,1.0915331807780322,49,1.4722209671451718,0.7467544981705407,0.872220967145172,0.3130148775984034,0.9183673469387755,RW,0.0005869252087495624
apartment,RW,60,800,0.02,0.2,0.2,,26,0.3,0.2,2.0,20,0,0.6022135416666666,0.5701497395833333,0.888671875,360.0,6.966666666666667,0.6166666666666667,60.67370814879994,0.21527083333333333,0.9956942949407964,48,1.4723192535980527,0.6165877808757598,0.8723192535980528,0.4948570620808753,0.9583333333333334,RW,0.0005812811974988108
apartment,RW,60,800,0.02,0.2,0.2,,24,0.3,0.2,2.0,20,0,0.6842447916666666,0.6320638020833333,0.9830729166666666,320.0,7.216666666666667,0.75,64.36799733333724,0.21835416666666665,1.075742067553736,52,1.3043759643535373,0.5731314662561566,0.7043759643535373,0.3288848976155502,0.8653846153846154,RW,0.000592400521250056
apartment,RW,60,800,0.02,0.2,0.2,,25,0.3,0.2,2.0,20,0,0.6438802083333334,0.56123046875,0.9759114583333334,300.0,7.666666666666667,0.65,59.58840373273238,0.22720833333333335,1.34924965893588,49,1.698369259609378,0.5395588599083858,1.0983692596093781,0.9174782509628355,0.8775510204081632,RW,0.0005945950000000266
apartment,RW,60,800,0.02,0.2,0.2,,27,0.3,0.2,2.0,20,0,0.6009114583333334,0.5502929687500001,0.9446614583333334,280.0,7.016666666666667,0.5833333333333334,57.8213915852959,0.21545833333333334,0.9892818863879957,48,1.6552460553000692,0.8209753991825546,1.055246055300069,0.34895975685055136,0.9166666666666666,RW,0.000583577968748159
apartment,RW,60,800,0.02,0.2,0.2,,28,0.3,0.2,2.0,20,0,0.6106770833333334,0.5816731770833333,0.8815104166666666,240.0,5.85,0.6666666666666666,61.80240708076954,0.20554166666666668,1.0659090909090911,51,1.401878661888866,0.6184030464962428,0.8018786618888657,0.3906856715177607,0.9019607843137255,RW,0.000588012916250591
apartment,RW,60,800,0.02,0.2,0.2,,29,0.3,0.2,2.0,20,0,0.546875,0.5558268229166667,0.9055989583333334,300.0,7.1,0.6833333333333333,59.260286518795674,0.225875,0.9281767955801105,48,1.2899184345083723,0.6474731827399219,0.6899184345083721,0.23100350133775793,0.875,RW,0.0006133656250017339
apartment,RW,60,800,0.02,0.4,0.2,,0,0.3,0.2,2.0,20,0,0.53515625,0.5064127604166667,0.923828125,340.0,5.933333333333334,0.75,55.861500782814474,0.24583333333333332,0.9072847682119205,44,1.4234128632911096,0.4587240386493699,0.8234128632911095,0.8444769924396752,0.8636363636363636,RW,0.0006007305212506253
apartment,RW,60,800,0.02,0.4,0.2,,1,0.3,0.2,2.0,20,0,0.5475260416666666,0.5136393229166668,0.8567708333333334,280.0,7.05,0.55,54.97419967072797,0.24864583333333334,1.0169286577992744,47,1.488961031435788,0.594594185236103,0.8889610314357882,0.5592828997964799,0.8936170212765957,RW,0.0006048110937513229
apartment,RW,60,800,0.02,0.4,0.2,,3,0.3,0.2,2.0,20,0,0.5690104166666666,0.56572265625,0.9388020833333334,200.0,6.483333333333333,0.6333333333333333,58.809760507810346,0.25177083333333333,1.0343195266272187,51,1.284907304783123,0.8183220452186637,0.684907304783123,0.3021185495214227,0.803921568627451,RW,0.0005938361462494867
apartment,RW,60,800,0.02,0.4,0.2,,2,0.3,0.2,2.0,20,0,0.5859375,0.6095377604166665,0.869140625,240.0,6.216666666666667,0.7333333333333333,61.31747524608157,0.22772916666666668,0.9355509355509355,51,1.276683445418147,0.41394890397265577,0.676683445418147,0.5661350779271371,0.9607843137254902,RW,0.0006002056762508801
apartment,RW,60,800,0.02,0.4,0.2,,5,0.3,0.2,2.0,20,0,0.5631510416666666,0.5590494791666666,0.8958333333333334,340.0,5.666666666666667,0.6,56.66557579721332,0.2532916666666667,0.9311087190527447,46,1.494237283559826,0.5952060723348808,0.894237283559826,0.4459727884826262,1.0,RW,0.0005966423437507728
apartment,RW,60,800,0.02,0.4,0.2,,4,0.3,0.2,2.0,20,0,0.595703125,0.5816731770833334,0.9446614583333334,200.0,6.95,0.6333333333333333,61.602114407461904,0.2473125,1.073943661971831,54,1.3695272504639182,0.7700858528213846,0.7695272504639183,0.4089328160594873,0.8888888888888888,RW,0.0006039652087497416
apartment,RW,60,800,0.02,0.4,0.2,,7,0.3,0.2,2.0,20,0,0.5930989583333334,0.5689453125,0.9049479166666666,380.0,5.833333333333333,0.6166666666666667,54.361490147878605,0.24197916666666666,0.9806243272335845,46,1.3700693034200992,0.5359884486312111,0.7700693034200994,0.5636374294189967,0.8695652173913043,RW,0.0005710814587496316
apartment,RW,60,800,0.02,0.4,0.2,,6,0.3,0.2,2.0,20,0,0.6783854166666666,0.55888671875,0.9596354166666666,360.0,7.3,0.9666666666666667,61.020517206183335,0.24454166666666666,1.1375545851528384,51,1.6222085745505357,0.6311629727483195,1.0222085745505356,0.6146874716036216,0.9607843137254902,RW,0.0006058988549989408
apartment,RW,60,800,0.02,0.4,0.2,,8,0.3,0.2,2.0,20,0,0.5377604166666666,0.5301106770833333,0.876953125,340.0,6.783333333333333,0.75,56.187314991473585,0.23966666666666667,0.971764705882353,46,1.483300499732004,0.6466952584809836,0.8833004997320041,0.5765287114640433,0.8695652173913043,RW,0.0005766650525015393
apartment,RW,60,800,0.02,0.4,0.2,,9,0.3,0.2,2.0,20,0,0.6126302083333334,0.5963541666666667,0.9752604166666666,360.0,5.833333333333333,0.8666666666666667,60.30366556762991,0.22839583333333333,1.0118279569892474,52,1.2418801774259263,0.5448406137290859,0.6418801774259263,0.36426154578380787,0.8846153846153846,RW,0.0005815303637496072
apartment,RW,60,800,0.02,0.4,0.2,,10,0.3,0.2,2.0,20,0,0.544921875,0.5445638020833333,0.9095052083333334,340.0,6.266666666666667,0.7166666666666667,55.971196426060935,0.23754166666666668,0.9310344827586207,46,1.4047472823680462,0.7103793668844027,0.8047472823680463,0.4492923051185601,0.8043478260869565,RW,0.0005825281775014445
apartment,RW,60,800,0.02,0.4,0.2,,12,0.3,0.2,2.0,20,0,0.5403645833333334,0.5701171875,0.9055989583333334,340.0,5.283333333333333,0.65,55.699112115678716,0.224625,0.8700209643605871,45,1.639357063953289,0.7163690740069606,1.0393570639532894,0.6886975886327215,0.8444444444444444,RW,0.000579626927501522
apartment,RW,60,800,0.02,0.4,0.2,,11,0.3,0.2,2.0,20,0,0.6197916666666666,0.58486328125,0.9544270833333334,320.0,6.366666666666666,0.6,60.39107890032115,0.2383125,1.1695331695331694,51,1.3982896486222227,0.635648496687439,0.7982896486222232,0.5805770497838204,0.8431372549019608,RW,0.0005796190625005692
apartment,RW,60,800,0.02,0.4,0.2,,14,0.3,0.2,2.0,20,0,0.630859375,0.60322265625,0.8899739583333334,360.0,7.15,0.7666666666666667,60.06547864082816,0.2672083333333333,1.0498374864572046,51,1.3595399200018843,0.6094079058070792,0.7595399200018843,0.5109016093561677,0.9607843137254902,RW,0.0005796254687493274
apartment,RW,60,800,0.02,0.4,0.2,,13,0.3,0.2,2.0,20,0,0.5970052083333334,0.5909505208333333,0.9713541666666666,240.0,6.35,0.7166666666666667,56.7259953760574,0.23791666666666667,0.9786552828175028,49,1.2674991501424773,0.48256344532805306,0.6674991501424774,0.47111280686790413,0.9183673469387755,RW,0.0005844973950001986
apartment,RW,60,800,0.02,0.4,0.2,,16,0.3,0.2,2.0,20,0,0.5846354166666666,0.55576171875,0.947265625,340.0,6.583333333333333,0.5833333333333334,57.571334497319455,0.22391666666666668,0.9553191489361702,47,1.2543296791518086,0.550507610133015,0.654329679151809,0.4415394122838815,0.8297872340425532,RW,0.0005776304162509405
apartment,RW,60,800,0.02,0.4,0.2,,15,0.3,0.2,2.0,20,0,0.5286458333333334,0.5269856770833334,0.8352864583333334,380.0,6.516666666666667,0.6,57.56943679449283,0.2385625,0.9678188319427891,46,1.4430470358141663,0.5934149008660639,0.8430470358141663,0.42036503576117,0.9130434782608695,RW,0.0005869092712509883
apartment,RW,60,800,0.02,0.4,0.2,,17,0.3,0.2,2.0,20,0,0.5989583333333334,0.5235677083333333,0.9453125,280.0,6.333333333333333,0.5666666666666667,54.97744563828259,0.22970833333333332,1.2831241283124128,44,1.7569035013268632,0.6135035702157414,1.156903501326863,0.8363099022675548,0.9545454545454546,RW,0.0005755786462509605
apartment,RW,60,800,0.02,0.4,0.2,,18,0.3,0.2,2.0,20,0,0.6080729166666666,0.5580403645833332,0.9733072916666666,300.0,6.6,0.5,56.099137577987456,0.22391666666666668,1.1145584725536992,47,1.4960938991124078,0.5409386054264175,0.8960938991124078,0.8226811740724643,0.8297872340425532,RW,0.0005665109899996424
apartment,RW,60,800,0.02,0.4,0.2,,19,0.3,0.2,2.0,20,0,0.626953125,0.5662109375000001,0.9290364583333334,320.0,5.533333333333333,0.6833333333333333,56.10526560970415,0.2105,0.9591633466135457,44,1.6482502052417174,0.5823612246139037,1.0482502052417173,0.8940431857282795,0.8636363636363636,RW,0.0005685596874991461
apartment,RW,60,800,0.02,0.4,0.2,,22,0.3,0.2,2.0,20,0,0.4895833333333333,0.5494791666666667,0.876953125,360.0,6.583333333333333,0.7,58.54526688397919,0.23335416666666667,0.7991498405951115,46,1.1804938212738754,0.8348442085727392,0.5804938212738756,0.15761708904844163,0.782608695652174,RW,0.0005648257812504199
apartment,RW,60,800,0.02,0.4,0.2,,20,0.3,0.2,2.0,20,0,0.5826822916666666,0.5911458333333334,0.8776041666666666,200.0,6.4,0.9333333333333333,60.37044816577145,0.24970833333333334,1.068019093078759,51,1.3298485277194048,0.48056894333168976,0.7298485277194048,0.47200388477488786,0.8431372549019608,RW,0.0005832252612503907
apartment,RW,60,800,0.02,0.4,0.2,,23,0.3,0.2,2.0,20,0,0.6139322916666666,0.5755208333333333,0.87109375,380.0,7.216666666666667,0.45,60.762992349606705,0.2445625,0.9843423799582464,50,1.511086838562947,0.5328581523048614,0.9110868385629471,0.6306382527093348,0.88,RW,0.0005682339587497154
apartment,RW,60,800,0.02,0.4,0.2,,21,0.3,0.2,2.0,20,0,0.6223958333333334,0.571875,0.9596354166666666,320.0,6.3,0.6166666666666667,57.84697171370147,0.22816666666666666,1.0224598930481283,46,1.7076708451632954,0.6113461141734514,1.1076708451632953,0.8563966890112745,0.9565217391304348,RW,0.0005880242187481599
apartment,RW,60,800,0.02,0.4,0.2,,25,0.3,0.2,2.0,20,0,0.6321614583333334,0.5931640625000001,0.9700520833333334,320.0,7.533333333333333,0.6166666666666667,60.256668846261626,0.2484375,1.167067307692308,49,1.4242625941047689,0.49253019924777147,0.8242625941047687,0.7272095523356733,0.9183673469387755,RW,0.0005749418224991132
apartment,RW,60,800,0.02,0.4,0.2,,24,0.3,0.2,2.0,20,0,0.556640625,0.5394531249999999,0.9401041666666666,320.0,7.383333333333334,0.4666666666666667,58.36013359617461,0.2569166666666667,0.9457964601769913,50,1.3735323639285795,0.6850358624736813,0.7735323639285794,0.28796239938500157,0.88,RW,0.0005936983337505808
apartment,RW,60,800,0.02,0.4,0.2,,26,0.3,0.2,2.0,20,0,0.6380208333333334,0.6051432291666666,0.8990885416666666,320.0,5.866666666666666,0.8166666666666667,62.07193406774283,0.23458333333333334,1.0381355932203389,53,1.2514355610920154,0.5466552374176403,0.6514355610920151,0.39040005475022466,0.9622641509433962,RW,0.0005951723950011001
apartment,RW,60,800,0.02,0.4,0.2,,27,0.3,0.2,2.0,20,0,0.51171875,0.53662109375,0.8958333333333334,340.0,5.783333333333333,0.6,55.540904304028565,0.22575,0.9763975155279504,43,1.350907743104671,0.6041894232192355,0.7509077431046709,0.39952087324911645,0.813953488372093,RW,0.0005835060425010851
apartment,RW,60,800,0.02,0.4,0.2,,28,0.3,0.2,2.0,20,0,0.537109375,0.5580403645833333,0.869140625,320.0,6.266666666666667,0.7166666666666667,59.44970514629448,0.2619166666666667,0.9126106194690266,49,1.202310699043074,0.4351766816159417,0.6023106990430739,0.38428982932441524,0.9591836734693877,RW,0.0005823004162493816
apartment,RW,60,800,0.02,0.4,0.2,,29,0.3,0.2,2.0,20,0,0.595703125,0.5347005208333334,0.8619791666666666,360.0,6.183333333333334,0.7833333333333333,54.56651914668619,0.2370625,0.9989082969432315,44,1.6575628879032878,0.6509860503060834,1.0575628879032875,0.49347167238405276,0.8181818181818182,RW,0.0005759830200008765
apartment,RW,60,800,0.02,0.8,0.2,,1,0.3,0.2,2.0,20,0,0.5904947916666666,0.512890625,0.9479166666666666,180.0,6.35,0.5,52.22281974349376,0.28829166666666667,1.1871727748691099,45,1.3775475678172735,0.48239978212715545,0.7775475678172735,0.5912115558888181,0.9555555555555556,RW,0.0005821893749998708
apartment,RW,60,800,0.02,0.8,0.2,,0,0.3,0.2,2.0,20,0,0.603515625,0.5879557291666667,0.9563802083333334,320.0,6.266666666666667,0.6833333333333333,57.03485345766883,0.2809375,1.082943925233645,50,1.4078264421785665,0.683374241903757,0.8078264421785663,0.3972024379926028,0.92,RW,0.000589084271248339
apartment,RW,60,800,0.02,0.8,0.2,,2,0.3,0.2,2.0,20,0,0.6907552083333334,0.6010742187500001,0.9694010416666666,380.0,5.216666666666667,0.85,55.534407005151614,0.24960416666666665,1.1144957983193278,48,1.5109969141333417,0.46366691733305876,0.9109969141333417,0.6936744675462374,0.9166666666666666,RW,0.0006041417700021157
apartment,RW,60,800,0.02,0.8,0.2,,4,0.3,0.2,2.0,20,0,0.5651041666666666,0.5284505208333334,0.974609375,220.0,7.05,0.6666666666666666,54.582922998453434,0.2861458333333333,1.169811320754717,49,1.3010900946884392,0.6244790749560211,0.7010900946884391,0.46106261029184414,0.8367346938775511,RW,0.0005866747387517535
apartment,RW,60,800,0.02,0.8,0.2,,3,0.3,0.2,2.0,20,0,0.5768229166666666,0.5405924479166667,0.9733072916666666,300.0,6.333333333333333,0.6,55.03653235491811,0.28452083333333333,1.0326340326340326,49,1.4914703766135027,0.6603557015376256,0.8914703766135028,0.6219095635024091,0.8979591836734694,RW,0.0006078212500005975
apartment,RW,60,800,0.02,0.8,0.2,,5,0.3,0.2,2.0,20,0,0.578125,0.5395833333333333,0.8697916666666666,340.0,7.05,0.65,54.90333636936634,0.33277083333333335,1.190348525469169,52,1.262728999054332,0.6001980943882242,0.662728999054332,0.278156530687784,0.8461538461538461,RW,0.0006201495837490256
apartment,RW,60,800,0.02,0.8,0.2,,6,0.3,0.2,2.0,20,0,0.5358072916666666,0.5075195312499999,0.8509114583333334,260.0,6.966666666666667,0.6166666666666667,53.52038608864845,0.3027708333333333,1.1757142857142855,47,1.5267159703352748,0.7463677546510045,0.9267159703352745,0.550902352678165,0.723404255319149,RW,0.000582485676250144
apartment,RW,60,800,0.02,0.8,0.2,,7,0.3,0.2,2.0,20,0,0.6048177083333334,0.5641276041666667,0.91015625,240.0,6.066666666666666,0.75,56.224462379100515,0.25433333333333336,1.1540372670807455,47,1.5708840800077057,0.7085081364805205,0.9708840800077057,0.6112948248227869,0.8723404255319149,RW,0.0005818807287505479
apartment,RW,60,800,0.02,0.8,0.2,,9,0.3,0.2,2.0,20,0,0.533203125,0.54423828125,0.9609375,340.0,5.85,0.7833333333333333,52.32481479255291,0.2760208333333333,1.0161290322580645,45,1.5887625934964074,0.519951446523679,0.9887625934964072,0.8289837862617792,0.9111111111111111,RW,0.0005835969800000385
apartment,RW,60,800,0.02,0.8,0.2,,8,0.3,0.2,2.0,20,0,0.50390625,0.5266601562500001,0.9368489583333334,320.0,5.666666666666667,0.6666666666666666,51.85522466552354,0.2753125,0.867713004484305,45,1.281697998368044,0.6854592690629842,0.6816979983680441,0.31225226906396186,0.8444444444444444,RW,0.000595347812500222
apartment,RW,60,800,0.02,0.8,0.2,,10,0.3,0.2,2.0,20,0,0.5846354166666666,0.5292317708333334,0.8919270833333334,340.0,5.533333333333333,0.6833333333333333,54.64221643365209,0.2905,1.070321811680572,48,1.3658692092274578,0.5044278251518367,0.7658692092274576,0.6680853472703205,0.9166666666666666,RW,0.0006052420837499994
apartment,RW,60,800,0.02,0.8,0.2,,11,0.3,0.2,2.0,20,0,0.6529947916666666,0.58388671875,0.939453125,280.0,6.9,0.6666666666666666,56.0710777529031,0.275125,1.2975420439844758,49,1.5787139910212065,0.693345445905872,0.9787139910212067,0.43889413310685776,0.9183673469387755,RW,0.0006052001562511577
apartment,RW,60,800,0.02,0.8,0.2,,12,0.3,0.2,2.0,20,0,0.5690104166666666,0.5340494791666668,0.9368489583333334,300.0,5.016666666666667,0.6,52.156754267417504,0.2680416666666667,1.145478374836173,45,1.5271791977876377,0.490937178316429,0.9271791977876379,0.7055170276619523,0.9555555555555556,RW,0.0005881646362490755
apartment,RW,60,800,0.02,0.8,0.2,,13,0.3,0.2,2.0,20,0,0.66796875,0.6106119791666667,0.8899739583333334,320.0,6.333333333333333,0.8333333333333334,57.30437366466613,0.30302083333333335,1.0949839914621131,52,1.34156498003943,0.4695407915951872,0.7415649800394299,0.48334805027690286,0.9615384615384616,RW,0.0006173133337483705
apartment,RW,60,800,0.02,0.8,0.2,,14,0.3,0.2,2.0,20,0,0.5338541666666666,0.5317057291666667,0.9557291666666666,300.0,6.483333333333333,0.6,54.02105704875341,0.26627083333333335,1.0580645161290323,48,1.2897356046940391,0.7456103754352849,0.6897356046940392,0.25714132844557386,0.9583333333333334,RW,0.0006123196349994941
apartment,RW,60,800,0.02,0.8,0.2,,15,0.3,0.2,2.0,20,0,0.5735677083333334,0.4818033854166667,0.9381510416666666,320.0,6.8,0.6833333333333333,51.95484743068505,0.29620833333333335,1.1970108695652175,46,1.3350477135714747,0.6790236551026974,0.7350477135714742,0.28619218150898573,0.8260869565217391,RW,0.0006122926037505749
apartment,RW,60,800,0.02,0.8,0.2,,16,0.3,0.2,2.0,20,0,0.5540364583333334,0.5045247395833334,0.9557291666666666,300.0,5.316666666666666,0.5666666666666667,48.37054730725878,0.247875,0.991841491841492,37,1.9818397183103549,0.5685384691592269,1.381839718310355,1.41932734908614,0.9459459459459459,RW,0.0005781280725000215
apartment,RW,60,800,0.02,0.8,0.2,,18,0.3,0.2,2.0,20,0,0.6282552083333334,0.5298502604166666,0.95703125,300.0,5.933333333333334,0.5333333333333333,54.71470254833877,0.2786875,1.3365650969529088,47,1.4380219792415785,0.5546803248319089,0.8380219792415786,0.6513494297550425,0.8297872340425532,RW,0.0005994770312508991
apartment,RW,60,800,0.02,0.8,0.2,,19,0.3,0.2,2.0,20,0,0.5319010416666666,0.5044596354166667,0.951171875,320.0,5.15,0.8,47.2383922918593,0.27375,0.9488966318234611,40,1.6449061204621827,0.738665533128411,1.0449061204621826,0.6076308071727758,0.95,RW,0.000593661042498752
apartment,RW,60,800,0.02,0.8,0.2,,17,0.3,0.2,2.0,20,0,0.6946614583333334,0.5838216145833334,0.96875,320.0,6.75,0.7166666666666667,57.411740408033644,0.32,1.242142025611176,55,1.4887691067254223,0.6678940913897402,0.8887691067254221,0.5572570802549647,0.8545454545454545,RW,0.000625228593751217
apartment,RW,60,800,0.02,0.8,0.2,,20,0.3,0.2,2.0,20,0,0.6432291666666666,0.5846354166666666,0.9036458333333334,360.0,6.416666666666667,0.5666666666666667,57.32291781935738,0.3035,1.1789976133651552,53,1.356315576527884,0.4713708340338188,0.7563155765278842,0.4651640138800538,0.9245283018867925,RW,0.0006033391150003808
apartment,RW,60,800,0.02,0.8,0.2,,21,0.3,0.2,2.0,20,0,0.6497395833333334,0.5854817708333334,0.9127604166666666,260.0,5.433333333333334,0.7666666666666667,57.70415100912775,0.2825,1.2366790582403966,50,1.557759477880306,0.6284824593208923,0.9577594778803062,0.6954953326316496,0.8,RW,0.000607957864999662
apartment,RW,60,800,0.02,0.8,0.2,,22,0.3,0.2,2.0,20,0,0.603515625,0.53408203125,0.912109375,300.0,6.516666666666667,0.5333333333333333,53.39225742276735,0.298,1.2510121457489878,47,1.5244007732813574,0.701005423476497,0.9244007732813574,0.500082199110156,0.7872340425531915,RW,0.0006125990112491309
apartment,RW,60,800,0.02,0.8,0.2,,23,0.3,0.2,2.0,20,0,0.623046875,0.5661783854166667,0.9602864583333334,340.0,5.816666666666666,0.6333333333333333,50.421208361596555,0.2806875,1.0987370838117108,45,1.641126043752119,0.5450221915274999,1.0411260437521188,0.9032712420492336,0.7777777777777778,RW,0.0006021265100002893
apartment,RW,60,800,0.02,0.8,0.2,,24,0.3,0.2,2.0,20,0,0.515625,0.5306966145833334,0.9420572916666666,340.0,5.683333333333334,0.5666666666666667,53.57727281342455,0.2944375,0.9263157894736842,49,1.3538936379549822,0.847463749788408,0.7538936379549823,0.28427781202006075,0.7142857142857143,RW,0.0006094981775004271
apartment,RW,60,800,0.02,0.8,0.2,,25,0.3,0.2,2.0,20,0,0.6002604166666666,0.5455078125,0.9251302083333334,280.0,5.95,0.7166666666666667,55.47082839252368,0.2703333333333333,1.1108433734939758,46,1.553155494671694,0.66345473893179,0.9531554946716944,0.609336108656008,0.9130434782608695,RW,0.0005840410412497476
apartment,RW,60,800,0.02,0.8,0.2,,26,0.3,0.2,2.0,20,0,0.53125,0.5264973958333334,0.9602864583333334,380.0,6.2,0.6333333333333333,54.783187076582955,0.27216666666666667,0.8976897689768977,47,1.348566909403823,0.6729910829328948,0.7485669094038233,0.3017300428419343,0.851063829787234,RW,0.0005975551562482906
apartment,RW,60,800,0.02,0.8,0.2,,27,0.3,0.2,2.0,20,0,0.6881510416666666,0.6287760416666667,0.9166666666666666,340.0,6.45,0.8166666666666667,60.89932622215075,0.26527083333333334,1.1476655808903364,53,1.6556277804559285,0.6714313983544912,1.0556277804559284,0.8939818718258995,0.8867924528301887,RW,0.0005954518750013449
apartment,RW,60,800,0.02,0.8,0.2,,28,0.3,0.2,2.0,20,0,0.5553385416666666,0.544921875,0.9173177083333334,320.0,5.416666666666667,0.6833333333333333,54.2524960194688,0.2716875,0.9201725997842503,46,1.5298128451643422,0.7215116853628089,0.9298128451643429,0.45912527067913766,0.7608695652173914,RW,0.0006006405212497156
apartment,RW,60,800,0.02,0.8,0.2,,29,0.3,0.2,2.0,20,0,0.642578125,0.6139322916666667,0.9036458333333334,320.0,5.683333333333334,0.75,55.49251057525187,0.2941666666666667,1.180622009569378,52,1.378290733023392,0.5658097230965182,0.7782907330233916,0.478670398608958,0.8461538461538461,RW,0.0006062106250010402
rubble,RW,60,800,0.02,0.0,0.2,,0,0.3,0.2,2.0,20,0,0.5460893854748603,0.5201117318435754,0.8610335195530726,340.0,7.633333333333334,1.3,53.435709402781974,0.16997916666666665,0.9243498817966902,48,1.4742648108702807,0.7626068175964954,0.8742648108702807,0.5903838691607496,0.875,RW,0.000605277135000506
rubble,RW,60,800,0.02,0.0,0.2,,1,0.3,0.2,2.0,20,0,0.5754189944134078,0.562395251396648,0.8777932960893855,160.0,6.916666666666667,1.6,55.19632034300621,0.1646875,1.0185414091470952,51,1.4646994408373326,0.8186797267304077,0.8646994408373331,0.42470253018295223,0.9607843137254902,RW,0.0005903481762493356
rubble,RW,60,800,0.02,0.0,0.2,,2,0.3,0.2,2.0,20,0,0.6256983240223464,0.5713337988826815,0.840782122905028,340.0,8.033333333333333,1.8833333333333333,56.58031972558719,0.18127083333333333,1.065398335315101,50,1.4885285805257906,0.5048047592460079,0.8885285805257901,0.7125909746296358,0.92,RW,0.0005945316149995961
rubble,RW,60,800,0.02,0.0,0.2,,4,0.3,0.2,2.0,20,0,0.5831005586592178,0.5396298882681564,0.848463687150838,240.0,7.483333333333333,1.5,51.74324151669712,0.18585416666666665,1.0516372795969773,47,1.666190227185744,0.6472999962697791,1.0661902271857444,0.6744133679673444,0.9574468085106383,RW,0.0005541420312488299
rubble,RW,60,800,0.02,0.0,0.2,,3,0.3,0.2,2.0,20,0,0.5635474860335196,0.5423533519553072,0.8512569832402235,320.0,7.6,1.6833333333333333,55.370268099619196,0.167625,0.9711191335740071,47,1.4455860271745489,0.6568161951225698,0.8455860271745491,0.45444546571588484,0.9574468085106383,RW,0.0006814845824987969
rubble,RW,60,800,0.02,0.0,0.2,,6,0.3,0.2,2.0,20,0,0.5013966480446927,0.5331005586592179,0.8296089385474861,300.0,7.066666666666666,1.4333333333333333,52.28379735643213,0.18683333333333332,0.8619447779111645,48,1.5574011021577185,0.698911121733397,0.9574011021577186,0.5862174928053449,0.875,RW,0.0005576461462510451
rubble,RW,60,800,0.02,0.0,0.2,,5,0.3,0.2,2.0,20,0,0.5614525139664804,0.5479399441340782,0.8659217877094972,280.0,8.366666666666667,1.4333333333333333,52.68741578120659,0.20825,1.0374193548387096,46,1.5876034081497388,0.6953218585516238,0.9876034081497385,0.4513705553956838,0.9130434782608695,RW,0.0005828570312496595
rubble,RW,60,800,0.02,0.0,0.2,,8,0.3,0.2,2.0,20,0,0.5544692737430168,0.5347067039106146,0.8233240223463687,200.0,7.2,1.75,54.515454969084566,0.17354166666666668,1.0271668822768436,45,1.635977622513342,0.49935443922379963,1.0359776225133424,0.8935274399061607,1.0,RW,0.0005345838025004923
rubble,RW,60,800,0.02,0.0,0.2,,7,0.3,0.2,2.0,20,0,0.5844972067039106,0.5412011173184357,0.9043296089385475,280.0,7.85,1.6833333333333333,53.21698456279428,0.19964583333333333,1.021978021978022,48,1.432144095520209,0.6777806276265984,0.8321440955202091,0.4513452139763685,0.9166666666666666,RW,0.0005712694274984643
rubble,RW,60,800,0.02,0.0,0.2,,9,0.3,0.2,2.0,20,0,0.5391061452513967,0.5065642458100558,0.86731843575419,320.0,7.933333333333334,1.7333333333333334,54.543770396553285,0.18235416666666668,0.9821882951653944,48,1.5213396320309707,0.7374757343144613,0.9213396320309707,0.4625238032132297,0.9583333333333334,RW,0.0005601007287486937
rubble,RW,60,800,0.02,0.0,0.2,,10,0.3,0.2,2.0,20,0,0.5251396648044693,0.5231843575418995,0.8344972067039106,300.0,7.833333333333333,1.7166666666666666,57.669038302744084,0.18566666666666667,0.9690721649484535,48,1.6408265744357153,0.782939598282099,1.0408265744357152,0.8213385910711783,0.9583333333333334,RW,0.0005516823437505991
rubble,RW,60,800,0.02,0.0,0.2,,11,0.3,0.2,2.0,20,0,0.5754189944134078,0.5497206703910613,0.8980446927374302,320.0,6.85,1.9166666666666667,54.99535601125686,0.16858333333333334,0.9417142857142857,47,1.5347258098016239,0.5585685064792612,0.9347258098016243,0.9237423638414753,0.9148936170212766,RW,0.0005706201562497882
rubble,RW,60,800,0.02,0.0,0.2,,12,0.3,0.2,2.0,20,0,0.49860335195530725,0.5229399441340783,0.7988826815642458,280.0,7.516666666666667,1.5833333333333333,55.61073980346417,0.17129166666666668,0.9189189189189189,48,1.3475801901067346,0.7974144212670435,0.7475801901067346,0.4796252934687988,0.9583333333333334,RW,0.0005915916150001976
rubble,RW,60,800,0.02,0.0,0.2,,14,0.3,0.2,2.0,20,0,0.5677374301675978,0.5288058659217878,0.8687150837988827,200.0,7.983333333333333,1.9666666666666666,55.65543874850841,0.20595833333333333,1.097165991902834,47,1.5460831051894297,0.6646649656052653,0.9460831051894298,0.5959060439778573,0.9574468085106383,RW,0.0005536841662501502
rubble,RW,60,800,0.02,0.0,0.2,,13,0.3,0.2,2.0,20,0,0.5789106145251397,0.5878840782122905,0.9238826815642458,320.0,8.133333333333333,1.9666666666666666,58.31964917196989,0.20795833333333333,0.9730046948356809,53,1.2840741899590473,0.6803258142267257,0.6840741899590469,0.4181698470803973,0.8301886792452831,RW,0.0005917706762511443
rubble,RW,60,800,0.02,0.0,0.2,,15,0.3,0.2,2.0,20,0,0.5258379888268156,0.508554469273743,0.7688547486033519,280.0,7.8,1.6166666666666667,51.872039196389395,0.191125,0.94125,45,1.4658463856680015,0.6276522292939024,0.8658463856680013,0.6889977393095364,0.9555555555555556,RW,0.0005679905725014578
rubble,RW,60,800,0.02,0.0,0.2,,16,0.3,0.2,2.0,20,0,0.6096368715083799,0.5632332402234637,0.9001396648044693,240.0,7.583333333333333,1.8166666666666667,54.34207660208053,0.18883333333333333,1.1221079691516709,46,1.6369605931889057,0.5752859165093334,1.0369605931889057,0.824142882945914,1.0,RW,0.0005687142187503014
rubble,RW,60,800,0.02,0.0,0.2,,17,0.3,0.2,2.0,20,0,0.5286312849162011,0.5225907821229052,0.7800279329608939,280.0,7.366666666666666,1.5333333333333334,52.54024977897596,0.17545833333333333,0.9462500000000001,47,1.2520001932352696,0.5043555489048265,0.6520001932352697,0.40869560249478243,1.0,RW,0.0005846066150002116
rubble,RW,60,800,0.02,0.0,0.2,,18,0.3,0.2,2.0,20,0,0.5684357541899442,0.547590782122905,0.9294692737430168,400.0,7.233333333333333,1.7833333333333334,55.27382974211029,0.177875,0.9302857142857144,47,1.4990022572109276,0.6535306025162959,0.8990022572109283,0.6352189883392024,0.9148936170212766,RW,0.0005826568225006667
rubble,RW,60,800,0.02,0.0,0.2,,19,0.3,0.2,2.0,20,0,0.6236033519553073,0.5962988826815642,0.8861731843575419,280.0,7.216666666666667,1.8,54.930453442743996,0.17366666666666666,1.059311981020166,48,1.5077328313903422,0.44962246742418,0.9077328313903426,0.9982567077152811,0.9583333333333334,RW,0.0005988607287508784
rubble,RW,60,800,0.02,0.0,0.2,,20,0.3,0.2,2.0,20,0,0.505586592178771,0.5262918994413408,0.9315642458100558,360.0,6.933333333333334,1.4833333333333334,50.344049475580505,0.17658333333333334,0.8274285714285715,42,1.5623788704212602,0.8021634597894707,0.9623788704212601,0.5575718936563927,0.9523809523809523,RW,0.0005682041662498704
rubble,RW,60,800,0.02,0.0,0.2,,21,0.3,0.2,2.0,20,0,0.5300279329608939,0.5180516759776536,0.8449720670391061,260.0,8.166666666666666,1.95,55.115472554697796,0.19197916666666667,1.108029197080292,46,1.5006121421311598,0.597191190395583,0.9006121421311597,0.7731192864573039,0.9565217391304348,RW,0.0005736908325002332
rubble,RW,60,800,0.02,0.0,0.2,,22,0.3,0.2,2.0,20,0,0.5516759776536313,0.5708798882681563,0.7863128491620112,300.0,8.15,1.75,58.10353655718498,0.17629166666666668,0.9007981755986317,50,1.2216969393639976,0.5997143141763995,0.6216969393639977,0.26470354889668635,0.92,RW,0.0005707841150001514
rubble,RW,60,800,0.02,0.0,0.2,,25,0.3,0.2,2.0,20,0,0.5712290502793296,0.514036312849162,0.9008379888268156,240.0,6.866666666666666,1.7,49.28323483428686,0.18635416666666665,1.0250626566416041,38,1.8617917664432337,0.5555244453718657,1.2617917664432339,1.1520596648317798,1.0,RW,0.0005477863012515627
rubble,RW,60,800,0.02,0.0,0.2,,24,0.3,0.2,2.0,20,0,0.5425977653631285,0.54713687150838,0.8519553072625698,280.0,8.333333333333334,1.85,54.52250840048089,0.219625,1.0077821011673151,50,1.4648863320576604,0.7173201265575441,0.8648863320576605,0.48678625287124444,0.86,RW,0.0005732753649999722
rubble,RW,60,800,0.02,0.0,0.2,,23,0.3,0.2,2.0,20,0,0.6159217877094972,0.5778631284916201,0.88268156424581,240.0,8.883333333333333,1.7666666666666666,57.24506088548749,0.2124375,1.1336760925449871,56,1.3131176975738035,0.7045717123874913,0.7131176975738036,0.4491213091676346,0.9285714285714286,RW,0.0006017209374999766
rubble,RW,60,800,0.02,0.0,0.2,,26,0.3,0.2,2.0,20,0,0.47835195530726254,0.4733240223463687,0.8240223463687151,260.0,6.733333333333333,1.6,49.50202931721035,0.17027083333333334,0.8583959899749374,41,1.6890311583886228,1.0079960534497026,1.0890311583886227,0.5666879267569022,0.9512195121951219,RW,0.0005831100512500597
rubble,RW,60,800,0.02,0.0,0.2,,27,0.3,0.2,2.0,20,0,0.5817039106145251,0.5581354748603353,0.8365921787709497,260.0,8.566666666666666,1.6333333333333333,56.13900831171072,0.18364583333333334,1.141095890410959,51,1.4821280108343338,0.8109053289783719,0.8821280108343339,0.28965409368581285,0.9215686274509803,RW,0.0005805041662506483
rubble,RW,60,800,0.02,0.0,0.2,,28,0.3,0.2,2.0,20,0,0.5796089385474861,0.5729050279329608,0.952513966480447,300.0,6.816666666666666,1.7333333333333334,52.715398465019824,0.187,0.9399773499433749,48,1.3318087025525447,0.6771624538528371,0.7318087025525447,0.36042901442330416,1.0,RW,0.0005669122924996373
rubble,RW,60,800,0.02,0.0,0.2,,29,0.3,0.2,2.0,20,0,0.4979050279329609,0.49937150837988825,0.8009776536312849,260.0,7.666666666666667,1.8,52.40099479165359,0.1978125,0.9188144329896906,46,1.4662329680615203,0.7489604479999036,0.8662329680615204,0.47062317862137537,1.0,RW,0.0005973622912483733
rubble,RW,60,800,0.02,0.1,0.2,,0,0.3,0.2,2.0,20,0,0.5293296089385475,0.5170391061452513,0.7925977653631285,280.0,6.75,1.8,52.60999627303737,0.198625,0.9534591194968554,45,1.5893917010880907,0.5637306798590035,0.9893917010880907,0.8259881646399275,0.8666666666666667,RW,0.0005594282812512575
rubble,RW,60,800,0.02,0.1,0.2,,2,0.3,0.2,2.0,20,0,0.5600558659217877,0.548358938547486,0.9064245810055865,240.0,6.933333333333334,1.5333333333333334,49.82069647910311,0.1901875,0.9197247706422018,48,1.5221200825673058,0.8377196732426012,0.9221200825673058,0.376091790357611,0.9583333333333334,RW,0.000553468124999199
rubble,RW,60,800,0.02,0.1,0.2,,1,0.3,0.2,2.0,20,0,0.4937150837988827,0.516236033519553,0.8324022346368715,260.0,7.683333333333334,1.5333333333333334,54.070240098612764,0.21097916666666666,0.9040920716112533,49,1.4797360472608108,0.8525811758630089,0.879736047260811,0.6176243378675951,0.8775510204081632,RW,0.0005675391149998177
rubble,RW,60,800,0.02,0.1,0.2,,3,0.3,0.2,2.0,20,0,0.5635474860335196,0.5256284916201117,0.9210893854748603,360.0,6.45,1.3166666666666667,49.855989940635304,0.18927083333333333,0.9516509433962264,44,1.7751201338031335,0.7272594533788767,1.1751201338031336,0.4468092741325448,0.8636363636363636,RW,0.0005633064587505033
rubble,RW,60,800,0.02,0.1,0.2,,4,0.3,0.2,2.0,20,0,0.5356145251396648,0.5520949720670391,0.8708100558659218,320.0,6.366666666666666,1.4166666666666667,50.24323257000038,0.221,0.9152744630071599,47,1.6147279034867228,0.7704318919734764,1.0147279034867227,0.6642602174728319,0.8297872340425532,RW,0.0005778482812479524
rubble,RW,60,800,0.02,0.1,0.2,,5,0.3,0.2,2.0,20,0,0.5803072625698324,0.5603351955307263,0.7716480446927374,260.0,6.2,1.7833333333333334,55.14185152602746,0.20283333333333334,1.0,51,1.3146830173456943,0.5111125280533151,0.7146830173456943,0.3984521316453913,0.8823529411764706,RW,0.0005985410937501001
rubble,RW,60,800,0.02,0.1,0.2,,6,0.3,0.2,2.0,20,0,0.49441340782122906,0.5109986033519553,0.9050279329608939,300.0,6.733333333333333,1.6666666666666667,47.431454280276185,0.2285625,0.890566037735849,42,1.273655858578417,0.6212701019259557,0.6736558585784168,0.3111746972179695,0.9523809523809523,RW,0.0005861044787479841
rubble,RW,60,800,0.02,0.1,0.2,,7,0.3,0.2,2.0,20,0,0.513268156424581,0.5005586592178772,0.7164804469273743,320.0,7.183333333333334,1.6333333333333333,48.902020956249494,0.22866666666666666,1.0040983606557377,46,1.4594544806384229,0.7198684511522017,0.8594544806384223,0.37174964474272987,0.9130434782608695,RW,0.0005770148437500211
rubble,RW,60,800,0.02,0.1,0.2,,8,0.3,0.2,2.0,20,0,0.5642458100558659,0.5153980446927375,0.8121508379888268,220.0,9.1,1.6166666666666667,54.35596334315775,0.23995833333333333,1.18475073313783,51,1.4480718664885297,0.5914371736013712,0.8480718664885298,0.7880858861689933,1.0,RW,0.0006068951562497205
rubble,RW,60,800,0.02,0.1,0.2,,9,0.3,0.2,2.0,20,0,0.5460893854748603,0.5145600558659218,0.7353351955307262,200.0,7.333333333333333,1.35,52.701775146203445,0.21625,1.106082036775106,50,1.328794666785684,0.5842494743427532,0.728794666785684,0.5823064997501964,0.88,RW,0.0005777423437484685
rubble,RW,60,800,0.02,0.1,0.2,,11,0.3,0.2,2.0,20,0,0.6187150837988827,0.5462290502793297,0.854050279329609,300.0,7.566666666666666,1.7166666666666666,54.3202185573584,0.22702083333333334,1.1476683937823835,50,1.5133487453950165,0.6986561469120237,0.9133487453950163,0.6682826997694998,0.92,RW,0.0005615997912491366
rubble,RW,60,800,0.02,0.1,0.2,,10,0.3,0.2,2.0,20,0,0.5831005586592178,0.5496508379888267,0.9127094972067039,240.0,6.683333333333334,1.7333333333333334,52.6801282324966,0.2063125,1.1001317523056653,48,1.610508200251779,0.7003687306006537,1.0105082002517791,0.6512489923431913,0.9583333333333334,RW,0.000571834271249827
rubble,RW,60,800,0.02,0.1,0.2,,12,0.3,0.2,2.0,20,0,0.5181564245810056,0.49633379888268153,0.8009776536312849,240.0,7.016666666666667,1.4833333333333334,53.70326736878291,0.19810416666666666,0.9512820512820515,48,1.3557004081354542,0.6904199489954894,0.7557004081354544,0.44512322373575797,1.0,RW,0.0005855354162508775
rubble,RW,60,800,0.02,0.1,0.2,,13,0.3,0.2,2.0,20,0,0.5614525139664804,0.5586941340782123,0.7779329608938548,260.0,7.166666666666667,1.8666666666666667,56.34696065663105,0.23835416666666667,1.0255102040816326,52,1.4009151248480667,0.597739209753695,0.8009151248480665,0.48961263452629766,0.9615384615384616,RW,0.0005755274487501083
rubble,RW,60,800,0.02,0.1,0.2,,14,0.3,0.2,2.0,20,0,0.5335195530726257,0.5137220670391061,0.7918994413407822,260.0,7.633333333333334,1.6833333333333333,52.65011472954386,0.23870833333333333,0.9922077922077921,48,1.4859753567917275,0.6410412315599888,0.8859753567917273,0.6298842354411013,0.875,RW,0.0005800977087505999
rubble,RW,60,800,0.02,0.1,0.2,,15,0.3,0.2,2.0,20,0,0.5027932960893855,0.5136522346368716,0.8337988826815642,260.0,6.183333333333334,1.6666666666666667,47.92266871029123,0.217375,0.9424083769633509,43,1.4018582335925907,0.7115882813694854,0.8018582335925906,0.4289873212461347,0.9069767441860465,RW,0.0005942311987496395
rubble,RW,60,800,0.02,0.1,0.2,,16,0.3,0.2,2.0,20,0,0.5614525139664804,0.5511522346368716,0.8987430167597765,320.0,7.116666666666666,1.5,54.805789091235084,0.23014583333333333,0.9698431845597104,52,1.452662354775588,0.9280374955957535,0.8526623547755878,0.38565735404201373,1.0,RW,0.0006080049999991388
rubble,RW,60,800,0.02,0.1,0.2,,17,0.3,0.2,2.0,20,0,0.5558659217877095,0.5293645251396648,0.8938547486033519,240.0,6.6,1.5833333333333333,48.1181150511347,0.192125,0.9299065420560749,44,1.7820162761211364,0.7292930196393044,1.1820162761211368,0.8991406341042311,0.9090909090909091,RW,0.00058981593749877
rubble,RW,60,800,0.02,0.1,0.2,,18,0.3,0.2,2.0,20,0,0.6145251396648045,0.5548533519553074,0.8777932960893855,300.0,6.866666666666666,1.4833333333333334,51.392059422250846,0.22864583333333333,1.123882503192848,50,1.7345341911777838,0.6940765677918173,1.1345341911777838,0.8157175861700269,0.92,RW,0.0005915445312507472
rubble,RW,60,800,0.02,0.1,0.2,,20,0.3,0.2,2.0,20,0,0.5314245810055865,0.5136173184357542,0.861731843575419,320.0,6.4,1.7666666666666666,49.82680013230336,0.22004166666666666,1.017379679144385,46,1.6625110681270912,0.781259790846391,1.062511068127091,1.0168416126970663,0.9565217391304348,RW,0.0005744049474992607
rubble,RW,60,800,0.02,0.1,0.2,,19,0.3,0.2,2.0,20,0,0.526536312849162,0.5060754189944133,0.8289106145251397,200.0,7.9,1.9333333333333333,56.17605146456718,0.22920833333333332,1.0443213296398892,51,1.3392087126472614,0.6072754069840726,0.7392087126472614,0.46252234332945086,0.9607843137254902,RW,0.000591864739999437
rubble,RW,60,800,0.02,0.1,0.2,,21,0.3,0.2,2.0,20,0,0.5844972067039106,0.5402932960893854,0.8449720670391061,240.0,7.133333333333334,1.3833333333333333,48.94111060251191,0.23264583333333333,1.0689655172413792,45,1.5815944812162916,0.5507826862418782,0.9815944812162919,0.8814479970442032,0.9555555555555556,RW,0.0005866734899996118
rubble,RW,60,800,0.02,0.1,0.2,,22,0.3,0.2,2.0,20,0,0.5831005586592178,0.573358938547486,0.9385474860335196,320.0,6.566666666666666,1.8333333333333333,52.56002552127631,0.20258333333333334,0.9835100117785629,47,1.3056556511994655,0.47333762521450157,0.7056556511994652,0.5179176810533698,0.9574468085106383,RW,0.0005656676562512075
rubble,RW,60,800,0.02,0.1,0.2,,23,0.3,0.2,2.0,20,0,0.5733240223463687,0.5842527932960893,0.9294692737430168,300.0,7.233333333333333,1.5166666666666666,52.272116640581224,0.23360416666666667,1.02625,52,1.396533698626849,0.6003685011492677,0.7965336986268491,0.6187728396900359,1.0,RW,0.0005940772912504144
rubble,RW,60,800,0.02,0.1,0.2,,24,0.3,0.2,2.0,20,0,0.5412011173184358,0.5299231843575418,0.888268156424581,320.0,6.8,1.55,48.2875973566317,0.241875,1.018396846254928,44,1.7570790312494131,0.769779824309678,1.1570790312494132,0.6919067139460944,0.9545454545454546,RW,0.0005803965625000274
rubble,RW,60,800,0.02,0.1,0.2,,25,0.3,0.2,2.0,20,0,0.5069832402234636,0.5079958100558659,0.8344972067039106,280.0,6.633333333333334,1.3333333333333333,45.66409872606879,0.21177083333333332,0.899628252788104,41,1.598730112799765,0.6102296607319427,0.998730112799765,0.8050252347995573,1.0,RW,0.000585042292500475
rubble,RW,60,800,0.02,0.1,0.2,,26,0.3,0.2,2.0,20,0,0.5824022346368715,0.600768156424581,0.9168994413407822,320.0,6.5,1.65,51.49150489424049,0.1940625,0.9488054607508531,48,1.59771304115434,0.657128851774918,0.9977130411543401,0.7350733658202742,0.9166666666666666,RW,0.000573868801250228
rubble,RW,60,800,0.02,0.1,0.2,,27,0.3,0.2,2.0,20,0,0.5621508379888268,0.5488128491620113,0.8575418994413407,260.0,6.283333333333333,1.6,51.09548406515981,0.19145833333333334,0.9640718562874252,46,1.6528261116765481,0.763473654255006,1.0528261116765485,0.6687070324354302,0.9130434782608695,RW,0.0005879923950010379
rubble,RW,60,800,0.02,0.1,0.2,,29,0.3,0.2,2.0,20,0,0.5558659217877095,0.543854748603352,0.9141061452513967,180.0,6.233333333333333,1.6166666666666667,48.59606261695884,0.21177083333333332,1.1274787535410766,43,1.587898448864002,0.6574274673843655,0.9878984488640019,0.4037532944138077,0.9534883720930233,RW,0.0005562208850005845
rubble,RW,60,800,0.02,0.1,0.2,,28,0.3,0.2,2.0,20,0,0.547486033519553,0.541899441340782,0.8547486033519553,340.0,6.483333333333333,1.3,48.049174354688795,0.22022916666666667,0.8949771689497716,44,1.5864391022289048,0.6294486526771196,0.9864391022289049,0.7914124885519364,0.8636363636363636,RW,0.0005782711987490075
rubble,RW,60,800,0.02,0.2,0.2,,1,0.3,0.2,2.0,20,0,0.5258379888268156,0.5520251396648044,0.8016759776536313,300.0,7.266666666666667,1.7666666666666666,53.06122346257577,0.245125,0.962915601023018,53,1.2928716272255873,0.553273273052848,0.6928716272255878,0.5352222132563579,0.9245283018867925,RW,0.000579918749999706
rubble,RW,60,800,0.02,0.2,0.2,,0,0.3,0.2,2.0,20,0,0.5516759776536313,0.5091480446927374,0.8414804469273743,340.0,7.866666666666666,1.3333333333333333,48.69348442584396,0.2309375,1.0449735449735449,45,1.6151443262233518,0.6718241967644221,1.015144326223352,0.7812834850357774,0.9555555555555556,RW,0.0005973957812511799
rubble,RW,60,800,0.02,0.2,0.2,,3,0.3,0.2,2.0,20,0,0.5432960893854749,0.5525488826815643,0.9308659217877095,220.0,6.85,1.6666666666666667,50.546678637965755,0.23154166666666667,0.9835651074589128,47,1.2427238407022905,0.6704412049142756,0.6427238407022902,0.2849313705436597,0.7872340425531915,RW,0.0005481833849989926
rubble,RW,60,800,0.02,0.2,0.2,,2,0.3,0.2,2.0,20,0,0.5726256983240223,0.5235684357541899,0.8051675977653632,320.0,7.1,2.0833333333333335,54.643217212502414,0.23814583333333333,1.168091168091168,51,1.3162286775655045,0.6180147385582104,0.7162286775655043,0.39501970488642346,0.9607843137254902,RW,0.0005780849475013383
rubble,RW,60,800,0.02,0.2,0.2,,4,0.3,0.2,2.0,20,0,0.49231843575418993,0.47039106145251397,0.8303072625698324,300.0,7.066666666666666,1.2833333333333334,44.26611326544142,0.2595208333333333,0.9313077939233817,40,1.650904847465874,0.8747487926586867,1.0509048474658742,0.6451108369466519,1.0,RW,0.0005815559374991608
rubble,RW,60,800,0.02,0.2,0.2,,5,0.3,0.2,2.0,20,0,0.5691340782122905,0.5496508379888267,0.8337988826815642,360.0,6.65,1.3333333333333333,50.390011341745286,0.24575,0.9748803827751196,49,1.3497148409460482,0.5892506457913554,0.7497148409460483,0.39297662342779005,0.8367346938775511,RW,0.0005850041149983553
rubble,RW,60,800,0.02,0.2,0.2,,8,0.3,0.2,2.0,20,0,0.5384078212290503,0.5337988826815644,0.8896648044692738,240.0,7.633333333333334,1.5333333333333334,54.52871038769149,0.22722916666666668,0.9542079207920792,52,1.3880450436142893,0.8644246679834942,0.788045043614289,0.3123535330668679,0.7692307692307693,RW,0.0005470563549988583
rubble,RW,60,800,0.02,0.2,0.2,,6,0.3,0.2,2.0,20,0,0.547486033519553,0.5207053072625698,0.8372905027932961,320.0,6.933333333333334,1.6,45.91570937576294,0.2552083333333333,0.9572649572649573,44,1.680882607767734,0.6386341743065013,1.0808826077677336,0.8755916889796053,0.9545454545454546,RW,0.0005636421350004639
rubble,RW,60,800,0.02,0.2,0.2,,7,0.3,0.2,2.0,20,0,0.5146648044692738,0.5052723463687151,0.8547486033519553,300.0,7.416666666666667,1.3666666666666667,46.80478933847408,0.2798125,0.9972936400541271,45,1.4166147729713812,0.6066667980390019,0.8166147729713811,0.5118899189575777,0.9555555555555556,RW,0.0005681652087491785
rubble,RW,60,800,0.02,0.2,0.2,,9,0.3,0.2,2.0,20,0,0.5237430167597765,0.5224511173184356,0.8324022346368715,320.0,7.5,1.55,53.86216878881759,0.24264583333333334,0.8907363420427553,51,1.3291758155989637,0.6735482890775809,0.7291758155989636,0.4397732276536074,0.8823529411764706,RW,0.000565625052499854
rubble,RW,60,800,0.02,0.2,0.2,,10,0.3,0.2,2.0,20,0,0.5335195530726257,0.514245810055866,0.8547486033519553,320.0,6.566666666666666,1.4,50.024999143368746,0.21920833333333334,0.9490683229813665,47,1.5264235000292512,0.6818236395931102,0.9264235000292514,0.48988883480620593,0.9574468085106383,RW,0.0005637581774999489
rubble,RW,60,800,0.02,0.2,0.2,,12,0.3,0.2,2.0,20,0,0.47835195530726254,0.504050279329609,0.7905027932960894,280.0,6.716666666666667,1.8333333333333333,51.20602550108458,0.2290625,0.9256756756756755,48,1.2541025320843706,0.9584858207533296,0.6541025320843707,0.27109993482860817,0.875,RW,0.0005578585412490611
rubble,RW,60,800,0.02,0.2,0.2,,11,0.3,0.2,2.0,20,0,0.5642458100558659,0.5439245810055866,0.8233240223463687,320.0,6.833333333333333,1.4333333333333333,52.83372154546806,0.24895833333333334,1.0125313283208022,53,1.3858293569743583,0.6277828874828418,0.7858293569743585,0.49142895462957237,0.9245283018867925,RW,0.0005894979174991022
rubble,RW,60,800,0.02,0.2,0.2,,13,0.3,0.2,2.0,20,0,0.5977653631284916,0.5703561452513968,0.9532122905027933,340.0,5.883333333333334,1.6333333333333333,49.74792657565554,0.24860416666666665,0.9574944071588367,48,1.5874874674141601,0.6532696846635392,0.98748746741416,0.6941530251920557,0.9166666666666666,RW,0.0005911575000004632
rubble,RW,60,800,0.02,0.2,0.2,,14,0.3,0.2,2.0,20,0,0.5041899441340782,0.45928770949720665,0.8582402234636871,300.0,5.8,1.5666666666666667,43.685618297210695,0.22104166666666666,0.9139240506329115,36,2.1562095920191973,0.8106119054674965,1.5562095920191974,1.1159439805773546,0.9444444444444444,RW,0.0005644881250009348
rubble,RW,60,800,0.02,0.2,0.2,,15,0.3,0.2,2.0,20,0,0.6389664804469274,0.5526536312849162,0.8121508379888268,340.0,7.333333333333333,1.9,54.58738803978377,0.25704166666666667,1.1596958174904943,53,1.5132231842854857,0.5439715886678572,0.9132231842854852,0.6353415835563786,0.9245283018867925,RW,0.0005870771874992897
rubble,RW,60,800,0.02,0.2,0.2,,17,0.3,0.2,2.0,20,0,0.5663407821229051,0.5503142458100558,0.9175977653631285,300.0,6.75,1.6666666666666667,51.12042403270964,0.2239375,0.9474299065420562,48,1.3924962995241694,0.6428652377523235,0.7924962995241694,0.4631367664394289,0.8541666666666666,RW,0.0005790046874994914
rubble,RW,60,800,0.02,0.2,0.2,,16,0.3,0.2,2.0,20,0,0.5537709497206704,0.5581354748603352,0.9567039106145251,260.0,6.483333333333333,1.6833333333333333,48.37586767455256,0.23579166666666668,0.97539975399754,47,1.395010246900139,0.49946074366662174,0.7950102469001394,0.6712787942895163,0.9148936170212766,RW,0.0005943402612501814
rubble,RW,60,800,0.02,0.2,0.2,,19,0.3,0.2,2.0,20,0,0.5139664804469274,0.519622905027933,0.8868715083798883,200.0,7.216666666666667,1.7666666666666666,49.84281363645398,0.23858333333333334,1.004092769440655,47,1.5410207651272299,0.8221128898195911,0.9410207651272303,0.30117776818807684,0.9574468085106383,RW,0.0005572438025001247
rubble,RW,60,800,0.02,0.2,0.2,,18,0.3,0.2,2.0,20,0,0.5831005586592178,0.5403980446927374,0.8135474860335196,240.0,6.866666666666666,1.5666666666666667,48.84323808401749,0.2710208333333333,1.1015831134564642,49,1.4543206029815865,0.5918133259875459,0.8543206029815866,0.47249854055078877,0.8775510204081632,RW,0.0005987578637495971
rubble,RW,60,800,0.02,0.2,0.2,,20,0.3,0.2,2.0,20,0,0.5230446927374302,0.508763966480447,0.9078212290502793,260.0,6.533333333333333,1.5833333333333333,47.43994860164222,0.24720833333333334,0.9778067885117494,46,1.7874015177661762,0.9594718798660623,1.1874015177661763,0.6314467128558362,0.8695652173913043,RW,0.0005921068749989899
rubble,RW,60,800,0.02,0.2,0.2,,21,0.3,0.2,2.0,20,0,0.5733240223463687,0.5112430167597765,0.8254189944134078,240.0,6.9,1.5333333333333334,48.44404381398508,0.2605,1.0975935828877006,46,1.550951785323956,0.6879485217079834,0.950951785323956,0.5541707572880693,0.9565217391304348,RW,0.0005691839587484537
rubble,RW,60,800,0.02,0.2,0.2,,22,0.3,0.2,2.0,20,0,0.5782122905027933,0.5550977653631285,0.8708100558659218,340.0,6.466666666666667,1.3666666666666667,52.06840642474955,0.22702083333333334,0.9868891537544697,50,1.5046916175295004,0.7858840875608442,0.9046916175295003,0.5011562432933633,0.92,RW,0.000579619375000675
rubble,RW,60,800,0.02,0.2,0.2,,23,0.3,0.2,2.0,20,0,0.5970670391061452,0.5327513966480446,0.8777932960893855,300.0,6.833333333333333,1.45,48.12844349917729,0.23527083333333335,1.119109947643979,46,1.5379693750402215,0.520927687825339,0.9379693750402214,0.7701576684278962,0.9130434782608695,RW,0.0005951592187511778
rubble,RW,60,800,0.02,0.2,0.2,,25,0.3,0.2,2.0,20,0,0.5160614525139665,0.518645251396648,0.8596368715083799,280.0,6.5,1.6,47.9968548332145,0.24391666666666667,0.9866488651535381,47,1.4902196609212246,0.8190251925572545,0.8902196609212243,0.49504573792689366,0.9148936170212766,RW,0.0005676448437520776
rubble,RW,60,800,0.02,0.2,0.2,,26,0.3,0.2,2.0,20,0,0.5740223463687151,0.5850558659217876,0.9134078212290503,240.0,7.133333333333334,1.5333333333333334,54.22741425370195,0.23675,1.08300395256917,55,1.2574083351774648,0.6791586838620561,0.6574083351774648,0.41074207424059506,0.9090909090909091,RW,0.0005743891662518763
rubble,RW,60,800,0.02,0.2,0.2,,24,0.3,0.2,2.0,20,0,0.5167597765363129,0.49081703910614527,0.7821229050279329,360.0,6.1,1.6166666666666667,46.05558928171342,0.2503125,0.8948004836759371,44,1.1603480962450095,0.7191911750701074,0.5603480962450096,0.3184315850484167,0.8181818181818182,RW,0.0005880508849986654
rubble,RW,60,800,0.02,0.2,0.2,,27,0.3,0.2,2.0,20,0,0.5439944134078212,0.5493016759776536,0.9483240223463687,220.0,5.8,1.5,49.81223820457516,0.196875,0.9629171817058095,45,1.5539246915883684,0.7677328468150258,0.9539246915883685,0.546897591191038,0.8666666666666667,RW,0.0005744042712512964
rubble,RW,60,800,0.02,0.2,0.2,,28,0.3,0.2,2.0,20,0,0.6005586592178771,0.5400139664804471,0.8589385474860335,380.0,7.283333333333333,1.35,48.31185188027711,0.28241666666666665,1.0643564356435644,49,1.712633310373323,0.649210415536594,1.112633310373323,0.787848942698154,0.9183673469387755,RW,0.0005746694787512752
rubble,RW,60,800,0.02,0.2,0.2,,29,0.3,0.2,2.0,20,0,0.5370111731843575,0.5328561452513967,0.9134078212290503,260.0,6.6,1.7166666666666666,47.124743296161846,0.238125,1.0405953991880919,43,1.7738104948545166,0.5824291877374387,1.173810494854517,0.9246451379939712,1.0,RW,0.0005797708324985252
rubble,RW,60,800,0.02,0.4,0.2,,0,0.3,0.2,2.0,20,0,0.547486033519553,0.504713687150838,0.7688547486033519,260.0,7.6,1.6666666666666667,50.95916321739397,0.30997916666666664,1.1666666666666665,53,1.3421001070207512,0.9222309553052016,0.7421001070207512,0.3231136157984411,0.7358490566037735,RW,0.0006073695837517334
rubble,RW,60,800,0.02,0.4,0.2,,1,0.3,0.2,2.0,20,0,0.6124301675977654,0.5833798882681566,0.9252793296089385,240.0,6.766666666666667,1.4333333333333333,49.57091805593362,0.26566666666666666,1.2214484679665738,51,1.5046486316356182,0.7022898069463981,0.9046486316356183,0.48906555546612795,0.8431372549019608,RW,0.000593735468748946
rubble,RW,60,800,0.02,0.4,0.2,,2,0.3,0.2,2.0,20,0,0.5488826815642458,0.5163407821229049,0.8009776536312849,260.0,6.783333333333333,2.05,51.646772430797434,0.2823333333333333,0.9679802955665023,50,1.3793647188574232,0.5958027660099795,0.7793647188574233,0.7364304402985787,0.86,RW,0.0006068441150000581
rubble,RW,60,800,0.02,0.4,0.2,,4,0.3,0.2,2.0,20,0,0.4993016759776536,0.47346368715083803,0.869413407821229,220.0,4.933333333333334,1.0,42.117825645276305,0.2594375,0.9781121751025992,39,1.9733890350846974,0.7054518495429931,1.3733890350846971,1.3112151944411226,0.8974358974358975,RW,0.0005673091149992615
rubble,RW,60,800,0.02,0.4,0.2,,3,0.3,0.2,2.0,20,0,0.5006983240223464,0.4723812849162011,0.8261173184357542,320.0,7.066666666666666,1.35,47.84825557912286,0.25397916666666664,1.0606508875739646,45,1.5930065758240037,1.0444245079657803,0.9930065758240038,0.5884866517246977,0.8666666666666667,RW,0.0005873750000000655
rubble,RW,60,800,0.02,0.4,0.2,,5,0.3,0.2,2.0,20,0,0.4818435754189944,0.4747555865921787,0.7758379888268156,320.0,6.25,1.25,43.15885465552425,0.2766458333333333,0.9899569583931134,41,1.3319874566867647,0.6986701876293167,0.7319874566867647,0.4021847045919663,0.7560975609756098,RW,0.000586914427501597
rubble,RW,60,800,0.02,0.4,0.2,,6,0.3,0.2,2.0,20,0,0.5418994413407822,0.5092527932960895,0.7625698324022346,280.0,6.75,1.5166666666666666,47.10557233647433,0.3020625,1.2068429237947125,51,1.3417580326183154,0.6896872158554179,0.7417580326183156,0.3374496963992101,0.9215686274509803,RW,0.0006124196349992417
rubble,RW,60,800,0.02,0.4,0.2,,7,0.3,0.2,2.0,20,0,0.5754189944134078,0.570391061452514,0.9120111731843575,260.0,6.366666666666666,1.6,45.49903070589926,0.2922708333333333,1.1412742382271468,48,1.5908207632663434,0.8706509500442388,0.9908207632663434,0.45631811663038424,0.9166666666666666,RW,0.0006055417712491362
rubble,RW,60,800,0.02,0.4,0.2,,8,0.3,0.2,2.0,20,0,0.5111731843575419,0.5147346368715084,0.8931564245810056,280.0,6.983333333333333,1.5166666666666666,49.32483742485101,0.28279166666666666,0.9115815691158157,49,1.5077233620404624,0.8066959419009919,0.9077233620404621,0.45383275469176854,0.8775510204081632,RW,0.0005985846362500524
rubble,RW,60,800,0.02,0.4,0.2,,9,0.3,0.2,2.0,20,0,0.5754189944134078,0.5358240223463686,0.8100558659217877,340.0,6.633333333333334,1.5666666666666667,49.69708389016715,0.25675,1.0986666666666667,47,1.343451538190957,0.5129936268200493,0.7434515381909571,0.4586318500896044,0.9148936170212766,RW,0.0006099809375018594
rubble,RW,60,800,0.02,0.4,0.2,,10,0.3,0.2,2.0,20,0,0.5314245810055865,0.4909916201117319,0.6955307262569832,360.0,6.283333333333333,1.4833333333333334,49.18424702498581,0.2788541666666667,1.080965909090909,50,1.3106002217385597,0.6171938484801318,0.7106002217385599,0.5196528953079591,0.8,RW,0.0005819016662508147
rubble,RW,60,800,0.02,0.4,0.2,,11,0.3,0.2,2.0,20,0,0.5439944134078212,0.5146997206703912,0.8121508379888268,200.0,6.983333333333333,1.2666666666666666,49.090032653648365,0.27060416666666665,1.124098124098124,48,1.4044456436564525,0.6400989643499446,0.8044456436564525,0.6449300273593656,1.0,RW,0.0005876143750015217
rubble,RW,60,800,0.02,0.4,0.2,,12,0.3,0.2,2.0,20,0,0.5754189944134078,0.5455656424581007,0.8798882681564246,320.0,5.816666666666666,1.7333333333333334,53.37851535112884,0.24741666666666667,1.044359949302915,50,1.4860072210213229,0.6848667718659471,0.8860072210213233,0.7762791117312511,0.96,RW,0.0006066164062508506
rubble,RW,60,800,0.02,0.4,0.2,,13,0.3,0.2,2.0,20,0,0.526536312849162,0.5134427374301676,0.848463687150838,340.0,6.916666666666667,1.55,51.538127713661375,0.28402083333333333,0.9804941482444733,51,1.3955262500819499,0.966966649192144,0.7955262500819499,0.3419647690891717,0.803921568627451,RW,0.0006058209375009938
rubble,RW,60,800,0.02,0.4,0.2,,14,0.3,0.2,2.0,20,0,0.5307262569832403,0.5021298882681564,0.7472067039106145,320.0,6.133333333333334,1.4,47.56891574265871,0.320375,1.0256410256410255,47,1.2868775474052385,0.5705732963615368,0.6868775474052388,0.392837298529789,0.8723404255319149,RW,0.0006108579687497694
rubble,RW,60,800,0.02,0.4,0.2,,15,0.3,0.2,2.0,20,0,0.5384078212290503,0.5117667597765364,0.8212290502793296,300.0,6.1,1.4166666666666667,46.795779389849535,0.26525,0.9577639751552796,46,1.3490210305477053,0.5403576033544483,0.749021030547705,0.5383989604626862,0.8260869565217391,RW,0.0005773145837497395
rubble,RW,60,800,0.02,0.4,0.2,,16,0.3,0.2,2.0,20,0,0.5579608938547486,0.5105446927374302,0.8079608938547486,300.0,6.45,1.3833333333333333,48.35171929813871,0.266375,1.0625,47,1.4704903926194057,0.6278127110360474,0.8704903926194059,0.6322696209594568,0.9574468085106383,RW,0.000572521927501839
rubble,RW,60,800,0.02,0.4,0.2,,17,0.3,0.2,2.0,20,0,0.5509776536312849,0.5542597765363129,0.8589385474860335,260.0,6.5,1.4833333333333334,47.66199909432047,0.2734375,1.0590604026845638,49,1.514738095704427,0.5875765973698267,0.9147380957044268,0.8449574284451921,0.9183673469387755,RW,0.0005994451562492031
rubble,RW,60,800,0.02,0.4,0.2,,18,0.3,0.2,2.0,20,0,0.5446927374301676,0.516445530726257,0.8847765363128491,300.0,5.883333333333334,1.5333333333333334,44.3356233977941,0.260875,0.9665427509293679,43,1.5327200806442765,0.5337909356516493,0.9327200806442766,0.8518316580675788,0.9069767441860465,RW,0.0005735667712497161
rubble,RW,60,800,0.02,0.4,0.2,,19,0.3,0.2,2.0,20,0,0.526536312849162,0.5194134078212291,0.8910614525139665,240.0,6.7,1.6333333333333333,45.641982077373605,0.2691875,1.0472222222222223,46,1.5163525630560861,0.7346872580085124,0.9163525630560858,0.5984746078388903,0.9130434782608695,RW,0.0005861485412492584
rubble,RW,60,800,0.02,0.4,0.2,,20,0.3,0.2,2.0,20,0,0.5537709497206704,0.5261871508379887,0.8526536312849162,240.0,6.3,1.4833333333333334,48.76299156824197,0.28429166666666666,1.0101910828025478,52,1.5958435506707447,0.8923360117801727,0.9958435506707447,0.662750295952076,0.7884615384615384,RW,0.0006179111974984153
rubble,RW,60,800,0.02,0.4,0.2,,21,0.3,0.2,2.0,20,0,0.5607541899441341,0.5165153631284916,0.8938547486033519,380.0,6.55,1.7166666666666666,44.684535376472795,0.29504166666666665,1.0749665327978581,47,1.4053214803726735,0.6125118349890782,0.805321480372674,0.44952629494600893,0.8297872340425532,RW,0.0005812814587511639
rubble,RW,60,800,0.02,0.4,0.2,,23,0.3,0.2,2.0,20,0,0.5705307262569832,0.5087988826815643,0.7891061452513967,240.0,7.8,1.7,51.823766010248356,0.308875,1.2588597842835132,52,1.627636779948104,0.6925398844239083,1.0276367799481043,0.7295169833933823,0.9230769230769231,RW,0.0005903743749991008
rubble,RW,60,800,0.02,0.4,0.2,,22,0.3,0.2,2.0,20,0,0.5886871508379888,0.558763966480447,0.8247206703910615,240.0,6.966666666666667,1.75,51.35567336540273,0.2522083333333333,1.1422764227642277,50,1.2912148501813487,0.6051615926527716,0.6912148501813491,0.4517007800962237,0.88,RW,0.0006152187499992579
rubble,RW,60,800,0.02,0.4,0.2,,24,0.3,0.2,2.0,20,0,0.5921787709497207,0.5412709497206702,0.8743016759776536,280.0,6.066666666666666,1.6166666666666667,46.678953821830206,0.3053958333333333,1.1291611185086552,48,1.5745312717869375,0.7001275884790815,0.9745312717869377,0.6833630086389572,0.9166666666666666,RW,0.00058159234374898
rubble,RW,60,800,0.02,0.4,0.2,,25,0.3,0.2,2.0,20,0,0.5754189944134078,0.5403282122905028,0.8505586592178771,280.0,7.033333333333333,1.6333333333333333,47.810631784942046,0.2828125,1.1226158038147138,53,1.2887018542281803,0.740372636734133,0.6887018542281801,0.254994686582536,0.8113207547169812,RW,0.0005952057287481694
rubble,RW,60,800,0.02,0.4,0.2,,26,0.3,0.2,2.0,20,0,0.6068435754189944,0.5272695530726257,0.8652234636871509,340.0,7.2,1.4333333333333333,50.67171644144229,0.2715,1.0999999999999999,50,1.619882886922505,0.7795521260004704,1.0198828869225052,0.6712356949247383,0.92,RW,0.0005918895837498894
rubble,RW,60,800,0.02,0.4,0.2,,27,0.3,0.2,2.0,20,0,0.6717877094972067,0.5778631284916201,0.8861731843575419,280.0,7.266666666666667,1.4833333333333334,52.8879053068999,0.272375,1.3417015341701533,54,1.5836945693314335,0.648644234839521,0.9836945693314334,0.6944085414323982,0.9444444444444444,RW,0.0006170988024996405
rubble,RW,60,800,0.02,0.4,0.2,,28,0.3,0.2,2.0,20,0,0.5803072625698324,0.5355446927374302,0.8051675977653632,280.0,7.133333333333334,1.2166666666666666,46.241912882297036,0.2962708333333333,1.1383561643835618,50,1.3397779001487928,0.7746688792496719,0.7397779001487932,0.3819517996643844,0.88,RW,0.0006004422924979735
rubble,RW,60,800,0.02,0.4,0.2,,29,0.3,0.2,2.0,20,0,0.547486033519553,0.5345670391061452,0.8770949720670391,280.0,6.15,1.5666666666666667,47.29423270898811,0.2857708333333333,1.0234986945169713,48,1.4638901387599457,0.7460351640453033,0.8638901387599457,0.546234171523802,0.9583333333333334,RW,0.0005928668749993448
rubble,RW,60,800,0.02,0.8,0.2,,0,0.3,0.2,2.0,20,0,0.5223463687150838,0.479713687150838,0.8156424581005587,340.0,5.9,1.3166666666666667,42.12760016907236,0.3091041666666667,1.1454823889739663,45,1.5525519597037383,0.6951461694834471,0.9525519597037383,0.6432957899962742,1.0,RW,0.0005699258325012124
rubble,RW,60,800,0.02,0.8,0.2,,1,0.3,0.2,2.0,20,0,0.5886871508379888,0.5512569832402235,0.8770949720670391,300.0,5.933333333333334,1.6,47.945158633961334,0.2723541666666667,1.1991465149359888,51,1.5074333898110774,0.7407847057918072,0.9074333898110774,0.5069992998320613,0.803921568627451,RW,0.0005783403649979846
rubble,RW,60,800,0.02,0.8,0.2,,2,0.3,0.2,2.0,20,0,0.47067039106145253,0.457018156424581,0.5998603351955307,260.0,5.95,1.8166666666666667,48.05174734970969,0.2916458333333333,0.9361111111111111,49,1.182529601925481,0.564717747428298,0.582529601925481,0.3116941982734688,0.8571428571428571,RW,0.0005850374475016906
rubble,RW,60,800,0.02,0.8,0.2,,4,0.3,0.2,2.0,20,0,0.5314245810055865,0.5216131284916201,0.840782122905028,300.0,5.766666666666667,1.5166666666666666,45.53120084275416,0.30935416666666665,1.0718309859154929,49,1.4244463711551458,0.6932483309176574,0.8244463711551456,0.48681347486312576,0.8163265306122449,RW,0.0005566459374995248
rubble,RW,60,800,0.02,0.8,0.2,,3,0.3,0.2,2.0,20,0,0.5006983240223464,0.48247206703910617,0.7653631284916201,300.0,6.5,1.55,47.10218159441509,0.3204375,1.0606508875739646,48,1.514799480979424,0.9035903924407754,0.9147994809794241,0.46267733332763283,0.7916666666666666,RW,0.0005988510937481806
rubble,RW,60,800,0.02,0.8,0.2,,5,0.3,0.2,2.0,20,0,0.4748603351955307,0.47213687150837985,0.7122905027932961,340.0,5.866666666666666,1.5333333333333334,47.31523249344142,0.31033333333333335,0.9214092140921408,47,1.3073974032485525,0.8147631460161786,0.7073974032485524,0.29668095020348917,0.7659574468085106,RW,0.0005871251562507496
rubble,RW,60,800,0.02,0.8,0.2,,6,0.3,0.2,2.0,20,0,0.5803072625698324,0.5468575418994414,0.9064245810055865,320.0,6.083333333333333,1.3666666666666667,44.05582946151572,0.33520833333333333,1.1837606837606838,50,1.3002734500088942,0.5612266972194336,0.7002734500088943,0.4989769887257619,0.84,RW,0.0005776057299999593
rubble,RW,60,800,0.02,0.8,0.2,,7,0.3,0.2,2.0,20,0,0.49162011173184356,0.45865921787709496,0.7912011173184358,320.0,5.066666666666666,1.0666666666666667,40.92452413346184,0.33339583333333334,1.0682852807283763,44,1.5408444510682988,0.6999721490254173,0.9408444510682984,0.7608709037224218,0.9090909090909091,RW,0.0005825871349998124
rubble,RW,60,800,0.02,0.8,0.2,,8,0.3,0.2,2.0,20,0,0.5858938547486033,0.5777583798882683,0.9106145251396648,340.0,6.566666666666666,1.2666666666666666,47.18229055350928,0.3001666666666667,1.1337837837837836,50,1.5378106340973392,0.8315188190528869,0.937810634097339,0.453672355803202,0.96,RW,0.0006035110937500577
rubble,RW,60,800,0.02,0.8,0.2,,9,0.3,0.2,2.0,20,0,0.5446927374301676,0.5153282122905027,0.8722067039106145,360.0,5.966666666666667,1.4833333333333334,48.322826499485465,0.303,1.0386151797603196,50,1.3386611791759249,0.6384968581417707,0.7386611791759249,0.3529073643490548,0.92,RW,0.0005682421874985266
rubble,RW,60,800,0.02,0.8,0.2,,10,0.3,0.2,2.0,20,0,0.6096368715083799,0.5832402234636872,0.8324022346368715,340.0,6.566666666666666,1.6666666666666667,47.44989894233877,0.313,1.102272727272727,52,1.4196743235754066,0.6241732849623278,0.8196743235754066,0.48400441284719753,0.9230769230769231,RW,0.000581172968750252
rubble,RW,60,800,0.02,0.8,0.2,,11,0.3,0.2,2.0,20,0,0.5467877094972067,0.4813896648044692,0.7646648044692738,260.0,4.9,1.5166666666666666,44.25354747911284,0.2872708333333333,1.1043723554301832,49,1.4102687687823692,0.5835734321249395,0.8102687687823691,0.4959028826436146,0.9183673469387755,RW,0.0005915288537494234
rubble,RW,60,800,0.02,0.8,0.2,,13,0.3,0.2,2.0,20,0,0.5656424581005587,0.5374650837988827,0.8798882681564246,340.0,6.05,1.5833333333333333,44.49925470080877,0.3407291666666667,1.081441922563418,47,1.6959035550387707,0.779807751716532,1.0959035550387708,0.6661715972505465,0.8723404255319149,RW,0.0005661211462506799
rubble,RW,60,800,0.02,0.8,0.2,,12,0.3,0.2,2.0,20,0,0.5572625698324022,0.5434008379888267,0.8638268156424581,320.0,5.783333333333333,1.3666666666666667,46.510147975222026,0.2859791666666667,1.0886766712141882,49,1.4093183171783368,0.7440408649518205,0.8093183171783366,0.39374789059868864,0.8571428571428571,RW,0.0005977215624989185
rubble,RW,60,800,0.02,0.8,0.2,,14,0.3,0.2,2.0,20,0,0.5558659217877095,0.5278631284916202,0.9350558659217877,360.0,5.383333333333334,1.5833333333333333,45.69034376742696,0.33847916666666666,1.059920106524634,48,1.4953631202673272,0.6971554647504147,0.8953631202673273,0.6690341743435771,1.0,RW,0.0006033616674994846
rubble,RW,60,800,0.02,0.8,0.2,,16,0.3,0.2,2.0,20,0,0.5467877094972067,0.5068784916201117,0.8268156424581006,260.0,5.616666666666666,1.8,43.59030144313635,0.32958333333333334,1.1582840236686391,47,1.4748546910936973,0.8196592168139464,0.8748546910936973,0.3280367387996199,0.8297872340425532,RW,0.0005678424999996423
rubble,RW,60,800,0.02,0.8,0.2,,15,0.3,0.2,2.0,20,0,0.5837988826815642,0.5453910614525139,0.8400837988826816,320.0,5.566666666666666,1.3166666666666667,45.99554301891082,0.3101875,1.0436953807740323,49,1.4131765852079259,0.5231783337557951,0.813176585207926,0.6504900841613342,0.9183673469387755,RW,0.0006175078649994247
rubble,RW,60,800,0.02,0.8,0.2,,17,0.3,0.2,2.0,20,0,0.5425977653631285,0.5436801675977654,0.8763966480446927,240.0,6.533333333333333,1.1666666666666667,44.72766851172917,0.30585416666666665,1.085195530726257,51,1.3118850770489776,0.6134772338862561,0.7118850770489775,0.411407130173815,0.8823529411764706,RW,0.0006103066674995716
rubble,RW,60,800,0.02,0.8,0.2,,18,0.3,0.2,2.0,20,0,0.5412011173184358,0.46113826815642456,0.7646648044692738,380.0,6.466666666666667,1.2833333333333334,43.1915938024143,0.40770833333333334,1.2380191693290736,49,1.5519974705850967,0.7069572905200475,0.9519974705850967,0.5913392062387178,0.8367346938775511,RW,0.0006170855725008551
rubble,RW,60,800,0.02,0.8,0.2,,19,0.3,0.2,2.0,20,0,0.48812849162011174,0.43550977653631284,0.7513966480446927,380.0,6.35,1.3833333333333333,41.76436006431369,0.3,1.0,40,1.6235476509578397,0.6468573664303087,1.0235476509578394,0.6460715063749146,0.9,RW,0.0005714836462493622
rubble,RW,60,800,0.02,0.8,0.2,,20,0.3,0.2,2.0,20,0,0.5782122905027933,0.5370111731843576,0.9434357541899442,240.0,6.216666666666667,1.3666666666666667,45.979641434769825,0.3189375,1.2017416545718433,49,1.4885068260201406,0.6203740683814793,0.8885068260201404,0.48780660401330367,0.7959183673469388,RW,0.0006012152075004451
rubble,RW,60,800,0.02,0.8,0.2,,21,0.3,0.2,2.0,20,0,0.5642458100558659,0.521508379888268,0.86731843575419,380.0,5.7,1.9333333333333333,43.45634958485343,0.34370833333333334,1.0716180371352786,49,1.4389183187121053,0.6621579809624915,0.8389183187121053,0.5603378305713106,0.8775510204081632,RW,0.0006084850000002007
rubble,RW,60,800,0.02,0.8,0.2,,22,0.3,0.2,2.0,20,0,0.5223463687150838,0.4895251396648046,0.7870111731843575,240.0,6.6,1.6166666666666667,46.721560828048474,0.3073125,1.0655270655270654,47,1.629451933029133,0.70938187069208,1.0294519330291327,0.617887390914147,0.9148936170212766,RW,0.0005906722912504847
rubble,RW,60,800,0.02,0.8,0.2,,23,0.3,0.2,2.0,20,0,0.5879888268156425,0.5302723463687151,0.7981843575418994,320.0,6.45,1.3666666666666667,48.49649830310504,0.35372916666666665,1.1825842696629214,54,1.3801990592939775,0.8049972814352558,0.7801990592939774,0.551810395455624,0.7037037037037037,RW,0.0006305265624996537
rubble,RW,60,800,0.02,0.8,0.2,,24,0.3,0.2,2.0,20,0,0.48044692737430167,0.4693435754189944,0.6955307262569832,300.0,5.283333333333333,1.3666666666666667,43.03297952443286,0.32227083333333334,1.0102790014684289,44,1.5657715473828853,0.8142316569289847,0.9657715473828857,0.5633416262493953,0.8636363636363636,RW,0.0005984781250003835
rubble,RW,60,800,0.02,0.8,0.2,,25,0.3,0.2,2.0,20,0,0.5090782122905028,0.49011871508379895,0.8554469273743017,380.0,6.35,1.3166666666666667,42.71089898540515,0.35820833333333335,1.1249999999999998,45,1.5084684251454945,0.7585098962105256,0.9084684251454946,0.7497049573347095,0.8222222222222222,RW,0.000599172864999673
rubble,RW,60,800,0.02,0.8,0.2,,26,0.3,0.2,2.0,20,0,0.505586592178771,0.4959846368715083,0.8114525139664804,260.0,5.9,1.5666666666666667,48.31866644600175,0.2715208333333333,0.9958734525447045,47,1.3797107491300902,0.7589860230056293,0.7797107491300898,0.4027144322650019,0.9148936170212766,RW,0.000591522812499079
rubble,RW,60,800,0.02,0.8,0.2,,27,0.3,0.2,2.0,20,0,0.5502793296089385,0.5372555865921788,0.9134078212290503,360.0,6.133333333333334,1.3,46.74859743238505,0.26416666666666666,0.9740420271940667,45,1.6052271304975547,0.6877332646536398,1.0052271304975544,0.7132429757917244,0.8666666666666667,RW,0.0005929270837509649
rubble,RW,60,800,0.02,0.8,0.2,,28,0.3,0.2,2.0,20,0,0.5069832402234636,0.4771997206703912,0.909217877094972,320.0,5.533333333333333,1.1833333333333333,38.51788326247383,0.31254166666666666,1.1203703703703702,39,1.654543440462745,0.7001123479175373,1.054543440462745,0.6520160539130574,1.0,RW,0.0005951822399993034
apartment,A,60,800,0.02,0.0,0.2,,0,0.3,0.2,2.0,20,0,0.5462239583333334,0.54443359375,0.892578125,300.0,5.5,0.55,57.79228106950013,0.11366666666666667,0.9229922992299231,47,1.3417980858767427,0.5067744934245115,0.7417980858767425,0.4833574581572907,0.9148936170212766,A,0.0005975008862515096
rubble,RW,60,800,0.02,0.8,0.2,,29,0.3,0.2,2.0,20,0,0.6089385474860335,0.5391759776536313,0.8505586592178771,300.0,5.933333333333334,1.35,43.710875177148516,0.36520833333333336,1.1945205479452055,53,1.4346499232797534,0.6508424082830798,0.8346499232797535,0.5642955667868331,0.9056603773584906,RW,0.0006257162500014602
apartment,A,60,800,0.02,0.0,0.2,,1,0.3,0.2,2.0,20,0,0.6100260416666666,0.5359049479166667,0.876953125,280.0,4.65,0.5666666666666667,56.402295771057986,0.1043125,1.0720823798627002,46,1.613010107293406,0.5118394479069425,1.0130101072934061,0.8518247677654326,1.0,A,0.0006138794787489132
apartment,A,60,800,0.02,0.0,0.2,,4,0.3,0.2,2.0,20,0,0.5201822916666666,0.5287109374999999,0.8971354166666666,280.0,5.433333333333334,0.4666666666666667,56.114663137692894,0.1153125,0.8858093126385808,44,1.505431604834022,0.7268687970346628,0.905431604834022,0.3418820438886565,1.0,A,0.0005901323962484639
apartment,A,60,800,0.02,0.0,0.2,,3,0.3,0.2,2.0,20,0,0.568359375,0.5818359375000001,0.9609375,280.0,5.8,0.55,61.93885687709734,0.13422916666666668,1.084472049689441,55,1.3938849191060811,0.6903620738016965,0.7938849191060813,0.4413592168014301,0.9636363636363636,A,0.0006080152599997746
apartment,A,60,800,0.02,0.0,0.2,,2,0.3,0.2,2.0,20,0,0.6393229166666666,0.5850911458333333,0.90625,320.0,5.716666666666667,0.48333333333333334,59.89307038159156,0.12289583333333333,1.1445221445221445,53,1.440653025383301,0.6614710123291689,0.8406530253833012,0.46879130129500124,0.9245283018867925,A,0.0006201939062520978
apartment,A,60,800,0.02,0.0,0.2,,5,0.3,0.2,2.0,20,0,0.556640625,0.5697265625,0.9576822916666666,300.0,5.316666666666666,0.4166666666666667,57.315926502413625,0.12470833333333334,1.0647571606475714,51,1.3027537505750537,0.7523650768008009,0.7027537505750538,0.2952196300491292,0.9215686274509803,A,0.0005885341149996748
apartment,A,60,800,0.02,0.0,0.2,,6,0.3,0.2,2.0,20,0,0.5540364583333334,0.5691406250000001,0.9075520833333334,300.0,4.6,0.5666666666666667,57.088607794731594,0.11239583333333333,0.9053191489361704,46,1.3332837103200312,0.5198394500099445,0.7332837103200313,0.5211800093098146,0.9565217391304348,A,0.0005757650512509826
apartment,A,60,800,0.02,0.0,0.2,,7,0.3,0.2,2.0,20,0,0.5234375,0.4847330729166667,0.9192708333333334,260.0,5.166666666666667,0.4166666666666667,56.419545660142276,0.12439583333333333,1.0062578222778473,45,1.4358255104639264,0.5997358584453936,0.8358255104639265,0.5929422666928775,0.9111111111111111,A,0.0005930989062494518
apartment,A,60,800,0.02,0.0,0.2,,8,0.3,0.2,2.0,20,0,0.509765625,0.47646484375,0.865234375,380.0,5.266666666666667,0.5833333333333334,54.8015099440916,0.12539583333333335,0.9277251184834124,42,1.5901703916861212,0.6845171904017484,0.9901703916861212,0.55527687387274,1.0,A,0.0005686041675016895
apartment,A,60,800,0.02,0.0,0.2,,9,0.3,0.2,2.0,20,0,0.58203125,0.5743489583333334,0.8828125,360.0,5.016666666666667,0.4,58.174749469026786,0.11125,0.9430379746835443,45,1.3718628885414872,0.4691479352403712,0.7718628885414875,0.5904722797911689,0.9111111111111111,A,0.0005852616662514265
apartment,A,60,800,0.02,0.0,0.2,,10,0.3,0.2,2.0,20,0,0.5123697916666666,0.4987955729166667,0.9635416666666666,240.0,4.816666666666666,0.45,53.97938240702511,0.11358333333333333,0.8892655367231638,43,1.5405359088120578,0.6319596181836756,0.940535908812058,0.5182642076184459,1.0,A,0.0005932109374998618
apartment,A,60,800,0.02,0.0,0.2,,13,0.3,0.2,2.0,20,0,0.5540364583333334,0.5259765625000001,0.9615885416666666,240.0,5.116666666666666,0.36666666666666664,53.27332824175237,0.1081875,1.1212121212121213,43,1.3262659086068156,0.6040424088748566,0.7262659086068157,0.36553869367825664,0.9069767441860465,A,0.0005938083850014664
apartment,A,60,800,0.02,0.0,0.2,,12,0.3,0.2,2.0,20,0,0.5618489583333334,0.5282877604166666,0.888671875,300.0,5.783333333333333,0.6,58.14978432869894,0.14135416666666667,1.1693766937669376,50,1.277255674271921,0.5283162304625812,0.6772556742719209,0.4059992181416162,0.88,A,0.0006141929162504312
apartment,A,60,800,0.02,0.0,0.2,,11,0.3,0.2,2.0,20,0,0.5794270833333334,0.5361002604166666,0.953125,340.0,5.433333333333334,0.4666666666666667,56.79765315600663,0.11827083333333334,1.0974106041923553,46,1.4790977656033635,0.6768089920542627,0.8790977656033634,0.6020778072319762,1.0,A,0.0006173395824998806
apartment,A,60,800,0.02,0.0,0.2,,14,0.3,0.2,2.0,20,0,0.6276041666666666,0.5708658854166666,0.9309895833333334,300.0,5.466666666666667,0.4666666666666667,56.89687475207601,0.12589583333333335,1.2233502538071064,47,1.7213386983679226,0.6485390760124754,1.1213386983679228,0.8036097982668459,0.9574468085106383,A,0.0006162252600006469
apartment,A,60,800,0.02,0.0,0.2,,15,0.3,0.2,2.0,20,0,0.5091145833333334,0.5183919270833333,0.9459635416666666,240.0,4.766666666666667,0.35,54.074287862176085,0.1074375,0.9690210656753409,43,1.5035850499321695,0.6711858549508493,0.9035850499321694,0.35133101882280604,0.9069767441860465,A,0.0005788096349988337
apartment,A,60,800,0.02,0.0,0.2,,16,0.3,0.2,2.0,20,0,0.5852864583333334,0.56337890625,0.9114583333333334,340.0,5.966666666666667,0.36666666666666664,62.609507965304765,0.1263125,1.0551643192488263,53,1.3691659304263994,0.6201442982784208,0.7691659304263998,0.4259969330062173,0.9245283018867925,A,0.0005970610424992629
apartment,A,60,800,0.02,0.0,0.2,,18,0.3,0.2,2.0,20,0,0.5611979166666666,0.5068359375000001,0.8912760416666666,300.0,5.283333333333333,0.4166666666666667,60.4618651146184,0.11841666666666667,1.0335731414868106,51,1.5016862031719982,0.7164592803972106,0.9016862031719982,0.5191182156626105,0.8627450980392157,A,0.0005790888024989726
apartment,A,60,800,0.02,0.0,0.2,,17,0.3,0.2,2.0,20,0,0.5735677083333334,0.5188802083333334,0.9342447916666666,300.0,5.666666666666667,0.4166666666666667,56.69425303802565,0.1295625,1.162269129287599,47,1.4308661267131215,0.5533017773565132,0.8308661267131214,0.4498577191637082,0.9574468085106383,A,0.0006166631762494035
apartment,A,60,800,0.02,0.0,0.2,,19,0.3,0.2,2.0,20,0,0.578125,0.562109375,0.8658854166666666,280.0,5.483333333333333,0.6333333333333333,58.34804134786075,0.11614583333333334,1.0558858501783592,47,1.3838283820148773,0.7060249627788708,0.7838283820148775,0.5085093372871753,0.9148936170212766,A,0.0005810695837499225
apartment,A,60,800,0.02,0.0,0.2,,22,0.3,0.2,2.0,20,0,0.5221354166666666,0.5248697916666666,0.98828125,320.0,5.5,0.48333333333333334,54.18356192102578,0.11683333333333333,0.8950892857142856,43,1.4517131362649844,0.6995328107603497,0.8517131362649842,0.3071802826757295,0.9069767441860465,A,0.000578109791249517
apartment,A,60,800,0.02,0.0,0.2,,21,0.3,0.2,2.0,20,0,0.689453125,0.5926106770833333,0.9368489583333334,320.0,5.933333333333334,0.55,61.84558568443221,0.141125,1.3337531486146095,55,1.532336895572687,0.5967855527744396,0.9323368955726871,0.7589692268056071,0.8909090909090909,A,0.0005976138024993816
apartment,A,60,800,0.02,0.0,0.2,,20,0.3,0.2,2.0,20,0,0.6334635416666666,0.5985677083333333,0.962890625,320.0,5.416666666666667,0.38333333333333336,59.174747470837445,0.11914583333333334,1.1610978520286397,52,1.565821945153539,0.5828227807938982,0.965821945153539,0.754084998918719,0.9230769230769231,A,0.0006159201050013508
apartment,A,60,800,0.02,0.0,0.2,,23,0.3,0.2,2.0,20,0,0.6061197916666666,0.5581054687499998,0.890625,280.0,5.816666666666666,0.5,59.730026776817276,0.11754166666666667,1.0310077519379843,50,1.5116261012557703,0.5245614624235283,0.9116261012557701,0.727677510280271,0.96,A,0.0005988348962500822
apartment,A,60,800,0.02,0.0,0.2,,24,0.3,0.2,2.0,20,0,0.6490885416666666,0.6037434895833333,0.9856770833333334,340.0,5.933333333333334,0.5666666666666667,62.44344927604461,0.13289583333333332,1.1016574585635357,55,1.4037215294186847,0.6240788944578732,0.8037215294186848,0.5187857312763203,0.9272727272727272,A,0.0006061369787494186
apartment,A,60,800,0.02,0.0,0.2,,25,0.3,0.2,2.0,20,0,0.5442708333333334,0.5709309895833334,0.9505208333333334,260.0,4.666666666666667,0.4666666666666667,57.181318834138885,0.10920833333333334,0.982373678025852,47,1.4066273431323075,0.61985261216416,0.8066273431323077,0.27482879283867334,0.8297872340425532,A,0.0005948915112480791
apartment,A,60,800,0.02,0.0,0.2,,27,0.3,0.2,2.0,20,0,0.5494791666666666,0.5592447916666666,0.9876302083333334,320.0,5.316666666666666,0.3333333333333333,55.89861982296236,0.116,0.9398663697104677,46,1.384874551982433,0.6838662690777336,0.7848745519824327,0.3752442959269219,0.9130434782608695,A,0.0005669053650012757
apartment,A,60,800,0.02,0.0,0.2,,26,0.3,0.2,2.0,20,0,0.6868489583333334,0.6037109375,0.9453125,380.0,5.8,0.31666666666666665,58.67040068639016,0.1263125,1.2196531791907517,51,1.6032077430668625,0.5895211402707466,1.0032077430668622,0.6047643888373119,1.0,A,0.0005929547912501221
apartment,A,60,800,0.02,0.0,0.2,,28,0.3,0.2,2.0,20,0,0.5787760416666666,0.5598307291666667,0.8717447916666666,340.0,5.6,0.4666666666666667,59.41644140435614,0.11947916666666666,1.005656108597285,50,1.5362362407465495,0.6788077519061849,0.9362362407465491,0.5817278773413334,0.96,A,0.0005845765624985688
apartment,A,60,800,0.02,0.0,0.2,,29,0.3,0.2,2.0,20,0,0.6080729166666666,0.5605143229166667,0.9088541666666666,280.0,5.2,0.6,57.847766933925996,0.10904166666666666,1.034330011074197,45,1.5774598356468894,0.5404723804197474,0.9774598356468892,0.8437540339617301,1.0,A,0.0005984428124997976
apartment,A,60,800,0.02,0.1,0.2,,0,0.3,0.2,2.0,20,0,0.6009114583333334,0.5402018229166667,0.91015625,320.0,5.1,0.55,56.735510373180084,0.11641666666666667,1.100119189511323,47,1.7247521649459718,0.6635707863782956,1.1247521649459717,0.6953045076960221,0.9148936170212766,A,0.0005864007287505047
apartment,A,60,800,0.02,0.1,0.2,,1,0.3,0.2,2.0,20,0,0.5611979166666666,0.5264322916666667,0.9381510416666666,300.0,5.816666666666666,0.43333333333333335,55.20323175518338,0.12389583333333333,1.1711956521739129,46,1.6370428173455744,0.6840738358027809,1.037042817345575,0.6942574812269703,1.0,A,0.0005841183862503385
apartment,A,60,800,0.02,0.1,0.2,,2,0.3,0.2,2.0,20,0,0.5950520833333334,0.5544270833333333,0.970703125,300.0,5.533333333333333,0.36666666666666664,59.65121029205577,0.1180625,1.05909617612978,53,1.3957502185892336,0.6870585122843292,0.7957502185892342,0.3536159297272876,0.9245283018867925,A,0.0005974536462485957
apartment,A,60,800,0.02,0.1,0.2,,3,0.3,0.2,2.0,20,0,0.609375,0.60615234375,0.8782552083333334,260.0,5.166666666666667,0.4666666666666667,61.87055871884859,0.124625,1.1116389548693586,55,1.3693212522682012,0.6186596044730259,0.7693212522682014,0.4347531859298005,1.0,A,0.0005925216662490129
apartment,A,60,800,0.02,0.1,0.2,,4,0.3,0.2,2.0,20,0,0.5618489583333334,0.5450846354166667,0.88671875,320.0,5.166666666666667,0.4166666666666667,56.42686668860112,0.117375,1.005827505827506,44,1.520175508808958,0.5811445166714714,0.9201755088089577,0.46915984869083527,0.9545454545454546,A,0.0005523986975003937
apartment,A,60,800,0.02,0.1,0.2,,6,0.3,0.2,2.0,20,0,0.5625,0.531640625,0.8997395833333334,380.0,4.533333333333333,0.25,56.3166640728616,0.11779166666666667,0.9473684210526315,46,1.5191920568975843,0.7365558454095061,0.9191920568975844,0.3681520557254748,1.0,A,0.0005857412499995007
apartment,A,60,800,0.02,0.1,0.2,,7,0.3,0.2,2.0,20,0,0.5162760416666666,0.49248046875,0.82421875,340.0,5.45,0.5,56.89177222059026,0.12770833333333334,0.9073226544622426,45,1.540534796427148,0.7757808852987743,0.9405347964271479,0.26239816244489234,0.8666666666666667,A,0.000577351353749691
apartment,A,60,800,0.02,0.1,0.2,,5,0.3,0.2,2.0,20,0,0.6002604166666666,0.5575195312499999,0.9401041666666666,360.0,5.2,0.55,60.06471234423504,0.12808333333333333,0.9924650161463938,51,1.5805564313002753,0.6835442036381151,0.9805564313002757,0.6112906190592206,0.9607843137254902,A,0.0006344040112503535
apartment,A,60,800,0.02,0.1,0.2,,9,0.3,0.2,2.0,20,0,0.5716145833333334,0.5373697916666667,0.9661458333333334,260.0,5.233333333333333,0.35,56.2145637243119,0.11622916666666666,1.1675531914893618,45,1.5989129334652297,0.6448252157298916,0.9989129334652296,0.7816777383664834,0.9111111111111111,A,0.0005740353125020192
apartment,A,60,800,0.02,0.1,0.2,,10,0.3,0.2,2.0,20,0,0.5299479166666666,0.5184244791666666,0.9466145833333334,360.0,5.433333333333334,0.5166666666666667,52.87672209519844,0.11585416666666666,0.9520467836257309,43,1.6015000580792043,0.7231462832084936,1.0015000580792042,0.5721422398543564,0.9534883720930233,A,0.0005799854174983921
apartment,A,60,800,0.02,0.1,0.2,,8,0.3,0.2,2.0,20,0,0.4420572916666667,0.4584635416666666,0.873046875,280.0,4.966666666666667,0.43333333333333335,53.14291069601591,0.12683333333333333,0.8016528925619836,42,1.305897753788181,0.6594145718261074,0.7058977537881811,0.3956382304140085,0.9285714285714286,A,0.0006007780212507896
apartment,A,60,800,0.02,0.1,0.2,,11,0.3,0.2,2.0,20,0,0.5325520833333334,0.5212239583333333,0.8743489583333334,220.0,6.116666666666666,0.4166666666666667,57.201682215672896,0.11710416666666666,1.0433673469387756,46,1.442597524007969,0.8075063085661123,0.8425975240079688,0.3355234730254577,0.9130434782608695,A,0.0006025042700002814
apartment,A,60,800,0.02,0.1,0.2,,13,0.3,0.2,2.0,20,0,0.5455729166666666,0.53740234375,0.943359375,280.0,5.116666666666666,0.4666666666666667,55.923611131131636,0.1071875,0.8933901918976545,43,1.6062626995438039,0.8163515701566462,1.0062626995438038,0.6548647404259013,0.9534883720930233,A,0.0005718581774999621
apartment,A,60,800,0.02,0.1,0.2,,12,0.3,0.2,2.0,20,0,0.51171875,0.5565755208333333,0.904296875,340.0,5.15,0.5,57.701364763282385,0.1174375,0.7875751503006012,50,1.2436189176392964,0.55905182592812,0.6436189176392965,0.3733534355205977,0.92,A,0.0006300717712497317
apartment,A,60,800,0.02,0.1,0.2,,14,0.3,0.2,2.0,20,0,0.6080729166666666,0.5697916666666667,0.93359375,320.0,5.533333333333333,0.45,57.225263105887315,0.12141666666666667,1.029768467475193,47,1.5856579342675905,0.5422694454286007,0.9856579342675906,0.6611218388001322,1.0,A,0.0006073498437490344
apartment,A,60,800,0.02,0.1,0.2,,15,0.3,0.2,2.0,20,0,0.51953125,0.5413411458333334,0.9537760416666666,380.0,4.85,0.35,56.648146749506715,0.11164583333333333,0.8193018480492813,43,1.493112087522595,0.5158313302764203,0.8931120875225947,0.6299977301829259,0.9534883720930233,A,0.0006022266150012001
apartment,A,60,800,0.02,0.1,0.2,,16,0.3,0.2,2.0,20,0,0.6061197916666666,0.5601236979166666,0.9036458333333334,240.0,5.8,0.5,60.19579050092727,0.126625,1.0952941176470588,53,1.3314097030066587,0.5608210710051313,0.7314097030066588,0.5390412581757619,0.8490566037735849,A,0.0006184574999997494
apartment,A,60,800,0.02,0.1,0.2,,17,0.3,0.2,2.0,20,0,0.5475260416666666,0.4917643229166666,0.9264322916666666,400.0,6.4,0.4166666666666667,54.884327048399534,0.1508125,1.0331695331695332,47,1.5022353851454733,0.7366700345311288,0.9022353851454731,0.5926173998675669,1.0,A,0.0005956051562498033
apartment,A,60,800,0.02,0.1,0.2,,19,0.3,0.2,2.0,20,0,0.5462239583333334,0.5632812500000001,0.984375,280.0,5.2,0.5,59.16212720748895,0.1193125,1.016969696969697,47,1.5879392276305844,0.6623598382570852,0.987939227630584,0.7779881699831405,0.9574468085106383,A,0.0006102503124998293
apartment,A,60,800,0.02,0.1,0.2,,18,0.3,0.2,2.0,20,0,0.4583333333333333,0.4873046875,0.89453125,320.0,6.2,0.4,58.58527349770195,0.13339583333333332,0.8877679697351829,51,1.1459191199948757,0.6995227830232524,0.5459191199948757,0.24407720905693198,0.8823529411764706,A,0.0006219278124990524
apartment,A,60,800,0.02,0.1,0.2,,20,0.3,0.2,2.0,20,0,0.6412760416666666,0.5720377604166667,0.8782552083333334,320.0,5.883333333333334,0.4666666666666667,59.852935501222355,0.132125,1.1588235294117648,52,1.6034725111457844,0.6760998819946923,1.0034725111457845,0.5952245121266776,1.0,A,0.0006122642187483507
apartment,A,60,800,0.02,0.1,0.2,,21,0.3,0.2,2.0,20,0,0.6848958333333334,0.6055338541666667,0.8756510416666666,300.0,5.7,0.5333333333333333,63.72773239928274,0.12704166666666666,1.1397616468039002,55,1.4308980811643373,0.520968533605793,0.830898081164337,0.7721089308155421,0.8909090909090909,A,0.0006033345837499838
apartment,A,60,800,0.02,0.1,0.2,,22,0.3,0.2,2.0,20,0,0.5716145833333334,0.48958333333333337,0.8815104166666666,340.0,5.266666666666667,0.3333333333333333,53.24526126850201,0.12720833333333334,1.0,43,1.5677933885049582,0.5481146511664537,0.967793388504958,0.5901996760879259,0.9534883720930233,A,0.0005732064062499376
apartment,A,60,800,0.02,0.1,0.2,,23,0.3,0.2,2.0,20,0,0.6002604166666666,0.58515625,0.8815104166666666,340.0,5.1,0.55,60.39926161846661,0.11727083333333334,1.0658959537572255,50,1.5356027400178498,0.6891863628274336,0.9356027400178499,0.6114261719045617,1.0,A,0.0005945431774989629
apartment,A,60,800,0.02,0.1,0.2,,24,0.3,0.2,2.0,20,0,0.650390625,0.5808919270833334,0.8684895833333334,280.0,5.6,0.5666666666666667,64.12728576227791,0.12183333333333334,1.1482758620689655,55,1.4595815604964282,0.5951598073378426,0.8595815604964282,0.520210660727478,0.9272727272727272,A,0.0006038547924981686
apartment,A,60,800,0.02,0.1,0.2,,25,0.3,0.2,2.0,20,0,0.53515625,0.5511067708333334,0.9772135416666666,340.0,5.016666666666667,0.31666666666666665,56.90353512393494,0.11360416666666667,0.8782051282051282,47,1.365741859100097,0.7613823613339396,0.7657418591000971,0.2679766202350874,0.9574468085106383,A,0.0005991232299993499
apartment,A,60,800,0.02,0.1,0.2,,26,0.3,0.2,2.0,20,0,0.5501302083333334,0.58056640625,0.91015625,280.0,5.466666666666667,0.4166666666666667,60.89580551255695,0.12085416666666667,0.9814169570267132,51,1.3095117919603712,0.622199792507619,0.7095117919603714,0.3665809990945714,0.9607843137254902,A,0.0005787817187479049
apartment,A,60,800,0.02,0.1,0.2,,28,0.3,0.2,2.0,20,0,0.6256510416666666,0.5958658854166666,0.91015625,240.0,5.433333333333334,0.6166666666666667,59.38489404755993,0.11975,1.118742724097788,50,1.5284463182731904,0.5889427490689617,0.9284463182731905,0.49650314591253464,0.92,A,0.0006032872400010092
apartment,A,60,800,0.02,0.1,0.2,,27,0.3,0.2,2.0,20,0,0.5670572916666666,0.4972981770833333,0.888671875,340.0,5.566666666666666,0.55,55.35656187282962,0.11941666666666667,1.2354609929078013,46,1.6205884496847407,0.5476854715689049,1.0205884496847402,0.8933972819501553,0.9565217391304348,A,0.0006102177599996139
apartment,A,60,800,0.02,0.1,0.2,,29,0.3,0.2,2.0,20,0,0.5625,0.5199544270833333,0.8307291666666666,360.0,5.683333333333334,0.38333333333333336,54.945580858526064,0.12422916666666667,1.2449567723342938,45,1.6023456425227907,0.6202582757730678,1.0023456425227903,0.5648873286656263,0.9111111111111111,A,0.0005814131250008359
apartment,A,60,800,0.02,0.2,0.2,,0,0.3,0.2,2.0,20,0,0.580078125,0.5714192708333333,0.947265625,360.0,5.05,0.5333333333333333,58.41400717737749,0.11610416666666666,0.9349422875131164,47,1.4100302983115471,0.5836174390831154,0.810030298311547,0.4812764323042421,0.9148936170212766,A,0.000579504531249313
apartment,A,60,800,0.02,0.2,0.2,,1,0.3,0.2,2.0,20,0,0.5045572916666666,0.4880533854166666,0.8326822916666666,280.0,5.55,0.55,56.28014207183397,0.11595833333333333,0.8563535911602209,46,1.5656340233920407,0.7578220894384632,0.9656340233920405,0.5275105498120533,0.9565217391304348,A,0.0006061454175005565
apartment,A,60,800,0.02,0.2,0.2,,2,0.3,0.2,2.0,20,0,0.62109375,0.5698893229166667,0.923828125,320.0,5.1,0.5666666666666667,62.41072168014248,0.11895833333333333,1.0731158605174353,53,1.5387545443881696,0.45341140650525763,0.9387545443881693,0.886680866997087,1.0,A,0.0006160373437501221
apartment,A,60,800,0.02,0.2,0.2,,3,0.3,0.2,2.0,20,0,0.66796875,0.5906901041666667,0.8834635416666666,360.0,6.283333333333333,0.43333333333333335,62.04586011723406,0.13770833333333332,1.3003802281368821,55,1.4231219742601264,0.541576525985997,0.8231219742601262,0.528310452058454,0.9636363636363636,A,0.0006022293237492704
apartment,A,60,800,0.02,0.2,0.2,,4,0.3,0.2,2.0,20,0,0.5260416666666666,0.5356119791666668,0.9166666666666666,320.0,4.616666666666666,0.5166666666666667,57.41080861745019,0.11095833333333334,0.8792165397170838,44,1.4662645798345721,0.6253583398803797,0.8662645798345722,0.44498784897463095,1.0,A,0.0005675048962507389
apartment,A,60,800,0.02,0.2,0.2,,5,0.3,0.2,2.0,20,0,0.5716145833333334,0.5434244791666667,0.826171875,280.0,5.533333333333333,0.4666666666666667,58.992661018790024,0.1323125,1.1270860077021823,51,1.3371797071906482,0.6615665469452818,0.7371797071906484,0.5620978353878084,1.0,A,0.0005949126037489805
apartment,A,60,800,0.02,0.2,0.2,,6,0.3,0.2,2.0,20,0,0.51953125,0.51904296875,0.8893229166666666,380.0,5.133333333333334,0.4666666666666667,56.165320573632535,0.1208125,0.9864029666254635,46,1.343678544085823,0.6659728672262747,0.7436785440858229,0.37831160528829694,0.9130434782608695,A,0.0005999735937507467
apartment,A,60,800,0.02,0.2,0.2,,7,0.3,0.2,2.0,20,0,0.5201822916666666,0.5378580729166667,0.8899739583333334,360.0,5.066666666666666,0.3333333333333333,56.47017140405111,0.11979166666666667,0.9162844036697246,45,1.4062935401569425,0.6960198076009119,0.8062935401569423,0.4059282767889899,0.9111111111111111,A,0.0006103080212483292
apartment,A,60,800,0.02,0.2,0.2,,8,0.3,0.2,2.0,20,0,0.5338541666666666,0.4893229166666666,0.908203125,320.0,5.1,0.48333333333333334,53.21458544429053,0.13116666666666665,1.0110974106041923,42,1.546655229105929,0.5563504375078807,0.9466552291059293,0.5991729873127499,1.0,A,0.0005812976562515359
apartment,A,60,800,0.02,0.2,0.2,,9,0.3,0.2,2.0,20,0,0.56640625,0.5030924479166667,0.8919270833333334,320.0,5.2,0.45,57.16568071113831,0.11116666666666666,1.0104529616724738,45,1.5162648755813337,0.5404865710113114,0.9162648755813336,0.8223407629753615,0.9555555555555556,A,0.0005768857812495299
apartment,A,60,800,0.02,0.2,0.2,,10,0.3,0.2,2.0,20,0,0.4837239583333333,0.5012369791666667,0.8645833333333334,300.0,5.033333333333333,0.4,55.3979756325683,0.11608333333333333,0.7581632653061223,43,1.2076945954264475,0.5554180504303576,0.6076945954264474,0.4236878810829513,0.9534883720930233,A,0.0005867492712513922
apartment,A,60,800,0.02,0.2,0.2,,12,0.3,0.2,2.0,20,0,0.5989583333333334,0.552734375,0.9212239583333334,260.0,5.133333333333334,0.5166666666666667,59.64702254948926,0.11954166666666667,1.0065645514223194,50,1.3966759040971284,0.5743382878832427,0.7966759040971279,0.4712785120104943,0.96,A,0.0005865346362497803
apartment,A,60,800,0.02,0.2,0.2,,13,0.3,0.2,2.0,20,0,0.5579427083333334,0.5064453125,0.9576822916666666,300.0,5.0,0.45,55.583848025436076,0.11302083333333333,0.950110864745011,43,1.5299829060640686,0.6241982937844954,0.9299829060640685,0.5792110918360548,0.9534883720930233,A,0.0005967360424983781
apartment,A,60,800,0.02,0.2,0.2,,11,0.3,0.2,2.0,20,0,0.5631510416666666,0.5434244791666666,0.8834635416666666,300.0,5.433333333333334,0.5833333333333334,58.30082361484504,0.11760416666666666,0.9589800443458979,46,1.5159470631404122,0.5533132000509998,0.9159470631404124,0.6262520882438284,1.0,A,0.0006003918750002412
apartment,A,60,800,0.02,0.2,0.2,,14,0.3,0.2,2.0,20,0,0.5813802083333334,0.5296875000000001,0.8782552083333334,400.0,5.516666666666667,0.5333333333333333,56.51754773258849,0.1309375,1.0420070011668612,47,1.610429657408741,0.6986989898182245,1.0104296574087415,0.47961439494009606,0.9574468085106383,A,0.0006010849475001123
apartment,A,60,800,0.02,0.2,0.2,,15,0.3,0.2,2.0,20,0,0.5494791666666666,0.5006184895833333,0.9205729166666666,320.0,4.783333333333333,0.5166666666666667,53.40323018590096,0.1183125,1.142083897158322,43,1.9090262114303787,0.7125166306806514,1.3090262114303788,0.8698719873916135,1.0,A,0.0005866437500003485
apartment,A,60,800,0.02,0.2,0.2,,16,0.3,0.2,2.0,20,0,0.6106770833333334,0.5547851562500001,0.9817708333333334,300.0,5.816666666666666,0.5,61.226160921509425,0.13395833333333335,1.0970760233918129,53,1.4692129634014652,0.6760334484344485,0.869212963401465,0.5081639841919753,0.9245283018867925,A,0.0006086544275012784
apartment,A,60,800,0.02,0.2,0.2,,17,0.3,0.2,2.0,20,0,0.5423177083333334,0.5680989583333333,0.904296875,300.0,4.9,0.6,57.429582380662275,0.11710416666666666,0.9498289623717219,47,1.478934732702283,0.556136036335149,0.8789347327022831,0.8656448093268782,0.9361702127659575,A,0.0006034889062493675
apartment,A,60,800,0.02,0.2,0.2,,18,0.3,0.2,2.0,20,0,0.5826822916666666,0.5508138020833332,0.9459635416666666,220.0,5.2,0.43333333333333335,59.67639501962682,0.11491666666666667,1.0642092746730083,51,1.387835373159845,0.46104156884058595,0.7878353731598448,0.6456815239537353,0.9215686274509803,A,0.000609718281248206
apartment,A,60,800,0.02,0.2,0.2,,19,0.3,0.2,2.0,20,0,0.5872395833333334,0.5536458333333334,0.9173177083333334,320.0,5.4,0.4666666666666667,59.33891141942614,0.1129375,0.9575371549893843,47,1.7245749247804436,0.7788085203267126,1.1245749247804442,0.5195697845009785,1.0,A,0.0005741482812504728
apartment,A,60,800,0.02,0.2,0.2,,20,0.3,0.2,2.0,20,0,0.5735677083333334,0.5642252604166667,0.9231770833333334,260.0,6.016666666666667,0.43333333333333335,58.9982942418553,0.14089583333333333,1.1426718547341117,52,1.374221756816354,0.5263336497774952,0.7742217568163541,0.5097009589631457,1.0,A,0.0006057904175008844
apartment,A,60,800,0.02,0.2,0.2,,22,0.3,0.2,2.0,20,0,0.5071614583333334,0.4801432291666667,0.9375,280.0,5.1,0.6,53.07071857811706,0.1250625,0.9749687108886109,43,1.4675474961185537,0.5598573526073503,0.8675474961185536,0.6160593251454153,0.9534883720930233,A,0.0005955818749998798
apartment,A,60,800,0.02,0.2,0.2,,21,0.3,0.2,2.0,20,0,0.5865885416666666,0.5490234375,0.8665364583333334,260.0,6.0,0.4166666666666667,62.48485661230599,0.14245833333333333,1.2045454545454544,55,1.160474793549351,0.49601404801835536,0.560474793549351,0.26871622751065893,0.8545454545454545,A,0.0006065342699980647
apartment,A,60,800,0.02,0.2,0.2,,23,0.3,0.2,2.0,20,0,0.5774739583333334,0.5576171875000001,0.9251302083333334,380.0,5.083333333333333,0.43333333333333335,57.419552476328676,0.12908333333333333,1.0278099652375434,50,1.4907219970632857,0.77902367377792,0.890721997063286,0.4575861578154745,0.92,A,0.0005787679687500713
apartment,A,60,800,0.02,0.2,0.2,,25,0.3,0.2,2.0,20,0,0.5983072916666666,0.5458984374999999,0.904296875,260.0,5.0,0.7,58.61234924218592,0.10479166666666667,0.9445015416238438,47,1.4371099722285083,0.5333469178431435,0.8371099722285087,0.5698064906896446,0.9574468085106383,A,0.0005691366662495057
apartment,A,60,800,0.02,0.2,0.2,,24,0.3,0.2,2.0,20,0,0.6236979166666666,0.5628580729166666,0.791015625,240.0,5.566666666666666,0.45,61.962786946222685,0.13091666666666665,1.1364175563463819,55,1.4593131753169488,0.4651992272468126,0.8593131753169491,0.7819894956327987,0.9636363636363636,A,0.0006087560425021366
apartment,A,60,800,0.02,0.2,0.2,,26,0.3,0.2,2.0,20,0,0.669921875,0.5786783854166668,0.9830729166666666,320.0,5.783333333333333,0.4166666666666667,60.95985285695308,0.125,1.177345537757437,51,1.728696683044321,0.6190177254412379,1.1286966830443206,0.6621375037631462,0.9215686274509803,A,0.000588770937499703
apartment,A,60,800,0.02,0.2,0.2,,27,0.3,0.2,2.0,20,0,0.57421875,0.5008138020833333,0.8216145833333334,300.0,5.583333333333333,0.38333333333333336,57.70747814111868,0.1200625,1.0835380835380837,46,1.4588792815974723,0.5384856828877019,0.8588792815974722,0.4586626586849108,0.9565217391304348,A,0.0005808636462484173
apartment,A,60,800,0.02,0.2,0.2,,28,0.3,0.2,2.0,20,0,0.623046875,0.5680338541666667,0.9713541666666666,360.0,6.066666666666666,0.5666666666666667,59.569700030744976,0.1254375,1.083805209513024,50,1.6316348143069568,0.6649039662404417,1.0316348143069567,0.6145038510695012,0.96,A,0.0005796888025020052
apartment,A,60,800,0.02,0.4,0.2,,0,0.3,0.2,2.0,20,0,0.623046875,0.5826822916666666,0.9466145833333334,340.0,4.85,0.36666666666666664,57.83078070132653,0.112875,1.0764904386951633,47,1.6396027443478243,0.6713246533016249,1.039602744347824,0.6109758620414513,1.0,A,0.0005738505725003052
apartment,A,60,800,0.02,0.2,0.2,,29,0.3,0.2,2.0,20,0,0.4830729166666667,0.4979166666666667,0.9602864583333334,300.0,5.583333333333333,0.5166666666666667,57.936016735368604,0.12727083333333333,0.9037758830694275,45,1.5698954201884814,0.8430602845137707,0.9698954201884818,0.41777118745749,0.9111111111111111,A,0.0005827983337485421
apartment,A,60,800,0.02,0.4,0.2,,1,0.3,0.2,2.0,20,0,0.5911458333333334,0.5394856770833334,0.9466145833333334,180.0,5.3,0.5,57.18807626708928,0.10839583333333333,1.1279503105590063,46,1.4534843045027934,0.6520236058129826,0.8534843045027931,0.30073246439046575,0.8695652173913043,A,0.000586722238749644
apartment,A,60,800,0.02,0.4,0.2,,2,0.3,0.2,2.0,20,0,0.6627604166666666,0.5986653645833334,0.9427083333333334,300.0,5.1,0.5333333333333333,59.711995635321706,0.1125625,1.1621004566210045,53,1.5842273054950067,0.692545678274248,0.9842273054950066,0.6839715262127147,0.7735849056603774,A,0.0006000288025006739
apartment,A,60,800,0.02,0.4,0.2,,4,0.3,0.2,2.0,20,0,0.5234375,0.5213541666666666,0.880859375,300.0,4.916666666666667,0.25,55.56885422496963,0.1158125,0.9033707865168539,44,1.3594577366788043,0.8888571482442458,0.759457736678804,0.3302911866484659,0.9090909090909091,A,0.0005861687500009794
apartment,A,60,800,0.02,0.4,0.2,,3,0.3,0.2,2.0,20,0,0.6822916666666666,0.6122395833333332,0.9934895833333334,280.0,5.633333333333334,0.48333333333333334,60.34146782351776,0.11954166666666667,1.0973821989528796,55,1.557499550296058,0.6464815840785928,0.9574995502960583,0.601132182181836,0.9636363636363636,A,0.0005965797400017437
apartment,A,60,800,0.02,0.4,0.2,,5,0.3,0.2,2.0,20,0,0.6412760416666666,0.6111979166666666,0.9720052083333334,320.0,5.316666666666666,0.48333333333333334,58.872416133552974,0.12466666666666666,1.0412262156448202,51,1.4178874063127012,0.574968345502017,0.8178874063127008,0.6033200175379138,1.0,A,0.0005874752087493107
apartment,A,60,800,0.02,0.4,0.2,,6,0.3,0.2,2.0,20,0,0.5950520833333334,0.5419596354166667,0.9466145833333334,240.0,5.216666666666667,0.6,55.33308942268626,0.12185416666666667,1.2729805013927578,46,1.7993496315265847,0.6165086865202253,1.1993496315265848,0.9485695787767691,1.0,A,0.0005655679687515658
apartment,A,60,800,0.02,0.4,0.2,,7,0.3,0.2,2.0,20,0,0.5579427083333334,0.5012044270833333,0.8502604166666666,320.0,5.2,0.55,54.89902040245836,0.12547916666666667,1.0312876052948257,45,1.4985580342471703,0.6387668873146045,0.8985580342471704,0.6080064411130403,0.8666666666666667,A,0.0005741265100004966
apartment,A,60,800,0.02,0.4,0.2,,10,0.3,0.2,2.0,20,0,0.6041666666666666,0.5385742187499999,0.92578125,320.0,5.066666666666666,0.55,55.85590803685345,0.1105,1.0497737556561084,43,1.5822823114697433,0.6227417843071442,0.9822823114697437,0.6942179610589382,1.0,A,0.0005424102087499704
apartment,A,60,800,0.02,0.4,0.2,,8,0.3,0.2,2.0,20,0,0.546875,0.5458984375,0.904296875,320.0,4.216666666666667,0.5166666666666667,54.65575281962196,0.10466666666666667,0.8870116156282999,42,1.4782349659388667,0.5956569902184147,0.8782349659388671,0.6311208169602758,1.0,A,0.00057817869749897
apartment,A,60,800,0.02,0.4,0.2,,9,0.3,0.2,2.0,20,0,0.5475260416666666,0.5371419270833333,0.9739583333333334,300.0,4.783333333333333,0.4166666666666667,55.1579907047149,0.12079166666666667,0.9688940092165899,45,1.673129075513502,0.77534358528604,1.0731290755135021,0.5609565109425786,0.9555555555555556,A,0.0005729631250005696
apartment,A,60,800,0.02,0.4,0.2,,11,0.3,0.2,2.0,20,0,0.5494791666666666,0.5363606770833333,0.8997395833333334,280.0,5.65,0.6166666666666667,57.34552305469506,0.12804166666666666,1.0280146163215589,46,1.5110378909248205,0.6298644214073261,0.9110378909248206,0.6025736621791955,0.9130434782608695,A,0.0005989792187506282
apartment,A,60,800,0.02,0.4,0.2,,13,0.3,0.2,2.0,20,0,0.5266927083333334,0.5385416666666668,0.951171875,280.0,4.616666666666666,0.5666666666666667,55.74571596123225,0.10525,0.866167023554604,43,1.5562808880053962,0.5197472171273732,0.9562808880053965,0.8105700586711942,1.0,A,0.0005743613537492819
apartment,A,60,800,0.02,0.4,0.2,,12,0.3,0.2,2.0,20,0,0.5553385416666666,0.5429036458333333,0.8932291666666666,300.0,5.283333333333333,0.4666666666666667,58.373032351244554,0.13089583333333332,0.9649321266968325,50,1.3701814333078495,0.7094541162298178,0.7701814333078494,0.3749166314525089,0.92,A,0.0005909427087499353
apartment,A,60,800,0.02,0.4,0.2,,15,0.3,0.2,2.0,20,0,0.5260416666666666,0.5368164062499999,0.9375,320.0,4.866666666666666,0.48333333333333334,54.87110366424101,0.10116666666666667,0.8577494692144373,43,1.4950396176463023,0.7196856205531807,0.8950396176463025,0.39252692632133934,0.9069767441860465,A,0.0005743107812509152
apartment,A,60,800,0.02,0.4,0.2,,14,0.3,0.2,2.0,20,0,0.564453125,0.5505208333333333,0.830078125,360.0,4.833333333333333,0.4,59.106967680763645,0.11341666666666667,0.9252934898612594,47,1.322024508116,0.6130728136166661,0.7220245081159998,0.4514983217537002,0.9148936170212766,A,0.0006207692187513203
apartment,A,60,800,0.02,0.4,0.2,,16,0.3,0.2,2.0,20,0,0.60546875,0.5779622395833333,0.9407552083333334,260.0,5.366666666666666,0.5,58.574069507210396,0.11954166666666667,1.091549295774648,53,1.3886604491082506,0.5060849741594129,0.7886604491082506,0.45294739060021383,1.0,A,0.0005824794275008571
apartment,A,60,800,0.02,0.4,0.2,,19,0.3,0.2,2.0,20,0,0.5475260416666666,0.5222005208333333,0.904296875,340.0,5.55,0.4,57.81091930525488,0.13360416666666666,1.005980861244019,47,1.5144098932446015,0.4095778402845483,0.914409893244601,0.6834180262086088,1.0,A,0.0005730748949986264
apartment,A,60,800,0.02,0.4,0.2,,17,0.3,0.2,2.0,20,0,0.580078125,0.5516276041666667,0.9231770833333334,320.0,5.8,0.6,58.68629732230162,0.12520833333333334,1.0,47,1.520321506594988,0.4659747214709609,0.9203215065949881,0.8682474979168912,1.0,A,0.0005907806775007885
apartment,A,60,800,0.02,0.4,0.2,,18,0.3,0.2,2.0,20,0,0.583984375,0.5908854166666666,0.955078125,380.0,5.1,0.7166666666666667,62.037926691729965,0.1160625,1.0565371024734982,51,1.489414393992551,0.5625109094004275,0.8894143939925511,0.5248224079291094,0.9607843137254902,A,0.0005891786462507298
apartment,A,60,800,0.02,0.4,0.2,,20,0.3,0.2,2.0,20,0,0.60546875,0.6120442708333333,0.900390625,380.0,5.4,0.45,62.211175780964105,0.124125,0.9144542772861357,52,1.2356098427540436,0.6325510757099553,0.6356098427540436,0.29175867617173723,1.0,A,0.0005926104687500811
apartment,A,60,800,0.02,0.4,0.2,,21,0.3,0.2,2.0,20,0,0.6393229166666666,0.6131835937500001,0.904296875,340.0,5.433333333333334,0.75,63.5860124847079,0.13022916666666667,1.1774580335731415,55,1.3944994971211464,0.4836696471782581,0.7944994971211464,0.5995801027323419,1.0,A,0.0005919627074990786
apartment,A,60,800,0.02,0.4,0.2,,22,0.3,0.2,2.0,20,0,0.5657552083333334,0.5085611979166667,0.869140625,300.0,5.066666666666666,0.6,55.147870550592714,0.1230625,1.0369928400954656,43,1.5294477670903428,0.546782368565353,0.9294477670903427,0.6170753777057875,1.0,A,0.0005964784374987175
apartment,A,60,800,0.02,0.4,0.2,,24,0.3,0.2,2.0,20,0,0.6569010416666666,0.6130208333333333,0.9622395833333334,300.0,5.033333333333333,0.7,61.3739524686029,0.13060416666666666,1.1898584905660377,55,1.4102271408513793,0.44547660345389406,0.8102271408513791,0.7343791418864486,0.9272727272727272,A,0.000595032812500449
apartment,A,60,800,0.02,0.4,0.2,,25,0.3,0.2,2.0,20,0,0.583984375,0.5454101562499999,0.900390625,300.0,4.85,0.5833333333333334,56.20559123614086,0.1166875,1.0381944444444444,47,1.5069703383590738,0.6235296498556054,0.9069703383590734,0.5525286393328982,1.0,A,0.0005642304687489741
apartment,A,60,800,0.02,0.4,0.2,,23,0.3,0.2,2.0,20,0,0.6256510416666666,0.60537109375,0.90625,340.0,5.233333333333333,0.48333333333333334,59.45425562145039,0.11889583333333334,1.0041797283176592,50,1.362804892456272,0.523365860253567,0.7628048924562723,0.6209883958375386,0.92,A,0.0007036102074994233
apartment,A,60,800,0.02,0.4,0.2,,26,0.3,0.2,2.0,20,0,0.595703125,0.6149088541666667,0.9934895833333334,340.0,4.933333333333334,0.5833333333333334,60.08651413229002,0.11141666666666666,0.9859913793103449,51,1.4728095667306296,0.6926262200647175,0.8728095667306296,0.5454916917901423,0.9607843137254902,A,0.0005737331775003441
apartment,A,60,800,0.02,0.4,0.2,,27,0.3,0.2,2.0,20,0,0.5078125,0.5260091145833333,0.9075520833333334,340.0,4.916666666666667,0.38333333333333336,55.89203523360449,0.12608333333333333,0.8695652173913043,46,1.3288524113335745,0.6482774615742001,0.7288524113335745,0.3411618001255138,0.8695652173913043,A,0.0005928974487505912
apartment,A,60,800,0.02,0.4,0.2,,28,0.3,0.2,2.0,20,0,0.615234375,0.5786458333333333,0.9192708333333334,280.0,5.216666666666667,0.55,59.324257347356884,0.1188125,1.1827284105131415,50,1.610830061640591,0.727893143408559,1.010830061640591,0.6920468515478341,0.96,A,0.0005891599999995378
apartment,A,60,800,0.02,0.4,0.2,,29,0.3,0.2,2.0,20,0,0.5045572916666666,0.5409830729166666,0.9498697916666666,340.0,5.283333333333333,0.5833333333333334,55.82968431935188,0.1135,0.8497807017543859,45,1.3316485991231528,0.6141905672707754,0.7316485991231529,0.3999846894751927,0.9555555555555556,A,0.0005628572912496566
apartment,A,60,800,0.02,0.8,0.2,,0,0.3,0.2,2.0,20,0,0.6100260416666666,0.5342122395833333,0.91796875,320.0,5.1,0.6,58.8081096601677,0.13816666666666666,1.0563697857948138,47,1.5291492621244671,0.6769730359973589,0.929149262124467,0.6312390661681085,0.8936170212765957,A,0.0005825980212489412
apartment,A,60,800,0.02,0.8,0.2,,1,0.3,0.2,2.0,20,0,0.5188802083333334,0.5278320312500001,0.9602864583333334,380.0,5.583333333333333,0.8333333333333334,54.84054685620414,0.1294375,0.9278230500582073,46,1.315805275695847,0.6224988442715841,0.7158052756958471,0.39420602878296,0.9565217391304348,A,0.0005921489587490214
apartment,A,60,800,0.02,0.8,0.2,,3,0.3,0.2,2.0,20,0,0.6770833333333334,0.6110026041666666,0.9602864583333334,320.0,4.65,0.6166666666666667,61.731346721418824,0.13679166666666667,1.1995386389850058,55,1.4994182458577776,0.6710388321927409,0.8994182458577779,0.5805186977736682,0.8181818181818182,A,0.0006041381249997358
apartment,A,60,800,0.02,0.8,0.2,,2,0.3,0.2,2.0,20,0,0.6438802083333334,0.6074869791666666,0.9290364583333334,260.0,5.15,0.7,61.69681843041641,0.11970833333333333,1.2550761421319796,53,1.402867076394557,0.6548847891468745,0.8028670763945567,0.5165922507947428,1.0,A,0.0006260755212497316
apartment,A,60,800,0.02,0.8,0.2,,4,0.3,0.2,2.0,20,0,0.6015625,0.5663411458333334,0.953125,180.0,4.75,0.48333333333333334,55.64411360172991,0.114625,1.1800766283524904,44,1.5908697925441067,0.5642932627853057,0.9908697925441065,0.8285286366266396,0.9318181818181818,A,0.0005898003650008832
apartment,A,60,800,0.02,0.8,0.2,,7,0.3,0.2,2.0,20,0,0.58984375,0.536328125,0.892578125,220.0,4.983333333333333,0.5833333333333334,58.00685988512499,0.120875,0.9607635206786851,45,1.7085656774621987,0.6438894666335145,1.1085656774621993,0.9351477921750698,0.9555555555555556,A,0.0005804923962500653
apartment,A,60,800,0.02,0.8,0.2,,5,0.3,0.2,2.0,20,0,0.619140625,0.5851562499999999,0.8763020833333334,340.0,5.383333333333334,0.7333333333333333,59.691515535057164,0.13989583333333333,1.0625698324022348,51,1.515515509407061,0.5660310724093719,0.9155155094070607,0.725962317605987,0.9607843137254902,A,0.0006119222400002399
apartment,A,60,800,0.02,0.8,0.2,,6,0.3,0.2,2.0,20,0,0.5345052083333334,0.5384440104166667,0.9752604166666666,380.0,4.633333333333334,0.5166666666666667,55.292720241619385,0.12383333333333334,0.8762006403415156,46,1.4746821927581828,0.6666900636149896,0.8746821927581826,0.5323536147088651,1.0,A,0.0006007382287498331
apartment,A,60,800,0.02,0.8,0.2,,8,0.3,0.2,2.0,20,0,0.529296875,0.52177734375,0.9388020833333334,320.0,4.483333333333333,0.5166666666666667,54.84217081095472,0.1254375,0.8639744952178533,42,1.6126388819197115,0.7038238835215477,1.0126388819197114,0.5129660134912478,0.9047619047619048,A,0.0005836929687507109
apartment,A,60,800,0.02,0.8,0.2,,10,0.3,0.2,2.0,20,0,0.5416666666666666,0.5227213541666667,0.96875,260.0,4.516666666666667,0.3333333333333333,52.123824622297306,0.14,1.0861618798955612,43,1.5775874095464855,0.7700219538610008,0.9775874095464855,0.6049989389431981,1.0,A,0.0005777688025000316
apartment,A,60,800,0.02,0.8,0.2,,9,0.3,0.2,2.0,20,0,0.5983072916666666,0.5348307291666667,0.9010416666666666,300.0,4.833333333333333,0.4666666666666667,56.01004180748942,0.12508333333333332,1.1797175866495506,45,1.7184592731219286,0.36449708192799146,1.1184592731219287,1.1706540527097342,1.0,A,0.000601024478751242
apartment,A,60,800,0.02,0.8,0.2,,11,0.3,0.2,2.0,20,0,0.6139322916666666,0.5437174479166667,0.8938802083333334,340.0,5.033333333333333,0.36666666666666664,55.22882167506678,0.14147916666666666,1.1472019464720193,46,1.6394418151923906,0.5075410898262618,1.0394418151923903,0.6969630993063382,0.9130434782608695,A,0.0005826776562480518
apartment,A,60,800,0.02,0.8,0.2,,12,0.3,0.2,2.0,20,0,0.6875,0.5977213541666666,0.9134114583333334,360.0,5.2,0.65,59.44083592174465,0.14675,1.2054794520547945,50,1.5180292524708223,0.5128663078474239,0.9180292524708227,0.7026855448728929,1.0,A,0.0006015301049978916
apartment,A,60,800,0.02,0.8,0.2,,13,0.3,0.2,2.0,20,0,0.4694010416666667,0.4776692708333333,0.7897135416666666,240.0,5.1,0.48333333333333334,54.682753646102135,0.13141666666666665,0.9196428571428572,43,1.4972048519287275,0.6731729946753373,0.8972048519287275,0.6303174048119121,0.9534883720930233,A,0.000584905208750115
apartment,A,60,800,0.02,0.8,0.2,,14,0.3,0.2,2.0,20,0,0.6295572916666666,0.5573242187499999,0.857421875,200.0,4.633333333333334,0.4666666666666667,55.65823039216178,0.13670833333333332,1.2723684210526314,47,1.5579953445393844,0.576467979564399,0.9579953445393842,0.7674337578006877,0.9148936170212766,A,0.0005814957812481225
apartment,A,60,800,0.02,0.8,0.2,,15,0.3,0.2,2.0,20,0,0.51953125,0.5525390625,0.9088541666666666,280.0,4.416666666666667,0.6166666666666667,54.82474032953682,0.11322916666666667,0.8462354188759279,43,1.613885885443016,0.8337039253484049,1.0138858854430164,0.42994550891737815,0.9534883720930233,A,0.0005799462499999209
apartment,A,60,800,0.02,0.8,0.2,,16,0.3,0.2,2.0,20,0,0.634765625,0.6307291666666667,0.9915364583333334,300.0,4.616666666666666,0.5333333333333333,61.122929743113026,0.125125,0.9858442871587462,53,1.4138080028974143,0.5671358885367841,0.8138080028974142,0.5615428903613683,0.9245283018867925,A,0.0006071171350004079
apartment,A,60,800,0.02,0.8,0.2,,17,0.3,0.2,2.0,20,0,0.6028645833333334,0.5887044270833335,0.9934895833333334,300.0,5.483333333333333,0.6,56.337002893105044,0.1313125,0.9767932489451477,47,1.4936978275841093,0.7694592720552434,0.8936978275841091,0.3802328257854368,1.0,A,0.0005966086987496056
apartment,A,60,800,0.02,0.8,0.2,,19,0.3,0.2,2.0,20,0,0.6145833333333334,0.5709635416666667,0.8880208333333334,300.0,4.65,0.7333333333333333,57.695703523896285,0.1268125,1.1414752116082225,47,1.5342621062433957,0.5652608952293533,0.9342621062433958,0.7995578252827614,0.9574468085106383,A,0.000605905625000105
apartment,A,60,800,0.02,0.8,0.2,,18,0.3,0.2,2.0,20,0,0.6549479166666666,0.6037109375,0.900390625,260.0,4.016666666666667,0.5333333333333333,61.62671102511765,0.10460416666666666,1.0457380457380456,51,1.538032954674333,0.5071248952387827,0.9380329546743326,0.5986252911272675,0.9607843137254902,A,0.0006088695312496384
apartment,A,60,800,0.02,0.8,0.2,,20,0.3,0.2,2.0,20,0,0.55078125,0.5592122395833333,0.9381510416666666,340.0,5.683333333333334,0.55,59.26488160396749,0.14166666666666666,0.9635535307517084,52,1.3207038522605876,0.6762031980311708,0.7207038522605875,0.35484803527155195,0.9230769230769231,A,0.0005782401037504315
apartment,A,60,800,0.02,0.8,0.2,,21,0.3,0.2,2.0,20,0,0.6861979166666666,0.6157226562499998,0.8899739583333334,260.0,5.016666666666667,0.6833333333333333,61.67958442846146,0.14645833333333333,1.2714113389626056,55,1.3528940480918392,0.5562947904236848,0.7528940480918394,0.45022125900083976,0.9272727272727272,A,0.0005956296875001499
apartment,A,60,800,0.02,0.8,0.2,,22,0.3,0.2,2.0,20,0,0.603515625,0.5585286458333333,0.9765625,320.0,4.316666666666666,0.48333333333333334,53.94410853879146,0.12766666666666668,0.938259109311741,43,1.6252529827174578,0.7076726285940043,1.0252529827174577,0.6536764585434011,0.9534883720930233,A,0.0005562448962496092
apartment,A,60,800,0.02,0.8,0.2,,23,0.3,0.2,2.0,20,0,0.6809895833333334,0.6105794270833332,0.9036458333333334,300.0,5.1,0.5166666666666667,56.29562259327893,0.12772916666666667,1.330788804071247,50,1.4702680467095781,0.4052491354754265,0.8702680467095777,0.8073829445107322,0.96,A,0.0005748301562493907
apartment,A,60,800,0.02,0.8,0.2,,25,0.3,0.2,2.0,20,0,0.5514322916666666,0.5558268229166667,0.9537760416666666,360.0,4.7,0.4,56.55379211083055,0.13289583333333332,0.9506172839506172,47,1.5268458913407066,0.6234760784813012,0.9268458913407066,0.625621791953516,0.9148936170212766,A,0.000565434479999567
apartment,A,60,800,0.02,0.8,0.2,,24,0.3,0.2,2.0,20,0,0.59765625,0.5872395833333333,0.8919270833333334,340.0,5.316666666666666,0.5,59.91948408792755,0.14685416666666667,1.1547169811320754,55,1.3721104044648258,0.5824072858299926,0.772110404464826,0.3818976266719787,0.9454545454545454,A,0.0006073126562478137
apartment,A,60,800,0.02,0.8,0.2,,26,0.3,0.2,2.0,20,0,0.6549479166666666,0.6195963541666667,0.966796875,360.0,4.683333333333334,0.6333333333333333,58.67355990712519,0.13372916666666668,1.004995004995005,51,1.517997963217516,0.6064657233177592,0.9179979632175163,0.5520244133322235,0.9215686274509803,A,0.0005878088537497205
apartment,A,60,800,0.02,0.8,0.2,,28,0.3,0.2,2.0,20,0,0.6204427083333334,0.6063476562500001,0.95703125,300.0,4.516666666666667,0.5166666666666667,59.43000290463538,0.12004166666666667,0.9568273092369478,50,1.4543974249666034,0.651955714090032,0.8543974249666032,0.478685425921486,1.0,A,0.0005785676037498888
apartment,A,60,800,0.02,0.8,0.2,,27,0.3,0.2,2.0,20,0,0.63671875,0.5619140625000001,0.939453125,320.0,4.716666666666667,0.55,55.56056846901807,0.118125,1.081858407079646,46,1.7206788430824305,0.6880952677922134,1.120678843082431,0.8265793644960978,1.0,A,0.0005871821875007299
apartment,A,60,800,0.02,0.8,0.2,,29,0.3,0.2,2.0,20,0,0.5989583333333334,0.56357421875,0.9641927083333334,280.0,4.25,0.4,56.140034678423326,0.1119375,0.9818569903948774,45,1.543915714762663,0.5882694944299766,0.9439157147626626,0.6279068033274063,0.9555555555555556,A,0.0005739349999998921
rubble,A,60,800,0.02,0.0,0.2,,1,0.3,0.2,2.0,20,0,0.5377094972067039,0.5184008379888269,0.8791899441340782,320.0,5.05,1.15,49.86399381108912,0.11427083333333334,1.0013003901170352,46,1.541740886677698,0.5786052640315275,0.9417408866776986,0.7720105924816777,1.0,A,0.0005807239062505687
rubble,A,60,800,0.02,0.0,0.2,,0,0.3,0.2,2.0,20,0,0.5649441340782123,0.5081354748603352,0.7751396648044693,280.0,5.283333333333333,1.0333333333333334,49.42919030847647,0.14452083333333332,1.112792297111417,48,1.6634663818163589,0.7292192191899814,1.063466381816359,0.6906989789885104,0.9583333333333334,A,0.0005880198962495342
rubble,A,60,800,0.02,0.0,0.2,,2,0.3,0.2,2.0,20,0,0.5104748603351955,0.5315991620111732,0.9120111731843575,280.0,4.966666666666667,1.1333333333333333,49.33874236153068,0.13379166666666667,0.9481193255512321,48,1.584408053322582,0.9776399067457522,0.9844080533225821,0.39093790499768266,0.9583333333333334,A,0.0006028572925015396
rubble,A,60,800,0.02,0.0,0.2,,4,0.3,0.2,2.0,20,0,0.5139664804469274,0.48865223463687146,0.7723463687150838,240.0,4.916666666666667,0.95,45.38700627868359,0.14041666666666666,0.9945945945945945,45,1.359547017211647,0.6002569811311882,0.7595470172116472,0.5293611230503447,1.0,A,0.0005795226037503199
rubble,A,60,800,0.02,0.0,0.2,,3,0.3,0.2,2.0,20,0,0.5516759776536313,0.509217877094972,0.770949720670391,240.0,4.65,1.0666666666666667,50.11893965567572,0.13560416666666666,1.1033519553072626,49,1.5028758136888056,0.7635177855547537,0.9028758136888057,0.47389106458455876,0.9591836734693877,A,0.0006174363537502359
rubble,A,60,800,0.02,0.0,0.2,,5,0.3,0.2,2.0,20,0,0.5544692737430168,0.5395600558659218,0.7772346368715084,340.0,6.133333333333334,1.2666666666666666,51.19030004640415,0.15695833333333334,1.0298313878080416,51,1.473090074879541,0.5762169622517693,0.8730900748795412,0.7247233059145258,0.9607843137254902,A,0.0006044906250008353
rubble,A,60,800,0.02,0.0,0.2,,7,0.3,0.2,2.0,20,0,0.5335195530726257,0.4870810055865921,0.7590782122905028,260.0,5.683333333333334,1.1833333333333333,49.96555579192419,0.16652083333333334,1.100864553314121,50,1.4384338420859808,0.6904474186196242,0.8384338420859808,0.39868171964858806,0.96,A,0.0005883646362508443
rubble,A,60,800,0.02,0.0,0.2,,6,0.3,0.2,2.0,20,0,0.5963687150837989,0.5344972067039105,0.8149441340782123,220.0,5.9,1.0,49.84219604174191,0.16341666666666665,1.2765321375186847,50,1.425048934426899,0.5533080175769207,0.8250489344268993,0.6319837313281492,0.96,A,0.0005972067187485664
rubble,A,60,800,0.02,0.0,0.2,,8,0.3,0.2,2.0,20,0,0.5418994413407822,0.5569832402234637,0.9560055865921788,220.0,4.866666666666666,1.2166666666666666,48.74164624643247,0.1211875,0.9675810473815463,47,1.5321286278750001,0.734354616978881,0.9321286278750002,0.568158743347141,0.9574468085106383,A,0.0005749139587487662
rubble,A,60,800,0.02,0.0,0.2,,9,0.3,0.2,2.0,20,0,0.5425977653631285,0.5322276536312849,0.8568435754189944,260.0,5.233333333333333,1.05,49.98628836397177,0.139375,1.0629274965800275,47,1.5393140215922374,0.7203057044152745,0.9393140215922378,0.642457663023097,1.0,A,0.0005958694262494646
rubble,A,60,800,0.02,0.0,0.2,,10,0.3,0.2,2.0,20,0,0.5202513966480447,0.533763966480447,0.8533519553072626,300.0,4.416666666666667,0.95,46.998510746393336,0.12416666666666666,0.9502551020408163,46,1.378625214545771,0.5871965698649476,0.778625214545771,0.5876523966204993,0.9130434782608695,A,0.0006088441149995561
rubble,A,60,800,0.02,0.0,0.2,,12,0.3,0.2,2.0,20,0,0.6291899441340782,0.5610335195530726,0.9350558659217877,300.0,4.683333333333334,1.05,49.583778721007135,0.12552083333333333,1.1361916771752838,47,1.5503016875071347,0.5497223404598769,0.950301687507135,0.7051037849874681,0.9574468085106383,A,0.0006023914575007439
rubble,A,60,800,0.02,0.0,0.2,,11,0.3,0.2,2.0,20,0,0.539804469273743,0.5201815642458101,0.8470670391061452,260.0,5.533333333333333,1.15,49.98534657049413,0.15702083333333333,1.123546511627907,52,1.566653020829049,0.763333825672954,0.9666530208290494,0.6839090550960317,1.0,A,0.0006206295312495058
rubble,A,60,800,0.02,0.0,0.2,,13,0.3,0.2,2.0,20,0,0.5425977653631285,0.5018505586592179,0.7702513966480447,320.0,5.783333333333333,1.2666666666666666,51.33878744131275,0.15366666666666667,1.0687757909215958,49,1.4365657709119264,0.6257257206179255,0.8365657709119265,0.5958721105554671,0.9387755102040817,A,0.0005977974487495886
rubble,A,60,800,0.02,0.0,0.2,,14,0.3,0.2,2.0,20,0,0.5048882681564246,0.4807262569832401,0.8170391061452514,260.0,5.666666666666667,1.1333333333333333,48.792171055257036,0.161875,1.0055632823365785,48,1.6121123893142997,0.9985928227977471,1.0121123893143,0.5128014180331726,1.0,A,0.0006094894274997387
rubble,A,60,800,0.02,0.0,0.2,,16,0.3,0.2,2.0,20,0,0.5293296089385475,0.5076117318435756,0.8868715083798883,320.0,5.266666666666667,0.9166666666666666,48.68730599156283,0.14183333333333334,0.9522613065326633,46,1.4113711942590381,0.7505560862163839,0.811371194259038,0.40066850817243344,0.9565217391304348,A,0.0006077872399987427
rubble,A,60,800,0.02,0.0,0.2,,15,0.3,0.2,2.0,20,0,0.5824022346368715,0.555272346368715,0.861731843575419,300.0,5.966666666666667,1.3833333333333333,52.395757968279604,0.14916666666666667,1.1424657534246574,54,1.2962997242887442,0.8651483847507772,0.6962997242887442,0.25566001466369903,0.8888888888888888,A,0.0006179580737489232
rubble,A,60,800,0.02,0.0,0.2,,17,0.3,0.2,2.0,20,0,0.5649441340782123,0.5341829608938548,0.895949720670391,260.0,4.95,0.9666666666666667,50.01422718824325,0.13458333333333333,1.0902964959568733,49,1.3690771709950447,0.6253455100320505,0.7690771709950445,0.5303037204985873,0.9591836734693877,A,0.0005883861975007676
rubble,A,60,800,0.02,0.0,0.2,,18,0.3,0.2,2.0,20,0,0.5782122905027933,0.5425279329608939,0.9259776536312849,280.0,5.5,0.9333333333333333,48.31577593190317,0.16545833333333335,1.072538860103627,47,1.5391564200257053,0.6852413557148176,0.9391564200257049,0.6215778033690856,1.0,A,0.0006056365624999671
rubble,A,60,800,0.02,0.0,0.2,,19,0.3,0.2,2.0,20,0,0.5230446927374302,0.4917248603351956,0.7534916201117319,320.0,5.483333333333333,1.05,51.60528782005572,0.13472916666666668,1.0684736091298144,47,1.571272399050584,0.5754923595517392,0.971272399050583,0.7527967149127975,1.0,A,0.0005971258862496143
rubble,A,60,800,0.02,0.0,0.2,,21,0.3,0.2,2.0,20,0,0.5300279329608939,0.535405027932961,0.8435754189944135,260.0,5.333333333333333,1.05,48.020491372362784,0.14520833333333333,1.0160642570281126,45,1.3463594953173599,0.6325173030702231,0.7463594953173598,0.3937657413399328,0.9111111111111111,A,0.0005713035412509271
rubble,A,60,800,0.02,0.0,0.2,,20,0.3,0.2,2.0,20,0,0.5824022346368715,0.5182611731843575,0.8240223463687151,220.0,5.166666666666667,1.05,47.404231995044846,0.15485416666666665,1.1456043956043955,47,1.616637800610275,0.6147008365610759,1.0166378006102754,0.8766645381901456,0.9361702127659575,A,0.0006042977074980627
rubble,A,60,800,0.02,0.0,0.2,,22,0.3,0.2,2.0,20,0,0.5272346368715084,0.514804469273743,0.7918994413407822,340.0,4.516666666666667,0.95,47.627682393304674,0.13479166666666667,0.9986772486772487,45,1.6426747011013825,0.6602757660835684,1.042674701101383,0.6994988068630069,0.9555555555555556,A,0.000605630312500125
rubble,A,60,800,0.02,0.0,0.2,,23,0.3,0.2,2.0,20,0,0.590782122905028,0.5653282122905028,0.888268156424581,340.0,5.566666666666666,0.8333333333333334,50.36676058973226,0.1555625,1.0317073170731708,50,1.4229655662086185,0.5465423101033652,0.8229655662086184,0.6430167720929968,0.92,A,0.0005997593237498223
rubble,A,60,800,0.02,0.0,0.2,,24,0.3,0.2,2.0,20,0,0.5600558659217877,0.5142807262569833,0.8638268156424581,200.0,5.083333333333333,1.1166666666666667,48.14244015347151,0.14791666666666667,1.0693333333333332,45,1.6213256514145475,0.5739652912485952,1.021325651414548,0.6921151955499719,1.0,A,0.0006012729687495266
rubble,A,60,800,0.02,0.0,0.2,,25,0.3,0.2,2.0,20,0,0.5104748603351955,0.5191689944134079,0.8798882681564246,300.0,4.933333333333334,1.0333333333333334,44.725682154725064,0.1405,0.926489226869455,43,1.5372495553230185,0.528286499083914,0.9372495553230186,0.5245239258501279,0.9069767441860465,A,0.0005970109374993627
rubble,A,60,800,0.02,0.0,0.2,,26,0.3,0.2,2.0,20,0,0.5544692737430168,0.5401885474860337,0.8561452513966481,260.0,4.833333333333333,1.1,49.21433248832746,0.12975,0.9987421383647799,48,1.5349687477557155,0.48221009553956706,0.9349687477557156,0.7727352534835706,1.0,A,0.0005936379162494632
rubble,A,60,800,0.02,0.0,0.2,,27,0.3,0.2,2.0,20,0,0.48114525139664804,0.495949720670391,0.8086592178770949,240.0,4.933333333333334,1.0833333333333333,48.90377410217086,0.12154166666666667,0.9704225352112675,46,1.3883966951166464,0.6991978482904507,0.7883966951166465,0.5164706699130751,0.9130434782608695,A,0.0005824696362515169
rubble,A,60,800,0.02,0.0,0.2,,28,0.3,0.2,2.0,20,0,0.5789106145251397,0.5222765363128492,0.8652234636871509,260.0,5.75,1.05,46.6081287130232,0.15020833333333333,1.1356164383561644,46,1.8297170254993687,0.4911725547831317,1.2297170254993686,1.0579647970525758,1.0,A,0.000606255937500464
rubble,A,60,800,0.02,0.0,0.2,,29,0.3,0.2,2.0,20,0,0.5432960893854749,0.5499650837988826,0.8743016759776536,380.0,4.816666666666666,1.0333333333333334,50.195348721413275,0.13702083333333334,0.9557739557739557,49,1.3176089951514474,0.6815830548805453,0.7176089951514478,0.497636549241545,1.0,A,0.0005812248962502053
rubble,A,60,800,0.02,0.1,0.2,,0,0.3,0.2,2.0,20,0,0.5579608938547486,0.5438547486033519,0.8470670391061452,300.0,5.083333333333333,1.3833333333333333,50.94433278908017,0.12116666666666667,1.0283140283140282,48,1.381726170099108,0.5235888148959181,0.7817261700991079,0.6680850754185964,0.8958333333333334,A,0.0005759605737512175
rubble,A,60,800,0.02,0.1,0.2,,1,0.3,0.2,2.0,20,0,0.5286312849162011,0.5445879888268157,0.8554469273743017,260.0,5.1,1.0,48.240736967069864,0.12754166666666666,1.0161073825503357,46,1.6830299698215359,0.7112818245708151,1.0830299698215355,0.574313112773179,1.0,A,0.0006014467187515038
rubble,A,60,800,0.02,0.1,0.2,,2,0.3,0.2,2.0,20,0,0.5300279329608939,0.5138268156424581,0.7388268156424581,340.0,5.516666666666667,1.2833333333333334,48.01439887814912,0.14841666666666667,1.075070821529745,48,1.4670200945129703,0.6579726144197792,0.86702009451297,0.6539101488053295,1.0,A,0.0006082205724987944
rubble,A,60,800,0.02,0.1,0.2,,4,0.3,0.2,2.0,20,0,0.526536312849162,0.5106145251396648,0.8449720670391061,280.0,4.816666666666666,1.0,47.370720090823596,0.14272916666666666,0.9592875318066159,45,1.40046745375813,0.8025693586183499,0.8004674537581299,0.4588060798970607,0.8666666666666667,A,0.0005944838537493524
rubble,A,60,800,0.02,0.1,0.2,,3,0.3,0.2,2.0,20,0,0.505586592178771,0.4863477653631284,0.7458100558659218,340.0,5.433333333333334,1.1666666666666667,48.39835287589905,0.13704166666666667,1.043227665706052,49,1.5468306762096773,0.8191565356019456,0.9468306762096772,0.558178503721464,0.9591836734693877,A,0.0006058967700005269
rubble,A,60,800,0.02,0.1,0.2,,5,0.3,0.2,2.0,20,0,0.6243016759776536,0.5557611731843575,0.8456703910614525,260.0,5.3,1.1333333333333333,51.117943537054316,0.15772916666666667,1.211382113821138,51,1.5483933762402244,0.576041455826138,0.9483933762402245,0.6831938373838365,1.0,A,0.0006063519262488625
rubble,A,60,800,0.02,0.1,0.2,,6,0.3,0.2,2.0,20,0,0.5733240223463687,0.5400837988826815,0.8170391061452514,260.0,5.45,1.0,48.49253521092541,0.1475,1.1530898876404494,50,1.3294081563536246,0.5277128538127482,0.7294081563536247,0.667558464603447,0.86,A,0.0005968738024989762
rubble,A,60,800,0.02,0.1,0.2,,7,0.3,0.2,2.0,20,0,0.5425977653631285,0.5227304469273742,0.8687150837988827,280.0,5.483333333333333,1.0,47.83883763708141,0.14758333333333334,1.0746887966804979,50,1.5074902848574516,0.723856187279652,0.9074902848574515,0.5601581890003298,0.92,A,0.0006238408324998091
rubble,A,60,800,0.02,0.1,0.2,,9,0.3,0.2,2.0,20,0,0.5335195530726257,0.5082402234636871,0.7269553072625698,360.0,5.15,0.9666666666666667,47.661692496061114,0.13054166666666667,0.9538077403245943,47,1.5372753269838462,0.5714962960663043,0.9372753269838462,0.7181818882852739,1.0,A,0.0005941222387491508
rubble,A,60,800,0.02,0.1,0.2,,8,0.3,0.2,2.0,20,0,0.539804469273743,0.5617667597765365,0.9350558659217877,340.0,4.716666666666667,1.1166666666666667,48.33953116435586,0.1266875,0.9381067961165049,47,1.5583610499163254,0.820984420531017,0.9583610499163255,0.6445802208990156,1.0,A,0.0006199884374996145
rubble,A,60,800,0.02,0.1,0.2,,10,0.3,0.2,2.0,20,0,0.5460893854748603,0.5347765363128492,0.9001396648044693,280.0,4.816666666666666,0.9333333333333333,48.90119102804783,0.1303125,1.0103359173126614,46,1.4480361165526645,0.5085849052811844,0.8480361165526648,0.5573391882240477,1.0,A,0.0005886200000009012
rubble,A,60,800,0.02,0.1,0.2,,11,0.3,0.2,2.0,20,0,0.6340782122905028,0.5859287709497206,0.928072625698324,240.0,4.583333333333333,1.2,53.42856154672927,0.12297916666666667,1.1100244498777507,52,1.5340098968512068,0.565559899145759,0.9340098968512064,0.788260633214226,0.9038461538461539,A,0.000584207968749979
rubble,A,60,800,0.02,0.1,0.2,,13,0.3,0.2,2.0,20,0,0.5279329608938548,0.5283868715083799,0.8414804469273743,200.0,5.683333333333334,1.0,48.457467544078355,0.14270833333333333,0.9960474308300394,49,1.691927539821427,0.6834907492650857,1.091927539821427,0.5859681996517078,0.9591836734693877,A,0.0005942606249982418
rubble,A,60,800,0.02,0.1,0.2,,12,0.3,0.2,2.0,20,0,0.5405027932960894,0.5326466480446927,0.8379888268156425,300.0,5.016666666666667,1.1,47.79437958533938,0.12522916666666667,0.9935815147625162,47,1.5472949988806701,0.7027099285702895,0.9472949988806698,0.46340274614998955,0.9148936170212766,A,0.000603726406250189
rubble,A,60,800,0.02,0.1,0.2,,14,0.3,0.2,2.0,20,0,0.61731843575419,0.5690293296089385,0.9546089385474861,300.0,4.733333333333333,0.6833333333333333,47.40880479236662,0.15385416666666665,1.1077694235588975,48,1.516795126618592,0.6469899363036794,0.9167951266185921,0.38078703463539304,0.9583333333333334,A,0.000591939480000292
rubble,A,60,800,0.02,0.1,0.2,,16,0.3,0.2,2.0,20,0,0.5684357541899442,0.531145251396648,0.8358938547486033,300.0,5.25,1.0833333333333333,47.76302097400104,0.14510416666666667,1.0435897435897439,46,1.558792898328699,0.565150168218433,0.9587928983286992,0.8130163999374133,1.0,A,0.0005730966662508763
rubble,A,60,800,0.02,0.1,0.2,,15,0.3,0.2,2.0,20,0,0.5921787709497207,0.558659217877095,0.8917597765363129,220.0,5.583333333333333,1.1166666666666667,54.07086281472212,0.15785416666666666,1.141318977119785,54,1.417921459345196,0.6011112648776725,0.8179214593451959,0.4195398068831825,0.9629629629629629,A,0.0006329769274998398
rubble,A,60,800,0.02,0.1,0.2,,17,0.3,0.2,2.0,20,0,0.5803072625698324,0.5181564245810055,0.7863128491620112,380.0,5.45,0.9833333333333333,51.924783757868404,0.13195833333333334,1.0060532687651331,49,1.4348263207887666,0.6587961244920589,0.8348263207887667,0.6808830435214571,0.9591836734693877,A,0.0005820231250004326
rubble,A,60,800,0.02,0.1,0.2,,18,0.3,0.2,2.0,20,0,0.6061452513966481,0.5726955307262569,0.8847765363128491,340.0,5.183333333333334,1.1166666666666667,49.319441114056595,0.1549375,1.1406044678055192,47,1.4920317273127344,0.6094169614741064,0.8920317273127342,0.6150551645065364,0.9574468085106383,A,0.0005890034899994134
rubble,A,60,800,0.02,0.1,0.2,,19,0.3,0.2,2.0,20,0,0.5453910614525139,0.5204259776536312,0.8491620111731844,260.0,5.4,1.1166666666666667,51.69839981867771,0.1424375,1.005148005148005,47,1.4652990290410162,0.5600497598101088,0.8652990290410157,0.6425914637947464,0.9574468085106383,A,0.0005944050512493959
rubble,A,60,800,0.02,0.1,0.2,,20,0.3,0.2,2.0,20,0,0.5733240223463687,0.5187150837988828,0.8840782122905028,260.0,5.933333333333334,1.1166666666666667,48.47517635417103,0.156875,1.0859788359788358,47,1.7334237128764876,0.7619239360673776,1.1334237128764875,0.49143867982847744,1.0,A,0.0005788251562489677
rubble,A,60,800,0.02,0.1,0.2,,22,0.3,0.2,2.0,20,0,0.5216480446927374,0.5061801675977654,0.8610335195530726,280.0,5.033333333333333,0.95,46.01828819919174,0.1434375,1.0040322580645162,45,1.4297242279110836,0.5523205705085213,0.8297242279110839,0.6591040691516102,0.9555555555555556,A,0.0005723454687517914
rubble,A,60,800,0.02,0.1,0.2,,21,0.3,0.2,2.0,20,0,0.5391061452513967,0.5057262569832403,0.840782122905028,320.0,5.466666666666667,1.3166666666666667,47.66010771083174,0.154625,0.9846938775510204,45,1.6589235464495324,0.7852468182695053,1.0589235464495326,0.5645060878904046,0.9111111111111111,A,0.0005989751049992265
rubble,A,60,800,0.02,0.1,0.2,,23,0.3,0.2,2.0,20,0,0.5789106145251397,0.5658519553072626,0.8812849162011173,300.0,5.616666666666666,1.1,49.30488058459064,0.14389583333333333,1.0696774193548386,50,1.6267116236401775,0.6860592361626455,1.0267116236401777,0.7494653417358914,0.96,A,0.0005803892187509519
rubble,A,60,800,0.02,0.1,0.2,,25,0.3,0.2,2.0,20,0,0.5377094972067039,0.49706703910614525,0.7939944134078212,240.0,5.05,1.0333333333333334,45.927324625137885,0.147625,1.0769230769230769,43,1.4368959476810044,0.6036450496930449,0.8368959476810045,0.541970616037791,1.0,A,0.0005746485937493162
rubble,A,60,800,0.02,0.1,0.2,,24,0.3,0.2,2.0,20,0,0.5202513966480447,0.5055167597765363,0.8331005586592178,300.0,6.183333333333334,1.1666666666666667,46.282664552576264,0.14908333333333335,0.9152334152334151,45,1.6811846827775563,0.708255473816206,1.081184682777557,0.6529260738983192,0.9111111111111111,A,0.0005827807287505494
rubble,A,60,800,0.02,0.1,0.2,,26,0.3,0.2,2.0,20,0,0.571927374301676,0.529923184357542,0.9057262569832403,280.0,4.783333333333333,1.2,49.581410014240745,0.12095833333333333,1.073394495412844,48,1.6108955422644253,0.6402033182814787,1.010895542264425,0.7994483487182057,1.0,A,0.0005773531762497441
rubble,A,60,800,0.02,0.1,0.2,,27,0.3,0.2,2.0,20,0,0.4993016759776536,0.48669692737430176,0.7569832402234636,260.0,5.116666666666666,1.05,50.001968823331325,0.12035416666666666,0.9420289855072462,46,1.3012797990452878,0.4056565834400308,0.7012797990452877,0.6361149613051492,0.9565217391304348,A,0.0005858646349997798
rubble,A,60,800,0.02,0.1,0.2,,28,0.3,0.2,2.0,20,0,0.5013966480446927,0.4787011173184358,0.7918994413407822,340.0,6.133333333333334,0.95,48.341895647180074,0.1661875,1.00139470013947,46,1.5540129066944426,0.6872752715550785,0.9540129066944424,0.6173963314281382,1.0,A,0.0005997741662508815
rubble,A,60,800,0.02,0.1,0.2,,29,0.3,0.2,2.0,20,0,0.5858938547486033,0.5263966480446928,0.880586592178771,320.0,5.116666666666666,1.1333333333333333,48.173584314902214,0.15064583333333334,1.1636615811373092,49,1.523531837724095,0.6460008657647066,0.923531837724095,0.58373282176042,1.0,A,0.0005816223962506229
rubble,A,60,800,0.02,0.2,0.2,,0,0.3,0.2,2.0,20,0,0.5251396648044693,0.5449371508379888,0.8687150837988827,280.0,4.0,1.1,48.74403331176348,0.11625,0.9181929181929183,48,1.2967477458871566,0.5645312670641897,0.6967477458871566,0.4282472305975261,1.0,A,0.0005829206775001694
rubble,A,60,800,0.02,0.2,0.2,,1,0.3,0.2,2.0,20,0,0.5970670391061452,0.5553770949720669,0.909217877094972,340.0,4.8,0.9166666666666666,49.179571834679614,0.12191666666666667,1.06875,46,1.5062931677286153,0.6705425011844744,0.906293167728615,0.5870444207514128,0.9565217391304348,A,0.0005753924474993254
rubble,A,60,800,0.02,0.2,0.2,,2,0.3,0.2,2.0,20,0,0.5293296089385475,0.544413407821229,0.8254189944134078,320.0,4.7,1.1666666666666667,48.613947222109616,0.12627083333333333,0.9582806573957017,48,1.252137993260008,0.5860119675943766,0.6521379932600079,0.2709680039623621,0.9583333333333334,A,0.0005588709374978862
rubble,A,60,800,0.02,0.2,0.2,,3,0.3,0.2,2.0,20,0,0.539804469273743,0.5408170391061453,0.7793296089385475,300.0,5.7,1.1666666666666667,50.62378811416162,0.1325,0.9496314496314496,49,1.4624386952983977,0.5138063796911507,0.8624386952983978,0.9220123946069313,0.9183673469387755,A,0.0005946660412496385
rubble,A,60,800,0.02,0.2,0.2,,4,0.3,0.2,2.0,20,0,0.5300279329608939,0.495076815642458,0.8624301675977654,280.0,4.633333333333334,1.0833333333333333,47.868169083437216,0.135,0.9947575360419398,45,1.7839233100357306,0.7288802655779739,1.1839233100357307,0.7791304072041728,1.0,A,0.0005973416674987675
rubble,A,60,800,0.02,0.2,0.2,,5,0.3,0.2,2.0,20,0,0.5495810055865922,0.5240921787709498,0.854050279329609,300.0,5.55,0.9666666666666667,49.62011143562575,0.1545,1.0915395284327323,51,1.455425252636848,0.6689273399727814,0.8554252526368485,0.4660365317270124,0.9607843137254902,A,0.0005837573949997931
rubble,A,60,800,0.02,0.2,0.2,,6,0.3,0.2,2.0,20,0,0.5391061452513967,0.5473812849162012,0.8184357541899442,240.0,4.85,1.2166666666666666,51.43196362245694,0.13325,1.0052083333333335,50,1.283196691984882,0.5841955691496251,0.6831966919848821,0.375647918973014,0.96,A,0.0005922807287515752
rubble,A,60,800,0.02,0.2,0.2,,7,0.3,0.2,2.0,20,0,0.585195530726257,0.5669343575418994,0.8687150837988827,220.0,5.75,0.9666666666666667,49.866434124725984,0.16541666666666666,1.1590594744121714,50,1.4114370981997384,0.45829840363479507,0.8114370981997387,0.6949023424348303,0.96,A,0.0006102160425007241
rubble,A,60,800,0.02,0.2,0.2,,8,0.3,0.2,2.0,20,0,0.5460893854748603,0.5371159217877095,0.7849162011173184,260.0,4.633333333333334,1.0333333333333334,48.38626737892068,0.13475,1.0343915343915342,47,1.4160386613468863,0.6496155728309004,0.8160386613468864,0.6422876048839646,0.9574468085106383,A,0.0005845613012502326
rubble,A,60,800,0.02,0.2,0.2,,10,0.3,0.2,2.0,20,0,0.5293296089385475,0.5432611731843575,0.8289106145251397,320.0,4.516666666666667,1.1666666666666667,49.05631958999,0.12614583333333335,0.9099639855942379,46,1.3943402993510332,0.7083807681624921,0.7943402993510332,0.49192886510409506,0.9130434782608695,A,0.000571186874999512
rubble,A,60,800,0.02,0.2,0.2,,9,0.3,0.2,2.0,20,0,0.5425977653631285,0.5330307262569832,0.9113128491620112,320.0,5.183333333333334,0.9833333333333333,50.44934154844277,0.128375,1.0170157068062828,47,1.695660303972686,0.7190848867628371,1.0956603039726862,0.5768578935355811,0.9574468085106383,A,0.0006021773949987619
rubble,A,60,800,0.02,0.2,0.2,,11,0.3,0.2,2.0,20,0,0.6026536312849162,0.5704259776536313,0.9238826815642458,340.0,5.116666666666666,1.2333333333333334,50.2497164725125,0.13652083333333334,1.1310615989515074,52,1.2846968594977934,0.5033661213839186,0.6846968594977932,0.4912814432504886,0.9230769230769231,A,0.000594294896250176
rubble,A,60,800,0.02,0.2,0.2,,12,0.3,0.2,2.0,20,0,0.6180167597765364,0.5524790502793296,0.861731843575419,360.0,5.116666666666666,0.95,49.62988995273634,0.12614583333333335,1.1090225563909777,47,1.5193964569346525,0.6059960375224823,0.919396456934652,0.8330739659881624,0.9574468085106383,A,0.000590890208750352
rubble,A,60,800,0.02,0.2,0.2,,13,0.3,0.2,2.0,20,0,0.5677374301675978,0.512046089385475,0.8254189944134078,200.0,5.533333333333333,0.9833333333333333,50.2486733849365,0.162125,1.1851311953352772,49,1.4731285780166603,0.6767117960686104,0.8731285780166601,0.595086501474764,0.8775510204081632,A,0.0006002494800009117
rubble,A,60,800,0.02,0.2,0.2,,14,0.3,0.2,2.0,20,0,0.4930167597765363,0.5079958100558659,0.7744413407821229,300.0,5.433333333333334,0.9,48.599074017765474,0.15566666666666668,0.9277266754270698,48,1.416010574207789,0.674026039547029,0.8160105742077891,0.3411938381128964,1.0,A,0.0005964944275001472
rubble,A,60,800,0.02,0.2,0.2,,15,0.3,0.2,2.0,20,0,0.6159217877094972,0.5786312849162012,0.8715083798882681,340.0,5.733333333333333,1.15,52.494680616088566,0.15664583333333335,1.123566878980892,54,1.5864252489215451,0.8169142407010183,0.9864252489215457,0.5021431180586182,0.8518518518518519,A,0.0005962318749993756
rubble,A,60,800,0.02,0.2,0.2,,16,0.3,0.2,2.0,20,0,0.5160614525139665,0.4888268156424581,0.7758379888268156,260.0,5.65,1.0166666666666666,46.450653745702084,0.15360416666666668,1.0292479108635098,46,1.3364548064798019,0.6134263468009177,0.7364548064798019,0.48872830198879036,0.9565217391304348,A,0.0005827942187488588
rubble,A,60,800,0.02,0.2,0.2,,17,0.3,0.2,2.0,20,0,0.5824022346368715,0.5885125698324023,0.8631284916201117,340.0,5.05,1.0666666666666667,52.668623526817925,0.13835416666666667,0.9869822485207099,49,1.5102963396986155,0.7639603151957284,0.9102963396986157,0.5776179692819737,0.9591836734693877,A,0.0006094988025006387
rubble,A,60,800,0.02,0.2,0.2,,19,0.3,0.2,2.0,20,0,0.5363128491620112,0.524685754189944,0.7758379888268156,260.0,4.316666666666666,1.2166666666666666,47.778295820004615,0.10722916666666667,0.9331713244228432,47,1.5677100744379435,0.7179687332768228,0.9677100744379439,0.38147543379831095,0.8723404255319149,A,0.0005825492712506275
rubble,A,60,800,0.02,0.2,0.2,,18,0.3,0.2,2.0,20,0,0.5872905027932961,0.5350907821229052,0.9252793296089385,300.0,4.75,1.0833333333333333,46.84572358520004,0.136375,1.0740740740740742,47,1.4448785704740994,0.7413621937458741,0.8448785704740991,0.38643536791616306,0.9574468085106383,A,0.0006455275524990612
rubble,A,60,800,0.02,0.2,0.2,,20,0.3,0.2,2.0,20,0,0.6005586592178771,0.5333798882681565,0.835195530726257,240.0,5.15,1.0,48.026783442545415,0.13577083333333334,1.127129750982962,47,1.6124824451914204,0.6098194694605018,1.0124824451914205,0.6758292929058983,0.9574468085106383,A,0.0005982296875004067
rubble,A,60,800,0.02,0.2,0.2,,21,0.3,0.2,2.0,20,0,0.5412011173184358,0.5088337988826815,0.8505586592178771,300.0,5.416666666666667,1.3,46.93762409205812,0.14958333333333335,1.036096256684492,45,1.3299815401423047,0.5898058998640869,0.7299815401423047,0.6138238175369296,0.9111111111111111,A,0.0006085919800011652
rubble,A,60,800,0.02,0.2,0.2,,24,0.3,0.2,2.0,20,0,0.4860335195530726,0.4842527932960894,0.7018156424581006,220.0,4.85,1.0666666666666667,47.20961469080813,0.14027083333333334,0.883248730964467,45,1.2980141851571867,0.5378706448618574,0.6980141851571867,0.5378371564694783,0.8222222222222222,A,0.0005808323962514805
rubble,A,60,800,0.02,0.2,0.2,,22,0.3,0.2,2.0,20,0,0.5663407821229051,0.5249650837988827,0.869413407821229,280.0,5.25,1.1166666666666667,47.717007751411444,0.134625,1.1753623188405797,45,1.5722981034528885,0.6962909674557062,0.9722981034528887,0.6078679882894568,1.0,A,0.000635570052500043
rubble,A,60,800,0.02,0.2,0.2,,23,0.3,0.2,2.0,20,0,0.5495810055865922,0.5246508379888268,0.8212290502793296,200.0,5.616666666666666,1.0333333333333334,48.67706140245893,0.16610416666666666,1.1422351233671988,50,1.53312615935884,0.76002796398995,0.93312615935884,0.5353139005875638,0.88,A,0.0006235386987509628
rubble,A,60,800,0.02,0.2,0.2,,25,0.3,0.2,2.0,20,0,0.5174581005586593,0.485300279329609,0.8170391061452514,260.0,5.95,1.2,45.62926876289376,0.15422916666666667,1.0234806629834254,43,1.5756641175170942,0.8918621204825401,0.9756641175170939,0.5369717802369861,0.9534883720930233,A,0.0005964175524991333
rubble,A,60,800,0.02,0.2,0.2,,26,0.3,0.2,2.0,20,0,0.5858938547486033,0.49867318435754193,0.8303072625698324,220.0,5.333333333333333,1.0,50.84074972901134,0.12783333333333333,1.1461748633879782,48,1.6962801913456966,0.6770774993323115,1.0962801913456968,0.8442532768063251,0.9166666666666666,A,0.0005990481250000812
rubble,A,60,800,0.02,0.2,0.2,,27,0.3,0.2,2.0,20,0,0.48463687150837986,0.46648044692737434,0.744413407821229,220.0,5.433333333333334,1.05,49.09634922074834,0.127125,1.0057971014492753,46,1.3491615427670043,0.5411052810802025,0.7491615427670043,0.5407834272283323,1.0,A,0.0006211784887500471
rubble,A,60,800,0.02,0.2,0.2,,28,0.3,0.2,2.0,20,0,0.5509776536312849,0.5106843575418993,0.8708100558659218,280.0,5.566666666666666,1.0666666666666667,47.25752890779577,0.161125,1.1368876080691643,46,1.6551029384726454,0.6892055336620562,1.0551029384726456,0.6698349822094414,1.0,A,0.0006032973437504552
rubble,A,60,800,0.02,0.2,0.2,,29,0.3,0.2,2.0,20,0,0.5900837988826816,0.5653631284916202,0.9643854748603352,360.0,5.883333333333334,1.0666666666666667,51.93272299323655,0.15297916666666667,1.04064039408867,49,1.3935662024472835,0.4631178053014778,0.7935662024472834,0.7956666247611647,0.9591836734693877,A,0.0006097335412482607
rubble,A,60,800,0.02,0.4,0.2,,0,0.3,0.2,2.0,20,0,0.571927374301676,0.5467527932960895,0.8994413407821229,300.0,5.0,1.1333333333333333,47.99429726985216,0.12777083333333333,1.155148095909732,48,1.6577129047787613,0.6116323178400838,1.057712904778761,0.7387479433310858,0.9583333333333334,A,0.0006035765625006206
rubble,A,60,800,0.02,0.4,0.2,,1,0.3,0.2,2.0,20,0,0.5740223463687151,0.5212639664804469,0.8624301675977654,320.0,4.5,1.0833333333333333,48.19542664163238,0.11960416666666666,1.0484693877551021,46,1.7353927435301337,0.6393701059093119,1.1353927435301336,0.8069328869873517,0.9565217391304348,A,0.0005927393749993826
rubble,A,60,800,0.02,0.4,0.2,,2,0.3,0.2,2.0,20,0,0.6201117318435754,0.5882332402234636,0.9622905027932961,280.0,4.966666666666667,1.25,51.83141443242376,0.11989583333333333,1.1312101910828025,48,1.6952239881813431,0.5512549724374592,1.095223988181343,1.0682275793303533,0.9583333333333334,A,0.000601298541248525
rubble,A,60,800,0.02,0.4,0.2,,3,0.3,0.2,2.0,20,0,0.5195530726256983,0.5248952513966479,0.7807262569832403,320.0,4.366666666666666,1.0166666666666666,49.09312973565287,0.13702083333333334,0.9550706033376123,49,1.3785277179470217,0.7220762651620433,0.7785277179470215,0.33715573240896024,0.8775510204081632,A,0.0006095529162507774
rubble,A,60,800,0.02,0.4,0.2,,4,0.3,0.2,2.0,20,0,0.5928770949720671,0.5553421787709498,0.9196927374301676,320.0,5.0,1.1833333333333333,47.574199527566016,0.14166666666666666,0.9381215469613261,45,1.6950034259060418,0.6595924295959763,1.095003425906042,0.5552936228486763,1.0,A,0.0005993040112502967
rubble,A,60,800,0.02,0.4,0.2,,5,0.3,0.2,2.0,20,0,0.5174581005586593,0.5053770949720671,0.854050279329609,300.0,5.35,1.05,49.992158874233915,0.153125,1.0378151260504203,51,1.4177573642239825,0.8395702581587284,0.8177573642239826,0.4615845895659537,0.9607843137254902,A,0.0006194288537494686
rubble,A,60,800,0.02,0.4,0.2,,6,0.3,0.2,2.0,20,0,0.5481843575418994,0.5146298882681564,0.8421787709497207,260.0,5.483333333333333,1.1833333333333333,50.34701450930582,0.14627083333333332,1.0356200527704484,50,1.3643503782032846,0.5461618078766547,0.7643503782032844,0.5858546628000244,1.0,A,0.0005934713024998928
rubble,A,60,800,0.02,0.4,0.2,,7,0.3,0.2,2.0,20,0,0.5893854748603352,0.5351606145251396,0.854050279329609,300.0,6.066666666666666,1.0166666666666666,48.949634410411015,0.15666666666666668,1.1134564643799472,50,1.4244081158119364,0.5183690052239818,0.8244081158119362,0.6955746450574867,0.96,A,0.0006071735424984581
rubble,A,60,800,0.02,0.4,0.2,,8,0.3,0.2,2.0,20,0,0.5537709497206704,0.517004189944134,0.8177374301675978,300.0,5.766666666666667,1.2666666666666666,48.30625481311213,0.14147916666666666,1.0461741424802111,47,1.4116916633528571,0.5385148046042934,0.8116916633528567,0.5754512982457015,0.9148936170212766,A,0.0005913914062489311
rubble,A,60,800,0.02,0.4,0.2,,9,0.3,0.2,2.0,20,0,0.5789106145251397,0.542108938547486,0.8680167597765364,280.0,4.883333333333334,1.05,48.77021700172906,0.14,1.21021897810219,47,1.649340727019911,0.5849592266060865,1.0493407270199107,0.6990347443625985,1.0,A,0.0005872959375005848
rubble,A,60,800,0.02,0.4,0.2,,10,0.3,0.2,2.0,20,0,0.5712290502793296,0.5224162011173183,0.8526536312849162,260.0,4.816666666666666,1.4666666666666666,49.269184826616986,0.13564583333333333,1.1282758620689657,46,1.703217862856402,0.7797668777114568,1.103217862856402,0.5747028340356383,0.8695652173913043,A,0.0006057139062500028
rubble,A,60,800,0.02,0.4,0.2,,12,0.3,0.2,2.0,20,0,0.4748603351955307,0.48104050279329613,0.7032122905027933,240.0,4.733333333333333,1.0166666666666666,48.44535930159906,0.121,0.9812409812409811,47,1.287154445997244,0.46362272134137245,0.687154445997244,0.4464240577661295,1.0,A,0.0006002260937498249
rubble,A,60,800,0.02,0.4,0.2,,11,0.3,0.2,2.0,20,0,0.5460893854748603,0.5123952513966481,0.8135474860335196,280.0,5.5,1.25,50.00702214112822,0.154125,1.0182291666666665,52,1.460074042529302,0.6511627625443533,0.8600740425293018,0.5100618847159412,0.9615384615384616,A,0.0006227437500001543
rubble,A,60,800,0.02,0.4,0.2,,13,0.3,0.2,2.0,20,0,0.5363128491620112,0.5246159217877094,0.8575418994413407,280.0,5.333333333333333,1.2,48.27755963452838,0.16622916666666668,1.032258064516129,49,1.5289014776931076,0.7170895628738271,0.9289014776931075,0.5840244463717278,0.9591836734693877,A,0.0005926444787496621
rubble,A,60,800,0.02,0.4,0.2,,14,0.3,0.2,2.0,20,0,0.5796089385474861,0.5384427374301676,0.9322625698324022,360.0,5.116666666666666,0.85,49.032215622402404,0.16095833333333334,1.0807291666666667,48,1.6770046502370288,0.6959538627727803,1.0770046502370287,0.64400484998296,0.9583333333333334,A,0.0005927866662500491
rubble,A,60,800,0.02,0.4,0.2,,15,0.3,0.2,2.0,20,0,0.5663407821229051,0.5417248603351955,0.8477653631284916,260.0,6.033333333333333,1.05,52.524496756011935,0.15658333333333332,1.071334214002642,54,1.3126963489086534,0.6298863723393553,0.7126963489086535,0.3749771612901435,0.9259259259259259,A,0.0006104106249995311
rubble,A,60,800,0.02,0.4,0.2,,16,0.3,0.2,2.0,20,0,0.6075418994413407,0.566340782122905,0.8582402234636871,320.0,4.566666666666666,1.0,46.42190529634286,0.146625,1.1284046692607004,46,1.7441552649662841,0.5213964751205183,1.1441552649662845,1.1057239610249057,0.9565217391304348,A,0.0005832457287488069
rubble,A,60,800,0.02,0.4,0.2,,17,0.3,0.2,2.0,20,0,0.50768156424581,0.5159916201117319,0.8296089385474861,320.0,4.8,1.4,50.25670324503084,0.13089583333333332,0.8942189421894218,49,1.686432000123464,0.7413981894141752,1.086432000123464,0.7903512537283947,1.0,A,0.0005691088024991586
rubble,A,60,800,0.02,0.4,0.2,,18,0.3,0.2,2.0,20,0,0.5349162011173184,0.5028980446927374,0.8840782122905028,340.0,5.333333333333333,0.8166666666666667,46.2066343527895,0.16752083333333334,1.0819209039548021,47,1.5632220558274514,1.0459451384774388,0.9632220558274515,0.3845205838439024,1.0,A,0.0005756121874992459
rubble,A,60,800,0.02,0.4,0.2,,19,0.3,0.2,2.0,20,0,0.4818435754189944,0.4860684357541899,0.8177374301675978,220.0,5.0,1.3,49.017965371089296,0.12839583333333332,0.9745762711864406,47,1.4862283425508203,0.9884397637554384,0.88622834255082,0.4861048589465188,1.0,A,0.0005858765624998341
rubble,A,60,800,0.02,0.4,0.2,,21,0.3,0.2,2.0,20,0,0.539804469273743,0.5052723463687152,0.8631284916201117,340.0,5.266666666666667,1.2166666666666666,47.616014212342165,0.16147916666666667,0.9974193548387097,45,1.4453465818044258,0.61658240985802,0.8453465818044259,0.46084826323134875,0.9555555555555556,A,0.000563112551251379
rubble,A,60,800,0.02,0.4,0.2,,20,0.3,0.2,2.0,20,0,0.5886871508379888,0.5296438547486033,0.8400837988826816,280.0,5.333333333333333,1.3,47.60013029630837,0.15633333333333332,1.206008583690987,47,1.6231246691746528,0.5453295519868256,1.0231246691746525,0.8496906952129152,1.0,A,0.0005878045837494028
rubble,A,60,800,0.02,0.4,0.2,,22,0.3,0.2,2.0,20,0,0.553072625698324,0.5345321229050279,0.8722067039106145,300.0,4.366666666666666,1.1666666666666667,47.15927710592671,0.12883333333333333,1.087912087912088,45,1.5706769807251675,0.5987557835234457,0.9706769807251675,0.4553761616811841,1.0,A,0.0005873051050002687
rubble,A,60,800,0.02,0.4,0.2,,23,0.3,0.2,2.0,20,0,0.5900837988826816,0.5333449720670391,0.86731843575419,200.0,5.366666666666666,1.2166666666666666,48.69075243423227,0.14422916666666666,1.1918194640338504,50,1.5168813080407788,0.6265361753579081,0.9168813080407788,0.7451713483376042,1.0,A,0.0006004335412512773
rubble,A,60,800,0.02,0.4,0.2,,25,0.3,0.2,2.0,20,0,0.5684357541899442,0.5110335195530726,0.8833798882681564,260.0,4.9,1.1833333333333333,46.02577884176738,0.15414583333333334,1.149717514124294,43,1.7341516309676936,0.7078593624142153,1.134151630967694,0.927424123799638,0.9534883720930233,A,0.0005715009375012414
rubble,A,60,800,0.02,0.4,0.2,,24,0.3,0.2,2.0,20,0,0.5062849162011173,0.4971368715083798,0.7227653631284916,280.0,5.15,1.1666666666666667,46.9257436209816,0.16066666666666668,0.9602649006622516,45,1.4334412803381826,0.7581951856841893,0.8334412803381823,0.5881883407022029,0.9555555555555556,A,0.0006006685937495604
rubble,A,60,800,0.02,0.4,0.2,,26,0.3,0.2,2.0,20,0,0.5391061452513967,0.495391061452514,0.7688547486033519,300.0,4.766666666666667,1.0333333333333334,49.696756957819375,0.12341666666666666,1.082748948106592,48,1.302060878417927,0.6288004021045637,0.7020608784179272,0.31461825263924237,0.9166666666666666,A,0.0005695284374996845
rubble,A,60,800,0.02,0.4,0.2,,27,0.3,0.2,2.0,20,0,0.5370111731843575,0.48187849162011187,0.8093575418994413,280.0,5.016666666666667,0.9833333333333333,49.23410882757956,0.1268125,1.117732558139535,46,1.3517164975774383,0.5473460971670062,0.7517164975774382,0.5566928531382684,0.9130434782608695,A,0.0005861302612515829
rubble,A,60,800,0.02,0.4,0.2,,28,0.3,0.2,2.0,20,0,0.5013966480446927,0.5107192737430168,0.8924581005586593,220.0,5.783333333333333,1.2666666666666666,49.689471981278366,0.16389583333333332,0.9361147327249023,46,1.3395186788956688,0.6350565814511088,0.739518678895669,0.6063532354862691,0.8695652173913043,A,0.000580293697498746
rubble,A,60,800,0.02,0.4,0.2,,29,0.3,0.2,2.0,20,0,0.5488826815642458,0.5141061452513966,0.7681564245810056,320.0,5.516666666666667,1.1,50.28426642694284,0.15122916666666666,1.0993006993006993,49,1.4270955282307511,0.8015136391254042,0.8270955282307508,0.36593830981091946,0.8775510204081632,A,0.0005943191150004168
rubble,A,60,800,0.02,0.8,0.2,,0,0.3,0.2,2.0,20,0,0.547486033519553,0.5078212290502793,0.8833798882681564,320.0,4.45,1.15,50.54487447756883,0.1330625,0.9961880559085133,48,1.6175139236557528,0.5896575902365344,1.0175139236557527,0.7915785697094496,1.0,A,0.0005791871874998833
rubble,A,60,800,0.02,0.8,0.2,,1,0.3,0.2,2.0,20,0,0.6229050279329609,0.5753142458100557,0.9462290502793296,280.0,4.5,1.1833333333333333,50.038056112884576,0.13166666666666665,1.2136054421768707,46,1.7099045059124085,0.6834960745333762,1.1099045059124089,0.6942736613517216,0.8913043478260869,A,0.0005908795837490288
rubble,A,60,800,0.02,0.8,0.2,,2,0.3,0.2,2.0,20,0,0.5321229050279329,0.5164804469273744,0.8072625698324022,280.0,4.483333333333333,1.15,48.912450720932114,0.13620833333333332,1.0228187919463088,48,1.5022479893796883,0.5476587496140134,0.9022479893796884,0.8273183101367324,0.9166666666666666,A,0.000575637603751602
rubble,A,60,800,0.02,0.8,0.2,,4,0.3,0.2,2.0,20,0,0.5698324022346368,0.5411662011173184,0.9238826815642458,320.0,4.2,1.1166666666666667,47.65738077390087,0.14110416666666667,0.9220338983050846,45,1.8295419824004353,0.7073106537992879,1.2295419824004352,0.8926055333638044,1.0,A,0.0006002623437484545
rubble,A,60,800,0.02,0.8,0.2,,3,0.3,0.2,2.0,20,0,0.571927374301676,0.5195530726256984,0.928072625698324,300.0,4.983333333333333,1.0166666666666666,48.16089876927206,0.14870833333333333,1.199121522693997,49,1.701913892347551,0.7720848752649379,1.101913892347551,0.744168731211278,0.9183673469387755,A,0.000613435417499204
rubble,A,60,800,0.02,0.8,0.2,,5,0.3,0.2,2.0,20,0,0.5768156424581006,0.517004189944134,0.7674581005586593,300.0,4.6,0.9666666666666667,49.51745593499107,0.17191666666666666,1.148817802503477,51,1.5293433145830908,0.7335527741309801,0.9293433145830906,0.5500962105596346,0.9607843137254902,A,0.000593228228751741
rubble,A,60,800,0.02,0.8,0.2,,6,0.3,0.2,2.0,20,0,0.49441340782122906,0.5202513966480448,0.7849162011173184,340.0,5.883333333333334,0.95,49.93324389694565,0.17022916666666665,1.0275761973875182,50,1.6211463138548745,0.9968906973705972,1.0211463138548749,0.6200916046948546,0.96,A,0.0006052729162502146
rubble,A,60,800,0.02,0.8,0.2,,7,0.3,0.2,2.0,20,0,0.5202513966480447,0.5252094972067038,0.8491620111731844,280.0,5.766666666666667,1.3666666666666667,49.45521260055389,0.17122916666666665,0.9588159588159587,50,1.161254434987965,0.6697828313915729,0.5612544349879651,0.27703214135933274,0.96,A,0.0006050007287490189
rubble,A,60,800,0.02,0.8,0.2,,9,0.3,0.2,2.0,20,0,0.5272346368715084,0.49951117318435745,0.8519553072625698,400.0,5.133333333333334,1.0166666666666666,48.34450525242448,0.1511875,0.9605597964376591,47,1.6610625260282237,0.8935255756978436,1.061062526028224,0.5636397290209957,1.0,A,0.0005894806249989415
rubble,A,60,800,0.02,0.8,0.2,,8,0.3,0.2,2.0,20,0,0.5593575418994413,0.5582053072625698,0.9252793296089385,260.0,4.133333333333334,1.0,47.56053939996471,0.127625,1.0282413350449295,47,1.5072776154481737,0.6270646050140438,0.9072776154481734,0.6872955228203249,0.9574468085106383,A,0.0006093042712518582
rubble,A,60,800,0.02,0.8,0.2,,10,0.3,0.2,2.0,20,0,0.5691340782122905,0.5305516759776536,0.861731843575419,220.0,4.3,1.0,47.402479258855436,0.14129166666666668,1.0998650472334681,46,1.464145417856706,0.5519289176028049,0.8641454178567065,0.7324754466502217,1.0,A,0.0005869482287494066
rubble,A,60,800,0.02,0.8,0.2,,11,0.3,0.2,2.0,20,0,0.5642458100558659,0.5534916201117318,0.88268156424581,260.0,5.266666666666667,1.3,52.22301842790531,0.15872916666666667,1.1493598862019916,52,1.451214413157154,0.809763305955684,0.8512144131571543,0.4129697740617142,0.9230769230769231,A,0.0006067242187509692
rubble,A,60,800,0.02,0.8,0.2,,13,0.3,0.2,2.0,20,0,0.5837988826815642,0.5487430167597765,0.797486033519553,220.0,4.816666666666666,1.3,49.4578451472962,0.1560625,1.0815006468305304,49,1.5556803427295287,0.6997306424499065,0.9556803427295285,0.3786744664417101,1.0,A,0.0005773084900010872
rubble,A,60,800,0.02,0.8,0.2,,12,0.3,0.2,2.0,20,0,0.5747206703910615,0.5313547486033519,0.9308659217877095,320.0,4.283333333333333,1.1,49.40123573377856,0.1351875,1.0160493827160493,47,1.610034107415337,0.6078949402586826,1.010034107415337,0.6631954863874806,0.9148936170212766,A,0.000593862031248591
rubble,A,60,800,0.02,0.8,0.2,,14,0.3,0.2,2.0,20,0,0.5642458100558659,0.5177374301675977,0.9029329608938548,320.0,5.25,1.1666666666666667,50.40274864268474,0.17795833333333333,1.1023192360163712,48,1.487001886379608,0.6951656826646124,0.8870018863796076,0.45128287604248585,0.9166666666666666,A,0.0006000617712516032
rubble,A,60,800,0.02,0.8,0.2,,15,0.3,0.2,2.0,20,0,0.585195530726257,0.5696927374301677,0.9245810055865922,340.0,5.483333333333333,1.15,53.01535778978563,0.16347916666666668,1.092568448500652,54,1.6234111200609915,0.7112068164904501,1.0234111200609919,0.6821338660732267,0.9629629629629629,A,0.0006022209899992959
rubble,A,60,800,0.02,0.8,0.2,,17,0.3,0.2,2.0,20,0,0.5307262569832403,0.5555167597765364,0.9182960893854749,340.0,4.716666666666667,0.9666666666666667,49.96286910727242,0.14027083333333334,0.8962264150943396,49,1.2269406073206768,0.6922505528989009,0.6269406073206767,0.3588542956764811,0.9183673469387755,A,0.0005925860937509242
rubble,A,60,800,0.02,0.8,0.2,,16,0.3,0.2,2.0,20,0,0.5544692737430168,0.5148393854748603,0.8582402234636871,260.0,4.25,1.0833333333333333,45.53899312535722,0.144875,1.0127551020408165,46,1.6621946651995756,0.524515972548909,1.0621946651995757,0.8510090861421685,1.0,A,0.0006080336987497503
rubble,A,60,800,0.02,0.8,0.2,,18,0.3,0.2,2.0,20,0,0.5551675977653632,0.5278631284916201,0.8547486033519553,340.0,4.733333333333333,0.9,47.99124889609318,0.16960416666666667,1.0419397116644824,47,1.5715250972940298,0.6963549228610435,0.9715250972940296,0.5381447574707586,0.9148936170212766,A,0.0006078630212482494
rubble,A,60,800,0.02,0.8,0.2,,19,0.3,0.2,2.0,20,0,0.5391061452513967,0.5037709497206704,0.8337988826815642,280.0,4.733333333333333,1.2333333333333334,48.174320340310416,0.14066666666666666,0.9590062111801243,47,1.342792630627285,0.5294925100547958,0.7427926306272848,0.5413500404990971,0.8723404255319149,A,0.0006001964587494513
rubble,A,60,800,0.02,0.8,0.2,,20,0.3,0.2,2.0,20,0,0.5460893854748603,0.5073324022346369,0.8784916201117319,300.0,5.35,1.4333333333333333,49.16934707510718,0.16975,0.9923857868020304,47,1.5784088519843282,0.8107859667890506,0.9784088519843281,0.4701455520100649,0.9574468085106383,A,0.0006159965100005138
rubble,A,60,800,0.02,0.8,0.2,,21,0.3,0.2,2.0,20,0,0.5956703910614525,0.5707053072625698,0.9273743016759777,260.0,4.716666666666667,1.1333333333333333,47.69439489955463,0.15614583333333334,1.0479115479115477,45,1.7549115766208934,0.5214964991568192,1.1549115766208935,1.0154315869248416,0.9555555555555556,A,0.000576638332499897
rubble,A,60,800,0.02,0.8,0.2,,22,0.3,0.2,2.0,20,0,0.454608938547486,0.5015013966480446,0.7939944134078212,320.0,4.583333333333333,1.3666666666666667,47.39041126162021,0.13870833333333332,0.8532110091743119,45,1.487889971141856,1.1079948373036654,0.8878899711418564,0.40272111927592447,0.8,A,0.0006081822912483403
rubble,A,60,800,0.02,0.8,0.2,,23,0.3,0.2,2.0,20,0,0.5551675977653632,0.5487081005586592,0.8428770949720671,340.0,4.75,1.25,48.91367539004937,0.160375,0.983910891089109,50,1.4393700255896564,0.805601446602365,0.8393700255896568,0.33858623539017496,0.96,A,0.0006190326037494742
rubble,A,60,800,0.02,0.8,0.2,,24,0.3,0.2,2.0,20,0,0.4797486033519553,0.47437150837988823,0.8205307262569832,300.0,5.683333333333334,1.4166666666666667,48.41065877905419,0.17147916666666665,0.9423868312757202,45,1.4926883444986636,0.8686375352515678,0.8926883444986639,0.5668488605527177,1.0,A,0.0005901991675000318
rubble,A,60,800,0.02,0.8,0.2,,25,0.3,0.2,2.0,20,0,0.6033519553072626,0.5318435754189944,0.8973463687150838,300.0,4.85,1.0166666666666666,46.497827601925216,0.163,1.2083916083916084,43,1.7287749571142088,0.6780226397704451,1.1287749571142092,0.7791791714370323,0.9534883720930233,A,0.0005967028650002248
rubble,A,60,800,0.02,0.8,0.2,,26,0.3,0.2,2.0,20,0,0.5181564245810056,0.4920740223463687,0.8016759776536313,260.0,4.4,1.2333333333333334,49.07419382099592,0.13802083333333334,0.9512820512820515,48,1.7105035634560417,0.9590907556560869,1.1105035634560416,0.6590405708875531,0.9583333333333334,A,0.000598542708748937
rubble,A,60,800,0.02,0.8,0.2,,27,0.3,0.2,2.0,20,0,0.539804469273743,0.5019203910614525,0.8379888268156425,240.0,4.75,1.1666666666666667,49.53506807282191,0.1425,1.0811188811188812,46,1.6547170928524708,0.7505632643467395,1.0547170928524705,0.5421715504766601,1.0,A,0.0006145011974990666
rubble,A,60,800,0.02,0.8,0.2,,28,0.3,0.2,2.0,20,0,0.5314245810055865,0.5249999999999999,0.8994413407821229,360.0,5.116666666666666,1.0666666666666667,46.33272779522761,0.1748125,0.9819354838709676,46,1.7366405301972876,0.7265602270845256,1.136640530197288,0.9024228572967097,0.9565217391304348,A,0.0006048668750008801
rubble,A,60,800,0.02,0.8,0.2,,29,0.3,0.2,2.0,20,0,0.6361731843575419,0.5731843575418993,0.9371508379888268,260.0,5.1,1.15,48.55343255373041,0.17016666666666666,1.274125874125874,49,1.651268674893579,0.6457251448140293,1.051268674893579,0.6312657095431863,1.0,A,0.0005853613024987681
apartment,B,60,800,0.02,0.0,0.2,,0,0.3,0.2,2.0,20,0,0.9622395833333334,0.93935546875,0.9921875,240.0,0.8,0.3,50.669809609814855,0.07289583333333334,1.0460014154281672,51,2.3145467072467696,0.11981017791764371,1.71454670724677,1.7174890542631465,1.0,B,0.0013189301562488254
apartment,B,60,800,0.02,0.0,0.2,,1,0.3,0.2,2.0,20,0,0.9368489583333334,0.9080078124999998,0.9817708333333334,260.0,1.0166666666666666,0.23333333333333334,48.61476716820347,0.08014583333333333,1.0205673758865248,48,2.323574267167731,0.10302520012647368,1.723574267167731,1.6969966233854832,1.0,B,0.0013332658850004008
apartment,B,60,800,0.02,0.0,0.2,,2,0.3,0.2,2.0,20,0,0.9329427083333334,0.927734375,0.9895833333333334,220.0,0.7166666666666667,0.3,48.23800777176712,0.07508333333333334,1.0070274068868588,46,2.348380141956573,0.12180370384091845,1.7483801419565728,1.755478223161677,1.0,B,0.0013659021874991594
apartment,B,60,800,0.02,0.0,0.2,,3,0.3,0.2,2.0,20,0,0.9283854166666666,0.9300455729166666,0.994140625,240.0,0.8833333333333333,0.1,48.75369963928098,0.07860416666666667,1.0063514467184191,46,2.37900044644715,0.12388801445477601,1.7790004464471496,1.8781594308102694,1.0,B,0.0012961782812499223
apartment,B,60,800,0.02,0.0,0.2,,5,0.3,0.2,2.0,20,0,0.9225260416666666,0.8987955729166668,0.9830729166666666,220.0,1.1166666666666667,0.26666666666666666,47.86816235077792,0.06670833333333333,1.0014134275618374,45,2.3907378538054553,0.13608732653187422,1.7907378538054546,1.8208655270194827,1.0,B,0.0012577895824983898
apartment,B,60,800,0.02,0.0,0.2,,4,0.3,0.2,2.0,20,0,0.9348958333333334,0.9185546874999998,0.9889322916666666,240.0,1.05,0.3,48.043892808150865,0.07202083333333334,1.0184397163120569,47,2.3144607888960618,0.1268384514620353,1.7144607888960615,1.7294301443776505,1.0,B,0.001329618072500125
apartment,B,60,800,0.02,0.0,0.2,,6,0.3,0.2,2.0,20,0,0.9459635416666666,0.93837890625,0.9915364583333334,220.0,0.9333333333333333,0.25,49.43068686134597,0.07864583333333333,1.0363766048502139,50,2.363683039352685,0.10195020167118553,1.763683039352685,1.7462117579354732,1.0,B,0.0013343219262515048
apartment,B,60,800,0.02,0.0,0.2,,7,0.3,0.2,2.0,20,0,0.9654947916666666,0.92880859375,0.9915364583333334,260.0,1.05,0.3333333333333333,49.726519983157544,0.07710416666666667,1.046577275935074,50,2.3051059434973893,0.13440767428865835,1.7051059434973892,1.6940784744899995,1.0,B,0.0013611793225004477
apartment,B,60,800,0.02,0.0,0.2,,8,0.3,0.2,2.0,20,0,0.939453125,0.9281575520833334,0.990234375,240.0,0.9666666666666667,0.21666666666666667,49.09464856249498,0.07775,1.0190677966101696,47,2.363879847412766,0.08915240038503633,1.7638798474127657,1.7343242513062385,1.0,B,0.001288057968749854
apartment,B,60,800,0.02,0.0,0.2,,9,0.3,0.2,2.0,20,0,0.931640625,0.9173177083333334,0.9915364583333334,220.0,0.95,0.13333333333333333,47.916709846185576,0.0795,0.992371705963939,45,2.4098039577151775,0.10953000720201618,1.8098039577151772,1.8303593717061393,1.0,B,0.0012820686462509912
apartment,B,60,800,0.02,0.0,0.2,,10,0.3,0.2,2.0,20,0,0.951171875,0.9367838541666667,0.9928385416666666,220.0,1.1333333333333333,0.3,49.13428891900499,0.0843125,1.0458124552612742,49,2.2998557405891082,0.11528066827760503,1.6998557405891088,1.7502600850066883,1.0,B,0.0013720553124994695
apartment,B,60,800,0.02,0.0,0.2,,11,0.3,0.2,2.0,20,0,0.9361979166666666,0.9283528645833334,0.9915364583333334,260.0,1.05,0.26666666666666666,48.73075867317952,0.07770833333333334,1.0205819730305181,49,2.307377193687108,0.12612453608502533,1.707377193687108,1.7267017586308544,1.0,B,0.0013543619274992125
apartment,B,60,800,0.02,0.0,0.2,,12,0.3,0.2,2.0,20,0,0.931640625,0.9124674479166666,0.9876302083333334,200.0,1.05,0.2833333333333333,47.97268863456031,0.07133333333333333,1.0113074204946997,45,2.4090257459076407,0.11632961165356837,1.8090257459076409,1.8229643437865364,1.0,B,0.001279978541251694
apartment,B,60,800,0.02,0.0,0.2,,13,0.3,0.2,2.0,20,0,0.9427083333333334,0.9376302083333332,0.990234375,240.0,0.9,0.4,49.408781241955474,0.0740625,0.9993098688750863,49,2.371725737489181,0.1015470640275232,1.7717257374891804,1.6956103083045555,1.0,B,0.0013256621362506848
apartment,B,60,800,0.02,0.0,0.2,,14,0.3,0.2,2.0,20,0,0.9140625,0.8929361979166666,0.9772135416666666,240.0,1.1333333333333333,0.26666666666666666,48.58502351636311,0.08379166666666667,0.9950389794472007,47,2.252642674800014,0.14628875504690259,1.652642674800014,1.6171363338531308,1.0,B,0.0013148430212504537
apartment,B,60,800,0.02,0.0,0.2,,15,0.3,0.2,2.0,20,0,0.9368489583333334,0.9240559895833332,0.9876302083333334,220.0,0.9833333333333333,0.23333333333333334,50.23467848050696,0.06916666666666667,1.0162429378531075,50,2.2916542350845326,0.11775405988518392,1.6916542350845325,1.6342348222629695,1.0,B,0.0013628173437496116
apartment,B,60,800,0.02,0.0,0.2,,16,0.3,0.2,2.0,20,0,0.9544270833333334,0.9112304687499998,0.9869791666666666,220.0,1.0166666666666666,0.2833333333333333,49.80546642023191,0.08383333333333333,1.0795287187039764,51,2.3201839362329313,0.10968698679680541,1.7201839362329312,1.6671486480327928,1.0,B,0.0014319405737501256
apartment,B,60,800,0.02,0.0,0.2,,17,0.3,0.2,2.0,20,0,0.9498697916666666,0.9355143229166668,0.9928385416666666,240.0,0.9,0.31666666666666665,49.98048705429142,0.08229166666666667,1.0167247386759581,50,2.3171782758282604,0.1380773750855439,1.7171782758282605,1.695163782514239,1.0,B,0.0013907469275000039
apartment,B,60,800,0.02,0.0,0.2,,18,0.3,0.2,2.0,20,0,0.9186197916666666,0.90439453125,0.9837239583333334,200.0,0.8166666666666667,0.25,48.43434099944307,0.0695625,1.0336996336996336,46,2.391932092786588,0.11201457155501333,1.7919320927865883,1.8153796905987303,1.0,B,0.0013103918237493417
apartment,B,60,800,0.02,0.0,0.2,,19,0.3,0.2,2.0,20,0,0.953125,0.9287109374999998,0.9921875,260.0,1.0,0.35,49.292003472895054,0.07875,1.0138504155124655,49,2.38912174913012,0.0990900165379821,1.7891217491301197,1.804159596913662,1.0,B,0.0013455716149996988
apartment,B,60,800,0.02,0.0,0.2,,20,0.3,0.2,2.0,20,0,0.935546875,0.9311848958333334,0.9895833333333334,240.0,0.9333333333333333,0.25,49.319014717232,0.066625,0.9937759336099585,47,2.437354851662025,0.09130999138527363,1.8373548516620253,1.8828499820466282,1.0,B,0.0013090372400006345
apartment,B,60,800,0.02,0.0,0.2,,21,0.3,0.2,2.0,20,0,0.9303385416666666,0.9053385416666668,0.982421875,200.0,1.05,0.23333333333333334,48.44706756485003,0.07760416666666667,1.0273184759166067,48,2.3779127691818522,0.13283565935496594,1.7779127691818521,1.7813890708703681,1.0,B,0.0013161830724993705
apartment,B,60,800,0.02,0.0,0.2,,23,0.3,0.2,2.0,20,0,0.951171875,0.9267903645833334,0.990234375,220.0,0.9333333333333333,0.35,48.74367949790985,0.0743125,1.0238262088297125,48,2.3090905333828275,0.12331133245895835,1.7090905333828281,1.637704431146989,1.0,B,0.0013176621875004458
apartment,B,60,800,0.02,0.0,0.2,,22,0.3,0.2,2.0,20,0,0.94140625,0.9139648437500002,0.9889322916666666,220.0,1.0833333333333333,0.43333333333333335,49.29087674235239,0.08229166666666667,1.0402877697841728,50,2.33322873973213,0.11655634681873561,1.7332287397321307,1.6835082973097215,1.0,B,0.0013856191662512175
apartment,B,60,800,0.02,0.0,0.2,,24,0.3,0.2,2.0,20,0,0.9010416666666666,0.8859700520833333,0.9791666666666666,240.0,1.1833333333333333,0.18333333333333332,46.14220252226558,0.06970833333333333,0.9843527738264579,41,2.5119340284138434,0.08514216714445819,1.911934028413843,1.9456843869777702,1.0,B,0.0012603054687497207
apartment,B,60,800,0.02,0.0,0.2,,25,0.3,0.2,2.0,20,0,0.94921875,0.92841796875,0.984375,240.0,0.9833333333333333,0.38333333333333336,49.489669180013784,0.06833333333333333,1.0384615384615385,48,2.4448922618068627,0.14295699326201633,1.844892261806863,1.922419151165052,1.0,B,0.0013338932812484927
apartment,B,60,800,0.02,0.0,0.2,,26,0.3,0.2,2.0,20,0,0.94140625,0.9046549479166668,0.9817708333333334,220.0,1.0166666666666666,0.35,50.06707832789889,0.08970833333333333,1.0616740088105727,52,2.24250607465748,0.1681151243122997,1.6425060746574802,1.6753114416723616,1.0,B,0.001373008854998261
apartment,B,60,800,0.02,0.0,0.2,,27,0.3,0.2,2.0,20,0,0.9368489583333334,0.9288411458333332,0.9895833333333334,220.0,1.05,0.16666666666666666,49.221389139531745,0.07695833333333334,1.03450754852624,49,2.3192161174980312,0.11824663566377142,1.719216117498031,1.7659519182771475,1.0,B,0.001341893177500424
apartment,B,60,800,0.02,0.0,0.2,,29,0.3,0.2,2.0,20,0,0.9095052083333334,0.8769531249999998,0.9700520833333334,220.0,0.9666666666666667,0.3,46.46317241181241,0.07447916666666667,1.009393063583815,43,2.382906708427362,0.1408791844047717,1.7829067084273615,1.7843898869731256,1.0,B,0.0012560986462494838
apartment,B,60,800,0.02,0.0,0.2,,28,0.3,0.2,2.0,20,0,0.9186197916666666,0.9140950520833334,0.98046875,240.0,0.9833333333333333,0.2833333333333333,49.46834956568308,0.07635416666666667,0.9867132867132866,48,2.219017489063235,0.15078146923063396,1.6190174890632345,1.5754625529390602,1.0,B,0.0013099208850007927
apartment,B,60,800,0.02,0.1,0.2,,0,0.3,0.2,2.0,20,0,0.9609375,0.9262044270833332,0.9895833333333334,240.0,1.0666666666666667,0.4,50.52188739495329,0.08952083333333333,1.0718954248366013,53,2.2473817005577734,0.1392625901421268,1.6473817005577733,1.7129416263571962,1.0,B,0.0013659111975016457
apartment,B,60,800,0.02,0.1,0.2,,1,0.3,0.2,2.0,20,0,0.921875,0.8858723958333334,0.9817708333333334,260.0,1.0,0.25,47.67897420281957,0.09095833333333334,0.9806094182825486,47,2.32169784224514,0.1288356414828008,1.7216978422451406,1.7062243843962603,1.0,B,0.001308529999998882
apartment,B,60,800,0.02,0.1,0.2,,3,0.3,0.2,2.0,20,0,0.935546875,0.9118164062500002,0.9889322916666666,240.0,0.9666666666666667,0.26666666666666666,48.451027993596554,0.074875,1.0264285714285715,46,2.4229855994942464,0.1222269139343024,1.8229855994942457,1.7928206549890564,1.0,B,0.0012960228649990314
apartment,B,60,800,0.02,0.1,0.2,,2,0.3,0.2,2.0,20,0,0.9518229166666666,0.9238606770833334,0.9889322916666666,220.0,0.7333333333333333,0.25,52.23826775939456,0.07260416666666666,1.03909026297086,54,2.2052746056922548,0.15988445116513011,1.6052746056922542,1.6627180791441332,1.0,B,0.00134380057250155
apartment,B,60,800,0.02,0.1,0.2,,4,0.3,0.2,2.0,20,0,0.9479166666666666,0.9335286458333332,0.9928385416666666,220.0,1.0833333333333333,0.2833333333333333,49.35272571089029,0.06908333333333333,1.0297029702970297,48,2.3054845509453075,0.1114384280273118,1.7054845509453076,1.7012618830440864,1.0,B,0.0013197975512503036
apartment,B,60,800,0.02,0.1,0.2,,5,0.3,0.2,2.0,20,0,0.9407552083333334,0.9433593750000002,0.9915364583333334,260.0,1.1166666666666667,0.31666666666666665,50.112203241621124,0.07502083333333333,1.0119047619047619,50,2.2825549622725054,0.0951749413389024,1.6825549622725051,1.718074708242078,1.0,B,0.0013482633850003367
apartment,B,60,800,0.02,0.1,0.2,,6,0.3,0.2,2.0,20,0,0.9453125,0.9240885416666668,0.990234375,220.0,0.9833333333333333,0.23333333333333334,50.88234019005843,0.06879166666666667,1.03862660944206,51,2.2750914064089365,0.11840111195062124,1.6750914064089357,1.5778042461153579,1.0,B,0.0013481182300006367
apartment,B,60,800,0.02,0.1,0.2,,7,0.3,0.2,2.0,20,0,0.955078125,0.9372721354166667,0.990234375,240.0,1.0333333333333334,0.3333333333333333,49.87643913823949,0.07975,1.032371569317382,49,2.410021530016275,0.10316927918636544,1.8100215300162743,1.856715810200945,1.0,B,0.0013107109375005165
apartment,B,60,800,0.02,0.1,0.2,,8,0.3,0.2,2.0,20,0,0.9427083333333334,0.9228190104166666,0.990234375,280.0,1.1333333333333333,0.38333333333333336,51.06153876987904,0.0745625,1.0269503546099292,51,2.274183849060596,0.10876856192223688,1.674183849060596,1.7023420946001009,1.0,B,0.0013587437499995758
apartment,B,60,800,0.02,0.1,0.2,,9,0.3,0.2,2.0,20,0,0.9479166666666666,0.934375,0.990234375,300.0,1.05,0.2,49.09877248677257,0.09354166666666666,1.0139275766016713,49,2.4054700071606954,0.11166176624495014,1.8054700071606948,1.7732935468887208,1.0,B,0.0013653407287506525
apartment,B,60,800,0.02,0.1,0.2,,10,0.3,0.2,2.0,20,0,0.9388020833333334,0.9217122395833333,0.990234375,240.0,1.1166666666666667,0.26666666666666666,48.95825671300291,0.08595833333333333,1.0285306704707562,48,2.285584612366344,0.1448769115361165,1.6855846123663436,1.6497116803470826,1.0,B,0.0013048632287518559
apartment,B,60,800,0.02,0.1,0.2,,11,0.3,0.2,2.0,20,0,0.9524739583333334,0.9219075520833332,0.9856770833333334,240.0,0.9333333333333333,0.36666666666666664,50.218602162165,0.07183333333333333,1.0331920903954803,50,2.288908088086203,0.12111475410803907,1.6889080880862029,1.708889180178985,1.0,B,0.0013063538012511343
apartment,B,60,800,0.02,0.1,0.2,,12,0.3,0.2,2.0,20,0,0.9147135416666666,0.8836263020833334,0.9817708333333334,280.0,1.1666666666666667,0.2833333333333333,47.09249070309195,0.0830625,0.985273492286115,45,2.4095264254454585,0.11873820716709248,1.809526425445458,1.775826995549079,1.0,B,0.0012990255725003408
apartment,B,60,800,0.02,0.1,0.2,,13,0.3,0.2,2.0,20,0,0.9635416666666666,0.9343424479166668,0.9928385416666666,220.0,0.9166666666666666,0.26666666666666666,50.560397106045215,0.067625,1.060931899641577,51,2.3498607896241723,0.1083915503781559,1.749860789624173,1.8433785466186565,1.0,B,0.001422299583750828
apartment,B,60,800,0.02,0.1,0.2,,14,0.3,0.2,2.0,20,0,0.91796875,0.8787109375,0.98046875,220.0,1.0833333333333333,0.23333333333333334,48.657158547706494,0.07766666666666666,1.0262008733624455,47,2.2972241338297006,0.1178591584139588,1.6972241338296998,1.7187155158933431,1.0,B,0.001311521146249106
apartment,B,60,800,0.02,0.1,0.2,,16,0.3,0.2,2.0,20,0,0.939453125,0.9060221354166667,0.9856770833333334,220.0,0.95,0.31666666666666665,47.99747699328483,0.07239583333333334,1.0112123335669236,45,2.468573127607702,0.11215885619331262,1.8685731276077022,1.799624338343401,1.0,B,0.001277366613749109
apartment,B,60,800,0.02,0.1,0.2,,15,0.3,0.2,2.0,20,0,0.94921875,0.9292968750000001,0.9895833333333334,240.0,1.0,0.25,49.603025368716516,0.0788125,1.0355113636363638,50,2.225341613154249,0.16977571156489912,1.6253416131542493,1.6327793755376825,1.0,B,0.0013724234900018928
apartment,B,60,800,0.02,0.1,0.2,,17,0.3,0.2,2.0,20,0,0.8756510416666666,0.86162109375,0.9765625,200.0,0.9666666666666667,0.2833333333333333,45.35216038825104,0.07472916666666667,0.9760522496371553,40,2.462341706554715,0.11472652903560954,1.8623417065547152,1.9234744106201869,1.0,B,0.0012420482812490264
apartment,B,60,800,0.02,0.1,0.2,,19,0.3,0.2,2.0,20,0,0.9466145833333334,0.9306966145833334,0.9915364583333334,220.0,1.0166666666666666,0.36666666666666664,49.78972582680358,0.07864583333333333,1.0348754448398578,49,2.3421794527868562,0.11435912015525529,1.742179452786856,1.7245826085362221,1.0,B,0.001321616458749304
apartment,B,60,800,0.02,0.1,0.2,,18,0.3,0.2,2.0,20,0,0.9537760416666666,0.9187174479166667,0.986328125,220.0,0.9333333333333333,0.36666666666666664,50.83269580874789,0.07077083333333334,1.0639070442992011,52,2.31528789269629,0.13757180207620426,1.71528789269629,1.7182468012810073,1.0,B,0.001350598281251223
apartment,B,60,800,0.02,0.1,0.2,,21,0.3,0.2,2.0,20,0,0.92578125,0.9215820312500002,0.9934895833333334,240.0,1.1,0.2833333333333333,47.984663585030994,0.077125,1.0063694267515924,45,2.423882055516064,0.10816418170056212,1.8238820555160637,1.8842017566813287,1.0,B,0.0013103301050000481
apartment,B,60,800,0.02,0.1,0.2,,20,0.3,0.2,2.0,20,0,0.9453125,0.9292317708333334,0.9908854166666666,240.0,0.9333333333333333,0.2,50.807916207871116,0.0789375,1.0247000705716303,51,2.3080613807085495,0.09373794848091718,1.708061380708549,1.6361500885275908,1.0,B,0.0013619994787495671
apartment,B,60,800,0.02,0.1,0.2,,23,0.3,0.2,2.0,20,0,0.935546875,0.9115234374999999,0.9915364583333334,200.0,1.1,0.25,49.6611060706221,0.07347916666666666,1.0519765739385067,49,2.2487904280472155,0.16108404771936038,1.6487904280472154,1.740272263423369,1.0,B,0.0013467909899986807
apartment,B,60,800,0.02,0.1,0.2,,22,0.3,0.2,2.0,20,0,0.9303385416666666,0.9096028645833334,0.984375,240.0,0.9666666666666667,0.25,48.232485917361714,0.07958333333333334,1.0207142857142857,47,2.3982864902013827,0.12560915488375102,1.7982864902013824,1.786921690539665,1.0,B,0.0013980753650002953
apartment,B,60,800,0.02,0.1,0.2,,26,0.3,0.2,2.0,20,0,0.9322916666666666,0.9076171875000002,0.9876302083333334,240.0,1.0166666666666666,0.26666666666666666,46.334588304258176,0.0834375,1.0369297610427226,44,2.4328737020056415,0.14311998347215452,1.832873702005641,1.8038261796375457,1.0,B,0.0012843739587492563
apartment,B,60,800,0.02,0.1,0.2,,25,0.3,0.2,2.0,20,0,0.939453125,0.9139973958333334,0.9908854166666666,260.0,0.9333333333333333,0.23333333333333334,49.819921116558675,0.07945833333333334,1.0212314225053079,50,2.3003048540958453,0.1325458118320037,1.7003048540958452,1.681141767701916,1.0,B,0.0013298093225012054
apartment,B,60,800,0.02,0.1,0.2,,24,0.3,0.2,2.0,20,0,0.9700520833333334,0.95029296875,0.99609375,240.0,0.9666666666666667,0.4,51.008500357299205,0.086875,1.0612535612535612,53,2.268696164826393,0.1411463670961258,1.6686961648263925,1.7170558756967593,1.0,B,0.0013544349475000672
apartment,B,60,800,0.02,0.1,0.2,,27,0.3,0.2,2.0,20,0,0.9453125,0.9103841145833333,0.982421875,240.0,1.0,0.2833333333333333,48.930857020598836,0.08775,1.0590809628008753,49,2.259434142726676,0.1690369443010644,1.6594341427266759,1.7271462473723203,1.0,B,0.0013060370837501979
apartment,B,60,800,0.02,0.1,0.2,,29,0.3,0.2,2.0,20,0,0.923828125,0.92041015625,0.9869791666666666,220.0,1.0333333333333334,0.3,48.378311433700205,0.082625,1.0297532656023223,48,2.3314770303814294,0.1352848796020185,1.7314770303814295,1.7383528181537757,1.0,B,0.001293341771249743
apartment,B,60,800,0.02,0.2,0.2,,0,0.3,0.2,2.0,20,0,0.8841145833333334,0.8565104166666666,0.9420572916666666,200.0,0.9333333333333333,0.26666666666666666,45.990592021109116,0.08385416666666666,1.0044378698224852,43,2.4775884511247357,0.16516217473150135,1.8775884511247356,1.854182533067561,1.0,B,0.0012657909375002419
apartment,B,60,800,0.02,0.1,0.2,,28,0.3,0.2,2.0,20,0,0.9453125,0.93837890625,0.9895833333333334,300.0,0.9166666666666666,0.26666666666666666,51.783849714096924,0.07797916666666667,1.0378842030021445,54,2.23599362750659,0.10345351620785499,1.6359936275065896,1.586446225795399,1.0,B,0.0014479904687482302
apartment,B,60,800,0.02,0.2,0.2,,1,0.3,0.2,2.0,20,0,0.9244791666666666,0.9193359375000002,0.98828125,220.0,1.0333333333333334,0.15,48.64445350630954,0.072125,1.0223182145428364,48,2.2688187145326366,0.12733143771198463,1.6688187145326367,1.6462040464847512,1.0,B,0.0013101004687496242
apartment,B,60,800,0.02,0.2,0.2,,2,0.3,0.2,2.0,20,0,0.9192708333333334,0.8889648437499998,0.9694010416666666,200.0,0.9166666666666666,0.2833333333333333,48.92828780936805,0.0790625,1.0648567119155354,50,2.2303631107746216,0.133022858282014,1.630363110774622,1.6470145427150742,1.0,B,0.0013715903124989382
apartment,B,60,800,0.02,0.2,0.2,,3,0.3,0.2,2.0,20,0,0.9166666666666666,0.91181640625,0.9850260416666666,260.0,0.9666666666666667,0.23333333333333334,47.86680315723319,0.07754166666666666,0.9978738483345145,46,2.3124707909871005,0.12825494890191275,1.7124707909871009,1.7395990109823662,1.0,B,0.001292183333750927
apartment,B,60,800,0.02,0.2,0.2,,4,0.3,0.2,2.0,20,0,0.9290364583333334,0.9171875,0.9915364583333334,200.0,1.0166666666666666,0.2833333333333333,49.082501915639156,0.07697916666666667,1.0363108206245462,48,2.2777914955672625,0.13613235601935186,1.6777914955672621,1.6109193737635787,1.0,B,0.0013067083337500662
apartment,B,60,800,0.02,0.2,0.2,,5,0.3,0.2,2.0,20,0,0.919921875,0.89755859375,0.9869791666666666,240.0,1.1166666666666667,0.23333333333333334,46.00488413438662,0.08472916666666666,1.0291332847778587,44,2.3949203430036707,0.16367816524195897,1.7949203430036704,1.855711696861853,1.0,B,0.001304424375000508
apartment,B,60,800,0.02,0.2,0.2,,6,0.3,0.2,2.0,20,0,0.9049479166666666,0.8900390625000002,0.98046875,200.0,0.9666666666666667,0.25,45.87609106433884,0.09179166666666666,1.0243183492999264,44,2.381009882924818,0.14181835296002868,1.7810098829248175,1.7901391772878608,1.0,B,0.00130942604125039
apartment,B,60,800,0.02,0.2,0.2,,8,0.3,0.2,2.0,20,0,0.8723958333333334,0.8613932291666666,0.947265625,260.0,1.35,0.3333333333333333,45.70676997478538,0.092125,0.973129992737836,44,2.4218715785146356,0.13538168594911834,1.8218715785146353,1.847828004305263,1.0,B,0.0013088215100015078
apartment,B,60,800,0.02,0.2,0.2,,7,0.3,0.2,2.0,20,0,0.9407552083333334,0.9148763020833333,0.9869791666666666,200.0,1.05,0.3333333333333333,50.096716189720816,0.0773125,1.0532069970845481,51,2.293962183186507,0.13884692060042841,1.6939621831865066,1.7079855466019058,1.0,B,0.001354458802500176
apartment,B,60,800,0.02,0.2,0.2,,9,0.3,0.2,2.0,20,0,0.9661458333333334,0.9259765625,0.9947916666666666,260.0,1.0166666666666666,0.2833333333333333,49.049783841482345,0.0985,1.0816326530612246,52,2.2316435660683815,0.13834613271466736,1.6316435660683812,1.6732128573115386,1.0,B,0.001419970051249493
apartment,B,60,800,0.02,0.2,0.2,,10,0.3,0.2,2.0,20,0,0.9361979166666666,0.8986979166666668,0.9856770833333334,220.0,1.1666666666666667,0.18333333333333332,49.22008463443246,0.073875,1.02275960170697,49,2.3026744109609227,0.15356550921719236,1.7026744109609229,1.6812891744611607,1.0,B,0.001348941771250338
apartment,B,60,800,0.02,0.2,0.2,,11,0.3,0.2,2.0,20,0,0.916015625,0.8901041666666666,0.9713541666666666,240.0,1.1,0.25,48.32697465166996,0.076625,1.0100502512562815,47,2.368328470216509,0.10740591389294471,1.7683284702165092,1.7585501740601965,1.0,B,0.0013506618237511248
apartment,B,60,800,0.02,0.2,0.2,,12,0.3,0.2,2.0,20,0,0.9166666666666666,0.8778971354166668,0.9798177083333334,220.0,1.2166666666666666,0.18333333333333332,47.73989852569484,0.08341666666666667,1.0507462686567164,47,2.35077879396107,0.1336687729564377,1.7507787939610695,1.7885635972255192,1.0,B,0.0013295280737497706
apartment,B,60,800,0.02,0.2,0.2,,13,0.3,0.2,2.0,20,0,0.9361979166666666,0.9158528645833334,0.98828125,200.0,0.9166666666666666,0.16666666666666666,49.05581290213572,0.084,1.0604719764011798,50,2.335822420815088,0.12563696214300704,1.735822420815088,1.739162994045376,1.0,B,0.001394536771249477
apartment,B,60,800,0.02,0.2,0.2,,14,0.3,0.2,2.0,20,0,0.958984375,0.9256510416666668,0.9915364583333334,220.0,1.05,0.25,50.717990572903474,0.08052083333333333,1.0681653372008701,54,2.210529452329816,0.12741507787721015,1.610529452329816,1.6196179016861394,1.0,B,0.0013992436974990597
apartment,B,60,800,0.02,0.2,0.2,,15,0.3,0.2,2.0,20,0,0.9329427083333334,0.9122395833333332,0.990234375,240.0,1.0333333333333334,0.23333333333333334,47.64413662521803,0.08335416666666666,1.0199288256227759,47,2.3149826778540543,0.1280540299906645,1.714982677854054,1.7727093462598646,1.0,B,0.0013237899475006998
apartment,B,60,800,0.02,0.2,0.2,,16,0.3,0.2,2.0,20,0,0.9055989583333334,0.87744140625,0.9811197916666666,220.0,0.9333333333333333,0.3333333333333333,45.95587389480248,0.084,1.0349702380952381,44,2.3860609957083,0.16472900425844678,1.7860609957082998,1.7457514436962027,1.0,B,0.0013150558849997652
apartment,B,60,800,0.02,0.2,0.2,,17,0.3,0.2,2.0,20,0,0.9205729166666666,0.8837239583333334,0.9817708333333334,220.0,1.1166666666666667,0.2833333333333333,46.33463756490351,0.0821875,1.0143472022955522,44,2.358567291148603,0.1413277170915894,1.758567291148603,1.8149225437808407,1.0,B,0.0013197732812500363
apartment,B,60,800,0.02,0.2,0.2,,18,0.3,0.2,2.0,20,0,0.931640625,0.9057291666666668,0.9856770833333334,180.0,0.8166666666666667,0.35,48.380770547660454,0.07439583333333333,1.0799999999999998,48,2.3678443255849473,0.1417641014510068,1.767844325584947,1.780597122424335,1.0,B,0.0013392818224997427
apartment,B,60,800,0.02,0.2,0.2,,19,0.3,0.2,2.0,20,0,0.9557291666666666,0.9270833333333333,0.990234375,220.0,1.0,0.36666666666666664,50.70239976314695,0.08577083333333334,1.0568754499640027,54,2.215467992503046,0.12678587550876147,1.615467992503046,1.5878330632485873,1.0,B,0.0013865126037489973
apartment,B,60,800,0.02,0.2,0.2,,20,0.3,0.2,2.0,20,0,0.89453125,0.8810546875,0.978515625,200.0,0.9,0.13333333333333333,45.61222936524599,0.0776875,1.0215613382899629,43,2.4193230165784985,0.14494291837938839,1.8193230165784986,1.8122157550947415,1.0,B,0.001306250259999615
apartment,B,60,800,0.02,0.2,0.2,,21,0.3,0.2,2.0,20,0,0.962890625,0.9255859375,0.9889322916666666,240.0,1.1,0.23333333333333334,49.28110461560742,0.078625,1.067099567099567,50,2.3252694926722026,0.10478978145870495,1.7252694926722025,1.7394350613660396,1.0,B,0.0013156626562499695
apartment,B,60,800,0.02,0.2,0.2,,23,0.3,0.2,2.0,20,0,0.9459635416666666,0.9148763020833334,0.984375,200.0,1.0166666666666666,0.31666666666666665,49.60821408278024,0.07408333333333333,1.0762962962962963,51,2.3066457747922526,0.14666987867356385,1.7066457747922528,1.6866698874638097,1.0,B,0.001340610728750562
apartment,B,60,800,0.02,0.2,0.2,,22,0.3,0.2,2.0,20,0,0.9479166666666666,0.9298828125,0.990234375,220.0,0.9666666666666667,0.43333333333333335,50.362885249915045,0.08891666666666667,1.0527838033261026,54,2.1965218125426764,0.16975325108228478,1.5965218125426768,1.557842601116439,1.0,B,0.0013522753124993868
apartment,B,60,800,0.02,0.2,0.2,,24,0.3,0.2,2.0,20,0,0.9296875,0.9093098958333334,0.98828125,280.0,1.15,0.21666666666666667,47.65739974203366,0.09254166666666666,1.0377906976744187,50,2.2620509851612742,0.15430701088492657,1.6620509851612746,1.6437243262974512,1.0,B,0.0012900218225013304
apartment,B,60,800,0.02,0.2,0.2,,25,0.3,0.2,2.0,20,0,0.9283854166666666,0.9156575520833334,0.9921875,240.0,1.05,0.11666666666666667,48.69523290137961,0.07177083333333334,1.0171184022824535,48,2.246705802766831,0.16051058878852228,1.6467058027668309,1.640825636257219,1.0,B,0.0012992528649988344
apartment,B,60,800,0.02,0.2,0.2,,26,0.3,0.2,2.0,20,0,0.9361979166666666,0.9238932291666668,0.9915364583333334,260.0,1.05,0.31666666666666665,48.75370397459666,0.09097916666666667,1.0249465431218816,49,2.3357469913393043,0.12839559861794775,1.735746991339304,1.7038936760236334,1.0,B,0.0013143107287510248
apartment,B,60,800,0.02,0.2,0.2,,27,0.3,0.2,2.0,20,0,0.9368489583333334,0.9116861979166664,0.990234375,220.0,1.0666666666666667,0.36666666666666664,48.48614846351799,0.0830625,1.047307132459971,49,2.3157063126002657,0.14999773136439956,1.7157063126002658,1.7600210814007395,1.0,B,0.001328011562497977
apartment,B,60,800,0.02,0.2,0.2,,28,0.3,0.2,2.0,20,0,0.9127604166666666,0.8848307291666668,0.96875,240.0,1.0666666666666667,0.16666666666666666,47.10755156219376,0.092,1.0211216314639475,47,2.3183809984021533,0.10525030281741839,1.7183809984021527,1.7302831104536605,1.0,B,0.0013317307300007998
apartment,B,60,800,0.02,0.2,0.2,,29,0.3,0.2,2.0,20,0,0.9348958333333334,0.92353515625,0.984375,280.0,1.0333333333333334,0.18333333333333332,49.20518743237546,0.082375,1.0227920227920229,50,2.317899533147529,0.14310898125235763,1.7178995331475286,1.7445704618842577,1.0,B,0.00136225916749936
apartment,B,60,800,0.02,0.4,0.2,,0,0.3,0.2,2.0,20,0,0.9186197916666666,0.89541015625,0.9889322916666666,240.0,1.0,0.3333333333333333,48.47165590952691,0.07875,1.02992700729927,50,2.1640973889873636,0.20725476754531053,1.5640973889873635,1.5042617531737172,1.0,B,0.0014319628125008422
apartment,B,60,800,0.02,0.4,0.2,,1,0.3,0.2,2.0,20,0,0.9127604166666666,0.8937825520833336,0.9850260416666666,240.0,1.0833333333333333,0.13333333333333333,46.474411664241536,0.0875,1.026354319180088,47,2.3202593818739583,0.13790001434509155,1.7202593818739575,1.710498184646939,1.0,B,0.0013688304162496933
apartment,B,60,800,0.02,0.4,0.2,,2,0.3,0.2,2.0,20,0,0.9283854166666666,0.9073567708333334,0.9856770833333334,260.0,1.1,0.18333333333333332,47.853999039167554,0.0869375,1.0523985239852398,52,2.181648003836323,0.18311737245988693,1.5816480038363223,1.6022622956386532,1.0,B,0.0014354669799990915
apartment,B,60,800,0.02,0.4,0.2,,3,0.3,0.2,2.0,20,0,0.9303385416666666,0.9026692708333334,0.990234375,220.0,1.4333333333333333,0.3,48.3152875987278,0.08560416666666666,1.0883472962680882,51,2.230574533222958,0.12742005602258047,1.6305745332229582,1.5508423738733588,1.0,B,0.0013783139587485492
apartment,B,60,800,0.02,0.4,0.2,,5,0.3,0.2,2.0,20,0,0.919921875,0.8982096354166667,0.9850260416666666,300.0,1.3,0.23333333333333334,45.56411484814419,0.09870833333333333,1.007127583749109,46,2.3134669775815397,0.16719475029829078,1.7134669775815397,1.6846769433961164,1.0,B,0.001349013125000056
apartment,B,60,800,0.02,0.4,0.2,,4,0.3,0.2,2.0,20,0,0.9485677083333334,0.9111002604166666,0.9856770833333334,260.0,1.0833333333333333,0.2833333333333333,49.43282785936458,0.08291666666666667,1.0905688622754492,54,2.1981870696059995,0.197415877451609,1.5981870696059999,1.5700653102583702,1.0,B,0.0014534524487498856
apartment,B,60,800,0.02,0.4,0.2,,6,0.3,0.2,2.0,20,0,0.8977864583333334,0.8737955729166667,0.9889322916666666,260.0,1.0166666666666666,0.18333333333333332,44.66534674385455,0.08504166666666667,1.0,43,2.3809767599357903,0.12593794166358727,1.78097675993579,1.7872222209082365,1.0,B,0.0013079196874991794
apartment,B,60,800,0.02,0.4,0.2,,7,0.3,0.2,2.0,20,0,0.84765625,0.8135416666666668,0.943359375,260.0,1.0166666666666666,0.2,45.07466790533215,0.0844375,0.9716417910447761,45,2.267969538838718,0.24399330258011995,1.667969538838718,1.5946561167612332,1.0,B,0.0013536161449997054
apartment,B,60,800,0.02,0.4,0.2,,8,0.3,0.2,2.0,20,0,0.8782552083333334,0.8617838541666666,0.9759114583333334,260.0,1.1833333333333333,0.16666666666666666,44.81847721209939,0.086375,1.0089753178758414,44,2.320848879841851,0.15881614258882334,1.7208488798418513,1.6826546624521803,1.0,B,0.0013921976562505734
apartment,B,60,800,0.02,0.4,0.2,,9,0.3,0.2,2.0,20,0,0.9140625,0.8791341145833333,0.974609375,240.0,1.05,0.26666666666666666,46.98870862382198,0.0925,1.055639097744361,50,2.2521234150487746,0.1407796726387384,1.6521234150487745,1.6103325950338103,1.0,B,0.001437566979998337
apartment,B,60,800,0.02,0.4,0.2,,10,0.3,0.2,2.0,20,0,0.9348958333333334,0.9178059895833334,0.9889322916666666,280.0,1.2,0.3333333333333333,49.07888689368294,0.07672916666666667,1.0443636363636364,53,2.1794577412249825,0.15400363989167307,1.5794577412249826,1.5104801070486613,1.0,B,0.0014055146874989077
apartment,B,60,800,0.02,0.4,0.2,,11,0.3,0.2,2.0,20,0,0.8815104166666666,0.8482421875,0.9602864583333334,200.0,1.1833333333333333,0.2833333333333333,45.27358427835104,0.08554166666666667,1.0203466465712132,46,2.2526204843295994,0.16355821744876897,1.6526204843295997,1.7578112679082307,1.0,B,0.0013853617187487544
apartment,B,60,800,0.02,0.4,0.2,,12,0.3,0.2,2.0,20,0,0.9296875,0.8974934895833334,0.984375,220.0,1.25,0.18333333333333332,48.09895597574222,0.0808125,1.091743119266055,51,2.222176727465274,0.15485629478451357,1.6221767274652745,1.5990528100174166,1.0,B,0.0013982191662512378
apartment,B,60,800,0.02,0.4,0.2,,13,0.3,0.2,2.0,20,0,0.9244791666666666,0.9006510416666668,0.986328125,240.0,0.9666666666666667,0.35,47.99694612513362,0.08727083333333334,1.0380116959064327,50,2.3084638272944202,0.1713386311359696,1.7084638272944195,1.7238504637980265,1.0,B,0.001348818542501249
apartment,B,60,800,0.02,0.4,0.2,,14,0.3,0.2,2.0,20,0,0.884765625,0.8464518229166667,0.9498697916666666,260.0,1.0666666666666667,0.18333333333333332,45.80329826542958,0.0944375,1.058411214953271,49,2.1316359324045537,0.16821169639760328,1.5316359324045534,1.4619137756321043,1.0,B,0.0014358003637494222
apartment,B,60,800,0.02,0.4,0.2,,15,0.3,0.2,2.0,20,0,0.9244791666666666,0.8782226562500002,0.9713541666666666,240.0,1.0666666666666667,0.16666666666666666,48.19335926145723,0.0834375,1.053412462908012,50,2.225782874198399,0.1834817770656191,1.6257828741983993,1.6148300895465697,1.0,B,0.0013873753124994436
apartment,B,60,800,0.02,0.4,0.2,,16,0.3,0.2,2.0,20,0,0.91015625,0.8855143229166667,0.98046875,240.0,0.95,0.3333333333333333,47.01270105978539,0.0925625,1.0639269406392695,50,2.278568284324994,0.12721939002854887,1.6785682843249938,1.6872004105693583,1.0,B,0.001374991562499872
apartment,B,60,800,0.02,0.4,0.2,,17,0.3,0.2,2.0,20,0,0.9251302083333334,0.9052408854166666,0.9850260416666666,240.0,1.1,0.2833333333333333,47.61352372965316,0.0816875,1.0644194756554308,49,2.289047281563441,0.15558337701836986,1.689047281563441,1.6940217928945396,1.0,B,0.001379443332500614
apartment,B,60,800,0.02,0.4,0.2,,19,0.3,0.2,2.0,20,0,0.9375,0.90478515625,0.9856770833333334,220.0,1.2,0.2833333333333333,46.8266722484984,0.08858333333333333,1.0975609756097562,47,2.382998464296403,0.10405522951111217,1.7829984642964019,1.757895930470967,1.0,B,0.0013186292187492654
apartment,B,60,800,0.02,0.4,0.2,,18,0.3,0.2,2.0,20,0,0.8990885416666666,0.8676106770833334,0.9544270833333334,200.0,0.85,0.25,47.44763355073571,0.078375,1.0566182096403978,51,2.1823224112955963,0.1746381661343247,1.582322411295596,1.6327622781715179,1.0,B,0.0013660780212489954
apartment,B,60,800,0.02,0.4,0.2,,20,0.3,0.2,2.0,20,0,0.8600260416666666,0.84775390625,0.9453125,260.0,1.1,0.18333333333333332,44.946316174241765,0.09089583333333333,1.0130368098159508,45,2.3071211997895955,0.25982549269574456,1.7071211997895959,1.783542607215379,1.0,B,0.0013668995837497278
apartment,B,60,800,0.02,0.4,0.2,,21,0.3,0.2,2.0,20,0,0.892578125,0.8407552083333332,0.955078125,240.0,1.1833333333333333,0.26666666666666666,45.595465564112395,0.09770833333333333,1.032379518072289,47,2.270665323120693,0.14741497650130894,1.6706653231206927,1.6524195577111938,1.0,B,0.0013734390624995285
apartment,B,60,800,0.02,0.4,0.2,,22,0.3,0.2,2.0,20,0,0.916015625,0.8857747395833334,0.9778645833333334,260.0,1.2166666666666666,0.25,45.34995222953612,0.10275,1.031524926686217,48,2.3502119890319513,0.138084857571426,1.7502119890319514,1.7115707316215776,1.0,B,0.0013749485425000785
apartment,B,60,800,0.02,0.4,0.2,,23,0.3,0.2,2.0,20,0,0.8899739583333334,0.8732421874999998,0.9609375,220.0,1.0833333333333333,0.25,45.515054821735234,0.08135416666666667,1.0395437262357414,45,2.2991274501542325,0.12909023484245705,1.699127450154232,1.7032234961511654,1.0,B,0.0013794400000006134
apartment,B,60,800,0.02,0.4,0.2,,24,0.3,0.2,2.0,20,0,0.9296875,0.8839518229166666,0.9837239583333334,240.0,1.05,0.23333333333333334,45.42362809645216,0.08072916666666667,1.0640834575260805,44,2.4497156443944688,0.11446012091876209,1.849715644394469,1.8708759689866123,1.0,B,0.0012859874474997924
apartment,B,60,800,0.02,0.4,0.2,,25,0.3,0.2,2.0,20,0,0.904296875,0.8655598958333334,0.958984375,200.0,1.0666666666666667,0.18333333333333332,46.33840076917388,0.08039583333333333,1.074245939675174,48,2.318567721517668,0.11804672864136082,1.7185677215176678,1.7480004042121549,1.0,B,0.0013429195312505725
apartment,B,60,800,0.02,0.4,0.2,,26,0.3,0.2,2.0,20,0,0.8958333333333334,0.8602864583333334,0.951171875,260.0,1.2,0.13333333333333333,46.11122539671143,0.0839375,1.0117647058823531,47,2.2307558641707605,0.16240156324289248,1.6307558641707602,1.6026593277074297,1.0,B,0.0014157557287512645
apartment,B,60,800,0.02,0.4,0.2,,28,0.3,0.2,2.0,20,0,0.8990885416666666,0.85810546875,0.978515625,260.0,1.15,0.21666666666666667,45.435031712192554,0.09658333333333333,1.0161883738042679,45,2.3134760347859378,0.11659865319382075,1.7134760347859377,1.689524735834362,1.0,B,0.0013346848962487456
apartment,B,60,800,0.02,0.4,0.2,,27,0.3,0.2,2.0,20,0,0.9231770833333334,0.8680989583333334,0.9752604166666666,220.0,1.05,0.18333333333333332,46.86479071583728,0.09002083333333333,1.073429220287661,49,2.2798730392081716,0.16013735976793028,1.6798730392081715,1.6866279312645442,1.0,B,0.0014114306250007757
apartment,B,60,800,0.02,0.8,0.2,,0,0.3,0.2,2.0,20,0,0.8717447916666666,0.8510416666666668,0.97265625,300.0,1.1166666666666667,0.16666666666666666,44.99189661691251,0.09879166666666667,0.9918518518518518,48,2.211120560814783,0.17623114092474618,1.6111205608147827,1.6224214588191508,1.0,B,0.0014026641662508155
apartment,B,60,800,0.02,0.4,0.2,,29,0.3,0.2,2.0,20,0,0.90625,0.8685221354166666,0.9583333333333334,220.0,1.2666666666666666,0.2833333333333333,47.55070703210267,0.0933125,1.0732459521973785,51,2.0955428000154126,0.20614053513941388,1.4955428000154125,1.5013618271437204,1.0,B,0.001442180572498728
apartment,B,60,800,0.02,0.8,0.2,,1,0.3,0.2,2.0,20,0,0.8743489583333334,0.8352213541666667,0.9479166666666666,260.0,1.3166666666666667,0.18333333333333332,44.27552485234603,0.1021875,1.0709728867623605,47,2.232475267338993,0.21340298270841887,1.6324752673389937,1.7217585075418897,1.0,B,0.0014381603125002585
apartment,B,60,800,0.02,0.8,0.2,,3,0.3,0.2,2.0,20,0,0.8776041666666666,0.8405273437500002,0.947265625,260.0,1.45,0.25,44.286903407553474,0.11427083333333334,1.0783999999999998,48,2.1708785801997803,0.19873488835325978,1.5708785801997802,1.596439026943838,1.0,B,0.0014356345837518347
apartment,B,60,800,0.02,0.8,0.2,,2,0.3,0.2,2.0,20,0,0.890625,0.87158203125,0.96875,280.0,1.2666666666666666,0.21666666666666667,44.92219820466122,0.11066666666666666,1.0482758620689656,49,2.0858239704476107,0.21337335052141357,1.4858239704476102,1.4400052614884848,1.0,B,0.0014438097912511693
apartment,B,60,800,0.02,0.8,0.2,,4,0.3,0.2,2.0,20,0,0.8515625,0.82822265625,0.94921875,260.0,1.45,0.2,42.73956449072961,0.1079375,1.01003861003861,44,2.2232127502551444,0.20269851463833102,1.623212750255145,1.605390893087055,1.0,B,0.0014152325000009113
apartment,B,60,800,0.02,0.8,0.2,,5,0.3,0.2,2.0,20,0,0.85546875,0.8135091145833332,0.9440104166666666,240.0,1.4333333333333333,0.21666666666666667,44.08787943608452,0.10952083333333333,1.0395569620253164,48,2.147558127408406,0.2442587717792899,1.5475581274084067,1.53688462065411,1.0,B,0.001474175885000477
apartment,B,60,800,0.02,0.8,0.2,,6,0.3,0.2,2.0,20,0,0.8626302083333334,0.8228841145833334,0.9680989583333334,280.0,1.1833333333333333,0.18333333333333332,42.68353614283589,0.09641666666666666,0.9969902182091799,41,2.426727616109419,0.16635884709171,1.8267276161094192,1.7104112125760333,1.0,B,0.0013393097924995344
apartment,B,60,800,0.02,0.8,0.2,,7,0.3,0.2,2.0,20,0,0.8815104166666666,0.8501627604166668,0.9544270833333334,260.0,1.4,0.26666666666666666,44.95818080714558,0.10579166666666667,1.0553390491036632,48,2.15432682319913,0.2473359464137994,1.55432682319913,1.5043053899135477,1.0,B,0.0013897074474994043
apartment,B,60,800,0.02,0.8,0.2,,8,0.3,0.2,2.0,20,0,0.8515625,0.837109375,0.9420572916666666,260.0,1.3833333333333333,0.13333333333333333,43.89342039525384,0.10358333333333333,1.015527950310559,45,2.1944799259795107,0.28866264426987454,1.5944799259795113,1.6436369176945225,1.0,B,0.0013950470312488505
apartment,B,60,800,0.02,0.8,0.2,,9,0.3,0.2,2.0,20,0,0.8951822916666666,0.8479166666666668,0.9537760416666666,260.0,1.4166666666666667,0.16666666666666666,44.42172047846857,0.0984375,1.0667183863460046,46,2.3145931799293646,0.18948977596499206,1.7145931799293648,1.64495548233696,1.0,B,0.0014085470825011726
apartment,B,60,800,0.02,0.8,0.2,,10,0.3,0.2,2.0,20,0,0.865234375,0.82626953125,0.947265625,260.0,1.2333333333333334,0.15,44.12965086364034,0.10922916666666667,1.031031807602793,47,2.233296908193752,0.19675186616618162,1.6332969081937518,1.584539128454205,1.0,B,0.0014295347400002357
apartment,B,60,800,0.02,0.8,0.2,,12,0.3,0.2,2.0,20,0,0.8509114583333334,0.8189127604166668,0.9225260416666666,240.0,1.2,0.18333333333333332,43.9507001475538,0.10504166666666667,1.0565885206143897,47,2.263801935218623,0.20559347812480994,1.6638019352186235,1.549668719201907,1.0,B,0.0013933931249994203
apartment,B,60,800,0.02,0.8,0.2,,11,0.3,0.2,2.0,20,0,0.8600260416666666,0.8257486979166666,0.9583333333333334,260.0,1.25,0.23333333333333334,44.56598258988229,0.11275,1.0618971061093248,49,2.1112448064931253,0.15189790319601407,1.511244806493125,1.5293352421045645,1.0,B,0.0014045535412492427
apartment,B,60,800,0.02,0.8,0.2,,13,0.3,0.2,2.0,20,0,0.8841145833333334,0.84755859375,0.9453125,280.0,1.15,0.2833333333333333,45.5372414376385,0.114,1.0726698262243286,52,2.0300075883537363,0.216147034516495,1.4300075883537355,1.385233414800373,1.0,B,0.001442269115000272
apartment,B,60,800,0.02,0.8,0.2,,14,0.3,0.2,2.0,20,0,0.8795572916666666,0.8395833333333332,0.9544270833333334,240.0,1.6,0.21666666666666667,44.52790661287445,0.10841666666666666,1.0562939796716184,47,2.160870787100578,0.23739281792493921,1.5608707871005776,1.3870842211493497,1.0,B,0.0014344400512504762
apartment,B,60,800,0.02,0.8,0.2,,15,0.3,0.2,2.0,20,0,0.8704427083333334,0.8510091145833332,0.9602864583333334,240.0,1.1166666666666667,0.18333333333333332,43.798324246582105,0.09552083333333333,1.053585500394011,44,2.238455583516558,0.22034496764436917,1.6384555835165584,1.58884092335263,1.0,B,0.0013615194787485053
apartment,B,60,800,0.02,0.8,0.2,,16,0.3,0.2,2.0,20,0,0.900390625,0.8570963541666666,0.9720052083333334,280.0,1.3166666666666667,0.18333333333333332,44.1136098118045,0.12447916666666667,1.1037509976057462,49,2.129410863467741,0.1936074752857261,1.5294108634677408,1.510667150355204,1.0,B,0.0014607135937512795
apartment,B,60,800,0.02,0.8,0.2,,17,0.3,0.2,2.0,20,0,0.8893229166666666,0.8430989583333333,0.9700520833333334,260.0,1.1166666666666667,0.25,44.408487913725594,0.10535416666666667,1.0548262548262548,48,2.214465670180607,0.18995658494533493,1.614465670180607,1.6132171929189703,1.0,B,0.0014250423962494096
apartment,B,60,800,0.02,0.8,0.2,,18,0.3,0.2,2.0,20,0,0.9049479166666666,0.8623372395833334,0.96875,240.0,1.0833333333333333,0.18333333333333332,45.158957798842714,0.09483333333333334,1.0659509202453987,49,2.146507032372311,0.2115639386763442,1.546507032372311,1.5975139972074572,1.0,B,0.001410020677499233
apartment,B,60,800,0.02,0.8,0.2,,19,0.3,0.2,2.0,20,0,0.9173177083333334,0.8943033854166667,0.9830729166666666,260.0,1.3,0.26666666666666666,45.808089995395875,0.09675,1.0633962264150942,50,2.152787167468135,0.12608703784931685,1.5527871674681353,1.5314883984734933,1.0,B,0.0014552996874999736
apartment,B,60,800,0.02,0.8,0.2,,21,0.3,0.2,2.0,20,0,0.8639322916666666,0.8298502604166667,0.95703125,280.0,1.35,0.18333333333333332,43.424140415629026,0.10925,1.0424194815396701,45,2.2503218774608085,0.16892967583525645,1.6503218774608086,1.549611151613428,1.0,B,0.0014016600524996647
apartment,B,60,800,0.02,0.8,0.2,,20,0.3,0.2,2.0,20,0,0.912109375,0.8691406250000002,0.96484375,260.0,1.3666666666666667,0.2833333333333333,46.38796838171991,0.11527083333333334,1.119904076738609,52,2.1695693458330867,0.17890400867089284,1.5695693458330868,1.6221783886677155,1.0,B,0.0015016511974999959
apartment,B,60,800,0.02,0.8,0.2,,22,0.3,0.2,2.0,20,0,0.8671875,0.8305013020833334,0.9368489583333334,260.0,1.4666666666666666,0.18333333333333332,44.78154563353802,0.110875,1.0579825258141382,49,2.2121900625700928,0.2643054975674682,1.6121900625700925,1.6607645733215084,1.0,B,0.0014424042712494157
apartment,B,60,800,0.02,0.8,0.2,,23,0.3,0.2,2.0,20,0,0.8411458333333334,0.8342447916666667,0.9446614583333334,240.0,1.4,0.25,44.133562409494225,0.10635416666666667,1.0270270270270272,47,2.1961570855725423,0.2295020081832571,1.596157085572542,1.524008156954895,1.0,B,0.0014338068237498192
apartment,B,60,800,0.02,0.8,0.2,,24,0.3,0.2,2.0,20,0,0.8600260416666666,0.8354166666666666,0.9407552083333334,260.0,1.1,0.15,43.79203315386841,0.112875,1.066182405165456,47,2.148635559663505,0.25127889476624715,1.5486355596635035,1.4142199599992038,1.0,B,0.0014305178125005114
apartment,B,60,800,0.02,0.8,0.2,,27,0.3,0.2,2.0,20,0,0.8802083333333334,0.8409830729166667,0.9401041666666666,240.0,1.3,0.2,45.17182810955807,0.10385416666666666,1.0603921568627452,49,2.2283147826898344,0.21808558103543407,1.6283147826898345,1.5432103327694477,1.0,B,0.0014395243750004738
apartment,B,60,800,0.02,0.8,0.2,,25,0.3,0.2,2.0,20,0,0.9010416666666666,0.8617838541666666,0.9505208333333334,240.0,1.3666666666666667,0.26666666666666666,47.08862649573663,0.111375,1.0880503144654088,55,2.0408926273428434,0.25709144865212463,1.4408926273428433,1.5072505782335148,1.0,B,0.0015370811462503298
apartment,B,60,800,0.02,0.8,0.2,,26,0.3,0.2,2.0,20,0,0.88671875,0.8533203125,0.9505208333333334,280.0,1.25,0.35,45.33880179881372,0.11210416666666667,1.056633048875097,50,2.149177319045322,0.25366744488952664,1.5491773190453213,1.556010518927995,1.0,B,0.0014553176562503722
apartment,B,60,800,0.02,0.8,0.2,,29,0.3,0.2,2.0,20,0,0.8216145833333334,0.7976562500000001,0.9375,220.0,1.3333333333333333,0.21666666666666667,42.50127920345044,0.1020625,1.0260162601626017,42,2.330952814380833,0.25026453222725636,1.730952814380833,1.6357318219206525,1.0,B,0.001378346146250351
apartment,B,60,800,0.02,0.8,0.2,,28,0.3,0.2,2.0,20,0,0.904296875,0.8587890625,0.9694010416666666,260.0,1.4833333333333334,0.15,46.20690878902978,0.10620833333333334,1.091123330714847,52,2.113405398347268,0.18469931761842087,1.5134053983472677,1.4991136143776536,1.0,B,0.0014876346874984846
rubble,B,60,800,0.02,0.0,0.2,,0,0.3,0.2,2.0,20,0,0.7932960893854749,0.7516759776536313,0.8575418994413407,300.0,1.0833333333333333,0.6666666666666666,42.92045411736982,0.12466666666666666,1.0450781968721252,53,2.034302314567638,0.25254631409141554,1.4343023145676377,1.3407581338357337,1.0,B,0.0014601611462489927
rubble,B,60,800,0.02,0.0,0.2,,1,0.3,0.2,2.0,20,0,0.8191340782122905,0.8043994413407821,0.8715083798882681,240.0,1.1,0.6,44.33799052123111,0.1318125,1.0901486988847582,53,2.0247673029730593,0.24331636672940385,1.4247673029730588,1.5014399642115883,1.0,B,0.0014658619787496717
rubble,B,60,800,0.02,0.0,0.2,,2,0.3,0.2,2.0,20,0,0.8212290502793296,0.7931564245810055,0.9127094972067039,280.0,0.9333333333333333,0.5333333333333333,43.134270393860454,0.1510625,1.0980392156862744,51,2.048322905267922,0.2703868772121705,1.4483229052679223,1.321535847482954,1.0,B,0.0014593843750003543
rubble,B,60,800,0.02,0.0,0.2,,3,0.3,0.2,2.0,20,0,0.7786312849162011,0.7419343575418995,0.8868715083798883,280.0,1.1,0.5666666666666667,40.867705457394244,0.16766666666666666,1.0558712121212122,46,2.0756575648933224,0.27133869016997597,1.4756575648933226,1.3720124807772698,1.0,B,0.0013823880199993256
rubble,B,60,800,0.02,0.0,0.2,,5,0.3,0.2,2.0,20,0,0.8079608938547486,0.740258379888268,0.8854748603351955,240.0,1.0833333333333333,0.7166666666666667,42.360766139369645,0.13635416666666667,1.065377532228361,46,2.196118081228672,0.2747701426810702,1.5961180812286726,1.5476149273545832,1.0,B,0.0013399971349986118
rubble,B,60,800,0.02,0.0,0.2,,4,0.3,0.2,2.0,20,0,0.7772346368715084,0.7439245810055867,0.8512569832402235,280.0,1.0166666666666666,0.6,42.720658997927096,0.14035416666666667,1.0660919540229885,50,2.1148021789146263,0.2634012000826768,1.5148021789146262,1.355346876352083,1.0,B,0.0013855457812496752
rubble,B,60,800,0.02,0.0,0.2,,6,0.3,0.2,2.0,20,0,0.7849162011173184,0.76393156424581,0.8687150837988827,340.0,1.1833333333333333,0.4,38.7127295356341,0.1796875,1.0407407407407407,42,2.2244013211834015,0.17996044933257702,1.6244013211834014,1.6187071397540653,1.0,B,0.0013822673437493905
rubble,B,60,800,0.02,0.0,0.2,,7,0.3,0.2,2.0,20,0,0.7932960893854749,0.7615921787709496,0.8819832402234636,240.0,1.2833333333333334,0.4666666666666667,41.13402979368423,0.131625,1.0151921358355676,43,2.2936078497334913,0.2124025186428707,1.6936078497334919,1.6646208082626774,1.0,B,0.0013014745837494957
rubble,B,60,800,0.02,0.0,0.2,,8,0.3,0.2,2.0,20,0,0.7793296089385475,0.7589734636871509,0.8938547486033519,280.0,1.0666666666666667,0.6166666666666667,43.64605760732116,0.1199375,1.087719298245614,48,2.1507008708886612,0.22013601725558593,1.5507008708886614,1.497597179138094,1.0,B,0.0013805443237515647
rubble,B,60,800,0.02,0.0,0.2,,9,0.3,0.2,2.0,20,0,0.7702513966480447,0.6950418994413408,0.8498603351955307,260.0,1.1166666666666667,0.5166666666666667,41.44069575982508,0.12804166666666666,1.0856299212598426,46,2.1065068699175438,0.2582471694706125,1.5065068699175435,1.3944306017966408,1.0,B,0.001387353072498172
rubble,B,60,800,0.02,0.0,0.2,,10,0.3,0.2,2.0,20,0,0.803072625698324,0.7796438547486033,0.9141061452513967,300.0,1.0333333333333334,0.6833333333333333,42.4704943579789,0.13672916666666668,1.0818438381937912,50,2.0460565846854215,0.22629898708354923,1.4460565846854216,1.416175733486205,1.0,B,0.0014041896875005477
rubble,B,60,800,0.02,0.0,0.2,,11,0.3,0.2,2.0,20,0,0.8072625698324022,0.7714036312849161,0.8875698324022346,280.0,1.1166666666666667,0.6,42.20697239757637,0.126625,1.145688800792864,47,2.155402182571134,0.24105596910362917,1.5554021825711337,1.5344391929953978,1.0,B,0.0014047586974993463
rubble,B,60,800,0.02,0.0,0.2,,12,0.3,0.2,2.0,20,0,0.8023743016759777,0.7771648044692737,0.8980446927374302,240.0,1.0166666666666666,0.7333333333333333,42.85305594784417,0.12375,1.0860113421550095,48,2.1289226076765373,0.2512417003971969,1.528922607676537,1.537788724194323,1.0,B,0.0013855627074985933
rubble,B,60,800,0.02,0.0,0.2,,13,0.3,0.2,2.0,20,0,0.8079608938547486,0.7788058659217876,0.9071229050279329,240.0,1.1833333333333333,0.6,42.6735369438313,0.133875,1.065377532228361,47,2.1591620345479865,0.22035277406114634,1.559162034547986,1.5398463535152573,1.0,B,0.0013871198950005236
rubble,B,60,800,0.02,0.0,0.2,,15,0.3,0.2,2.0,20,0,0.8317039106145251,0.7770949720670391,0.8994413407821229,260.0,1.1666666666666667,0.7,43.60321070910117,0.1280625,1.1151685393258426,46,2.1427271941712074,0.2534991911382205,1.542727194171208,1.4742289590970086,1.0,B,0.0013808447399992474
rubble,B,60,800,0.02,0.0,0.2,,14,0.3,0.2,2.0,20,0,0.8044692737430168,0.7748254189944135,0.8987430167597765,260.0,1.15,0.4666666666666667,42.90059008062142,0.1371875,1.0816901408450703,50,2.0323660944062896,0.25759027801805134,1.4323660944062895,1.4308400704017665,1.0,B,0.00143201963625188
rubble,B,60,800,0.02,0.0,0.2,,16,0.3,0.2,2.0,20,0,0.8135474860335196,0.7851256983240222,0.8903631284916201,320.0,1.1333333333333333,0.7333333333333333,43.652988238622264,0.1311875,1.072744014732965,52,2.0822117832994747,0.26268531384408506,1.4822117832994743,1.3419309878323022,1.0,B,0.001435733646251265
rubble,B,60,800,0.02,0.0,0.2,,17,0.3,0.2,2.0,20,0,0.8016759776536313,0.7312849162011172,0.8861731843575419,280.0,1.1166666666666667,0.65,41.809364725437426,0.13904166666666667,1.1091787439613527,48,2.07496546887631,0.29776566168806584,1.47496546887631,1.4042190265820156,1.0,B,0.0014351314587497655
rubble,B,60,800,0.02,0.0,0.2,,18,0.3,0.2,2.0,20,0,0.8002793296089385,0.7475558659217877,0.8589385474860335,240.0,1.3,0.6333333333333333,42.928715575780004,0.13579166666666667,1.1072463768115943,47,2.0784877501356984,0.20711220825736779,1.4784877501356988,1.4232906712309537,1.0,B,0.0014139775000012378
rubble,B,60,800,0.02,0.0,0.2,,19,0.3,0.2,2.0,20,0,0.8072625698324022,0.753526536312849,0.8743016759776536,300.0,1.05,0.6333333333333333,42.50434908037351,0.1303125,1.096774193548387,48,2.0298229489486768,0.2533939738252251,1.4298229489486765,1.3946850187319486,1.0,B,0.0014062723949996325
rubble,B,60,800,0.02,0.0,0.2,,20,0.3,0.2,2.0,20,0,0.8079608938547486,0.7293296089385474,0.8980446927374302,220.0,1.25,0.6166666666666667,42.56155537883357,0.14252083333333335,1.1512437810945273,46,2.086516362160109,0.2746998295212025,1.4865163621601092,1.3078084268562509,1.0,B,0.0014205985412513655
rubble,B,60,800,0.02,0.0,0.2,,21,0.3,0.2,2.0,20,0,0.7807262569832403,0.7509078212290503,0.88268156424581,280.0,1.0833333333333333,0.5,42.184471297994655,0.13839583333333333,1.0527306967984935,48,2.042037357956693,0.2955065518355963,1.4420373579566927,1.372655897556838,1.0,B,0.0014237642712487287
rubble,B,60,800,0.02,0.0,0.2,,22,0.3,0.2,2.0,20,0,0.7583798882681564,0.7179120111731845,0.8589385474860335,280.0,1.05,0.65,41.75592746525151,0.11391666666666667,1.0168539325842696,46,2.1072176966355407,0.25686506541205756,1.5072176966355413,1.474550361102049,1.0,B,0.001361434218749764
rubble,B,60,800,0.02,0.0,0.2,,25,0.3,0.2,2.0,20,0,0.7039106145251397,0.6759776536312849,0.8282122905027933,220.0,1.1166666666666667,0.6166666666666667,39.169318853976364,0.12491666666666666,0.9834146341463414,40,2.2042907285892093,0.20803602942692762,1.6042907285892092,1.6319022004401005,1.0,B,0.0013634806775007747
rubble,B,60,800,0.02,0.0,0.2,,24,0.3,0.2,2.0,20,0,0.723463687150838,0.7003142458100559,0.8603351955307262,300.0,1.2333333333333334,0.7166666666666667,40.1076598109371,0.15104166666666666,0.9990356798457087,43,2.194600678416672,0.2893416996230317,1.594600678416672,1.4922257127204164,1.0,B,0.001436812343749807
rubble,B,60,800,0.02,0.0,0.2,,23,0.3,0.2,2.0,20,0,0.8400837988826816,0.777967877094972,0.9036312849162011,280.0,1.2333333333333334,0.4,41.89520039339386,0.154125,1.1887351778656128,52,2.003675070104987,0.2841648606756865,1.4036750701049874,1.2770829503489955,1.0,B,0.0014833921874992484
rubble,B,60,800,0.02,0.0,0.2,,26,0.3,0.2,2.0,20,0,0.8086592178770949,0.7678421787709497,0.8770949720670391,300.0,1.0833333333333333,0.6,41.59389022201149,0.12575,1.0662983425414365,49,2.100506352105711,0.28352331333086733,1.500506352105711,1.4723345477091327,1.0,B,0.0014087954162505412
rubble,B,60,800,0.02,0.0,0.2,,27,0.3,0.2,2.0,20,0,0.7835195530726257,0.7353351955307262,0.8763966480446927,300.0,0.9166666666666666,0.4666666666666667,41.04694995217219,0.11329166666666667,1.0635071090047392,43,2.2399782658669087,0.2259960573574145,1.6399782658669084,1.5870999987843444,1.0,B,0.0013433630724989597
rubble,B,60,800,0.02,0.0,0.2,,28,0.3,0.2,2.0,20,0,0.7772346368715084,0.7230446927374302,0.8840782122905028,320.0,1.2166666666666666,0.5666666666666667,40.82821097273834,0.1345,1.0211009174311927,43,2.222461575318036,0.23344983170786288,1.6224615753180354,1.4305278776103276,1.0,B,0.0013766941149992817
rubble,B,60,800,0.02,0.0,0.2,,29,0.3,0.2,2.0,20,0,0.8072625698324022,0.7335195530726255,0.8819832402234636,300.0,1.05,0.7333333333333333,41.385368533659395,0.15291666666666667,1.1115384615384614,51,2.0729496209387324,0.23197493027463165,1.4729496209387325,1.4928124732081276,1.0,B,0.00151466442624951
rubble,B,60,800,0.02,0.1,0.2,,0,0.3,0.2,2.0,20,0,0.7318435754189944,0.6825418994413408,0.840782122905028,260.0,0.9166666666666666,0.45,40.13512144648185,0.14035416666666667,1.0596562184024265,47,2.0414725194795245,0.3039243175984729,1.4414725194795242,1.215657666701277,1.0,B,0.0013964354162499149
rubble,B,60,800,0.02,0.1,0.2,,1,0.3,0.2,2.0,20,0,0.8184357541899442,0.7894553072625697,0.9175977653631285,300.0,1.05,0.5666666666666667,43.71616944352101,0.11883333333333333,1.0712979890310788,46,2.179793609615809,0.22255870587791254,1.5797936096158087,1.5207210472003228,1.0,B,0.001319760781250352
rubble,B,60,800,0.02,0.1,0.2,,2,0.3,0.2,2.0,20,0,0.803072625698324,0.7701466480446928,0.8763966480446927,280.0,1.0,0.48333333333333334,41.440998350952775,0.15225,1.1252446183953033,50,1.9912527425007696,0.34549744177910846,1.3912527425007692,1.3363206627321098,1.0,B,0.0014125337499990565
rubble,B,60,800,0.02,0.1,0.2,,4,0.3,0.2,2.0,20,0,0.7779329608938548,0.719413407821229,0.8575418994413407,320.0,1.05,0.6666666666666666,41.46673600729103,0.1346875,1.0569259962049335,48,2.049369955686801,0.2691075637034663,1.4493699556868007,1.3721206874287475,1.0,B,0.0014029807287488439
rubble,B,60,800,0.02,0.1,0.2,,3,0.3,0.2,2.0,20,0,0.8142458100558659,0.7667946927374301,0.9008379888268156,320.0,1.1666666666666667,0.65,43.89883594583124,0.12904166666666667,1.09689557855127,51,2.059395199969306,0.2550587386383209,1.4593951999693056,1.407184547737589,1.0,B,0.00140610890625112
rubble,B,60,800,0.02,0.1,0.2,,5,0.3,0.2,2.0,20,0,0.7402234636871509,0.6851606145251397,0.8310055865921788,320.0,1.1666666666666667,0.6,41.03210118242988,0.1524375,1.0515873015873016,47,2.0519600281689896,0.2650634345671715,1.4519600281689897,1.3663649516299436,1.0,B,0.0014737892187508806
rubble,B,60,800,0.02,0.1,0.2,,6,0.3,0.2,2.0,20,0,0.8023743016759777,0.7349511173184358,0.8777932960893855,260.0,1.1,0.5166666666666667,40.958497784353774,0.1793125,1.12316715542522,49,2.053020173252562,0.23730246655185386,1.4530201732525623,1.3551270470700052,1.0,B,0.0014613510937488171
rubble,B,60,800,0.02,0.1,0.2,,7,0.3,0.2,2.0,20,0,0.803072625698324,0.7350558659217877,0.8722067039106145,240.0,1.25,0.65,42.922682633170936,0.13827083333333334,1.1819116135662897,51,2.002942794387011,0.2911408478125331,1.402942794387011,1.3262569957303731,1.0,B,0.0014388844275003976
rubble,B,60,800,0.02,0.1,0.2,,8,0.3,0.2,2.0,20,0,0.8296089385474861,0.7810754189944135,0.8973463687150838,280.0,0.95,0.65,44.21093897717173,0.1340625,1.1390220517737297,52,2.0985866292762902,0.24816707631614246,1.4985866292762906,1.470919264836962,1.0,B,0.0014235956775019076
rubble,B,60,800,0.02,0.1,0.2,,9,0.3,0.2,2.0,20,0,0.8233240223463687,0.7684357541899441,0.8938547486033519,300.0,1.0666666666666667,0.6,42.795631272873266,0.14133333333333334,1.1524926686217007,51,2.067346917997211,0.30888676453867,1.467346917997211,1.4964822306548617,1.0,B,0.0014509058337489479
rubble,B,60,800,0.02,0.1,0.2,,10,0.3,0.2,2.0,20,0,0.776536312849162,0.7241270949720671,0.8435754189944135,300.0,1.2166666666666666,0.5666666666666667,40.97422787602671,0.1133125,1.0848780487804879,43,2.1998551852241097,0.20314216951372321,1.5998551852241103,1.521152326074278,1.0,B,0.0013476802599984693
rubble,B,60,800,0.02,0.1,0.2,,11,0.3,0.2,2.0,20,0,0.8177374301675978,0.7700768156424582,0.8889664804469274,260.0,1.1666666666666667,0.6666666666666666,41.6155723094946,0.143,1.1163012392755005,47,2.00770061428427,0.28564880967123657,1.4077006142842694,1.4907859749928938,1.0,B,0.001380138281249401
rubble,B,60,800,0.02,0.1,0.2,,12,0.3,0.2,2.0,20,0,0.7835195530726257,0.7303770949720672,0.8763966480446927,280.0,1.0166666666666666,0.48333333333333334,40.97887053573625,0.1259375,1.1219999999999999,47,2.1166123377995683,0.23684080259955573,1.516612337799569,1.4979106998339313,1.0,B,0.0014230161975001465
rubble,B,60,800,0.02,0.1,0.2,,13,0.3,0.2,2.0,20,0,0.8331005586592178,0.789350558659218,0.8987430167597765,300.0,1.15,0.6333333333333333,42.130122896096054,0.1528125,1.1351094196003806,48,2.148132649629043,0.22773346950585602,1.548132649629043,1.5142252848168873,1.0,B,0.0015162656250004146
rubble,B,60,800,0.02,0.1,0.2,,14,0.3,0.2,2.0,20,0,0.8044692737430168,0.7670041899441341,0.8568435754189944,300.0,1.2166666666666666,0.4666666666666667,43.41603082889864,0.12875,1.0756302521008405,51,1.9828652284363417,0.24228443102191605,1.3828652284363412,1.339917343704041,1.0,B,0.0014209876037489266
rubble,B,60,800,0.02,0.1,0.2,,15,0.3,0.2,2.0,20,0,0.8261173184357542,0.7864874301675976,0.8854748603351955,300.0,1.1833333333333333,0.6166666666666667,44.247056357678034,0.12397916666666667,1.1320574162679424,51,2.0281083801261004,0.2835569136544765,1.4281083801261003,1.3235289474436396,1.0,B,0.0014232690624999122
rubble,B,60,800,0.02,0.1,0.2,,16,0.3,0.2,2.0,20,0,0.7479050279329609,0.6819832402234637,0.8205307262569832,340.0,1.2666666666666666,0.5166666666666667,39.96535257582392,0.15883333333333333,1.0614469772051536,49,2.006441821757289,0.24508855267212928,1.406441821757289,1.3034437352690373,1.0,B,0.0015006938549981896
rubble,B,60,800,0.02,0.1,0.2,,17,0.3,0.2,2.0,20,0,0.7639664804469274,0.7093575418994413,0.8756983240223464,280.0,1.0666666666666667,0.7666666666666667,40.80715644827015,0.12652083333333333,1.0311027332704994,45,2.0988574101573905,0.24042697110423392,1.4988574101573908,1.48601116003548,1.0,B,0.0014066777612492842
rubble,B,60,800,0.02,0.1,0.2,,18,0.3,0.2,2.0,20,0,0.8065642458100558,0.7676326815642459,0.914804469273743,260.0,1.2166666666666666,0.6666666666666666,41.59193137772552,0.14460416666666667,1.1312438785504406,46,2.1124636109014805,0.2907275731627223,1.5124636109014806,1.469717510549855,1.0,B,0.0013777733337497012
rubble,B,60,800,0.02,0.1,0.2,,19,0.3,0.2,2.0,20,0,0.7534916201117319,0.6937150837988827,0.840782122905028,300.0,0.9,0.45,40.53567161729374,0.15639583333333335,1.0365033621517772,46,2.0430923277110735,0.2398123057982721,1.443092327711074,1.3417474312478683,1.0,B,0.0013909600524993947
rubble,B,60,800,0.02,0.1,0.2,,20,0.3,0.2,2.0,20,0,0.7856145251396648,0.7550977653631283,0.8987430167597765,280.0,1.25,0.6333333333333333,42.279229879150925,0.14064583333333333,1.0817307692307692,47,2.01039944913063,0.22734141235424263,1.4103994491306293,1.445794557638734,1.0,B,0.001378787865000959
rubble,B,60,800,0.02,0.1,0.2,,21,0.3,0.2,2.0,20,0,0.827513966480447,0.805586592178771,0.9036312849162011,260.0,1.1166666666666667,0.65,43.512631203146135,0.13639583333333333,1.1318051575931232,51,2.00229521605427,0.27146080395111155,1.4022952160542703,1.3732717471506954,1.0,B,0.0014600932287498836
rubble,B,60,800,0.02,0.1,0.2,,22,0.3,0.2,2.0,20,0,0.8114525139664804,0.750314245810056,0.888268156424581,280.0,1.0166666666666666,0.6333333333333333,41.5994330333223,0.13027083333333334,1.125968992248062,48,2.1438484024132727,0.2400610372374147,1.543848402413273,1.463055492564321,1.0,B,0.001411149010000372
rubble,B,60,800,0.02,0.1,0.2,,23,0.3,0.2,2.0,20,0,0.7639664804469274,0.7191689944134076,0.8589385474860335,280.0,1.1833333333333333,0.6833333333333333,41.732901714257274,0.11958333333333333,1.077832512315271,48,1.9484209485877895,0.2994121655665676,1.3484209485877898,1.2375322753613291,1.0,B,0.0013729250525011593
rubble,B,60,800,0.02,0.1,0.2,,24,0.3,0.2,2.0,20,0,0.8016759776536313,0.7601955307262569,0.8784916201117319,280.0,1.1833333333333333,0.5166666666666667,40.2112681987836,0.19758333333333333,1.1017274472168905,49,2.0498269531330693,0.30077458911428306,1.4498269531330692,1.401251924463594,1.0,B,0.0015216992187492907
rubble,B,60,800,0.02,0.1,0.2,,25,0.3,0.2,2.0,20,0,0.8107541899441341,0.7727653631284916,0.8819832402234636,320.0,1.2166666666666666,0.5,42.502559936672355,0.14439583333333333,1.1239109390125848,50,2.0502729959095967,0.24243921955445893,1.450272995909597,1.4572589605668858,1.0,B,0.0013702986987505028
rubble,B,60,800,0.02,0.1,0.2,,26,0.3,0.2,2.0,20,0,0.7625698324022346,0.7355446927374303,0.8519553072625698,280.0,1.1,0.48333333333333334,40.9498789350607,0.15266666666666667,1.0779861796643633,49,1.9750404331105937,0.23497765428728717,1.3750404331105939,1.2774549456019546,1.0,B,0.0014666046349998396
rubble,B,60,800,0.02,0.1,0.2,,28,0.3,0.2,2.0,20,0,0.8268156424581006,0.7904329608938548,0.9050279329608939,280.0,1.2166666666666666,0.6333333333333333,42.8279570720846,0.1303125,1.075386012715713,48,2.1862630060006074,0.25808144425543156,1.5862630060006075,1.496873454036143,1.0,B,0.0013564829687516067
rubble,B,60,800,0.02,0.1,0.2,,27,0.3,0.2,2.0,20,0,0.8135474860335196,0.7693086592178771,0.9071229050279329,240.0,0.9666666666666667,0.5666666666666667,43.27815454502006,0.12497916666666667,1.1299709020368576,53,2.031700111161108,0.2534389666523078,1.4317001111611078,1.3697834669030664,1.0,B,0.0015222573949995421
rubble,B,60,800,0.02,0.1,0.2,,29,0.3,0.2,2.0,20,0,0.7967877094972067,0.7426326815642457,0.8847765363128491,280.0,1.15,0.7,42.32913906534004,0.14441666666666667,1.0673526660430308,50,2.001652605786703,0.2765233260036383,1.4016526057867031,1.3584990562935328,1.0,B,0.001428414687500208
rubble,B,60,800,0.02,0.2,0.2,,0,0.3,0.2,2.0,20,0,0.75,0.7010824022346368,0.8498603351955307,260.0,0.9333333333333333,0.6166666666666667,41.140729386028184,0.1181875,1.00561797752809,45,2.077823669939369,0.22833449987721838,1.4778236699393685,1.443202949506166,1.0,B,0.001325428646250657
rubble,B,60,800,0.02,0.2,0.2,,1,0.3,0.2,2.0,20,0,0.7541899441340782,0.7076815642458101,0.8421787709497207,280.0,1.05,0.5166666666666667,40.313032365299456,0.12185416666666667,1.0714285714285714,47,2.1345367892750513,0.2502993367375213,1.5345367892750514,1.4040040607745152,1.0,B,0.0013935095312490376
rubble,B,60,800,0.02,0.2,0.2,,2,0.3,0.2,2.0,20,0,0.7681564245810056,0.7373603351955309,0.8875698324022346,280.0,0.95,0.7666666666666667,40.459290805574184,0.13710416666666667,1.0476190476190477,47,2.117230218697872,0.26063260524423165,1.5172302186978723,1.3576080327782862,1.0,B,0.0013939678125007048
rubble,B,60,800,0.02,0.2,0.2,,3,0.3,0.2,2.0,20,0,0.7793296089385475,0.73463687150838,0.8868715083798883,300.0,1.1666666666666667,0.5666666666666667,41.67842765844925,0.11391666666666667,1.0618458610846813,49,2.052382311550432,0.24723013091589408,1.4523823115504315,1.35019275717469,1.0,B,0.00141022765624939
rubble,B,60,800,0.02,0.2,0.2,,4,0.3,0.2,2.0,20,0,0.7730446927374302,0.7215432960893855,0.8715083798882681,280.0,1.2833333333333334,0.48333333333333334,39.818155604625574,0.13579166666666667,1.0971258671952426,45,2.1818475262262225,0.2803527639059133,1.5818475262262228,1.48609355440388,1.0,B,0.0013837691149979037
rubble,B,60,800,0.02,0.2,0.2,,5,0.3,0.2,2.0,20,0,0.8149441340782123,0.7823673184357542,0.888268156424581,320.0,1.0333333333333334,0.5666666666666667,42.994306308755924,0.146375,1.1030245746691871,52,1.9791277348655372,0.28042505084829367,1.3791277348655369,1.3243775211953177,1.0,B,0.0014669804687491704
rubble,B,60,800,0.02,0.2,0.2,,6,0.3,0.2,2.0,20,0,0.7534916201117319,0.7096717877094972,0.8526536312849162,280.0,1.15,0.4666666666666667,40.44085199255859,0.13910416666666667,1.0599214145383105,46,2.1117755335535713,0.277462544132284,1.511775533553571,1.3774982809066683,1.0,B,0.0014509416662508556
rubble,B,60,800,0.02,0.2,0.2,,7,0.3,0.2,2.0,20,0,0.7995810055865922,0.7685754189944134,0.8966480446927374,300.0,1.3333333333333333,0.6833333333333333,43.48594842541777,0.13077083333333334,1.0884030418250952,53,1.954734868833429,0.27499008070200454,1.3547348688334289,1.34733779763683,1.0,B,0.0014418448962487673
rubble,B,60,800,0.02,0.2,0.2,,8,0.3,0.2,2.0,20,0,0.7325418994413407,0.7072276536312849,0.8575418994413407,300.0,1.0,0.48333333333333334,40.053040862832,0.130125,0.9962013295346628,46,2.0013185850519206,0.33024517937860315,1.401318585051921,1.275736436342813,1.0,B,0.001374005886248142
rubble,B,60,800,0.02,0.2,0.2,,9,0.3,0.2,2.0,20,0,0.7800279329608939,0.728491620111732,0.9057262569832403,280.0,1.05,0.4666666666666667,40.9441311953333,0.109125,1.1004926108374384,47,2.0429867242958952,0.26251737318866747,1.4429867242958951,1.3853802755015,1.0,B,0.0013787765625011162
rubble,B,60,800,0.02,0.2,0.2,,10,0.3,0.2,2.0,20,0,0.7681564245810056,0.735649441340782,0.8840782122905028,220.0,1.1,0.5166666666666667,41.7311586670529,0.13979166666666668,1.0784313725490198,47,2.083977223286119,0.23768071809951236,1.4839772232861188,1.517668188244949,1.0,B,0.0014195744787502919
rubble,B,60,800,0.02,0.2,0.2,,11,0.3,0.2,2.0,20,0,0.7562849162011173,0.7184357541899441,0.8680167597765364,260.0,1.3166666666666667,0.45,42.46943123467382,0.1248125,1.0393474088291745,47,2.1302130626801605,0.25860230270895673,1.5302130626801607,1.5315359572997673,1.0,B,0.0014000317187492328
rubble,B,60,800,0.02,0.2,0.2,,12,0.3,0.2,2.0,20,0,0.8086592178770949,0.7809706703910614,0.9008379888268156,300.0,1.1333333333333333,0.6166666666666667,42.80404595910083,0.1199375,1.0692520775623269,49,2.1138913770509893,0.24456270965745275,1.5138913770509894,1.5220333332710836,1.0,B,0.0013943184899994777
rubble,B,60,800,0.02,0.2,0.2,,13,0.3,0.2,2.0,20,0,0.7786312849162011,0.7106494413407822,0.8449720670391061,300.0,1.0833333333333333,0.6166666666666667,41.36502746783462,0.1465625,1.1614583333333335,47,2.0692980054166257,0.24031752445778054,1.469298005416626,1.358106974229036,1.0,B,0.0014637285412482015
rubble,B,60,800,0.02,0.2,0.2,,14,0.3,0.2,2.0,20,0,0.7046089385474861,0.6568784916201118,0.8037709497206704,320.0,1.2,0.7,38.35890630204349,0.16270833333333334,1.0019860973187686,41,2.2832613561295596,0.2806206759041129,1.6832613561295595,1.5821997710301652,1.0,B,0.0013852183325002443
rubble,B,60,800,0.02,0.2,0.2,,15,0.3,0.2,2.0,20,0,0.821927374301676,0.7734986033519553,0.9043296089385475,260.0,1.25,0.6166666666666667,42.21565979532074,0.13075,1.1295585412667946,51,2.0818872871749257,0.2886807653250515,1.4818872871749258,1.430560143929061,1.0,B,0.00140224078124902
rubble,B,60,800,0.02,0.2,0.2,,16,0.3,0.2,2.0,20,0,0.6417597765363129,0.5938896648044693,0.7304469273743017,340.0,1.2166666666666666,0.43333333333333335,36.97959912230583,0.1501875,0.9704329461457234,41,2.1092805077230747,0.3342750161445538,1.5092805077230744,1.2856117117466992,1.0,B,0.0013965895837486642
rubble,B,60,800,0.02,0.2,0.2,,17,0.3,0.2,2.0,20,0,0.8135474860335196,0.7740572625698323,0.8952513966480447,300.0,1.1833333333333333,0.5833333333333334,42.56529661430518,0.11304166666666667,1.1299709020368576,47,2.148582785295593,0.1956395234922534,1.5485827852955936,1.4314326290847719,1.0,B,0.0013401638537493454
rubble,B,60,800,0.02,0.2,0.2,,18,0.3,0.2,2.0,20,0,0.7730446927374302,0.7011173184357542,0.8505586592178771,300.0,1.3333333333333333,0.4666666666666667,39.61991141037348,0.1564375,1.0971258671952426,46,2.1510744795560965,0.25248862592619187,1.5510744795560971,1.5606402620240272,1.0,B,0.0013879508337504376
rubble,B,60,800,0.02,0.2,0.2,,19,0.3,0.2,2.0,20,0,0.7067039106145251,0.6913058659217877,0.8191340782122905,260.0,1.0166666666666666,0.55,39.28501789844204,0.13752083333333334,1.0284552845528454,44,2.087549670679262,0.2478658054506688,1.4875496706792626,1.3420303898021184,1.0,B,0.0013574231762504495
rubble,B,60,800,0.02,0.2,0.2,,20,0.3,0.2,2.0,20,0,0.8128491620111732,0.7695530726256983,0.88268156424581,280.0,1.2833333333333334,0.5666666666666667,42.264712904618996,0.15827083333333333,1.1075166508087537,50,2.1549124672909885,0.24373590409753748,1.5549124672909884,1.4429071363247856,1.0,B,0.0014469180200012489
rubble,B,60,800,0.02,0.2,0.2,,21,0.3,0.2,2.0,20,0,0.7835195530726257,0.7325418994413407,0.854050279329609,280.0,1.1,0.5833333333333334,41.83666980411304,0.14041666666666666,1.1287726358148893,48,2.025275112962412,0.29016224234950855,1.425275112962412,1.282780193927979,1.0,B,0.0014292185937483737
rubble,B,60,800,0.02,0.2,0.2,,22,0.3,0.2,2.0,20,0,0.7995810055865922,0.7550279329608938,0.8777932960893855,260.0,1.1833333333333333,0.8,42.33612736633006,0.12354166666666666,1.095693779904306,50,2.030656918208691,0.25361849683065,1.4306569182086912,1.3423927030589407,1.0,B,0.001422949687498658
rubble,B,60,800,0.02,0.2,0.2,,23,0.3,0.2,2.0,20,0,0.7115921787709497,0.6773743016759777,0.8428770949720671,240.0,1.3333333333333333,0.5666666666666667,40.424422557424904,0.14027083333333334,1.0079129574678536,46,1.8864540718966945,0.30988413284443667,1.2864540718966948,1.203784785115134,1.0,B,0.0014569547387509375
rubble,B,60,800,0.02,0.2,0.2,,24,0.3,0.2,2.0,20,0,0.7472067039106145,0.7128491620111731,0.8547486033519553,300.0,1.1666666666666667,0.65,38.99329896388592,0.163375,1.0510805500982319,46,2.0127508040889546,0.30460468976986205,1.412750804088954,1.3473331682610397,1.0,B,0.0014558156775001407
rubble,B,60,800,0.02,0.2,0.2,,25,0.3,0.2,2.0,20,0,0.7939944134078212,0.7619064245810055,0.8945530726256983,260.0,1.2666666666666666,0.5,42.77485531776581,0.1355625,1.0636108512628624,47,2.0419620714686757,0.25771758163582814,1.4419620714686758,1.455802690814755,1.0,B,0.00139180692625132
rubble,B,60,800,0.02,0.2,0.2,,26,0.3,0.2,2.0,20,0,0.784217877094972,0.7346717877094973,0.8631284916201117,240.0,1.1166666666666667,0.6333333333333333,41.029934208203485,0.1465,1.0934761441090555,48,1.942986450659274,0.31653366459380017,1.3429864506592741,1.2701992663289792,1.0,B,0.001439079947499522
rubble,B,60,800,0.02,0.2,0.2,,27,0.3,0.2,2.0,20,0,0.7674581005586593,0.7163756983240224,0.8533519553072626,220.0,0.9333333333333333,0.5,40.42303278637601,0.14258333333333334,1.0859683794466404,46,2.080966456704158,0.2971166073114705,1.4809664567041576,1.4522874295623427,1.0,B,0.0014010205725003288
rubble,B,60,800,0.02,0.2,0.2,,28,0.3,0.2,2.0,20,0,0.7053072625698324,0.656913407821229,0.848463687150838,320.0,1.2833333333333334,0.6333333333333333,39.697205214163894,0.160875,0.9325946445060019,46,2.0345449355709917,0.23395838415596035,1.4345449355709916,1.4493651392511342,1.0,B,0.001471616353751415
rubble,B,60,800,0.02,0.2,0.2,,29,0.3,0.2,2.0,20,0,0.7905027932960894,0.7444832402234638,0.9036312849162011,260.0,1.2666666666666666,0.6166666666666667,41.3045579374497,0.15170833333333333,1.0884615384615386,46,2.1484184186974193,0.24712533879655274,1.54841841869742,1.418931795278665,1.0,B,0.001428819791249225
rubble,B,60,800,0.02,0.4,0.2,,0,0.3,0.2,2.0,20,0,0.744413407821229,0.6880237430167597,0.848463687150838,260.0,1.0166666666666666,0.5333333333333333,40.13832957626904,0.1314375,1.0910951893551688,47,2.0753297664468975,0.26019621050341313,1.4753297664468972,1.5086366821083077,1.0,B,0.0014365527612494589
rubble,B,60,800,0.02,0.4,0.2,,1,0.3,0.2,2.0,20,0,0.7946927374301676,0.7573324022346368,0.8903631284916201,280.0,1.0333333333333334,0.5333333333333333,42.02731455168942,0.12329166666666666,1.1588594704684316,51,2.0137845791659807,0.2695073613792943,1.4137845791659804,1.3743814454603602,1.0,B,0.0014491608337493743
rubble,B,60,800,0.02,0.4,0.2,,2,0.3,0.2,2.0,20,0,0.7122905027932961,0.6588337988826816,0.8163407821229051,220.0,0.95,0.5333333333333333,39.12900373911945,0.14716666666666667,1.0932475884244373,45,2.1315079773535124,0.33765611553426617,1.5315079773535116,1.4200605796340713,1.0,B,0.0014850428125009784
rubble,B,60,800,0.02,0.4,0.2,,3,0.3,0.2,2.0,20,0,0.7513966480446927,0.6999301675977654,0.840782122905028,280.0,1.15,0.65,39.67939447465273,0.13220833333333334,1.116182572614108,48,2.027146151529855,0.3251956586316865,1.4271461515298547,1.2795109576835308,1.0,B,0.001454927552499612
rubble,B,60,800,0.02,0.4,0.2,,5,0.3,0.2,2.0,20,0,0.803072625698324,0.7522695530726258,0.8875698324022346,280.0,1.3166666666666667,0.4166666666666667,41.19921989922321,0.161625,1.1363636363636365,51,1.9532292895444852,0.31778158448042976,1.3532292895444855,1.2245886236953725,1.0,B,0.0014719381774989414
rubble,B,60,800,0.02,0.4,0.2,,4,0.3,0.2,2.0,20,0,0.7388268156424581,0.694727653631285,0.8310055865921788,240.0,1.0666666666666667,0.6666666666666666,39.871557819265156,0.17254166666666668,1.1219512195121952,53,1.891468158979548,0.32286153491568603,1.2914681589795476,1.1286763831356565,1.0,B,0.0015856022912498701
rubble,B,60,800,0.02,0.4,0.2,,6,0.3,0.2,2.0,20,0,0.755586592178771,0.7223463687150837,0.8763966480446927,300.0,1.3833333333333333,0.4666666666666667,39.43411861923484,0.17833333333333334,1.082,50,1.940697314638488,0.33248720243014585,1.340697314638488,1.127056448210036,1.0,B,0.0015146917187507825
rubble,B,60,800,0.02,0.4,0.2,,7,0.3,0.2,2.0,20,0,0.7527932960893855,0.6892807262569833,0.8442737430167597,320.0,1.4166666666666667,0.8166666666666667,40.18469844158857,0.14339583333333333,1.150480256136606,49,2.0082160192033043,0.31901487190871064,1.4082160192033046,1.4392742483325724,1.0,B,0.001462337031248353
rubble,B,60,800,0.02,0.4,0.2,,8,0.3,0.2,2.0,20,0,0.7143854748603352,0.6811801675977653,0.8128491620111732,280.0,1.15,0.4,39.67240876387741,0.13429166666666667,1.0098716683119449,46,2.0169664766640807,0.32469728431160866,1.416966476664081,1.3426780768994506,1.0,B,0.0014424963537499026
rubble,B,60,800,0.02,0.4,0.2,,9,0.3,0.2,2.0,20,0,0.736731843575419,0.6901536312849161,0.8317039106145251,280.0,1.05,0.7166666666666667,40.39782108732381,0.1461875,1.08875128998968,51,1.8896417702963415,0.2568064598877637,1.2896417702963412,1.3130376632390872,1.0,B,0.0015141926562500885
rubble,B,60,800,0.02,0.4,0.2,,10,0.3,0.2,2.0,20,0,0.7688547486033519,0.7226256983240225,0.8526536312849162,260.0,1.3,0.43333333333333335,40.29460721511284,0.12145833333333333,1.129230769230769,46,2.0921865006769678,0.24420397624372042,1.4921865006769681,1.3358650400101753,1.0,B,0.0013787822399990545
rubble,B,60,800,0.02,0.4,0.2,,11,0.3,0.2,2.0,20,0,0.7122905027932961,0.676536312849162,0.8554469273743017,280.0,1.1833333333333333,0.6166666666666667,38.93164479022473,0.14152083333333335,0.9760765550239234,44,1.9712074033933549,0.2978345367591637,1.371207403393355,1.2890512077094993,1.0,B,0.0014104455725009756
rubble,B,60,800,0.02,0.4,0.2,,12,0.3,0.2,2.0,20,0,0.7548882681564246,0.7000698324022345,0.8372905027932961,300.0,1.1,0.4666666666666667,39.96808476138066,0.13583333333333333,1.1144329896907217,49,1.9882390563011438,0.32775233440150736,1.3882390563011437,1.2376555633793505,1.0,B,0.0014182308850013215
rubble,B,60,800,0.02,0.4,0.2,,13,0.3,0.2,2.0,20,0,0.7255586592178771,0.6503491620111731,0.8156424581005587,260.0,1.2333333333333334,0.6,38.88739742529167,0.1829375,1.0845511482254697,49,1.9691919555286386,0.2892530553754256,1.3691919555286387,1.2099540797052342,1.0,B,0.0015284927087486722
rubble,B,60,800,0.02,0.4,0.2,,14,0.3,0.2,2.0,20,0,0.8191340782122905,0.7612779329608939,0.8910614525139665,260.0,1.2333333333333334,0.48333333333333334,41.80008370016192,0.1525625,1.2130299896587382,55,1.9623066666659235,0.3215590730715047,1.3623066666659238,1.2542744621967716,1.0,B,0.0015282426562498585
rubble,B,60,800,0.02,0.4,0.2,,15,0.3,0.2,2.0,20,0,0.7472067039106145,0.7184008379888267,0.8722067039106145,300.0,1.4333333333333333,0.65,40.23313399654957,0.14258333333333334,1.0710710710710711,47,1.988208744485195,0.3142169253074206,1.3882087444851954,1.2776958786182315,1.0,B,0.0014297030212514982
rubble,B,60,800,0.02,0.4,0.2,,16,0.3,0.2,2.0,20,0,0.7304469273743017,0.6713337988826815,0.8184357541899442,260.0,1.2,0.5,39.31042292984662,0.15789583333333335,1.0480961923847696,50,1.9083635843577746,0.3610881880126952,1.3083635843577748,1.213072912660956,1.0,B,0.0015343469787489994
rubble,B,60,800,0.02,0.4,0.2,,17,0.3,0.2,2.0,20,0,0.8170391061452514,0.7677723463687152,0.8889664804469274,300.0,1.2,0.6166666666666667,42.00315827655815,0.15383333333333332,1.1950970377936672,52,2.050541259561734,0.28680651695971254,1.4505412595617335,1.392168132367479,1.0,B,0.0015356825000003482
rubble,B,60,800,0.02,0.4,0.2,,18,0.3,0.2,2.0,20,0,0.7583798882681564,0.7056564245810055,0.86731843575419,280.0,1.3833333333333333,0.5333333333333333,40.109230303630405,0.17810416666666667,1.1702586206896552,54,1.8845159576030046,0.3223399928520484,1.2845159576030045,1.0845589242723492,1.0,B,0.001610829166249914
rubble,B,60,800,0.02,0.4,0.2,,19,0.3,0.2,2.0,20,0,0.7953910614525139,0.7511173184357542,0.888268156424581,300.0,1.2833333333333334,0.5333333333333333,40.83874606966791,0.15810416666666666,1.1670081967213115,49,2.061472207452311,0.25161722400211334,1.4614722074523114,1.469983328201351,1.0,B,0.001530639113750567
rubble,B,60,800,0.02,0.4,0.2,,21,0.3,0.2,2.0,20,0,0.7346368715083799,0.6648743016759778,0.840782122905028,280.0,1.3,0.43333333333333335,38.40107808671506,0.15460416666666665,1.1179596174282678,46,2.056062538650929,0.27854040403526803,1.456062538650929,1.3824973266457619,1.0,B,0.00150291760375012
rubble,B,60,800,0.02,0.4,0.2,,20,0.3,0.2,2.0,20,0,0.7520949720670391,0.6956703910614526,0.8477653631284916,220.0,1.4666666666666666,0.6,39.66046473571305,0.16245833333333334,1.1543408360128617,49,1.9597018388136276,0.2776181038615922,1.3597018388136273,1.339919403528386,1.0,B,0.0016236803649985632
rubble,B,60,800,0.02,0.4,0.2,,24,0.3,0.2,2.0,20,0,0.6920391061452514,0.6152932960893855,0.7744413407821229,280.0,1.2166666666666666,0.45,37.84420195633573,0.15052083333333333,1.0420609884332281,44,2.0129876657606247,0.33842666163548385,1.4129876657606248,1.195390360190934,1.0,B,0.0014818085412503024
rubble,B,60,800,0.02,0.4,0.2,,22,0.3,0.2,2.0,20,0,0.7569832402234636,0.7158170391061452,0.8708100558659218,300.0,1.1166666666666667,0.5333333333333333,40.26716777373867,0.12877083333333333,1.1117948717948716,49,1.9478703012177827,0.354552681459479,1.3478703012177826,1.0697458144213914,1.0,B,0.001521649166249972
rubble,B,60,800,0.02,0.4,0.2,,23,0.3,0.2,2.0,20,0,0.7318435754189944,0.704608938547486,0.854050279329609,240.0,1.2833333333333334,0.5333333333333333,38.759566936193316,0.1669375,1.0860103626943005,47,2.0114063796946726,0.35525204123418713,1.4114063796946725,1.1181609456411352,1.0,B,0.0015313762499999939
rubble,B,60,800,0.02,0.4,0.2,,25,0.3,0.2,2.0,20,0,0.75,0.6977653631284917,0.8568435754189944,260.0,1.2833333333333334,0.5833333333333334,38.922780138735874,0.16022916666666667,1.0783132530120483,45,2.164727324668036,0.24668992716923846,1.5647273246680367,1.4899723067376889,1.0,B,0.0015302988012513197
rubble,B,60,800,0.02,0.4,0.2,,26,0.3,0.2,2.0,20,0,0.6990223463687151,0.6667946927374302,0.8142458100558659,300.0,1.1,0.48333333333333334,38.72831931742259,0.14597916666666666,1.0330237358101135,46,2.0111997363504797,0.3636078263972367,1.4111997363504798,1.1703936707434779,1.0,B,0.0014839628124991577
rubble,B,60,800,0.02,0.4,0.2,,27,0.3,0.2,2.0,20,0,0.7227653631284916,0.6680167597765363,0.8282122905027933,240.0,1.2,0.35,38.16155507534485,0.15864583333333335,1.1386138613861387,46,2.11052691185786,0.2520691133692874,1.5105269118578593,1.427700450821818,1.0,B,0.0015356368750008187
rubble,B,60,800,0.02,0.4,0.2,,28,0.3,0.2,2.0,20,0,0.7646648044692738,0.6976955307262569,0.8715083798882681,320.0,1.1666666666666667,0.5833333333333334,38.85349856824929,0.17633333333333334,1.126543209876543,45,2.2441903921512716,0.30087453867944114,1.6441903921512717,1.5267602837683945,1.0,B,0.0015167055737515512
rubble,B,60,800,0.02,0.4,0.2,,29,0.3,0.2,2.0,20,0,0.755586592178771,0.7114874301675977,0.8491620111731844,280.0,1.35,0.4666666666666667,39.74334225893344,0.15395833333333334,1.1200828157349898,46,2.0956818491522524,0.24433138691517886,1.495681849152253,1.3601187975224074,1.0,B,0.0014317515099992306
rubble,B,60,800,0.02,0.8,0.2,,0,0.3,0.2,2.0,20,0,0.7311452513966481,0.6812849162011172,0.840782122905028,200.0,1.3,0.6,40.481864845714085,0.15291666666666667,1.1843891402714932,52,1.8068327337740278,0.35810686476016085,1.2068327337740277,1.136902384226436,1.0,B,0.0015976664587492452
rubble,B,60,800,0.02,0.8,0.2,,2,0.3,0.2,2.0,20,0,0.6599162011173184,0.6356145251396649,0.7884078212290503,300.0,1.35,0.45,37.00504487454565,0.15085416666666668,1.062992125984252,45,2.0554662943556403,0.4274920260431049,1.45546629435564,1.1922982062137923,1.0,B,0.0014925473962489376
rubble,B,60,800,0.02,0.8,0.2,,1,0.3,0.2,2.0,20,0,0.702513966480447,0.6628840782122905,0.8058659217877095,320.0,1.3333333333333333,0.36666666666666664,39.49486287221807,0.15095833333333333,1.0863930885529158,51,1.7850721101334077,0.3857453826640296,1.1850721101334076,1.0424544573461447,1.0,B,0.001566022968750076
rubble,B,60,800,0.02,0.8,0.2,,3,0.3,0.2,2.0,20,0,0.6787709497206704,0.6440991620111732,0.7925977653631285,240.0,1.3166666666666667,0.5666666666666667,39.489428031941735,0.13491666666666666,1.035143769968051,50,1.8466206869604418,0.41100211453436114,1.246620686960442,1.1053905577635557,1.0,B,0.0015408513537499857
rubble,B,60,800,0.02,0.8,0.2,,4,0.3,0.2,2.0,20,0,0.6445530726256983,0.625,0.7611731843575419,220.0,1.15,0.4666666666666667,38.19771029968539,0.163375,1.05125284738041,48,1.7420499891936378,0.3736341463721847,1.142049989193638,0.992946699367996,1.0,B,0.0015676458325015118
rubble,B,60,800,0.02,0.8,0.2,,5,0.3,0.2,2.0,20,0,0.7297486033519553,0.6664106145251396,0.8268156424581006,260.0,1.5666666666666667,0.38333333333333336,39.3358988356233,0.17804166666666665,1.1915621436716077,52,1.8135252276375413,0.3011184890174943,1.213525227637542,1.1992663414974079,1.0,B,0.0015895651037499193
rubble,B,60,800,0.02,0.8,0.2,,6,0.3,0.2,2.0,20,0,0.7136871508379888,0.6680516759776537,0.8170391061452514,300.0,1.5666666666666667,0.5,38.13185604725313,0.1805625,1.051440329218107,48,1.969789406184165,0.3999000290313427,1.3697894061841651,1.1461774205786401,1.0,B,0.0015638107812515046
rubble,B,60,800,0.02,0.8,0.2,,7,0.3,0.2,2.0,20,0,0.7074022346368715,0.678072625698324,0.821927374301676,260.0,1.5333333333333334,0.4666666666666667,39.535037379317245,0.158375,1.0708245243128964,50,1.8501683886008606,0.4080661803785241,1.2501683886008612,1.149949396700448,1.0,B,0.0015223949999995058
rubble,B,60,800,0.02,0.8,0.2,,8,0.3,0.2,2.0,20,0,0.7437150837988827,0.6841480446927374,0.8268156424581006,280.0,1.35,0.43333333333333335,39.12871210601362,0.14735416666666667,1.1163522012578617,47,2.028934379426642,0.32623801946953906,1.4289343794266423,1.4180814663546792,1.0,B,0.0015018928124982268
rubble,B,60,800,0.02,0.8,0.2,,9,0.3,0.2,2.0,20,0,0.7877094972067039,0.7111382681564244,0.8638268156424581,260.0,1.3166666666666667,0.6166666666666667,40.30673084228832,0.15325,1.1774530271398749,53,1.9049829569898806,0.38596239535501803,1.304982956989881,1.107711316415025,1.0,B,0.0016283067187487176
rubble,B,60,800,0.02,0.8,0.2,,10,0.3,0.2,2.0,20,0,0.6997206703910615,0.6668994413407822,0.8156424581005587,340.0,1.5666666666666667,0.5666666666666667,38.80303851243341,0.15714583333333335,1.0938864628820961,47,1.9640229279876762,0.3568312842808469,1.3640229279876757,1.1962373262480646,1.0,B,0.0015256060412502848
rubble,B,60,800,0.02,0.8,0.2,,12,0.3,0.2,2.0,20,0,0.6864525139664804,0.6278282122905028,0.8037709497206704,320.0,1.4166666666666667,0.43333333333333335,39.08761050681307,0.14458333333333334,1.0558539205155746,50,1.880397662043398,0.43415777567632774,1.2803976620433979,1.1605172645110697,1.0,B,0.0015148974487510713
rubble,B,60,800,0.02,0.8,0.2,,11,0.3,0.2,2.0,20,0,0.6941340782122905,0.6409217877094971,0.7953910614525139,220.0,1.4833333333333334,0.5,38.354609678424374,0.16260416666666666,1.1875746714456392,48,1.8276786538670027,0.2819793734497605,1.2276786538670026,1.2189011074066163,1.0,B,0.0015483246874987344
rubble,B,60,800,0.02,0.8,0.2,,14,0.3,0.2,2.0,20,0,0.6878491620111732,0.647067039106145,0.8226256983240223,320.0,1.2666666666666666,0.5666666666666667,37.96469404990339,0.18720833333333334,0.985,46,2.106124553165887,0.40869556637623666,1.5061245531658876,1.2332889582349162,1.0,B,0.0015441757812504875
rubble,B,60,800,0.02,0.8,0.2,,13,0.3,0.2,2.0,20,0,0.6627094972067039,0.6219972067039107,0.736731843575419,340.0,1.4166666666666667,0.6666666666666666,38.608456181510626,0.16725,1.0171489817792068,48,1.9634521577692716,0.39221232353079366,1.3634521577692713,1.1625301246010993,1.0,B,0.0015881360937487444
rubble,B,60,800,0.02,0.8,0.2,,15,0.3,0.2,2.0,20,0,0.7220670391061452,0.6770251396648044,0.8421787709497207,300.0,1.3833333333333333,0.5166666666666667,38.532118230738696,0.15283333333333332,1.0872765509989484,45,2.1016063892885812,0.29091097366039564,1.5016063892885805,1.4394585838308491,1.0,B,0.001497164791248906
rubble,B,60,800,0.02,0.8,0.2,,16,0.3,0.2,2.0,20,0,0.6229050279329609,0.5885824022346368,0.7297486033519553,240.0,1.25,0.5333333333333333,37.22431523759416,0.1520625,1.0124858115777524,46,1.9521860893787768,0.424292298876798,1.3521860893787765,1.275774249789798,1.0,B,0.0015421008325006368
rubble,B,60,800,0.02,0.8,0.2,,17,0.3,0.2,2.0,20,0,0.7081005586592178,0.6500349162011175,0.8037709497206704,240.0,1.4,0.5333333333333333,39.696229774573105,0.135125,1.1668584579976986,49,1.9029268191270792,0.3331786426861833,1.302926819127079,1.1216740910532885,1.0,B,0.0015325896874992396
rubble,B,60,800,0.02,0.8,0.2,,19,0.3,0.2,2.0,20,0,0.7108938547486033,0.6710893854748602,0.8337988826815642,300.0,1.3833333333333333,0.45,39.229439325521255,0.13375,1.0958019375672767,47,1.9108701063526843,0.3119645323941526,1.3108701063526844,1.294726086977465,1.0,B,0.0015019931762503803
rubble,B,60,800,0.02,0.8,0.2,,18,0.3,0.2,2.0,20,0,0.7039106145251397,0.6574720670391061,0.8079608938547486,280.0,1.55,0.48333333333333334,37.98985665848516,0.17291666666666666,1.1175166297117516,46,2.0649848018352186,0.315868491400374,1.4649848018352183,1.2802190122396284,1.0,B,0.0016164422912515874
rubble,B,60,800,0.02,0.8,0.2,,20,0.3,0.2,2.0,20,0,0.651536312849162,0.6378840782122905,0.7660614525139665,300.0,1.4166666666666667,0.48333333333333334,37.63444759652928,0.16795833333333332,1.013029315960912,46,1.9470870251587464,0.27195192067802415,1.3470870251587468,1.3452438209893716,1.0,B,0.0015348848962503324
rubble,B,60,800,0.02,0.8,0.2,,21,0.3,0.2,2.0,20,0,0.744413407821229,0.6751047486033519,0.8477653631284916,280.0,1.3666666666666667,0.5666666666666667,39.95033245117418,0.16383333333333333,1.1035196687370599,56,1.8188436160578494,0.36182229805132393,1.2188436160578495,1.0412108130356081,1.0,B,0.0016162164062507145
rubble,B,60,800,0.02,0.8,0.2,,23,0.3,0.2,2.0,20,0,0.6536312849162011,0.6170391061452515,0.7786312849162011,300.0,1.45,0.38333333333333336,37.23773897112149,0.17027083333333334,1.0184983677910773,44,2.030850639384047,0.4239989334489111,1.4308506393840466,1.2486383731495017,1.0,B,0.00149113234375136
rubble,B,60,800,0.02,0.8,0.2,,22,0.3,0.2,2.0,20,0,0.7451117318435754,0.6718575418994414,0.8372905027932961,340.0,1.3833333333333333,0.5333333333333333,39.749510225969445,0.140875,1.146079484425349,50,1.8842009633068852,0.37498224442197364,1.2842009633068852,1.021105633484242,1.0,B,0.001506208385001173
rubble,B,60,800,0.02,0.8,0.2,,24,0.3,0.2,2.0,20,0,0.6787709497206704,0.653840782122905,0.7786312849162011,260.0,1.5333333333333334,0.48333333333333334,38.3872885413317,0.16639583333333333,1.0611353711790392,49,1.7659286742728912,0.365455469356626,1.1659286742728914,1.059555024879279,1.0,B,0.0015591588012512148
rubble,B,60,800,0.02,0.8,0.2,,25,0.3,0.2,2.0,20,0,0.789804469273743,0.7119064245810056,0.8819832402234636,240.0,1.4,0.48333333333333334,39.43102511064156,0.19197916666666667,1.3243559718969555,53,1.8788761101234142,0.3715925581374407,1.278876110123414,1.1604729511331353,1.0,B,0.0015853601562480434
rubble,B,60,800,0.02,0.8,0.2,,26,0.3,0.2,2.0,20,0,0.7171787709497207,0.6597416201117319,0.8310055865921788,280.0,1.35,0.55,39.7066867851553,0.140625,1.0879237288135595,50,1.872388917323186,0.36062112092633974,1.2723889173231864,1.1936200962890124,1.0,B,0.001500855156250509
apartment,C,60,800,0.02,0.0,0.2,,0,0.3,0.2,2.0,20,0,0.888671875,0.8748046875,0.9524739583333334,180.0,0.9666666666666667,0.3,49.716410842482325,0.03295833333333333,1.0014673514306678,45,2.278895874820191,0.10960189866851977,1.6788958748201896,1.7024812260663662,1.0,C,0.001266365572498671
rubble,B,60,800,0.02,0.8,0.2,,27,0.3,0.2,2.0,20,0,0.7192737430167597,0.6870111731843574,0.8037709497206704,260.0,1.4333333333333333,0.45,39.075419693252364,0.14335416666666667,1.1027837259100641,47,2.0238768623772163,0.2701657371702387,1.4238768623772162,1.4270931066858301,1.0,B,0.0014980524475004132
apartment,C,60,800,0.02,0.0,0.2,,2,0.3,0.2,2.0,20,0,0.8802083333333334,0.8639648437499998,0.9615885416666666,220.0,0.8833333333333333,0.25,48.77172207937625,0.0311875,0.9705671213208903,41,2.400690151860847,0.11728167699331844,1.8006901518608474,1.7617181908628146,1.0,C,0.0012589298949978911
rubble,B,60,800,0.02,0.8,0.2,,29,0.3,0.2,2.0,20,0,0.7143854748603352,0.6854399441340783,0.8163407821229051,320.0,1.6833333333333333,0.6166666666666667,39.184272227556995,0.1753125,1.1155943293347874,51,1.8549418638670194,0.2793355997214369,1.254941863867019,1.1611950562412452,1.0,B,0.0015788191137494324
apartment,C,60,800,0.02,0.0,0.2,,1,0.3,0.2,2.0,20,0,0.8854166666666666,0.8731770833333334,0.9557291666666666,220.0,1.2833333333333334,0.3,48.87765198045081,0.03864583333333333,1.0051736881005173,44,2.2911264676046286,0.13455240035659755,1.691126467604628,1.786065682722806,1.0,C,0.0012947011462483716
rubble,B,60,800,0.02,0.8,0.2,,28,0.3,0.2,2.0,20,0,0.7660614525139665,0.7126745810055866,0.8680167597765364,280.0,1.4833333333333334,0.26666666666666666,39.46742421440514,0.19079166666666666,1.172008547008547,50,1.9455478794657222,0.3156849713311545,1.3455478794657223,1.2590439126337274,1.0,B,0.001614925730000323
apartment,C,60,800,0.02,0.0,0.2,,3,0.3,0.2,2.0,20,0,0.8815104166666666,0.8582356770833334,0.962890625,220.0,1.0833333333333333,0.31666666666666665,48.65640727719149,0.03233333333333333,0.9685264663805436,41,2.4223266039195033,0.10820738335488028,1.822326603919503,1.8432951410828795,1.0,C,0.0012469372387499788
apartment,C,60,800,0.02,0.0,0.2,,4,0.3,0.2,2.0,20,0,0.9361979166666666,0.9217447916666668,0.9908854166666666,240.0,1.1833333333333333,0.45,52.132400099635475,0.035708333333333335,1.0213068181818181,48,2.330718128042353,0.05527693703696404,1.7307181280423525,1.7403882225966256,1.0,C,0.001326151041250796
apartment,C,60,800,0.02,0.0,0.2,,5,0.3,0.2,2.0,20,0,0.8828125,0.88681640625,0.98046875,220.0,1.1333333333333333,0.26666666666666666,48.16285443303372,0.03966666666666667,0.958981612446959,42,2.4251033346764097,0.0815636312817114,1.82510333467641,1.7991843324769388,1.0,C,0.0012615754162493432
apartment,C,60,800,0.02,0.0,0.2,,6,0.3,0.2,2.0,20,0,0.9205729166666666,0.9109049479166667,0.9817708333333334,240.0,0.9333333333333333,0.26666666666666666,51.52072084417217,0.031875,1.0,46,2.354996399693782,0.09778014229092252,1.7549963996937819,1.7740110393077053,1.0,C,0.0012812460412510518
apartment,C,60,800,0.02,0.0,0.2,,7,0.3,0.2,2.0,20,0,0.927734375,0.9169596354166666,0.98828125,220.0,1.0166666666666666,0.23333333333333334,52.36537124690759,0.035541666666666666,1.01568068424804,49,2.276174127902157,0.10037026959783815,1.676174127902157,1.6824527531800118,1.0,C,0.0013587710412502928
apartment,C,60,800,0.02,0.0,0.2,,9,0.3,0.2,2.0,20,0,0.9296875,0.9140299479166668,0.98828125,240.0,1.0333333333333334,0.35,50.52066321309335,0.038125,1.0063424947145878,46,2.3858190952476668,0.11006355425210332,1.7858190952476662,1.7335333606307315,1.0,C,0.0012987282287485868
apartment,C,60,800,0.02,0.0,0.2,,11,0.3,0.2,2.0,20,0,0.923828125,0.9121093750000002,0.98828125,220.0,1.05,0.38333333333333336,50.435516318374,0.03704166666666667,1.018664752333094,46,2.330056531614826,0.09759074137106871,1.7300565316148255,1.7477570847551027,1.0,C,0.0013030804174991317
apartment,C,60,800,0.02,0.0,0.2,,8,0.3,0.2,2.0,20,0,0.91796875,0.9004231770833334,0.984375,200.0,1.1833333333333333,0.4,51.376286514616574,0.04164583333333333,1.0129310344827587,47,2.3162076352240017,0.08554106111998158,1.7162076352240008,1.7143918585160565,1.0,C,0.001350940677498329
apartment,C,60,800,0.02,0.0,0.2,,10,0.3,0.2,2.0,20,0,0.9615885416666666,0.9334309895833336,0.9908854166666666,240.0,1.1,0.23333333333333334,54.74839846295984,0.035416666666666666,1.0741818181818181,55,2.1876540471871357,0.1438305835509126,1.5876540471871354,1.6201201800142284,1.0,C,0.0014312258325003312
apartment,C,60,800,0.02,0.0,0.2,,12,0.3,0.2,2.0,20,0,0.93359375,0.91005859375,0.9817708333333334,220.0,1.1833333333333333,0.4166666666666667,51.86417143244226,0.03952083333333333,1.0184659090909092,49,2.2259912941245097,0.14354622996868993,1.6259912941245098,1.7007602624926763,1.0,C,0.0013424732299995412
apartment,C,60,800,0.02,0.0,0.2,,13,0.3,0.2,2.0,20,0,0.96875,0.9456380208333333,0.9921875,280.0,1.1333333333333333,0.36666666666666664,55.90279915193261,0.038,1.0508474576271187,55,2.215268384389139,0.10528147029960613,1.6152683843891391,1.6186227030205687,1.0,C,0.0013797708862489345
apartment,C,60,800,0.02,0.0,0.2,,14,0.3,0.2,2.0,20,0,0.9485677083333334,0.9166015625,0.98828125,180.0,1.2333333333333334,0.38333333333333336,53.09238913958578,0.0389375,1.0760709010339735,53,2.243050690825791,0.09129613572357884,1.643050690825791,1.5993939905194048,1.0,C,0.0013940661974993418
apartment,C,60,800,0.02,0.0,0.2,,15,0.3,0.2,2.0,20,0,0.9322916666666666,0.9232747395833334,0.986328125,220.0,0.95,0.35,52.64027025221978,0.033375,1.0177683013503909,50,2.1864845450467696,0.14748881009904802,1.5864845450467688,1.5568802645300597,1.0,C,0.0013061905199992906
apartment,C,60,800,0.02,0.0,0.2,,16,0.3,0.2,2.0,20,0,0.9485677083333334,0.9346028645833334,0.986328125,220.0,1.1833333333333333,0.45,54.532584682631395,0.034291666666666665,1.0355366027007817,53,2.151645747677252,0.12484096272156793,1.5516457476772512,1.518491710603881,1.0,C,0.0013460385937491993
apartment,C,60,800,0.02,0.0,0.2,,17,0.3,0.2,2.0,20,0,0.9244791666666666,0.9063151041666668,0.9869791666666666,220.0,0.9833333333333333,0.2833333333333333,51.12096876706995,0.03675,1.0,47,2.3202302949563247,0.13838963326987488,1.7202302949563244,1.7823115126060678,1.0,C,0.0013301218224978583
apartment,C,60,800,0.02,0.0,0.2,,19,0.3,0.2,2.0,20,0,0.9225260416666666,0.9135416666666668,0.9791666666666666,220.0,1.1666666666666667,0.4166666666666667,52.86973886468478,0.036708333333333336,1.0238439306358382,50,2.2448422683461415,0.11556083331713543,1.644842268346141,1.6354052359637998,1.0,C,0.001342515363749044
apartment,C,60,800,0.02,0.0,0.2,,18,0.3,0.2,2.0,20,0,0.9609375,0.93671875,0.9908854166666666,200.0,0.9666666666666667,0.23333333333333334,55.01266115015527,0.030645833333333334,1.0611071171818836,54,2.2064003127944596,0.06958731870628372,1.6064003127944602,1.5805895433367354,1.0,C,0.0013583928125012789
apartment,C,60,800,0.02,0.0,0.2,,20,0.3,0.2,2.0,20,0,0.935546875,0.9238606770833332,0.986328125,200.0,1.1166666666666667,0.3,53.48141583610372,0.036041666666666666,1.0323275862068966,51,2.1848918418065297,0.12355724748310931,1.5848918418065296,1.6104763910571824,1.0,C,0.0013432499487498718
apartment,C,60,800,0.02,0.0,0.2,,21,0.3,0.2,2.0,20,0,0.9049479166666666,0.8787109375,0.9759114583333334,200.0,1.15,0.3,48.74223765333142,0.03752083333333334,1.009440813362382,43,2.399232962996011,0.1080168894018381,1.799232962996011,1.844537658882294,1.0,C,0.001257809062499291
apartment,C,60,800,0.02,0.0,0.2,,22,0.3,0.2,2.0,20,0,0.9205729166666666,0.8913411458333333,0.97265625,220.0,1.0166666666666666,0.26666666666666666,50.120601976731216,0.04127083333333333,1.0420044215180546,48,2.30585539761144,0.09795316946356565,1.7058553976114401,1.6840159956965701,1.0,C,0.0013446161975002723
apartment,C,60,800,0.02,0.0,0.2,,23,0.3,0.2,2.0,20,0,0.91796875,0.9108398437499998,0.978515625,240.0,1.1333333333333333,0.2833333333333333,50.62850773405503,0.035041666666666665,0.9818941504178272,46,2.3436961931235962,0.10429821672419912,1.7436961931235957,1.710572930967142,1.0,C,0.0012877026037517681
apartment,C,60,800,0.02,0.0,0.2,,24,0.3,0.2,2.0,20,0,0.9010416666666666,0.86953125,0.9583333333333334,220.0,1.1,0.36666666666666664,50.85027133692976,0.0419375,0.9985569985569985,47,2.2344291533063982,0.14501620582897545,1.6344291533063984,1.6689113343638562,1.0,C,0.0013300858325010268
apartment,C,60,800,0.02,0.0,0.2,,25,0.3,0.2,2.0,20,0,0.8912760416666666,0.8718424479166668,0.953125,200.0,1.1333333333333333,0.2833333333333333,50.19719002937382,0.03160416666666667,0.9841840402588066,45,2.2874689934170034,0.10793912474316081,1.687468993417003,1.7337973806776703,1.0,C,0.0012814647912500732
apartment,C,60,800,0.02,0.0,0.2,,26,0.3,0.2,2.0,20,0,0.91796875,0.8956380208333334,0.9778645833333334,200.0,1.1333333333333333,0.3333333333333333,50.87037139619698,0.03845833333333333,1.0284463894967177,47,2.364553561436536,0.09472582141096896,1.764553561436536,1.7025721179103308,1.0,C,0.0013212659374994473
apartment,C,60,800,0.02,0.0,0.2,,28,0.3,0.2,2.0,20,0,0.9309895833333334,0.9214192708333332,0.9830729166666666,220.0,1.1333333333333333,0.23333333333333334,51.2951318838102,0.03229166666666667,1.020699500356888,48,2.337662297989996,0.10435839986776295,1.7376622979899963,1.7166450870703198,1.0,C,0.0013431646874983016
apartment,C,60,800,0.02,0.0,0.2,,27,0.3,0.2,2.0,20,0,0.9563802083333334,0.9382161458333333,0.9908854166666666,220.0,0.9,0.2833333333333333,53.330044703933794,0.03395833333333333,1.0538020086083213,51,2.231076814390783,0.11690382933263567,1.631076814390783,1.6831316713660263,1.0,C,0.0013679819787489579
apartment,C,60,800,0.02,0.0,0.2,,29,0.3,0.2,2.0,20,0,0.9088541666666666,0.8822591145833334,0.962890625,220.0,1.3,0.3333333333333333,51.604608831028756,0.032875,1.007942238267148,48,2.25230738830498,0.1306303735616786,1.6523073883049797,1.630733816176636,1.0,C,0.001310603801250636
apartment,C,60,800,0.02,0.1,0.2,,0,0.3,0.2,2.0,20,0,0.9368489583333334,0.9338867187499998,0.9908854166666666,220.0,0.7833333333333333,0.23333333333333334,52.94081459550186,0.035020833333333334,1.0227434257285004,51,2.2733889881793106,0.0810883198965651,1.673388988179311,1.6760486918278548,1.0,C,0.0014013938537482317
apartment,C,60,800,0.02,0.1,0.2,,1,0.3,0.2,2.0,20,0,0.8678385416666666,0.840234375,0.939453125,220.0,1.2333333333333334,0.31666666666666665,49.627009326615735,0.036,0.9687499999999999,43,2.3453833720407,0.17682158965428796,1.7453833720406995,1.6825364565287533,1.0,C,0.0013055818237489802
apartment,C,60,800,0.02,0.1,0.2,,2,0.3,0.2,2.0,20,0,0.9270833333333334,0.9122395833333332,0.9837239583333334,200.0,0.9666666666666667,0.36666666666666664,52.16591111586668,0.0305,1.0164168451106352,48,2.2949922251419808,0.12170930168248117,1.6949922251419807,1.672252873062467,1.0,C,0.0012916444787492765
apartment,C,60,800,0.02,0.1,0.2,,3,0.3,0.2,2.0,20,0,0.92578125,0.9083658854166666,0.9837239583333334,220.0,1.1166666666666667,0.25,50.84178850957654,0.033979166666666664,1.0208183776022972,47,2.3685716100621557,0.0998817767658413,1.7685716100621551,1.7870515517657144,1.0,C,0.001293751458749739
apartment,C,60,800,0.02,0.1,0.2,,4,0.3,0.2,2.0,20,0,0.9329427083333334,0.8844401041666666,0.9752604166666666,220.0,1.2166666666666666,0.3333333333333333,52.22047428631081,0.03575,1.0384057971014493,48,2.3043779715099006,0.12355035060506234,1.7043779715099003,1.6908390053140034,1.0,C,0.001325373957499778
apartment,C,60,800,0.02,0.1,0.2,,5,0.3,0.2,2.0,20,0,0.9153645833333334,0.9104166666666668,0.9915364583333334,260.0,1.2666666666666666,0.3333333333333333,50.46768092742531,0.0416875,0.9804741980474199,45,2.378941845509372,0.11082778279498125,1.7789418455093713,1.7701658537221938,1.0,C,0.0012785183337518902
apartment,C,60,800,0.02,0.1,0.2,,6,0.3,0.2,2.0,20,0,0.9342447916666666,0.9130533854166668,0.982421875,220.0,1.0666666666666667,0.2833333333333333,51.270561233984814,0.03729166666666667,1.0391020999275886,48,2.3304503246596853,0.0977923575928904,1.7304503246596852,1.691767401995853,1.0,C,0.0013560694274997332
apartment,C,60,800,0.02,0.1,0.2,,7,0.3,0.2,2.0,20,0,0.908203125,0.890234375,0.9720052083333334,220.0,1.0833333333333333,0.25,50.547097652297204,0.03641666666666667,0.9950071326676178,46,2.323846948307961,0.12074658514801485,1.7238469483079615,1.721603695686349,1.0,C,0.0013359375524987626
apartment,C,60,800,0.02,0.1,0.2,,8,0.3,0.2,2.0,20,0,0.9420572916666666,0.9261718750000002,0.9869791666666666,240.0,1.1833333333333333,0.31666666666666665,52.63200629957594,0.0420625,1.0402588066139467,52,2.2388840456052774,0.11470873689942898,1.6388840456052771,1.6693002551914824,1.0,C,0.0013887673962494774
apartment,C,60,800,0.02,0.1,0.2,,9,0.3,0.2,2.0,20,0,0.912109375,0.89580078125,0.974609375,220.0,1.1333333333333333,0.45,50.11026073670428,0.03833333333333333,1.031664212076583,46,2.3135517000314416,0.12438542765392531,1.713551700031441,1.7722905764428236,1.0,C,0.0013379950525018102
apartment,C,60,800,0.02,0.1,0.2,,10,0.3,0.2,2.0,20,0,0.931640625,0.9072265625,0.9798177083333334,260.0,1.1166666666666667,0.26666666666666666,52.578844896094544,0.036125,1.0339595375722543,50,2.2712117752853915,0.11234316994182483,1.671211775285391,1.6896641750775903,1.0,C,0.001367192863751825
apartment,C,60,800,0.02,0.1,0.2,,11,0.3,0.2,2.0,20,0,0.931640625,0.9174153645833334,0.9811197916666666,220.0,0.8666666666666667,0.25,51.50195659813642,0.03320833333333333,1.0258064516129033,48,2.297013280187907,0.11285612249578655,1.6970132801879068,1.6818419717059059,1.0,C,0.0013164030199982336
apartment,C,60,800,0.02,0.1,0.2,,12,0.3,0.2,2.0,20,0,0.86328125,0.8451171875,0.9420572916666666,280.0,1.1166666666666667,0.2833333333333333,49.27678336510126,0.03245833333333333,0.9390934844192634,43,2.432194802608265,0.1780132178454756,1.8321948026082648,1.7966451779295642,1.0,C,0.0012658930212501218
apartment,C,60,800,0.02,0.1,0.2,,13,0.3,0.2,2.0,20,0,0.9296875,0.9137044270833334,0.982421875,220.0,1.2666666666666666,0.2,52.234361538106576,0.0396875,1.0127659574468084,48,2.272611495430457,0.1042624960843989,1.6726114954304567,1.636565721097944,1.0,C,0.0012888433850002912
apartment,C,60,800,0.02,0.1,0.2,,14,0.3,0.2,2.0,20,0,0.9283854166666666,0.9109049479166668,0.9798177083333334,240.0,1.1333333333333333,0.26666666666666666,53.41347380990393,0.042875,1.046221570066031,52,2.268507762246132,0.09804560316155593,1.6685077622461324,1.648087633739441,1.0,C,0.001354393125000115
apartment,C,60,800,0.02,0.1,0.2,,16,0.3,0.2,2.0,20,0,0.9485677083333334,0.9185221354166664,0.9837239583333334,240.0,1.2,0.3333333333333333,52.50874077799785,0.03947916666666667,1.039971448965025,51,2.336815178333722,0.1019578626034241,1.736815178333722,1.727852791131161,1.0,C,0.0013438439574997574
apartment,C,60,800,0.02,0.1,0.2,,15,0.3,0.2,2.0,20,0,0.9420572916666666,0.9350911458333335,0.9915364583333334,260.0,0.9333333333333333,0.4166666666666667,52.98601449540248,0.033375,1.0125962211336599,49,2.2883647768522515,0.10378940708216336,1.6883647768522516,1.7704437105238027,1.0,C,0.001356349323748418
apartment,C,60,800,0.02,0.1,0.2,,17,0.3,0.2,2.0,20,0,0.91796875,0.89462890625,0.9713541666666666,220.0,1.0166666666666666,0.4166666666666667,51.56409723619564,0.0350625,1.0122038765254846,48,2.321675238970233,0.11270678080374102,1.7216752389702326,1.7310368125344153,1.0,C,0.0012808829174991842
apartment,C,60,800,0.02,0.1,0.2,,18,0.3,0.2,2.0,20,0,0.888671875,0.8815104166666667,0.9654947916666666,220.0,1.1333333333333333,0.2,49.62325289671397,0.029645833333333333,0.979196556671449,44,2.355449122178321,0.07982452987126838,1.7554491221783215,1.793882225498046,1.0,C,0.001245421926250856
apartment,C,60,800,0.02,0.1,0.2,,19,0.3,0.2,2.0,20,0,0.94140625,0.9177083333333333,0.9869791666666666,220.0,1.2666666666666666,0.26666666666666666,52.816426297725606,0.035604166666666666,1.0299145299145298,50,2.2623156568552,0.07689083461042945,1.6623156568551998,1.6397928265698711,1.0,C,0.001339470937500664
apartment,C,60,800,0.02,0.1,0.2,,20,0.3,0.2,2.0,20,0,0.8854166666666666,0.87001953125,0.9505208333333334,220.0,1.1333333333333333,0.31666666666666665,50.361382112828906,0.035770833333333335,1.0014727540500736,46,2.251896055364453,0.07825684947803804,1.651896055364452,1.6678268677079968,1.0,C,0.0013129640624993044
apartment,C,60,800,0.02,0.1,0.2,,21,0.3,0.2,2.0,20,0,0.9186197916666666,0.9068684895833335,0.9811197916666666,260.0,1.0166666666666666,0.23333333333333334,49.53878112703822,0.03735416666666667,1.0136494252873562,47,2.2616974807599544,0.11455604098036647,1.6616974807599547,1.678281123656642,1.0,C,0.00131299645874833
apartment,C,60,800,0.02,0.1,0.2,,22,0.3,0.2,2.0,20,0,0.9264322916666666,0.90029296875,0.9739583333333334,220.0,1.0166666666666666,0.26666666666666666,50.51214732087976,0.0384375,1.0386861313868612,47,2.31115891074495,0.10474625380382509,1.7111589107449496,1.7709170155319378,1.0,C,0.0013113755724998555
apartment,C,60,800,0.02,0.1,0.2,,23,0.3,0.2,2.0,20,0,0.9401041666666666,0.9208658854166666,0.9856770833333334,240.0,1.0833333333333333,0.26666666666666666,52.17709499589444,0.034833333333333334,1.0248403122782115,50,2.2985458866147006,0.14413153504834145,1.698545886614701,1.6569235933933562,1.0,C,0.0013573023962499065
apartment,C,60,800,0.02,0.1,0.2,,24,0.3,0.2,2.0,20,0,0.9537760416666666,0.9267578125000002,0.9889322916666666,240.0,1.1166666666666667,0.31666666666666665,53.21864774781127,0.0376875,1.0368011323425337,52,2.2338807277150363,0.10619641916397501,1.6338807277150365,1.575024665235552,1.0,C,0.001371455365001566
apartment,C,60,800,0.02,0.1,0.2,,25,0.3,0.2,2.0,20,0,0.9615885416666666,0.9405273437500001,0.990234375,240.0,1.2666666666666666,0.31666666666666665,53.54035385737287,0.03722916666666667,1.0542469664525338,52,2.26183315678703,0.13982467228590234,1.6618331567870293,1.7415290144133946,1.0,C,0.0013906460412499654
apartment,C,60,800,0.02,0.1,0.2,,26,0.3,0.2,2.0,20,0,0.9205729166666666,0.8957356770833333,0.9798177083333334,220.0,1.0166666666666666,0.25,51.10179689150641,0.035208333333333335,1.0238957277335263,48,2.2714464357719986,0.12454386607130932,1.6714464357719983,1.7484211104702965,1.0,C,0.0013562271875002807
apartment,C,60,800,0.02,0.1,0.2,,27,0.3,0.2,2.0,20,0,0.9342447916666666,0.9069010416666667,0.984375,200.0,1.1333333333333333,0.31666666666666665,53.44547769472631,0.03025,1.0428779069767442,51,2.220024155423555,0.13230667931668694,1.6200241554235548,1.6155636644933389,1.0,C,0.0013504976562512638
apartment,C,60,800,0.02,0.1,0.2,,28,0.3,0.2,2.0,20,0,0.8795572916666666,0.8730794270833334,0.9680989583333334,220.0,1.0833333333333333,0.18333333333333332,47.46716204994384,0.036395833333333336,0.9740447007930786,41,2.3937437519486515,0.12055574178780025,1.7937437519486512,1.8329391727411264,1.0,C,0.0012562864587494006
apartment,C,60,800,0.02,0.1,0.2,,29,0.3,0.2,2.0,20,0,0.904296875,0.8878255208333332,0.978515625,180.0,1.1166666666666667,0.23333333333333334,50.30955732387411,0.03722916666666667,1.061926605504587,46,2.3174780353822695,0.0877446248627734,1.7174780353822698,1.7258967407316035,1.0,C,0.001323924480000187
apartment,C,60,800,0.02,0.2,0.2,,0,0.3,0.2,2.0,20,0,0.908203125,0.8765950520833334,0.978515625,200.0,1.0166666666666666,0.3333333333333333,49.79308012506722,0.03845833333333333,1.0457271364317842,47,2.312435074195781,0.11019288743637894,1.7124350741957812,1.6922540175013916,1.0,C,0.0013347515100008422
apartment,C,60,800,0.02,0.2,0.2,,1,0.3,0.2,2.0,20,0,0.908203125,0.8912109375,0.9798177083333334,220.0,1.25,0.26666666666666666,50.03703928382874,0.035916666666666666,1.01528384279476,47,2.3045782860038213,0.11435636101642525,1.7045782860038212,1.7173794759525016,1.0,C,0.0013265445312504198
apartment,C,60,800,0.02,0.2,0.2,,2,0.3,0.2,2.0,20,0,0.904296875,0.8925781249999998,0.98046875,240.0,0.9833333333333333,0.25,48.62436184964027,0.0356875,1.01609363569861,44,2.3678729778274956,0.09218484488274885,1.7678729778274955,1.7700376049069497,1.0,C,0.0012883415112492002
apartment,C,60,800,0.02,0.2,0.2,,3,0.3,0.2,2.0,20,0,0.8626302083333334,0.8590820312499998,0.95703125,200.0,1.2166666666666666,0.25,47.61220588469747,0.035229166666666666,0.974264705882353,43,2.3230694920682273,0.08325747184266999,1.723069492068227,1.7261639351753,1.0,C,0.0013057843225010401
apartment,C,60,800,0.02,0.2,0.2,,4,0.3,0.2,2.0,20,0,0.8815104166666666,0.8657877604166668,0.9661458333333334,220.0,1.15,0.38333333333333336,48.73442642155486,0.033875,0.9992619926199261,44,2.3185843100711425,0.11123995905211224,1.718584310071143,1.6637170106382477,1.0,C,0.0013223942712511415
apartment,C,60,800,0.02,0.2,0.2,,5,0.3,0.2,2.0,20,0,0.9186197916666666,0.8898763020833333,0.9759114583333334,200.0,1.1666666666666667,0.2,51.317141083508744,0.041895833333333334,1.0705614567526556,50,2.2232581432910785,0.10592362704386836,1.6232581432910786,1.6031520339822074,1.0,C,0.001336306718749256
apartment,C,60,800,0.02,0.2,0.2,,6,0.3,0.2,2.0,20,0,0.9036458333333334,0.8638020833333332,0.9537760416666666,240.0,1.3166666666666667,0.23333333333333334,50.2750826228365,0.042583333333333334,1.0451807228915662,49,2.221116337432089,0.11813057974190488,1.6211163374320885,1.6072066261357842,1.0,C,0.0013648383337499582
apartment,C,60,800,0.02,0.2,0.2,,7,0.3,0.2,2.0,20,0,0.912109375,0.8804361979166666,0.9661458333333334,220.0,1.1666666666666667,0.2833333333333333,51.00786455504707,0.036458333333333336,1.054176072234763,49,2.256450256867765,0.13185878843757007,1.656450256867765,1.5895578278126394,1.0,C,0.0013493015624999316
apartment,C,60,800,0.02,0.2,0.2,,8,0.3,0.2,2.0,20,0,0.9166666666666666,0.9017578125000002,0.9817708333333334,240.0,1.2666666666666666,0.38333333333333336,50.47614133197626,0.03770833333333334,1.0042796005706134,48,2.2640744516297846,0.12524260759485498,1.6640744516297847,1.7054107934544094,1.0,C,0.0013248547912508002
apartment,C,60,800,0.02,0.2,0.2,,9,0.3,0.2,2.0,20,0,0.9466145833333334,0.9238281249999998,0.9850260416666666,240.0,1.3166666666666667,0.23333333333333334,52.92553753882332,0.0375,1.0589949016751639,53,2.216843190688105,0.12397119359787188,1.616843190688105,1.5018013826757874,1.0,C,0.0013723412500007725
apartment,C,60,800,0.02,0.2,0.2,,10,0.3,0.2,2.0,20,0,0.8821614583333334,0.85576171875,0.9446614583333334,220.0,1.2166666666666666,0.25,48.94295357526104,0.041229166666666664,0.9955914768552535,46,2.3549670424077034,0.1459882686905331,1.7549670424077035,1.7498220074230755,1.0,C,0.0012946304162505839
apartment,C,60,800,0.02,0.2,0.2,,11,0.3,0.2,2.0,20,0,0.9329427083333334,0.9112630208333334,0.9856770833333334,240.0,1.05,0.2833333333333333,51.14477557558761,0.03647916666666667,1.0513573000733676,49,2.288428761835944,0.11490367985183034,1.688428761835944,1.6917736832715486,1.0,C,0.0013325939062497128
apartment,C,60,800,0.02,0.2,0.2,,12,0.3,0.2,2.0,20,0,0.8795572916666666,0.8394205729166666,0.9264322916666666,240.0,1.3,0.2,49.316227486116226,0.04047916666666666,1.0135033758439609,47,2.276263734881638,0.20783656085209928,1.6762637348816385,1.5965226533618861,1.0,C,0.0013097339062483116
apartment,C,60,800,0.02,0.2,0.2,,13,0.3,0.2,2.0,20,0,0.8899739583333334,0.8620442708333333,0.974609375,220.0,1.05,0.15,49.455900038956116,0.038875,0.9870036101083033,44,2.3968551660962327,0.11765258620361013,1.7968551660962326,1.7400331665778213,1.0,C,0.0012985660425010792
apartment,C,60,800,0.02,0.2,0.2,,14,0.3,0.2,2.0,20,0,0.9303385416666666,0.9001953125,0.982421875,220.0,1.2,0.3,49.93622560456022,0.041354166666666664,1.0585185185185184,48,2.28975887952463,0.11240452325544521,1.6897588795246297,1.700163528251304,1.0,C,0.0013200382812487987
apartment,C,60,800,0.02,0.2,0.2,,15,0.3,0.2,2.0,20,0,0.8854166666666666,0.8668619791666667,0.9700520833333334,220.0,0.9666666666666667,0.25,50.25916554224595,0.03827083333333333,0.9728183118741058,46,2.2981862625992306,0.11395844989541137,1.6981862625992308,1.698874755834141,1.0,C,0.0012776448962495124
apartment,C,60,800,0.02,0.2,0.2,,16,0.3,0.2,2.0,20,0,0.8684895833333334,0.8634440104166666,0.9635416666666666,200.0,1.2666666666666666,0.25,48.58853843847035,0.036895833333333336,1.0030075187969925,44,2.2762039319820433,0.09147244948183171,1.676203931982043,1.638659349840208,1.0,C,0.001264620833749177
apartment,C,60,800,0.02,0.2,0.2,,17,0.3,0.2,2.0,20,0,0.9114583333333334,0.9064453124999998,0.98828125,260.0,1.0166666666666666,0.23333333333333334,49.60487125692997,0.03641666666666667,0.9992862241256246,45,2.381887330302912,0.10618700503155944,1.781887330302912,1.7655712536613324,1.0,C,0.0012865526037512608
apartment,C,60,800,0.02,0.2,0.2,,19,0.3,0.2,2.0,20,0,0.900390625,0.88154296875,0.9674479166666666,220.0,1.2,0.26666666666666666,48.15628151555567,0.0404375,1.019159911569639,45,2.2500531743307213,0.10856578324703937,1.65005317433072,1.6308543445889403,1.0,C,0.0013011863012502545
apartment,C,60,800,0.02,0.2,0.2,,18,0.3,0.2,2.0,20,0,0.90234375,0.8802083333333334,0.9694010416666666,220.0,1.15,0.3333333333333333,49.38933770554214,0.03164583333333333,1.012417823228634,45,2.338460515758127,0.09932018856802319,1.7384605157581268,1.696806427056238,1.0,C,0.0013849670312515627
apartment,C,60,800,0.02,0.2,0.2,,20,0.3,0.2,2.0,20,0,0.9147135416666666,0.8930989583333334,0.9778645833333334,220.0,1.2333333333333334,0.25,50.455985287106635,0.0364375,1.0346097201767304,47,2.3210297183564434,0.08401952435656013,1.7210297183564438,1.751780767068439,1.0,C,0.001325641771250048
apartment,C,60,800,0.02,0.2,0.2,,21,0.3,0.2,2.0,20,0,0.8938802083333334,0.8726236979166666,0.9720052083333334,220.0,1.25,0.2833333333333333,49.12473500508019,0.03960416666666667,0.9949275362318841,44,2.323458091045022,0.09248739079333913,1.7234580910450228,1.707887023546043,1.0,C,0.0012949120312509875
apartment,C,60,800,0.02,0.2,0.2,,23,0.3,0.2,2.0,20,0,0.9095052083333334,0.88759765625,0.9752604166666666,220.0,1.1166666666666667,0.31666666666666665,49.87885491541912,0.03179166666666667,1.0355819125277983,47,2.271508462156091,0.1294686570951438,1.6715084621560918,1.6089092004621697,1.0,C,0.0013099068750011612
apartment,C,60,800,0.02,0.2,0.2,,22,0.3,0.2,2.0,20,0,0.890625,0.86962890625,0.9661458333333334,260.0,1.1,0.25,49.16668618801603,0.040125,0.9956331877729258,45,2.3609194028231486,0.11967705975584635,1.7609194028231483,1.6775225651831116,1.0,C,0.0013561000524987322
apartment,C,60,800,0.02,0.2,0.2,,24,0.3,0.2,2.0,20,0,0.9069010416666666,0.8689453125,0.9641927083333334,240.0,1.1666666666666667,0.3333333333333333,50.17190149045572,0.0380625,1.0116194625998547,47,2.217196186365319,0.15426690270691945,1.6171961863653195,1.5320124247493943,1.0,C,0.0013889838549994238
apartment,C,60,800,0.02,0.2,0.2,,25,0.3,0.2,2.0,20,0,0.9557291666666666,0.93916015625,0.98828125,240.0,1.1333333333333333,0.3333333333333333,52.76059554346731,0.0339375,1.0352609308885754,52,2.2371261277401335,0.11650567651284525,1.6371261277401337,1.6362534781222704,1.0,C,0.0013583623950012224
apartment,C,60,800,0.02,0.2,0.2,,26,0.3,0.2,2.0,20,0,0.9348958333333334,0.91904296875,0.9850260416666666,260.0,1.0833333333333333,0.21666666666666667,51.52519445114725,0.037395833333333336,1.0338372930165587,50,2.2679400777682748,0.09226965337698453,1.6679400777682745,1.6605744058299174,1.0,C,0.0013552578125018045
apartment,C,60,800,0.02,0.2,0.2,,27,0.3,0.2,2.0,20,0,0.9479166666666666,0.9300455729166668,0.9850260416666666,240.0,1.0833333333333333,0.16666666666666666,53.836394774300736,0.03345833333333333,1.0596797671033478,55,2.1583092671566413,0.10192583517409783,1.5583092671566405,1.5127105155899834,1.0,C,0.0013848452599995653
apartment,C,60,800,0.02,0.2,0.2,,29,0.3,0.2,2.0,20,0,0.8541666666666666,0.84052734375,0.9459635416666666,200.0,1.2166666666666666,0.18333333333333332,46.7919884961836,0.034604166666666665,0.9548762736535662,40,2.4522714639909373,0.1754916006179531,1.8522714639909375,1.8562177316055553,1.0,C,0.0012412041149991637
apartment,C,60,800,0.02,0.2,0.2,,28,0.3,0.2,2.0,20,0,0.916015625,0.8940104166666668,0.9739583333333334,240.0,1.0166666666666666,0.36666666666666664,49.32607983483582,0.045020833333333336,1.0277574872169468,48,2.2770705968756997,0.10829294314393997,1.6770705968756996,1.6005792055852517,1.0,C,0.0014808399999992616
apartment,C,60,800,0.02,0.4,0.2,,0,0.3,0.2,2.0,20,0,0.90234375,0.875390625,0.9609375,220.0,1.1833333333333333,0.25,50.62869105924095,0.041916666666666665,1.0539923954372623,52,2.192228160299869,0.1672004262525767,1.59222816029987,1.6478340395912934,1.0,C,0.0013684377600020525
apartment,C,60,800,0.02,0.4,0.2,,2,0.3,0.2,2.0,20,0,0.8463541666666666,0.8212239583333334,0.94140625,220.0,1.0166666666666666,0.16666666666666666,45.762059026774644,0.034541666666666665,1.0038610038610039,42,2.3834373684896684,0.23469275202304454,1.7834373684896685,1.7577235036722496,1.0,C,0.0013127105724993272
apartment,C,60,800,0.02,0.4,0.2,,1,0.3,0.2,2.0,20,0,0.8990885416666666,0.8649088541666667,0.9596354166666666,220.0,1.3666666666666667,0.26666666666666666,48.558736299091024,0.04522916666666667,1.0582375478927202,47,2.2857010708445875,0.16323447037240468,1.6857010708445868,1.7359932556170472,1.0,C,0.0013455546875002255
apartment,C,60,800,0.02,0.4,0.2,,3,0.3,0.2,2.0,20,0,0.9186197916666666,0.8893880208333333,0.9772135416666666,260.0,1.4166666666666667,0.21666666666666667,49.510751317856304,0.03947916666666667,1.0467359050445104,49,2.292271476299655,0.14467447821232374,1.6922714762996556,1.57011965961502,1.0,C,0.0013488673950018892
apartment,C,60,800,0.02,0.4,0.2,,4,0.3,0.2,2.0,20,0,0.8977864583333334,0.8722005208333332,0.9765625,240.0,1.15,0.26666666666666666,49.52750238517053,0.04060416666666666,1.047872340425532,49,2.179588118821967,0.16121215606473732,1.5795881188219663,1.496945859806758,1.0,C,0.0013461873962501158
apartment,C,60,800,0.02,0.4,0.2,,5,0.3,0.2,2.0,20,0,0.9290364583333334,0.89892578125,0.986328125,280.0,1.3333333333333333,0.23333333333333334,49.253932345283765,0.044958333333333336,1.0484937545922115,48,2.3261382447338312,0.13079298931677558,1.7261382447338314,1.697075837297839,1.0,C,0.0013106738549981856
apartment,C,60,800,0.02,0.4,0.2,,6,0.3,0.2,2.0,20,0,0.8606770833333334,0.8540364583333332,0.970703125,220.0,1.2666666666666666,0.16666666666666666,45.778569739794975,0.042208333333333334,1.0192752505782576,42,2.3990487510657394,0.12704620900391156,1.7990487510657398,1.81596420079047,1.0,C,0.0012909713012504652
apartment,C,60,800,0.02,0.4,0.2,,7,0.3,0.2,2.0,20,0,0.869140625,0.8398763020833332,0.943359375,220.0,1.3666666666666667,0.21666666666666667,47.27339021635444,0.03954166666666667,1.0356865787432117,45,2.289376447450164,0.1856316408731245,1.6893764474501634,1.6794051268641357,1.0,C,0.0013271458337499099
apartment,C,60,800,0.02,0.4,0.2,,8,0.3,0.2,2.0,20,0,0.8990885416666666,0.8638020833333334,0.9674479166666666,220.0,1.3,0.21666666666666667,47.205601728422714,0.044270833333333336,1.0566182096403978,45,2.3011849875426225,0.13808016790166663,1.7011849875426224,1.747392181870071,1.0,C,0.0013240573962502822
apartment,C,60,800,0.02,0.4,0.2,,9,0.3,0.2,2.0,20,0,0.8235677083333334,0.8031901041666668,0.869140625,220.0,1.3833333333333333,0.18333333333333332,46.90369388542695,0.04870833333333333,0.9875097580015614,45,2.2524797307524933,0.11355519108854287,1.6524797307524937,1.7129404229369904,1.0,C,0.0013525432812502914
apartment,C,60,800,0.02,0.4,0.2,,11,0.3,0.2,2.0,20,0,0.900390625,0.8606119791666667,0.9583333333333334,240.0,1.15,0.26666666666666666,49.23644710092085,0.043708333333333335,1.0687789799072644,48,2.265163180035856,0.15004556068608127,1.665163180035856,1.5966068935959337,1.0,C,0.0013251581774989063
apartment,C,60,800,0.02,0.4,0.2,,10,0.3,0.2,2.0,20,0,0.8782552083333334,0.853125,0.9459635416666666,240.0,1.05,0.23333333333333334,49.34725049715579,0.0381875,1.0181132075471697,49,2.1911161056940864,0.2143253785735468,1.5911161056940868,1.5792349462577198,1.0,C,0.0014087582299998757
apartment,C,60,800,0.02,0.4,0.2,,12,0.3,0.2,2.0,20,0,0.89453125,0.86494140625,0.9596354166666666,240.0,1.3666666666666667,0.31666666666666665,49.257940060232755,0.04045833333333333,1.048854961832061,49,2.192603446468215,0.15900538144766727,1.5926034464682153,1.5985635697900906,1.0,C,0.0013732117712493164
apartment,C,60,800,0.02,0.4,0.2,,13,0.3,0.2,2.0,20,0,0.93359375,0.8995442708333332,0.98046875,240.0,1.1333333333333333,0.35,51.54612818608515,0.042375,1.053637031594416,52,2.15104568714079,0.14914397530648713,1.5510456871407903,1.546260381072217,1.0,C,0.00135766796875032
apartment,C,60,800,0.02,0.4,0.2,,14,0.3,0.2,2.0,20,0,0.8854166666666666,0.8476236979166668,0.9596354166666666,220.0,1.4666666666666666,0.2833333333333333,48.21756017602664,0.04579166666666667,1.0389610389610389,48,2.183945569248447,0.17960577846438122,1.5839455692484472,1.4449660579472052,1.0,C,0.0013987291149987868
apartment,C,60,800,0.02,0.4,0.2,,15,0.3,0.2,2.0,20,0,0.8763020833333334,0.83642578125,0.9361979166666666,240.0,1.2166666666666666,0.31666666666666665,49.0319980841911,0.04533333333333334,1.046656298600311,50,2.193054010804076,0.23085467409297622,1.5930540108040763,1.5111645821947954,1.0,C,0.0014214072400000077
apartment,C,60,800,0.02,0.4,0.2,,16,0.3,0.2,2.0,20,0,0.89453125,0.8650390625,0.9694010416666666,220.0,1.3666666666666667,0.23333333333333334,47.631509211245685,0.043958333333333335,1.0393343419062027,46,2.318992725895136,0.11422802115462435,1.718992725895136,1.725937109459823,1.0,C,0.0013678716662502666
apartment,C,60,800,0.02,0.4,0.2,,17,0.3,0.2,2.0,20,0,0.8736979166666666,0.8587239583333334,0.9453125,260.0,1.05,0.3333333333333333,47.02930895500049,0.04770833333333333,1.0174374526156178,46,2.303555220379723,0.15559690015254674,1.7035552203797226,1.6310391503075956,1.0,C,0.0013554259374996035
apartment,C,60,800,0.02,0.4,0.2,,20,0.3,0.2,2.0,20,0,0.875,0.8685221354166668,0.9466145833333334,240.0,1.2333333333333334,0.23333333333333334,47.75404436680131,0.03916666666666667,1.0197268588770865,44,2.32624729941015,0.1464019058023182,1.7262472994101499,1.7233496656831266,1.0,C,0.0013316232287502317
apartment,C,60,800,0.02,0.4,0.2,,19,0.3,0.2,2.0,20,0,0.9140625,0.8888997395833333,0.9609375,200.0,1.3166666666666667,0.21666666666666667,50.960500505695975,0.04139583333333333,1.073394495412844,52,2.1076046359263234,0.15026801593191205,1.5076046359263229,1.528545338276189,1.0,C,0.001413992707498437
apartment,C,60,800,0.02,0.4,0.2,,18,0.3,0.2,2.0,20,0,0.9322916666666666,0.90703125,0.986328125,220.0,1.15,0.35,50.31706382959148,0.034854166666666665,1.1057915057915058,50,2.1809920503083906,0.15575510010466379,1.5809920503083907,1.579841049757602,1.0,C,0.0014590643224983069
apartment,C,60,800,0.02,0.4,0.2,,21,0.3,0.2,2.0,20,0,0.8951822916666666,0.87509765625,0.9680989583333334,260.0,1.3166666666666667,0.1,47.67462412565814,0.03975,1.0385196374622356,46,2.34538688581214,0.1053329807162059,1.7453868858121395,1.7743506651963585,1.0,C,0.001359174062499733
apartment,C,60,800,0.02,0.4,0.2,,22,0.3,0.2,2.0,20,0,0.8938802083333334,0.8595703125,0.966796875,260.0,1.2166666666666666,0.21666666666666667,49.14080359131861,0.042104166666666665,1.040940106141016,49,2.2502653682672804,0.11003900593492377,1.6502653682672803,1.6928376741361215,1.0,C,0.0013976357812498464
apartment,C,60,800,0.02,0.4,0.2,,23,0.3,0.2,2.0,20,0,0.869140625,0.85654296875,0.94140625,220.0,1.2166666666666666,0.31666666666666665,48.60540556105286,0.03958333333333333,1.0144376899696048,47,2.2372502171720767,0.20363268479618832,1.6372502171720766,1.6388418658967936,1.0,C,0.0013736006249996536
apartment,C,60,800,0.02,0.4,0.2,,24,0.3,0.2,2.0,20,0,0.8958333333333334,0.8656575520833332,0.9654947916666666,240.0,1.15,0.23333333333333334,48.06762524679777,0.041958333333333334,1.0408472012102874,46,2.3707399054983833,0.14566503326457578,1.7707399054983826,1.8175810366432381,1.0,C,0.00133013713624905
apartment,C,60,800,0.02,0.4,0.2,,25,0.3,0.2,2.0,20,0,0.9205729166666666,0.8806315104166668,0.974609375,220.0,1.3166666666666667,0.3333333333333333,49.47044228543569,0.04047916666666666,1.10641627543036,50,2.158117808056079,0.16679347738852832,1.5581178080560785,1.552900921366732,1.0,C,0.0013774967187487163
apartment,C,60,800,0.02,0.4,0.2,,26,0.3,0.2,2.0,20,0,0.93359375,0.8713541666666668,0.9713541666666666,220.0,1.3166666666666667,0.3333333333333333,50.901575145994144,0.0428125,1.1211884284597342,54,2.182334216899287,0.1366470364782793,1.5823342168992862,1.6101155410572099,1.0,C,0.0014264322925009764
apartment,C,60,800,0.02,0.4,0.2,,28,0.3,0.2,2.0,20,0,0.896484375,0.8766276041666666,0.9537760416666666,240.0,1.0333333333333334,0.35,48.26196404552423,0.0478125,1.0423921271763816,46,2.30802614629132,0.10013423822207194,1.7080261462913202,1.6857613367047077,1.0,C,0.001328618228749292
apartment,C,60,800,0.02,0.4,0.2,,27,0.3,0.2,2.0,20,0,0.8483072916666666,0.8304687500000002,0.9368489583333334,240.0,1.3166666666666667,0.1,46.5995176870309,0.03970833333333333,1.0007680491551458,44,2.387449665851763,0.21573147699416187,1.787449665851763,1.6549997010761073,1.0,C,0.0013822616149991517
apartment,C,60,800,0.02,0.4,0.2,,29,0.3,0.2,2.0,20,0,0.9270833333333334,0.8768229166666666,0.9752604166666666,220.0,1.2166666666666666,0.5166666666666667,51.2126811912482,0.04060416666666666,1.1030209140201395,54,2.1321441488361725,0.16388437140473633,1.5321441488361727,1.4788024285785868,1.0,C,0.0013922547399988616
apartment,C,60,800,0.02,0.8,0.2,,0,0.3,0.2,2.0,20,0,0.86328125,0.8380208333333332,0.9388020833333334,240.0,1.3166666666666667,0.23333333333333334,47.06250340091591,0.04945833333333333,1.0667739340305713,47,2.2349934652987415,0.21449580437892338,1.634993465298741,1.5935052584656626,1.0,C,0.0013700060937503623
apartment,C,60,800,0.02,0.8,0.2,,1,0.3,0.2,2.0,20,0,0.8079427083333334,0.7758463541666667,0.8600260416666666,260.0,1.4333333333333333,0.21666666666666667,44.07063854272061,0.063,0.9959871589085073,43,2.2440972071740903,0.15099181643387685,1.6440972071740905,1.685428035745105,1.0,C,0.0013690644274993247
apartment,C,60,800,0.02,0.8,0.2,,2,0.3,0.2,2.0,20,0,0.8671875,0.8492513020833334,0.9498697916666666,260.0,1.3,0.18333333333333332,46.4325004718562,0.0501875,1.035769828926905,46,2.3744517134540577,0.20311083849725847,1.7744517134540576,1.6752595079273065,1.0,C,0.0014397985937512202
apartment,C,60,800,0.02,0.8,0.2,,3,0.3,0.2,2.0,20,0,0.8294270833333334,0.7993164062499999,0.8671875,320.0,1.4833333333333334,0.26666666666666666,45.326814365123454,0.052145833333333336,1.0391517128874388,46,2.20382415780323,0.16861573199749724,1.60382415780323,1.6505949367553403,1.0,C,0.001431332292499974
apartment,C,60,800,0.02,0.8,0.2,,4,0.3,0.2,2.0,20,0,0.8645833333333334,0.81943359375,0.9322916666666666,260.0,1.4666666666666666,0.26666666666666666,47.15052351991951,0.06579166666666666,1.097520661157025,50,2.17338873240287,0.21568535940777175,1.5733887324028697,1.5834786083356711,1.0,C,0.0014710715625005832
apartment,C,60,800,0.02,0.8,0.2,,5,0.3,0.2,2.0,20,0,0.8684895833333334,0.8256510416666668,0.9518229166666666,280.0,1.5666666666666667,0.2,46.78325211847305,0.06129166666666667,1.0578905630452022,48,2.2597214322505166,0.17918451747327763,1.6597214322505163,1.6043264133441737,1.0,C,0.0014246588537503158
apartment,C,60,800,0.02,0.8,0.2,,6,0.3,0.2,2.0,20,0,0.8880208333333334,0.8480794270833332,0.9440104166666666,260.0,1.2666666666666666,0.21666666666666667,48.723669563844936,0.05435416666666667,1.1,52,2.1287210433257155,0.2179637763925455,1.5287210433257152,1.4476495846132544,1.0,C,0.001449007448750308
apartment,C,60,800,0.02,0.8,0.2,,8,0.3,0.2,2.0,20,0,0.8346354166666666,0.8147135416666667,0.8743489583333334,280.0,1.4833333333333334,0.16666666666666666,45.13984774826204,0.063125,1.0166534496431403,44,2.2462694575496713,0.17758870976491198,1.6462694575496712,1.7029431263405883,1.0,C,0.0013888822924991472
apartment,C,60,800,0.02,0.8,0.2,,7,0.3,0.2,2.0,20,0,0.8561197916666666,0.8201171875,0.919921875,260.0,1.55,0.2833333333333333,47.660500555112975,0.054875,1.0362490149724193,49,2.163627397612798,0.22395817238975457,1.563627397612798,1.4887844086418904,1.0,C,0.001468433177501538
apartment,C,60,800,0.02,0.8,0.2,,9,0.3,0.2,2.0,20,0,0.8404947916666666,0.8042643229166668,0.8697916666666666,300.0,1.3833333333333333,0.26666666666666666,45.67367421360161,0.053020833333333336,1.0054517133956387,46,2.2040801801149144,0.1741755376023817,1.6040801801149143,1.5942342658270445,1.0,C,0.0014439403124993078
apartment,C,60,800,0.02,0.8,0.2,,10,0.3,0.2,2.0,20,0,0.8541666666666666,0.8286458333333334,0.9309895833333334,260.0,1.5666666666666667,0.3,46.59832249174606,0.059479166666666666,1.0404440919904838,47,2.2656994270412762,0.21688885973119693,1.6656994270412762,1.635199459809216,1.0,C,0.0014136022399998183
apartment,C,60,800,0.02,0.8,0.2,,11,0.3,0.2,2.0,20,0,0.892578125,0.8563151041666666,0.9479166666666666,260.0,1.3,0.13333333333333333,48.24334746157345,0.050458333333333334,1.0855106888361046,51,2.210565839304831,0.24637319436491587,1.6105658393048305,1.576806287697238,1.0,C,0.001457604375000301
apartment,C,60,800,0.02,0.8,0.2,,12,0.3,0.2,2.0,20,0,0.85546875,0.8294596354166666,0.935546875,260.0,1.3166666666666667,0.23333333333333334,47.17203819067889,0.05504166666666667,1.049520766773163,50,2.141892745703645,0.2755945932586586,1.5418927457036449,1.4218505782383128,1.0,C,0.0014911552087505696
apartment,C,60,800,0.02,0.8,0.2,,13,0.3,0.2,2.0,20,0,0.79296875,0.7666341145833332,0.8645833333333334,260.0,1.6166666666666667,0.11666666666666667,43.0958793093736,0.0654375,0.9814665592264302,39,2.3277055442695933,0.10913645503617599,1.7277055442695928,1.6349622005663926,1.0,C,0.0014458053637508783
apartment,C,60,800,0.02,0.8,0.2,,14,0.3,0.2,2.0,20,0,0.8782552083333334,0.83349609375,0.9381510416666666,260.0,1.3333333333333333,0.23333333333333334,48.11479082194548,0.0539375,1.0914239482200647,51,2.1995140738263363,0.20664245116558372,1.5995140738263363,1.4897999178094143,1.0,C,0.0015000165112496688
apartment,C,60,800,0.02,0.8,0.2,,16,0.3,0.2,2.0,20,0,0.876953125,0.83310546875,0.9453125,300.0,1.4166666666666667,0.26666666666666666,46.83673368704981,0.058645833333333335,1.0871670702179177,49,2.2051870830430262,0.24329368854874064,1.6051870830430257,1.5384193099596373,1.0,C,0.0014433953637512785
apartment,C,60,800,0.02,0.8,0.2,,15,0.3,0.2,2.0,20,0,0.82421875,0.8080078125,0.8645833333333334,280.0,1.1666666666666667,0.1,46.22916474452812,0.0609375,1.0193236714975846,49,2.0761391040421975,0.17034937936945438,1.4761391040421972,1.4233298635619671,1.0,C,0.0014693808325000645
apartment,C,60,800,0.02,0.8,0.2,,17,0.3,0.2,2.0,20,0,0.8782552083333334,0.8348958333333332,0.9329427083333334,260.0,1.4,0.23333333333333334,48.733449322427546,0.063,1.085277554304103,52,2.043560228359537,0.23333716434009774,1.4435602283595375,1.4496456213453737,1.0,C,0.0015194992187502975
apartment,C,60,800,0.02,0.8,0.2,,18,0.3,0.2,2.0,20,0,0.859375,0.8458984375,0.9348958333333334,260.0,1.35,0.23333333333333334,48.44370817597868,0.0425,1.0534716679968077,52,2.0546890998181833,0.24375811995706062,1.4546890998181836,1.4605690406455287,1.0,C,0.0014578991674989083
apartment,C,60,800,0.02,0.8,0.2,,19,0.3,0.2,2.0,20,0,0.8678385416666666,0.8447265625,0.9407552083333334,280.0,1.6,0.18333333333333332,46.70063719525295,0.058583333333333334,1.0655475619504395,49,2.2599418326444938,0.2353965792589156,1.6599418326444937,1.6384003477118756,1.0,C,0.001480772603749756
apartment,C,60,800,0.02,0.8,0.2,,20,0.3,0.2,2.0,20,0,0.875,0.82919921875,0.9381510416666666,260.0,1.6166666666666667,0.23333333333333334,47.42579682126601,0.0559375,1.0666666666666667,49,2.2259418582614527,0.2225277126577363,1.6259418582614522,1.5705902822548077,1.0,C,0.0014049935937509872
apartment,C,60,800,0.02,0.8,0.2,,21,0.3,0.2,2.0,20,0,0.8391927083333334,0.8094075520833334,0.8841145833333334,280.0,1.4166666666666667,0.13333333333333333,45.0134924249686,0.06460416666666667,1.0230158730158732,44,2.23153252874139,0.16789354022645067,1.6315325287413898,1.6198359967814837,1.0,C,0.0013652585937506956
apartment,C,60,800,0.02,0.8,0.2,,22,0.3,0.2,2.0,20,0,0.8828125,0.8593424479166666,0.9720052083333334,280.0,1.4666666666666666,0.16666666666666666,46.32392598623448,0.0586875,1.0865384615384615,48,2.1843974894968645,0.167259511627055,1.5843974894968647,1.5658926000575097,1.0,C,0.0014482389062504808
apartment,C,60,800,0.02,0.8,0.2,,23,0.3,0.2,2.0,20,0,0.8346354166666666,0.8142252604166667,0.9069010416666666,260.0,1.4166666666666667,0.2833333333333333,47.27688147616574,0.050604166666666665,1.0272435897435896,49,2.1277756938665338,0.21330165603739384,1.5277756938665334,1.4368885328212984,1.0,C,0.0014378590625005927
apartment,C,60,800,0.02,0.8,0.2,,24,0.3,0.2,2.0,20,0,0.857421875,0.835546875,0.931640625,300.0,1.4833333333333334,0.25,46.67309669692447,0.06954166666666667,1.0485668789808917,47,2.2319267303608905,0.23917897783020844,1.6319267303608904,1.6340788912053141,1.0,C,0.001406195052500152
apartment,C,60,800,0.02,0.8,0.2,,25,0.3,0.2,2.0,20,0,0.9088541666666666,0.8634114583333334,0.9733072916666666,240.0,1.3166666666666667,0.26666666666666666,47.689039863760875,0.05408333333333333,1.1167999999999998,50,2.1574103349068996,0.16168602497070897,1.5574103349068995,1.4516597787698893,1.0,C,0.0014418427074997452
apartment,C,60,800,0.02,0.8,0.2,,26,0.3,0.2,2.0,20,0,0.9016927083333334,0.8530598958333332,0.9661458333333334,240.0,1.6,0.3,46.967183668790376,0.0553125,1.1178369652945925,49,2.217071444260925,0.17575919666654372,1.6170714442609249,1.5757917102047547,1.0,C,0.00148675520875031
apartment,C,60,800,0.02,0.8,0.2,,27,0.3,0.2,2.0,20,0,0.8938802083333334,0.8439127604166667,0.9420572916666666,240.0,1.4833333333333334,0.31666666666666665,49.335158119551465,0.051895833333333335,1.1217320261437909,54,2.1062504417452335,0.19535252772319542,1.5062504417452331,1.4529675009169583,1.0,C,0.0014816253637491173
apartment,C,60,800,0.02,0.8,0.2,,28,0.3,0.2,2.0,20,0,0.8763020833333334,0.83720703125,0.9407552083333334,260.0,1.2833333333333334,0.18333333333333332,47.92743377401853,0.057791666666666665,1.0573448546739985,49,2.114233581376443,0.2365288334349383,1.514233581376443,1.4805021376448995,1.0,C,0.0014121652600010749
apartment,C,60,800,0.02,0.8,0.2,,29,0.3,0.2,2.0,20,0,0.8444010416666666,0.8140625000000001,0.8743489583333334,260.0,1.4833333333333334,0.31666666666666665,45.327280303354186,0.057875,1.0400962309542903,45,2.285823858869111,0.18537306241378673,1.6858238588691108,1.7290960869951122,1.0,C,0.001414198697500524
rubble,C,60,800,0.02,0.0,0.2,,0,0.3,0.2,2.0,20,0,0.8051675977653632,0.756913407821229,0.8722067039106145,240.0,1.1666666666666667,0.95,47.11012146394918,0.04664583333333333,1.062672811059908,47,2.2025933336595416,0.23106728462412288,1.6025933336595413,1.492940610804863,1.0,C,0.0013684554687506533
rubble,C,60,800,0.02,0.0,0.2,,1,0.3,0.2,2.0,20,0,0.8310055865921788,0.7900837988826814,0.8847765363128491,280.0,1.1833333333333333,0.9333333333333333,47.05736734768729,0.05625,1.1840796019900497,51,2.0982465128691135,0.2006361266469894,1.498246512869113,1.3948900163136866,1.0,C,0.0014178667712485549
rubble,C,60,800,0.02,0.0,0.2,,2,0.3,0.2,2.0,20,0,0.8023743016759777,0.766340782122905,0.8819832402234636,300.0,1.1,0.8833333333333333,46.563449102251134,0.049958333333333334,1.093244529019981,49,2.0660404746143564,0.2509264836781081,1.4660404746143567,1.4077599748501362,1.0,C,0.0014259390112511027
rubble,C,60,800,0.02,0.0,0.2,,3,0.3,0.2,2.0,20,0,0.789804469273743,0.7793645251396648,0.86731843575419,260.0,1.35,0.7666666666666667,47.5309265488192,0.05439583333333333,1.018918918918919,49,2.0472793024865865,0.18774200214582168,1.4472793024865866,1.4437798164625733,1.0,C,0.0014414331774992206
rubble,C,60,800,0.02,0.0,0.2,,4,0.3,0.2,2.0,20,0,0.8065642458100558,0.7662709497206704,0.8708100558659218,320.0,1.35,0.7666666666666667,47.11589166051281,0.069,1.0744186046511628,50,2.0300996481177176,0.2378259514537481,1.4300996481177173,1.4307101383074008,1.0,C,0.0014671724475010706
rubble,C,60,800,0.02,0.0,0.2,,5,0.3,0.2,2.0,20,0,0.7918994413407822,0.7604748603351955,0.8624301675977654,280.0,1.4833333333333334,0.8666666666666667,46.60101746740636,0.06695833333333333,1.0509731232622799,46,2.091952097883716,0.2492740526245034,1.4919520978837155,1.3765381942946027,1.0,C,0.0014547936462508916
rubble,C,60,800,0.02,0.0,0.2,,7,0.3,0.2,2.0,20,0,0.8002793296089385,0.7649790502793297,0.8798882681564246,300.0,1.2666666666666666,0.6666666666666666,46.57804567722376,0.060645833333333336,0.9887834339948232,47,2.115980041496655,0.21410894515540863,1.5159800414966544,1.383820512402501,1.0,C,0.0014026536974984082
rubble,C,60,800,0.02,0.0,0.2,,6,0.3,0.2,2.0,20,0,0.8247206703910615,0.7495111731843574,0.8819832402234636,280.0,1.6,0.6,47.146916342137466,0.0739375,1.056350626118068,51,2.0612234459590066,0.2380100911691109,1.4612234459590063,1.4353737702285012,1.0,C,0.0015134244787509488
rubble,C,60,800,0.02,0.0,0.2,,8,0.3,0.2,2.0,20,0,0.7884078212290503,0.7670740223463686,0.8868715083798883,300.0,1.2833333333333334,0.8333333333333334,45.178466835994676,0.0733125,1.0053428317008015,46,2.1901665219286297,0.2053797097569434,1.5901665219286292,1.621831119983594,1.0,C,0.0014624038537499474
rubble,C,60,800,0.02,0.0,0.2,,9,0.3,0.2,2.0,20,0,0.803072625698324,0.7651187150837988,0.8659217877094972,320.0,1.1666666666666667,0.7833333333333333,45.313921734749506,0.057354166666666664,1.0757717492984098,46,2.1103293559579317,0.2449023163292352,1.5103293559579323,1.480969606399976,1.0,C,0.0014496190625004602
rubble,C,60,800,0.02,0.0,0.2,,10,0.3,0.2,2.0,20,0,0.8044692737430168,0.7559357541899441,0.8994413407821229,280.0,1.2833333333333334,0.9833333333333333,46.542661308198305,0.0599375,1.0397111913357402,47,2.197061370219433,0.21765532673381963,1.5970613702194334,1.59678419451074,1.0,C,0.0014064391150009215
rubble,C,60,800,0.02,0.0,0.2,,11,0.3,0.2,2.0,20,0,0.8226256983240223,0.7809008379888269,0.8833798882681564,260.0,1.4666666666666666,0.7666666666666667,48.02105818377332,0.058854166666666666,1.122974261201144,51,2.1115010948335793,0.19185295932271595,1.5115010948335788,1.4354305453691487,1.0,C,0.001437460728750466
rubble,C,60,800,0.02,0.0,0.2,,12,0.3,0.2,2.0,20,0,0.7856145251396648,0.7577513966480447,0.8777932960893855,300.0,1.2166666666666666,0.7333333333333333,46.019539412457014,0.050916666666666666,1.0397412199630314,47,2.1666897117600032,0.21629083225549192,1.5666897117600034,1.4516359984728382,1.0,C,0.00139028343749942
rubble,C,60,800,0.02,0.0,0.2,,13,0.3,0.2,2.0,20,0,0.821927374301676,0.7939944134078213,0.8980446927374302,280.0,1.6833333333333333,0.6166666666666667,45.4454405595859,0.06770833333333333,1.0641952983725136,46,2.167424298299372,0.20833047485188935,1.567424298299372,1.4862893245488675,1.0,C,0.0014394695312489603
rubble,C,60,800,0.02,0.0,0.2,,14,0.3,0.2,2.0,20,0,0.8282122905027933,0.7774790502793297,0.880586592178771,300.0,1.3666666666666667,0.9333333333333333,47.10730675001913,0.07220833333333333,1.108411214953271,51,2.1057749159389294,0.245063473471814,1.5057749159389298,1.3513494181936574,1.0,C,0.0014548847400010344
rubble,C,60,800,0.02,0.0,0.2,,15,0.3,0.2,2.0,20,0,0.7143854748603352,0.6768854748603353,0.8261173184357542,240.0,1.6166666666666667,0.9,46.2475887890873,0.06477083333333333,0.9489795918367346,46,2.025770607398935,0.26490590063066877,1.4257706073989345,1.3161828715503086,1.0,C,0.001361179583750527
rubble,C,60,800,0.02,0.0,0.2,,16,0.3,0.2,2.0,20,0,0.8268156424581006,0.7708100558659219,0.8854748603351955,260.0,1.3833333333333333,0.8833333333333333,47.52585911500659,0.059166666666666666,1.1169811320754717,50,2.1120375510306215,0.2277979523666759,1.5120375510306214,1.5112467126500861,1.0,C,0.0013904292699999132
rubble,C,60,800,0.02,0.0,0.2,,17,0.3,0.2,2.0,20,0,0.8358938547486033,0.8165153631284918,0.9057262569832403,280.0,1.2,0.7333333333333333,47.978545034555864,0.056875,1.0862068965517242,50,2.1630029765040097,0.21311639670894578,1.5630029765040094,1.4592716892518087,1.0,C,0.0013831227600007879
rubble,C,60,800,0.02,0.0,0.2,,18,0.3,0.2,2.0,20,0,0.8344972067039106,0.8059357541899441,0.8840782122905028,280.0,1.55,0.7833333333333333,45.98617029753786,0.06216666666666667,1.0510114335971856,44,2.2769845755811673,0.16683553821429867,1.6769845755811672,1.6219042185605672,1.0,C,0.0013563872912504848
rubble,C,60,800,0.02,0.0,0.2,,19,0.3,0.2,2.0,20,0,0.8205307262569832,0.7641759776536313,0.8791899441340782,300.0,1.3666666666666667,0.7833333333333333,45.851996904701195,0.06404166666666666,1.0829493087557605,48,2.1509479652382026,0.23923125185374014,1.550947965238203,1.4998479950022894,1.0,C,0.001445312916250714
rubble,C,60,800,0.02,0.0,0.2,,20,0.3,0.2,2.0,20,0,0.8107541899441341,0.7892458100558659,0.8931564245810056,300.0,1.6666666666666667,0.7833333333333333,48.00501231235441,0.08227083333333333,1.069060773480663,54,1.953864087709992,0.24838124986739502,1.3538640877099923,1.3193788850864643,1.0,C,0.0015324507812511001
rubble,C,60,800,0.02,0.0,0.2,,21,0.3,0.2,2.0,20,0,0.784217877094972,0.7640013966480448,0.880586592178771,280.0,1.8166666666666667,0.65,44.91904478241962,0.0720625,1.0190562613430127,44,2.1958161178935742,0.1563283239508264,1.5958161178935746,1.5249466982021516,1.0,C,0.0013910869787514457
rubble,C,60,800,0.02,0.0,0.2,,22,0.3,0.2,2.0,20,0,0.8065642458100558,0.775872905027933,0.8798882681564246,260.0,1.2333333333333334,1.0,47.570215167304454,0.05358333333333333,1.0804490177736201,49,2.080715988735392,0.2297558005287096,1.4807159887353916,1.4931076059456427,1.0,C,0.0013982461462501306
rubble,C,60,800,0.02,0.0,0.2,,24,0.3,0.2,2.0,20,0,0.8121508379888268,0.7759427374301675,0.9057262569832403,320.0,1.6666666666666667,0.55,44.23397875311701,0.07333333333333333,1.013949433304272,44,2.1973612719050184,0.203384298507626,1.5973612719050188,1.646120553217996,1.0,C,0.0014250293750001218
rubble,C,60,800,0.02,0.0,0.2,,23,0.3,0.2,2.0,20,0,0.8135474860335196,0.7398393854748603,0.8743016759776536,320.0,1.4833333333333334,0.8833333333333333,45.7003927557412,0.07341666666666667,1.127783155856728,49,2.078382538864429,0.2543393941402542,1.4783825388644287,1.3892206431627865,1.0,C,0.0015198888537497623
rubble,C,60,800,0.02,0.0,0.2,,25,0.3,0.2,2.0,20,0,0.8645251396648045,0.8213687150837989,0.8994413407821229,280.0,1.55,0.7166666666666667,48.006689275228545,0.07483333333333334,1.149489322191272,54,2.0157377546712443,0.22466036472438863,1.415737754671244,1.2775936718506287,1.0,C,0.001545230833748974
rubble,C,60,800,0.02,0.0,0.2,,26,0.3,0.2,2.0,20,0,0.8393854748603352,0.7897695530726258,0.8896648044692738,300.0,0.9333333333333333,1.0833333333333333,47.75618260933168,0.04791666666666667,1.1171003717472119,51,2.05668788067818,0.22425448343829002,1.4566878806781802,1.3859616971674704,1.0,C,0.0013680016662488016
rubble,C,60,800,0.02,0.0,0.2,,27,0.3,0.2,2.0,20,0,0.8002793296089385,0.7635474860335194,0.880586592178771,320.0,1.2,0.8833333333333333,46.12660666094702,0.053,1.0710280373831775,48,2.1177786324866923,0.21066148114035307,1.5177786324866924,1.503122989093638,1.0,C,0.0013986669787482242
rubble,C,60,800,0.02,0.0,0.2,,28,0.3,0.2,2.0,20,0,0.8428770949720671,0.7806564245810057,0.8910614525139665,220.0,1.6333333333333333,0.8333333333333334,47.528430100579364,0.07779166666666666,1.141911069063387,51,2.1224511291292565,0.21355315892692703,1.5224511291292568,1.5094840921833739,1.0,C,0.0015001271362507396
rubble,C,60,800,0.02,0.1,0.2,,0,0.3,0.2,2.0,20,0,0.7758379888268156,0.7476256983240223,0.8938547486033519,300.0,1.3,0.85,44.15877516845406,0.04945833333333333,1.006340579710145,42,2.2727104831007967,0.20641244074775236,1.6727104831007966,1.7012104943562596,1.0,C,0.0013419380737491337
rubble,C,60,800,0.02,0.0,0.2,,29,0.3,0.2,2.0,20,0,0.8212290502793296,0.7931913407821229,0.8945530726256983,320.0,1.25,0.8,47.089051067205176,0.0610625,1.0929368029739777,51,2.0663820533950834,0.2202690583755502,1.4663820533950833,1.3834161920280006,1.0,C,0.0014611253124985524
rubble,C,60,800,0.02,0.1,0.2,,1,0.3,0.2,2.0,20,0,0.7541899441340782,0.7072276536312849,0.8317039106145251,300.0,1.1,0.8333333333333334,44.78034685614569,0.06022916666666667,1.0246679316888045,45,2.027450220983907,0.25895674960732945,1.4274502209839073,1.3204161545283868,1.0,C,0.0014158041137511646
rubble,C,60,800,0.02,0.1,0.2,,3,0.3,0.2,2.0,20,0,0.7946927374301676,0.7694483240223465,0.8819832402234636,260.0,1.2166666666666666,0.55,46.76035103895483,0.04429166666666667,1.0430797433547203,45,2.1710632502326814,0.17661569288855675,1.5710632502326816,1.4783842309003217,1.0,C,0.0013972023437486313
rubble,C,60,800,0.02,0.1,0.2,,2,0.3,0.2,2.0,20,0,0.8331005586592178,0.7815642458100558,0.8896648044692738,280.0,1.25,0.9,47.317891902274326,0.058208333333333334,1.0718778077268643,49,2.1310874135077507,0.22715985611150455,1.5310874135077503,1.4155425219647544,1.0,C,0.001443144375000429
rubble,C,60,800,0.02,0.1,0.2,,4,0.3,0.2,2.0,20,0,0.8016759776536313,0.7705656424581007,0.8631284916201117,280.0,1.3166666666666667,0.95,46.44228315692411,0.06835416666666666,1.054178145087236,48,2.0707494229964416,0.2320222369585256,1.4707494229964417,1.5542776254177835,1.0,C,0.0014186256774996763
rubble,C,60,800,0.02,0.1,0.2,,5,0.3,0.2,2.0,20,0,0.75768156424581,0.7100558659217878,0.848463687150838,320.0,1.75,0.7833333333333333,43.73758412432532,0.0685625,1.0009225092250922,42,2.2819651815550697,0.20821659713880897,1.6819651815550696,1.5682498294446097,1.0,C,0.0013733342699993045
rubble,C,60,800,0.02,0.1,0.2,,6,0.3,0.2,2.0,20,0,0.7988826815642458,0.7644203910614524,0.8596368715083799,300.0,1.5666666666666667,0.8666666666666667,46.03483770012471,0.07333333333333333,1.0731707317073171,48,2.1753367554323897,0.14282027104102255,1.5753367554323896,1.5684477993440382,1.0,C,0.0014611631249999847
rubble,C,60,800,0.02,0.1,0.2,,8,0.3,0.2,2.0,20,0,0.776536312849162,0.7413058659217878,0.8568435754189944,320.0,1.35,0.6833333333333333,43.40339281455176,0.05454166666666667,1.0072463768115942,41,2.318252314455546,0.2062344397948296,1.7182523144555455,1.669281194834384,1.0,C,0.0013305659375009782
rubble,C,60,800,0.02,0.1,0.2,,7,0.3,0.2,2.0,20,0,0.8233240223463687,0.7830656424581006,0.8819832402234636,340.0,1.4666666666666666,1.0,47.5762224471381,0.06847916666666666,1.0545617173524149,51,2.0757450525402166,0.2301851196876994,1.4757450525402167,1.4101321041067676,1.0,C,0.0014192308850010703
rubble,C,60,800,0.02,0.1,0.2,,9,0.3,0.2,2.0,20,0,0.7332402234636871,0.7154329608938548,0.8477653631284916,280.0,1.2333333333333334,0.7166666666666667,45.580475371197274,0.0515625,0.967741935483871,45,2.135024907627965,0.19486046261326545,1.535024907627965,1.439031711824292,1.0,C,0.0013676022925005781
rubble,C,60,800,0.02,0.1,0.2,,10,0.3,0.2,2.0,20,0,0.789804469273743,0.7631634078212292,0.8924581005586593,320.0,1.25,1.0333333333333334,47.02852264726983,0.05560416666666667,1.0226039783001808,49,2.030268305458194,0.20073066475880713,1.4302683054581937,1.3556631757141142,1.0,C,0.0014120992712491898
rubble,C,60,800,0.02,0.1,0.2,,12,0.3,0.2,2.0,20,0,0.8268156424581006,0.7892458100558659,0.8903631284916201,280.0,1.2833333333333334,0.8666666666666667,47.40430622293871,0.0583125,1.074410163339383,49,2.1783760785372537,0.24248931782185357,1.5783760785372538,1.4141737651463058,1.0,C,0.0013822057287484312
rubble,C,60,800,0.02,0.1,0.2,,11,0.3,0.2,2.0,20,0,0.8198324022346368,0.7575768156424582,0.8875698324022346,340.0,1.4,0.7666666666666667,46.573014749672915,0.06133333333333333,1.0800367985280588,51,2.112788962502762,0.2239843245324403,1.512788962502762,1.4439615606289071,1.0,C,0.0015035234899983152
rubble,C,60,800,0.02,0.1,0.2,,14,0.3,0.2,2.0,20,0,0.8114525139664804,0.7646298882681565,0.8743016759776536,260.0,1.5833333333333333,0.7333333333333333,45.38364618554376,0.07904166666666666,1.1024667931688805,46,2.1615360979407745,0.16996818623211818,1.5615360979407746,1.5071528565628887,1.0,C,0.001396002082499308
rubble,C,60,800,0.02,0.1,0.2,,13,0.3,0.2,2.0,20,0,0.8212290502793296,0.7915153631284917,0.8847765363128491,300.0,1.7166666666666666,0.7333333333333333,46.04963822812876,0.07610416666666667,1.093953488372093,46,2.2022560027989413,0.23106001852619154,1.602256002798941,1.4995639933178053,1.0,C,0.0014336964062499646
rubble,C,60,800,0.02,0.1,0.2,,15,0.3,0.2,2.0,20,0,0.8247206703910615,0.7956354748603351,0.9127094972067039,300.0,1.5,0.6833333333333333,48.193872049042234,0.059229166666666666,1.0955473098330242,54,1.9924531134580332,0.18904686057889888,1.3924531134580334,1.3914520204470324,1.0,C,0.0014738931774991215
rubble,C,60,800,0.02,0.1,0.2,,17,0.3,0.2,2.0,20,0,0.8303072625698324,0.7896997206703912,0.8924581005586593,300.0,1.1166666666666667,0.75,46.82457111946355,0.06416666666666666,1.0908256880733946,49,2.0706788145109303,0.22165607727697434,1.47067881451093,1.3618081938139266,1.0,C,0.0014573680212492945
rubble,C,60,800,0.02,0.1,0.2,,16,0.3,0.2,2.0,20,0,0.8240223463687151,0.8076815642458101,0.8931564245810056,300.0,1.5166666666666666,0.65,46.231593551808274,0.07714583333333333,1.0582959641255605,49,2.1418278037153153,0.1781946335267035,1.5418278037153157,1.3893807178630735,1.0,C,0.0014994996874997924
rubble,C,60,800,0.02,0.1,0.2,,18,0.3,0.2,2.0,20,0,0.8058659217877095,0.750872905027933,0.8575418994413407,300.0,1.5666666666666667,0.6833333333333333,44.59016308999083,0.07885416666666667,1.0764925373134329,45,2.179408902984764,0.2032420277942736,1.5794089029847638,1.5228610761532284,1.0,C,0.0014508547387504223
rubble,C,60,800,0.02,0.1,0.2,,19,0.3,0.2,2.0,20,0,0.7807262569832403,0.7564594972067038,0.8638268156424581,280.0,1.35,0.6166666666666667,44.689202651729765,0.05589583333333333,1.0448598130841122,44,2.222000265200863,0.2215729121812595,1.622000265200863,1.5399954057547298,1.0,C,0.0013965630737493484
rubble,C,60,800,0.02,0.1,0.2,,20,0.3,0.2,2.0,20,0,0.8121508379888268,0.7788407821229051,0.8910614525139665,320.0,1.4166666666666667,0.55,43.63888387772356,0.071875,1.0659945004582951,44,2.2538682702266146,0.21302194283939696,1.6538682702266143,1.7046063878498543,1.0,C,0.0014614366149999114
rubble,C,60,800,0.02,0.1,0.2,,21,0.3,0.2,2.0,20,0,0.8100558659217877,0.7596368715083798,0.8763966480446927,280.0,1.4666666666666666,0.75,46.354946126614124,0.06752083333333334,1.0574293527803098,47,2.1113040745643823,0.25815709781507545,1.511304074564382,1.4298706571177542,1.0,C,0.001498940572498668
rubble,C,60,800,0.02,0.1,0.2,,22,0.3,0.2,2.0,20,0,0.8233240223463687,0.7744762569832402,0.8812849162011173,280.0,1.1333333333333333,0.85,48.48359900575248,0.049770833333333334,1.0906567992599445,54,2.035402256944877,0.22343093882646098,1.4354022569448768,1.3296576701002232,1.0,C,0.0014452364062503874
rubble,C,60,800,0.02,0.1,0.2,,23,0.3,0.2,2.0,20,0,0.8282122905027933,0.7835544692737431,0.8896648044692738,260.0,1.4666666666666666,0.8833333333333333,48.18677873135052,0.0673125,1.1032558139534885,52,2.0166206102280557,0.24220697990727988,1.4166206102280559,1.4045342816007136,1.0,C,0.0014707667187508378
rubble,C,60,800,0.02,0.1,0.2,,24,0.3,0.2,2.0,20,0,0.8226256983240223,0.7958449720670391,0.888268156424581,300.0,1.45,0.6666666666666666,47.443018965233854,0.07914583333333333,1.0670289855072463,51,2.055258008723862,0.24188099025089377,1.4552580087238616,1.4455214267367231,1.0,C,0.0015057258862498201
rubble,C,60,800,0.02,0.1,0.2,,26,0.3,0.2,2.0,20,0,0.8247206703910615,0.7866620111731842,0.8931564245810056,280.0,1.0666666666666667,0.8333333333333334,46.60686327635459,0.049375,1.1290630975143403,47,2.1236363718035096,0.22749733557763355,1.5236363718035095,1.5047664278889137,1.0,C,0.0013817494787485883
rubble,C,60,800,0.02,0.1,0.2,,25,0.3,0.2,2.0,20,0,0.7569832402234636,0.7426675977653632,0.8875698324022346,280.0,1.5,0.6333333333333333,44.055768141689,0.0714375,0.9567519858781993,43,2.2058377952647867,0.20246821619592179,1.6058377952647866,1.4976784045386067,1.0,C,0.0014348148437511555
rubble,C,60,800,0.02,0.1,0.2,,27,0.3,0.2,2.0,20,0,0.7939944134078212,0.770949720670391,0.8687150837988827,280.0,1.2833333333333334,0.6166666666666667,47.052414998904425,0.05408333333333333,1.0676056338028168,49,2.028085080754878,0.219355677067489,1.4280850807548775,1.4656315472245103,1.0,C,0.0014129914062505121
rubble,C,60,800,0.02,0.1,0.2,,28,0.3,0.2,2.0,20,0,0.7918994413407822,0.7774790502793296,0.8743016759776536,300.0,1.4666666666666666,0.8166666666666667,46.35878244651088,0.07135416666666666,1.0598130841121496,50,2.0737391445919067,0.19524569051827717,1.473739144591907,1.420223687216693,1.0,C,0.0014951083849996394
rubble,C,60,800,0.02,0.1,0.2,,29,0.3,0.2,2.0,20,0,0.7918994413407822,0.7752793296089385,0.8736033519553073,300.0,1.2666666666666666,0.7666666666666667,46.55306853617073,0.057708333333333334,1.0115967885816237,47,2.101407215686881,0.25475600236433626,1.5014072156868798,1.4028690760044396,1.0,C,0.0014098840625001686
rubble,C,60,800,0.02,0.2,0.2,,1,0.3,0.2,2.0,20,0,0.8135474860335196,0.7871159217877095,0.8931564245810056,320.0,1.35,0.7166666666666667,46.67716182556938,0.0545,1.0980207351555136,49,2.07463322801778,0.23652499965540907,1.4746332280177803,1.5149232294200696,1.0,C,0.0014219356774992774
rubble,C,60,800,0.02,0.2,0.2,,0,0.3,0.2,2.0,20,0,0.8170391061452514,0.7604748603351956,0.8875698324022346,260.0,1.2166666666666666,0.8,45.97391003101825,0.0600625,1.1069063386944182,48,2.1946550775767193,0.22023491171111062,1.594655077576719,1.4303448394173108,1.0,C,0.0014441236462494089
rubble,C,60,800,0.02,0.2,0.2,,2,0.3,0.2,2.0,20,0,0.7779329608938548,0.7286312849162011,0.8603351955307262,240.0,1.3166666666666667,0.8833333333333333,45.988114661278246,0.05633333333333333,1.0680728667305848,48,2.1171397516485806,0.24442199120998556,1.5171397516485807,1.403096190007552,1.0,C,0.0014570999474995006
rubble,C,60,800,0.02,0.2,0.2,,3,0.3,0.2,2.0,20,0,0.8170391061452514,0.7748603351955308,0.8833798882681564,280.0,1.1666666666666667,0.7,46.63897456789473,0.04895833333333333,1.078341013824885,48,2.1499913952451557,0.22061648151111715,1.5499913952451554,1.466591328114105,1.0,C,0.0013586764587512335
rubble,C,60,800,0.02,0.2,0.2,,5,0.3,0.2,2.0,20,0,0.63268156424581,0.6306913407821229,0.7779329608938548,320.0,1.65,0.8666666666666667,41.637269548122546,0.06652083333333333,0.8821811100292112,38,2.2186246047581584,0.24369453357142426,1.6186246047581576,1.501542925111204,1.0,C,0.001328851250000298
rubble,C,60,800,0.02,0.2,0.2,,4,0.3,0.2,2.0,20,0,0.8149441340782123,0.7625000000000001,0.88268156424581,280.0,1.3333333333333333,0.5833333333333334,45.121765076472904,0.06127083333333333,1.1286266924564798,48,2.1294370630583255,0.2592076925191233,1.5294370630583254,1.3658256514912888,1.0,C,0.0014215705737501594
rubble,C,60,800,0.02,0.2,0.2,,6,0.3,0.2,2.0,20,0,0.8058659217877095,0.7778282122905029,0.8854748603351955,300.0,1.75,0.7833333333333333,44.649223620157564,0.07241666666666667,1.0785046728971963,47,2.1235750618661386,0.20452373382995573,1.523575061866139,1.5442002963650223,1.0,C,0.001428412082500472
rubble,C,60,800,0.02,0.2,0.2,,7,0.3,0.2,2.0,20,0,0.789804469273743,0.7635474860335195,0.8680167597765364,280.0,1.5666666666666667,0.8,46.012342411907994,0.059125,1.0560224089635855,45,2.1370746177754865,0.22469728440649636,1.5370746177754862,1.4596638762847798,1.0,C,0.0013520890099994176
rubble,C,60,800,0.02,0.2,0.2,,8,0.3,0.2,2.0,20,0,0.7213687150837989,0.6763268156424581,0.7988826815642458,260.0,1.1833333333333333,0.6,45.002251468311805,0.062375,1.0,48,2.033356331318237,0.22610334411526425,1.4333563313182367,1.443302201491225,1.0,C,0.0014210658862498348
rubble,C,60,800,0.02,0.2,0.2,,9,0.3,0.2,2.0,20,0,0.8282122905027933,0.7696578212290504,0.8868715083798883,240.0,1.3,0.9166666666666666,46.39548210273593,0.05570833333333333,1.1241706161137441,50,2.1746360282765336,0.25098684953094325,1.5746360282765335,1.3701734251727455,1.0,C,0.0014457761449989449
rubble,C,60,800,0.02,0.2,0.2,,10,0.3,0.2,2.0,20,0,0.75768156424581,0.7116270949720671,0.8610335195530726,300.0,1.0833333333333333,1.0333333333333334,44.57844531326709,0.0541875,1.0255198487712665,46,2.1199711228722014,0.2010499466845266,1.5199711228722008,1.4840682913827645,1.0,C,0.0014844563537508293
rubble,C,60,800,0.02,0.2,0.2,,11,0.3,0.2,2.0,20,0,0.8400837988826816,0.8015712290502794,0.895949720670391,280.0,1.2333333333333334,0.75,48.055439149813544,0.05622916666666666,1.1327683615819208,54,1.9539322966268287,0.2605237215121903,1.353932296626829,1.2996544900756588,1.0,C,0.0014699692187491564
rubble,C,60,800,0.02,0.2,0.2,,12,0.3,0.2,2.0,20,0,0.7206703910614525,0.7016410614525139,0.8435754189944135,320.0,1.3333333333333333,0.6166666666666667,42.69332913268353,0.048791666666666664,0.9875598086124401,42,2.1956367623338005,0.3044332512288565,1.5956367623338001,1.3953736596309168,1.0,C,0.0013281801049993191
rubble,C,60,800,0.02,0.2,0.2,,13,0.3,0.2,2.0,20,0,0.8337988826815642,0.8031424581005586,0.9036312849162011,280.0,1.55,0.85,47.326140002204596,0.08083333333333333,1.149181905678537,51,2.1149303341576524,0.1996611275524793,1.5149303341576528,1.4302822190961568,1.0,C,0.0014719266662496012
rubble,C,60,800,0.02,0.2,0.2,,14,0.3,0.2,2.0,20,0,0.8247206703910615,0.7886522346368714,0.8924581005586593,280.0,1.6666666666666667,0.9166666666666666,46.976199363623884,0.07247916666666666,1.1131008482563618,50,2.076993198470481,0.2522993837284286,1.4769931984704812,1.572065075263231,1.0,C,0.0014912176050006565
rubble,C,60,800,0.02,0.2,0.2,,15,0.3,0.2,2.0,20,0,0.784217877094972,0.7619064245810055,0.8638268156424581,300.0,1.4666666666666666,0.9,45.337365723735864,0.0633125,1.0624408703878903,48,2.064213521644751,0.1772633401138608,1.4642135216447514,1.3546378742078056,1.0,C,0.0014097854162491786
rubble,C,60,800,0.02,0.2,0.2,,16,0.3,0.2,2.0,20,0,0.7430167597765364,0.7081703910614525,0.8337988826815642,280.0,1.3666666666666667,0.5,44.66134841906153,0.06108333333333334,1.0133333333333334,47,1.98576475296932,0.2274924163707369,1.38576475296932,1.4128416886564859,1.0,C,0.0014883226049983024
rubble,C,60,800,0.02,0.2,0.2,,17,0.3,0.2,2.0,20,0,0.7946927374301676,0.7719273743016759,0.8910614525139665,300.0,1.1666666666666667,0.8166666666666667,46.670728655887764,0.056354166666666664,1.0556586270871984,52,1.9491414826843714,0.20088882024247678,1.3491414826843713,1.3908047670795738,1.0,C,0.0014547151562510408
rubble,C,60,800,0.02,0.2,0.2,,19,0.3,0.2,2.0,20,0,0.7011173184357542,0.6487779329608939,0.8023743016759777,320.0,1.2666666666666666,0.6666666666666666,41.762119928833066,0.05720833333333333,0.9881889763779528,39,2.237719523017417,0.20893837162567575,1.6377195230174166,1.5889564078122187,1.0,C,0.0014252176037484786
rubble,C,60,800,0.02,0.2,0.2,,18,0.3,0.2,2.0,20,0,0.8156424581005587,0.7909217877094971,0.8833798882681564,320.0,1.55,0.7,45.302042682857106,0.07602083333333333,1.0987770460959547,48,2.1273693139215197,0.18647798160470433,1.5273693139215194,1.4811605444895433,1.0,C,0.0014897085412508204
rubble,C,60,800,0.02,0.2,0.2,,20,0.3,0.2,2.0,20,0,0.8184357541899442,0.7784567039106144,0.901536312849162,300.0,1.3,0.6333333333333333,46.720710246362714,0.07310416666666666,1.10879848628193,53,2.0687430031576817,0.23519759131600304,1.468743003157682,1.3298682332168497,1.0,C,0.001536005051250413
rubble,C,60,800,0.02,0.2,0.2,,21,0.3,0.2,2.0,20,0,0.7800279329608939,0.754155027932961,0.8791899441340782,300.0,1.65,0.5666666666666667,43.819370387468716,0.07610416666666667,1.0507996237064912,43,2.1329521462903087,0.24888752671706224,1.5329521462903084,1.453570927404407,1.0,C,0.0014605395837497782
rubble,C,60,800,0.02,0.2,0.2,,22,0.3,0.2,2.0,20,0,0.7241620111731844,0.7125,0.8212290502793296,280.0,1.3166666666666667,0.75,43.909074148120204,0.0634375,1.0517241379310345,46,2.0330563422443704,0.21567756211884706,1.4330563422443703,1.3785137046487064,1.0,C,0.0014428582287496284
rubble,C,60,800,0.02,0.2,0.2,,23,0.3,0.2,2.0,20,0,0.7472067039106145,0.7005586592178771,0.8317039106145251,320.0,1.4833333333333334,0.7833333333333333,44.362910642737916,0.06972916666666666,1.0258868648130393,45,2.1728957123832116,0.15761380736936637,1.5728957123832117,1.4754769277309574,1.0,C,0.001452991458750148
rubble,C,60,800,0.02,0.2,0.2,,24,0.3,0.2,2.0,20,0,0.7751396648044693,0.7374650837988828,0.8847765363128491,260.0,1.3666666666666667,1.1166666666666667,45.78463400055576,0.07054166666666667,1.0591603053435115,48,2.051810965974871,0.21820862650694467,1.4518109659748708,1.4080235173514253,1.0,C,0.0014552909899998667
rubble,C,60,800,0.02,0.2,0.2,,25,0.3,0.2,2.0,20,0,0.7611731843575419,0.7347416201117318,0.8840782122905028,320.0,1.6666666666666667,0.7333333333333333,41.377385829907674,0.08254166666666667,1.0092592592592593,41,2.296509202559993,0.21860782821118072,1.696509202559993,1.7111061939782912,1.0,C,0.0014543403650009168
rubble,C,60,800,0.02,0.2,0.2,,26,0.3,0.2,2.0,20,0,0.8240223463687151,0.7886522346368714,0.8847765363128491,300.0,1.05,0.7,47.45986230300956,0.0530625,1.1227402473834445,52,2.0654073476178363,0.2257362615563683,1.4654073476178362,1.4792522708415905,1.0,C,0.0014034309887483688
rubble,C,60,800,0.02,0.2,0.2,,28,0.3,0.2,2.0,20,0,0.7569832402234636,0.735963687150838,0.8449720670391061,300.0,1.7,0.6166666666666667,44.58825764052672,0.0789375,0.9899543378995432,46,2.1183141074898812,0.22237057582169473,1.5183141074898816,1.4596072021696118,1.0,C,0.001452120312499119
rubble,C,60,800,0.02,0.2,0.2,,27,0.3,0.2,2.0,20,0,0.7877094972067039,0.7117667597765363,0.8596368715083799,340.0,1.1,0.75,45.49545218643488,0.060583333333333336,1.0732635585156993,50,2.0753246287166873,0.234049129508783,1.4753246287166872,1.4125676445759974,1.0,C,0.0014910718224996344
rubble,C,60,800,0.02,0.2,0.2,,29,0.3,0.2,2.0,20,0,0.7988826815642458,0.7600558659217878,0.8756983240223464,280.0,1.4666666666666666,0.8166666666666667,45.964914430747086,0.05714583333333333,1.0812854442344044,48,2.0872897539516173,0.24563726801554653,1.4872897539516172,1.4276107580134774,1.0,C,0.0013777670312492773
rubble,C,60,800,0.02,0.4,0.2,,0,0.3,0.2,2.0,20,0,0.7814245810055865,0.7374301675977654,0.8680167597765364,300.0,1.2666666666666666,0.6,45.05035611587319,0.05379166666666667,1.1145418326693226,50,2.0461948614425203,0.2554807193548993,1.4461948614425202,1.3931288692065962,1.0,C,0.0014103275000002214
rubble,C,60,800,0.02,0.4,0.2,,1,0.3,0.2,2.0,20,0,0.7374301675977654,0.6974511173184357,0.8386871508379888,320.0,1.45,0.6333333333333333,43.507280712315634,0.06310416666666667,1.104602510460251,47,2.0114559134241374,0.2726095443704711,1.4114559134241373,1.3739137902221827,1.0,C,0.0014571615112481595
rubble,C,60,800,0.02,0.4,0.2,,3,0.3,0.2,2.0,20,0,0.7136871508379888,0.6798882681564247,0.8142458100558659,260.0,1.3833333333333333,0.38333333333333336,41.99970618300046,0.059833333333333336,1.0814814814814815,43,2.146858386821131,0.22051904602694072,1.5468583868211305,1.452314424883708,1.0,C,0.0013740349487511593
rubble,C,60,800,0.02,0.4,0.2,,2,0.3,0.2,2.0,20,0,0.7716480446927374,0.727304469273743,0.8372905027932961,260.0,1.2833333333333334,0.8,44.58576660640587,0.05664583333333333,1.0822722820763957,47,2.0705199253970985,0.2113043738017862,1.4705199253970986,1.4751626426942113,1.0,C,0.0014459603637487816
rubble,C,60,800,0.02,0.4,0.2,,4,0.3,0.2,2.0,20,0,0.8016759776536313,0.749127094972067,0.8896648044692738,280.0,1.4333333333333333,0.8166666666666667,44.55739375326304,0.07375,1.1491491491491492,49,2.1050898352360825,0.26757217448063636,1.5050898352360822,1.446232412819532,1.0,C,0.0014914748949991009
rubble,C,60,800,0.02,0.4,0.2,,5,0.3,0.2,2.0,20,0,0.7918994413407822,0.7388617318435754,0.8554469273743017,280.0,1.7,0.8833333333333333,45.12467641218114,0.08566666666666667,1.1362725450901805,53,1.9587496404131417,0.27621581273405293,1.3587496404131414,1.2668872541047285,1.0,C,0.0015955423437503669
rubble,C,60,800,0.02,0.4,0.2,,7,0.3,0.2,2.0,20,0,0.8107541899441341,0.766550279329609,0.8994413407821229,300.0,1.7333333333333334,0.6333333333333333,45.3258178994869,0.08297916666666667,1.1184971098265897,50,2.0794009630243675,0.2652017302004687,1.479400963024367,1.3591980368358414,1.0,C,0.001564754426251511
rubble,C,60,800,0.02,0.4,0.2,,8,0.3,0.2,2.0,20,0,0.7409217877094972,0.6811103351955307,0.8386871508379888,320.0,1.6166666666666667,0.6833333333333333,43.72690704510772,0.0701875,1.1287234042553194,49,1.9794843267402464,0.23959890580060308,1.3794843267402466,1.2537733885699178,1.0,C,0.0015408902612512065
rubble,C,60,800,0.02,0.4,0.2,,6,0.3,0.2,2.0,20,0,0.7814245810055865,0.739909217877095,0.8610335195530726,300.0,1.8166666666666667,0.8,45.22853942040893,0.08408333333333333,1.1079207920792078,54,1.9527674405414235,0.324272489483805,1.352767440541423,1.2225095683912635,1.0,C,0.0016331778124981612
rubble,C,60,800,0.02,0.4,0.2,,9,0.3,0.2,2.0,20,0,0.6976256983240223,0.6428421787709497,0.7849162011173184,300.0,1.6333333333333333,0.85,42.93971642123389,0.06933333333333333,1.0638977635782747,48,1.9745097959031594,0.30509936917210917,1.3745097959031594,1.2513687744817146,1.0,C,0.0015540514062513467
rubble,C,60,800,0.02,0.4,0.2,,10,0.3,0.2,2.0,20,0,0.6696927374301676,0.6524441340782123,0.7737430167597765,280.0,1.3166666666666667,0.5666666666666667,42.70771527916943,0.05620833333333333,0.9466929911154985,44,1.9730060768820246,0.255680052375336,1.3730060768820247,1.3200329430109812,1.0,C,0.0014445847925003362
rubble,C,60,800,0.02,0.4,0.2,,12,0.3,0.2,2.0,20,0,0.7143854748603352,0.6740921787709498,0.7814245810055865,240.0,1.4,0.5666666666666667,44.33407682102011,0.056375,1.0524691358024691,47,2.0006908315184955,0.24540080545027868,1.400690831518496,1.258123383910665,1.0,C,0.0014503448962500443
rubble,C,60,800,0.02,0.4,0.2,,11,0.3,0.2,2.0,20,0,0.7325418994413407,0.6800279329608937,0.8191340782122905,300.0,1.35,0.7166666666666667,43.273918704688654,0.07435416666666667,1.0758974358974358,46,2.1416503308231496,0.2266050389955814,1.5416503308231497,1.3864967557923262,1.0,C,0.0014935718237484253
rubble,C,60,800,0.02,0.4,0.2,,13,0.3,0.2,2.0,20,0,0.7807262569832403,0.7331703910614527,0.8554469273743017,300.0,1.8666666666666667,0.7666666666666667,43.03430140846163,0.09560416666666667,1.1003937007874016,45,2.140477094350892,0.2672421647974503,1.5404770943508923,1.4216618012035545,1.0,C,0.0015409856249993935
rubble,C,60,800,0.02,0.4,0.2,,14,0.3,0.2,2.0,20,0,0.7325418994413407,0.6917946927374301,0.8093575418994413,280.0,1.6833333333333333,0.65,43.16764568799788,0.08289583333333334,1.0803295571575695,46,1.9774489065697638,0.23683783128661104,1.3774489065697642,1.3568212093529501,1.0,C,0.0015992069275012
rubble,C,60,800,0.02,0.4,0.2,,15,0.3,0.2,2.0,20,0,0.7604748603351955,0.7165851955307262,0.9064245810055865,240.0,1.8666666666666667,0.6,43.07973823163359,0.07495833333333334,1.1089613034623218,43,2.2552124725091955,0.2194687155793255,1.6552124725091948,1.6282098639002656,1.0,C,0.0014711673962483473
rubble,C,60,800,0.02,0.4,0.2,,16,0.3,0.2,2.0,20,0,0.7541899441340782,0.7116969273743018,0.848463687150838,300.0,1.6,0.7833333333333333,43.691054326120955,0.077875,1.0588235294117647,48,1.9630605194845208,0.27479883657519616,1.3630605194845204,1.312144715524684,1.0,C,0.001482283230000121
rubble,C,60,800,0.02,0.4,0.2,,17,0.3,0.2,2.0,20,0,0.7667597765363129,0.7303072625698324,0.8442737430167597,300.0,1.2833333333333334,0.6,45.02157812527514,0.06408333333333334,1.0892857142857142,53,1.909359541043973,0.2930024393385478,1.309359541043973,1.169957056322359,1.0,C,0.0015183347912511636
rubble,C,60,800,0.02,0.4,0.2,,18,0.3,0.2,2.0,20,0,0.7220670391061452,0.6958798882681563,0.8240223463687151,300.0,1.7666666666666666,0.45,43.865685482356575,0.082625,0.9971070395371263,48,1.9175753544253709,0.2797622846033525,1.3175753544253708,1.1717474897706475,1.0,C,0.001499168386249039
rubble,C,60,800,0.02,0.4,0.2,,19,0.3,0.2,2.0,20,0,0.7437150837988827,0.7148393854748603,0.8282122905027933,280.0,1.2666666666666666,0.6666666666666666,43.17278554962973,0.06025,1.0746720484359233,46,2.0708617204718074,0.17094200364520767,1.470861720471807,1.4223803373010635,1.0,C,0.0014376198437480526
rubble,C,60,800,0.02,0.4,0.2,,20,0.3,0.2,2.0,20,0,0.6822625698324022,0.6597416201117319,0.7758379888268156,280.0,1.5833333333333333,0.5666666666666667,43.063269242935505,0.07666666666666666,1.0030800821355235,45,2.0615506899652583,0.27754109251199577,1.4615506899652577,1.3908117061073906,1.0,C,0.0014213163012504993
rubble,C,60,800,0.02,0.4,0.2,,21,0.3,0.2,2.0,20,0,0.6955307262569832,0.6496857541899441,0.7884078212290503,320.0,1.8,0.85,43.313880642828494,0.07660416666666667,1.0849673202614378,50,1.8889910039780065,0.35021238940393334,1.2889910039780066,1.147692176707412,1.0,C,0.0015212326562482304
rubble,C,60,800,0.02,0.4,0.2,,22,0.3,0.2,2.0,20,0,0.7569832402234636,0.680377094972067,0.8386871508379888,300.0,1.4833333333333334,0.75,44.12847584759986,0.06354166666666666,1.158119658119658,51,1.9533621091136872,0.2640378300497731,1.3533621091136872,1.3094657433910903,1.0,C,0.0014498481762507253
rubble,C,60,800,0.02,0.4,0.2,,23,0.3,0.2,2.0,20,0,0.776536312849162,0.714804469273743,0.8477653631284916,300.0,1.7166666666666666,0.5666666666666667,44.24064931944235,0.0773125,1.1779661016949152,52,1.961213548648811,0.2647664343472681,1.3612135486488113,1.1907795920506226,1.0,C,0.001582631822500389
rubble,C,60,800,0.02,0.4,0.2,,26,0.3,0.2,2.0,20,0,0.763268156424581,0.7188896648044694,0.8547486033519553,260.0,1.2,0.5666666666666667,43.35199551602286,0.0573125,1.1233299075025693,45,2.161735373081008,0.2095888798601749,1.5617353730810075,1.3672915330778537,1.0,C,0.0014510991662496054
rubble,C,60,800,0.02,0.4,0.2,,24,0.3,0.2,2.0,20,0,0.7891061452513967,0.7331354748603351,0.8798882681564246,260.0,1.8166666666666667,0.6166666666666667,45.52685244725658,0.08460416666666666,1.1472081218274113,52,1.9966271750844364,0.26475158361804757,1.3966271750844363,1.2573976373212192,1.0,C,0.001557061613748374
rubble,C,60,800,0.02,0.4,0.2,,25,0.3,0.2,2.0,20,0,0.7660614525139665,0.7204259776536313,0.8652234636871509,320.0,1.7833333333333334,0.7833333333333333,43.971245812386165,0.08389583333333334,1.1114488348530902,50,1.9530990395987777,0.24914363103990977,1.3530990395987776,1.2639741459161689,1.0,C,0.0015654728649997197
rubble,C,60,800,0.02,0.4,0.2,,27,0.3,0.2,2.0,20,0,0.7060055865921788,0.6702164804469273,0.840782122905028,300.0,1.15,0.8166666666666667,44.35345998761775,0.052125,1.0079760717846462,48,2.0644350944130916,0.24514605319825988,1.4644350944130915,1.4642917303163772,1.0,C,0.001421859843751463
rubble,C,60,800,0.02,0.4,0.2,,28,0.3,0.2,2.0,20,0,0.7458100558659218,0.7035265363128492,0.8365921787709497,280.0,1.7,0.55,44.27389739187593,0.08802083333333334,1.0820668693009117,50,2.010246966611882,0.2559020309313823,1.410246966611882,1.3697732366670508,1.0,C,0.001570253385000342
rubble,C,60,800,0.02,0.4,0.2,,29,0.3,0.2,2.0,20,0,0.755586592178771,0.7113128491620111,0.8638268156424581,280.0,1.7333333333333334,0.5333333333333333,41.102995585401345,0.08910416666666666,1.07876370887338,44,2.04873021870152,0.21616039144454136,1.44873021870152,1.474652670087822,1.0,C,0.0015353929687512392
rubble,C,60,800,0.02,0.8,0.2,,0,0.3,0.2,2.0,20,0,0.7094972067039106,0.6767807262569833,0.8009776536312849,220.0,1.6,0.6166666666666667,43.83160243165342,0.06254166666666666,1.1571753986332574,50,1.9307959565299504,0.280337816910315,1.3307959565299503,1.2159617205462345,1.0,C,0.0015476470312501078
rubble,C,60,800,0.02,0.8,0.2,,1,0.3,0.2,2.0,20,0,0.7143854748603352,0.6652583798882683,0.821927374301676,360.0,1.3833333333333333,0.55,41.86569752318835,0.07560416666666667,1.0524691358024691,45,2.0499159664520454,0.2709953988256061,1.449915966452045,1.3178296414523794,1.0,C,0.001533717968750352
rubble,C,60,800,0.02,0.8,0.2,,2,0.3,0.2,2.0,20,0,0.6864525139664804,0.6473812849162013,0.7590782122905028,240.0,1.4666666666666666,0.6333333333333333,42.2827669028243,0.07683333333333334,1.108229988726043,47,1.9714099114111885,0.324980393966042,1.3714099114111884,1.2857402323992977,1.0,C,0.00155074093750045
rubble,C,60,800,0.02,0.8,0.2,,3,0.3,0.2,2.0,20,0,0.6738826815642458,0.6277234636871509,0.7681564245810056,300.0,1.6,0.6833333333333333,42.43490931790782,0.06658333333333333,1.0523446019629226,46,1.9903829821527919,0.3953935242512337,1.390382982152792,1.2658628733074806,1.0,C,0.0015166950000002543
rubble,C,60,800,0.02,0.8,0.2,,6,0.3,0.2,2.0,20,0,0.6773743016759777,0.6305865921787709,0.755586592178771,260.0,1.8,0.6833333333333333,40.72387379315659,0.096875,1.0923423423423424,43,2.089287447506899,0.3304309602154736,1.4892874475068991,1.427272504185884,1.0,C,0.0015466380212501463
rubble,C,60,800,0.02,0.8,0.2,,4,0.3,0.2,2.0,20,0,0.736731843575419,0.6824022346368714,0.8233240223463687,360.0,1.9,0.5166666666666667,42.863166114415755,0.0971875,1.1319742489270386,50,2.039975029266018,0.33501876259074315,1.4399750292660185,1.3699426190243487,1.0,C,0.0016811121875002755
rubble,C,60,800,0.02,0.8,0.2,,5,0.3,0.2,2.0,20,0,0.7297486033519553,0.6947625698324023,0.8184357541899442,320.0,1.9333333333333333,0.6,43.35844027677966,0.10227083333333334,1.1164529914529915,50,1.927115377584968,0.30021338200674386,1.327115377584968,1.1825353406433075,1.0,C,0.0016218518749997201
rubble,C,60,800,0.02,0.8,0.2,,7,0.3,0.2,2.0,20,0,0.7220670391061452,0.6826117318435754,0.8184357541899442,240.0,1.9166666666666667,0.8833333333333333,42.911526173312886,0.10014583333333334,1.1631046119235096,48,2.044744886608948,0.3589588222418363,1.444744886608948,1.3433373967561908,1.0,C,0.0015801299999998264
rubble,C,60,800,0.02,0.8,0.2,,9,0.3,0.2,2.0,20,0,0.7067039106145251,0.6707402234636872,0.8344972067039106,300.0,1.6833333333333333,0.65,41.11430539087156,0.07066666666666667,1.051975051975052,42,2.106671337155421,0.2657689671504771,1.5066713371554208,1.4178035702316558,1.0,C,0.0014687791662504424
rubble,C,60,800,0.02,0.8,0.2,,8,0.3,0.2,2.0,20,0,0.6962290502793296,0.6633729050279331,0.7737430167597765,300.0,1.5666666666666667,0.9833333333333333,43.54939809615721,0.07764583333333333,1.1127232142857142,52,1.8545398171716567,0.3297379240937709,1.2545398171716566,1.1057306969160638,1.0,C,0.0016205574487503328
rubble,C,60,800,0.02,0.8,0.2,,10,0.3,0.2,2.0,20,0,0.7136871508379888,0.6729748603351956,0.8016759776536313,260.0,1.5333333333333334,0.6833333333333333,43.010845750927714,0.07908333333333334,1.1653363740022806,51,1.9037364096158402,0.34061817383884724,1.3037364096158401,1.125910562715339,1.0,C,0.0016054680199999894
rubble,C,60,800,0.02,0.8,0.2,,11,0.3,0.2,2.0,20,0,0.6668994413407822,0.6591829608938548,0.784217877094972,340.0,1.5833333333333333,0.8666666666666667,42.912140749715626,0.0763125,1.0031512605042017,49,1.9283263242459128,0.3907372031554371,1.328326324245913,1.1202582163609756,1.0,C,0.0015301382812504016
rubble,C,60,800,0.02,0.8,0.2,,12,0.3,0.2,2.0,20,0,0.6606145251396648,0.6365223463687151,0.7737430167597765,320.0,1.6833333333333333,0.75,43.30212255981617,0.06239583333333333,1.044150110375276,48,1.9059890585652841,0.3376101362729726,1.3059890585652842,1.1730510526701767,1.0,C,0.0014987705725002342
rubble,C,60,800,0.02,0.8,0.2,,15,0.3,0.2,2.0,20,0,0.7108938547486033,0.6813198324022346,0.7995810055865922,300.0,1.8833333333333333,0.48333333333333334,42.19413491847278,0.104625,1.0324543610547667,47,2.0572760444412164,0.31874667781151095,1.4572760444412165,1.3491386134079844,1.0,C,0.0015770964587500202
rubble,C,60,800,0.02,0.8,0.2,,13,0.3,0.2,2.0,20,0,0.7115921787709497,0.6613826815642458,0.8212290502793296,280.0,1.8166666666666667,0.7333333333333333,42.02653877880468,0.11170833333333334,1.1064060803474483,48,2.0009047253015075,0.3046042456396209,1.4009047253015077,1.3546121925288956,1.0,C,0.001596152552501735
rubble,C,60,800,0.02,0.8,0.2,,14,0.3,0.2,2.0,20,0,0.6920391061452514,0.6621508379888269,0.776536312849162,300.0,1.6666666666666667,0.65,42.56435608821188,0.10054166666666667,1.0760043431053203,49,1.8293215874873527,0.31680205644428094,1.2293215874873527,1.0650204214995642,1.0,C,0.0016713809887505704
rubble,C,60,800,0.02,0.8,0.2,,17,0.3,0.2,2.0,20,0,0.7074022346368715,0.6701117318435756,0.8317039106145251,320.0,1.4833333333333334,0.5,42.43598083404217,0.07633333333333334,1.0998914223669922,47,1.9526690440160084,0.33410095670603945,1.3526690440160083,1.1545131934003847,1.0,C,0.001527920468749926
rubble,C,60,800,0.02,0.8,0.2,,16,0.3,0.2,2.0,20,0,0.7486033519553073,0.6993016759776536,0.8268156424581006,320.0,1.6833333333333333,0.65,42.169605482364865,0.10235416666666666,1.096114519427403,48,1.9535919917592153,0.30795320376376445,1.353591991759215,1.2501592572748004,1.0,C,0.0016116188024989243
rubble,C,60,800,0.02,0.8,0.2,,18,0.3,0.2,2.0,20,0,0.6983240223463687,0.6496508379888268,0.7625698324022346,280.0,2.033333333333333,0.5833333333333334,41.80408598546454,0.11241666666666666,1.1299435028248586,49,1.8839019633572502,0.31777594881021004,1.2839019633572502,1.122156896397247,1.0,C,0.001651724843750344
rubble,C,60,800,0.02,0.8,0.2,,19,0.3,0.2,2.0,20,0,0.7339385474860335,0.6895600558659217,0.8086592178770949,260.0,1.65,0.7333333333333333,43.50205227468921,0.08029166666666666,1.1651884700665187,53,1.897484201458539,0.2590173609175965,1.2974842014585393,1.301786242934368,1.0,C,0.0016187720824996177
rubble,C,60,800,0.02,0.8,0.2,,21,0.3,0.2,2.0,20,0,0.696927374301676,0.6637918994413408,0.7786312849162011,300.0,2.1,0.48333333333333334,41.37167353256006,0.10972916666666667,1.105204872646733,45,2.0491495160018682,0.21800399091702582,1.4491495160018681,1.2995365022411374,1.0,C,0.001564541874997758
rubble,C,60,800,0.02,0.8,0.2,,20,0.3,0.2,2.0,20,0,0.6801675977653632,0.6381983240223464,0.7653631284916201,300.0,1.6166666666666667,0.6333333333333333,42.09543796842389,0.10591666666666667,1.041711229946524,47,1.9727848432550468,0.33348374473505465,1.3727848432550471,1.2746619957189904,1.0,C,0.001602213281250897
rubble,C,60,800,0.02,0.8,0.2,,22,0.3,0.2,2.0,20,0,0.7074022346368715,0.6701815642458101,0.7932960893854749,320.0,1.6666666666666667,0.7166666666666667,43.07977058542294,0.07197916666666666,1.049740932642487,47,1.9770335897827662,0.3298859361067258,1.3770335897827666,1.2544662431757962,1.0,C,0.001538828281250062
rubble,C,60,800,0.02,0.8,0.2,,23,0.3,0.2,2.0,20,0,0.7011173184357542,0.6536312849162011,0.7807262569832403,280.0,1.75,0.6666666666666666,42.596881283428004,0.09633333333333334,1.125560538116592,50,1.9496501959808343,0.343786881025972,1.3496501959808345,1.2024057547528204,1.0,C,0.0016104000525001539
rubble,C,60,800,0.02,0.8,0.2,,24,0.3,0.2,2.0,20,0,0.7388268156424581,0.6734287709497206,0.8149441340782123,300.0,2.1166666666666667,0.6666666666666666,41.77374776780995,0.11564583333333334,1.1550218340611353,50,1.9165307036341206,0.3106966065830509,1.3165307036341207,1.2422489136253028,1.0,C,0.0017480110424980921
rubble,C,60,800,0.02,0.8,0.2,,26,0.3,0.2,2.0,20,0,0.6864525139664804,0.6562849162011173,0.7639664804469274,260.0,1.5333333333333334,0.75,43.94718224029587,0.07210416666666666,1.075492341356674,52,1.9063761551845497,0.3571491142914894,1.3063761551845496,1.2476158663324224,1.0,C,0.0016074712499994349
rubble,C,60,800,0.02,0.8,0.2,,25,0.3,0.2,2.0,20,0,0.7409217877094972,0.6758729050279328,0.8149441340782123,240.0,2.1,0.5,43.03804037032554,0.09964583333333334,1.232288037166086,50,1.9051567822281625,0.2932537624115899,1.3051567822281624,1.059984651085201,1.0,C,0.0017207385412507392
rubble,C,60,800,0.02,0.8,0.2,,27,0.3,0.2,2.0,20,0,0.7108938547486033,0.6642458100558659,0.7988826815642458,320.0,1.5666666666666667,0.4,42.68583748965455,0.0636875,1.054922279792746,47,2.0318041843552725,0.22876509431333195,1.4318041843552727,1.337361403859982,1.0,C,0.0015767390099995283
apartment,PF,60,800,0.02,0.0,0.2,,0,0.3,0.2,2.0,20,0,0.83984375,0.8362630208333333,0.8561197916666666,160.0,1.1,0.15,29.11695006360234,0.018479166666666668,1.0015527950310559,50,2.2013030724181974,0.1052875971463154,1.6013030724181976,1.5536386094025394,1.0,PF,0.0011129429687503035
rubble,C,60,800,0.02,0.8,0.2,,28,0.3,0.2,2.0,20,0,0.6997206703910615,0.6540851955307262,0.7751396648044693,260.0,1.75,0.48333333333333334,42.09422846384928,0.1008125,1.0998902305159166,46,2.0071637022869804,0.33568208332665567,1.40716370228698,1.4419830292621778,1.0,C,0.0015841728124996735
apartment,PF,60,800,0.02,0.0,0.2,,1,0.3,0.2,2.0,20,0,0.8782552083333334,0.8568033854166666,0.9303385416666666,180.0,1.2666666666666666,0.23333333333333334,29.13780162038269,0.022645833333333334,1.0384911470361817,49,2.2051760879100812,0.20945705529599293,1.605176087910081,1.5533948316762167,1.0,PF,0.0011149806250000437
apartment,PF,60,800,0.02,0.0,0.2,,2,0.3,0.2,2.0,20,0,0.8287760416666666,0.8113606770833334,0.8548177083333334,140.0,1.0666666666666667,0.13333333333333333,28.678468494031303,0.01975,0.9906614785992218,46,2.2154229432277854,0.11855880278348668,1.6154229432277853,1.5601977085466663,1.0,PF,0.0010563714587487993
rubble,C,60,800,0.02,0.8,0.2,,29,0.3,0.2,2.0,20,0,0.6885474860335196,0.6692039106145252,0.7681564245810056,320.0,1.6333333333333333,0.55,42.128749085155306,0.0816875,1.0764192139737991,47,2.0482779563272238,0.35509909537361994,1.448277956327224,1.2912466369121924,1.0,C,0.0015426620312496198
apartment,PF,60,800,0.02,0.0,0.2,,3,0.3,0.2,2.0,20,0,0.87109375,0.8590169270833332,0.9329427083333334,140.0,1.05,0.13333333333333333,30.11665363082632,0.0151875,1.0308166409861326,53,2.1479539150120317,0.1854278258079937,1.5479539150120316,1.5225214085712162,1.0,PF,0.0011631415624992769
apartment,PF,60,800,0.02,0.0,0.2,,4,0.3,0.2,2.0,20,0,0.8834635416666666,0.8736328125,0.935546875,140.0,1.0833333333333333,0.08333333333333333,28.69476336329458,0.016479166666666666,1.0335110434120334,47,2.3483768688460884,0.1890987942415587,1.7483768688460881,1.6520145636666546,1.0,PF,0.0010444862500003183
apartment,PF,60,800,0.02,0.0,0.2,,5,0.3,0.2,2.0,20,0,0.8658854166666666,0.8525716145833334,0.9296875,140.0,1.3,0.13333333333333333,29.15401427164069,0.018479166666666668,1.0168195718654434,48,2.2501392421484856,0.18790582004046438,1.6501392421484855,1.6853365219757,1.0,PF,0.001037380468749234
apartment,PF,60,800,0.02,0.0,0.2,,6,0.3,0.2,2.0,20,0,0.8079427083333334,0.8052408854166668,0.83203125,160.0,1.1666666666666667,0.11666666666666667,28.66502635507945,0.019625,0.9904229848363927,46,2.1862733798077496,0.1778548883341031,1.5862733798077497,1.4984688248858908,1.0,PF,0.001057904531251097
apartment,PF,60,800,0.02,0.0,0.2,,7,0.3,0.2,2.0,20,0,0.8346354166666666,0.8191731770833334,0.8938802083333334,180.0,0.9833333333333333,0.11666666666666667,27.80510200094541,0.019875,0.9690098261526833,43,2.2888668174073867,0.10026910881458868,1.6888668174073869,1.6479965285963543,1.0,PF,0.0010188507812495119
apartment,PF,60,800,0.02,0.0,0.2,,8,0.3,0.2,2.0,20,0,0.8326822916666666,0.82861328125,0.88671875,140.0,1.1166666666666667,0.13333333333333333,28.676043987682068,0.019166666666666665,0.9748475609756098,47,2.227233168825241,0.12076492367936008,1.6272331688252406,1.641701341386932,1.0,PF,0.0010676376562491895
apartment,PF,60,800,0.02,0.0,0.2,,9,0.3,0.2,2.0,20,0,0.833984375,0.83349609375,0.8606770833333334,160.0,0.95,0.1,28.979395603000963,0.02,1.0047058823529411,48,2.1954814290842175,0.1153896186767335,1.5954814290842172,1.657516852050385,1.0,PF,0.001095864323749538
apartment,PF,60,800,0.02,0.0,0.2,,10,0.3,0.2,2.0,20,0,0.833984375,0.8316731770833334,0.8893229166666666,200.0,1.1833333333333333,0.23333333333333334,29.788252351619303,0.025708333333333333,0.9726651480637813,52,2.1061979895705303,0.12231325902444329,1.5061979895705302,1.437620157885211,1.0,PF,0.0011387683325006037
apartment,PF,60,800,0.02,0.0,0.2,,11,0.3,0.2,2.0,20,0,0.8307291666666666,0.8224283854166666,0.8515625,160.0,1.05,0.1,29.056090033839197,0.016375,0.996875,48,2.220649797161183,0.12034549173265113,1.6206497971611835,1.599809616206687,1.0,PF,0.0011014175524996972
apartment,PF,60,800,0.02,0.0,0.2,,12,0.3,0.2,2.0,20,0,0.849609375,0.84736328125,0.8776041666666666,160.0,1.1833333333333333,0.11666666666666667,28.93612994262544,0.014791666666666667,0.9923954372623575,47,2.31155063860268,0.09786392940927832,1.7115506386026802,1.6825173321310491,1.0,PF,0.0011099917187493702
apartment,PF,60,800,0.02,0.0,0.2,,13,0.3,0.2,2.0,20,0,0.8359375,0.8280924479166668,0.8684895833333334,140.0,1.0666666666666667,0.1,29.491825220711494,0.0204375,0.981651376146789,50,2.179935783278557,0.09553824076437636,1.5799357832785568,1.5767570703377431,1.0,PF,0.0011043573437495978
apartment,PF,60,800,0.02,0.0,0.2,,14,0.3,0.2,2.0,20,0,0.84765625,0.8224283854166666,0.9186197916666666,180.0,1.1333333333333333,0.16666666666666666,28.541457410926792,0.018875,0.9954128440366973,45,2.2946265167208244,0.21880471998235643,1.6946265167208243,1.6853172124994522,1.0,PF,0.001057779427501373
apartment,PF,60,800,0.02,0.0,0.2,,15,0.3,0.2,2.0,20,0,0.8151041666666666,0.8084309895833333,0.880859375,180.0,1.0833333333333333,0.11666666666666667,28.368627120506343,0.015958333333333335,0.9564553093964858,44,2.2650798509787498,0.12004439069350771,1.6650798509787499,1.715896527905752,1.0,PF,0.0010282915624998169
apartment,PF,60,800,0.02,0.0,0.2,,16,0.3,0.2,2.0,20,0,0.7903645833333334,0.7807291666666666,0.8365885416666666,140.0,1.1833333333333333,0.11666666666666667,28.339136079524515,0.017375,0.9619651347068146,46,2.193770591627687,0.1884305123749725,1.5937705916276868,1.5624386350385455,1.0,PF,0.0011126092700010303
apartment,PF,60,800,0.02,0.0,0.2,,17,0.3,0.2,2.0,20,0,0.8880208333333334,0.8703450520833332,0.9361979166666666,200.0,1.1,0.08333333333333333,29.150013046150328,0.020083333333333335,1.0232558139534884,48,2.3431404451431934,0.18498963200488808,1.743140445143193,1.6605092140745563,1.0,PF,0.0010894138012508847
apartment,PF,60,800,0.02,0.0,0.2,,18,0.3,0.2,2.0,20,0,0.8541666666666666,0.8289388020833334,0.92578125,160.0,0.8666666666666667,0.13333333333333333,29.30099612128454,0.010979166666666667,1.0053639846743294,50,2.234456361151558,0.189741019117094,1.6344563611515577,1.5352441506239924,1.0,PF,0.0011212921875016946
apartment,PF,60,800,0.02,0.0,0.2,,19,0.3,0.2,2.0,20,0,0.8639322916666666,0.8545572916666666,0.9309895833333334,180.0,1.1166666666666667,0.03333333333333333,28.579832409765128,0.017666666666666667,1.00302343159486,46,2.373964875199884,0.16956857929013205,1.7739648751998842,1.684531959519831,1.0,PF,0.0011107751562485647
apartment,PF,60,800,0.02,0.0,0.2,,20,0.3,0.2,2.0,20,0,0.8203125,0.8113606770833333,0.8463541666666666,140.0,1.1833333333333333,0.15,28.05998753446214,0.017833333333333333,1.0120481927710843,43,2.2824410474612575,0.09394917861363083,1.6824410474612577,1.7067245448192643,1.0,PF,0.0010452529162512292
apartment,PF,60,800,0.02,0.0,0.2,,21,0.3,0.2,2.0,20,0,0.875,0.8492513020833334,0.9270833333333334,140.0,1.1333333333333333,0.1,28.79441504283547,0.01675,1.0442890442890442,47,2.2631075542833763,0.1792754809285802,1.6631075542833762,1.568086510162956,1.0,PF,0.0010939863024987061
apartment,PF,60,800,0.02,0.0,0.2,,24,0.3,0.2,2.0,20,0,0.865234375,0.851171875,0.921875,240.0,1.0666666666666667,0.18333333333333332,28.930749645119636,0.018229166666666668,1.0152788388082505,47,2.325867076867512,0.17735061448649522,1.725867076867512,1.6677900092357532,1.0,PF,0.0010849609374986358
apartment,PF,60,800,0.02,0.0,0.2,,23,0.3,0.2,2.0,20,0,0.8157552083333334,0.8107421875,0.849609375,120.0,1.3,0.08333333333333333,28.95510499862213,0.017875,0.9819749216300941,50,2.1479900948313753,0.15623835573519032,1.5479900948313756,1.5181052663708186,1.0,PF,0.0011162297387500076
apartment,PF,60,800,0.02,0.0,0.2,,22,0.3,0.2,2.0,20,0,0.84765625,0.8297200520833334,0.8899739583333334,160.0,0.9,0.16666666666666666,30.256942712957375,0.019104166666666665,1.0077399380804952,53,2.140468369293756,0.2339043447401998,1.540468369293755,1.4708830046681052,1.0,PF,0.0011394642187497084
apartment,PF,60,800,0.02,0.0,0.2,,25,0.3,0.2,2.0,20,0,0.83984375,0.82744140625,0.8665364583333334,120.0,0.95,0.13333333333333333,29.706863298248802,0.0183125,1.0038910505836576,51,2.1516239252490763,0.08061179286446565,1.551623925249076,1.553416814788254,1.0,PF,0.0011184867700012547
apartment,PF,60,800,0.02,0.0,0.2,,26,0.3,0.2,2.0,20,0,0.861328125,0.8482096354166666,0.923828125,180.0,0.9333333333333333,0.15,29.522435678878697,0.013916666666666667,1.023201856148492,49,2.2474876514382602,0.19983076933327332,1.6474876514382604,1.5471448756649075,1.0,PF,0.0010914233850007804
apartment,PF,60,800,0.02,0.0,0.2,,27,0.3,0.2,2.0,20,0,0.8665364583333334,0.8591796875,0.927734375,160.0,1.15,0.11666666666666667,30.28522495214096,0.0166875,1.0238461538461539,53,2.1499974235283013,0.2053915864817059,1.5499974235283016,1.5428925501739132,1.0,PF,0.0011323077600013675
apartment,PF,60,800,0.02,0.0,0.2,,28,0.3,0.2,2.0,20,0,0.8723958333333334,0.8628580729166666,0.9381510416666666,200.0,1.0833333333333333,0.11666666666666667,29.038636600574986,0.028895833333333332,1.0022438294689604,48,2.3294664925114454,0.18143285565686076,1.7294664925114454,1.6960717121642317,1.0,PF,0.001109307605001959
apartment,PF,60,800,0.02,0.0,0.2,,29,0.3,0.2,2.0,20,0,0.8444010416666666,0.83935546875,0.9095052083333334,140.0,1.3,0.06666666666666667,29.7858605246411,0.017395833333333333,0.9984603541185527,52,2.195792554749409,0.23933849352433798,1.5957925547494087,1.4930102050492025,1.0,PF,0.0011042237500009833
apartment,PF,60,800,0.02,0.1,0.2,,0,0.3,0.2,2.0,20,0,0.8795572916666666,0.8636393229166668,0.9381510416666666,180.0,1.1333333333333333,0.1,32.405272965723746,0.015875,1.032874617737003,46,2.341497517181158,0.1873529703439417,1.7414975171811589,1.673472533056329,1.0,PF,0.0010580908337487927
apartment,PF,60,800,0.02,0.1,0.2,,1,0.3,0.2,2.0,20,0,0.8444010416666666,0.82587890625,0.9303385416666666,180.0,1.1,0.18333333333333332,32.21691340792716,0.019270833333333334,0.978129713423831,43,2.352591799672725,0.18502164553789213,1.7525917996727252,1.659341635886268,1.0,PF,0.001066627499999413
apartment,PF,60,800,0.02,0.1,0.2,,2,0.3,0.2,2.0,20,0,0.8020833333333334,0.7994791666666667,0.8509114583333334,140.0,1.0666666666666667,0.15,33.246229207823724,0.017229166666666667,0.9625,48,2.1684921500495364,0.1664176544601989,1.5684921500495361,1.582121158943731,1.0,PF,0.0010830643750000491
apartment,PF,60,800,0.02,0.1,0.2,,3,0.3,0.2,2.0,20,0,0.8932291666666666,0.8843424479166668,0.9368489583333334,160.0,1.05,0.13333333333333333,35.162746821241406,0.018333333333333333,1.0386071158213475,55,2.179360057561847,0.1831711631560063,1.5793600575618465,1.4829669392731293,1.0,PF,0.001149286822499107
apartment,PF,60,800,0.02,0.1,0.2,,5,0.3,0.2,2.0,20,0,0.8893229166666666,0.8663411458333334,0.9309895833333334,140.0,1.2166666666666666,0.06666666666666667,33.048867783054376,0.019416666666666665,1.06055900621118,48,2.2871361074323917,0.18085897893245767,1.6871361074323914,1.6195309472273647,1.0,PF,0.0010566136462512076
apartment,PF,60,800,0.02,0.1,0.2,,4,0.3,0.2,2.0,20,0,0.830078125,0.82353515625,0.8671875,160.0,1.1833333333333333,0.06666666666666667,32.96291542716482,0.015875,0.9762633996937213,47,2.1521959111349456,0.1360843096408445,1.5521959111349453,1.5403622121215417,1.0,PF,0.0010764344275003169
apartment,PF,60,800,0.02,0.1,0.2,,7,0.3,0.2,2.0,20,0,0.8515625,0.8240234375,0.8736979166666666,160.0,1.0333333333333334,0.16666666666666666,33.40761742878276,0.022604166666666668,1.0315457413249212,48,2.237592876860274,0.1554721028449912,1.637592876860274,1.508860573782847,1.0,PF,0.0010905480725000416
apartment,PF,60,800,0.02,0.1,0.2,,6,0.3,0.2,2.0,20,0,0.8528645833333334,0.8390299479166666,0.8619791666666666,160.0,1.0166666666666666,0.15,34.460117110718826,0.018708333333333334,1.0186625194401244,53,2.144251194286289,0.1281902482692413,1.5442511942862893,1.571278370656414,1.0,PF,0.0011302176562480782
apartment,PF,60,800,0.02,0.1,0.2,,8,0.3,0.2,2.0,20,0,0.8763020833333334,0.8508138020833333,0.935546875,180.0,1.0833333333333333,0.1,33.23227418820337,0.019479166666666665,1.0089955022488755,47,2.319595340874298,0.20718356309417038,1.7195953408742983,1.6677318817221432,1.0,PF,0.0010429132812510033
apartment,PF,60,800,0.02,0.1,0.2,,9,0.3,0.2,2.0,20,0,0.888671875,0.8730794270833332,0.9348958333333334,160.0,0.9833333333333333,0.1,33.89866910321333,0.021479166666666667,1.0411899313501145,51,2.281315216747704,0.18522492178922653,1.6813152167477048,1.627907330843768,1.0,PF,0.0011178168225001173
apartment,PF,60,800,0.02,0.1,0.2,,11,0.3,0.2,2.0,20,0,0.8385416666666666,0.8122721354166667,0.8697916666666666,180.0,1.1666666666666667,0.18333333333333332,32.3513953321997,0.0209375,1.0038971161340606,44,2.347312653717563,0.11523557614215761,1.7473126537175625,1.6955879891145118,1.0,PF,0.001050476978750794
apartment,PF,60,800,0.02,0.1,0.2,,10,0.3,0.2,2.0,20,0,0.8639322916666666,0.8541666666666667,0.9251302083333334,160.0,1.1666666666666667,0.13333333333333333,33.41338249489776,0.019604166666666666,1.0106626047220106,49,2.266647316074306,0.18308031219285625,1.6666473160743065,1.6367016499588058,1.0,PF,0.0011087254162498539
apartment,PF,60,800,0.02,0.1,0.2,,12,0.3,0.2,2.0,20,0,0.8326822916666666,0.82734375,0.857421875,160.0,1.3166666666666667,0.13333333333333333,32.9130771460744,0.0161875,1.0015661707126076,48,2.1854497595580487,0.08654638362390937,1.5854497595580483,1.5450503107876719,1.0,PF,0.0010839980212494992
apartment,PF,60,800,0.02,0.1,0.2,,13,0.3,0.2,2.0,20,0,0.8600260416666666,0.8420572916666667,0.9296875,180.0,1.0666666666666667,0.08333333333333333,32.92200966070249,0.020958333333333332,0.9821561338289962,46,2.335028102226976,0.20783231390840948,1.7350281022269751,1.6317289927324987,1.0,PF,0.0010339698962502553
apartment,PF,60,800,0.02,0.1,0.2,,14,0.3,0.2,2.0,20,0,0.8743489583333334,0.8519856770833332,0.927734375,200.0,1.3,0.1,33.82287425492055,0.018979166666666665,1.0435120435120435,50,2.2543398882732424,0.1853071076396175,1.6543398882732425,1.5343248559053841,1.0,PF,0.001125026771251214
apartment,PF,60,800,0.02,0.1,0.2,,15,0.3,0.2,2.0,20,0,0.880859375,0.8630859375,0.931640625,180.0,1.0833333333333333,0.13333333333333333,33.10029702578011,0.01975,1.0375766871165644,48,2.296511520292137,0.19047462981999302,1.6965115202921373,1.6014181594113586,1.0,PF,0.0010693084887498116
apartment,PF,60,800,0.02,0.1,0.2,,17,0.3,0.2,2.0,20,0,0.8763020833333334,0.8645182291666667,0.9309895833333334,180.0,0.9833333333333333,0.03333333333333333,34.02244034782569,0.021604166666666667,1.0314176245210729,52,2.2160553737286866,0.16138718363488133,1.6160553737286867,1.576615738171853,1.0,PF,0.0011307450524986962
apartment,PF,60,800,0.02,0.1,0.2,,16,0.3,0.2,2.0,20,0,0.865234375,0.8528971354166666,0.8815104166666666,160.0,1.25,0.1,35.8447218940075,0.019208333333333334,1.029434546862897,56,2.0929616158723157,0.11961906988429857,1.4929616158723158,1.487787111910345,1.0,PF,0.0012176501562498742
apartment,PF,60,800,0.02,0.1,0.2,,19,0.3,0.2,2.0,20,0,0.8795572916666666,0.8603841145833334,0.9388020833333334,180.0,1.15,0.11666666666666667,32.26031910149965,0.016854166666666667,1.0089619118745332,44,2.366419125002903,0.1706997136035058,1.7664191250029035,1.646696829995743,1.0,PF,0.0010457918237489138
apartment,PF,60,800,0.02,0.1,0.2,,18,0.3,0.2,2.0,20,0,0.8404947916666666,0.8320638020833334,0.869140625,140.0,0.8666666666666667,0.05,34.5405263792439,0.012625,1.0023291925465838,52,2.1237404568231866,0.12918732045866235,1.5237404568231858,1.4813757270470103,1.0,PF,0.0011580307812505452
apartment,PF,60,800,0.02,0.1,0.2,,20,0.3,0.2,2.0,20,0,0.8567708333333334,0.8545247395833332,0.8821614583333334,160.0,0.9666666666666667,0.08333333333333333,32.92991581818275,0.017208333333333332,1.0177880897138438,49,2.1968442226419085,0.12329003672609923,1.5968442226419084,1.543222615564067,1.0,PF,0.001118869531251221
apartment,PF,60,800,0.02,0.1,0.2,,21,0.3,0.2,2.0,20,0,0.861328125,0.8514322916666666,0.875,140.0,1.2333333333333334,0.06666666666666667,32.99455809111272,0.017625,1.0295719844357978,48,2.25263153885786,0.10696658992537728,1.6526315388578598,1.6476998653291326,1.0,PF,0.0010796337499982655
apartment,PF,60,800,0.02,0.1,0.2,,22,0.3,0.2,2.0,20,0,0.8541666666666666,0.8387044270833334,0.873046875,180.0,0.8666666666666667,0.13333333333333333,33.07611579069705,0.018166666666666668,1.0282131661442007,47,2.269384520158228,0.08613213043794331,1.669384520158228,1.6191986442337742,1.0,PF,0.0011021504175005247
apartment,PF,60,800,0.02,0.1,0.2,,23,0.3,0.2,2.0,20,0,0.83984375,0.8445963541666668,0.8743489583333334,160.0,1.2666666666666666,0.11666666666666667,31.806173685676683,0.019416666666666665,0.9869931140015302,44,2.340736988791335,0.09598548969122174,1.7407369887913355,1.7107894591844712,1.0,PF,0.0010963802612491236
apartment,PF,60,800,0.02,0.1,0.2,,24,0.3,0.2,2.0,20,0,0.8860677083333334,0.8661458333333334,0.93359375,180.0,1.1166666666666667,0.15,35.14817051378181,0.020125,1.0248493975903614,54,2.1449249770940493,0.18897787235319774,1.5449249770940496,1.4999078957801157,1.0,PF,0.0011586139575001653
apartment,PF,60,800,0.02,0.1,0.2,,25,0.3,0.2,2.0,20,0,0.8404947916666666,0.8349934895833332,0.8658854166666666,160.0,1.0166666666666666,0.06666666666666667,33.658792846748106,0.019208333333333334,1.0038880248833593,49,2.181433482573616,0.12287437354000558,1.581433482573616,1.5947436620092978,1.0,PF,0.001106683281250298
apartment,PF,60,800,0.02,0.1,0.2,,26,0.3,0.2,2.0,20,0,0.8782552083333334,0.8662760416666666,0.939453125,160.0,1.0333333333333334,0.16666666666666666,35.508996172399094,0.018333333333333333,1.0353031465848044,56,2.101867370752408,0.2235816299958542,1.5018673707524077,1.4319722368556485,1.0,PF,0.0011848476562499855
apartment,PF,60,800,0.02,0.1,0.2,,27,0.3,0.2,2.0,20,0,0.8587239583333334,0.8405273437499998,0.8717447916666666,160.0,1.25,0.08333333333333333,32.97744844626742,0.0166875,1.0248640248640248,48,2.2621426596519925,0.09939596969812786,1.6621426596519926,1.6016684465354194,1.0,PF,0.0011116421350016025
apartment,PF,60,800,0.02,0.1,0.2,,29,0.3,0.2,2.0,20,0,0.88671875,0.8753255208333334,0.9361979166666666,180.0,1.2166666666666666,0.05,33.297822415744385,0.018895833333333334,1.0156599552572707,49,2.2360969176627243,0.18612212744019582,1.6360969176627242,1.5623178959962738,1.0,PF,0.0010739903650005544
apartment,PF,60,800,0.02,0.1,0.2,,28,0.3,0.2,2.0,20,0,0.8899739583333334,0.8800455729166666,0.935546875,180.0,1.1666666666666667,0.15,32.85017422867404,0.02033333333333333,1.034039334341906,48,2.273915071954764,0.16473945769881737,1.673915071954764,1.582321490651049,1.0,PF,0.0011466331762517257
apartment,PF,60,800,0.02,0.2,0.2,,0,0.3,0.2,2.0,20,0,0.8880208333333334,0.8783203124999999,0.9407552083333334,200.0,1.2333333333333334,0.13333333333333333,39.83675025969118,0.01975,1.018670649738611,48,2.337505980037889,0.1781933397823732,1.7375059800378887,1.6520085947641738,1.0,PF,0.001088148906248989
apartment,PF,60,800,0.02,0.2,0.2,,1,0.3,0.2,2.0,20,0,0.8548177083333334,0.8324544270833334,0.9186197916666666,180.0,1.25,0.2,41.15806097221339,0.021604166666666667,0.9835205992509364,50,2.1934243492106607,0.13431088651500933,1.5934243492106608,1.564954337104131,1.0,PF,0.0011060558337521798
apartment,PF,60,800,0.02,0.2,0.2,,2,0.3,0.2,2.0,20,0,0.841796875,0.83310546875,0.9296875,200.0,1.1666666666666667,0.11666666666666667,41.51716730917556,0.019270833333333334,0.9729119638826185,50,2.217771901779928,0.23724485412764665,1.6177719017799281,1.4804990169645516,1.0,PF,0.0011453682287492484
apartment,PF,60,800,0.02,0.2,0.2,,3,0.3,0.2,2.0,20,0,0.845703125,0.8186197916666668,0.921875,180.0,1.1333333333333333,0.16666666666666666,40.272923377539264,0.01975,0.9946401225114855,48,2.2585120275249686,0.20057051168616039,1.658512027524969,1.541772617390894,1.0,PF,0.0010972250512486425
apartment,PF,60,800,0.02,0.2,0.2,,4,0.3,0.2,2.0,20,0,0.8776041666666666,0.8714192708333333,0.939453125,200.0,1.3,0.16666666666666666,40.64824457829674,0.0235625,1.0142964635063958,49,2.232424801297789,0.1884526511730985,1.6324248012977887,1.5100494199265078,1.0,PF,0.001088476822501434
apartment,PF,60,800,0.02,0.2,0.2,,5,0.3,0.2,2.0,20,0,0.9088541666666666,0.8928385416666668,0.9479166666666666,180.0,1.3,0.18333333333333332,42.488213747970555,0.020104166666666666,1.0449101796407185,53,2.1401158990373923,0.18300390335634548,1.5401158990373922,1.5152028146347511,1.0,PF,0.0010931563550002465
apartment,PF,60,800,0.02,0.2,0.2,,6,0.3,0.2,2.0,20,0,0.865234375,0.83466796875,0.8782552083333334,180.0,1.05,0.05,41.10659568931501,0.019729166666666666,1.0623501199040768,49,2.172852513466296,0.18409810128053022,1.5728525134662956,1.5756305128742598,1.0,PF,0.001116045261248928
apartment,PF,60,800,0.02,0.2,0.2,,7,0.3,0.2,2.0,20,0,0.8912760416666666,0.8785156250000001,0.939453125,180.0,1.2166666666666666,0.15,41.48673266520745,0.021395833333333333,1.0434451219512195,51,2.2646883416358423,0.16140877354766434,1.6646883416358425,1.6681366603165095,1.0,PF,0.0010984667187494779
apartment,PF,60,800,0.02,0.2,0.2,,8,0.3,0.2,2.0,20,0,0.8678385416666666,0.8473958333333333,0.9368489583333334,180.0,0.9333333333333333,0.26666666666666666,40.630927023244205,0.0194375,1.0253846153846153,48,2.299040249394195,0.1936033720409084,1.699040249394195,1.6245257307047865,1.0,PF,0.0011072816662499464
apartment,PF,60,800,0.02,0.2,0.2,,9,0.3,0.2,2.0,20,0,0.85546875,0.8185546875,0.8756510416666666,160.0,1.15,0.08333333333333333,41.17878004504407,0.0215,1.0579710144927537,50,2.1984885327165045,0.1539939776796294,1.5984885327165046,1.5116121768493747,1.0,PF,0.0010899465099987538
apartment,PF,60,800,0.02,0.2,0.2,,10,0.3,0.2,2.0,20,0,0.8483072916666666,0.8330403645833334,0.8665364583333334,160.0,1.2166666666666666,0.06666666666666667,40.84008473545474,0.0233125,1.0163806552262091,50,2.1724284187965064,0.11829182572624816,1.5724284187965063,1.5314962180000606,1.0,PF,0.0011226923437516233
apartment,PF,60,800,0.02,0.2,0.2,,11,0.3,0.2,2.0,20,0,0.818359375,0.81435546875,0.8717447916666666,160.0,1.1666666666666667,0.11666666666666667,39.18968007890339,0.019854166666666666,0.9706563706563706,45,2.240494824535973,0.125415893397438,1.640494824535973,1.6465646205325033,1.0,PF,0.0010909569275008835
apartment,PF,60,800,0.02,0.2,0.2,,13,0.3,0.2,2.0,20,0,0.8346354166666666,0.8289713541666666,0.875,200.0,1.25,0.18333333333333332,41.017814952815726,0.0224375,0.9801223241590213,49,2.1502014048138443,0.13144001144639622,1.550201404813844,1.498026050987744,1.0,PF,0.0011089453650015458
apartment,PF,60,800,0.02,0.2,0.2,,12,0.3,0.2,2.0,20,0,0.8561197916666666,0.8229817708333333,0.8919270833333334,160.0,1.1,0.1,42.442189453665485,0.017979166666666668,1.0503194888178913,52,2.115706268426024,0.21713515695064145,1.515706268426024,1.432960622435092,1.0,PF,0.0011335246362500584
apartment,PF,60,800,0.02,0.2,0.2,,14,0.3,0.2,2.0,20,0,0.8509114583333334,0.82607421875,0.8697916666666666,160.0,1.2666666666666666,0.25,39.35203807815926,0.021208333333333333,1.0123934934159566,45,2.295009270630959,0.11449155573288011,1.695009270630958,1.634043987019997,1.0,PF,0.001116456771248977
apartment,PF,60,800,0.02,0.2,0.2,,15,0.3,0.2,2.0,20,0,0.875,0.85634765625,0.923828125,160.0,1.0666666666666667,0.1,40.4555848084023,0.019729166666666666,1.061611374407583,49,2.282578449318328,0.18027047011948463,1.6825784493183276,1.6114195430821492,1.0,PF,0.0011663928125017265
apartment,PF,60,800,0.02,0.2,0.2,,16,0.3,0.2,2.0,20,0,0.8463541666666666,0.8085611979166668,0.8880208333333334,160.0,1.1166666666666667,0.13333333333333333,42.18675532094796,0.0215,1.0252365930599368,52,2.1264640367383505,0.21669425293162775,1.5264640367383497,1.4004475038010544,1.0,PF,0.0011515517699990595
apartment,PF,60,800,0.02,0.2,0.2,,17,0.3,0.2,2.0,20,0,0.8294270833333334,0.82587890625,0.859375,160.0,0.9666666666666667,0.11666666666666667,39.06846113121876,0.019833333333333335,0.9875968992248062,45,2.1778572559074103,0.09229021063452296,1.5778572559074102,1.5240761631439077,1.0,PF,0.0011218833849989097
apartment,PF,60,800,0.02,0.2,0.2,,18,0.3,0.2,2.0,20,0,0.8274739583333334,0.8149739583333334,0.8697916666666666,220.0,0.8333333333333334,0.21666666666666667,40.654277059997106,0.016458333333333332,0.9822256568778981,48,2.216063026671075,0.12718495350832892,1.616063026671075,1.6085967962399157,1.0,PF,0.0011367721350006832
apartment,PF,60,800,0.02,0.2,0.2,,19,0.3,0.2,2.0,20,0,0.8697916666666666,0.8460286458333334,0.9303385416666666,200.0,1.0,0.06666666666666667,41.327388598036734,0.018708333333333334,1.0037565740045078,50,2.231703076514006,0.20244495692546374,1.6317030765140057,1.5445064554796715,1.0,PF,0.0011516633862493108
apartment,PF,60,800,0.02,0.2,0.2,,20,0.3,0.2,2.0,20,0,0.83984375,0.8318359375,0.9212239583333334,180.0,1.1666666666666667,0.11666666666666667,40.52862342957051,0.02025,0.9728506787330317,48,2.24674659150079,0.2360894014448314,1.6467465915007902,1.4903527681675752,1.0,PF,0.001110388281251744
apartment,PF,60,800,0.02,0.2,0.2,,21,0.3,0.2,2.0,20,0,0.826171875,0.8003255208333332,0.8515625,160.0,1.4,0.15,40.43050393990008,0.022895833333333334,0.9937353171495693,48,2.0753306498211295,0.14200620914626905,1.4753306498211298,1.4187085840494627,1.0,PF,0.0011275081250005313
apartment,PF,60,800,0.02,0.2,0.2,,22,0.3,0.2,2.0,20,0,0.8326822916666666,0.8244140625,0.87109375,180.0,1.0333333333333334,0.1,40.93207946093075,0.021041666666666667,0.9823348694316436,49,2.1592516893357483,0.1363841533023598,1.5592516893357482,1.4898872920844313,1.0,PF,0.0011509047399999872
apartment,PF,60,800,0.02,0.2,0.2,,23,0.3,0.2,2.0,20,0,0.8294270833333334,0.8223307291666666,0.923828125,200.0,1.1666666666666667,0.1,40.61135899982204,0.020833333333333332,0.9688212927756655,48,2.1706224799594147,0.2560773150529099,1.5706224799594146,1.5897671258379422,1.0,PF,0.0011383034375012358
apartment,PF,60,800,0.02,0.2,0.2,,24,0.3,0.2,2.0,20,0,0.8515625,0.82216796875,0.9303385416666666,200.0,1.1166666666666667,0.13333333333333333,37.83244358042687,0.02175,0.985681989449887,41,2.430470331675915,0.20295940003085727,1.8304703316759143,1.754106126705362,1.0,PF,0.0010576190625010895
apartment,PF,60,800,0.02,0.2,0.2,,25,0.3,0.2,2.0,20,0,0.8828125,0.8745442708333332,0.9368489583333334,180.0,1.1833333333333333,0.16666666666666666,41.11100666025278,0.019375,1.019548872180451,50,2.2611213470132,0.18657352680867578,1.6611213470132007,1.5916459811492532,1.0,PF,0.0011459967187488474
apartment,PF,60,800,0.02,0.2,0.2,,26,0.3,0.2,2.0,20,0,0.8756510416666666,0.84560546875,0.9329427083333334,160.0,1.0666666666666667,0.23333333333333334,41.01187739058048,0.020541666666666666,1.0362095531587057,50,2.2634930795919552,0.1711700689457638,1.6634930795919554,1.5948522042468452,1.0,PF,0.0011766926037489612
apartment,PF,60,800,0.02,0.2,0.2,,27,0.3,0.2,2.0,20,0,0.8463541666666666,0.8401041666666667,0.9270833333333334,180.0,1.1166666666666667,0.13333333333333333,40.07947782020558,0.018354166666666668,0.9938837920489296,47,2.276527599428982,0.1980643316196843,1.6765275994289828,1.590048494770349,1.0,PF,0.0011276365624985373
apartment,PF,60,800,0.02,0.2,0.2,,28,0.3,0.2,2.0,20,0,0.8782552083333334,0.8522786458333332,0.9251302083333334,200.0,1.1166666666666667,0.18333333333333332,41.04562570918691,0.022375,1.0282012195121952,49,2.2220454037701196,0.21171681682347268,1.6220454037701195,1.5377963753790809,1.0,PF,0.001126635885000269
apartment,PF,60,800,0.02,0.2,0.2,,29,0.3,0.2,2.0,20,0,0.8619791666666666,0.8396809895833334,0.9303385416666666,180.0,1.3833333333333333,0.13333333333333333,38.786758390156294,0.02425,1.020030816640986,44,2.391412901599326,0.1885371510353876,1.791412901599326,1.7438590326759131,1.0,PF,0.001092548021249513
apartment,PF,60,800,0.02,0.4,0.2,,0,0.3,0.2,2.0,20,0,0.888671875,0.8556315104166666,0.9361979166666666,180.0,1.3,0.2,48.09574921117489,0.023604166666666666,1.0902555910543132,49,2.271963701531948,0.18537190920949703,1.6719637015319484,1.6992618998175435,1.0,PF,0.0011110319274985159
apartment,PF,60,800,0.02,0.4,0.2,,1,0.3,0.2,2.0,20,0,0.8639322916666666,0.8371744791666667,0.8932291666666666,180.0,1.45,0.15,49.60200785200633,0.024895833333333332,1.0407843137254902,51,2.123585039622732,0.14510749929079417,1.523585039622732,1.4076879084868201,1.0,PF,0.0011519535424986316
apartment,PF,60,800,0.02,0.4,0.2,,2,0.3,0.2,2.0,20,0,0.859375,0.83359375,0.9420572916666666,200.0,1.3333333333333333,0.18333333333333332,45.488090051945015,0.025458333333333333,1.0007581501137224,43,2.340812209803354,0.20669881805925058,1.7408122098033536,1.6748274796669125,1.0,PF,0.0011007521362512308
apartment,PF,60,800,0.02,0.4,0.2,,3,0.3,0.2,2.0,20,0,0.814453125,0.80537109375,0.8483072916666666,200.0,1.2166666666666666,0.11666666666666667,48.5142356329233,0.023979166666666666,0.9858156028368794,48,2.143251099319937,0.1974049772266716,1.5432510993199369,1.4880282561834088,1.0,PF,0.001119804426250539
apartment,PF,60,800,0.02,0.4,0.2,,4,0.3,0.2,2.0,20,0,0.84765625,0.8290364583333334,0.8665364583333334,200.0,1.4666666666666666,0.2,49.51532269145959,0.03133333333333333,1.014018691588785,52,2.0580505484049967,0.15961423315607187,1.4580505484049964,1.3749730697916136,1.0,PF,0.0011620404687482733
apartment,PF,60,800,0.02,0.4,0.2,,6,0.3,0.2,2.0,20,0,0.888671875,0.8519856770833334,0.9309895833333334,200.0,1.15,0.15,48.426091645217305,0.02475,1.0606060606060606,49,2.118282858681571,0.21125983698068532,1.518282858681571,1.4569419365446317,1.0,PF,0.0011673242187498546
apartment,PF,60,800,0.02,0.4,0.2,,5,0.3,0.2,2.0,20,0,0.8782552083333334,0.8537109375,0.9375,180.0,1.3,0.25,50.19783080777945,0.025520833333333333,1.05390625,53,2.1490896276118,0.21572989676665943,1.5490896276117991,1.5024836096434657,1.0,PF,0.0011773161462497227
apartment,PF,60,800,0.02,0.4,0.2,,8,0.3,0.2,2.0,20,0,0.81640625,0.7978515624999999,0.87890625,200.0,1.15,0.2,45.465108579451666,0.025770833333333333,0.9812206572769953,43,2.2073000826686853,0.15083110790897505,1.607300082668685,1.586008746885529,1.0,PF,0.0010523990112506
apartment,PF,60,800,0.02,0.4,0.2,,7,0.3,0.2,2.0,20,0,0.873046875,0.8522135416666666,0.9244791666666666,220.0,1.1666666666666667,0.23333333333333334,48.265664333977156,0.0258125,1.0379256965944272,49,2.214523099999344,0.20989642505221567,1.614523099999344,1.5075662186088432,1.0,PF,0.001138722916250572
apartment,PF,60,800,0.02,0.4,0.2,,9,0.3,0.2,2.0,20,0,0.82421875,0.7963541666666667,0.8645833333333334,200.0,1.2666666666666666,0.13333333333333333,47.85303579172789,0.028208333333333332,0.9813953488372092,47,2.0953377092265044,0.17331159346598216,1.495337709226504,1.5651096832917486,1.0,PF,0.0011317384887502158
apartment,PF,60,800,0.02,0.4,0.2,,10,0.3,0.2,2.0,20,0,0.8971354166666666,0.8694661458333334,0.955078125,200.0,1.3333333333333333,0.21666666666666667,49.93231868881147,0.026416666666666668,1.0682170542635658,52,2.0355163057431067,0.15055225565365138,1.4355163057431066,1.3928050247305814,1.0,PF,0.0011554958862507192
apartment,PF,60,800,0.02,0.4,0.2,,11,0.3,0.2,2.0,20,0,0.796875,0.79951171875,0.845703125,180.0,1.2833333333333334,0.1,47.5594742328883,0.026125,0.972200158856235,47,2.150111312682152,0.18100096922108622,1.5501113126821524,1.412127688096716,1.0,PF,0.001122339323749202
apartment,PF,60,800,0.02,0.4,0.2,,12,0.3,0.2,2.0,20,0,0.822265625,0.8218098958333334,0.8756510416666666,200.0,1.1666666666666667,0.13333333333333333,47.75238506333582,0.0245625,0.9775541795665634,48,2.0803893300416467,0.14754026055615013,1.4803893300416469,1.4435626402094317,1.0,PF,0.0011367616150005234
apartment,PF,60,800,0.02,0.4,0.2,,15,0.3,0.2,2.0,20,0,0.8528645833333334,0.8266927083333332,0.931640625,220.0,1.1833333333333333,0.18333333333333332,44.548294300019066,0.025125,1.0092449922958397,41,2.3538370320652313,0.2017630701360564,1.7538370320652312,1.6776998847301843,1.0,PF,0.0010666676037521937
apartment,PF,60,800,0.02,0.4,0.2,,13,0.3,0.2,2.0,20,0,0.8444010416666666,0.80634765625,0.888671875,180.0,1.3166666666666667,0.13333333333333333,47.30210127733573,0.026145833333333333,1.0367705835331733,46,2.199425341790853,0.22304830088706257,1.5994253417908535,1.5706986542996941,1.0,PF,0.0011321761449994484
apartment,PF,60,800,0.02,0.4,0.2,,14,0.3,0.2,2.0,20,0,0.8430989583333334,0.8298177083333332,0.8665364583333334,180.0,1.4,0.2,47.44857058151335,0.027875,1.013302034428795,47,2.1395305120989843,0.1341511116718124,1.5395305120989835,1.5014367848581993,1.0,PF,0.001123754114998974
apartment,PF,60,800,0.02,0.4,0.2,,16,0.3,0.2,2.0,20,0,0.837890625,0.8340169270833332,0.9290364583333334,200.0,1.3333333333333333,0.18333333333333332,47.24111319614158,0.026395833333333334,0.9809451219512195,48,2.158311774342213,0.2660465353304429,1.5583117743422126,1.4519142153183853,1.0,PF,0.0011799500512506712
apartment,PF,60,800,0.02,0.4,0.2,,17,0.3,0.2,2.0,20,0,0.87109375,0.8439453125,0.9322916666666666,200.0,1.25,0.26666666666666666,48.13635412351435,0.028291666666666666,1.043681747269891,49,2.244156805653216,0.23572923126052306,1.6441568056532154,1.5299354412740405,1.0,PF,0.0011592583325000306
apartment,PF,60,800,0.02,0.4,0.2,,18,0.3,0.2,2.0,20,0,0.8522135416666666,0.83232421875,0.8736979166666666,200.0,1.1666666666666667,0.15,48.879669489269425,0.02420833333333333,1.0266666666666666,51,2.061913632492365,0.13329986531605154,1.461913632492364,1.4501464574785343,1.0,PF,0.0011755388024994318
apartment,PF,60,800,0.02,0.4,0.2,,19,0.3,0.2,2.0,20,0,0.8157552083333334,0.80185546875,0.859375,180.0,1.4833333333333334,0.26666666666666666,46.50925880458304,0.023354166666666665,0.9796716184519156,45,2.174741870617299,0.15713085956023093,1.5747418706172993,1.5055462563879431,1.0,PF,0.0011368377087501358
apartment,PF,60,800,0.02,0.4,0.2,,20,0.3,0.2,2.0,20,0,0.853515625,0.8435546875,0.93359375,200.0,1.3333333333333333,0.21666666666666667,47.09726477477016,0.028208333333333332,1.0053680981595092,47,2.1851416380322397,0.1919375200097396,1.585141638032239,1.584199594555583,1.0,PF,0.0011327941662511876
apartment,PF,60,800,0.02,0.4,0.2,,21,0.3,0.2,2.0,20,0,0.8502604166666666,0.8306640625,0.9244791666666666,180.0,1.2666666666666666,0.11666666666666667,46.71386654513672,0.025541666666666667,1.0315955766192733,46,2.172942704323358,0.24552922973542843,1.572942704323357,1.46150043262868,1.0,PF,0.001137928906250636
apartment,PF,60,800,0.02,0.4,0.2,,23,0.3,0.2,2.0,20,0,0.84375,0.8061848958333332,0.9244791666666666,180.0,1.4,0.13333333333333333,48.56103565470674,0.022833333333333334,1.0117096018735363,49,2.188761399366625,0.23463050325929324,1.5887613993666247,1.4157243243787803,1.0,PF,0.0011282637499994053
apartment,PF,60,800,0.02,0.4,0.2,,22,0.3,0.2,2.0,20,0,0.84375,0.8139322916666668,0.8678385416666666,200.0,1.1833333333333333,0.2,48.36790853125863,0.023416666666666665,1.0054305663304888,49,2.136068770990766,0.1583708628780558,1.5360687709907666,1.5480939403756961,1.0,PF,0.001196370104999005
apartment,PF,60,800,0.02,0.4,0.2,,24,0.3,0.2,2.0,20,0,0.8541666666666666,0.8404947916666667,0.9264322916666666,200.0,1.4166666666666667,0.06666666666666667,47.882678001167,0.025541666666666667,1.0115651503469545,48,2.111004331229679,0.23408774567248603,1.511004331229679,1.4000844474056557,1.0,PF,0.0011638772387505014
apartment,PF,60,800,0.02,0.4,0.2,,25,0.3,0.2,2.0,20,0,0.84765625,0.8358072916666668,0.8828125,200.0,1.3333333333333333,0.13333333333333333,48.653742575784534,0.026270833333333334,1.0038550501156516,50,2.1034657116879596,0.16812360424602404,1.50346571168796,1.396825430713569,1.0,PF,0.0012147968750014116
apartment,PF,60,800,0.02,0.4,0.2,,26,0.3,0.2,2.0,20,0,0.8509114583333334,0.8136393229166666,0.9134114583333334,220.0,1.1333333333333333,0.13333333333333333,47.23901823339806,0.027020833333333334,1.031570639305446,47,2.1453765953040738,0.23554138421200346,1.5453765953040741,1.4301893750700971,1.0,PF,0.001212066771249738
apartment,PF,60,800,0.02,0.4,0.2,,27,0.3,0.2,2.0,20,0,0.833984375,0.8195638020833332,0.87109375,180.0,1.3833333333333333,0.21666666666666667,49.11327238277669,0.024916666666666667,1.00078125,51,2.0227011791651948,0.15993787665965198,1.4227011791651951,1.4128963651302322,1.0,PF,0.001261741250000341
apartment,PF,60,800,0.02,0.4,0.2,,28,0.3,0.2,2.0,20,0,0.865234375,0.8555013020833334,0.9303385416666666,240.0,1.1,0.11666666666666667,49.027476534404954,0.026479166666666668,1.043171114599686,51,2.149463168850745,0.21319919566102774,1.5494631688507452,1.4547398756778902,1.0,PF,0.0012225069274995803
apartment,PF,60,800,0.02,0.4,0.2,,29,0.3,0.2,2.0,20,0,0.841796875,0.83046875,0.875,220.0,1.4,0.16666666666666666,45.27265336360669,0.0254375,0.9900459418070444,44,2.3068888755557233,0.17350067815066186,1.7068888755557232,1.626439817709483,1.0,PF,0.0011582845312500467
apartment,PF,60,800,0.02,0.8,0.2,,0,0.3,0.2,2.0,20,0,0.8157552083333334,0.8024088541666666,0.873046875,240.0,1.5333333333333334,0.13333333333333333,50.25620782890648,0.033479166666666664,1.0211898940505297,47,1.9487302593471492,0.25114224691226733,1.3487302593471493,1.3072342761474958,1.0,PF,0.0012268634375004694
apartment,PF,60,800,0.02,0.8,0.2,,1,0.3,0.2,2.0,20,0,0.791015625,0.76923828125,0.8470052083333334,260.0,1.6333333333333333,0.18333333333333332,49.51452677742546,0.0364375,0.9727782225780625,45,2.0471124572514503,0.273401806353809,1.4471124572514507,1.3058472482233574,1.0,PF,0.0011830714587495095
apartment,PF,60,800,0.02,0.8,0.2,,3,0.3,0.2,2.0,20,0,0.8098958333333334,0.7878255208333333,0.8470052083333334,240.0,1.4833333333333334,0.3,52.57270144052364,0.03747916666666667,1.0188370188370188,51,1.9401175908391508,0.23487161652275246,1.340117590839151,1.3481896637379247,1.0,PF,0.001263188698749218
apartment,PF,60,800,0.02,0.8,0.2,,2,0.3,0.2,2.0,20,0,0.845703125,0.81552734375,0.9270833333333334,240.0,1.6333333333333333,0.18333333333333332,50.46710510146057,0.0363125,1.0535279805352797,48,2.0987035218403935,0.29308113772660793,1.4987035218403932,1.4858275674629413,1.0,PF,0.0013144140100007462
apartment,PF,60,800,0.02,0.8,0.2,,5,0.3,0.2,2.0,20,0,0.814453125,0.7805013020833333,0.8561197916666666,200.0,1.9,0.21666666666666667,51.31277413404268,0.035416666666666666,1.0683176771989753,49,1.9239949542306214,0.18775511289023908,1.3239949542306217,1.235772190317368,1.0,PF,0.0012173814062498422
apartment,PF,60,800,0.02,0.8,0.2,,4,0.3,0.2,2.0,20,0,0.8385416666666666,0.80537109375,0.8841145833333334,220.0,1.6333333333333333,0.16666666666666666,53.53392167229184,0.03647916666666667,1.053147996729354,53,1.9751137975392399,0.2868246832272721,1.37511379753924,1.2476053174620039,1.0,PF,0.0012649334375009857
apartment,PF,60,800,0.02,0.8,0.2,,6,0.3,0.2,2.0,20,0,0.814453125,0.7999999999999999,0.8600260416666666,240.0,1.5166666666666666,0.15,52.694767001399455,0.036645833333333336,1.0477386934673367,51,1.8790227979900505,0.23014674071091,1.2790227979900504,1.2195465899132762,1.0,PF,0.0011696649487521428
apartment,PF,60,800,0.02,0.8,0.2,,8,0.3,0.2,2.0,20,0,0.826171875,0.7931640625,0.859375,220.0,1.7833333333333334,0.2,50.73532039331821,0.041833333333333333,1.041871921182266,48,2.0130812216255265,0.20388513560025354,1.4130812216255269,1.3217678495065324,1.0,PF,0.0011619477599992933
apartment,PF,60,800,0.02,0.8,0.2,,7,0.3,0.2,2.0,20,0,0.8235677083333334,0.8209960937499998,0.8600260416666666,240.0,1.5666666666666667,0.23333333333333334,51.78291463241498,0.036145833333333335,0.9976340694006309,50,1.9865060517286597,0.19132768670970862,1.3865060517286594,1.3834038940542916,1.0,PF,0.0011676341149996006
apartment,PF,60,800,0.02,0.8,0.2,,9,0.3,0.2,2.0,20,0,0.8548177083333334,0.8160156250000001,0.919921875,260.0,1.4166666666666667,0.21666666666666667,50.887957912406314,0.034020833333333333,1.0537720706260032,48,2.0565149728981496,0.2741336418441842,1.4565149728981492,1.3797807396755628,1.0,PF,0.0011814680212501117
apartment,PF,60,800,0.02,0.8,0.2,,10,0.3,0.2,2.0,20,0,0.8326822916666666,0.8101236979166668,0.86328125,240.0,1.5833333333333333,0.21666666666666667,52.317170001783516,0.03929166666666667,1.0578990901571546,51,1.9405210200319198,0.20912445272174163,1.34052102003192,1.4313363631591125,1.0,PF,0.0012026569787508378
apartment,PF,60,800,0.02,0.8,0.2,,11,0.3,0.2,2.0,20,0,0.7858072916666666,0.77421875,0.86328125,240.0,1.6833333333333333,0.18333333333333332,48.937964059061876,0.034625,0.9726027397260273,44,2.0228979491219126,0.2367747869259959,1.4228979491219125,1.3941949318308864,1.0,PF,0.0011651490100007323
apartment,PF,60,800,0.02,0.8,0.2,,12,0.3,0.2,2.0,20,0,0.8248697916666666,0.80771484375,0.8658854166666666,260.0,1.8,0.23333333333333334,51.25102315888444,0.034208333333333334,1.0144115292233786,49,1.9833126647733643,0.20747211348237804,1.3833126647733642,1.2292457886956902,1.0,PF,0.0012140768750009557
apartment,PF,60,800,0.02,0.8,0.2,,13,0.3,0.2,2.0,20,0,0.8450520833333334,0.7877604166666667,0.908203125,280.0,1.7166666666666666,0.13333333333333333,52.0220940115642,0.03389583333333333,1.0384,50,2.0238730186280454,0.28335941957254906,1.4238730186280448,1.3269420474963336,1.0,PF,0.0011962334899999405
apartment,PF,60,800,0.02,0.8,0.2,,14,0.3,0.2,2.0,20,0,0.8483072916666666,0.8162434895833334,0.8821614583333334,260.0,1.7166666666666666,0.2,51.802333598477226,0.03972916666666667,1.062805872756933,50,1.9885492197182522,0.20828956043120958,1.388549219718252,1.3231178518548998,1.0,PF,0.0012131960937495022
apartment,PF,60,800,0.02,0.8,0.2,,17,0.3,0.2,2.0,20,0,0.83203125,0.83115234375,0.8697916666666666,280.0,1.8333333333333333,0.3,52.13449030384613,0.0395625,1.0240384615384615,51,1.9442488767020096,0.1622777137307173,1.3442488767020095,1.3486442907285814,1.0,PF,0.0011661753649991624
apartment,PF,60,800,0.02,0.8,0.2,,16,0.3,0.2,2.0,20,0,0.7942708333333334,0.7704752604166668,0.8444010416666666,220.0,1.7666666666666666,0.13333333333333333,49.9160146924219,0.035395833333333335,0.9942950285248574,46,2.023145202948957,0.2166737410173972,1.423145202948957,1.3288528164129647,1.0,PF,0.001200494896249893
apartment,PF,60,800,0.02,0.8,0.2,,15,0.3,0.2,2.0,20,0,0.8294270833333334,0.8181640625,0.8626302083333334,260.0,1.55,0.35,52.27271404251733,0.0386875,1.0307443365695794,51,1.9187039917460755,0.18107179559780262,1.3187039917460754,1.2631598378265516,1.0,PF,0.0012462947912490563
apartment,PF,60,800,0.02,0.8,0.2,,18,0.3,0.2,2.0,20,0,0.8515625,0.8256184895833334,0.923828125,260.0,1.35,0.3,53.48454392414173,0.03279166666666666,1.0548387096774194,53,1.8921612449326528,0.2697816622330561,1.2921612449326527,1.3329029534952905,1.0,PF,0.001210114010000325
apartment,PF,60,800,0.02,0.8,0.2,,19,0.3,0.2,2.0,20,0,0.8294270833333334,0.8121419270833332,0.8665364583333334,220.0,1.65,0.21666666666666667,50.61657196521382,0.0348125,1.0332522303325224,47,2.029408313823778,0.15937689151931575,1.4294083138237779,1.372397842143183,1.0,PF,0.0011764914587479324
apartment,PF,60,800,0.02,0.8,0.2,,20,0.3,0.2,2.0,20,0,0.8072916666666666,0.8009765625,0.8645833333333334,260.0,1.6333333333333333,0.25,51.269916145121826,0.041625,1.0105949470252649,49,1.9202071233042532,0.20293431518806462,1.320207123304253,1.3883026707433506,1.0,PF,0.0012046257812494332
apartment,PF,60,800,0.02,0.8,0.2,,21,0.3,0.2,2.0,20,0,0.818359375,0.7941731770833333,0.8548177083333334,240.0,1.55,0.2,49.512407907720664,0.034604166666666665,1.016990291262136,45,2.1248382472475056,0.1527068737703745,1.5248382472475053,1.4904926132436134,1.0,PF,0.0011789627612506593
apartment,PF,60,800,0.02,0.8,0.2,,22,0.3,0.2,2.0,20,0,0.8216145833333334,0.7994140625,0.861328125,240.0,1.6833333333333333,0.2,51.60742085900347,0.0393125,1.0144694533762058,49,1.9848150382919043,0.1731204406477779,1.3848150382919042,1.4970219862557888,1.0,PF,0.0012031892187496852
apartment,PF,60,800,0.02,0.8,0.2,,23,0.3,0.2,2.0,20,0,0.8125,0.7943359374999999,0.859375,260.0,1.7833333333333334,0.21666666666666667,52.223799174953726,0.03741666666666667,1.0348258706467661,50,1.9310004461032673,0.21597904821338265,1.3310004461032674,1.265189658378861,1.0,PF,0.0012387105724997126
apartment,PF,60,800,0.02,0.8,0.2,,24,0.3,0.2,2.0,20,0,0.8548177083333334,0.8383463541666666,0.9283854166666666,240.0,1.7,0.16666666666666666,50.930852623284906,0.03797916666666667,1.0478850758180367,48,2.093222985538586,0.26176198387238037,1.4932229855385861,1.4429074620399474,1.0,PF,0.0011527798437487035
apartment,PF,60,800,0.02,0.8,0.2,,25,0.3,0.2,2.0,20,0,0.8203125,0.8039713541666668,0.8723958333333334,240.0,1.65,0.13333333333333333,49.67324019587538,0.036958333333333336,1.0088070456365092,46,2.0660275392727483,0.17543360078844672,1.4660275392727489,1.485451687021928,1.0,PF,0.0011544532812513353
apartment,PF,60,800,0.02,0.8,0.2,,26,0.3,0.2,2.0,20,0,0.7897135416666666,0.7540364583333333,0.8671875,240.0,1.6333333333333333,0.11666666666666667,48.08992650923975,0.035229166666666666,0.979806138933764,42,2.1446915485375864,0.23178773830294055,1.5446915485375867,1.595486388773744,1.0,PF,0.0011362336975003018
apartment,PF,60,800,0.02,0.8,0.2,,27,0.3,0.2,2.0,20,0,0.8098958333333334,0.7937174479166667,0.85546875,220.0,1.8,0.21666666666666667,50.72668822676581,0.036708333333333336,1.019672131147541,48,2.0248305084522507,0.17409557409628104,1.4248305084522508,1.3407880297525103,1.0,PF,0.0012084730212495742
apartment,PF,60,800,0.02,0.8,0.2,,28,0.3,0.2,2.0,20,0,0.7955729166666666,0.7762044270833333,0.8411458333333334,240.0,1.6333333333333333,0.21666666666666667,50.05321397879326,0.0380625,1.0024610336341264,47,2.018488476675934,0.2647536278242702,1.4184884766759334,1.3133009822597468,1.0,PF,0.0011971509887484899
apartment,PF,60,800,0.02,0.8,0.2,,29,0.3,0.2,2.0,20,0,0.80078125,0.7929036458333335,0.8444010416666666,220.0,1.5166666666666666,0.21666666666666667,51.52440517023211,0.0319375,1.0,49,2.0729622365025127,0.21102648095208734,1.472962236502513,1.3994686380847092,1.0,PF,0.0011871842187520087
rubble,PF,60,800,0.02,0.0,0.2,,0,0.3,0.2,2.0,20,0,0.74231843575419,0.7186103351955307,0.7995810055865922,220.0,0.9166666666666666,0.45,31.716181795256823,0.022375,1.0483234714003946,53,1.9417707932982082,0.22493307490654674,1.3417707932982081,1.2136948094954136,1.0,PF,0.0011565152087496245
rubble,PF,60,800,0.02,0.0,0.2,,1,0.3,0.2,2.0,20,0,0.7039106145251397,0.6917248603351955,0.7981843575418994,260.0,1.1666666666666667,0.48333333333333334,29.688506935425615,0.026729166666666665,0.972972972972973,45,2.0283919252168685,0.21590570927305738,1.428391925216868,1.3497833188512836,1.0,PF,0.0010348948437513173
rubble,PF,60,800,0.02,0.0,0.2,,2,0.3,0.2,2.0,20,0,0.7737430167597765,0.7683659217877095,0.8372905027932961,220.0,1.4166666666666667,0.43333333333333335,30.903108678197214,0.03929166666666667,1.032618825722274,51,2.025168081917908,0.22575966770085734,1.4251680819179076,1.3271216354482411,1.0,PF,0.0011385965624981509
rubble,PF,60,800,0.02,0.0,0.2,,4,0.3,0.2,2.0,20,0,0.6159217877094972,0.599022346368715,0.7493016759776536,240.0,1.2166666666666666,0.3333333333333333,29.7208303191622,0.028375,0.8855421686746989,43,1.9682292932419445,0.24603619118581546,1.3682292932419449,1.29234741882486,1.0,PF,0.0010170568749981613
rubble,PF,60,800,0.02,0.0,0.2,,3,0.3,0.2,2.0,20,0,0.7479050279329609,0.7344622905027933,0.8365921787709497,160.0,1.3,0.38333333333333336,30.715201568449967,0.0356875,1.0347826086956522,49,2.01914329926863,0.20457775249248533,1.4191432992686297,1.3116487770549825,1.0,PF,0.0010564391662501293
rubble,PF,60,800,0.02,0.0,0.2,,5,0.3,0.2,2.0,20,0,0.7136871508379888,0.7078212290502794,0.7877094972067039,240.0,1.2666666666666666,0.3,31.47383556005244,0.031145833333333334,0.9893514036786061,52,1.9398599735355189,0.26197734076285484,1.3398599735355188,1.2028989734378857,1.0,PF,0.0010870482287486994
rubble,PF,60,800,0.02,0.0,0.2,,6,0.3,0.2,2.0,20,0,0.7416201117318436,0.7213337988826818,0.8016759776536313,200.0,1.3833333333333333,0.36666666666666664,30.93984628638108,0.028979166666666667,1.0104662226451,49,2.0550502415852407,0.1877980990865868,1.4550502415852413,1.3792218408799872,1.0,PF,0.001076674271250795
rubble,PF,60,800,0.02,0.0,0.2,,7,0.3,0.2,2.0,20,0,0.7437150837988827,0.7246508379888268,0.8065642458100558,240.0,1.2166666666666666,0.35,30.855379418974803,0.02654166666666667,1.0370009737098345,50,2.0067246174904807,0.23402102015775955,1.4067246174904804,1.2757185618391924,1.0,PF,0.0010946836975017505
rubble,PF,60,800,0.02,0.0,0.2,,8,0.3,0.2,2.0,20,0,0.7081005586592178,0.7021298882681564,0.7737430167597765,180.0,1.0333333333333334,0.31666666666666665,30.135670361528483,0.024583333333333332,0.9931439764936336,47,2.0062765399726983,0.23348262152746876,1.4062765399726982,1.3409770423622311,1.0,PF,0.0010481505212510457
rubble,PF,60,800,0.02,0.0,0.2,,9,0.3,0.2,2.0,20,0,0.6843575418994413,0.6835893854748603,0.7583798882681564,200.0,1.2666666666666666,0.2833333333333333,29.425534390420555,0.02414583333333333,0.9929078014184397,45,2.0482426452906024,0.28921395247926324,1.4482426452906023,1.342070820568218,1.0,PF,0.0010856573437490625
rubble,PF,60,800,0.02,0.0,0.2,,10,0.3,0.2,2.0,20,0,0.6934357541899442,0.6844972067039106,0.7814245810055865,180.0,1.05,0.26666666666666666,30.746143034031807,0.029291666666666667,0.9831683168316832,49,1.9221754717802013,0.20641540413692025,1.3221754717802015,1.2917993272693042,1.0,PF,0.00108796552000058
rubble,PF,60,800,0.02,0.0,0.2,,11,0.3,0.2,2.0,20,0,0.7067039106145251,0.6873952513966481,0.7681564245810056,240.0,1.2,0.3333333333333333,30.29081067735151,0.027083333333333334,0.9882812499999999,48,2.01392185347157,0.2672056684226247,1.4139218534715698,1.2821547751084545,1.0,PF,0.001082266406249346
rubble,PF,60,800,0.02,0.0,0.2,,12,0.3,0.2,2.0,20,0,0.6682960893854749,0.6620810055865922,0.755586592178771,260.0,1.25,0.35,30.036745406426466,0.0203125,0.9656912209889001,46,2.061519539547362,0.3738116397995168,1.4615195395473615,1.2316716034600899,1.0,PF,0.0010899412499998107
rubble,PF,60,800,0.02,0.0,0.2,,13,0.3,0.2,2.0,20,0,0.770949720670391,0.7671089385474861,0.8268156424581006,220.0,1.2666666666666666,0.43333333333333335,31.06370085063618,0.04572916666666667,1.0072992700729926,50,2.0398834357803044,0.20763053551962588,1.4398834357803043,1.393050769192909,1.0,PF,0.0011072127612487747
rubble,PF,60,800,0.02,0.0,0.2,,14,0.3,0.2,2.0,20,0,0.6843575418994413,0.6804469273743017,0.75768156424581,260.0,1.3166666666666667,0.18333333333333332,29.77283942960163,0.025354166666666667,0.9674234945705824,45,2.019621246041989,0.24670525413633526,1.4196212460419888,1.3467109489820093,1.0,PF,0.001091545156250504
rubble,PF,60,800,0.02,0.0,0.2,,15,0.3,0.2,2.0,20,0,0.7150837988826816,0.7046438547486032,0.7772346368715084,200.0,1.4666666666666666,0.26666666666666666,30.768124656786473,0.025166666666666667,1.0481064483111566,49,1.8884770050279258,0.16658223077428141,1.288477005027926,1.2186755348524358,1.0,PF,0.001089350312499846
rubble,PF,60,800,0.02,0.0,0.2,,16,0.3,0.2,2.0,20,0,0.6976256983240223,0.6935405027932962,0.784217877094972,240.0,1.25,0.3,30.837061724085945,0.025,0.9708454810495626,50,1.9276886102564028,0.27082272069410473,1.327688610256403,1.206782803806656,1.0,PF,0.0011939961975008372
rubble,PF,60,800,0.02,0.0,0.2,,17,0.3,0.2,2.0,20,0,0.7346368715083799,0.7067737430167598,0.7828212290502793,240.0,1.2,0.25,31.467505327570695,0.0208125,1.0946930280957337,51,1.905957232578055,0.22511603824379173,1.3059572325780544,1.2479096670444605,1.0,PF,0.001136307448750813
rubble,PF,60,800,0.02,0.0,0.2,,18,0.3,0.2,2.0,20,0,0.736731843575419,0.7154329608938548,0.8107541899441341,200.0,1.3,0.3,31.24958227864421,0.027875,1.053946053946054,50,1.9863373495266436,0.2520830053178591,1.3863373495266433,1.2237439385817153,1.0,PF,0.0011729791662514798
rubble,PF,60,800,0.02,0.0,0.2,,19,0.3,0.2,2.0,20,0,0.7283519553072626,0.718854748603352,0.7918994413407822,240.0,1.2,0.3,31.54399232165006,0.02225,1.0106589147286822,51,1.9592529622125259,0.256971449863854,1.359252962212526,1.2412228988398266,1.0,PF,0.0011653738025006533
rubble,PF,60,800,0.02,0.0,0.2,,20,0.3,0.2,2.0,20,0,0.7479050279329609,0.7246508379888268,0.8107541899441341,220.0,1.1,0.3,31.752927302770996,0.028791666666666667,1.06993006993007,52,1.9299823261553546,0.2344781752911418,1.3299823261553538,1.200403771018982,1.0,PF,0.0012033461987493866
rubble,PF,60,800,0.02,0.0,0.2,,22,0.3,0.2,2.0,20,0,0.7227653631284916,0.7184706703910615,0.7953910614525139,200.0,1.2833333333333334,0.35,30.654975205800703,0.029208333333333333,0.9980713596914176,49,2.0237161791551173,0.2407613010914099,1.4237161791551176,1.2842777124517704,1.0,PF,0.0011520569787512613
rubble,PF,60,800,0.02,0.0,0.2,,21,0.3,0.2,2.0,20,0,0.7053072625698324,0.6974162011173184,0.7583798882681564,160.0,1.3333333333333333,0.2,30.61205288758339,0.028104166666666666,1.001984126984127,50,1.9931830126858265,0.26713520702112287,1.3931830126858264,1.251871061138698,1.0,PF,0.0011891958850014817
rubble,PF,60,800,0.02,0.0,0.2,,23,0.3,0.2,2.0,20,0,0.7081005586592178,0.6870810055865922,0.7835195530726257,200.0,1.3333333333333333,0.5333333333333333,31.202678119009416,0.028791666666666667,1.0211480362537764,49,2.0060311940312827,0.286833725315739,1.4060311940312822,1.1795737014102925,1.0,PF,0.0011532938537493465
rubble,PF,60,800,0.02,0.0,0.2,,24,0.3,0.2,2.0,20,0,0.7094972067039106,0.6917248603351955,0.7639664804469274,260.0,1.3,0.31666666666666665,32.124705164826864,0.030458333333333334,1.0190571715145436,52,1.9036087894178235,0.2258239219771655,1.3036087894178237,1.206204573921865,1.0,PF,0.0011790024474998973
rubble,PF,60,800,0.02,0.0,0.2,,25,0.3,0.2,2.0,20,0,0.7360335195530726,0.7053421787709497,0.7988826815642458,240.0,1.45,0.4166666666666667,31.38593513169395,0.03666666666666667,1.0282926829268293,50,1.9578102866241918,0.19217482192177393,1.3578102866241917,1.2773405902864232,1.0,PF,0.001165248593749766
rubble,PF,60,800,0.02,0.0,0.2,,26,0.3,0.2,2.0,20,0,0.7283519553072626,0.7148393854748604,0.8121508379888268,220.0,1.2333333333333334,0.25,30.6453942937055,0.025916666666666668,1.0048169556840076,48,1.9375341946059013,0.155034615386625,1.3375341946059016,1.2712187962417114,1.0,PF,0.0011428507812502175
rubble,PF,60,800,0.02,0.0,0.2,,27,0.3,0.2,2.0,20,0,0.6801675977653632,0.6755935754189945,0.7653631284916201,200.0,1.0666666666666667,0.36666666666666664,29.622354700336363,0.025208333333333333,0.9672293942403178,44,2.0315729366112345,0.2272213543540614,1.4315729366112346,1.3287245217086983,1.0,PF,0.0011032431249986985
rubble,PF,60,800,0.02,0.0,0.2,,28,0.3,0.2,2.0,20,0,0.6948324022346368,0.6907821229050279,0.7590782122905028,200.0,1.3,0.4666666666666667,31.03536632056555,0.03175,0.990049751243781,50,1.9514907267313122,0.298904749606382,1.3514907267313123,1.1951422062322583,1.0,PF,0.001147953333750138
rubble,PF,60,800,0.02,0.0,0.2,,29,0.3,0.2,2.0,20,0,0.6976256983240223,0.6876745810055866,0.763268156424581,200.0,1.2833333333333334,0.15,29.667463684035248,0.0268125,0.9930417495029821,45,2.107067604567424,0.2780090491243901,1.507067604567424,1.3607165390344105,1.0,PF,0.0010552700512494084
rubble,PF,60,800,0.02,0.1,0.2,,0,0.3,0.2,2.0,20,0,0.7067039106145251,0.6878491620111732,0.7702513966480447,200.0,1.0666666666666667,0.3,32.9329243446663,0.023125,0.9941060903732809,42,2.140872029023606,0.22505995816878302,1.5408720290236064,1.3662235913933443,1.0,PF,0.0010484056774998861
rubble,PF,60,800,0.02,0.1,0.2,,1,0.3,0.2,2.0,20,0,0.6668994413407822,0.6548882681564245,0.7583798882681564,260.0,1.0666666666666667,0.45,35.40352268490962,0.03189583333333333,0.9390363815142577,50,1.8499155057170773,0.2666582951358072,1.249915505717077,1.1693123490535764,1.0,PF,0.0011265591149981448
rubble,PF,60,800,0.02,0.1,0.2,,2,0.3,0.2,2.0,20,0,0.702513966480447,0.668645251396648,0.7688547486033519,200.0,1.3833333333333333,0.5666666666666667,35.17043651598746,0.03229166666666667,1.0213197969543149,48,1.9649974166526702,0.24028878243605703,1.3649974166526704,1.199560215948009,1.0,PF,0.0011040857812508874
rubble,PF,60,800,0.02,0.1,0.2,,3,0.3,0.2,2.0,20,0,0.6662011173184358,0.6559706703910614,0.7646648044692738,240.0,1.35,0.45,33.79241663658775,0.0358125,0.9597585513078472,47,1.9412472009025206,0.19554379920218382,1.3412472009025207,1.3061802546525216,1.0,PF,0.0010939406762486214
rubble,PF,60,800,0.02,0.1,0.2,,4,0.3,0.2,2.0,20,0,0.7339385474860335,0.7065642458100558,0.8254189944134078,220.0,1.2666666666666666,0.5166666666666667,34.142213898119344,0.03395833333333333,1.051,45,2.068382773036778,0.26353024952884985,1.468382773036778,1.2946827469495803,1.0,PF,0.0010699880724996547
rubble,PF,60,800,0.02,0.1,0.2,,5,0.3,0.2,2.0,20,0,0.7115921787709497,0.6892807262569832,0.7870111731843575,220.0,1.2666666666666666,0.36666666666666664,35.87340052218715,0.034,0.988360814742968,51,1.892455414289285,0.27529234188204876,1.292455414289285,1.1658809824724528,1.0,PF,0.0011303776037493662
rubble,PF,60,800,0.02,0.1,0.2,,6,0.3,0.2,2.0,20,0,0.7011173184357542,0.6893854748603353,0.755586592178771,200.0,1.2666666666666666,0.4166666666666667,34.43833794975582,0.031145833333333334,1.002997002997003,47,2.0370492937222275,0.2706467187686965,1.4370492937222277,1.3422979622246878,1.0,PF,0.0010957323962497868
rubble,PF,60,800,0.02,0.1,0.2,,7,0.3,0.2,2.0,20,0,0.6536312849162011,0.6485684357541899,0.7548882681564246,200.0,1.3666666666666667,0.48333333333333334,34.25722260936559,0.028625,0.9221674876847291,45,1.9700858480929295,0.2505582910269037,1.3700858480929299,1.2848733688849188,1.0,PF,0.0010623776037505194
rubble,PF,60,800,0.02,0.1,0.2,,8,0.3,0.2,2.0,20,0,0.7220670391061452,0.700768156424581,0.7702513966480447,280.0,1.0666666666666667,0.4666666666666667,36.48403497413811,0.024020833333333335,1.037111334002006,52,1.9060392115773526,0.2512660713781232,1.306039211577353,1.1887340687033399,1.0,PF,0.0011439613537504556
rubble,PF,60,800,0.02,0.1,0.2,,9,0.3,0.2,2.0,20,0,0.7122905027932961,0.6864874301675978,0.7625698324022346,220.0,1.2,0.4166666666666667,36.693639541296285,0.0260625,1.0559006211180124,53,1.9067835243269915,0.22063659886543874,1.3067835243269914,1.2427315974864284,1.0,PF,0.001150525259999995
rubble,PF,60,800,0.02,0.1,0.2,,11,0.3,0.2,2.0,20,0,0.6885474860335196,0.6708798882681564,0.7625698324022346,240.0,1.25,0.31666666666666665,34.43821962789732,0.025625,0.9714285714285715,46,1.9872816097303734,0.2025608679318654,1.3872816097303733,1.3382892580335715,1.0,PF,0.0010571244275001846
rubble,PF,60,800,0.02,0.1,0.2,,10,0.3,0.2,2.0,20,0,0.6941340782122905,0.6808659217877094,0.7590782122905028,260.0,1.1833333333333333,0.5,34.05179205964179,0.035520833333333335,0.9959919839679359,46,2.078593778687316,0.29406933951546466,1.4785937786873158,1.2488640606031112,1.0,PF,0.0011121426049999173
rubble,PF,60,800,0.02,0.1,0.2,,12,0.3,0.2,2.0,20,0,0.744413407821229,0.7138617318435754,0.7939944134078212,240.0,1.2,0.48333333333333334,37.141851021610734,0.023,1.0649350649350648,54,1.875559788031552,0.2565455559979958,1.2755597880315521,1.1728076046843094,1.0,PF,0.0011124864587509365
rubble,PF,60,800,0.02,0.1,0.2,,13,0.3,0.2,2.0,20,0,0.7094972067039106,0.6912360335195531,0.7702513966480447,220.0,1.4166666666666667,0.2833333333333333,35.2820694638007,0.03260416666666666,1.0029615004935835,49,1.9452956004553368,0.2637438593826327,1.3452956004553365,1.1665228679720943,1.0,PF,0.0010989555724995625
rubble,PF,60,800,0.02,0.1,0.2,,14,0.3,0.2,2.0,20,0,0.7569832402234636,0.7315293296089386,0.8170391061452514,260.0,0.9833333333333333,0.3333333333333333,35.196587566184725,0.0268125,1.0658800393313668,48,1.986669070880219,0.21310685971286225,1.3866690708802192,1.2895262794288203,1.0,PF,0.0010754662499994083
rubble,PF,60,800,0.02,0.1,0.2,,15,0.3,0.2,2.0,20,0,0.7346368715083799,0.715677374301676,0.7981843575418994,260.0,1.4333333333333333,0.35,36.54730227823318,0.027541666666666666,1.0499001996007984,53,1.8744961799538606,0.26292211761596324,1.274496179953861,1.082879487719587,1.0,PF,0.001180602187500881
rubble,PF,60,800,0.02,0.1,0.2,,16,0.3,0.2,2.0,20,0,0.7430167597765364,0.7131983240223464,0.7870111731843575,240.0,1.2833333333333334,0.5,36.40460839574521,0.026875,1.0802030456852794,53,1.9537745348014763,0.22345779951679717,1.3537745348014765,1.2660109241631616,1.0,PF,0.001151707865001299
rubble,PF,60,800,0.02,0.1,0.2,,17,0.3,0.2,2.0,20,0,0.7032122905027933,0.683554469273743,0.7779329608938548,240.0,1.2833333333333334,0.6166666666666667,35.05261627196132,0.026395833333333334,1.0161453077699294,48,2.0285276742100646,0.3265195533978582,1.4285276742100645,1.265404607171721,1.0,PF,0.0011106779162491877
rubble,PF,60,800,0.02,0.1,0.2,,19,0.3,0.2,2.0,20,0,0.715782122905028,0.6971368715083799,0.7960893854748603,240.0,1.15,0.3,33.270063015043874,0.0295,0.9761904761904763,44,2.0905059334337213,0.2586362998096377,1.4905059334337212,1.2965304936853963,1.0,PF,0.0010387063012512953
rubble,PF,60,800,0.02,0.1,0.2,,18,0.3,0.2,2.0,20,0,0.7178770949720671,0.7047486033519553,0.8044692737430168,220.0,1.3166666666666667,0.4,35.73661599503344,0.030291666666666668,1.0029268292682927,51,1.8338763527828768,0.19974093941102533,1.233876352782877,1.1067399494392594,1.0,PF,0.0011373904687502546
rubble,PF,60,800,0.02,0.1,0.2,,20,0.3,0.2,2.0,20,0,0.7451117318435754,0.7313896648044693,0.8191340782122905,180.0,1.1666666666666667,0.38333333333333336,35.18887163296874,0.030375,1.0419921875,50,1.9481099420845212,0.23704622900438027,1.348109942084521,1.2346892232115712,1.0,PF,0.0011525933849998182
rubble,PF,60,800,0.02,0.1,0.2,,21,0.3,0.2,2.0,20,0,0.6899441340782123,0.6610684357541899,0.7695530726256983,240.0,1.35,0.31666666666666665,33.557988774788576,0.030145833333333334,0.9772502472799208,43,2.0556125616228975,0.2776877120693968,1.4556125616228979,1.3121346791988286,1.0,PF,0.0010644469274984658
rubble,PF,60,800,0.02,0.1,0.2,,22,0.3,0.2,2.0,20,0,0.659217877094972,0.6456703910614525,0.7569832402234636,200.0,1.25,0.36666666666666664,33.328824292836224,0.030520833333333334,0.9458917835671342,43,2.0967641009502462,0.31135286332310763,1.4967641009502466,1.395295689924601,1.0,PF,0.0010881695312514239
rubble,PF,60,800,0.02,0.1,0.2,,23,0.3,0.2,2.0,20,0,0.6934357541899442,0.6741620111731843,0.7597765363128491,180.0,1.3666666666666667,0.45,35.728126969668786,0.027020833333333334,1.0091463414634148,50,1.9761619055520405,0.2775171772952432,1.3761619055520404,1.2430161562814341,1.0,PF,0.0011500094787493254
rubble,PF,60,800,0.02,0.1,0.2,,24,0.3,0.2,2.0,20,0,0.7067039106145251,0.7058310055865923,0.7625698324022346,260.0,1.2333333333333334,0.4666666666666667,35.05536530135105,0.030666666666666665,0.9970443349753695,49,2.0219953708570535,0.277200403679713,1.421995370857053,1.2750659680300012,1.0,PF,0.0011351441662509386
rubble,PF,60,800,0.02,0.1,0.2,,25,0.3,0.2,2.0,20,0,0.7129888268156425,0.6968226256983241,0.7681564245810056,220.0,1.5,0.3333333333333333,34.54576333082479,0.030729166666666665,1.014910536779324,46,1.9963357645861184,0.2409132497560986,1.3963357645861185,1.3329303749884542,1.0,PF,0.0010949213024991878
rubble,PF,60,800,0.02,0.1,0.2,,26,0.3,0.2,2.0,20,0,0.6696927374301676,0.6630586592178771,0.797486033519553,280.0,1.05,0.43333333333333335,32.068068294993076,0.021,0.9212295869356387,39,2.1869848119457247,0.2546707304516514,1.5869848119457248,1.3917367094365432,1.0,PF,0.0010055768749998605
rubble,PF,60,800,0.02,0.1,0.2,,27,0.3,0.2,2.0,20,0,0.6578212290502793,0.6360335195530725,0.7513966480446927,260.0,1.1333333333333333,0.45,34.65125362331811,0.022229166666666668,0.9534412955465587,46,2.0156081209466286,0.31839762090422175,1.4156081209466285,1.2362373080624234,1.0,PF,0.0010940767187503297
rubble,PF,60,800,0.02,0.1,0.2,,28,0.3,0.2,2.0,20,0,0.729050279329609,0.7181215083798883,0.8016759776536313,220.0,1.2166666666666666,0.45,34.583573860170254,0.029541666666666667,1.0398406374501992,47,2.02777935972315,0.27146323064746236,1.42777935972315,1.1987702574777743,1.0,PF,0.0010804990625001665
rubble,PF,60,800,0.02,0.1,0.2,,29,0.3,0.2,2.0,20,0,0.7129888268156425,0.6882332402234637,0.8170391061452514,240.0,1.1666666666666667,0.38333333333333336,33.23075406224225,0.037208333333333336,0.9613935969868173,44,2.114914645155047,0.2378352628610237,1.5149146451550473,1.3790521855602735,1.0,PF,0.0010975176050010305
rubble,PF,60,800,0.02,0.2,0.2,,0,0.3,0.2,2.0,20,0,0.6696927374301676,0.6447276536312849,0.736731843575419,240.0,1.1,0.7166666666666667,41.19616362798524,0.0284375,0.9845995893223818,44,2.1028701232530107,0.2581307963703723,1.5028701232530104,1.3590534167734734,1.0,PF,0.0010664661975010859
rubble,PF,60,800,0.02,0.2,0.2,,1,0.3,0.2,2.0,20,0,0.7129888268156425,0.694727653631285,0.7674581005586593,300.0,1.1166666666666667,0.6666666666666666,42.59501099202078,0.0280625,1.0128968253968254,49,1.9349987879129475,0.27785627591035555,1.3349987879129475,1.1703441575989624,1.0,PF,0.0010866667187497115
rubble,PF,60,800,0.02,0.2,0.2,,2,0.3,0.2,2.0,20,0,0.7618715083798883,0.7334497206703909,0.8337988826815642,260.0,1.2833333333333334,0.6166666666666667,42.675983809025034,0.03135416666666667,1.0685602350636632,50,2.003480202941858,0.2338863666074051,1.403480202941858,1.2800573247250306,1.0,PF,0.0011018475000014404
rubble,PF,60,800,0.02,0.2,0.2,,3,0.3,0.2,2.0,20,0,0.7409217877094972,0.7204958100558659,0.7967877094972067,220.0,1.5,0.6166666666666667,41.64541317913088,0.03214583333333333,1.038160469667319,48,1.9401743737479926,0.1947500966933744,1.3401743737479925,1.2809808739838298,1.0,PF,0.0010866404174998934
rubble,PF,60,800,0.02,0.2,0.2,,4,0.3,0.2,2.0,20,0,0.7081005586592178,0.6856843575418994,0.7695530726256983,280.0,1.1666666666666667,0.5166666666666667,40.34966899293966,0.034208333333333334,0.9970501474926253,44,2.097048911413138,0.2733884029385643,1.497048911413138,1.3248467132202966,1.0,PF,0.001072536353749456
rubble,PF,60,800,0.02,0.2,0.2,,5,0.3,0.2,2.0,20,0,0.7122905027932961,0.6971019553072626,0.8135474860335196,240.0,1.2666666666666666,0.5,40.16466157353438,0.03764583333333334,0.9705042816365367,43,2.101943901125208,0.28918401957725565,1.5019439011252085,1.2352114344294916,1.0,PF,0.0010425326562494774
rubble,PF,60,800,0.02,0.2,0.2,,6,0.3,0.2,2.0,20,0,0.7269553072625698,0.7043994413407821,0.7835195530726257,240.0,1.5,0.5166666666666667,42.17184424086873,0.037375,0.9942693409742119,48,1.9986439797079354,0.2552367272347679,1.398643979707935,1.216291092407001,1.0,PF,0.0011091217712487379
rubble,PF,60,800,0.02,0.2,0.2,,7,0.3,0.2,2.0,20,0,0.7122905027932961,0.6899441340782123,0.7835195530726257,240.0,1.3833333333333333,0.6,41.873149035990444,0.0394375,1.000981354268891,48,2.036102395226832,0.2800124171063954,1.4361023952268317,1.3007694775003609,1.0,PF,0.0010815013549995455
rubble,PF,60,800,0.02,0.2,0.2,,8,0.3,0.2,2.0,20,0,0.75768156424581,0.7236033519553072,0.821927374301676,260.0,1.1333333333333333,0.5666666666666667,43.056943407410685,0.034854166666666665,1.081754735792622,50,2.006061242701731,0.2764920045458214,1.4060612427017316,1.1985456281944642,1.0,PF,0.001124050000000807
rubble,PF,60,800,0.02,0.2,0.2,,9,0.3,0.2,2.0,20,0,0.7339385474860335,0.7202863128491621,0.7946927374301676,260.0,1.1833333333333333,0.48333333333333334,42.08789497298323,0.03352083333333333,1.0364891518737673,49,2.038019798744648,0.25572622922579824,1.4380197987446477,1.272738085636402,1.0,PF,0.0011240887500002827
rubble,PF,60,800,0.02,0.2,0.2,,10,0.3,0.2,2.0,20,0,0.7374301675977654,0.7046787709497206,0.7807262569832403,280.0,1.1166666666666667,0.5333333333333333,44.2101816790476,0.0349375,1.0742624618514751,53,1.9163043140256937,0.2245385945157042,1.3163043140256938,1.2540444185750874,1.0,PF,0.0011158891674995174
rubble,PF,60,800,0.02,0.2,0.2,,11,0.3,0.2,2.0,20,0,0.6843575418994413,0.659322625698324,0.7374301675977654,200.0,1.1,0.6333333333333333,40.88322322954425,0.0281875,1.0176531671858775,44,2.055573913469028,0.2612390239488986,1.4555739134690278,1.335770690393051,1.0,PF,0.001064013281250027
rubble,PF,60,800,0.02,0.2,0.2,,12,0.3,0.2,2.0,20,0,0.7129888268156425,0.705586592178771,0.7772346368715084,240.0,1.35,0.6666666666666666,40.824539054733194,0.026125,1.0365482233502539,45,2.0756086060424295,0.23198968151324942,1.4756086060424294,1.4007637454188338,1.0,PF,0.001086108332499407
rubble,PF,60,800,0.02,0.2,0.2,,13,0.3,0.2,2.0,20,0,0.8170391061452514,0.7807262569832402,0.880586592178771,260.0,1.4,0.6,43.563644565136215,0.04639583333333333,1.1058601134215502,53,1.9844054520761198,0.236605739094513,1.3844054520761202,1.3307309407434942,1.0,PF,0.0011513406250014669
rubble,PF,60,800,0.02,0.2,0.2,,14,0.3,0.2,2.0,20,0,0.7346368715083799,0.7051326815642459,0.7981843575418994,260.0,1.1666666666666667,0.7166666666666667,41.81628473632129,0.03660416666666667,1.072375127420999,48,2.0016268195619173,0.21213735619159693,1.4016268195619173,1.3139288505196993,1.0,PF,0.0011328784900001665
rubble,PF,60,800,0.02,0.2,0.2,,15,0.3,0.2,2.0,20,0,0.651536312849162,0.6245810055865922,0.7325418994413407,220.0,1.4666666666666666,0.5333333333333333,43.149593645465906,0.03266666666666666,0.9688473520249222,49,1.8758056706462318,0.2772437803731768,1.275805670646232,1.1352318290982861,1.0,PF,0.001140909062501123
rubble,PF,60,800,0.02,0.2,0.2,,16,0.3,0.2,2.0,20,0,0.6787709497206704,0.6676326815642458,0.789804469273743,260.0,1.2333333333333334,0.6,41.685808028312564,0.036875,0.9642857142857143,46,2.028951758769695,0.2772721639909738,1.428951758769695,1.3039659340208047,1.0,PF,0.0011245615100006034
rubble,PF,60,800,0.02,0.2,0.2,,17,0.3,0.2,2.0,20,0,0.7067039106145251,0.692213687150838,0.7674581005586593,200.0,1.2,0.65,41.20815471096872,0.027604166666666666,1.0400822199383348,46,1.9778303710322778,0.21363645338745202,1.377830371032278,1.1990859117784651,1.0,PF,0.0011016495312492225
rubble,PF,60,800,0.02,0.2,0.2,,18,0.3,0.2,2.0,20,0,0.6920391061452514,0.674231843575419,0.7597765363128491,240.0,1.3,0.36666666666666664,41.569011768281875,0.04175,0.994979919678715,47,2.033105867100555,0.29650603774529516,1.433105867100555,1.2701067923912754,1.0,PF,0.0011480933324992293
rubble,PF,60,800,0.02,0.2,0.2,,19,0.3,0.2,2.0,20,0,0.6878491620111732,0.6633729050279329,0.7534916201117319,200.0,1.1333333333333333,0.55,40.230841488791235,0.027875,1.0,43,2.022628369083658,0.2534228804813019,1.422628369083658,1.3400634821203807,1.0,PF,0.0010983651562492013
rubble,PF,60,800,0.02,0.2,0.2,,20,0.3,0.2,2.0,20,0,0.7039106145251397,0.6893505586592179,0.7688547486033519,240.0,1.1166666666666667,0.5166666666666667,43.09403086827683,0.034291666666666665,1.024390243902439,49,1.9336909800600164,0.24170071558016862,1.3336909800600165,1.2268189575271515,1.0,PF,0.0011149922924983003
rubble,PF,60,800,0.02,0.2,0.2,,21,0.3,0.2,2.0,20,0,0.7437150837988827,0.7374301675977655,0.8170391061452514,280.0,1.4333333333333333,0.6666666666666666,42.43178210840074,0.037375,1.0430950048971597,50,1.9415518352629781,0.21014010377365067,1.3415518352629783,1.316124456881007,1.0,PF,0.0011263590625003417
rubble,PF,60,800,0.02,0.2,0.2,,22,0.3,0.2,2.0,20,0,0.6682960893854749,0.651536312849162,0.7332402234636871,220.0,1.3833333333333333,0.6166666666666667,39.242207252465924,0.03339583333333333,0.9958376690946932,42,2.108546198033897,0.24372698961205166,1.5085461980338966,1.381189858027634,1.0,PF,0.0010675911449993692
rubble,PF,60,800,0.02,0.2,0.2,,23,0.3,0.2,2.0,20,0,0.7360335195530726,0.7115572625698324,0.8009776536312849,220.0,1.3833333333333333,0.7333333333333333,43.90728422172389,0.0329375,1.0561122244488979,52,1.91373274304955,0.2782098022121581,1.31373274304955,1.2255022281778234,1.0,PF,0.001141197083750285
rubble,PF,60,800,0.02,0.2,0.2,,24,0.3,0.2,2.0,20,0,0.7046089385474861,0.689490223463687,0.803072625698324,240.0,1.2666666666666666,0.7333333333333333,43.24539967222532,0.03139583333333333,0.9853515625,50,1.796242300559532,0.23100348829183237,1.196242300559532,1.0965711242979668,1.0,PF,0.0011025209374997758
rubble,PF,60,800,0.02,0.2,0.2,,25,0.3,0.2,2.0,20,0,0.672486033519553,0.648358938547486,0.7569832402234636,260.0,1.4166666666666667,0.75,40.812462967758094,0.03785416666666667,0.9717457114026236,44,2.1089271746233185,0.33298494476045715,1.5089271746233188,1.328949192022439,1.0,PF,0.0011053598950002198
rubble,PF,60,800,0.02,0.2,0.2,,26,0.3,0.2,2.0,20,0,0.7060055865921788,0.6852653631284915,0.7688547486033519,200.0,1.0,0.5666666666666667,42.56439095148082,0.035645833333333335,1.0422680412371135,49,1.932555290707442,0.2606805280899458,1.332555290707442,1.1669070585895733,1.0,PF,0.001110634583751562
rubble,PF,60,800,0.02,0.2,0.2,,27,0.3,0.2,2.0,20,0,0.6668994413407822,0.6620111731843575,0.7597765363128491,260.0,1.1833333333333333,0.38333333333333336,37.533254230117954,0.025416666666666667,0.9725050916496946,37,2.2833080017211174,0.2905516370662484,1.683308001721118,1.487960413584302,1.0,PF,0.0010349079162506314
rubble,PF,60,800,0.02,0.2,0.2,,28,0.3,0.2,2.0,20,0,0.7814245810055865,0.7563896648044691,0.835195530726257,200.0,1.4166666666666667,0.55,44.26772966031063,0.03641666666666667,1.0769971126082771,53,1.9940550887784345,0.23430209691836634,1.394055088778434,1.25347444067706,1.0,PF,0.0011606458862502222
rubble,PF,60,800,0.02,0.2,0.2,,29,0.3,0.2,2.0,20,0,0.7416201117318436,0.7181215083798883,0.8107541899441341,220.0,1.1833333333333333,0.65,43.60789837246336,0.036875,1.065195586760281,51,1.92396856485746,0.25423189918069466,1.3239685648574602,1.1860718977295597,1.0,PF,0.001170175937500062
rubble,PF,60,800,0.02,0.4,0.2,,0,0.3,0.2,2.0,20,0,0.7409217877094972,0.720740223463687,0.827513966480447,260.0,1.1666666666666667,0.6333333333333333,48.48993578100626,0.035666666666666666,1.045320197044335,49,1.908557339657303,0.28760973750867846,1.308557339657303,1.1801410922745097,1.0,PF,0.001122524636250546
rubble,PF,60,800,0.02,0.4,0.2,,1,0.3,0.2,2.0,20,0,0.702513966480447,0.6806215083798883,0.7611731843575419,240.0,1.2,0.85,48.26012309329853,0.036375,1.0534031413612566,48,1.9885340781834415,0.29535678241176977,1.3885340781834412,1.1896464312951425,1.0,PF,0.0011337165625013767
rubble,PF,60,800,0.02,0.4,0.2,,2,0.3,0.2,2.0,20,0,0.6948324022346368,0.6868016759776536,0.7660614525139665,240.0,1.3666666666666667,0.8166666666666667,49.68437731865541,0.0365,1.0122075279755849,51,1.8304578974536452,0.3684708228994808,1.230457897453645,1.037488750357376,1.0,PF,0.0011121769274996041
rubble,PF,60,800,0.02,0.4,0.2,,4,0.3,0.2,2.0,20,0,0.6864525139664804,0.6649441340782122,0.7946927374301676,220.0,1.6333333333333333,0.6833333333333333,46.09214402055937,0.04460416666666667,1.0424178154825028,44,2.0557074429326785,0.2802342366602805,1.4557074429326784,1.2973906453049513,1.0,PF,0.0010800510937497166
rubble,PF,60,800,0.02,0.4,0.2,,3,0.3,0.2,2.0,20,0,0.7276536312849162,0.7119762569832403,0.7821229050279329,240.0,1.3333333333333333,0.5833333333333334,49.833087382699425,0.03802083333333333,1.0731204943357364,51,1.8832950522672292,0.23479535936421636,1.283295052267229,1.2105260198213954,1.0,PF,0.0011423072400020828
rubble,PF,60,800,0.02,0.4,0.2,,5,0.3,0.2,2.0,20,0,0.6759776536312849,0.6290502793296089,0.770949720670391,220.0,1.4666666666666666,0.9,48.9759975812557,0.04275,0.9748237663645518,48,1.8656696342276682,0.3117605512998828,1.265669634227668,1.175406277858202,1.0,PF,0.0011652565099984713
rubble,PF,60,800,0.02,0.4,0.2,,6,0.3,0.2,2.0,20,0,0.6990223463687151,0.6708798882681564,0.7646648044692738,260.0,1.5333333333333334,0.95,47.84667532579242,0.04472916666666667,1.0383817427385893,48,2.0054069404885038,0.3172320100868851,1.405406940488504,1.2537241534583856,1.0,PF,0.0011112174474988024
rubble,PF,60,800,0.02,0.4,0.2,,7,0.3,0.2,2.0,20,0,0.7458100558659218,0.71588687150838,0.8065642458100558,240.0,1.5166666666666666,0.7833333333333333,47.88111986551062,0.045,1.0787878787878786,48,1.9792656434225746,0.26063973581962796,1.3792656434225743,1.3683957861331835,1.0,PF,0.001124068386250201
rubble,PF,60,800,0.02,0.4,0.2,,8,0.3,0.2,2.0,20,0,0.7185754189944135,0.6917946927374301,0.7779329608938548,220.0,1.15,0.5,48.68256315725272,0.039125,1.0911983032873809,48,1.9288197224881476,0.28853199361456927,1.3288197224881473,1.1726677555660667,1.0,PF,0.0011153702599995085
rubble,PF,60,800,0.02,0.4,0.2,,9,0.3,0.2,2.0,20,0,0.6759776536312849,0.6411662011173184,0.7430167597765364,280.0,1.3666666666666667,0.9333333333333333,48.5254384798008,0.0369375,0.9918032786885247,47,1.8812133389280687,0.28914477492508944,1.2812133389280689,1.1181123933774888,1.0,PF,0.0011404168750004829
rubble,PF,60,800,0.02,0.4,0.2,,10,0.3,0.2,2.0,20,0,0.7136871508379888,0.6898393854748603,0.7772346368715084,220.0,1.45,0.7833333333333333,49.03114241183544,0.0385,1.0590673575129534,50,1.8965906750268735,0.20103321982218364,1.2965906750268734,1.1839276542462647,1.0,PF,0.0011383797912503724
rubble,PF,60,800,0.02,0.4,0.2,,11,0.3,0.2,2.0,20,0,0.7297486033519553,0.7076466480446928,0.8009776536312849,300.0,1.4166666666666667,0.8666666666666667,48.91742922716171,0.0385,1.0305719921104537,49,1.9135382799478178,0.27048117068120064,1.313538279947818,1.131541471400939,1.0,PF,0.0011389695312504955
rubble,PF,60,800,0.02,0.4,0.2,,12,0.3,0.2,2.0,20,0,0.6941340782122905,0.6808310055865922,0.7723463687150838,240.0,1.3666666666666667,0.7,47.78934517959228,0.03277083333333333,1.0215827338129495,47,1.9431375440939938,0.2871895705912125,1.3431375440939943,1.2607188232833146,1.0,PF,0.001116950416248983
rubble,PF,60,800,0.02,0.4,0.2,,13,0.3,0.2,2.0,20,0,0.7346368715083799,0.7083798882681565,0.8016759776536313,280.0,1.5833333333333333,1.0666666666666667,49.16761903711173,0.049666666666666665,1.047808764940239,50,1.9082264172175563,0.2575651891525972,1.3082264172175564,1.1155924590936344,1.0,PF,0.0011362830724988271
rubble,PF,60,800,0.02,0.4,0.2,,15,0.3,0.2,2.0,20,0,0.6578212290502793,0.6260125698324022,0.7325418994413407,260.0,1.55,0.7166666666666667,48.89436251824975,0.042541666666666665,0.9884575026232948,48,1.8617175147076634,0.38081560723494096,1.2617175147076634,1.15781747861738,1.0,PF,0.0011129577599990625
rubble,PF,60,800,0.02,0.4,0.2,,14,0.3,0.2,2.0,20,0,0.7430167597765364,0.7183310055865921,0.8072625698324022,260.0,1.2833333333333334,0.8166666666666667,50.69724722837181,0.0449375,1.079107505070994,53,1.876442015405912,0.23316341057675374,1.276442015405912,1.2414220368363558,1.0,PF,0.001201118802500787
rubble,PF,60,800,0.02,0.4,0.2,,16,0.3,0.2,2.0,20,0,0.7199720670391061,0.6960544692737429,0.784217877094972,300.0,1.4666666666666666,0.6833333333333333,48.73461458357052,0.0433125,1.0762004175365345,49,1.8867110519066475,0.25692556112387865,1.2867110519066476,1.2609480624970977,1.0,PF,0.0012119960937502583
rubble,PF,60,800,0.02,0.4,0.2,,17,0.3,0.2,2.0,20,0,0.7199720670391061,0.6983938547486034,0.7807262569832403,280.0,1.35,0.8666666666666667,51.22501386996238,0.03189583333333333,1.0617919670442841,53,1.7483526322029326,0.23688416609173546,1.1483526322029332,1.1981688559636234,1.0,PF,0.0011646832812493813
rubble,PF,60,800,0.02,0.4,0.2,,18,0.3,0.2,2.0,20,0,0.6585195530726257,0.635090782122905,0.7737430167597765,240.0,1.3333333333333333,0.7166666666666667,45.94754357076142,0.04435416666666667,0.9486921529175051,44,2.078644299797824,0.4287860212007341,1.4786442997978235,1.287549033247033,1.0,PF,0.001144700103750438
rubble,PF,60,800,0.02,0.4,0.2,,19,0.3,0.2,2.0,20,0,0.7395251396648045,0.7124301675977652,0.7918994413407822,280.0,1.5166666666666666,0.6,48.79910735041096,0.03775,1.051638530287984,49,1.9046970478043204,0.2495794149759954,1.3046970478043205,1.32100514520398,1.0,PF,0.001156365625001854
rubble,PF,60,800,0.02,0.4,0.2,,20,0.3,0.2,2.0,20,0,0.7039106145251397,0.6817388268156425,0.7856145251396648,240.0,1.1833333333333333,0.6666666666666666,49.6839848755378,0.044833333333333336,1.0599369085173502,51,1.882728604419972,0.1998630768472316,1.2827286044199717,1.2114142376871162,1.0,PF,0.001177621198748966
rubble,PF,60,800,0.02,0.4,0.2,,21,0.3,0.2,2.0,20,0,0.7143854748603352,0.6963687150837989,0.8114525139664804,220.0,1.3833333333333333,0.6333333333333333,48.912571500923214,0.0526875,1.0118694362017804,50,1.82033418197199,0.22406950662772152,1.2203341819719897,1.1220166180808708,1.0,PF,0.0011627477087517947
rubble,PF,60,800,0.02,0.4,0.2,,22,0.3,0.2,2.0,20,0,0.7562849162011173,0.7315991620111731,0.8324022346368715,260.0,1.5666666666666667,0.6666666666666666,48.512557337292684,0.041354166666666664,1.0808383233532934,49,1.9706072089092033,0.27222180537108065,1.3706072089092032,1.1781539410186417,1.0,PF,0.0011562730737500716
rubble,PF,60,800,0.02,0.4,0.2,,24,0.3,0.2,2.0,20,0,0.7569832402234636,0.7175977653631285,0.840782122905028,240.0,1.4666666666666666,0.6833333333333333,48.576487321701165,0.04622916666666667,1.0648330058939095,49,1.9976705357645541,0.2998387242460293,1.3976705357645538,1.2307864361844159,1.0,PF,0.0011239769274993705
rubble,PF,60,800,0.02,0.4,0.2,,23,0.3,0.2,2.0,20,0,0.6662011173184358,0.6481145251396648,0.7486033519553073,280.0,1.4333333333333333,0.8166666666666667,45.89852757866057,0.03945833333333333,0.9804727646454265,42,1.9466605415658167,0.30536072652971996,1.3466605415658166,1.2250750492927331,1.0,PF,0.0012037078650018885
rubble,PF,60,800,0.02,0.4,0.2,,25,0.3,0.2,2.0,20,0,0.6990223463687151,0.6823324022346368,0.7737430167597765,280.0,1.65,0.85,48.136842147010626,0.042395833333333334,1.0245649948822928,47,2.024181099059757,0.3527269023988899,1.424181099059757,1.1982095507163018,1.0,PF,0.001144088021251264
rubble,PF,60,800,0.02,0.4,0.2,,26,0.3,0.2,2.0,20,0,0.6871508379888268,0.6635474860335194,0.770949720670391,300.0,1.1666666666666667,0.8,47.80015440768205,0.036229166666666666,1.0165289256198347,46,1.9407416209358246,0.3812292359073035,1.3407416209358245,1.1027591003983268,1.0,PF,0.0011119069275014226
rubble,PF,60,800,0.02,0.4,0.2,,27,0.3,0.2,2.0,20,0,0.7248603351955307,0.7091131284916201,0.7953910614525139,260.0,1.1833333333333333,0.7333333333333333,49.83630031321709,0.0345,1.066803699897225,52,1.8494776461991693,0.20030289515285185,1.24947764619917,1.209169357808987,1.0,PF,0.0011703265625010318
rubble,PF,60,800,0.02,0.4,0.2,,28,0.3,0.2,2.0,20,0,0.7129888268156425,0.6835893854748603,0.7807262569832403,280.0,1.4333333333333333,0.5333333333333333,48.394905500445844,0.04591666666666667,1.0679916317991631,48,1.8856682252345802,0.24754065639989675,1.2856682252345801,1.1587808899482224,1.0,PF,0.001158862291249534
rubble,PF,60,800,0.02,0.4,0.2,,29,0.3,0.2,2.0,20,0,0.7430167597765364,0.7308659217877095,0.8261173184357542,260.0,1.3166666666666667,0.8333333333333334,49.248993487003546,0.04010416666666667,1.0421155729676788,50,1.9229697426841783,0.24164402663935228,1.3229697426841778,1.17655144166323,1.0,PF,0.0011150288025010013
rubble,PF,60,800,0.02,0.8,0.2,,0,0.3,0.2,2.0,20,0,0.6655027932960894,0.6431564245810055,0.7870111731843575,300.0,1.45,0.7333333333333333,49.2096312840874,0.0425,1.0600667408231368,46,1.8744527608698822,0.29934793250561337,1.2744527608698824,1.1464826465122797,1.0,PF,0.0011560051562491936
rubble,PF,60,800,0.02,0.8,0.2,,1,0.3,0.2,2.0,20,0,0.6983240223463687,0.6613477653631286,0.7548882681564246,260.0,1.4,0.7,50.74030024361219,0.049354166666666664,1.0615711252653928,49,1.7903752344419357,0.2376660192683177,1.1903752344419356,1.166748240889723,1.0,PF,0.0011899527599985049
rubble,PF,60,800,0.02,0.8,0.2,,2,0.3,0.2,2.0,20,0,0.6550279329608939,0.631913407821229,0.7318435754189944,320.0,1.6166666666666667,0.6333333333333333,49.1010185726648,0.041416666666666664,1.0096878363832078,45,1.8928127887085868,0.34789067621254,1.2928127887085874,1.1122634550687938,1.0,PF,0.0011468801037494813
rubble,PF,60,800,0.02,0.8,0.2,,3,0.3,0.2,2.0,20,0,0.6424581005586593,0.5950418994413408,0.7053072625698324,180.0,1.25,0.6833333333333333,49.70805503644171,0.03947916666666667,1.0952380952380953,45,1.8394136067730393,0.28665152093499485,1.2394136067730395,1.1810169827804589,1.0,PF,0.001136422551251144
rubble,PF,60,800,0.02,0.8,0.2,,5,0.3,0.2,2.0,20,0,0.6731843575418994,0.6554120111731844,0.7402234636871509,240.0,1.8333333333333333,0.8166666666666667,48.57528987243146,0.0579375,1.0501089324618735,45,1.9508884029810742,0.3068934144549265,1.3508884029810742,1.2192853251495759,1.0,PF,0.0011244273437500851
rubble,PF,60,800,0.02,0.8,0.2,,4,0.3,0.2,2.0,20,0,0.645949720670391,0.6078212290502794,0.7220670391061452,260.0,1.2833333333333334,0.8833333333333333,49.83234545032005,0.0509375,1.0076252723311545,46,1.840011122321333,0.422169111784921,1.240011122321333,1.0343015944605463,1.0,PF,0.001169084115001624
rubble,PF,60,800,0.02,0.8,0.2,,6,0.3,0.2,2.0,20,0,0.6878491620111732,0.6662709497206702,0.7562849162011173,240.0,1.65,0.75,52.424518971183694,0.0548125,1.0836083608360836,52,1.6830092700096144,0.29582422529699004,1.0830092700096146,1.0065855696448414,1.0,PF,0.0012707613537509134
rubble,PF,60,800,0.02,0.8,0.2,,8,0.3,0.2,2.0,20,0,0.6997206703910615,0.6752094972067039,0.7702513966480447,280.0,1.5333333333333334,0.7333333333333333,51.07401159211246,0.044708333333333336,1.058078141499472,49,1.7176223241317852,0.3068320647945993,1.117622324131785,0.9765996323398608,1.0,PF,0.0011766376562491131
rubble,PF,60,800,0.02,0.8,0.2,,7,0.3,0.2,2.0,20,0,0.7143854748603352,0.6802374301675977,0.7821229050279329,300.0,1.7166666666666666,0.95,51.35369816200651,0.056791666666666664,1.0757097791798107,50,1.8512805763975615,0.2419582176931151,1.2512805763975614,1.0867063941978086,1.0,PF,0.0012147900000013577
rubble,PF,60,800,0.02,0.8,0.2,,9,0.3,0.2,2.0,20,0,0.7108938547486033,0.6631983240223464,0.7758379888268156,220.0,1.6,0.6833333333333333,51.20947320255538,0.0471875,1.160775370581528,50,1.7423433297035404,0.4023146849018442,1.1423433297035404,0.986994060591125,1.0,PF,0.0011930317712494799
rubble,PF,60,800,0.02,0.8,0.2,,10,0.3,0.2,2.0,20,0,0.6787709497206704,0.6545740223463689,0.7583798882681564,220.0,1.4666666666666666,0.6166666666666667,52.491626512000636,0.04510416666666667,1.0896860986547086,51,1.7679614490339985,0.3113529497701041,1.1679614490339987,1.1427586114722534,1.0,PF,0.001218382136250966
rubble,PF,60,800,0.02,0.8,0.2,,11,0.3,0.2,2.0,20,0,0.6689944134078212,0.6282122905027934,0.7332402234636871,260.0,1.8166666666666667,0.8833333333333333,51.943514492872694,0.052895833333333336,1.0886363636363636,51,1.7132491865355959,0.34218307080252464,1.113249186535596,1.0739443778026638,1.0,PF,0.0012429289587498715
rubble,PF,60,800,0.02,0.8,0.2,,12,0.3,0.2,2.0,20,0,0.6955307262569832,0.6470670391061452,0.7569832402234636,180.0,1.4666666666666666,0.7333333333333333,52.62142702619425,0.043625,1.1356898517673888,52,1.8294964905340554,0.33362945465256144,1.2294964905340553,0.9911774039975811,1.0,PF,0.0012064425524999933
rubble,PF,60,800,0.02,0.8,0.2,,13,0.3,0.2,2.0,20,0,0.6703910614525139,0.6489874301675979,0.7744413407821229,300.0,1.7333333333333334,0.9,49.45163550908251,0.05391666666666667,0.9968847352024922,46,1.849254641621983,0.3347010456448305,1.2492546416219839,1.0816586855326713,1.0,PF,0.0012024748437511334
rubble,PF,60,800,0.02,0.8,0.2,,14,0.3,0.2,2.0,20,0,0.6410614525139665,0.6129539106145251,0.7206703910614525,220.0,1.3833333333333333,0.8,49.091191989663685,0.053125,0.998911860718172,45,1.8925439334582599,0.41452309360056666,1.2925439334582602,1.0328806352596511,1.0,PF,0.0011762578125012624
rubble,PF,60,800,0.02,0.8,0.2,,15,0.3,0.2,2.0,20,0,0.696927374301676,0.676536312849162,0.7674581005586593,240.0,1.8333333333333333,0.6666666666666666,49.638646665142566,0.049625,1.0859630032644176,47,1.8624004202683524,0.3090528786612341,1.2624004202683523,1.1861204592082646,1.0,PF,0.0012283414587500375
rubble,PF,60,800,0.02,0.8,0.2,,16,0.3,0.2,2.0,20,0,0.6948324022346368,0.675209497206704,0.7835195530726257,280.0,1.45,0.8166666666666667,49.85359836807179,0.050104166666666665,1.0664523043944265,47,1.8693199985416706,0.22384889360323298,1.26931999854167,1.238386855820377,1.0,PF,0.0011798726050005826
rubble,PF,60,800,0.02,0.8,0.2,,17,0.3,0.2,2.0,20,0,0.7269553072625698,0.6892458100558658,0.7939944134078212,220.0,1.8333333333333333,0.65,50.69074893171094,0.04666666666666667,1.1477398015435503,49,1.9121621524786936,0.259566815955047,1.3121621524786933,1.2037818627201538,1.0,PF,0.0012349781774992153
rubble,PF,60,800,0.02,0.8,0.2,,18,0.3,0.2,2.0,20,0,0.6501396648044693,0.6344273743016761,0.7527932960893855,260.0,1.6333333333333333,0.5333333333333333,48.387703724952885,0.05322916666666667,0.9627714581178903,44,1.8993387267840303,0.31353192496832444,1.2993387267840297,1.2116893507521787,1.0,PF,0.0012030544262484
rubble,PF,60,800,0.02,0.8,0.2,,19,0.3,0.2,2.0,20,0,0.696927374301676,0.6567039106145252,0.7660614525139665,320.0,1.4166666666666667,0.7166666666666667,50.163642076527694,0.0438125,1.03099173553719,47,1.9034888453766559,0.3556840528268793,1.303488845376656,1.209407660544422,1.0,PF,0.0011641318749980201
rubble,PF,60,800,0.02,0.8,0.2,,21,0.3,0.2,2.0,20,0,0.672486033519553,0.6389664804469273,0.7402234636871509,220.0,1.7,0.9666666666666667,48.98806750112237,0.05620833333333333,1.1263157894736842,45,1.7663769358701293,0.3167249803676013,1.166376935870129,1.0628228250775122,1.0,PF,0.0012056308324986276
rubble,PF,60,800,0.02,0.8,0.2,,20,0.3,0.2,2.0,20,0,0.6466480446927374,0.6230446927374301,0.7297486033519553,200.0,1.45,0.9,50.55474900203261,0.05445833333333333,1.046327683615819,48,1.8221759123168504,0.38862692974045704,1.2221759123168507,1.0062451579803158,1.0,PF,0.001222741406249952
rubble,PF,60,800,0.02,0.8,0.2,,23,0.3,0.2,2.0,20,0,0.7067039106145251,0.6784916201117318,0.8044692737430168,240.0,1.6,0.6833333333333333,48.21371234384988,0.051229166666666666,1.0390143737166322,43,1.9069239071995452,0.2601042111966206,1.3069239071995453,1.213564883094247,1.0,PF,0.0011968233325001165
rubble,PF,60,800,0.02,0.8,0.2,,22,0.3,0.2,2.0,20,0,0.6529329608938548,0.6386173184357541,0.7332402234636871,280.0,1.7333333333333334,0.7333333333333333,50.88742897690568,0.051833333333333335,1.004296455424275,49,1.745958448353366,0.36677398384395327,1.1459584483533658,0.9492192358325907,1.0,PF,0.001222927291248652
rubble,PF,60,800,0.02,0.8,0.2,,25,0.3,0.2,2.0,20,0,0.6710893854748603,0.6398743016759777,0.7353351955307262,200.0,1.8666666666666667,0.85,49.26187406400357,0.05391666666666667,1.1252927400468384,46,1.9302139372423734,0.3741030461848515,1.3302139372423734,1.147998957522849,1.0,PF,0.0011941568749989529
rubble,PF,60,800,0.02,0.8,0.2,,26,0.3,0.2,2.0,20,0,0.6836592178770949,0.6518505586592178,0.7458100558659218,280.0,1.65,0.8333333333333334,50.99152720914974,0.042666666666666665,1.0676117775354415,48,1.8808185046938053,0.3369035982647311,1.2808185046938052,1.164644010199572,1.0,PF,0.0011674285412505015
rubble,PF,60,800,0.02,0.8,0.2,,24,0.3,0.2,2.0,20,0,0.7206703910614525,0.6875349162011173,0.7918994413407822,240.0,1.4833333333333334,0.75,53.040388008585325,0.05222916666666667,1.1168831168831168,53,1.7853604714523121,0.2666591902397992,1.1853604714523118,1.0885947571878254,1.0,PF,0.0013065780212514256
rubble,PF,60,800,0.02,0.8,0.2,,27,0.3,0.2,2.0,20,0,0.6836592178770949,0.6339385474860335,0.7660614525139665,180.0,1.1666666666666667,0.8166666666666667,53.754225942367306,0.04089583333333333,1.1214203894616266,54,1.6495575306714703,0.3338027869224566,1.049557530671471,0.9627970588737468,1.0,PF,0.0012663614062489615
rubble,PF,60,800,0.02,0.8,0.2,,28,0.3,0.2,2.0,20,0,0.672486033519553,0.6059357541899442,0.7241620111731844,220.0,1.8,0.75,52.70214355943889,0.052145833333333336,1.0832395950506186,52,1.6936651797922342,0.35634434547614574,1.0936651797922345,0.9809722353122561,1.0,PF,0.001233023489999141
rubble,PF,60,800,0.02,0.8,0.2,,29,0.3,0.2,2.0,20,0,0.6864525139664804,0.6553421787709499,0.7863128491620112,300.0,1.5,0.7333333333333333,49.70176284565952,0.0523125,1.0569892473118279,46,1.8332596253483353,0.2273408861218472,1.233259625348335,1.2291636743961227,1.0,PF,0.0011600559375006014
apartment,Boids,60,800,0.02,0.0,0.2,,0,0.3,0.2,2.0,20,0,0.8229166666666666,0.823046875,0.87109375,120.0,1.1833333333333333,0.11666666666666667,104.3312137522952,0.010354166666666666,0.9859594383775351,55,1.7022761677712042,0.10358523985724365,1.102276167771204,1.0990851498648575,1.0,Boids,0.0011824207812514943
apartment,Boids,60,800,0.02,0.0,0.2,,2,0.3,0.2,2.0,20,0,0.7688802083333334,0.7788411458333334,0.8665364583333334,120.0,1.15,0.15,97.28830710376486,0.009729166666666667,0.9284591194968554,46,1.8535593758239732,0.11883182053361448,1.2535593758239734,1.2423643674336504,1.0,Boids,0.0010906008862502858
apartment,Boids,60,800,0.02,0.0,0.2,,1,0.3,0.2,2.0,20,0,0.8014322916666666,0.7940755208333334,0.8697916666666666,140.0,1.2166666666666666,0.13333333333333333,99.68217517593807,0.011625,0.9542635658914729,49,1.8271320016958652,0.13897803265293787,1.2271320016958656,1.1943514476910613,1.0,Boids,0.00116876458374918
apartment,Boids,60,800,0.02,0.0,0.2,,3,0.3,0.2,2.0,20,0,0.7858072916666666,0.7751302083333332,0.8567708333333334,140.0,1.15,0.18333333333333332,97.09394646587936,0.011520833333333333,0.9594594594594594,47,1.774490632874982,0.14672353040416033,1.1744906328749822,1.1607220105103426,1.0,Boids,0.0011105871349991502
apartment,Boids,60,800,0.02,0.0,0.2,,4,0.3,0.2,2.0,20,0,0.7890625,0.7874348958333334,0.8678385416666666,120.0,1.3333333333333333,0.2,98.59245700889429,0.011708333333333333,0.9505882352941176,48,1.793496354280192,0.10108363615260829,1.1934963542801922,1.200594420926026,1.0,Boids,0.0011044863537495076
apartment,Boids,60,800,0.02,0.0,0.2,,5,0.3,0.2,2.0,20,0,0.818359375,0.794921875,0.873046875,140.0,1.2833333333333334,0.1,98.72276908060452,0.011666666666666667,0.9874312647289867,48,1.8937823285448119,0.17560333922476967,1.2937823285448122,1.3246510600378953,1.0,Boids,0.0011554593749997365
apartment,Boids,60,800,0.02,0.0,0.2,,6,0.3,0.2,2.0,20,0,0.8131510416666666,0.81220703125,0.873046875,160.0,1.3166666666666667,0.25,101.58962440975078,0.010479166666666666,0.9734996102883865,52,1.7143823921035188,0.13477115338371892,1.114382392103519,1.1303109175634949,1.0,Boids,0.001135446093749124
apartment,Boids,60,800,0.02,0.0,0.2,,7,0.3,0.2,2.0,20,0,0.8033854166666666,0.8052408854166666,0.8697916666666666,120.0,1.35,0.13333333333333333,102.03060448446514,0.01225,0.969363707776905,53,1.7297368585425805,0.1447819466701443,1.1297368585425809,1.108014306636142,1.0,Boids,0.0011930133337500592
apartment,Boids,60,800,0.02,0.0,0.2,,8,0.3,0.2,2.0,20,0,0.7903645833333334,0.7915364583333334,0.87109375,120.0,1.05,0.21666666666666667,100.09906182208417,0.012354166666666666,0.9499217527386542,49,1.801893633433424,0.1557981608828315,1.201893633433424,1.099866756433916,1.0,Boids,0.001143205572500392
apartment,Boids,60,800,0.02,0.0,0.2,,9,0.3,0.2,2.0,20,0,0.8092447916666666,0.8128580729166666,0.8704427083333334,120.0,1.1166666666666667,0.11666666666666667,102.8607610134384,0.0123125,0.9756671899529041,54,1.7048626582847017,0.11382676548097583,1.1048626582847012,1.0920926742107468,1.0,Boids,0.0012147003124982803
apartment,Boids,60,800,0.02,0.0,0.2,,10,0.3,0.2,2.0,20,0,0.7701822916666666,0.76826171875,0.8678385416666666,120.0,1.3,0.03333333333333333,95.73948501767933,0.011354166666666667,0.9381443298969072,44,1.8942419579168723,0.1274627551639918,1.2942419579168725,1.3108179642339481,1.0,Boids,0.001089584322498922
apartment,Boids,60,800,0.02,0.0,0.2,,11,0.3,0.2,2.0,20,0,0.7858072916666666,0.7766927083333333,0.8671875,120.0,1.25,0.08333333333333333,97.42748470731561,0.009375,0.9518927444794952,47,1.7937798551456137,0.14472816637224567,1.1937798551456138,1.2151029516498437,1.0,Boids,0.0011150353125003675
apartment,Boids,60,800,0.02,0.0,0.2,,12,0.3,0.2,2.0,20,0,0.8059895833333334,0.8045572916666666,0.8684895833333334,120.0,1.1,0.16666666666666666,101.36549756005894,0.011,0.9959774738535802,51,1.7553092203571232,0.12517541244539843,1.1553092203571231,1.139938937741587,1.0,Boids,0.001177387552500022
apartment,Boids,60,800,0.02,0.0,0.2,,13,0.3,0.2,2.0,20,0,0.8001302083333334,0.8025716145833333,0.8704427083333334,120.0,1.2333333333333334,0.15,101.18336635998442,0.012375,0.9730799683293746,51,1.8195403720548255,0.12519077326558217,1.2195403720548255,1.1905898638591315,1.0,Boids,0.001167129739999382
apartment,Boids,60,800,0.02,0.0,0.2,,14,0.3,0.2,2.0,20,0,0.806640625,0.8005208333333332,0.869140625,120.0,1.1666666666666667,0.16666666666666666,101.03871544727608,0.0125,0.9794466403162055,51,1.7686963238675995,0.13646597051555476,1.1686963238675998,1.161956234322425,1.0,Boids,0.0011822833862515836
apartment,Boids,60,800,0.02,0.0,0.2,,15,0.3,0.2,2.0,20,0,0.8079427083333334,0.8115559895833332,0.8723958333333334,120.0,1.1666666666666667,0.13333333333333333,102.59323003489084,0.010479166666666666,0.9748625294579734,52,1.7375755069207997,0.12793330053206875,1.1375755069207993,1.1037322758796921,1.0,Boids,0.0011627739062510046
apartment,Boids,60,800,0.02,0.0,0.2,,16,0.3,0.2,2.0,20,0,0.8190104166666666,0.8103841145833334,0.8684895833333334,120.0,1.15,0.23333333333333334,103.06246206243421,0.012333333333333333,0.9944664031620553,54,1.7279604838278877,0.09225578461553896,1.127960483827888,1.1323226656476935,1.0,Boids,0.0012005778124989774
apartment,Boids,60,800,0.02,0.0,0.2,,17,0.3,0.2,2.0,20,0,0.796875,0.8001302083333334,0.8658854166666666,120.0,1.15,0.26666666666666666,101.02040773531698,0.0125,0.9569976544175137,51,1.7659592246059415,0.10523481088246037,1.1659592246059411,1.1865515469791807,1.0,Boids,0.001136744583750442
apartment,Boids,60,800,0.02,0.0,0.2,,18,0.3,0.2,2.0,20,0,0.7975260416666666,0.7975585937499999,0.8678385416666666,120.0,0.95,0.15,99.99059571953634,0.00825,0.9729944400317712,50,1.7300077826093587,0.13059956642319936,1.1300077826093586,1.1752948667511274,1.0,Boids,0.0011590115100011645
apartment,Boids,60,800,0.02,0.0,0.2,,19,0.3,0.2,2.0,20,0,0.771484375,0.7676757812499999,0.8645833333333334,120.0,1.15,0.18333333333333332,97.03317035190683,0.0104375,0.945730247406225,46,1.8682900930383262,0.11497467103694654,1.2682900930383263,1.264475452212084,1.0,Boids,0.0010951070312512456
apartment,Boids,60,800,0.02,0.0,0.2,,20,0.3,0.2,2.0,20,0,0.7916666666666666,0.7817057291666666,0.8756510416666666,140.0,1.2666666666666666,0.13333333333333333,97.50370613637399,0.012416666666666666,0.9477786438035852,46,1.7746533804767717,0.20646497756663107,1.1746533804767718,1.0861791126375553,1.0,Boids,0.0011077136462495217
apartment,Boids,60,800,0.02,0.0,0.2,,21,0.3,0.2,2.0,20,0,0.8053385416666666,0.7949544270833332,0.9407552083333334,120.0,1.3,0.1,96.70792836253378,0.011916666666666667,0.9544753086419753,45,1.9571288419917188,0.290023177356678,1.3571288419917185,1.2140668591869814,1.0,Boids,0.001111728801249683
apartment,Boids,60,800,0.02,0.0,0.2,,22,0.3,0.2,2.0,20,0,0.7682291666666666,0.776953125,0.869140625,120.0,1.3,0.15,98.0257408195051,0.011833333333333333,0.9225957779515246,47,1.7926934210667824,0.09740443098822928,1.1926934210667826,1.1823657038910076,1.0,Boids,0.0011418624475004436
apartment,Boids,60,800,0.02,0.0,0.2,,23,0.3,0.2,2.0,20,0,0.7766927083333334,0.7815755208333334,0.87109375,120.0,1.4,0.05,96.1375430457029,0.011458333333333333,0.935686274509804,45,1.8358555281917188,0.10085462879889479,1.2358555281917183,1.22418403003554,1.0,Boids,0.0011387823437485167
apartment,Boids,60,800,0.02,0.0,0.2,,24,0.3,0.2,2.0,20,0,0.7916666666666666,0.7837565104166666,0.8697916666666666,120.0,1.25,0.2,98.47946854093098,0.0118125,0.9514866979655712,48,1.8578577547764654,0.12545590080454166,1.2578577547764653,1.2522076911947666,1.0,Boids,0.0011413050524993196
apartment,Boids,60,800,0.02,0.0,0.2,,26,0.3,0.2,2.0,20,0,0.7545572916666666,0.7578776041666666,0.865234375,120.0,1.1666666666666667,0.1,95.719618092388,0.0100625,0.9249800478850757,44,1.8543951627049182,0.11526686522529676,1.2543951627049184,1.2507940767918146,1.0,Boids,0.0010901271875013662
apartment,Boids,60,800,0.02,0.0,0.2,,25,0.3,0.2,2.0,20,0,0.8072916666666666,0.7928385416666666,0.8671875,120.0,1.1166666666666667,0.08333333333333333,99.66847572712268,0.011125,0.9794628751974723,50,1.8077754337826002,0.11583790635538463,1.2077754337826005,1.2177931900720433,1.0,Boids,0.0011573121350011207
apartment,Boids,60,800,0.02,0.0,0.2,,27,0.3,0.2,2.0,20,0,0.7389322916666666,0.7444010416666667,0.859375,120.0,1.4166666666666667,0.08333333333333333,94.42314499379982,0.010354166666666666,0.8901960784313725,43,1.9096058773474365,0.241989197161409,1.3096058773474366,1.2185460345524488,1.0,Boids,0.0011257192700009
apartment,Boids,60,800,0.02,0.0,0.2,,28,0.3,0.2,2.0,20,0,0.8092447916666666,0.80673828125,0.8665364583333334,120.0,1.0666666666666667,0.08333333333333333,101.99556147033091,0.0110625,0.9680685358255451,53,1.711713461249957,0.12002859814198688,1.1117134612499573,1.1063505712776913,1.0,Boids,0.001156577031249526
apartment,Boids,60,800,0.02,0.0,0.2,,29,0.3,0.2,2.0,20,0,0.7682291666666666,0.7562174479166666,0.8587239583333334,120.0,1.0666666666666667,0.18333333333333332,94.83650635955594,0.010083333333333333,0.9462710505212509,43,1.9514055902419032,0.10640890655622787,1.351405590241903,1.3928139357181908,1.0,Boids,0.0010696641150002505
apartment,Boids,60,800,0.02,0.1,0.2,,0,0.3,0.2,2.0,20,0,0.7688802083333334,0.765625,0.865234375,120.0,1.2833333333333334,0.18333333333333332,87.92937546133082,0.011791666666666667,0.9262745098039216,44,1.842539053583743,0.17788010745324584,1.2425390535837433,1.254662265956898,1.0,Boids,0.0010680595837493456
apartment,Boids,60,800,0.02,0.1,0.2,,1,0.3,0.2,2.0,20,0,0.7421875,0.7368815104166668,0.8658854166666666,140.0,1.35,0.13333333333333333,84.52397353388757,0.0125,0.892018779342723,41,1.8714256031100613,0.12953166756228024,1.2714256031100608,1.3134781137574834,1.0,Boids,0.0010600054175006334
apartment,Boids,60,800,0.02,0.1,0.2,,2,0.3,0.2,2.0,20,0,0.791015625,0.7827473958333333,0.8567708333333334,140.0,1.2166666666666666,0.18333333333333332,90.07639700987615,0.0120625,0.9790491539081385,49,1.7663805680870224,0.10926184931147329,1.1663805680870225,1.0825940101044798,1.0,Boids,0.0011564630725001733
apartment,Boids,60,800,0.02,0.1,0.2,,3,0.3,0.2,2.0,20,0,0.775390625,0.7749023437499999,0.865234375,140.0,1.1166666666666667,0.21666666666666667,88.57981896882916,0.012541666666666666,0.9341176470588235,46,1.810238591516128,0.13282353961102464,1.210238591516128,1.1751153600896462,1.0,Boids,0.0010696916137499103
apartment,Boids,60,800,0.02,0.1,0.2,,5,0.3,0.2,2.0,20,0,0.765625,0.7724934895833333,0.8704427083333334,140.0,1.3166666666666667,0.18333333333333332,88.10725224918413,0.012958333333333334,0.9216300940438872,45,1.7530705370721966,0.11832966255975377,1.1530705370721968,1.204101617725088,1.0,Boids,0.001070821197499754
apartment,Boids,60,800,0.02,0.1,0.2,,4,0.3,0.2,2.0,20,0,0.7890625,0.7850911458333333,0.8665364583333334,120.0,1.3,0.03333333333333333,89.80548263037373,0.011833333333333333,0.9611419508326725,48,1.7575481080969286,0.10506594777221286,1.1575481080969288,1.1527978997031147,1.0,Boids,0.0011272715625000275
apartment,Boids,60,800,0.02,0.1,0.2,,6,0.3,0.2,2.0,20,0,0.7864583333333334,0.7707682291666667,0.857421875,120.0,1.3666666666666667,0.13333333333333333,88.11452180945085,0.012979166666666667,0.9579698651863601,46,1.8461446022781152,0.17779246254377556,1.246144602278115,1.2130455089190417,1.0,Boids,0.0011011325524987114
apartment,Boids,60,800,0.02,0.1,0.2,,8,0.3,0.2,2.0,20,0,0.7923177083333334,0.7904622395833333,0.869140625,140.0,1.2666666666666666,0.16666666666666666,89.74753056901899,0.011458333333333333,0.9456099456099456,47,1.7830727040222136,0.13538642516452606,1.1830727040222142,1.1472450746802045,1.0,Boids,0.0010916435424996962
apartment,Boids,60,800,0.02,0.1,0.2,,7,0.3,0.2,2.0,20,0,0.826171875,0.8215169270833333,0.87109375,120.0,1.5,0.08333333333333333,94.72672768300808,0.0120625,0.9937353171495693,55,1.7379773960513194,0.13385302681022013,1.1379773960513189,1.1708016387362368,1.0,Boids,0.0012320140112501577
apartment,Boids,60,800,0.02,0.1,0.2,,10,0.3,0.2,2.0,20,0,0.8040364583333334,0.7992838541666666,0.8671875,140.0,1.3833333333333333,0.06666666666666667,91.26915439680167,0.011958333333333333,0.971675845790716,49,1.8010934393297475,0.12138629492167323,1.2010934393297474,1.2198725219702569,1.0,Boids,0.0011598332812491209
apartment,Boids,60,800,0.02,0.1,0.2,,9,0.3,0.2,2.0,20,0,0.8131510416666666,0.8005533854166667,0.86328125,140.0,1.5166666666666666,0.06666666666666667,90.73038431602903,0.018645833333333334,0.9936356404136834,51,1.7938974535157248,0.1667506143994194,1.1938974535157252,1.2097763364228613,1.0,Boids,0.0012086259374996188
apartment,Boids,60,800,0.02,0.1,0.2,,12,0.3,0.2,2.0,20,0,0.7721354166666666,0.7647135416666667,0.86328125,120.0,1.2833333333333334,0.1,87.16367946225927,0.013583333333333333,0.9280125195618153,45,1.800034471709568,0.1479193684338559,1.2000344717095683,1.1545498892289388,1.0,Boids,0.0010871351037508247
apartment,Boids,60,800,0.02,0.1,0.2,,11,0.3,0.2,2.0,20,0,0.8125,0.8103841145833333,0.8678385416666666,120.0,1.45,0.18333333333333332,93.0453332798667,0.013104166666666667,0.985781990521327,54,1.773999625658208,0.14767580157063265,1.1739996256582081,1.1891940984139429,1.0,Boids,0.0012256759887486624
apartment,Boids,60,800,0.02,0.1,0.2,,13,0.3,0.2,2.0,20,0,0.7740885416666666,0.7827799479166666,0.8684895833333334,120.0,1.35,0.05,90.14276794688683,0.0124375,0.9267342166796569,49,1.7375855655072794,0.11896642654199281,1.137585565507279,1.1925966052476373,1.0,Boids,0.0011387114587500947
apartment,Boids,60,800,0.02,0.1,0.2,,14,0.3,0.2,2.0,20,0,0.794921875,0.7891276041666667,0.86328125,120.0,1.15,0.13333333333333333,90.15830633419242,0.0141875,0.9636937647987373,49,1.8759941608915878,0.12180179154547337,1.2759941608915877,1.264592438208855,1.0,Boids,0.0011532570837516688
apartment,Boids,60,800,0.02,0.1,0.2,,16,0.3,0.2,2.0,20,0,0.7760416666666666,0.7747721354166667,0.8645833333333334,140.0,1.25,0.1,87.32581891228276,0.011916666666666667,0.9363707776904949,45,1.87762939998946,0.14921860085995325,1.27762939998946,1.2363639248030713,1.0,Boids,0.0010908211449986993
apartment,Boids,60,800,0.02,0.1,0.2,,15,0.3,0.2,2.0,20,0,0.8111979166666666,0.8080078125,0.8704427083333334,140.0,1.1,0.08333333333333333,92.3202085649522,0.010083333333333333,0.975724353954581,52,1.7653190490774218,0.12535390507296978,1.1653190490774217,1.1312813737382301,1.0,Boids,0.0012204509899993354
apartment,Boids,60,800,0.02,0.1,0.2,,17,0.3,0.2,2.0,20,0,0.7819010416666666,0.7752604166666667,0.8665364583333334,120.0,1.2666666666666666,0.2,89.24959113460604,0.0146875,0.9539316918189038,48,1.85427055911172,0.12090164351409338,1.2542705591117198,1.2272605179241736,1.0,Boids,0.001173506771249322
apartment,Boids,60,800,0.02,0.1,0.2,,19,0.3,0.2,2.0,20,0,0.7955729166666666,0.7895182291666666,0.8671875,140.0,1.2166666666666666,0.05,89.31828046843194,0.0110625,0.9584313725490196,47,1.781626975893861,0.1112361730632806,1.1816269758938611,1.1844185270621268,1.0,Boids,0.0011280538537494066
apartment,Boids,60,800,0.02,0.1,0.2,,18,0.3,0.2,2.0,20,0,0.798828125,0.7941080729166667,0.861328125,120.0,0.9166666666666666,0.21666666666666667,91.52925243303797,0.008895833333333334,0.9800319488817891,51,1.7130816274775347,0.14272116556862968,1.113081627477535,1.107832717589461,1.0,Boids,0.001246434218749073
apartment,Boids,60,800,0.02,0.1,0.2,,20,0.3,0.2,2.0,20,0,0.7962239583333334,0.8032552083333334,0.8678385416666666,140.0,1.1833333333333333,0.11666666666666667,91.33255933924501,0.0124375,0.9652722967640096,49,1.7685558524825686,0.11487408800095289,1.1685558524825688,1.1527355189765176,1.0,Boids,0.001139351249998981
apartment,Boids,60,800,0.02,0.1,0.2,,21,0.3,0.2,2.0,20,0,0.7942708333333334,0.7856119791666668,0.8658854166666666,140.0,1.2833333333333334,0.11666666666666667,89.94246557248385,0.0115,0.9486780715396579,49,1.7629770833960234,0.14016699461451815,1.1629770833960236,1.1348955032607289,1.0,Boids,0.0011926564574991972
apartment,Boids,60,800,0.02,0.1,0.2,,22,0.3,0.2,2.0,20,0,0.7766927083333334,0.77255859375,0.8522135416666666,120.0,1.3333333333333333,0.08333333333333333,88.38366534762696,0.0118125,0.967558799675588,46,1.8035464865079853,0.12300885655337838,1.2035464865079855,1.2377338494419052,1.0,Boids,0.0011287916662490716
apartment,Boids,60,800,0.02,0.1,0.2,,23,0.3,0.2,2.0,20,0,0.7858072916666666,0.791015625,0.8626302083333334,120.0,1.45,0.15,91.93771216016214,0.012895833333333334,0.9429687499999999,52,1.6937633293126415,0.1437440299784961,1.0937633293126416,1.0940879904547747,1.0,Boids,0.0011815336974996171
apartment,Boids,60,800,0.02,0.1,0.2,,24,0.3,0.2,2.0,20,0,0.7994791666666666,0.8077473958333334,0.8704427083333334,140.0,1.3166666666666667,0.15,91.79096104409521,0.013041666666666667,0.9593749999999999,51,1.7632096760666853,0.16876089357657614,1.1632096760666852,1.0957406397980445,1.0,Boids,0.0011777460937514661
apartment,Boids,60,800,0.02,0.1,0.2,,25,0.3,0.2,2.0,20,0,0.8059895833333334,0.8033203125,0.8671875,120.0,1.3166666666666667,0.1,91.65954946672552,0.012958333333333334,0.9740361919748229,51,1.7711676560455725,0.10915065781475876,1.1711676560455724,1.1550835000441597,1.0,Boids,0.0011966798437515536
apartment,Boids,60,800,0.02,0.1,0.2,,26,0.3,0.2,2.0,20,0,0.7662760416666666,0.7616861979166667,0.8619791666666666,120.0,1.15,0.08333333333333333,87.10389802740774,0.010020833333333333,0.9319081551860648,44,1.7624804898831592,0.12295463001333294,1.1624804898831593,1.1962269057056467,1.0,Boids,0.0010832209375007552
apartment,Boids,60,800,0.02,0.1,0.2,,27,0.3,0.2,2.0,20,0,0.7623697916666666,0.7673828125,0.8626302083333334,140.0,1.2333333333333334,0.15,87.81178707174952,0.0114375,0.9278922345483359,45,1.8410558462738515,0.14282374704941325,1.2410558462738512,1.2536754294787906,1.0,Boids,0.0011011610937498517
apartment,Boids,60,800,0.02,0.1,0.2,,28,0.3,0.2,2.0,20,0,0.7955729166666666,0.7918619791666666,0.8658854166666666,120.0,1.25,0.13333333333333333,89.84125294212951,0.012416666666666666,0.9660079051383398,48,1.7698316996382673,0.15715178749428255,1.1698316996382674,1.2058142111877213,1.0,Boids,0.0011313368750006702
apartment,Boids,60,800,0.02,0.1,0.2,,29,0.3,0.2,2.0,20,0,0.7682291666666666,0.7719401041666666,0.8600260416666666,140.0,1.0833333333333333,0.11666666666666667,89.42419516719455,0.011520833333333333,0.9197194076383476,47,1.7530168329035762,0.10358596527816433,1.1530168329035761,1.1699250267840502,1.0,Boids,0.0011159605212492352
apartment,Boids,60,800,0.02,0.2,0.2,,0,0.3,0.2,2.0,20,0,0.77734375,0.7650390625,0.8684895833333334,140.0,1.2833333333333334,0.06666666666666667,76.16521819730424,0.014354166666666666,0.9453681710213777,43,1.9121481089033536,0.11236546380752697,1.3121481089033538,1.2917347693554655,1.0,Boids,0.00108313869875019
apartment,Boids,60,800,0.02,0.2,0.2,,1,0.3,0.2,2.0,20,0,0.7916666666666666,0.7912760416666667,0.865234375,160.0,1.3666666666666667,0.11666666666666667,77.92282628828508,0.015145833333333334,0.9507427677873338,47,1.8738994043520518,0.11748968543314874,1.2738994043520517,1.2635051290132635,1.0,Boids,0.0011270059375010533
apartment,Boids,60,800,0.02,0.2,0.2,,2,0.3,0.2,2.0,20,0,0.791015625,0.7763997395833333,0.8736979166666666,140.0,1.2666666666666666,0.1,75.99706225420172,0.01475,0.9536891679748822,44,1.9385869628883794,0.13170828635806175,1.3385869628883795,1.3324553089053397,1.0,Boids,0.0010953161974998694
apartment,Boids,60,800,0.02,0.2,0.2,,3,0.3,0.2,2.0,20,0,0.7975260416666666,0.8010091145833333,0.865234375,140.0,1.05,0.13333333333333333,79.3960377546152,0.0150625,0.9737678855325914,49,1.7841903840086588,0.15228219293939244,1.184190384008659,1.1434559489633962,1.0,Boids,0.0011666540624992194
apartment,Boids,60,800,0.02,0.2,0.2,,5,0.3,0.2,2.0,20,0,0.7936197916666666,0.7854817708333333,0.8658854166666666,140.0,1.2666666666666666,0.21666666666666667,76.9116969874864,0.0153125,0.9590873328088119,45,1.8747596611471993,0.16109309605352629,1.2747596611471996,1.2230389926619165,1.0,Boids,0.0011123027087501214
apartment,Boids,60,800,0.02,0.2,0.2,,4,0.3,0.2,2.0,20,0,0.7903645833333334,0.7912109375,0.8561197916666666,140.0,1.6,0.18333333333333332,79.25164496863404,0.016020833333333335,0.9673306772908368,50,1.7442766845204742,0.1289530135219931,1.1442766845204744,1.1211475188843105,1.0,Boids,0.001192329791249449
apartment,Boids,60,800,0.02,0.2,0.2,,6,0.3,0.2,2.0,20,0,0.791015625,0.7813802083333333,0.8639322916666666,140.0,1.4,0.15,76.72957926109042,0.014583333333333334,0.9612341772151899,45,1.8479136291862728,0.19332633198414367,1.2479136291862727,1.32317787401018,1.0,Boids,0.0011470318750002662
apartment,Boids,60,800,0.02,0.2,0.2,,7,0.3,0.2,2.0,20,0,0.7955729166666666,0.7751627604166667,0.8522135416666666,140.0,1.3833333333333333,0.1,78.24685861966057,0.015020833333333334,0.978382706164932,48,1.7857575773649021,0.17379978872283774,1.185757577364902,1.228880275981666,1.0,Boids,0.0011575891150005192
apartment,Boids,60,800,0.02,0.2,0.2,,8,0.3,0.2,2.0,20,0,0.7610677083333334,0.7575520833333333,0.8515625,140.0,1.3,0.11666666666666667,76.0762191259228,0.014083333333333333,0.9329608938547486,44,1.8588358024523701,0.12724441497621966,1.25883580245237,1.3386831832190866,1.0,Boids,0.0010940168749993973
apartment,Boids,60,800,0.02,0.2,0.2,,9,0.3,0.2,2.0,20,0,0.7734375,0.77236328125,0.8541666666666666,160.0,1.3,0.18333333333333332,78.31390202584751,0.014916666666666667,0.9361702127659575,48,1.7864082020199408,0.13747755586914565,1.1864082020199405,1.1820758881118856,1.0,Boids,0.0011944626562490157
apartment,Boids,60,800,0.02,0.2,0.2,,10,0.3,0.2,2.0,20,0,0.791015625,0.7831705729166667,0.8658854166666666,140.0,1.5666666666666667,0.16666666666666666,77.24911698599607,0.0158125,0.9469992205767731,45,1.889616154043564,0.1414637948409098,1.289616154043564,1.334684406741697,1.0,Boids,0.0011427706774998114
apartment,Boids,60,800,0.02,0.2,0.2,,11,0.3,0.2,2.0,20,0,0.7890625,0.7840820312499999,0.8606770833333334,140.0,1.25,0.11666666666666667,78.370705193368,0.013375,0.9688249400479616,48,1.7841781924724218,0.14573620516955907,1.184178192472422,1.1768778216997544,1.0,Boids,0.0011406888024998807
apartment,Boids,60,800,0.02,0.2,0.2,,12,0.3,0.2,2.0,20,0,0.7766927083333334,0.7579427083333334,0.8639322916666666,140.0,1.3,0.06666666666666667,75.42452313503294,0.014125,0.9349529780564264,42,1.8962510297803745,0.12533149048023293,1.2962510297803742,1.25693226413128,1.0,Boids,0.0011280149475010148
apartment,Boids,60,800,0.02,0.2,0.2,,13,0.3,0.2,2.0,20,0,0.783203125,0.7876302083333333,0.8717447916666666,160.0,1.45,0.13333333333333333,77.14907592200842,0.015875,0.9340062111801243,46,1.8166189813656928,0.14211946578321058,1.2166189813656931,1.2004988786016095,1.0,Boids,0.0011718976562497118
apartment,Boids,60,800,0.02,0.2,0.2,,14,0.3,0.2,2.0,20,0,0.7916666666666666,0.7948242187499999,0.8684895833333334,160.0,1.3833333333333333,0.15,78.0014956725895,0.015416666666666667,0.9522317932654658,47,1.808036073532076,0.12637728479873478,1.208036073532076,1.2307540985018304,1.0,Boids,0.001145254531249975
apartment,Boids,60,800,0.02,0.2,0.2,,15,0.3,0.2,2.0,20,0,0.7766927083333334,0.7756510416666668,0.861328125,160.0,1.3,0.13333333333333333,77.36110566261213,0.0155625,0.9559294871794872,46,1.7489905980640443,0.13540981569321958,1.1489905980640442,1.1367198197719635,1.0,Boids,0.0011369165099995371
apartment,Boids,60,800,0.02,0.2,0.2,,16,0.3,0.2,2.0,20,0,0.814453125,0.8158528645833332,0.869140625,160.0,1.3666666666666667,0.15,81.35013810135356,0.0151875,0.9889328063241106,53,1.7235506731958676,0.1271805301592846,1.1235506731958675,1.110176888936711,1.0,Boids,0.0012128497912499369
apartment,Boids,60,800,0.02,0.2,0.2,,17,0.3,0.2,2.0,20,0,0.7890625,0.7865885416666666,0.8639322916666666,160.0,1.1666666666666667,0.11666666666666667,78.86651596076118,0.01475,0.9543307086614173,49,1.716499086891626,0.15458660582197345,1.1164990868916258,1.105169694792116,1.0,Boids,0.0011739477087485285
apartment,Boids,60,800,0.02,0.2,0.2,,18,0.3,0.2,2.0,20,0,0.7955729166666666,0.7878255208333333,0.8639322916666666,140.0,1.1166666666666667,0.16666666666666666,77.58356958881156,0.011645833333333333,0.9569303054032888,46,1.8847747305105824,0.16266548454498156,1.2847747305105823,1.2052071427830495,1.0,Boids,0.001167426355000316
apartment,Boids,60,800,0.02,0.2,0.2,,19,0.3,0.2,2.0,20,0,0.7858072916666666,0.7782552083333334,0.8658854166666666,200.0,1.35,0.11666666666666667,76.38319366350848,0.0159375,0.9459247648902821,44,1.8501159221286785,0.18690089551174205,1.2501159221286786,1.161332299441291,1.0,Boids,0.0010982221874996866
apartment,Boids,60,800,0.02,0.2,0.2,,20,0.3,0.2,2.0,20,0,0.7825520833333334,0.7881510416666667,0.8684895833333334,140.0,1.5166666666666666,0.13333333333333333,77.7584602297331,0.017979166666666668,0.9375975039001561,47,1.764759394049008,0.15737614408625797,1.1647593940490082,1.1579299873846645,1.0,Boids,0.0011729864587505289
apartment,Boids,60,800,0.02,0.2,0.2,,21,0.3,0.2,2.0,20,0,0.77734375,0.7793619791666667,0.8665364583333334,160.0,1.55,0.2,77.30351289147599,0.016833333333333332,0.9291828793774319,46,1.793280808193005,0.15184485138287468,1.1932808081930049,1.1223975545121312,1.0,Boids,0.0011307184900010724
apartment,Boids,60,800,0.02,0.2,0.2,,22,0.3,0.2,2.0,20,0,0.7766927083333334,0.7791341145833333,0.8678385416666666,140.0,1.6,0.08333333333333333,75.50928646774915,0.015479166666666667,0.9305772230889237,43,1.853806599769307,0.15715896187805606,1.2538065997693069,1.250377724251912,1.0,Boids,0.0011086912500013568
apartment,Boids,60,800,0.02,0.2,0.2,,23,0.3,0.2,2.0,20,0,0.8170572916666666,0.8053059895833332,0.8658854166666666,140.0,1.5166666666666666,0.03333333333333333,81.33512769790622,0.014583333333333334,0.9797033567525371,52,1.687365846355816,0.13017205592072442,1.0873658463558167,1.052222437403249,1.0,Boids,0.001242153698749462
apartment,Boids,60,800,0.02,0.2,0.2,,24,0.3,0.2,2.0,20,0,0.7962239583333334,0.79267578125,0.86328125,160.0,1.3333333333333333,0.11666666666666667,79.91856791978533,0.014875,0.9584639498432602,51,1.7236981970895549,0.13657201192817986,1.1236981970895548,1.0710949564755343,1.0,Boids,0.001192124687499927
apartment,Boids,60,800,0.02,0.2,0.2,,25,0.3,0.2,2.0,20,0,0.78125,0.78408203125,0.8639322916666666,140.0,1.3,0.18333333333333332,77.66729133275376,0.0153125,0.9389671361502347,46,1.8553825794574337,0.12856126321472497,1.2553825794574336,1.2283010764756157,1.0,Boids,0.0011075915624996924
apartment,Boids,60,800,0.02,0.2,0.2,,26,0.3,0.2,2.0,20,0,0.78125,0.7830729166666666,0.8697916666666666,160.0,1.4666666666666666,0.13333333333333333,77.45706683541225,0.014833333333333334,0.9508716323296355,46,1.8098734354791453,0.14477884786886033,1.2098734354791454,1.233017748269598,1.0,Boids,0.0011117973437490035
apartment,Boids,60,800,0.02,0.2,0.2,,27,0.3,0.2,2.0,20,0,0.7864583333333334,0.7898763020833333,0.869140625,160.0,1.6,0.11666666666666667,78.17129535497453,0.014625,0.940809968847352,47,1.7652465252191665,0.18163322441041876,1.1652465252191664,1.095215775752573,1.0,Boids,0.0011351006774998496
apartment,Boids,60,800,0.02,0.2,0.2,,28,0.3,0.2,2.0,20,0,0.8059895833333334,0.8033854166666666,0.8684895833333334,140.0,1.1833333333333333,0.3,78.78589691190345,0.014291666666666666,0.9740361919748229,48,1.79541011836424,0.1651391881233437,1.19541011836424,1.2177914724668586,1.0,Boids,0.0011395215624997945
apartment,Boids,60,800,0.02,0.2,0.2,,29,0.3,0.2,2.0,20,0,0.796875,0.8,0.8639322916666666,160.0,1.2,0.05,78.94281761857482,0.014583333333333334,0.9615082482325217,49,1.7625576530349112,0.13953832093353302,1.162557653034911,1.133908686042492,1.0,Boids,0.001153047343750586
apartment,Boids,60,800,0.02,0.4,0.2,,0,0.3,0.2,2.0,20,0,0.7845052083333334,0.7808919270833333,0.8606770833333334,200.0,1.5166666666666666,0.15,68.96795430455852,0.023625,0.9647718174539632,48,1.6865093822116168,0.16852377692796996,1.086509382211617,1.0500116581685968,1.0,Boids,0.001169448124999235
apartment,Boids,60,800,0.02,0.4,0.2,,1,0.3,0.2,2.0,20,0,0.7864583333333334,0.78046875,0.8561197916666666,180.0,1.7,0.13333333333333333,70.3896053706565,0.022625,0.9671737389911931,50,1.6882360262967107,0.1620972287793041,1.0882360262967103,1.0860226854393935,1.0,Boids,0.0011827066137493603
apartment,Boids,60,800,0.02,0.4,0.2,,2,0.3,0.2,2.0,20,0,0.80078125,0.7978190104166667,0.8697916666666666,180.0,1.5333333333333334,0.15,69.80532909740478,0.021333333333333333,0.9731012658227849,49,1.7378396527714857,0.20824002400825603,1.1378396527714851,1.1631767971400682,1.0,Boids,0.0011633606774989857
apartment,Boids,60,800,0.02,0.4,0.2,,3,0.3,0.2,2.0,20,0,0.8014322916666666,0.7898763020833333,0.8515625,180.0,1.6666666666666667,0.21666666666666667,71.43015719137435,0.0241875,0.9919419822723609,52,1.6375239520300593,0.1732879047497451,1.0375239520300592,1.0096329655364806,1.0,Boids,0.0011985837499992158
apartment,Boids,60,800,0.02,0.4,0.2,,4,0.3,0.2,2.0,20,0,0.7877604166666666,0.7852213541666667,0.853515625,160.0,1.6166666666666667,0.06666666666666667,70.32963124430779,0.022333333333333334,0.976594027441485,50,1.713165774857021,0.1859791786413492,1.113165774857021,1.1228340753763708,1.0,Boids,0.0011863442700018822
apartment,Boids,60,800,0.02,0.4,0.2,,5,0.3,0.2,2.0,20,0,0.802734375,0.7986328125,0.8639322916666666,180.0,1.5666666666666667,0.08333333333333333,70.45770940748324,0.023083333333333334,0.9777954004758129,50,1.737205054531342,0.15585907769578183,1.137205054531342,1.1160334731683446,1.0,Boids,0.0011728553649982133
apartment,Boids,60,800,0.02,0.4,0.2,,7,0.3,0.2,2.0,20,0,0.8079427083333334,0.7927083333333333,0.8665364583333334,180.0,1.55,0.2,69.83081344557029,0.021458333333333333,1.0024232633279484,49,1.8088365415084553,0.18136940235541202,1.2088365415084554,1.093462457504892,1.0,Boids,0.0011348289062493677
apartment,Boids,60,800,0.02,0.4,0.2,,6,0.3,0.2,2.0,20,0,0.7897135416666666,0.7837565104166666,0.8606770833333334,180.0,1.4166666666666667,0.16666666666666666,70.41080320446162,0.019625,0.9805982215036378,49,1.7218037397728312,0.16840784576697213,1.121803739772831,1.0523866402521387,1.0,Boids,0.0012090615624993006
apartment,Boids,60,800,0.02,0.4,0.2,,8,0.3,0.2,2.0,20,0,0.7890625,0.7911783854166667,0.8671875,200.0,1.7166666666666666,0.11666666666666667,69.59183032773446,0.022833333333333334,0.9727126805778492,48,1.7358585099383568,0.1629903442084916,1.135858509938357,1.0725252624299377,1.0,Boids,0.0011710787500010156
apartment,Boids,60,800,0.02,0.4,0.2,,9,0.3,0.2,2.0,20,0,0.7701822916666666,0.7661783854166666,0.86328125,200.0,1.55,0.1,67.70949521081053,0.0229375,0.9672935404742435,45,1.7558859144110848,0.1821220270781558,1.1558859144110845,1.0579985632997828,1.0,Boids,0.0011791807287499978
apartment,Boids,60,800,0.02,0.4,0.2,,10,0.3,0.2,2.0,20,0,0.7682291666666666,0.757421875,0.8509114583333334,180.0,2.0166666666666666,0.15,68.32149862864048,0.025854166666666668,0.9554655870445343,46,1.8804097553987642,0.22204828929458342,1.280409755398764,1.2038144335879726,1.0,Boids,0.0011699869787503304
apartment,Boids,60,800,0.02,0.4,0.2,,11,0.3,0.2,2.0,20,0,0.82421875,0.8128255208333334,0.8736979166666666,180.0,1.5,0.15,72.3475535256393,0.019354166666666665,1.0317848410757946,53,1.656778548910131,0.19604011351392334,1.0567785489101313,0.9866953543696798,1.0,Boids,0.0012486142187481163
apartment,Boids,60,800,0.02,0.4,0.2,,12,0.3,0.2,2.0,20,0,0.7994791666666666,0.7872395833333333,0.8619791666666666,200.0,1.45,0.15,70.28871498618727,0.0203125,0.9654088050314465,49,1.750168879133352,0.18607295039134336,1.150168879133352,1.154147784391165,1.0,Boids,0.0011948569262494857
apartment,Boids,60,800,0.02,0.4,0.2,,13,0.3,0.2,2.0,20,0,0.767578125,0.7547200520833333,0.8626302083333334,160.0,1.7,0.13333333333333333,65.91607615507426,0.0226875,0.9531123686337915,42,1.8920511214698128,0.21250930656134906,1.292051121469813,1.258227110537461,1.0,Boids,0.0011339485937514838
apartment,Boids,60,800,0.02,0.4,0.2,,14,0.3,0.2,2.0,20,0,0.7942708333333334,0.7819986979166667,0.853515625,180.0,1.5666666666666667,0.2,70.17191466972612,0.025833333333333333,0.9822866344605475,49,1.697493326147268,0.19409999657159532,1.097493326147268,1.1459798608001197,1.0,Boids,0.0012000377612503145
apartment,Boids,60,800,0.02,0.4,0.2,,15,0.3,0.2,2.0,20,0,0.7786458333333334,0.7850585937499999,0.8665364583333334,180.0,1.55,0.15,68.31555254313804,0.022041666666666668,0.9568,46,1.828144858687403,0.16566180522715762,1.2281448586874033,1.2072814700401848,1.0,Boids,0.0011749004687499108
apartment,Boids,60,800,0.02,0.4,0.2,,16,0.3,0.2,2.0,20,0,0.806640625,0.8006510416666668,0.8658854166666666,180.0,1.5666666666666667,0.11666666666666667,70.85831729467704,0.022520833333333334,0.9802215189873418,51,1.6903652365142205,0.1990187132006265,1.0903652365142198,1.0451468550550174,1.0,Boids,0.0012370609374988816
apartment,Boids,60,800,0.02,0.4,0.2,,17,0.3,0.2,2.0,20,0,0.7591145833333334,0.7573893229166667,0.857421875,160.0,1.5166666666666666,0.15,68.61499735798307,0.022958333333333334,0.9328,47,1.7565602460405283,0.2809848563208983,1.1565602460405282,1.1560588554758429,1.0,Boids,0.001203422083751775
apartment,Boids,60,800,0.02,0.4,0.2,,18,0.3,0.2,2.0,20,0,0.78125,0.75634765625,0.84765625,180.0,1.3166666666666667,0.08333333333333333,69.06206498070446,0.015520833333333333,0.963855421686747,48,1.8546263321800571,0.23850809447248142,1.2546263321800568,1.188206511607035,1.0,Boids,0.0011917867700003625
apartment,Boids,60,800,0.02,0.4,0.2,,19,0.3,0.2,2.0,20,0,0.791015625,0.786328125,0.861328125,200.0,1.4833333333333334,0.06666666666666667,70.03373894469867,0.020583333333333332,0.9798387096774194,49,1.761596218513567,0.1522870702650102,1.161596218513567,1.1288774344973782,1.0,Boids,0.0012585615100010727
apartment,Boids,60,800,0.02,0.4,0.2,,20,0.3,0.2,2.0,20,0,0.7838541666666666,0.7769856770833333,0.8678385416666666,200.0,1.5166666666666666,0.06666666666666667,67.56135144482458,0.022083333333333333,0.9420970266040688,44,1.7841431960328487,0.18344408470331836,1.1841431960328486,1.15997773116497,1.0,Boids,0.0011655445837504886
apartment,Boids,60,800,0.02,0.4,0.2,,21,0.3,0.2,2.0,20,0,0.7805989583333334,0.7713216145833334,0.8509114583333334,180.0,1.65,0.11666666666666667,69.11507732897344,0.024416666666666666,0.9852095316351684,48,1.6791452829539766,0.18416350559304312,1.0791452829539765,1.0475371406045901,1.0,Boids,0.0012067322925008739
apartment,Boids,60,800,0.02,0.4,0.2,,22,0.3,0.2,2.0,20,0,0.779296875,0.7749348958333333,0.85546875,160.0,1.7,0.11666666666666667,68.56041391941879,0.022875,0.9739625711960943,47,1.8055330529050544,0.15365048438615705,1.2055330529050543,1.2241117280465748,1.0,Boids,0.0011909092187511305
apartment,Boids,60,800,0.02,0.4,0.2,,23,0.3,0.2,2.0,20,0,0.8001302083333334,0.78623046875,0.8639322916666666,180.0,1.65,0.1,69.74924606083174,0.020791666666666667,0.9777247414478919,49,1.7170799130218832,0.15727345914415952,1.117079913021883,1.1626148019671936,1.0,Boids,0.001169524583749535
apartment,Boids,60,800,0.02,0.4,0.2,,24,0.3,0.2,2.0,20,0,0.78125,0.7792968750000001,0.8665364583333334,180.0,1.3833333333333333,0.15,69.11229776424013,0.021083333333333332,0.9561752988047809,47,1.7969159442503506,0.19705616650472063,1.1969159442503505,1.2649401951182955,1.0,Boids,0.001189512343748902
apartment,Boids,60,800,0.02,0.4,0.2,,25,0.3,0.2,2.0,20,0,0.7669270833333334,0.7620768229166667,0.857421875,180.0,1.3833333333333333,0.21666666666666667,66.71542535785201,0.021854166666666668,0.9334389857369255,43,1.8451225756446057,0.1751000168123464,1.2451225756446056,1.2035629413064597,1.0,Boids,0.0011509375524997268
apartment,Boids,60,800,0.02,0.4,0.2,,26,0.3,0.2,2.0,20,0,0.7884114583333334,0.7886718750000001,0.8639322916666666,200.0,1.7333333333333334,0.18333333333333332,69.1005187877176,0.0204375,0.9535433070866143,47,1.8388533816554486,0.15661255639762828,1.2388533816554488,1.2620442249973736,1.0,Boids,0.0011670066137503454
apartment,Boids,60,800,0.02,0.4,0.2,,27,0.3,0.2,2.0,20,0,0.787109375,0.7865559895833333,0.8567708333333334,200.0,1.6666666666666667,0.16666666666666666,70.14172854749187,0.019958333333333335,0.9805352798053528,49,1.708556075768121,0.19063024006576326,1.108556075768121,1.1616248269879108,1.0,Boids,0.0013205467187503927
apartment,Boids,60,800,0.02,0.4,0.2,,28,0.3,0.2,2.0,20,0,0.7760416666666666,0.7765625,0.8665364583333334,180.0,1.6333333333333333,0.11666666666666667,68.93341441828765,0.0235,0.9319781078967944,47,1.63193459364131,0.20063430884483352,1.03193459364131,1.0569870334688947,1.0,Boids,0.00117656239624921
apartment,Boids,60,800,0.02,0.4,0.2,,29,0.3,0.2,2.0,20,0,0.7799479166666666,0.773828125,0.8450520833333334,180.0,1.4833333333333334,0.15,70.40187061698238,0.021875,0.9739837398373983,51,1.7103793080366119,0.2719212123182964,1.1103793080366118,1.1266943907778644,1.0,Boids,0.0012171071362490694
apartment,Boids,60,800,0.02,0.8,0.2,,0,0.3,0.2,2.0,20,0,0.7740885416666666,0.75341796875,0.849609375,240.0,2.216666666666667,0.15,65.37024533427613,0.034979166666666665,1.0101954120645709,49,1.6605755040075505,0.19908538682532625,1.0605755040075506,1.08926103412522,1.0,Boids,0.0012626469262499995
apartment,Boids,60,800,0.02,0.8,0.2,,1,0.3,0.2,2.0,20,0,0.7727864583333334,0.7651692708333332,0.8541666666666666,240.0,2.3,0.1,66.22621571427332,0.03475,0.993305439330544,51,1.5524338369375212,0.2108985134629423,0.9524338369375214,0.9523422525358384,1.0,Boids,0.0012717699475001609
apartment,Boids,60,800,0.02,0.8,0.2,,2,0.3,0.2,2.0,20,0,0.7858072916666666,0.7749674479166667,0.8509114583333334,220.0,2.216666666666667,0.08333333333333333,67.94748142738038,0.0364375,1.015993265993266,54,1.584245955420863,0.19114067368634935,0.984245955420863,1.0785998037153188,1.0,Boids,0.0012985658325010262
apartment,Boids,60,800,0.02,0.8,0.2,,3,0.3,0.2,2.0,20,0,0.7317708333333334,0.7376953125000001,0.8404947916666666,260.0,2.216666666666667,0.2,64.25745259911749,0.035666666666666666,0.9327800829875519,47,1.6586371846254957,0.29987274761602223,1.0586371846254956,0.9917373014822749,1.0,Boids,0.0012200993750002454
apartment,Boids,60,800,0.02,0.8,0.2,,4,0.3,0.2,2.0,20,0,0.7825520833333334,0.77978515625,0.849609375,240.0,2.1666666666666665,0.11666666666666667,66.83734734410972,0.0345,0.9975103734439834,52,1.598347024783762,0.1630828267660804,0.998347024783762,0.9493949104463084,1.0,Boids,0.0013023276049989362
apartment,Boids,60,800,0.02,0.8,0.2,,5,0.3,0.2,2.0,20,0,0.78125,0.7614908854166667,0.8580729166666666,200.0,2.3833333333333333,0.11666666666666667,65.08345177732768,0.03716666666666667,1.0160880609652836,49,1.693794024661532,0.18200984944486545,1.093794024661532,1.0722741232358661,1.0,Boids,0.001288513593751759
apartment,Boids,60,800,0.02,0.8,0.2,,7,0.3,0.2,2.0,20,0,0.7272135416666666,0.7163085937499999,0.8450520833333334,260.0,2.183333333333333,0.2,61.349198738379336,0.036,0.9355108877721943,42,1.7884192261012681,0.2614705846635761,1.1884192261012685,1.0777914949605456,1.0,Boids,0.0011597122912507985
apartment,Boids,60,800,0.02,0.8,0.2,,6,0.3,0.2,2.0,20,0,0.765625,0.75068359375,0.8548177083333334,220.0,2.05,0.11666666666666667,63.48637081720168,0.037125,0.9791840133222315,45,1.6979978771097484,0.20274030077698493,1.0979978771097483,1.1366356984904011,1.0,Boids,0.0012383536462493793
apartment,Boids,60,800,0.02,0.8,0.2,,8,0.3,0.2,2.0,20,0,0.7578125,0.7547526041666668,0.8515625,240.0,2.316666666666667,0.15,65.69888696353425,0.0375625,0.9708090075062552,50,1.5881982931845393,0.20836413956591035,0.9881982931845394,1.00225182407734,1.0,Boids,0.001286540417499964
apartment,Boids,60,800,0.02,0.8,0.2,,9,0.3,0.2,2.0,20,0,0.7493489583333334,0.7491861979166667,0.8404947916666666,220.0,2.5833333333333335,0.1,65.31494266585177,0.03825,0.9804088586030666,49,1.5610034238029473,0.20969332780752592,0.9610034238029476,0.9809019015164001,1.0,Boids,0.0012954268225007582
apartment,Boids,60,800,0.02,0.8,0.2,,10,0.3,0.2,2.0,20,0,0.72265625,0.7145833333333332,0.78125,220.0,2.5166666666666666,0.11666666666666667,64.84987968974775,0.04022916666666667,0.9805653710247351,49,1.5135374914193247,0.19519237305302786,0.9135374914193248,0.8878166273006302,1.0,Boids,0.0012926165625003704
apartment,Boids,60,800,0.02,0.8,0.2,,11,0.3,0.2,2.0,20,0,0.7473958333333334,0.7514322916666668,0.8346354166666666,200.0,2.466666666666667,0.2,65.30997450998048,0.034145833333333334,1.0132391879964695,49,1.60330294207509,0.2925535449575104,1.0033029420750899,0.9614520385396909,1.0,Boids,0.001278229269998974
apartment,Boids,60,800,0.02,0.8,0.2,,12,0.3,0.2,2.0,20,0,0.7552083333333334,0.76494140625,0.849609375,220.0,2.2666666666666666,0.06666666666666667,65.11310746210351,0.038125,0.972338642078793,49,1.5333223599371022,0.1922656473901315,0.9333223599371021,0.8910858424775819,1.0,Boids,0.0012555330200007119
apartment,Boids,60,800,0.02,0.8,0.2,,13,0.3,0.2,2.0,20,0,0.740234375,0.7463216145833333,0.8411458333333334,240.0,2.1166666666666667,0.18333333333333332,64.89048119830242,0.041479166666666664,0.95787700084246,48,1.642415393981054,0.2572204983581399,1.0424153939810539,0.9959096772871485,1.0,Boids,0.0012860553650011753
apartment,Boids,60,800,0.02,0.8,0.2,,14,0.3,0.2,2.0,20,0,0.7044270833333334,0.7017903645833334,0.8248697916666666,240.0,2.4,0.15,62.276554384149385,0.03845833333333333,0.9177268871925361,44,1.5682003517806413,0.2087940679899849,0.9682003517806413,0.9501786970362318,1.0,Boids,0.001217989687499994
apartment,Boids,60,800,0.02,0.8,0.2,,15,0.3,0.2,2.0,20,0,0.759765625,0.7588867187500001,0.84765625,240.0,2.216666666666667,0.18333333333333332,65.24105839589839,0.034875,0.9864750633981404,49,1.5604898929188302,0.22416127550416706,0.9604898929188298,0.9248983886217331,1.0,Boids,0.0012387384887506414
apartment,Boids,60,800,0.02,0.8,0.2,,16,0.3,0.2,2.0,20,0,0.7708333333333334,0.7602213541666667,0.8509114583333334,240.0,2.2,0.18333333333333332,65.79146973756772,0.036229166666666666,0.9681112019623875,49,1.588495440410434,0.20811981004651117,0.9884954404104338,0.9410832965665669,1.0,Boids,0.0012977973437500623
apartment,Boids,60,800,0.02,0.8,0.2,,17,0.3,0.2,2.0,20,0,0.765625,0.7503580729166667,0.8444010416666666,220.0,2.05,0.08333333333333333,64.39413542394114,0.035333333333333335,0.988235294117647,48,1.6158539497428623,0.2150568376430615,1.0158539497428623,0.9893856066241189,1.0,Boids,0.0012387431249999282
apartment,Boids,60,800,0.02,0.8,0.2,,18,0.3,0.2,2.0,20,0,0.7858072916666666,0.7617187499999999,0.84765625,220.0,2.2666666666666666,0.08333333333333333,68.01156946152612,0.033666666666666664,1.0387263339070567,54,1.5598471750047735,0.23102883623896125,0.9598471750047736,0.9516267334508234,1.0,Boids,0.0012955216149998705
apartment,Boids,60,800,0.02,0.8,0.2,,19,0.3,0.2,2.0,20,0,0.7552083333333334,0.75439453125,0.8470052083333334,240.0,2.3,0.16666666666666666,64.78201808566432,0.035770833333333335,0.972338642078793,48,1.586274320494332,0.22779229327993522,0.9862743204943317,0.9603043173891883,1.0,Boids,0.0012503747912501239
apartment,Boids,60,800,0.02,0.8,0.2,,20,0.3,0.2,2.0,20,0,0.755859375,0.7460611979166666,0.8359375,200.0,2.5,0.11666666666666667,64.79393628826138,0.036041666666666666,0.979746835443038,48,1.6060980497614514,0.29087151039346876,1.0060980497614516,0.911038702960005,1.0,Boids,0.0012582808849992944
apartment,Boids,60,800,0.02,0.8,0.2,,21,0.3,0.2,2.0,20,0,0.7395833333333334,0.7322591145833333,0.8391927083333334,240.0,2.25,0.16666666666666666,62.72157526394257,0.03575,0.9554247266610598,44,1.7648498677757045,0.3049237247280565,1.1648498677757049,1.0753157981772148,1.0,Boids,0.00122777192625108
apartment,Boids,60,800,0.02,0.8,0.2,,23,0.3,0.2,2.0,20,0,0.7408854166666666,0.74033203125,0.845703125,200.0,2.3333333333333335,0.1,64.73287901656643,0.036708333333333336,0.9366255144032921,48,1.6489968520817093,0.26181126563877993,1.0489968520817097,0.9806219264533907,1.0,Boids,0.0011968490625008598
apartment,Boids,60,800,0.02,0.8,0.2,,22,0.3,0.2,2.0,20,0,0.7760416666666666,0.7610351562500001,0.841796875,260.0,2.433333333333333,0.08333333333333333,66.8871106278098,0.03716666666666667,0.9925062447960034,52,1.572702353314015,0.23866289594206225,0.9727023533140146,0.9770453718903452,1.0,Boids,0.0013378659375007373
apartment,Boids,60,800,0.02,0.8,0.2,,24,0.3,0.2,2.0,20,0,0.7604166666666666,0.7496419270833333,0.841796875,220.0,2.6333333333333333,0.21666666666666667,65.57411696302474,0.04045833333333333,1.0060292850990524,50,1.621664151312753,0.302300285065343,1.021664151312753,1.0059783094509307,1.0,Boids,0.0012836334887492739
apartment,Boids,60,800,0.02,0.8,0.2,,25,0.3,0.2,2.0,20,0,0.7532552083333334,0.74951171875,0.8483072916666666,240.0,1.9666666666666666,0.16666666666666666,64.37566143794125,0.034916666666666665,0.9698239731768651,47,1.622652738572221,0.19584235601911126,1.0226527385722208,0.9272516171939681,1.0,Boids,0.001206952656248177
apartment,Boids,60,800,0.02,0.8,0.2,,26,0.3,0.2,2.0,20,0,0.7473958333333334,0.7509114583333334,0.849609375,220.0,2.3666666666666667,0.11666666666666667,64.61610363171337,0.037083333333333336,0.970414201183432,48,1.6319190370848908,0.1802631594916867,1.0319190370848907,0.9739571910111903,1.0,Boids,0.0012007250525016388
apartment,Boids,60,800,0.02,0.8,0.2,,27,0.3,0.2,2.0,20,0,0.7369791666666666,0.7307291666666667,0.8444010416666666,280.0,2.0166666666666666,0.05,62.47103595183301,0.034270833333333334,0.9293924466338259,44,1.749730999990001,0.30164978039135404,1.149730999990001,1.0728583600384396,1.0,Boids,0.0011687323437513442
apartment,Boids,60,800,0.02,0.8,0.2,,28,0.3,0.2,2.0,20,0,0.765625,0.7413411458333333,0.8391927083333334,200.0,2.316666666666667,0.1,64.1075925348298,0.035604166666666666,1.0333919156414764,47,1.6063581920581282,0.193300707139712,1.0063581920581282,0.9540593703979449,1.0,Boids,0.0012413884375018823
rubble,Boids,60,800,0.02,0.0,0.2,,0,0.3,0.2,2.0,20,0,0.672486033519553,0.6533170391061451,0.7779329608938548,220.0,1.3666666666666667,0.18333333333333332,75.88857462848402,0.012583333333333334,0.9506416584402765,48,1.4832980913731963,0.23899111484903174,0.8832980913731964,0.8097886893845897,1.0,Boids,0.0011532294275002641
apartment,Boids,60,800,0.02,0.8,0.2,,29,0.3,0.2,2.0,20,0,0.7630208333333334,0.7668294270833333,0.8515625,280.0,1.7833333333333334,0.1,66.85511213993351,0.033791666666666664,0.984047019311503,52,1.4845214148044634,0.2231572233681668,0.8845214148044632,0.915597361101924,1.0,Boids,0.0012641667712500748
rubble,Boids,60,800,0.02,0.0,0.2,,1,0.3,0.2,2.0,20,0,0.6738826815642458,0.6739525139664805,0.7925977653631285,220.0,1.4333333333333333,0.15,74.99216404683602,0.015375,0.9611553784860557,45,1.642921098912953,0.2318956589825357,1.042921098912953,0.9496904392654347,1.0,Boids,0.0011301069262503916
rubble,Boids,60,800,0.02,0.0,0.2,,2,0.3,0.2,2.0,20,0,0.7276536312849162,0.7069483240223464,0.8100558659217877,160.0,1.5,0.21666666666666667,75.46005546896131,0.0151875,1.0296442687747036,47,1.6645909976709838,0.2715663858854151,1.0645909976709838,0.9397566447689479,1.0,Boids,0.0011700518225006818
rubble,Boids,60,800,0.02,0.0,0.2,,4,0.3,0.2,2.0,20,0,0.6906424581005587,0.6916899441340781,0.7912011173184358,160.0,1.35,0.26666666666666666,73.24022190583497,0.017916666666666668,0.9929718875502009,43,1.6191095880686652,0.2306099920434494,1.0191095880686654,0.9548311949329428,1.0,Boids,0.0011276933337489936
rubble,Boids,60,800,0.02,0.0,0.2,,3,0.3,0.2,2.0,20,0,0.6997206703910615,0.6887569832402234,0.797486033519553,220.0,1.2666666666666666,0.35,76.35120350518363,0.015458333333333333,0.9990029910269193,49,1.5870781420731912,0.23456236021754057,0.9870781420731911,0.9083123305423005,1.0,Boids,0.0012287085425009537
rubble,Boids,60,800,0.02,0.0,0.2,,5,0.3,0.2,2.0,20,0,0.7199720670391061,0.6995810055865922,0.8149441340782123,220.0,1.2666666666666666,0.25,76.6392205530073,0.020729166666666667,1.0058536585365854,49,1.56994237871486,0.2756420423944724,0.96994237871486,0.9045883242677119,1.0,Boids,0.0012263615624988234
rubble,Boids,60,800,0.02,0.0,0.2,,7,0.3,0.2,2.0,20,0,0.7136871508379888,0.6913407821229052,0.8114525139664804,180.0,1.35,0.38333333333333336,74.95829166634836,0.018270833333333333,1.0059055118110236,46,1.6660573697885557,0.2513671415703314,1.0660573697885554,0.9433681009651593,1.0,Boids,0.0011654223950017695
rubble,Boids,60,800,0.02,0.0,0.2,,6,0.3,0.2,2.0,20,0,0.7569832402234636,0.7400837988826816,0.8379888268156425,180.0,1.55,0.31666666666666665,78.83058798472398,0.020625,1.05859375,53,1.5404144138333986,0.26176553212829545,0.9404144138333985,0.8730328508639046,1.0,Boids,0.0012665654162515238
rubble,Boids,60,800,0.02,0.0,0.2,,8,0.3,0.2,2.0,20,0,0.6696927374301676,0.6616969273743016,0.7793296089385475,200.0,1.6,0.3,74.60652233884362,0.01425,0.993782383419689,47,1.592640539229503,0.25234711696063805,0.9926405392295035,0.919945018265243,1.0,Boids,0.0011927182300019012
rubble,Boids,60,800,0.02,0.0,0.2,,9,0.3,0.2,2.0,20,0,0.7074022346368715,0.6843575418994413,0.7863128491620112,220.0,1.2833333333333334,0.35,77.46941907842279,0.0130625,1.023232323232323,51,1.5826210952527122,0.25689326838624177,0.9826210952527121,0.9288405488195924,1.0,Boids,0.0012253526037488882
rubble,Boids,60,800,0.02,0.0,0.2,,10,0.3,0.2,2.0,20,0,0.6675977653631285,0.6558310055865924,0.7821229050279329,220.0,1.3666666666666667,0.2833333333333333,72.76282759044342,0.0156875,0.9363369245837415,43,1.6503883468134648,0.26362436285200014,1.0503883468134647,0.9741413589751579,1.0,Boids,0.001153399115000866
rubble,Boids,60,800,0.02,0.0,0.2,,11,0.3,0.2,2.0,20,0,0.6787709497206704,0.6422136871508379,0.7744413407821229,220.0,1.4333333333333333,0.25,74.97071854403332,0.016229166666666666,0.9446064139941691,47,1.5177815754719364,0.24859870903568118,0.9177815754719365,0.8501633688208022,1.0,Boids,0.0012002095837488013
rubble,Boids,60,800,0.02,0.0,0.2,,12,0.3,0.2,2.0,20,0,0.7081005586592178,0.6835195530726257,0.7905027932960894,240.0,1.3833333333333333,0.25,74.30854263359365,0.011979166666666667,1.0453608247422679,47,1.6262328003007689,0.286966963555779,1.0262328003007688,0.91252337892984,1.0,Boids,0.0011742006249983205
rubble,Boids,60,800,0.02,0.0,0.2,,13,0.3,0.2,2.0,20,0,0.7220670391061452,0.7192039106145252,0.8128491620111732,220.0,1.4,0.4,78.6974072174289,0.021020833333333332,0.9971070395371263,51,1.5122542424828982,0.268299338844815,0.9122542424828983,0.8769303252893234,1.0,Boids,0.0012347126562508492
rubble,Boids,60,800,0.02,0.0,0.2,,14,0.3,0.2,2.0,20,0,0.6927374301675978,0.6622905027932962,0.7939944134078212,220.0,1.5166666666666666,0.31666666666666665,72.66995294252584,0.018520833333333334,0.9725490196078432,44,1.689021684913916,0.25904278746172926,1.0890216849139156,1.0373671812161924,1.0,Boids,0.0011884469787514717
rubble,Boids,60,800,0.02,0.0,0.2,,16,0.3,0.2,2.0,20,0,0.6571229050279329,0.6576466480446927,0.7639664804469274,200.0,1.45,0.26666666666666666,73.12069169018339,0.017125,0.9553299492385786,44,1.6305120029905935,0.3315046636449472,1.0305120029905934,0.8969576666762715,1.0,Boids,0.0011724218750009641
rubble,Boids,60,800,0.02,0.0,0.2,,15,0.3,0.2,2.0,20,0,0.74231843575419,0.704504189944134,0.8198324022346368,220.0,1.4833333333333334,0.3333333333333333,77.7796170229858,0.016020833333333335,1.094747682801236,52,1.5563278812852706,0.2366629033904868,0.9563278812852704,0.8729563436385663,1.0,Boids,0.0012632482287517632
rubble,Boids,60,800,0.02,0.0,0.2,,17,0.3,0.2,2.0,20,0,0.7437150837988827,0.7199371508379888,0.821927374301676,240.0,1.2666666666666666,0.2,76.24365349088056,0.017458333333333333,1.0075685903500473,48,1.687983864520439,0.26464992341915744,1.0879838645204387,1.0260009266363608,1.0,Boids,0.0011726372912494298
rubble,Boids,60,800,0.02,0.0,0.2,,18,0.3,0.2,2.0,20,0,0.7150837988826816,0.6964385474860335,0.7939944134078212,240.0,1.6166666666666667,0.31666666666666665,76.5395180462933,0.018270833333333333,1.0459652706843718,50,1.5462317804831656,0.2874505611342031,0.9462317804831657,0.8918738475886429,1.0,Boids,0.0012063543750014105
rubble,Boids,60,800,0.02,0.0,0.2,,19,0.3,0.2,2.0,20,0,0.7004189944134078,0.699231843575419,0.7918994413407822,220.0,1.3666666666666667,0.31666666666666665,77.52014878985388,0.014291666666666666,1.0224260958205913,51,1.5876826900542864,0.24093465575156678,0.9876826900542864,0.9540733737748827,1.0,Boids,0.0012288347387493558
rubble,Boids,60,800,0.02,0.0,0.2,,20,0.3,0.2,2.0,20,0,0.7695530726256983,0.75625,0.8393854748603352,200.0,1.2666666666666666,0.2833333333333333,80.20695151437384,0.02025,1.0772238514173997,54,1.5665300517235239,0.26026657801074027,0.9665300517235238,0.9057736057156655,1.0,Boids,0.0012426982287502143
rubble,Boids,60,800,0.02,0.0,0.2,,21,0.3,0.2,2.0,20,0,0.6878491620111732,0.681808659217877,0.7995810055865922,200.0,1.4,0.3,76.38976753074562,0.018416666666666668,0.9666339548577036,49,1.5782636918717676,0.21947662581591412,0.9782636918717672,0.9353178488056256,1.0,Boids,0.0012007866149997427
rubble,Boids,60,800,0.02,0.0,0.2,,22,0.3,0.2,2.0,20,0,0.7262569832402235,0.7071229050279328,0.8142458100558659,240.0,1.4333333333333333,0.2833333333333333,76.90442749978008,0.0155625,1.036889332003988,50,1.612617948858381,0.2528116336494972,1.012617948858381,0.9072182827782352,1.0,Boids,0.0011988385937502244
rubble,Boids,60,800,0.02,0.0,0.2,,23,0.3,0.2,2.0,20,0,0.6941340782122905,0.669308659217877,0.7912011173184358,220.0,1.3833333333333333,0.2,74.74005901749561,0.015541666666666667,0.994994994994995,47,1.6406474558610962,0.22324960455078482,1.0406474558610963,1.0162897261775252,1.0,Boids,0.0011612117187496552
rubble,Boids,60,800,0.02,0.0,0.2,,24,0.3,0.2,2.0,20,0,0.6913407821229051,0.6772695530726258,0.7912011173184358,180.0,1.6666666666666667,0.26666666666666666,74.97841277420122,0.018166666666666668,0.975369458128079,46,1.5604341519880491,0.24668800073201622,0.9604341519880492,0.9008355941172259,1.0,Boids,0.0011514436462493904
rubble,Boids,60,800,0.02,0.0,0.2,,26,0.3,0.2,2.0,20,0,0.6564245810055865,0.6332402234636871,0.7639664804469274,220.0,1.25,0.23333333333333334,73.89547911217065,0.011729166666666667,0.962128966223132,46,1.5956885067265503,0.3126198930668359,0.9956885067265508,0.9688828120322291,1.0,Boids,0.0011219567712487332
rubble,Boids,60,800,0.02,0.0,0.2,,25,0.3,0.2,2.0,20,0,0.6822625698324022,0.6736731843575419,0.784217877094972,260.0,1.5333333333333334,0.16666666666666666,74.66132816494448,0.017645833333333333,0.9702085402184706,47,1.561294222601461,0.23326902186006943,0.9612942226014616,0.866839550176521,1.0,Boids,0.0011795614062498317
rubble,Boids,60,800,0.02,0.0,0.2,,27,0.3,0.2,2.0,20,0,0.6759776536312849,0.6738826815642458,0.7737430167597765,220.0,1.35,0.4,75.33065903989959,0.011770833333333333,0.9877551020408164,47,1.584573328797038,0.25180858357334457,0.9845733287970376,0.8591647232386727,1.0,Boids,0.001161515781250273
rubble,Boids,60,800,0.02,0.0,0.2,,28,0.3,0.2,2.0,20,0,0.7569832402234636,0.7326466480446927,0.8240223463687151,180.0,1.55,0.31666666666666665,79.59110260290883,0.0216875,1.0493707647628268,54,1.5519071266042912,0.2555405690277058,0.9519071266042916,0.8331265220356835,1.0,Boids,0.0012381387499999618
rubble,Boids,60,800,0.02,0.0,0.2,,29,0.3,0.2,2.0,20,0,0.6850558659217877,0.6773743016759777,0.7772346368715084,240.0,1.3833333333333333,0.36666666666666664,75.63756016550433,0.0178125,0.9703264094955488,48,1.5131012691530383,0.1749121206189435,0.9131012691530386,0.835465540803694,1.0,Boids,0.0011931820837503438
rubble,Boids,60,800,0.02,0.1,0.2,,0,0.3,0.2,2.0,20,0,0.6822625698324022,0.6806215083798883,0.7905027932960894,280.0,1.3333333333333333,0.3,73.52929327732762,0.014395833333333333,0.9654150197628458,48,1.5426821701222468,0.21894826218715835,0.9426821701222469,0.8644936933911723,1.0,Boids,0.001198530781248337
rubble,Boids,60,800,0.02,0.1,0.2,,1,0.3,0.2,2.0,20,0,0.744413407821229,0.7296438547486035,0.8170391061452514,240.0,1.2333333333333334,0.35,74.52906391527264,0.013229166666666667,1.0329457364341086,49,1.6340512036303143,0.21551595941627746,1.0340512036303142,0.9889140098899188,1.0,Boids,0.0011782672912499948
rubble,Boids,60,800,0.02,0.1,0.2,,2,0.3,0.2,2.0,20,0,0.7185754189944135,0.7049231843575419,0.803072625698324,220.0,1.5166666666666666,0.4166666666666667,75.42177495973004,0.01825,1.0279720279720281,51,1.5887096656569628,0.21249428229220957,0.9887096656569628,0.914944630988837,1.0,Boids,0.0012388696349989914
rubble,Boids,60,800,0.02,0.1,0.2,,3,0.3,0.2,2.0,20,0,0.7451117318435754,0.7282122905027932,0.8296089385474861,240.0,1.3666666666666667,0.26666666666666666,74.64537446305793,0.017479166666666667,1.0865580448065173,49,1.6548253479739032,0.19085580324641557,1.0548253479739034,1.0476231125587336,1.0,Boids,0.0012011482287516628
rubble,Boids,60,800,0.02,0.1,0.2,,4,0.3,0.2,2.0,20,0,0.7213687150837989,0.7219622905027934,0.8163407821229051,220.0,1.2333333333333334,0.23333333333333334,75.36615331095199,0.017854166666666667,1.033,50,1.5509779516201965,0.26599178929005984,0.9509779516201968,0.8795152630648762,1.0,Boids,0.0012096136975014815
rubble,Boids,60,800,0.02,0.1,0.2,,5,0.3,0.2,2.0,20,0,0.6773743016759777,0.6714036312849163,0.7891061452513967,220.0,1.4166666666666667,0.25,71.25440909381436,0.01975,0.9768378650553877,44,1.6333453611317017,0.21246965587878097,1.0333453611317014,0.9876905254464186,1.0,Boids,0.0011659972400002517
rubble,Boids,60,800,0.02,0.1,0.2,,6,0.3,0.2,2.0,20,0,0.6885474860335196,0.6755237430167598,0.7751396648044693,200.0,1.4166666666666667,0.35,72.9338912351955,0.0181875,1.0112820512820513,47,1.6342643409326882,0.2538609543420057,1.0342643409326877,0.9679855264084952,1.0,Boids,0.0012194760412489814
rubble,Boids,60,800,0.02,0.1,0.2,,7,0.3,0.2,2.0,20,0,0.702513966480447,0.6822625698324022,0.7960893854748603,200.0,1.5833333333333333,0.38333333333333336,73.55815899862793,0.023395833333333334,1.0080160320641283,49,1.594457196838717,0.2278545149544071,0.994457196838717,0.9267537081663263,1.0,Boids,0.00121989015625104
rubble,Boids,60,800,0.02,0.1,0.2,,8,0.3,0.2,2.0,20,0,0.6766759776536313,0.6466480446927374,0.7583798882681564,240.0,1.2833333333333334,0.2833333333333333,70.60410387649792,0.015958333333333335,1.0031055900621118,45,1.604476711453631,0.24082635112330475,1.0044767114536313,0.9621042139342916,1.0,Boids,0.0011992768749996684
rubble,Boids,60,800,0.02,0.1,0.2,,9,0.3,0.2,2.0,20,0,0.6878491620111732,0.6832053072625698,0.776536312849162,220.0,1.25,0.26666666666666666,73.32573617407493,0.015458333333333333,0.9869739478957916,48,1.561101668761441,0.18720547350060132,0.9611016687614411,0.949453277086011,1.0,Boids,0.001198564374999478
rubble,Boids,60,800,0.02,0.1,0.2,,10,0.3,0.2,2.0,20,0,0.6822625698324022,0.6503491620111731,0.7828212290502793,220.0,1.3166666666666667,0.23333333333333334,73.05078444196899,0.016166666666666666,0.9673267326732672,48,1.5976459748234964,0.27749021309148986,0.9976459748234964,0.9076301612326699,1.0,Boids,0.0012226793750005527
rubble,Boids,60,800,0.02,0.1,0.2,,11,0.3,0.2,2.0,20,0,0.6871508379888268,0.682227653631285,0.7807262569832403,220.0,1.3,0.4166666666666667,72.44707029035193,0.017833333333333333,0.978131212723658,47,1.5358209793620952,0.20743019074956617,0.935820979362095,0.9680894050683996,1.0,Boids,0.0012177282812490375
rubble,Boids,60,800,0.02,0.1,0.2,,12,0.3,0.2,2.0,20,0,0.6983240223463687,0.6762220670391061,0.7891061452513967,260.0,1.2833333333333334,0.35,71.48882794820813,0.012791666666666666,1.0080645161290323,44,1.6428638719502286,0.1914149109241638,1.0428638719502286,1.0208675413408268,1.0,Boids,0.0011709222399986174
rubble,Boids,60,800,0.02,0.1,0.2,,13,0.3,0.2,2.0,20,0,0.6892458100558659,0.6916201117318437,0.8086592178770949,240.0,1.45,0.35,73.38740314131773,0.0213125,0.9949596774193548,49,1.554984482607076,0.26330623552038984,0.9549844826070761,0.871634839499246,1.0,Boids,0.0011987719787498463
rubble,Boids,60,800,0.02,0.1,0.2,,14,0.3,0.2,2.0,20,0,0.7122905027932961,0.693191340782123,0.7981843575418994,240.0,1.5166666666666666,0.36666666666666664,73.76208343517666,0.019645833333333335,1.0271903323262839,48,1.635705326195591,0.24722227501984226,1.0357053261955909,1.0072387754004204,1.0,Boids,0.0011951198962492527
rubble,Boids,60,800,0.02,0.1,0.2,,15,0.3,0.2,2.0,20,0,0.75,0.7285614525139664,0.8317039106145251,220.0,1.5666666666666667,0.21666666666666667,74.98635819719706,0.018833333333333334,1.0793969849246232,50,1.6481053641884815,0.24589393054951408,1.0481053641884814,0.9435764393072962,1.0,Boids,0.0012167963537490323
rubble,Boids,60,800,0.02,0.1,0.2,,17,0.3,0.2,2.0,20,0,0.672486033519553,0.6524790502793296,0.770949720670391,180.0,1.2666666666666666,0.36666666666666664,71.216656551019,0.017520833333333333,0.9668674698795181,45,1.543662266730464,0.28018394341408714,0.943662266730464,0.7987396166627619,1.0,Boids,0.001153926197500823
rubble,Boids,60,800,0.02,0.1,0.2,,16,0.3,0.2,2.0,20,0,0.7185754189944135,0.7001047486033519,0.8044692737430168,240.0,1.5,0.35,77.43267201280715,0.018479166666666668,1.0446700507614215,55,1.5276079051207851,0.22893075209760264,0.9276079051207844,0.9110467358950279,1.0,Boids,0.0013025672912499431
rubble,Boids,60,800,0.02,0.1,0.2,,18,0.3,0.2,2.0,20,0,0.6899441340782123,0.6729399441340782,0.7737430167597765,200.0,1.7833333333333334,0.3333333333333333,73.10285766200191,0.019833333333333335,1.0206611570247934,48,1.5667159782482738,0.3182023846887225,0.9667159782482738,0.8654876592867086,1.0,Boids,0.0012361447387502266
rubble,Boids,60,800,0.02,0.1,0.2,,19,0.3,0.2,2.0,20,0,0.7646648044692738,0.7206703910614525,0.8268156424581006,200.0,1.35,0.21666666666666667,77.23920022405856,0.017979166666666668,1.1139369277721263,54,1.6004590858197998,0.26690725642883345,1.0004590858197995,0.8857723437466708,1.0,Boids,0.0012427223962504287
rubble,Boids,60,800,0.02,0.1,0.2,,20,0.3,0.2,2.0,20,0,0.6997206703910615,0.689490223463687,0.7967877094972067,240.0,1.3,0.2833333333333333,73.37812846612069,0.021375,0.99800796812749,47,1.5689693648535181,0.24606244782257705,0.9689693648535186,0.8724083748281054,1.0,Boids,0.0011734220837502107
rubble,Boids,60,800,0.02,0.1,0.2,,22,0.3,0.2,2.0,20,0,0.6445530726256983,0.622486033519553,0.7646648044692738,200.0,1.4333333333333333,0.3,68.21893762595977,0.0159375,0.9361054766734279,40,1.693941559022838,0.3862817282306212,1.0939415590228379,0.931785087547827,1.0,Boids,0.0010621039587499581
rubble,Boids,60,800,0.02,0.1,0.2,,21,0.3,0.2,2.0,20,0,0.7129888268156425,0.6861731843575419,0.797486033519553,260.0,1.55,0.38333333333333336,74.13683660530349,0.02272916666666667,1.0281973816717018,49,1.6481567319660277,0.2311076536231302,1.0481567319660277,0.944763227669937,1.0,Boids,0.0011646986987511809
rubble,Boids,60,800,0.02,0.1,0.2,,23,0.3,0.2,2.0,20,0,0.6668994413407822,0.6470670391061452,0.7618715083798883,240.0,1.4833333333333334,0.43333333333333335,71.9423644472986,0.018354166666666668,0.9794871794871794,47,1.624447259963351,0.2756791692999193,1.0244472599633512,0.9252250479006349,1.0,Boids,0.0012295285412483282
rubble,Boids,60,800,0.02,0.1,0.2,,24,0.3,0.2,2.0,20,0,0.7374301675977654,0.7048882681564246,0.8121508379888268,280.0,1.5833333333333333,0.25,74.48038686572428,0.021,1.0403940886699508,50,1.617926710168751,0.25886315280578126,1.0179267101687506,0.9560539499546881,1.0,Boids,0.0011711897912505265
rubble,Boids,60,800,0.02,0.1,0.2,,25,0.3,0.2,2.0,20,0,0.6801675977653632,0.6799581005586594,0.7744413407821229,180.0,1.4333333333333333,0.4666666666666667,73.02964381609276,0.0193125,1.0020576131687242,48,1.4589385518068283,0.28992962803048977,0.8589385518068283,0.7679340682447676,1.0,Boids,0.0011406126562496866
rubble,Boids,60,800,0.02,0.1,0.2,,26,0.3,0.2,2.0,20,0,0.75,0.7253840782122906,0.8310055865921788,260.0,1.4333333333333333,0.3,78.40566330092469,0.014375,1.0633663366336632,55,1.5761075582389805,0.20539052403932592,0.9761075582389803,0.9038399267593341,1.0,Boids,0.0012140050000016345
rubble,Boids,60,800,0.02,0.1,0.2,,27,0.3,0.2,2.0,20,0,0.6794692737430168,0.6878840782122905,0.7849162011173184,220.0,1.3666666666666667,0.3333333333333333,73.80631469127493,0.0136875,0.9838220424671386,49,1.5156726721695,0.21090136839280632,0.9156726721695002,0.8658918117295032,1.0,Boids,0.0011594453637485459
rubble,Boids,60,800,0.02,0.1,0.2,,28,0.3,0.2,2.0,20,0,0.715782122905028,0.6984287709497206,0.8051675977653632,240.0,1.6333333333333333,0.35,71.62222911340398,0.021791666666666668,0.9893822393822395,45,1.6875378355700392,0.29521180227695226,1.0875378355700391,1.016996288628806,1.0,Boids,0.0011450648962500053
rubble,Boids,60,800,0.02,0.1,0.2,,29,0.3,0.2,2.0,20,0,0.6710893854748603,0.6638617318435754,0.7730446927374302,240.0,1.6333333333333333,0.3333333333333333,71.09791874763886,0.0191875,0.9876670092497429,45,1.6862887395267794,0.39540900842339444,1.0862887395267795,0.9525165380717692,1.0,Boids,0.0011639161462494484
rubble,Boids,60,800,0.02,0.2,0.2,,0,0.3,0.2,2.0,20,0,0.6599162011173184,0.6393156424581006,0.7772346368715084,240.0,1.3833333333333333,0.3333333333333333,65.78977193938921,0.02033333333333333,0.9545454545454545,42,1.6681593449986094,0.3013209313079059,1.0681593449986098,0.9331480930211974,1.0,Boids,0.001122654323748975
rubble,Boids,60,800,0.02,0.2,0.2,,1,0.3,0.2,2.0,20,0,0.6787709497206704,0.6645600558659218,0.7744413407821229,260.0,1.4666666666666666,0.2833333333333333,65.55687672643698,0.017895833333333333,1.0041322314049588,42,1.6935875059215162,0.3360172061563193,1.093587505921516,0.9193365982431455,1.0,Boids,0.0011426777600013337
rubble,Boids,60,800,0.02,0.2,0.2,,2,0.3,0.2,2.0,20,0,0.7081005586592178,0.6809357541899441,0.797486033519553,240.0,1.5166666666666666,0.4166666666666667,70.62718581398504,0.021916666666666668,1.046439628482972,51,1.5010368789591466,0.3386147988688758,0.9010368789591469,0.8819909130930531,1.0,Boids,0.0012457616674987548
rubble,Boids,60,800,0.02,0.2,0.2,,3,0.3,0.2,2.0,20,0,0.6808659217877095,0.6644203910614526,0.7828212290502793,240.0,1.4666666666666666,0.48333333333333334,69.16427514243553,0.018041666666666668,1.0361317747077579,48,1.49880264631,0.22531641252468398,0.8988026463100002,0.8325337825237192,1.0,Boids,0.0012152991137486424
rubble,Boids,60,800,0.02,0.2,0.2,,4,0.3,0.2,2.0,20,0,0.6948324022346368,0.6781075418994413,0.7807262569832403,240.0,1.4666666666666666,0.3,70.81760205445632,0.022854166666666665,1.0163432073544434,51,1.5752628095452352,0.19372048015043844,0.9752628095452353,0.972433179633221,1.0,Boids,0.001259496874999968
rubble,Boids,60,800,0.02,0.2,0.2,,5,0.3,0.2,2.0,20,0,0.6906424581005587,0.6677025139664805,0.7939944134078212,260.0,1.3166666666666667,0.2833333333333333,68.44844367075167,0.021270833333333333,1.0102145045965272,47,1.6446980106340507,0.30549488323637625,1.044698010634051,1.021786397898683,1.0,Boids,0.0012086666662503376
rubble,Boids,60,800,0.02,0.2,0.2,,6,0.3,0.2,2.0,20,0,0.7136871508379888,0.700104748603352,0.7960893854748603,260.0,1.55,0.5333333333333333,70.21962112874758,0.023541666666666666,1.0323232323232323,50,1.6248474464766658,0.23286424160009353,1.024847446476666,0.9226056232261292,1.0,Boids,0.0012382633862512192
rubble,Boids,60,800,0.02,0.2,0.2,,7,0.3,0.2,2.0,20,0,0.6815642458100558,0.6526536312849163,0.7730446927374302,200.0,1.3833333333333333,0.36666666666666664,67.0839913698912,0.022354166666666668,1.0177267987486966,45,1.613167141787677,0.29987767665525067,1.0131671417876769,0.9285232580922506,1.0,Boids,0.0012058968749988708
rubble,Boids,60,800,0.02,0.2,0.2,,8,0.3,0.2,2.0,20,0,0.7164804469273743,0.6856145251396647,0.7960893854748603,240.0,1.4833333333333334,0.45,70.59021921910447,0.0203125,1.0610134436401242,51,1.580757674949081,0.24702005441173502,0.9807576749490812,0.9683681211258407,1.0,Boids,0.0012554617712498839
rubble,Boids,60,800,0.02,0.2,0.2,,9,0.3,0.2,2.0,20,0,0.6675977653631285,0.6565293296089385,0.7786312849162011,260.0,1.4833333333333334,0.23333333333333334,66.48526092391828,0.019458333333333334,0.9695740365111563,44,1.5472824067163515,0.2757224986846514,0.9472824067163516,0.8885143956446191,1.0,Boids,0.0011994716137496654
rubble,Boids,60,800,0.02,0.2,0.2,,10,0.3,0.2,2.0,20,0,0.6585195530726257,0.6425977653631285,0.7569832402234636,220.0,1.5333333333333334,0.3333333333333333,67.64169182423538,0.022604166666666668,0.9905462184873949,46,1.563499327249226,0.3274664407561971,0.9634993272492263,0.8589391947860817,1.0,Boids,0.001186042551250921
rubble,Boids,60,800,0.02,0.2,0.2,,11,0.3,0.2,2.0,20,0,0.6613128491620112,0.6484287709497207,0.7625698324022346,280.0,1.55,0.31666666666666665,68.55444850607184,0.021541666666666667,0.9585020242914979,47,1.5616082335174617,0.28288836826573205,0.9616082335174618,0.8548719820649485,1.0,Boids,0.0012196765625003536
rubble,Boids,60,800,0.02,0.2,0.2,,12,0.3,0.2,2.0,20,0,0.7115921787709497,0.6792248603351955,0.7912011173184358,200.0,1.5833333333333333,0.43333333333333335,71.04379773253677,0.018145833333333333,1.1124454148471614,51,1.5450099727616675,0.31042240724595166,0.9450099727616683,0.8539007787524499,1.0,Boids,0.0012414917699993565
rubble,Boids,60,800,0.02,0.2,0.2,,13,0.3,0.2,2.0,20,0,0.7053072625698324,0.6879888268156424,0.7967877094972067,280.0,1.65,0.38333333333333336,68.36412593091805,0.0258125,1.0069790628115654,47,1.619070752834142,0.266875313552971,1.0190707528341423,0.9295541242316904,1.0,Boids,0.0012183063025008778
rubble,Boids,60,800,0.02,0.2,0.2,,14,0.3,0.2,2.0,20,0,0.6962290502793296,0.6654678770949721,0.7821229050279329,220.0,1.5833333333333333,0.48333333333333334,67.80276297305116,0.023645833333333335,1.0173469387755103,46,1.6111481372148873,0.2753252192526942,1.011148137214888,0.8837804613002356,1.0,Boids,0.0012223746874997232
rubble,Boids,60,800,0.02,0.2,0.2,,15,0.3,0.2,2.0,20,0,0.6682960893854749,0.6651187150837989,0.7814245810055865,260.0,1.6,0.3333333333333333,69.04326643071633,0.021583333333333333,0.9835560123329907,48,1.625106824604252,0.2534761661761853,1.0251068246042518,0.9693843732058831,1.0,Boids,0.0012006049475007784
rubble,Boids,60,800,0.02,0.2,0.2,,16,0.3,0.2,2.0,20,0,0.6899441340782123,0.6857192737430168,0.7891061452513967,240.0,1.6333333333333333,0.25,69.8453226875447,0.023,1.024896265560166,49,1.536430222797897,0.21497307837554316,0.9364302227978968,0.9452028182712316,1.0,Boids,0.0012027899999998226
rubble,Boids,60,800,0.02,0.2,0.2,,17,0.3,0.2,2.0,20,0,0.7248603351955307,0.7098114525139666,0.8156424581005587,240.0,1.3833333333333333,0.36666666666666664,70.23424965423312,0.0180625,1.0823774765380605,49,1.6008152263109336,0.31370812413363647,1.0008152263109338,0.8926570961831172,1.0,Boids,0.0011889555212519554
rubble,Boids,60,800,0.02,0.2,0.2,,19,0.3,0.2,2.0,20,0,0.6829608938547486,0.6583449720670391,0.7716480446927374,220.0,1.6833333333333333,0.4166666666666667,68.66579433511319,0.020145833333333335,1.0327349524815206,47,1.5705526605517264,0.22520419124976584,0.9705526605517261,0.8389103876157894,1.0,Boids,0.001162175520000801
rubble,Boids,60,800,0.02,0.2,0.2,,18,0.3,0.2,2.0,20,0,0.6997206703910615,0.6831703910614525,0.7946927374301676,260.0,1.3333333333333333,0.25,68.75832400024606,0.0249375,1.0340557275541795,47,1.6781483518378657,0.23872334537490913,1.078148351837866,0.9555881352222396,1.0,Boids,0.001199901250001858
rubble,Boids,60,800,0.02,0.2,0.2,,20,0.3,0.2,2.0,20,0,0.6913407821229051,0.6759427374301675,0.8121508379888268,240.0,1.5,0.36666666666666664,68.67099752290984,0.0240625,1.0091743119266057,47,1.516472176487851,0.2249854849097261,0.9164721764878511,0.8850075849485598,1.0,Boids,0.0011659585412508021
rubble,Boids,60,800,0.02,0.2,0.2,,21,0.3,0.2,2.0,20,0,0.6892458100558659,0.6845670391061451,0.7863128491620112,280.0,1.4666666666666666,0.31666666666666665,70.09631831355075,0.021875,0.9889779559118237,49,1.5185368707821103,0.24167308782910946,0.9185368707821104,0.8896898334096363,1.0,Boids,0.0011734606250001888
rubble,Boids,60,800,0.02,0.2,0.2,,22,0.3,0.2,2.0,20,0,0.715782122905028,0.6890712290502794,0.8058659217877095,240.0,1.4666666666666666,0.31666666666666665,72.0613620212011,0.0165,1.0480572597137015,53,1.5251190172976004,0.2569964837631048,0.9251190172976004,0.8813427120439615,1.0,Boids,0.0012340108337502897
rubble,Boids,60,800,0.02,0.2,0.2,,23,0.3,0.2,2.0,20,0,0.7304469273743017,0.7091131284916201,0.8044692737430168,280.0,1.5166666666666666,0.4166666666666667,71.92419276151868,0.021854166666666668,1.064089521871821,53,1.5902570264024454,0.2389141392331477,0.9902570264024446,0.8924480362352899,1.0,Boids,0.0012113044274997264
rubble,Boids,60,800,0.02,0.2,0.2,,24,0.3,0.2,2.0,20,0,0.6794692737430168,0.6612430167597765,0.7828212290502793,240.0,1.6666666666666667,0.48333333333333334,66.50483108834642,0.02654166666666667,1.018848167539267,44,1.6245945782625846,0.20528729258527934,1.0245945782625843,0.9491326306182962,1.0,Boids,0.0011673289587497493
rubble,Boids,60,800,0.02,0.2,0.2,,25,0.3,0.2,2.0,20,0,0.6682960893854749,0.6532122905027933,0.7667597765363129,280.0,1.8,0.35,66.2496458108565,0.0234375,0.9725609756097562,43,1.6140306652413106,0.26921362308274366,1.0140306652413105,0.9591043425204943,1.0,Boids,0.001143777552499614
rubble,Boids,60,800,0.02,0.2,0.2,,26,0.3,0.2,2.0,20,0,0.6913407821229051,0.6892807262569833,0.8009776536312849,240.0,1.4333333333333333,0.4166666666666667,68.98081317299128,0.015979166666666666,0.9909909909909911,47,1.5777757588608412,0.20009928014209788,0.9777757588608416,0.9399613137398127,1.0,Boids,0.0011752480724999258
rubble,Boids,60,800,0.02,0.2,0.2,,27,0.3,0.2,2.0,20,0,0.7283519553072626,0.7124650837988826,0.8240223463687151,240.0,1.6333333333333333,0.3333333333333333,69.63059275623398,0.01725,1.0675537359263052,48,1.591407732488377,0.25670663894307344,0.9914077324883773,0.853349756777134,1.0,Boids,0.0011515193749983155
rubble,Boids,60,800,0.02,0.2,0.2,,28,0.3,0.2,2.0,20,0,0.6766759776536313,0.6645600558659218,0.7814245810055865,240.0,1.7,0.4166666666666667,67.11733858938128,0.025604166666666667,1.0062305295950156,45,1.5956712341846058,0.26254539858433196,0.9956712341846056,0.9396684759538741,1.0,Boids,0.001189740521249405
rubble,Boids,60,800,0.02,0.2,0.2,,29,0.3,0.2,2.0,20,0,0.6829608938547486,0.6729748603351956,0.797486033519553,260.0,1.6166666666666667,0.36666666666666664,67.29021433338292,0.021958333333333333,0.9809428284854563,45,1.6163362159113501,0.267184359207244,1.0163362159113505,0.8896182319301867,1.0,Boids,0.0011688736974997482
rubble,Boids,60,800,0.02,0.4,0.2,,0,0.3,0.2,2.0,20,0,0.6696927374301676,0.6556564245810056,0.7716480446927374,240.0,1.6166666666666667,0.43333333333333335,62.996844923857196,0.025479166666666667,1.0469432314410478,46,1.5114746159008732,0.2582583837769227,0.9114746159008732,0.9267010343783254,1.0,Boids,0.0012221944787484062
rubble,Boids,60,800,0.02,0.4,0.2,,2,0.3,0.2,2.0,20,0,0.6787709497206704,0.6459148044692737,0.7590782122905028,260.0,1.9,0.55,64.35742306223189,0.026166666666666668,1.063457330415755,48,1.4439012900372248,0.3415420302048358,0.8439012900372248,0.6782677051878626,1.0,Boids,0.001235278228750758
rubble,Boids,60,800,0.02,0.4,0.2,,1,0.3,0.2,2.0,20,0,0.7039106145251397,0.6842527932960895,0.789804469273743,300.0,2.05,0.6333333333333333,67.41310949278622,0.026333333333333334,1.0757737459978656,54,1.502980541893756,0.23888436644998803,0.9029805418937559,0.9192788227666971,1.0,Boids,0.0013492699475000337
rubble,Boids,60,800,0.02,0.4,0.2,,3,0.3,0.2,2.0,20,0,0.6710893854748603,0.6640013966480447,0.7695530726256983,280.0,1.7666666666666666,0.45,65.35317849084154,0.0265625,0.9979231568016614,50,1.4840772504171675,0.23455255137397127,0.8840772504171678,0.7456896126752613,1.0,Boids,0.0012518333325010644
rubble,Boids,60,800,0.02,0.4,0.2,,4,0.3,0.2,2.0,20,0,0.7074022346368715,0.6878840782122905,0.8016759776536313,260.0,1.7166666666666666,0.48333333333333334,63.40987146400939,0.029354166666666667,1.0685654008438819,46,1.6094428765004887,0.28274800662002053,1.0094428765004893,0.8723085484377514,1.0,Boids,0.0012214420824989247
rubble,Boids,60,800,0.02,0.4,0.2,,5,0.3,0.2,2.0,20,0,0.6717877094972067,0.6442039106145251,0.7772346368715084,240.0,1.8,0.43333333333333335,64.11009207231119,0.03191666666666667,1.0571428571428572,48,1.5685886176451962,0.4429271358129829,0.9685886176451962,0.7872913506087739,1.0,Boids,0.0012771695837500373
rubble,Boids,60,800,0.02,0.4,0.2,,6,0.3,0.2,2.0,20,0,0.6843575418994413,0.6660265363128491,0.7744413407821229,280.0,1.8333333333333333,0.48333333333333334,65.4283525467304,0.033625,1.0492505353319057,50,1.4654393344345755,0.26989382023138714,0.8654393344345754,0.7875678438500902,1.0,Boids,0.0012815015112505534
rubble,Boids,60,800,0.02,0.4,0.2,,7,0.3,0.2,2.0,20,0,0.7318435754189944,0.6961941340782122,0.7995810055865922,240.0,2.1333333333333333,0.55,69.51262159117904,0.0331875,1.099685204616999,58,1.506609431000104,0.2942316943686073,0.906609431000104,0.9072037430141708,1.0,Boids,0.0013681950000000143
rubble,Boids,60,800,0.02,0.4,0.2,,8,0.3,0.2,2.0,20,0,0.659217877094972,0.6381284916201119,0.7674581005586593,260.0,1.7333333333333334,0.4,60.95706655615038,0.026395833333333334,1.0272034820457017,43,1.6021045431199827,0.34970996734173504,1.0021045431199829,0.9656920475934306,1.0,Boids,0.0011981209900000067
rubble,Boids,60,800,0.02,0.4,0.2,,9,0.3,0.2,2.0,20,0,0.6787709497206704,0.6618016759776537,0.7534916201117319,300.0,2.1,0.48333333333333334,66.37030028673342,0.0273125,1.0329436769394262,52,1.3767168056742707,0.28148472510686817,0.7767168056742708,0.6714771604614226,1.0,Boids,0.001338279843748751
rubble,Boids,60,800,0.02,0.4,0.2,,10,0.3,0.2,2.0,20,0,0.659217877094972,0.6417597765363129,0.7625698324022346,300.0,1.8666666666666667,0.6333333333333333,62.00723014300772,0.026833333333333334,1.0161463939720128,44,1.6668749343225735,0.34488062998299174,1.0668749343225732,0.9169367527021232,1.0,Boids,0.001184100573750584
rubble,Boids,60,800,0.02,0.4,0.2,,13,0.3,0.2,2.0,20,0,0.6424581005586593,0.6365572625698325,0.75,240.0,1.95,0.4666666666666667,63.30995430012105,0.03225,0.9756097560975611,47,1.626404277091488,0.48594210055632675,1.0264042770914885,0.7755670111650429,1.0,Boids,0.0012369793237485282
rubble,Boids,60,800,0.02,0.4,0.2,,11,0.3,0.2,2.0,20,0,0.6808659217877095,0.6770251396648046,0.8002793296089385,260.0,1.8166666666666667,0.5,66.22066065326572,0.03229166666666667,1.0230849947534104,51,1.4242995168274706,0.2797692629758168,0.8242995168274708,0.7254869244138079,1.0,Boids,0.0013338212500002555
rubble,Boids,60,800,0.02,0.4,0.2,,12,0.3,0.2,2.0,20,0,0.6899441340782123,0.6508030726256983,0.7625698324022346,180.0,1.7333333333333334,0.55,66.4859395721328,0.025145833333333333,1.1163841807909605,52,1.4956982042171842,0.22633223400161856,0.8956982042171844,0.8216465147135255,1.0,Boids,0.0013098132812501718
rubble,Boids,60,800,0.02,0.4,0.2,,14,0.3,0.2,2.0,20,0,0.6564245810055865,0.6437150837988826,0.763268156424581,300.0,1.6666666666666667,0.4166666666666667,62.22119471273656,0.030375,0.968074150360453,44,1.6266107904627747,0.410537210368644,1.0266107904627748,0.7536627866923333,1.0,Boids,0.0012234133862511953
rubble,Boids,60,800,0.02,0.4,0.2,,15,0.3,0.2,2.0,20,0,0.6543296089385475,0.6284916201117319,0.7472067039106145,180.0,2.1333333333333333,0.5166666666666667,61.793045327628974,0.0308125,1.041111111111111,44,1.5873205548134275,0.37009779098047846,0.9873205548134275,0.8213266415294502,1.0,Boids,0.0012099377087520225
rubble,Boids,60,800,0.02,0.4,0.2,,16,0.3,0.2,2.0,20,0,0.6682960893854749,0.6363128491620111,0.7569832402234636,240.0,1.7166666666666666,0.5,63.40039818732176,0.029895833333333333,1.0191693290734825,47,1.5393840237007506,0.3797837299620557,0.93938402370075,0.8333992149280608,1.0,Boids,0.0012255738024987296
rubble,Boids,60,800,0.02,0.4,0.2,,17,0.3,0.2,2.0,20,0,0.6487430167597765,0.6371857541899443,0.7534916201117319,260.0,1.6333333333333333,0.35,64.71583326830134,0.02814583333333333,0.9717573221757322,49,1.5089338234348617,0.4484710374126172,0.9089338234348616,0.7377398722896046,1.0,Boids,0.0012503785412491196
rubble,Boids,60,800,0.02,0.4,0.2,,18,0.3,0.2,2.0,20,0,0.6927374301675978,0.6692388268156424,0.7870111731843575,280.0,1.9333333333333333,0.5333333333333333,66.38322360901164,0.03239583333333333,1.0586979722518677,52,1.5605276272620718,0.23993890048703873,0.960527627262072,0.8971837320320709,1.0,Boids,0.0012594189587503025
rubble,Boids,60,800,0.02,0.4,0.2,,19,0.3,0.2,2.0,20,0,0.6745810055865922,0.6590083798882682,0.7653631284916201,260.0,1.8333333333333333,0.48333333333333334,65.27641106328777,0.028833333333333332,0.9989658738366081,49,1.5652086716500166,0.3672286305094415,0.9652086716500169,0.8289513252989692,1.0,Boids,0.0012303893224998319
rubble,Boids,60,800,0.02,0.4,0.2,,20,0.3,0.2,2.0,20,0,0.6955307262569832,0.6835893854748603,0.7967877094972067,260.0,2.1,0.6,65.52521544910503,0.0336875,1.02680412371134,50,1.5838284672360496,0.3118476322197295,0.9838284672360496,0.8888920162038119,1.0,Boids,0.0012318338025011145
rubble,Boids,60,800,0.02,0.4,0.2,,22,0.3,0.2,2.0,20,0,0.6745810055865922,0.6582402234636872,0.7688547486033519,260.0,1.9833333333333334,0.5166666666666667,66.03086651463187,0.027708333333333335,1.032051282051282,51,1.5146081211468048,0.3328410221827338,0.9146081211468052,0.8305481515197736,1.0,Boids,0.0012376745837514135
rubble,Boids,60,800,0.02,0.4,0.2,,21,0.3,0.2,2.0,20,0,0.6948324022346368,0.6618365921787709,0.7821229050279329,280.0,2.1333333333333333,0.55,65.09169422984621,0.035104166666666665,1.0551431601272534,50,1.500977083393442,0.2868665254834538,0.9009770833934418,0.7967989838863938,1.0,Boids,0.001289480728748913
rubble,Boids,60,800,0.02,0.4,0.2,,24,0.3,0.2,2.0,20,0,0.6445530726256983,0.6218924581005586,0.7646648044692738,240.0,1.85,0.48333333333333334,61.68537171245344,0.03233333333333333,0.9777542372881356,43,1.5893800590724694,0.3133725453875211,0.9893800590724696,0.8999705850688539,1.0,Boids,0.0011956470824998177
rubble,Boids,60,800,0.02,0.4,0.2,,23,0.3,0.2,2.0,20,0,0.6236033519553073,0.5889664804469275,0.7297486033519553,260.0,1.6833333333333333,0.4166666666666667,62.48846016729671,0.0291875,0.954059829059829,45,1.5623867143189099,0.42889924938260787,0.9623867143189098,0.8953479802402545,1.0,Boids,0.0012793027599991547
rubble,Boids,60,800,0.02,0.4,0.2,,25,0.3,0.2,2.0,20,0,0.7192737430167597,0.6913756983240223,0.8016759776536313,240.0,2.2,0.35,64.09118388902412,0.034375,1.0876451953537487,48,1.5776047114862901,0.3083622081553784,0.9776047114862901,0.8709262333125892,1.0,Boids,0.0012168522925003345
rubble,Boids,60,800,0.02,0.4,0.2,,26,0.3,0.2,2.0,20,0,0.6738826815642458,0.6602653631284916,0.7730446927374302,300.0,1.6833333333333333,0.45,66.84197979383515,0.023,1.0222457627118644,52,1.4490430330637254,0.30201795768007267,0.8490430330637259,0.7674101154508436,1.0,Boids,0.0013083207812496767
rubble,Boids,60,800,0.02,0.4,0.2,,27,0.3,0.2,2.0,20,0,0.6634078212290503,0.6454259776536313,0.755586592178771,260.0,1.5833333333333333,0.38333333333333336,63.478719261986164,0.022958333333333334,1.0259179265658749,46,1.5662982536971335,0.239731289708633,0.9662982536971335,0.9332683383359133,1.0,Boids,0.0012532106775006468
rubble,Boids,60,800,0.02,0.4,0.2,,28,0.3,0.2,2.0,20,0,0.6843575418994413,0.662290502793296,0.7737430167597765,260.0,1.7333333333333334,0.35,63.382740072819196,0.03222916666666667,1.045891141942369,46,1.6555279028717227,0.25988777652895767,1.0555279028717228,0.9568180763239741,1.0,Boids,0.0012323003124993194
rubble,Boids,60,800,0.02,0.4,0.2,,29,0.3,0.2,2.0,20,0,0.6410614525139665,0.6145949720670391,0.744413407821229,320.0,1.8666666666666667,0.5166666666666667,61.954893373137494,0.03210416666666667,0.9924324324324325,45,1.6073867664741721,0.3422332477248012,1.0073867664741722,0.901408132847579,1.0,Boids,0.0012347465112497956
rubble,Boids,60,800,0.02,0.8,0.2,,0,0.3,0.2,2.0,20,0,0.5865921787709497,0.571054469273743,0.6627094972067039,200.0,2.533333333333333,0.55,61.26167577417162,0.043291666666666666,1.037037037037037,49,1.3479048248765735,0.5350069349591278,0.7479048248765734,0.6243963634238777,1.0,Boids,0.0013847646349995557
rubble,Boids,60,800,0.02,0.8,0.2,,1,0.3,0.2,2.0,20,0,0.5886871508379888,0.5760125698324022,0.6717877094972067,160.0,3.0166666666666666,0.48333333333333334,60.29008266586829,0.043395833333333335,1.010791366906475,48,1.423251626977069,0.44425295014407756,0.823251626977069,0.658228930999865,1.0,Boids,0.0014133881249995283
rubble,Boids,60,800,0.02,0.8,0.2,,2,0.3,0.2,2.0,20,0,0.6445530726256983,0.6201466480446928,0.7346368715083799,120.0,2.6333333333333333,0.4666666666666667,62.0011223229071,0.042604166666666665,1.1366995073891624,49,1.5014532511403331,0.4226027872490534,0.9014532511403331,0.7589326826223021,1.0,Boids,0.0013421622387500066
rubble,Boids,60,800,0.02,0.8,0.2,,3,0.3,0.2,2.0,20,0,0.6270949720670391,0.6085893854748603,0.7248603351955307,200.0,2.816666666666667,0.5,61.68779920105684,0.04620833333333333,1.083232810615199,50,1.407120611194066,0.5687364950410138,0.8071206111940661,0.5925761724689503,1.0,Boids,0.0013818703650008502
rubble,Boids,60,800,0.02,0.8,0.2,,4,0.3,0.2,2.0,20,0,0.6019553072625698,0.5847765363128492,0.6696927374301676,220.0,2.55,0.38333333333333336,61.10421298197237,0.0501875,1.011737089201878,49,1.4241878550813274,0.3830683807088209,0.8241878550813274,0.7056134508083155,1.0,Boids,0.0013955182287486423
rubble,Boids,60,800,0.02,0.8,0.2,,5,0.3,0.2,2.0,20,0,0.590782122905028,0.5751396648044691,0.7046089385474861,180.0,2.5833333333333335,0.43333333333333335,59.392199415928516,0.04827083333333333,0.9941245593419508,46,1.3457847434921888,0.4745962682168501,0.7457847434921886,0.6848782121226625,1.0,Boids,0.0013758942699996623
rubble,Boids,60,800,0.02,0.8,0.2,,6,0.3,0.2,2.0,20,0,0.619413407821229,0.5828561452513966,0.7220670391061452,160.0,2.7,0.4166666666666667,60.72085320943139,0.04825,1.0803897685749086,48,1.3940684395012648,0.5068742978191103,0.7940684395012649,0.5842980038125486,1.0,Boids,0.0013946302074987215
rubble,Boids,60,800,0.02,0.8,0.2,,7,0.3,0.2,2.0,20,0,0.6243016759776536,0.6012220670391062,0.7220670391061452,220.0,2.9,0.48333333333333334,61.13481723243805,0.04710416666666667,1.043173862310385,49,1.46250416518852,0.4692094755208702,0.8625041651885199,0.7638476531880137,1.0,Boids,0.001385543854999014
rubble,Boids,60,800,0.02,0.8,0.2,,8,0.3,0.2,2.0,20,0,0.6082402234636871,0.5882332402234638,0.678072625698324,160.0,2.533333333333333,0.55,60.063089505327305,0.04627083333333333,1.0793060718711276,47,1.3454256827783193,0.30292221234169825,0.7454256827783194,0.7272407863974798,0.9574468085106383,Boids,0.0013488615625010425
rubble,Boids,60,800,0.02,0.8,0.2,,9,0.3,0.2,2.0,20,0,0.6508379888268156,0.6252094972067039,0.7451117318435754,200.0,2.933333333333333,0.38333333333333336,61.7879213926224,0.0470625,1.0749711649365628,49,1.3602199311950487,0.40121920218958324,0.7602199311950486,0.7311384518831737,1.0,Boids,0.0013371968237493093
rubble,Boids,60,800,0.02,0.8,0.2,,10,0.3,0.2,2.0,20,0,0.6159217877094972,0.6040851955307263,0.6885474860335196,200.0,2.55,0.31666666666666665,60.718348902285264,0.0458125,1.030373831775701,48,1.2957426180320175,0.3255116892983323,0.6957426180320173,0.6365885793529776,1.0,Boids,0.0013217455724998217
rubble,Boids,60,800,0.02,0.8,0.2,,11,0.3,0.2,2.0,20,0,0.6522346368715084,0.6125349162011173,0.723463687150838,180.0,3.033333333333333,0.5166666666666667,61.60977364517499,0.050375,1.1293833131801694,50,1.4897635546364938,0.4797763951806216,0.8897635546364939,0.7980738563302368,1.0,Boids,0.001360266822500762
rubble,Boids,60,800,0.02,0.8,0.2,,12,0.3,0.2,2.0,20,0,0.6431564245810056,0.602409217877095,0.729050279329609,220.0,2.8333333333333335,0.43333333333333335,61.9856597051918,0.04535416666666667,1.1003584229390682,51,1.3972936367424449,0.45445965033250646,0.7972936367424447,0.5984897574459075,0.9215686274509803,Boids,0.001366927031249361
rubble,Boids,60,800,0.02,0.8,0.2,,13,0.3,0.2,2.0,20,0,0.6375698324022346,0.6126047486033521,0.7248603351955307,180.0,3.033333333333333,0.55,59.294112198132915,0.05733333333333333,1.1161369193154036,46,1.5648173895647044,0.5432201221990184,0.9648173895647048,0.7230854698317217,1.0,Boids,0.0013237709374993756
rubble,Boids,60,800,0.02,0.8,0.2,,14,0.3,0.2,2.0,20,0,0.645949720670391,0.6196927374301675,0.7332402234636871,200.0,3.316666666666667,0.55,62.61246214897143,0.059875,1.0743321718931473,52,1.3444772699020047,0.42176699395736855,0.7444772699020045,0.6348655563671154,1.0,Boids,0.0013874528125006691
rubble,Boids,60,800,0.02,0.8,0.2,,15,0.3,0.2,2.0,20,0,0.6263966480446927,0.6137569832402235,0.7269553072625698,160.0,2.8333333333333335,0.5166666666666667,58.773473112164446,0.0473125,1.0768307322929174,44,1.5495096589675574,0.4202373354943441,0.949509658967557,0.790272797374037,1.0,Boids,0.001291668853750707
rubble,Boids,60,800,0.02,0.8,0.2,,16,0.3,0.2,2.0,20,0,0.6578212290502793,0.6426326815642458,0.7548882681564246,320.0,2.433333333333333,0.4166666666666667,59.86519905088849,0.04708333333333333,1.0489977728285076,46,1.5131695748371004,0.3903212228418843,0.9131695748371006,0.7965704503196749,1.0,Boids,0.001303323593751884
rubble,Boids,60,800,0.02,0.8,0.2,,17,0.3,0.2,2.0,20,0,0.6340782122905028,0.5870460893854749,0.7122905027932961,160.0,2.55,0.4166666666666667,59.84220124859166,0.043145833333333335,1.099273607748184,46,1.488472529594713,0.49917410644428356,0.8884725295947132,0.7201227100760464,1.0,Boids,0.0013145699475012407
rubble,Boids,60,800,0.02,0.8,0.2,,18,0.3,0.2,2.0,20,0,0.619413407821229,0.6098114525139664,0.7360335195530726,280.0,2.783333333333333,0.48333333333333334,60.78501515244456,0.0514375,1.0301974448315911,47,1.5044709505825251,0.5619120506206511,0.9044709505825249,0.7563734765683109,1.0,Boids,0.0013259549475014864
rubble,Boids,60,800,0.02,0.8,0.2,,19,0.3,0.2,2.0,20,0,0.5886871508379888,0.5835195530726256,0.6752793296089385,240.0,2.433333333333333,0.4166666666666667,58.596357636314536,0.04225,0.9952774498229043,44,1.52442963837428,0.3970180978149263,0.9244296383742799,0.7689813392682064,1.0,Boids,0.0013261970837515945
rubble,Boids,60,800,0.02,0.8,0.2,,20,0.3,0.2,2.0,20,0,0.6403631284916201,0.6057611731843575,0.7318435754189944,180.0,2.6666666666666665,0.5166666666666667,63.05698994248375,0.05364583333333333,1.0687645687645688,53,1.40947620471184,0.5319946482499489,0.8094762047118399,0.631368333555053,0.9622641509433962,Boids,0.0013875194799993552
rubble,Boids,60,800,0.02,0.8,0.2,,21,0.3,0.2,2.0,20,0,0.6340782122905028,0.6230097765363128,0.7374301675977654,180.0,3.1666666666666665,0.38333333333333336,61.14021833061348,0.058333333333333334,1.0545876887340302,49,1.5063591165765646,0.4694656834498325,0.9063591165765648,0.7330661885838129,1.0,Boids,0.0013786241150000934
rubble,Boids,60,800,0.02,0.8,0.2,,22,0.3,0.2,2.0,20,0,0.6277932960893855,0.6018505586592179,0.7346368715083799,120.0,2.4833333333333334,0.4,59.80787452594889,0.043229166666666666,1.1209476309226933,46,1.4632985444610642,0.4914573943001471,0.8632985444610641,0.7551144018294301,0.9565217391304348,Boids,0.0013248936462491657
rubble,Boids,60,800,0.02,0.8,0.2,,23,0.3,0.2,2.0,20,0,0.6208100558659218,0.5805167597765363,0.7122905027932961,240.0,2.8833333333333333,0.6666666666666666,59.340951837073504,0.05225,1.063397129186603,46,1.527845675715909,0.5013464090307855,0.9278456757159089,0.7566506982568822,1.0,Boids,0.0013621604175000357
rubble,Boids,60,800,0.02,0.8,0.2,,24,0.3,0.2,2.0,20,0,0.5810055865921788,0.5531424581005586,0.6983240223463687,220.0,3.066666666666667,0.36666666666666664,58.21494913415405,0.0519375,0.97196261682243,44,1.3795391585582706,0.5462012554141229,0.7795391585582707,0.6054242331929095,0.9545454545454546,Boids,0.0013324564062509126
rubble,Boids,60,800,0.02,0.8,0.2,,25,0.3,0.2,2.0,20,0,0.6403631284916201,0.6318435754189944,0.7506983240223464,180.0,2.85,0.4,59.22994792945117,0.049791666666666665,1.043230944254835,45,1.4098349275789934,0.5272709933070063,0.8098349275789934,0.5816944048578635,1.0,Boids,0.001315393853749356
apartment,Lloyd,60,800,0.02,0.0,0.2,,0,0.3,0.2,2.0,20,0,0.85546875,0.8442057291666666,0.9329427083333334,200.0,2.0,0.05,37.30273871466461,0.06277083333333333,1.0,47,2.1685357511145504,0.30546600654557543,1.5685357511145503,1.7691396575580067,1.0,Lloyd,0.0006715993224997873
apartment,Lloyd,60,800,0.02,0.0,0.2,,1,0.3,0.2,2.0,20,0,0.8717447916666666,0.8647786458333334,0.94140625,320.0,2.0166666666666666,0.06666666666666667,38.40830992992788,0.06989583333333334,1.0339768339768338,49,2.1048220495356738,0.32333050943464736,1.5048220495356741,1.55398987635225,1.0,Lloyd,0.0006743003637507172
rubble,Boids,60,800,0.02,0.8,0.2,,26,0.3,0.2,2.0,20,0,0.6613128491620112,0.6342877094972066,0.75,200.0,3.05,0.55,62.395790225406614,0.04545833333333334,1.1128084606345476,50,1.3969143931979913,0.4905544968482364,0.7969143931979912,0.580451407231275,1.0,Boids,0.0014134311462498772
apartment,Lloyd,60,800,0.02,0.0,0.2,,2,0.3,0.2,2.0,20,0,0.880859375,0.8803385416666666,0.9309895833333334,240.0,1.75,0.11666666666666667,40.14648119969171,0.04816666666666667,1.0097014925373133,48,2.168373194193587,0.22577906894046837,1.568373194193587,1.6191471706260978,1.0,Lloyd,0.0006636994275004326
rubble,Boids,60,800,0.02,0.8,0.2,,27,0.3,0.2,2.0,20,0,0.5614525139664804,0.5493016759776537,0.611731843575419,180.0,2.816666666666667,0.6166666666666667,58.31326102648438,0.042270833333333334,1.0062578222778473,44,1.3888023064875543,0.2943069736651145,0.7888023064875543,0.6592675260431325,1.0,Boids,0.0013812816149993523
rubble,Boids,60,800,0.02,0.8,0.2,,28,0.3,0.2,2.0,20,0,0.6333798882681564,0.6061801675977654,0.7004189944134078,280.0,2.85,0.55,61.41038415157321,0.052333333333333336,1.0100222717149219,49,1.3702426307793398,0.2550015385076017,0.7702426307793399,0.6938331746373222,1.0,Boids,0.001457067863748307
apartment,Lloyd,60,800,0.02,0.0,0.2,,3,0.3,0.2,2.0,20,0,0.833984375,0.8307942708333333,0.916015625,160.0,1.8166666666666667,0.03333333333333333,39.51097909761275,0.041791666666666664,0.9682539682539683,47,2.1913525133574527,0.26268142738538364,1.5913525133574529,1.4411143992444266,1.0,Lloyd,0.0006712284374998489
apartment,Lloyd,60,800,0.02,0.0,0.2,,4,0.3,0.2,2.0,20,0,0.892578125,0.8774088541666668,0.951171875,220.0,1.8,0.08333333333333333,39.74711927932306,0.05552083333333333,1.0627906976744186,49,2.1299314358470607,0.2943122613500878,1.5299314358470604,1.6365325868662794,1.0,Lloyd,0.0006806251562511534
apartment,Lloyd,60,800,0.02,0.0,0.2,,5,0.3,0.2,2.0,20,0,0.8046875,0.7994791666666666,0.93359375,220.0,2.1,0.4166666666666667,36.8225587636639,0.09525,0.9573973663826492,44,2.158955908008313,0.32843021806897604,1.558955908008314,1.4619568572526063,1.0,Lloyd,0.0006963062499994521
rubble,Boids,60,800,0.02,0.8,0.2,,29,0.3,0.2,2.0,20,0,0.6229050279329609,0.6111382681564245,0.7332402234636871,180.0,3.0833333333333335,0.5166666666666667,62.60741078765292,0.049791666666666665,1.0420560747663552,52,1.4588890781397361,0.5458010737148545,0.8588890781397361,0.6448613376293221,1.0,Boids,0.0014478532812495358
apartment,Lloyd,60,800,0.02,0.0,0.2,,6,0.3,0.2,2.0,20,0,0.8450520833333334,0.8370442708333332,0.9348958333333334,240.0,1.75,0.05,39.57061052759789,0.0435625,0.9629080118694363,46,2.1392902530324944,0.2923401177887838,1.5392902530324946,1.48768763559842,1.0,Lloyd,0.0006758922399990298
apartment,Lloyd,60,800,0.02,0.0,0.2,,7,0.3,0.2,2.0,20,0,0.8756510416666666,0.8717122395833334,0.9290364583333334,220.0,1.7833333333333334,0.03333333333333333,37.506245021738934,0.06210416666666667,1.001489203276247,47,2.1531116178768652,0.2421699453376046,1.5531116178768647,1.7676863578896875,1.0,Lloyd,0.0006840269799999987
apartment,Lloyd,60,800,0.02,0.0,0.2,,8,0.3,0.2,2.0,20,0,0.8522135416666666,0.8443033854166668,0.921875,240.0,1.8166666666666667,0.15,39.159850747698485,0.07554166666666666,0.993925588458618,49,2.025234148893995,0.26660782730627175,1.4252341488939955,1.379322023614698,1.0,Lloyd,0.0007004653649983083
apartment,Lloyd,60,800,0.02,0.0,0.2,,9,0.3,0.2,2.0,20,0,0.8274739583333334,0.8277669270833332,0.93359375,260.0,1.8666666666666667,0.016666666666666666,38.21324671072139,0.06022916666666667,0.9318181818181818,45,2.0970818473278072,0.23437718871587704,1.4970818473278071,1.506391391168993,1.0,Lloyd,0.0006825239587487886
apartment,Lloyd,60,800,0.02,0.0,0.2,,11,0.3,0.2,2.0,20,0,0.8587239583333334,0.85439453125,0.9361979166666666,240.0,1.8666666666666667,0.05,38.4671900471594,0.041291666666666664,0.9727138643067847,46,2.201129608002397,0.2568321846661341,1.601129608002397,1.431890844510297,1.0,Lloyd,0.0006184775512497253
apartment,Lloyd,60,800,0.02,0.0,0.2,,10,0.3,0.2,2.0,20,0,0.8333333333333334,0.8311848958333334,0.9388020833333334,280.0,1.9833333333333334,0.1,39.920093279510176,0.07175,0.9411764705882354,47,2.1228915499624095,0.30973199188245176,1.5228915499624094,1.291510985120242,1.0,Lloyd,0.0007172411462511263
apartment,Lloyd,60,800,0.02,0.0,0.2,,12,0.3,0.2,2.0,20,0,0.857421875,0.85458984375,0.9186197916666666,200.0,1.55,0.03333333333333333,37.19952981702141,0.050708333333333334,1.0068807339449541,49,2.0737123057427995,0.2633915327772134,1.4737123057427994,1.278614852186848,1.0,Lloyd,0.0006447407287487294
apartment,Lloyd,60,800,0.02,0.0,0.2,,13,0.3,0.2,2.0,20,0,0.8444010416666666,0.8382486979166666,0.93359375,240.0,1.75,0.05,37.66291427074248,0.06085416666666667,0.9773926149208741,46,2.173289355310695,0.3387752480939909,1.5732893553106952,1.8262539025567814,1.0,Lloyd,0.0006472212499988927
apartment,Lloyd,60,800,0.02,0.0,0.2,,14,0.3,0.2,2.0,20,0,0.794921875,0.7916666666666666,0.9290364583333334,240.0,1.7833333333333334,0.08333333333333333,37.822648126162974,0.043354166666666666,0.9285171102661597,43,2.2115419826301053,0.3308916128400343,1.6115419826301056,1.4685230032862027,1.0,Lloyd,0.0006533874999990985
apartment,Lloyd,60,800,0.02,0.0,0.2,,15,0.3,0.2,2.0,20,0,0.8678385416666666,0.8678385416666667,0.9466145833333334,240.0,1.8833333333333333,0.06666666666666667,40.683136443656466,0.059166666666666666,0.9638467100506146,53,1.9984841192603389,0.24239018612315877,1.3984841192603392,1.508635736442825,1.0,Lloyd,0.0006662728637502369
apartment,Lloyd,60,800,0.02,0.0,0.2,,16,0.3,0.2,2.0,20,0,0.8235677083333334,0.8223307291666666,0.9270833333333334,200.0,1.9,0.08333333333333333,38.02118771977802,0.058375,0.9738260200153965,47,2.0478336998392,0.32387080693870257,1.4478336998391996,1.5215602031657203,1.0,Lloyd,0.0006577096349997192
apartment,Lloyd,60,800,0.02,0.0,0.2,,17,0.3,0.2,2.0,20,0,0.8483072916666666,0.8419921875000002,0.9361979166666666,240.0,1.8,0.13333333333333333,39.60698296128964,0.0583125,0.9687732342007435,46,2.221768358199967,0.2583804328328094,1.621768358199968,1.6762691398592855,1.0,Lloyd,0.0006550727075000395
apartment,Lloyd,60,800,0.02,0.0,0.2,,18,0.3,0.2,2.0,20,0,0.865234375,0.8554036458333332,0.9348958333333334,200.0,1.5666666666666667,0.016666666666666666,41.125086305588745,0.03654166666666667,1.0098784194528876,52,2.040382836512453,0.377181255801895,1.440382836512452,1.2023145760857867,1.0,Lloyd,0.0006656480199990256
apartment,Lloyd,60,800,0.02,0.0,0.2,,19,0.3,0.2,2.0,20,0,0.8385416666666666,0.83583984375,0.9251302083333334,220.0,1.7333333333333334,0.05,38.720030042767014,0.058333333333333334,0.9561989606533036,45,2.1858247372784105,0.24791313142400206,1.585824737278411,1.5258681195585568,1.0,Lloyd,0.000637275937499453
apartment,Lloyd,60,800,0.02,0.0,0.2,,20,0.3,0.2,2.0,20,0,0.8046875,0.8017903645833332,0.8873697916666666,180.0,1.8166666666666667,0.03333333333333333,40.14423558297531,0.058208333333333334,1.0073349633251834,52,1.988822570224928,0.38706164795586656,1.388822570224928,1.3051877087262351,1.0,Lloyd,0.0006668955200007077
apartment,Lloyd,60,800,0.02,0.0,0.2,,21,0.3,0.2,2.0,20,0,0.8828125,0.8728190104166668,0.9407552083333334,260.0,1.6166666666666667,0.03333333333333333,39.22026993307607,0.07772916666666667,1.0119402985074626,49,2.158769952531979,0.20583016570618745,1.5587699525319794,1.474820536021892,1.0,Lloyd,0.0006740665099982835
apartment,Lloyd,60,800,0.02,0.0,0.2,,22,0.3,0.2,2.0,20,0,0.8372395833333334,0.8291341145833334,0.9205729166666666,240.0,2.1333333333333333,0.05,38.651898619598164,0.04472916666666667,0.9683734939759037,44,2.2862952032900434,0.31823060363763983,1.6862952032900438,1.5764246105556414,1.0,Lloyd,0.0006529613537509249
apartment,Lloyd,60,800,0.02,0.0,0.2,,23,0.3,0.2,2.0,20,0,0.8522135416666666,0.8543945312500002,0.9401041666666666,220.0,1.7666666666666666,0.05,36.78537198213374,0.052958333333333336,0.9625,46,2.1623400838474467,0.2517160730108581,1.5623400838474466,1.5370506811973819,1.0,Lloyd,0.0006321641137492407
apartment,Lloyd,60,800,0.02,0.0,0.2,,24,0.3,0.2,2.0,20,0,0.8606770833333334,0.86015625,0.9401041666666666,260.0,1.65,0.0,38.77319181909874,0.0624375,0.9770879526977089,45,2.191460507557363,0.2766285015146891,1.5914605075573636,1.8310552396357966,1.0,Lloyd,0.000658705261250816
apartment,Lloyd,60,800,0.02,0.0,0.2,,25,0.3,0.2,2.0,20,0,0.736328125,0.734375,0.9361979166666666,240.0,2.1666666666666665,0.05,40.058651148584424,0.0530625,0.8183791606367583,46,2.0422942403237077,0.49268661396661256,1.4422942403237073,1.239678790837714,1.0,Lloyd,0.0006905586974994549
apartment,Lloyd,60,800,0.02,0.0,0.2,,26,0.3,0.2,2.0,20,0,0.8489583333333334,0.8492513020833332,0.9290364583333334,300.0,2.216666666666667,0.0,41.040868536284734,0.05452083333333333,0.9644970414201184,52,1.9905923045050349,0.2715690380263639,1.3905923045050355,1.5507732398756435,1.0,Lloyd,0.0006522084375001213
apartment,Lloyd,60,800,0.02,0.0,0.2,,27,0.3,0.2,2.0,20,0,0.8684895833333334,0.8597981770833334,0.9361979166666666,220.0,1.8166666666666667,0.016666666666666666,39.92515068907975,0.044770833333333336,0.9947800149142432,52,2.031773010238702,0.29317189911989844,1.4317730102387027,1.3424989027520546,1.0,Lloyd,0.0006982408337512425
apartment,Lloyd,60,800,0.02,0.0,0.2,,28,0.3,0.2,2.0,20,0,0.8001302083333334,0.7974934895833334,0.921875,220.0,1.5666666666666667,0.05,37.22726071790554,0.065625,0.9669551534225019,51,1.9295461260368532,0.45147752761153875,1.329546126036853,1.1457626099751361,1.0,Lloyd,0.0006647891150009855
apartment,Lloyd,60,800,0.02,0.0,0.2,,29,0.3,0.2,2.0,20,0,0.86328125,0.8578125,0.9381510416666666,220.0,1.8333333333333333,0.05,38.733858745411226,0.05408333333333333,0.9643636363636364,46,2.1717309773506055,0.2722928427527227,1.571730977350606,1.5833791794291951,1.0,Lloyd,0.0006761882812497788
apartment,Lloyd,60,800,0.02,0.1,0.2,,0,0.3,0.2,2.0,20,0,0.85546875,0.8442057291666666,0.9329427083333334,200.0,2.0,0.05,37.30273871466461,0.06277083333333333,1.0,47,2.1685357511145504,0.30546600654557543,1.5685357511145503,1.7691396575580067,1.0,Lloyd,0.0006663219275014853
apartment,Lloyd,60,800,0.02,0.1,0.2,,1,0.3,0.2,2.0,20,0,0.8717447916666666,0.8647786458333334,0.94140625,320.0,2.0166666666666666,0.06666666666666667,38.40830992992788,0.06989583333333334,1.0339768339768338,49,2.1048220495356738,0.32333050943464736,1.5048220495356741,1.55398987635225,1.0,Lloyd,0.0007043087499982903
apartment,Lloyd,60,800,0.02,0.1,0.2,,2,0.3,0.2,2.0,20,0,0.880859375,0.8803385416666666,0.9309895833333334,240.0,1.75,0.11666666666666667,40.14648119969171,0.04816666666666667,1.0097014925373133,48,2.168373194193587,0.22577906894046837,1.568373194193587,1.6191471706260978,1.0,Lloyd,0.0006945739062507528
apartment,Lloyd,60,800,0.02,0.1,0.2,,3,0.3,0.2,2.0,20,0,0.833984375,0.8307942708333333,0.916015625,160.0,1.8166666666666667,0.03333333333333333,39.51097909761275,0.041791666666666664,0.9682539682539683,47,2.1913525133574527,0.26268142738538364,1.5913525133574529,1.4411143992444266,1.0,Lloyd,0.0006934342187491893
apartment,Lloyd,60,800,0.02,0.1,0.2,,4,0.3,0.2,2.0,20,0,0.892578125,0.8774088541666668,0.951171875,220.0,1.8,0.08333333333333333,39.74711927932306,0.05552083333333333,1.0627906976744186,49,2.1299314358470607,0.2943122613500878,1.5299314358470604,1.6365325868662794,1.0,Lloyd,0.0006723389574995053
apartment,Lloyd,60,800,0.02,0.1,0.2,,5,0.3,0.2,2.0,20,0,0.8046875,0.7994791666666666,0.93359375,220.0,2.1,0.4166666666666667,36.8225587636639,0.09525,0.9573973663826492,44,2.158955908008313,0.32843021806897604,1.558955908008314,1.4619568572526063,1.0,Lloyd,0.0006969381249996332
apartment,Lloyd,60,800,0.02,0.1,0.2,,6,0.3,0.2,2.0,20,0,0.8450520833333334,0.8370442708333332,0.9348958333333334,240.0,1.75,0.05,39.57061052759789,0.0435625,0.9629080118694363,46,2.1392902530324944,0.2923401177887838,1.5392902530324946,1.48768763559842,1.0,Lloyd,0.0006822951562503476
apartment,Lloyd,60,800,0.02,0.1,0.2,,7,0.3,0.2,2.0,20,0,0.8756510416666666,0.8717122395833334,0.9290364583333334,220.0,1.7833333333333334,0.03333333333333333,37.506245021738934,0.06210416666666667,1.001489203276247,47,2.1531116178768652,0.2421699453376046,1.5531116178768647,1.7676863578896875,1.0,Lloyd,0.0006737340624999887
apartment,Lloyd,60,800,0.02,0.1,0.2,,8,0.3,0.2,2.0,20,0,0.8522135416666666,0.8443033854166668,0.921875,240.0,1.8166666666666667,0.15,39.159850747698485,0.07554166666666666,0.993925588458618,49,2.025234148893995,0.26660782730627175,1.4252341488939955,1.379322023614698,1.0,Lloyd,0.0006794420825008274
apartment,Lloyd,60,800,0.02,0.1,0.2,,9,0.3,0.2,2.0,20,0,0.8274739583333334,0.8277669270833332,0.93359375,260.0,1.8666666666666667,0.016666666666666666,38.21324671072139,0.06022916666666667,0.9318181818181818,45,2.0970818473278072,0.23437718871587704,1.4970818473278071,1.506391391168993,1.0,Lloyd,0.0006611947400006102
apartment,Lloyd,60,800,0.02,0.1,0.2,,11,0.3,0.2,2.0,20,0,0.8587239583333334,0.85439453125,0.9361979166666666,240.0,1.8666666666666667,0.05,38.4671900471594,0.041291666666666664,0.9727138643067847,46,2.201129608002397,0.2568321846661341,1.601129608002397,1.431890844510297,1.0,Lloyd,0.0006655769787494137
apartment,Lloyd,60,800,0.02,0.1,0.2,,10,0.3,0.2,2.0,20,0,0.8333333333333334,0.8311848958333334,0.9388020833333334,280.0,1.9833333333333334,0.1,39.920093279510176,0.07175,0.9411764705882354,47,2.1228915499624095,0.30973199188245176,1.5228915499624094,1.291510985120242,1.0,Lloyd,0.0006883586974981881
apartment,Lloyd,60,800,0.02,0.1,0.2,,12,0.3,0.2,2.0,20,0,0.857421875,0.85458984375,0.9186197916666666,200.0,1.55,0.03333333333333333,37.19952981702141,0.050708333333333334,1.0068807339449541,49,2.0737123057427995,0.2633915327772134,1.4737123057427994,1.278614852186848,1.0,Lloyd,0.0006612589062501684
apartment,Lloyd,60,800,0.02,0.1,0.2,,13,0.3,0.2,2.0,20,0,0.8444010416666666,0.8382486979166666,0.93359375,240.0,1.75,0.05,37.66291427074248,0.06085416666666667,0.9773926149208741,46,2.173289355310695,0.3387752480939909,1.5732893553106952,1.8262539025567814,1.0,Lloyd,0.0006795782812491779
apartment,Lloyd,60,800,0.02,0.1,0.2,,14,0.3,0.2,2.0,20,0,0.794921875,0.7916666666666666,0.9290364583333334,240.0,1.7833333333333334,0.08333333333333333,37.822648126162974,0.043354166666666666,0.9285171102661597,43,2.2115419826301053,0.3308916128400343,1.6115419826301056,1.4685230032862027,1.0,Lloyd,0.0006568352075009897
apartment,Lloyd,60,800,0.02,0.1,0.2,,15,0.3,0.2,2.0,20,0,0.8678385416666666,0.8678385416666667,0.9466145833333334,240.0,1.8833333333333333,0.06666666666666667,40.683136443656466,0.059166666666666666,0.9638467100506146,53,1.9984841192603389,0.24239018612315877,1.3984841192603392,1.508635736442825,1.0,Lloyd,0.0006864821875001326
apartment,Lloyd,60,800,0.02,0.1,0.2,,16,0.3,0.2,2.0,20,0,0.8235677083333334,0.8223307291666666,0.9270833333333334,200.0,1.9,0.08333333333333333,38.02118771977802,0.058375,0.9738260200153965,47,2.0478336998392,0.32387080693870257,1.4478336998391996,1.5215602031657203,1.0,Lloyd,0.0006714231249998193
apartment,Lloyd,60,800,0.02,0.1,0.2,,17,0.3,0.2,2.0,20,0,0.8483072916666666,0.8419921875000002,0.9361979166666666,240.0,1.8,0.13333333333333333,39.60698296128964,0.0583125,0.9687732342007435,46,2.221768358199967,0.2583804328328094,1.621768358199968,1.6762691398592855,1.0,Lloyd,0.0006988783849988067
apartment,Lloyd,60,800,0.02,0.1,0.2,,18,0.3,0.2,2.0,20,0,0.865234375,0.8554036458333332,0.9348958333333334,200.0,1.5666666666666667,0.016666666666666666,41.125086305588745,0.03654166666666667,1.0098784194528876,52,2.040382836512453,0.377181255801895,1.440382836512452,1.2023145760857867,1.0,Lloyd,0.0006907298962482855
apartment,Lloyd,60,800,0.02,0.1,0.2,,19,0.3,0.2,2.0,20,0,0.8385416666666666,0.83583984375,0.9251302083333334,220.0,1.7333333333333334,0.05,38.720030042767014,0.058333333333333334,0.9561989606533036,45,2.1858247372784105,0.24791313142400206,1.585824737278411,1.5258681195585568,1.0,Lloyd,0.000649366353750338
apartment,Lloyd,60,800,0.02,0.1,0.2,,20,0.3,0.2,2.0,20,0,0.8046875,0.8017903645833332,0.8873697916666666,180.0,1.8166666666666667,0.03333333333333333,40.14423558297531,0.058208333333333334,1.0073349633251834,52,1.988822570224928,0.38706164795586656,1.388822570224928,1.3051877087262351,1.0,Lloyd,0.0006853591150002103
apartment,Lloyd,60,800,0.02,0.1,0.2,,21,0.3,0.2,2.0,20,0,0.8828125,0.8728190104166668,0.9407552083333334,260.0,1.6166666666666667,0.03333333333333333,39.22026993307607,0.07772916666666667,1.0119402985074626,49,2.158769952531979,0.20583016570618745,1.5587699525319794,1.474820536021892,1.0,Lloyd,0.0006758848950016727
apartment,Lloyd,60,800,0.02,0.1,0.2,,22,0.3,0.2,2.0,20,0,0.8372395833333334,0.8291341145833334,0.9205729166666666,240.0,2.1333333333333333,0.05,38.651898619598164,0.04472916666666667,0.9683734939759037,44,2.2862952032900434,0.31823060363763983,1.6862952032900438,1.5764246105556414,1.0,Lloyd,0.0006592589062506705
apartment,Lloyd,60,800,0.02,0.1,0.2,,23,0.3,0.2,2.0,20,0,0.8522135416666666,0.8543945312500002,0.9401041666666666,220.0,1.7666666666666666,0.05,36.78537198213374,0.052958333333333336,0.9625,46,2.1623400838474467,0.2517160730108581,1.5623400838474466,1.5370506811973819,1.0,Lloyd,0.0006535926049991758
apartment,Lloyd,60,800,0.02,0.1,0.2,,24,0.3,0.2,2.0,20,0,0.8606770833333334,0.86015625,0.9401041666666666,260.0,1.65,0.0,38.77319181909874,0.0624375,0.9770879526977089,45,2.191460507557363,0.2766285015146891,1.5914605075573636,1.8310552396357966,1.0,Lloyd,0.0006730212499996924
apartment,Lloyd,60,800,0.02,0.1,0.2,,25,0.3,0.2,2.0,20,0,0.736328125,0.734375,0.9361979166666666,240.0,2.1666666666666665,0.05,40.058651148584424,0.0530625,0.8183791606367583,46,2.0422942403237077,0.49268661396661256,1.4422942403237073,1.239678790837714,1.0,Lloyd,0.000690824270000121
apartment,Lloyd,60,800,0.02,0.1,0.2,,27,0.3,0.2,2.0,20,0,0.8684895833333334,0.8597981770833334,0.9361979166666666,220.0,1.8166666666666667,0.016666666666666666,39.92515068907975,0.044770833333333336,0.9947800149142432,52,2.031773010238702,0.29317189911989844,1.4317730102387027,1.3424989027520546,1.0,Lloyd,0.000668798957499348
apartment,Lloyd,60,800,0.02,0.1,0.2,,26,0.3,0.2,2.0,20,0,0.8489583333333334,0.8492513020833332,0.9290364583333334,300.0,2.216666666666667,0.0,41.040868536284734,0.05452083333333333,0.9644970414201184,52,1.9905923045050349,0.2715690380263639,1.3905923045050355,1.5507732398756435,1.0,Lloyd,0.0007034851562502808
apartment,Lloyd,60,800,0.02,0.1,0.2,,28,0.3,0.2,2.0,20,0,0.8001302083333334,0.7974934895833334,0.921875,220.0,1.5666666666666667,0.05,37.22726071790554,0.065625,0.9669551534225019,51,1.9295461260368532,0.45147752761153875,1.329546126036853,1.1457626099751361,1.0,Lloyd,0.0006589845837515895
apartment,Lloyd,60,800,0.02,0.1,0.2,,29,0.3,0.2,2.0,20,0,0.86328125,0.8578125,0.9381510416666666,220.0,1.8333333333333333,0.05,38.733858745411226,0.05408333333333333,0.9643636363636364,46,2.1717309773506055,0.2722928427527227,1.571730977350606,1.5833791794291951,1.0,Lloyd,0.0006441834375004873
apartment,Lloyd,60,800,0.02,0.2,0.2,,0,0.3,0.2,2.0,20,0,0.85546875,0.8442057291666666,0.9329427083333334,200.0,2.0,0.05,37.30273871466461,0.06277083333333333,1.0,47,2.1685357511145504,0.30546600654557543,1.5685357511145503,1.7691396575580067,1.0,Lloyd,0.000645843957499892
apartment,Lloyd,60,800,0.02,0.2,0.2,,1,0.3,0.2,2.0,20,0,0.8717447916666666,0.8647786458333334,0.94140625,320.0,2.0166666666666666,0.06666666666666667,38.40830992992788,0.06989583333333334,1.0339768339768338,49,2.1048220495356738,0.32333050943464736,1.5048220495356741,1.55398987635225,1.0,Lloyd,0.0006838118225005018
apartment,Lloyd,60,800,0.02,0.2,0.2,,2,0.3,0.2,2.0,20,0,0.880859375,0.8803385416666666,0.9309895833333334,240.0,1.75,0.11666666666666667,40.14648119969171,0.04816666666666667,1.0097014925373133,48,2.168373194193587,0.22577906894046837,1.568373194193587,1.6191471706260978,1.0,Lloyd,0.0006520994262496061
apartment,Lloyd,60,800,0.02,0.2,0.2,,3,0.3,0.2,2.0,20,0,0.833984375,0.8307942708333333,0.916015625,160.0,1.8166666666666667,0.03333333333333333,39.51097909761275,0.041791666666666664,0.9682539682539683,47,2.1913525133574527,0.26268142738538364,1.5913525133574529,1.4411143992444266,1.0,Lloyd,0.0006823015100007978
apartment,Lloyd,60,800,0.02,0.2,0.2,,4,0.3,0.2,2.0,20,0,0.892578125,0.8774088541666668,0.951171875,220.0,1.8,0.08333333333333333,39.74711927932306,0.05552083333333333,1.0627906976744186,49,2.1299314358470607,0.2943122613500878,1.5299314358470604,1.6365325868662794,1.0,Lloyd,0.0006686040099998535
apartment,Lloyd,60,800,0.02,0.2,0.2,,6,0.3,0.2,2.0,20,0,0.8450520833333334,0.8370442708333332,0.9348958333333334,240.0,1.75,0.05,39.57061052759789,0.0435625,0.9629080118694363,46,2.1392902530324944,0.2923401177887838,1.5392902530324946,1.48768763559842,1.0,Lloyd,0.0006460730737489939
apartment,Lloyd,60,800,0.02,0.2,0.2,,5,0.3,0.2,2.0,20,0,0.8046875,0.7994791666666666,0.93359375,220.0,2.1,0.4166666666666667,36.8225587636639,0.09525,0.9573973663826492,44,2.158955908008313,0.32843021806897604,1.558955908008314,1.4619568572526063,1.0,Lloyd,0.0006754993225013095
apartment,Lloyd,60,800,0.02,0.2,0.2,,7,0.3,0.2,2.0,20,0,0.8756510416666666,0.8717122395833334,0.9290364583333334,220.0,1.7833333333333334,0.03333333333333333,37.506245021738934,0.06210416666666667,1.001489203276247,47,2.1531116178768652,0.2421699453376046,1.5531116178768647,1.7676863578896875,1.0,Lloyd,0.0006614793225003268
apartment,Lloyd,60,800,0.02,0.2,0.2,,9,0.3,0.2,2.0,20,0,0.8274739583333334,0.8277669270833332,0.93359375,260.0,1.8666666666666667,0.016666666666666666,38.21324671072139,0.06022916666666667,0.9318181818181818,45,2.0970818473278072,0.23437718871587704,1.4970818473278071,1.506391391168993,1.0,Lloyd,0.0006324763549991985
apartment,Lloyd,60,800,0.02,0.2,0.2,,8,0.3,0.2,2.0,20,0,0.8522135416666666,0.8443033854166668,0.921875,240.0,1.8166666666666667,0.15,39.159850747698485,0.07554166666666666,0.993925588458618,49,2.025234148893995,0.26660782730627175,1.4252341488939955,1.379322023614698,1.0,Lloyd,0.0006924879162511389
apartment,Lloyd,60,800,0.02,0.2,0.2,,10,0.3,0.2,2.0,20,0,0.8333333333333334,0.8311848958333334,0.9388020833333334,280.0,1.9833333333333334,0.1,39.920093279510176,0.07175,0.9411764705882354,47,2.1228915499624095,0.30973199188245176,1.5228915499624094,1.291510985120242,1.0,Lloyd,0.000673060156250358
apartment,Lloyd,60,800,0.02,0.2,0.2,,11,0.3,0.2,2.0,20,0,0.8587239583333334,0.85439453125,0.9361979166666666,240.0,1.8666666666666667,0.05,38.4671900471594,0.041291666666666664,0.9727138643067847,46,2.201129608002397,0.2568321846661341,1.601129608002397,1.431890844510297,1.0,Lloyd,0.0006486482812510985
apartment,Lloyd,60,800,0.02,0.2,0.2,,12,0.3,0.2,2.0,20,0,0.857421875,0.85458984375,0.9186197916666666,200.0,1.55,0.03333333333333333,37.19952981702141,0.050708333333333334,1.0068807339449541,49,2.0737123057427995,0.2633915327772134,1.4737123057427994,1.278614852186848,1.0,Lloyd,0.0006293867187514479
apartment,Lloyd,60,800,0.02,0.2,0.2,,13,0.3,0.2,2.0,20,0,0.8444010416666666,0.8382486979166666,0.93359375,240.0,1.75,0.05,37.66291427074248,0.06085416666666667,0.9773926149208741,46,2.173289355310695,0.3387752480939909,1.5732893553106952,1.8262539025567814,1.0,Lloyd,0.0006610321350012783
apartment,Lloyd,60,800,0.02,0.2,0.2,,14,0.3,0.2,2.0,20,0,0.794921875,0.7916666666666666,0.9290364583333334,240.0,1.7833333333333334,0.08333333333333333,37.822648126162974,0.043354166666666666,0.9285171102661597,43,2.2115419826301053,0.3308916128400343,1.6115419826301056,1.4685230032862027,1.0,Lloyd,0.0006393571349985904
apartment,Lloyd,60,800,0.02,0.2,0.2,,15,0.3,0.2,2.0,20,0,0.8678385416666666,0.8678385416666667,0.9466145833333334,240.0,1.8833333333333333,0.06666666666666667,40.683136443656466,0.059166666666666666,0.9638467100506146,53,1.9984841192603389,0.24239018612315877,1.3984841192603392,1.508635736442825,1.0,Lloyd,0.0006747264062505565
apartment,Lloyd,60,800,0.02,0.2,0.2,,16,0.3,0.2,2.0,20,0,0.8235677083333334,0.8223307291666666,0.9270833333333334,200.0,1.9,0.08333333333333333,38.02118771977802,0.058375,0.9738260200153965,47,2.0478336998392,0.32387080693870257,1.4478336998391996,1.5215602031657203,1.0,Lloyd,0.0006492634900018856
apartment,Lloyd,60,800,0.02,0.2,0.2,,17,0.3,0.2,2.0,20,0,0.8483072916666666,0.8419921875000002,0.9361979166666666,240.0,1.8,0.13333333333333333,39.60698296128964,0.0583125,0.9687732342007435,46,2.221768358199967,0.2583804328328094,1.621768358199968,1.6762691398592855,1.0,Lloyd,0.0006719327074983994
apartment,Lloyd,60,800,0.02,0.2,0.2,,18,0.3,0.2,2.0,20,0,0.865234375,0.8554036458333332,0.9348958333333334,200.0,1.5666666666666667,0.016666666666666666,41.125086305588745,0.03654166666666667,1.0098784194528876,52,2.040382836512453,0.377181255801895,1.440382836512452,1.2023145760857867,1.0,Lloyd,0.0006771513550006602
apartment,Lloyd,60,800,0.02,0.2,0.2,,19,0.3,0.2,2.0,20,0,0.8385416666666666,0.83583984375,0.9251302083333334,220.0,1.7333333333333334,0.05,38.720030042767014,0.058333333333333334,0.9561989606533036,45,2.1858247372784105,0.24791313142400206,1.585824737278411,1.5258681195585568,1.0,Lloyd,0.0006580567700007122
apartment,Lloyd,60,800,0.02,0.2,0.2,,20,0.3,0.2,2.0,20,0,0.8046875,0.8017903645833332,0.8873697916666666,180.0,1.8166666666666667,0.03333333333333333,40.14423558297531,0.058208333333333334,1.0073349633251834,52,1.988822570224928,0.38706164795586656,1.388822570224928,1.3051877087262351,1.0,Lloyd,0.0006503157287511385
apartment,Lloyd,60,800,0.02,0.2,0.2,,21,0.3,0.2,2.0,20,0,0.8828125,0.8728190104166668,0.9407552083333334,260.0,1.6166666666666667,0.03333333333333333,39.22026993307607,0.07772916666666667,1.0119402985074626,49,2.158769952531979,0.20583016570618745,1.5587699525319794,1.474820536021892,1.0,Lloyd,0.0006988716662499428
apartment,Lloyd,60,800,0.02,0.2,0.2,,22,0.3,0.2,2.0,20,0,0.8372395833333334,0.8291341145833334,0.9205729166666666,240.0,2.1333333333333333,0.05,38.651898619598164,0.04472916666666667,0.9683734939759037,44,2.2862952032900434,0.31823060363763983,1.6862952032900438,1.5764246105556414,1.0,Lloyd,0.0006569947912498719
apartment,Lloyd,60,800,0.02,0.2,0.2,,23,0.3,0.2,2.0,20,0,0.8522135416666666,0.8543945312500002,0.9401041666666666,220.0,1.7666666666666666,0.05,36.78537198213374,0.052958333333333336,0.9625,46,2.1623400838474467,0.2517160730108581,1.5623400838474466,1.5370506811973819,1.0,Lloyd,0.0006465267187491008
apartment,Lloyd,60,800,0.02,0.2,0.2,,24,0.3,0.2,2.0,20,0,0.8606770833333334,0.86015625,0.9401041666666666,260.0,1.65,0.0,38.77319181909874,0.0624375,0.9770879526977089,45,2.191460507557363,0.2766285015146891,1.5914605075573636,1.8310552396357966,1.0,Lloyd,0.0006898060412504492
apartment,Lloyd,60,800,0.02,0.2,0.2,,25,0.3,0.2,2.0,20,0,0.736328125,0.734375,0.9361979166666666,240.0,2.1666666666666665,0.05,40.058651148584424,0.0530625,0.8183791606367583,46,2.0422942403237077,0.49268661396661256,1.4422942403237073,1.239678790837714,1.0,Lloyd,0.0007027844275012285
apartment,Lloyd,60,800,0.02,0.2,0.2,,26,0.3,0.2,2.0,20,0,0.8489583333333334,0.8492513020833332,0.9290364583333334,300.0,2.216666666666667,0.0,41.040868536284734,0.05452083333333333,0.9644970414201184,52,1.9905923045050349,0.2715690380263639,1.3905923045050355,1.5507732398756435,1.0,Lloyd,0.0006856648437496915
apartment,Lloyd,60,800,0.02,0.2,0.2,,27,0.3,0.2,2.0,20,0,0.8684895833333334,0.8597981770833334,0.9361979166666666,220.0,1.8166666666666667,0.016666666666666666,39.92515068907975,0.044770833333333336,0.9947800149142432,52,2.031773010238702,0.29317189911989844,1.4317730102387027,1.3424989027520546,1.0,Lloyd,0.0006965528637510942
apartment,Lloyd,60,800,0.02,0.2,0.2,,28,0.3,0.2,2.0,20,0,0.8001302083333334,0.7974934895833334,0.921875,220.0,1.5666666666666667,0.05,37.22726071790554,0.065625,0.9669551534225019,51,1.9295461260368532,0.45147752761153875,1.329546126036853,1.1457626099751361,1.0,Lloyd,0.0007014075000006414
apartment,Lloyd,60,800,0.02,0.2,0.2,,29,0.3,0.2,2.0,20,0,0.86328125,0.8578125,0.9381510416666666,220.0,1.8333333333333333,0.05,38.733858745411226,0.05408333333333333,0.9643636363636364,46,2.1717309773506055,0.2722928427527227,1.571730977350606,1.5833791794291951,1.0,Lloyd,0.0006641791137508335
apartment,Lloyd,60,800,0.02,0.4,0.2,,0,0.3,0.2,2.0,20,0,0.85546875,0.8442057291666666,0.9329427083333334,200.0,2.0,0.05,37.30273871466461,0.06277083333333333,1.0,47,2.1685357511145504,0.30546600654557543,1.5685357511145503,1.7691396575580067,1.0,Lloyd,0.0006656380200001877
apartment,Lloyd,60,800,0.02,0.4,0.2,,1,0.3,0.2,2.0,20,0,0.8717447916666666,0.8647786458333334,0.94140625,320.0,2.0166666666666666,0.06666666666666667,38.40830992992788,0.06989583333333334,1.0339768339768338,49,2.1048220495356738,0.32333050943464736,1.5048220495356741,1.55398987635225,1.0,Lloyd,0.0007001849475000199
apartment,Lloyd,60,800,0.02,0.4,0.2,,2,0.3,0.2,2.0,20,0,0.880859375,0.8803385416666666,0.9309895833333334,240.0,1.75,0.11666666666666667,40.14648119969171,0.04816666666666667,1.0097014925373133,48,2.168373194193587,0.22577906894046837,1.568373194193587,1.6191471706260978,1.0,Lloyd,0.0006557618224996986
apartment,Lloyd,60,800,0.02,0.4,0.2,,3,0.3,0.2,2.0,20,0,0.833984375,0.8307942708333333,0.916015625,160.0,1.8166666666666667,0.03333333333333333,39.51097909761275,0.041791666666666664,0.9682539682539683,47,2.1913525133574527,0.26268142738538364,1.5913525133574529,1.4411143992444266,1.0,Lloyd,0.0006793061974985904
apartment,Lloyd,60,800,0.02,0.4,0.2,,4,0.3,0.2,2.0,20,0,0.892578125,0.8774088541666668,0.951171875,220.0,1.8,0.08333333333333333,39.74711927932306,0.05552083333333333,1.0627906976744186,49,2.1299314358470607,0.2943122613500878,1.5299314358470604,1.6365325868662794,1.0,Lloyd,0.0006758741662497414
apartment,Lloyd,60,800,0.02,0.4,0.2,,5,0.3,0.2,2.0,20,0,0.8046875,0.7994791666666666,0.93359375,220.0,2.1,0.4166666666666667,36.8225587636639,0.09525,0.9573973663826492,44,2.158955908008313,0.32843021806897604,1.558955908008314,1.4619568572526063,1.0,Lloyd,0.0007079320824982461
apartment,Lloyd,60,800,0.02,0.4,0.2,,6,0.3,0.2,2.0,20,0,0.8450520833333334,0.8370442708333332,0.9348958333333334,240.0,1.75,0.05,39.57061052759789,0.0435625,0.9629080118694363,46,2.1392902530324944,0.2923401177887838,1.5392902530324946,1.48768763559842,1.0,Lloyd,0.0006937749999997322
apartment,Lloyd,60,800,0.02,0.4,0.2,,7,0.3,0.2,2.0,20,0,0.8756510416666666,0.8717122395833334,0.9290364583333334,220.0,1.7833333333333334,0.03333333333333333,37.506245021738934,0.06210416666666667,1.001489203276247,47,2.1531116178768652,0.2421699453376046,1.5531116178768647,1.7676863578896875,1.0,Lloyd,0.0006646945824991236
apartment,Lloyd,60,800,0.02,0.4,0.2,,8,0.3,0.2,2.0,20,0,0.8522135416666666,0.8443033854166668,0.921875,240.0,1.8166666666666667,0.15,39.159850747698485,0.07554166666666666,0.993925588458618,49,2.025234148893995,0.26660782730627175,1.4252341488939955,1.379322023614698,1.0,Lloyd,0.0008016424487504992
apartment,Lloyd,60,800,0.02,0.4,0.2,,9,0.3,0.2,2.0,20,0,0.8274739583333334,0.8277669270833332,0.93359375,260.0,1.8666666666666667,0.016666666666666666,38.21324671072139,0.06022916666666667,0.9318181818181818,45,2.0970818473278072,0.23437718871587704,1.4970818473278071,1.506391391168993,1.0,Lloyd,0.0006423826037507751
apartment,Lloyd,60,800,0.02,0.4,0.2,,11,0.3,0.2,2.0,20,0,0.8587239583333334,0.85439453125,0.9361979166666666,240.0,1.8666666666666667,0.05,38.4671900471594,0.041291666666666664,0.9727138643067847,46,2.201129608002397,0.2568321846661341,1.601129608002397,1.431890844510297,1.0,Lloyd,0.0006362614587510507
apartment,Lloyd,60,800,0.02,0.4,0.2,,10,0.3,0.2,2.0,20,0,0.8333333333333334,0.8311848958333334,0.9388020833333334,280.0,1.9833333333333334,0.1,39.920093279510176,0.07175,0.9411764705882354,47,2.1228915499624095,0.30973199188245176,1.5228915499624094,1.291510985120242,1.0,Lloyd,0.0006678903650004031
apartment,Lloyd,60,800,0.02,0.4,0.2,,12,0.3,0.2,2.0,20,0,0.857421875,0.85458984375,0.9186197916666666,200.0,1.55,0.03333333333333333,37.19952981702141,0.050708333333333334,1.0068807339449541,49,2.0737123057427995,0.2633915327772134,1.4737123057427994,1.278614852186848,1.0,Lloyd,0.000646077187498122
apartment,Lloyd,60,800,0.02,0.4,0.2,,13,0.3,0.2,2.0,20,0,0.8444010416666666,0.8382486979166666,0.93359375,240.0,1.75,0.05,37.66291427074248,0.06085416666666667,0.9773926149208741,46,2.173289355310695,0.3387752480939909,1.5732893553106952,1.8262539025567814,1.0,Lloyd,0.0006766594274995441
apartment,Lloyd,60,800,0.02,0.4,0.2,,14,0.3,0.2,2.0,20,0,0.794921875,0.7916666666666666,0.9290364583333334,240.0,1.7833333333333334,0.08333333333333333,37.822648126162974,0.043354166666666666,0.9285171102661597,43,2.2115419826301053,0.3308916128400343,1.6115419826301056,1.4685230032862027,1.0,Lloyd,0.0006521995312505169
apartment,Lloyd,60,800,0.02,0.4,0.2,,15,0.3,0.2,2.0,20,0,0.8678385416666666,0.8678385416666667,0.9466145833333334,240.0,1.8833333333333333,0.06666666666666667,40.683136443656466,0.059166666666666666,0.9638467100506146,53,1.9984841192603389,0.24239018612315877,1.3984841192603392,1.508635736442825,1.0,Lloyd,0.0006839764587516584
apartment,Lloyd,60,800,0.02,0.4,0.2,,16,0.3,0.2,2.0,20,0,0.8235677083333334,0.8223307291666666,0.9270833333333334,200.0,1.9,0.08333333333333333,38.02118771977802,0.058375,0.9738260200153965,47,2.0478336998392,0.32387080693870257,1.4478336998391996,1.5215602031657203,1.0,Lloyd,0.000689712448750015
apartment,Lloyd,60,800,0.02,0.4,0.2,,17,0.3,0.2,2.0,20,0,0.8483072916666666,0.8419921875000002,0.9361979166666666,240.0,1.8,0.13333333333333333,39.60698296128964,0.0583125,0.9687732342007435,46,2.221768358199967,0.2583804328328094,1.621768358199968,1.6762691398592855,1.0,Lloyd,0.0006641401037495597
apartment,Lloyd,60,800,0.02,0.4,0.2,,18,0.3,0.2,2.0,20,0,0.865234375,0.8554036458333332,0.9348958333333334,200.0,1.5666666666666667,0.016666666666666666,41.125086305588745,0.03654166666666667,1.0098784194528876,52,2.040382836512453,0.377181255801895,1.440382836512452,1.2023145760857867,1.0,Lloyd,0.0006842260937514765
apartment,Lloyd,60,800,0.02,0.4,0.2,,19,0.3,0.2,2.0,20,0,0.8385416666666666,0.83583984375,0.9251302083333334,220.0,1.7333333333333334,0.05,38.720030042767014,0.058333333333333334,0.9561989606533036,45,2.1858247372784105,0.24791313142400206,1.585824737278411,1.5258681195585568,1.0,Lloyd,0.0006506041662487405
apartment,Lloyd,60,800,0.02,0.4,0.2,,20,0.3,0.2,2.0,20,0,0.8046875,0.8017903645833332,0.8873697916666666,180.0,1.8166666666666667,0.03333333333333333,40.14423558297531,0.058208333333333334,1.0073349633251834,52,1.988822570224928,0.38706164795586656,1.388822570224928,1.3051877087262351,1.0,Lloyd,0.0007021523437492761
apartment,Lloyd,60,800,0.02,0.4,0.2,,21,0.3,0.2,2.0,20,0,0.8828125,0.8728190104166668,0.9407552083333334,260.0,1.6166666666666667,0.03333333333333333,39.22026993307607,0.07772916666666667,1.0119402985074626,49,2.158769952531979,0.20583016570618745,1.5587699525319794,1.474820536021892,1.0,Lloyd,0.0006696766150002986
apartment,Lloyd,60,800,0.02,0.4,0.2,,22,0.3,0.2,2.0,20,0,0.8372395833333334,0.8291341145833334,0.9205729166666666,240.0,2.1333333333333333,0.05,38.651898619598164,0.04472916666666667,0.9683734939759037,44,2.2862952032900434,0.31823060363763983,1.6862952032900438,1.5764246105556414,1.0,Lloyd,0.0006708188537504612
apartment,Lloyd,60,800,0.02,0.4,0.2,,23,0.3,0.2,2.0,20,0,0.8522135416666666,0.8543945312500002,0.9401041666666666,220.0,1.7666666666666666,0.05,36.78537198213374,0.052958333333333336,0.9625,46,2.1623400838474467,0.2517160730108581,1.5623400838474466,1.5370506811973819,1.0,Lloyd,0.0006520595312508703
apartment,Lloyd,60,800,0.02,0.4,0.2,,24,0.3,0.2,2.0,20,0,0.8606770833333334,0.86015625,0.9401041666666666,260.0,1.65,0.0,38.77319181909874,0.0624375,0.9770879526977089,45,2.191460507557363,0.2766285015146891,1.5914605075573636,1.8310552396357966,1.0,Lloyd,0.0006615852599998107
apartment,Lloyd,60,800,0.02,0.4,0.2,,25,0.3,0.2,2.0,20,0,0.736328125,0.734375,0.9361979166666666,240.0,2.1666666666666665,0.05,40.058651148584424,0.0530625,0.8183791606367583,46,2.0422942403237077,0.49268661396661256,1.4422942403237073,1.239678790837714,1.0,Lloyd,0.0006682945824991293
apartment,Lloyd,60,800,0.02,0.4,0.2,,26,0.3,0.2,2.0,20,0,0.8489583333333334,0.8492513020833332,0.9290364583333334,300.0,2.216666666666667,0.0,41.040868536284734,0.05452083333333333,0.9644970414201184,52,1.9905923045050349,0.2715690380263639,1.3905923045050355,1.5507732398756435,1.0,Lloyd,0.0006686224999998558
apartment,Lloyd,60,800,0.02,0.4,0.2,,27,0.3,0.2,2.0,20,0,0.8684895833333334,0.8597981770833334,0.9361979166666666,220.0,1.8166666666666667,0.016666666666666666,39.92515068907975,0.044770833333333336,0.9947800149142432,52,2.031773010238702,0.29317189911989844,1.4317730102387027,1.3424989027520546,1.0,Lloyd,0.0006796854162485033
apartment,Lloyd,60,800,0.02,0.4,0.2,,28,0.3,0.2,2.0,20,0,0.8001302083333334,0.7974934895833334,0.921875,220.0,1.5666666666666667,0.05,37.22726071790554,0.065625,0.9669551534225019,51,1.9295461260368532,0.45147752761153875,1.329546126036853,1.1457626099751361,1.0,Lloyd,0.0006635454174988808
apartment,Lloyd,60,800,0.02,0.4,0.2,,29,0.3,0.2,2.0,20,0,0.86328125,0.8578125,0.9381510416666666,220.0,1.8333333333333333,0.05,38.733858745411226,0.05408333333333333,0.9643636363636364,46,2.1717309773506055,0.2722928427527227,1.571730977350606,1.5833791794291951,1.0,Lloyd,0.0006391270824997264
apartment,Lloyd,60,800,0.02,0.8,0.2,,0,0.3,0.2,2.0,20,0,0.85546875,0.8442057291666666,0.9329427083333334,200.0,2.0,0.05,37.30273871466461,0.06277083333333333,1.0,47,2.1685357511145504,0.30546600654557543,1.5685357511145503,1.7691396575580067,1.0,Lloyd,0.0006404907812498095
apartment,Lloyd,60,800,0.02,0.8,0.2,,1,0.3,0.2,2.0,20,0,0.8717447916666666,0.8647786458333334,0.94140625,320.0,2.0166666666666666,0.06666666666666667,38.40830992992788,0.06989583333333334,1.0339768339768338,49,2.1048220495356738,0.32333050943464736,1.5048220495356741,1.55398987635225,1.0,Lloyd,0.0006823533325018616
apartment,Lloyd,60,800,0.02,0.8,0.2,,2,0.3,0.2,2.0,20,0,0.880859375,0.8803385416666666,0.9309895833333334,240.0,1.75,0.11666666666666667,40.14648119969171,0.04816666666666667,1.0097014925373133,48,2.168373194193587,0.22577906894046837,1.568373194193587,1.6191471706260978,1.0,Lloyd,0.0006492300525019345
apartment,Lloyd,60,800,0.02,0.8,0.2,,3,0.3,0.2,2.0,20,0,0.833984375,0.8307942708333333,0.916015625,160.0,1.8166666666666667,0.03333333333333333,39.51097909761275,0.041791666666666664,0.9682539682539683,47,2.1913525133574527,0.26268142738538364,1.5913525133574529,1.4411143992444266,1.0,Lloyd,0.0006543678637490302
apartment,Lloyd,60,800,0.02,0.8,0.2,,4,0.3,0.2,2.0,20,0,0.892578125,0.8774088541666668,0.951171875,220.0,1.8,0.08333333333333333,39.74711927932306,0.05552083333333333,1.0627906976744186,49,2.1299314358470607,0.2943122613500878,1.5299314358470604,1.6365325868662794,1.0,Lloyd,0.00066352484375102
apartment,Lloyd,60,800,0.02,0.8,0.2,,5,0.3,0.2,2.0,20,0,0.8046875,0.7994791666666666,0.93359375,220.0,2.1,0.4166666666666667,36.8225587636639,0.09525,0.9573973663826492,44,2.158955908008313,0.32843021806897604,1.558955908008314,1.4619568572526063,1.0,Lloyd,0.0006735513012495176
apartment,Lloyd,60,800,0.02,0.8,0.2,,7,0.3,0.2,2.0,20,0,0.8756510416666666,0.8717122395833334,0.9290364583333334,220.0,1.7833333333333334,0.03333333333333333,37.506245021738934,0.06210416666666667,1.001489203276247,47,2.1531116178768652,0.2421699453376046,1.5531116178768647,1.7676863578896875,1.0,Lloyd,0.0006511422387507082
apartment,Lloyd,60,800,0.02,0.8,0.2,,6,0.3,0.2,2.0,20,0,0.8450520833333334,0.8370442708333332,0.9348958333333334,240.0,1.75,0.05,39.57061052759789,0.0435625,0.9629080118694363,46,2.1392902530324944,0.2923401177887838,1.5392902530324946,1.48768763559842,1.0,Lloyd,0.0006592326037502971
apartment,Lloyd,60,800,0.02,0.8,0.2,,8,0.3,0.2,2.0,20,0,0.8522135416666666,0.8443033854166668,0.921875,240.0,1.8166666666666667,0.15,39.159850747698485,0.07554166666666666,0.993925588458618,49,2.025234148893995,0.26660782730627175,1.4252341488939955,1.379322023614698,1.0,Lloyd,0.0006853093749987237
apartment,Lloyd,60,800,0.02,0.8,0.2,,9,0.3,0.2,2.0,20,0,0.8274739583333334,0.8277669270833332,0.93359375,260.0,1.8666666666666667,0.016666666666666666,38.21324671072139,0.06022916666666667,0.9318181818181818,45,2.0970818473278072,0.23437718871587704,1.4970818473278071,1.506391391168993,1.0,Lloyd,0.0006772242187503253
apartment,Lloyd,60,800,0.02,0.8,0.2,,11,0.3,0.2,2.0,20,0,0.8587239583333334,0.85439453125,0.9361979166666666,240.0,1.8666666666666667,0.05,38.4671900471594,0.041291666666666664,0.9727138643067847,46,2.201129608002397,0.2568321846661341,1.601129608002397,1.431890844510297,1.0,Lloyd,0.000644923801251025
apartment,Lloyd,60,800,0.02,0.8,0.2,,10,0.3,0.2,2.0,20,0,0.8333333333333334,0.8311848958333334,0.9388020833333334,280.0,1.9833333333333334,0.1,39.920093279510176,0.07175,0.9411764705882354,47,2.1228915499624095,0.30973199188245176,1.5228915499624094,1.291510985120242,1.0,Lloyd,0.0006707928650007489
apartment,Lloyd,60,800,0.02,0.8,0.2,,12,0.3,0.2,2.0,20,0,0.857421875,0.85458984375,0.9186197916666666,200.0,1.55,0.03333333333333333,37.19952981702141,0.050708333333333334,1.0068807339449541,49,2.0737123057427995,0.2633915327772134,1.4737123057427994,1.278614852186848,1.0,Lloyd,0.0006480714062513471
apartment,Lloyd,60,800,0.02,0.8,0.2,,13,0.3,0.2,2.0,20,0,0.8444010416666666,0.8382486979166666,0.93359375,240.0,1.75,0.05,37.66291427074248,0.06085416666666667,0.9773926149208741,46,2.173289355310695,0.3387752480939909,1.5732893553106952,1.8262539025567814,1.0,Lloyd,0.0006751665624983616
apartment,Lloyd,60,800,0.02,0.8,0.2,,14,0.3,0.2,2.0,20,0,0.794921875,0.7916666666666666,0.9290364583333334,240.0,1.7833333333333334,0.08333333333333333,37.822648126162974,0.043354166666666666,0.9285171102661597,43,2.2115419826301053,0.3308916128400343,1.6115419826301056,1.4685230032862027,1.0,Lloyd,0.0006703766662485577
apartment,Lloyd,60,800,0.02,0.8,0.2,,16,0.3,0.2,2.0,20,0,0.8235677083333334,0.8223307291666666,0.9270833333333334,200.0,1.9,0.08333333333333333,38.02118771977802,0.058375,0.9738260200153965,47,2.0478336998392,0.32387080693870257,1.4478336998391996,1.5215602031657203,1.0,Lloyd,0.0006923079162493196
apartment,Lloyd,60,800,0.02,0.8,0.2,,15,0.3,0.2,2.0,20,0,0.8678385416666666,0.8678385416666667,0.9466145833333334,240.0,1.8833333333333333,0.06666666666666667,40.683136443656466,0.059166666666666666,0.9638467100506146,53,1.9984841192603389,0.24239018612315877,1.3984841192603392,1.508635736442825,1.0,Lloyd,0.0007012145825001425
apartment,Lloyd,60,800,0.02,0.8,0.2,,17,0.3,0.2,2.0,20,0,0.8483072916666666,0.8419921875000002,0.9361979166666666,240.0,1.8,0.13333333333333333,39.60698296128964,0.0583125,0.9687732342007435,46,2.221768358199967,0.2583804328328094,1.621768358199968,1.6762691398592855,1.0,Lloyd,0.0006619064062488178
apartment,Lloyd,60,800,0.02,0.8,0.2,,18,0.3,0.2,2.0,20,0,0.865234375,0.8554036458333332,0.9348958333333334,200.0,1.5666666666666667,0.016666666666666666,41.125086305588745,0.03654166666666667,1.0098784194528876,52,2.040382836512453,0.377181255801895,1.440382836512452,1.2023145760857867,1.0,Lloyd,0.0006757629687513145
apartment,Lloyd,60,800,0.02,0.8,0.2,,20,0.3,0.2,2.0,20,0,0.8046875,0.8017903645833332,0.8873697916666666,180.0,1.8166666666666667,0.03333333333333333,40.14423558297531,0.058208333333333334,1.0073349633251834,52,1.988822570224928,0.38706164795586656,1.388822570224928,1.3051877087262351,1.0,Lloyd,0.0006686278124993805
apartment,Lloyd,60,800,0.02,0.8,0.2,,19,0.3,0.2,2.0,20,0,0.8385416666666666,0.83583984375,0.9251302083333334,220.0,1.7333333333333334,0.05,38.720030042767014,0.058333333333333334,0.9561989606533036,45,2.1858247372784105,0.24791313142400206,1.585824737278411,1.5258681195585568,1.0,Lloyd,0.0006911965624999539
apartment,Lloyd,60,800,0.02,0.8,0.2,,21,0.3,0.2,2.0,20,0,0.8828125,0.8728190104166668,0.9407552083333334,260.0,1.6166666666666667,0.03333333333333333,39.22026993307607,0.07772916666666667,1.0119402985074626,49,2.158769952531979,0.20583016570618745,1.5587699525319794,1.474820536021892,1.0,Lloyd,0.0006824538012506309
apartment,Lloyd,60,800,0.02,0.8,0.2,,22,0.3,0.2,2.0,20,0,0.8372395833333334,0.8291341145833334,0.9205729166666666,240.0,2.1333333333333333,0.05,38.651898619598164,0.04472916666666667,0.9683734939759037,44,2.2862952032900434,0.31823060363763983,1.6862952032900438,1.5764246105556414,1.0,Lloyd,0.0006836887500003286
apartment,Lloyd,60,800,0.02,0.8,0.2,,23,0.3,0.2,2.0,20,0,0.8522135416666666,0.8543945312500002,0.9401041666666666,220.0,1.7666666666666666,0.05,36.78537198213374,0.052958333333333336,0.9625,46,2.1623400838474467,0.2517160730108581,1.5623400838474466,1.5370506811973819,1.0,Lloyd,0.0006642290100012361
apartment,Lloyd,60,800,0.02,0.8,0.2,,24,0.3,0.2,2.0,20,0,0.8606770833333334,0.86015625,0.9401041666666666,260.0,1.65,0.0,38.77319181909874,0.0624375,0.9770879526977089,45,2.191460507557363,0.2766285015146891,1.5914605075573636,1.8310552396357966,1.0,Lloyd,0.0006704415099989091
apartment,Lloyd,60,800,0.02,0.8,0.2,,25,0.3,0.2,2.0,20,0,0.736328125,0.734375,0.9361979166666666,240.0,2.1666666666666665,0.05,40.058651148584424,0.0530625,0.8183791606367583,46,2.0422942403237077,0.49268661396661256,1.4422942403237073,1.239678790837714,1.0,Lloyd,0.0007002849999980754
apartment,Lloyd,60,800,0.02,0.8,0.2,,26,0.3,0.2,2.0,20,0,0.8489583333333334,0.8492513020833332,0.9290364583333334,300.0,2.216666666666667,0.0,41.040868536284734,0.05452083333333333,0.9644970414201184,52,1.9905923045050349,0.2715690380263639,1.3905923045050355,1.5507732398756435,1.0,Lloyd,0.0006811261974985428
apartment,Lloyd,60,800,0.02,0.8,0.2,,27,0.3,0.2,2.0,20,0,0.8684895833333334,0.8597981770833334,0.9361979166666666,220.0,1.8166666666666667,0.016666666666666666,39.92515068907975,0.044770833333333336,0.9947800149142432,52,2.031773010238702,0.29317189911989844,1.4317730102387027,1.3424989027520546,1.0,Lloyd,0.000676575416250671
apartment,Lloyd,60,800,0.02,0.8,0.2,,29,0.3,0.2,2.0,20,0,0.86328125,0.8578125,0.9381510416666666,220.0,1.8333333333333333,0.05,38.733858745411226,0.05408333333333333,0.9643636363636364,46,2.1717309773506055,0.2722928427527227,1.571730977350606,1.5833791794291951,1.0,Lloyd,0.0006447355725003944
apartment,Lloyd,60,800,0.02,0.8,0.2,,28,0.3,0.2,2.0,20,0,0.8001302083333334,0.7974934895833334,0.921875,220.0,1.5666666666666667,0.05,37.22726071790554,0.065625,0.9669551534225019,51,1.9295461260368532,0.45147752761153875,1.329546126036853,1.1457626099751361,1.0,Lloyd,0.0006955719275015326
rubble,Lloyd,60,800,0.02,0.0,0.2,,0,0.3,0.2,2.0,20,0,0.5544692737430168,0.553282122905028,0.5893854748603352,140.0,1.8333333333333333,0.11666666666666667,34.93623275981925,0.044895833333333336,0.9863354037267081,46,1.6117417984986055,0.3364368753004826,1.0117417984986061,0.7700774021684748,1.0,Lloyd,0.0006707227075003175
rubble,Lloyd,60,800,0.02,0.0,0.2,,1,0.3,0.2,2.0,20,0,0.5286312849162011,0.5268854748603352,0.5726256983240223,100.0,1.8,0.06666666666666667,34.12624364618771,0.05520833333333333,0.9908376963350787,49,1.5870061556524195,0.4420270944643998,0.9870061556524196,0.8695795119505195,1.0,Lloyd,0.0006572672387505918
rubble,Lloyd,60,800,0.02,0.0,0.2,,2,0.3,0.2,2.0,20,0,0.5335195530726257,0.5333100558659218,0.5726256983240223,100.0,2.1333333333333333,0.1,37.15046700699681,0.048541666666666664,1.0119205298013243,54,1.455439628826258,0.4365937779257718,0.8554396288262582,0.6538407676566309,1.0,Lloyd,0.0006780226562500502
rubble,Lloyd,60,800,0.02,0.0,0.2,,3,0.3,0.2,2.0,20,0,0.4790502793296089,0.4800977653631285,0.5551675977653632,80.0,1.95,0.5666666666666667,34.06534921754127,0.051,0.9436038514442916,44,1.6058487482271169,0.5115650202870629,1.005848748227117,0.8012472964426229,1.0,Lloyd,0.0006647051037498386
rubble,Lloyd,60,800,0.02,0.0,0.2,,4,0.3,0.2,2.0,20,0,0.5083798882681564,0.5056215083798883,0.5649441340782123,80.0,1.8833333333333333,0.06666666666666667,34.36775436398873,0.06847916666666666,0.9972602739726028,48,1.5504672065432217,0.5100902930080347,0.9504672065432215,0.6561043321286038,1.0,Lloyd,0.0006912038550012766
rubble,Lloyd,60,800,0.02,0.0,0.2,,5,0.3,0.2,2.0,20,0,0.5607541899441341,0.561522346368715,0.5865921787709497,200.0,1.75,0.1,37.43712454859773,0.08070833333333334,0.9950433705080545,51,1.5242564049595781,0.34734435930188656,0.9242564049595784,0.8989136421710492,1.0,Lloyd,0.0007060690625007737
rubble,Lloyd,60,800,0.02,0.0,0.2,,6,0.3,0.2,2.0,20,0,0.5607541899441341,0.5589036312849162,0.5831005586592178,200.0,1.7666666666666666,0.11666666666666667,35.24346120785003,0.06847916666666666,0.985276073619632,45,1.6770406242041793,0.2703846464921124,1.0770406242041795,0.9498106183432767,1.0,Lloyd,0.0006800015625003653
rubble,Lloyd,60,800,0.02,0.0,0.2,,7,0.3,0.2,2.0,20,0,0.5523743016759777,0.5493016759776534,0.5858938547486033,120.0,1.8833333333333333,0.05,36.29354232428598,0.059625,0.9801734820322181,50,1.5679111837425261,0.3129292333380345,0.9679111837425265,0.7856329942508459,1.0,Lloyd,0.0006823322387481312
rubble,Lloyd,60,800,0.02,0.0,0.2,,8,0.3,0.2,2.0,20,0,0.5314245810055865,0.5319134078212291,0.571927374301676,120.0,2.033333333333333,0.016666666666666666,35.09045810437166,0.07054166666666667,0.9986876640419947,48,1.5773638580788596,0.445596958698567,0.9773638580788596,0.6582272725669528,1.0,Lloyd,0.0006710549474996697
rubble,Lloyd,60,800,0.02,0.0,0.2,,9,0.3,0.2,2.0,20,0,0.5027932960893855,0.5022695530726258,0.5481843575418994,80.0,1.9166666666666667,0.06666666666666667,35.84408188179503,0.07639583333333333,0.9944751381215469,48,1.5284039656214896,0.47360561787535105,0.9284039656214897,0.7364528005288029,1.0,Lloyd,0.0006923473962501703
rubble,Lloyd,60,800,0.02,0.0,0.2,,10,0.3,0.2,2.0,20,0,0.5237430167597765,0.5242318435754191,0.5810055865921788,120.0,1.7,0.05,36.485626721473864,0.042,0.929368029739777,49,1.6083940066090063,0.4894072754245278,1.0083940066090062,0.7817600975156053,1.0,Lloyd,0.0006751526562493382
rubble,Lloyd,60,800,0.02,0.0,0.2,,11,0.3,0.2,2.0,20,0,0.5405027932960894,0.540782122905028,0.5768156424581006,140.0,2.066666666666667,0.1,36.719604855541434,0.05708333333333333,1.010443864229765,54,1.4354638447084835,0.38395401943669866,0.8354638447084837,0.6664365675947062,1.0,Lloyd,0.0006897433337485382
rubble,Lloyd,60,800,0.02,0.0,0.2,,12,0.3,0.2,2.0,20,0,0.5097765363128491,0.5091480446927373,0.5684357541899442,100.0,1.9166666666666667,0.03333333333333333,37.30308117902008,0.045083333333333336,0.9759358288770054,49,1.5502113382800264,0.5241659210376802,0.9502113382800264,0.7872967378329426,0.9591836734693877,Lloyd,0.0006905557812501683
rubble,Lloyd,60,800,0.02,0.0,0.2,,13,0.3,0.2,2.0,20,0,0.5195530726256983,0.5212290502793295,0.571927374301676,120.0,2.0166666666666666,0.08333333333333333,35.60540337864598,0.08333333333333333,0.9802371541501974,46,1.6606991020286421,0.5011600786900234,1.060699102028642,0.7757549593031692,1.0,Lloyd,0.0006328351050001402
rubble,Lloyd,60,800,0.02,0.0,0.2,,14,0.3,0.2,2.0,20,0,0.5167597765363129,0.5171089385474861,0.5635474860335196,80.0,1.9166666666666667,0.13333333333333333,34.90375269892927,0.06110416666666667,1.0150891632373116,49,1.5644045521699015,0.4628769568827217,0.9644045521699016,0.6472387375325023,1.0,Lloyd,0.0006605938537495603
rubble,Lloyd,60,800,0.02,0.0,0.2,,15,0.3,0.2,2.0,20,0,0.5293296089385475,0.5261173184357543,0.5677374301675978,100.0,2.35,0.08333333333333333,35.741985803630556,0.0611875,1.0631136044880787,48,1.589642142913549,0.43468925316400947,0.989642142913549,0.7141835311721138,1.0,Lloyd,0.0006558717712482576
rubble,Lloyd,60,800,0.02,0.0,0.2,,16,0.3,0.2,2.0,20,0,0.5041899441340782,0.4997905027932961,0.5621508379888268,100.0,1.5666666666666667,0.08333333333333333,36.00734794241777,0.05560416666666667,0.9756756756756757,44,1.665625859010892,0.4391703538269802,1.0656258590108922,0.7949887593936374,1.0,Lloyd,0.0006391411975005212
rubble,Lloyd,60,800,0.02,0.0,0.2,,17,0.3,0.2,2.0,20,0,0.571927374301676,0.5664455307262571,0.5886871508379888,100.0,1.65,0.1,36.64263619499416,0.0425,1.0581395348837208,49,1.5530932691131274,0.2514434498747371,0.9530932691131274,0.8786895991355722,1.0,Lloyd,0.0006478081249997558
rubble,Lloyd,60,800,0.02,0.0,0.2,,18,0.3,0.2,2.0,20,0,0.526536312849162,0.5243016759776535,0.5761173184357542,100.0,1.9833333333333334,0.1,34.5781327015803,0.06475,0.9960369881109643,43,1.6753879725726708,0.41569190269023953,1.0753879725726707,0.9125847505679671,1.0,Lloyd,0.000642394738749772
rubble,Lloyd,60,800,0.02,0.0,0.2,,19,0.3,0.2,2.0,20,0,0.5328212290502793,0.5333798882681564,0.5824022346368715,100.0,1.6166666666666667,0.05,34.84012516312442,0.042645833333333334,0.9819819819819818,51,1.5199620995391747,0.4617639396256983,0.9199620995391747,0.6849464286164325,1.0,Lloyd,0.0006570834374997503
rubble,Lloyd,60,800,0.02,0.0,0.2,,20,0.3,0.2,2.0,20,0,0.526536312849162,0.5261173184357542,0.5768156424581006,120.0,1.7666666666666666,0.11666666666666667,34.478333650448135,0.062125,0.9729032258064516,47,1.6772155454465352,0.4764611111579551,1.077215545446535,0.8620984664402503,1.0,Lloyd,0.0006466007287485809
rubble,Lloyd,60,800,0.02,0.0,0.2,,22,0.3,0.2,2.0,20,0,0.5062849162011173,0.5027583798882682,0.5607541899441341,80.0,1.95,0.18333333333333332,34.79147440168993,0.06904166666666667,0.9823848238482383,47,1.5615351962976571,0.5382573064912195,0.9615351962976572,0.645253816832679,1.0,Lloyd,0.0006401517187509853
rubble,Lloyd,60,800,0.02,0.0,0.2,,21,0.3,0.2,2.0,20,0,0.5272346368715084,0.5262569832402234,0.5726256983240223,100.0,1.9833333333333334,0.16666666666666666,33.84672864825831,0.08233333333333333,1.012064343163539,47,1.6258889015380484,0.41724503844035726,1.025888901538048,0.8879543481331565,1.0,Lloyd,0.0006616103124997607
rubble,Lloyd,60,800,0.02,0.0,0.2,,23,0.3,0.2,2.0,20,0,0.5314245810055865,0.521054469273743,0.571927374301676,80.0,1.8166666666666667,0.016666666666666666,32.87404914392983,0.12754166666666666,1.080965909090909,44,1.6862828637498033,0.45429806389685323,1.0862828637498032,0.8420601424706662,1.0,Lloyd,0.0007041503649998049
rubble,Lloyd,60,800,0.02,0.0,0.2,,24,0.3,0.2,2.0,20,0,0.5062849162011173,0.5017108938547488,0.5565642458100558,80.0,1.75,0.08333333333333333,36.0142802503131,0.06089583333333334,1.0431654676258992,48,1.5596927725887557,0.524658121967471,0.9596927725887557,0.6700770669221342,1.0,Lloyd,0.000656771614999343
rubble,Lloyd,60,800,0.02,0.0,0.2,,25,0.3,0.2,2.0,20,0,0.48463687150837986,0.48271648044692733,0.5446927374301676,80.0,2.7666666666666666,0.2,35.04568451638043,0.0885,1.0,51,1.4825202987040618,0.5894332783069972,0.8825202987040621,0.6632649178477817,1.0,Lloyd,0.0006986890625012165
rubble,Lloyd,60,800,0.02,0.0,0.2,,27,0.3,0.2,2.0,20,0,0.5146648044692738,0.5114525139664804,0.571927374301676,100.0,1.8666666666666667,0.08333333333333333,35.302873898835585,0.03866666666666667,0.9748677248677249,41,1.7132863921457389,0.4648605004734578,1.113286392145739,0.9300579681309337,1.0,Lloyd,0.0006514509899989207
rubble,Lloyd,60,800,0.02,0.0,0.2,,26,0.3,0.2,2.0,20,0,0.5118715083798883,0.5103351955307263,0.5614525139664804,100.0,1.9166666666666667,0.06666666666666667,35.98806217803027,0.05610416666666666,1.0367751060820367,50,1.5207473638771682,0.5041103799979764,0.9207473638771687,0.688853421058753,1.0,Lloyd,0.0007115664062484939
rubble,Lloyd,60,800,0.02,0.0,0.2,,28,0.3,0.2,2.0,20,0,0.5237430167597765,0.5198673184357543,0.5837988826815642,100.0,2.066666666666667,0.05,33.49541074551606,0.1271875,0.9881422924901184,53,1.5105871686220562,0.509140426224422,0.9105871686220566,0.8563389870793557,0.9433962264150944,Lloyd,0.0007348131250000733
rubble,Lloyd,60,800,0.02,0.1,0.2,,0,0.3,0.2,2.0,20,0,0.5544692737430168,0.553282122905028,0.5893854748603352,140.0,1.8333333333333333,0.11666666666666667,34.93623275981925,0.044895833333333336,0.9863354037267081,46,1.6117417984986055,0.3364368753004826,1.0117417984986061,0.7700774021684748,1.0,Lloyd,0.0006514260937501604
rubble,Lloyd,60,800,0.02,0.1,0.2,,1,0.3,0.2,2.0,20,0,0.5286312849162011,0.5268854748603352,0.5726256983240223,100.0,1.8,0.06666666666666667,34.12624364618771,0.05520833333333333,0.9908376963350787,49,1.5870061556524195,0.4420270944643998,0.9870061556524196,0.8695795119505195,1.0,Lloyd,0.0006760795837499245
rubble,Lloyd,60,800,0.02,0.0,0.2,,29,0.3,0.2,2.0,20,0,0.5006983240223464,0.5008379888268156,0.5544692737430168,100.0,2.316666666666667,0.4166666666666667,33.20238523627163,0.14914583333333334,0.9986072423398329,52,1.4861767847966367,0.5538970749644196,0.8861767847966362,0.6752767772730873,0.9423076923076923,Lloyd,0.0007331246874991848
rubble,Lloyd,60,800,0.02,0.1,0.2,,3,0.3,0.2,2.0,20,0,0.4790502793296089,0.4800977653631285,0.5551675977653632,80.0,1.95,0.5666666666666667,34.06534921754127,0.051,0.9436038514442916,44,1.6058487482271169,0.5115650202870629,1.005848748227117,0.8012472964426229,1.0,Lloyd,0.0006603377612486839
rubble,Lloyd,60,800,0.02,0.1,0.2,,2,0.3,0.2,2.0,20,0,0.5335195530726257,0.5333100558659218,0.5726256983240223,100.0,2.1333333333333333,0.1,37.15046700699681,0.048541666666666664,1.0119205298013243,54,1.455439628826258,0.4365937779257718,0.8554396288262582,0.6538407676566309,1.0,Lloyd,0.000699574739999207
rubble,Lloyd,60,800,0.02,0.1,0.2,,6,0.3,0.2,2.0,20,0,0.5607541899441341,0.5589036312849162,0.5831005586592178,200.0,1.7666666666666666,0.11666666666666667,35.24346120785003,0.06847916666666666,0.985276073619632,45,1.6770406242041793,0.2703846464921124,1.0770406242041795,0.9498106183432767,1.0,Lloyd,0.0006484300524994069
rubble,Lloyd,60,800,0.02,0.1,0.2,,4,0.3,0.2,2.0,20,0,0.5083798882681564,0.5056215083798883,0.5649441340782123,80.0,1.8833333333333333,0.06666666666666667,34.36775436398873,0.06847916666666666,0.9972602739726028,48,1.5504672065432217,0.5100902930080347,0.9504672065432215,0.6561043321286038,1.0,Lloyd,0.0007044917187499777
rubble,Lloyd,60,800,0.02,0.1,0.2,,5,0.3,0.2,2.0,20,0,0.5607541899441341,0.561522346368715,0.5865921787709497,200.0,1.75,0.1,37.43712454859773,0.08070833333333334,0.9950433705080545,51,1.5242564049595781,0.34734435930188656,0.9242564049595784,0.8989136421710492,1.0,Lloyd,0.0007082193237488354
rubble,Lloyd,60,800,0.02,0.1,0.2,,7,0.3,0.2,2.0,20,0,0.5523743016759777,0.5493016759776534,0.5858938547486033,120.0,1.8833333333333333,0.05,36.29354232428598,0.059625,0.9801734820322181,50,1.5679111837425261,0.3129292333380345,0.9679111837425265,0.7856329942508459,1.0,Lloyd,0.0006795236462494358
rubble,Lloyd,60,800,0.02,0.1,0.2,,8,0.3,0.2,2.0,20,0,0.5314245810055865,0.5319134078212291,0.571927374301676,120.0,2.033333333333333,0.016666666666666666,35.09045810437166,0.07054166666666667,0.9986876640419947,48,1.5773638580788596,0.445596958698567,0.9773638580788596,0.6582272725669528,1.0,Lloyd,0.0006541011987496859
rubble,Lloyd,60,800,0.02,0.1,0.2,,9,0.3,0.2,2.0,20,0,0.5027932960893855,0.5022695530726258,0.5481843575418994,80.0,1.9166666666666667,0.06666666666666667,35.84408188179503,0.07639583333333333,0.9944751381215469,48,1.5284039656214896,0.47360561787535105,0.9284039656214897,0.7364528005288029,1.0,Lloyd,0.0006713240112480889
rubble,Lloyd,60,800,0.02,0.1,0.2,,10,0.3,0.2,2.0,20,0,0.5237430167597765,0.5242318435754191,0.5810055865921788,120.0,1.7,0.05,36.485626721473864,0.042,0.929368029739777,49,1.6083940066090063,0.4894072754245278,1.0083940066090062,0.7817600975156053,1.0,Lloyd,0.00069009562500014
rubble,Lloyd,60,800,0.02,0.1,0.2,,11,0.3,0.2,2.0,20,0,0.5405027932960894,0.540782122905028,0.5768156424581006,140.0,2.066666666666667,0.1,36.719604855541434,0.05708333333333333,1.010443864229765,54,1.4354638447084835,0.38395401943669866,0.8354638447084837,0.6664365675947062,1.0,Lloyd,0.0006724814062499718
rubble,Lloyd,60,800,0.02,0.1,0.2,,12,0.3,0.2,2.0,20,0,0.5097765363128491,0.5091480446927373,0.5684357541899442,100.0,1.9166666666666667,0.03333333333333333,37.30308117902008,0.045083333333333336,0.9759358288770054,49,1.5502113382800264,0.5241659210376802,0.9502113382800264,0.7872967378329426,0.9591836734693877,Lloyd,0.0007208731774994703
rubble,Lloyd,60,800,0.02,0.1,0.2,,13,0.3,0.2,2.0,20,0,0.5195530726256983,0.5212290502793295,0.571927374301676,120.0,2.0166666666666666,0.08333333333333333,35.60540337864598,0.08333333333333333,0.9802371541501974,46,1.6606991020286421,0.5011600786900234,1.060699102028642,0.7757549593031692,1.0,Lloyd,0.0006643211975006125
rubble,Lloyd,60,800,0.02,0.1,0.2,,14,0.3,0.2,2.0,20,0,0.5167597765363129,0.5171089385474861,0.5635474860335196,80.0,1.9166666666666667,0.13333333333333333,34.90375269892927,0.06110416666666667,1.0150891632373116,49,1.5644045521699015,0.4628769568827217,0.9644045521699016,0.6472387375325023,1.0,Lloyd,0.0006703804175003825
rubble,Lloyd,60,800,0.02,0.1,0.2,,15,0.3,0.2,2.0,20,0,0.5293296089385475,0.5261173184357543,0.5677374301675978,100.0,2.35,0.08333333333333333,35.741985803630556,0.0611875,1.0631136044880787,48,1.589642142913549,0.43468925316400947,0.989642142913549,0.7141835311721138,1.0,Lloyd,0.0006743124487502427
rubble,Lloyd,60,800,0.02,0.1,0.2,,16,0.3,0.2,2.0,20,0,0.5041899441340782,0.4997905027932961,0.5621508379888268,100.0,1.5666666666666667,0.08333333333333333,36.00734794241777,0.05560416666666667,0.9756756756756757,44,1.665625859010892,0.4391703538269802,1.0656258590108922,0.7949887593936374,1.0,Lloyd,0.0006677481762517346
rubble,Lloyd,60,800,0.02,0.1,0.2,,17,0.3,0.2,2.0,20,0,0.571927374301676,0.5664455307262571,0.5886871508379888,100.0,1.65,0.1,36.64263619499416,0.0425,1.0581395348837208,49,1.5530932691131274,0.2514434498747371,0.9530932691131274,0.8786895991355722,1.0,Lloyd,0.0006629113537496778
rubble,Lloyd,60,800,0.02,0.1,0.2,,18,0.3,0.2,2.0,20,0,0.526536312849162,0.5243016759776535,0.5761173184357542,100.0,1.9833333333333334,0.1,34.5781327015803,0.06475,0.9960369881109643,43,1.6753879725726708,0.41569190269023953,1.0753879725726707,0.9125847505679671,1.0,Lloyd,0.0006628289062496151
rubble,Lloyd,60,800,0.02,0.1,0.2,,19,0.3,0.2,2.0,20,0,0.5328212290502793,0.5333798882681564,0.5824022346368715,100.0,1.6166666666666667,0.05,34.84012516312442,0.042645833333333334,0.9819819819819818,51,1.5199620995391747,0.4617639396256983,0.9199620995391747,0.6849464286164325,1.0,Lloyd,0.0006787229162500808
rubble,Lloyd,60,800,0.02,0.1,0.2,,20,0.3,0.2,2.0,20,0,0.526536312849162,0.5261173184357542,0.5768156424581006,120.0,1.7666666666666666,0.11666666666666667,34.478333650448135,0.062125,0.9729032258064516,47,1.6772155454465352,0.4764611111579551,1.077215545446535,0.8620984664402503,1.0,Lloyd,0.0006892868749991976
rubble,Lloyd,60,800,0.02,0.1,0.2,,21,0.3,0.2,2.0,20,0,0.5272346368715084,0.5262569832402234,0.5726256983240223,100.0,1.9833333333333334,0.16666666666666666,33.84672864825831,0.08233333333333333,1.012064343163539,47,1.6258889015380484,0.41724503844035726,1.025888901538048,0.8879543481331565,1.0,Lloyd,0.0006688972400002058
rubble,Lloyd,60,800,0.02,0.1,0.2,,22,0.3,0.2,2.0,20,0,0.5062849162011173,0.5027583798882682,0.5607541899441341,80.0,1.95,0.18333333333333332,34.79147440168993,0.06904166666666667,0.9823848238482383,47,1.5615351962976571,0.5382573064912195,0.9615351962976572,0.645253816832679,1.0,Lloyd,0.0006878072924996559
rubble,Lloyd,60,800,0.02,0.1,0.2,,23,0.3,0.2,2.0,20,0,0.5314245810055865,0.521054469273743,0.571927374301676,80.0,1.8166666666666667,0.016666666666666666,32.87404914392983,0.12754166666666666,1.080965909090909,44,1.6862828637498033,0.45429806389685323,1.0862828637498032,0.8420601424706662,1.0,Lloyd,0.0006928253649994076
rubble,Lloyd,60,800,0.02,0.1,0.2,,24,0.3,0.2,2.0,20,0,0.5062849162011173,0.5017108938547488,0.5565642458100558,80.0,1.75,0.08333333333333333,36.0142802503131,0.06089583333333334,1.0431654676258992,48,1.5596927725887557,0.524658121967471,0.9596927725887557,0.6700770669221342,1.0,Lloyd,0.0007174865624983795
rubble,Lloyd,60,800,0.02,0.1,0.2,,25,0.3,0.2,2.0,20,0,0.48463687150837986,0.48271648044692733,0.5446927374301676,80.0,2.7666666666666666,0.2,35.04568451638043,0.0885,1.0,51,1.4825202987040618,0.5894332783069972,0.8825202987040621,0.6632649178477817,1.0,Lloyd,0.0007733628125015457
rubble,Lloyd,60,800,0.02,0.1,0.2,,27,0.3,0.2,2.0,20,0,0.5146648044692738,0.5114525139664804,0.571927374301676,100.0,1.8666666666666667,0.08333333333333333,35.302873898835585,0.03866666666666667,0.9748677248677249,41,1.7132863921457389,0.4648605004734578,1.113286392145739,0.9300579681309337,1.0,Lloyd,0.0006702127599987762
rubble,Lloyd,60,800,0.02,0.1,0.2,,26,0.3,0.2,2.0,20,0,0.5118715083798883,0.5103351955307263,0.5614525139664804,100.0,1.9166666666666667,0.06666666666666667,35.98806217803027,0.05610416666666666,1.0367751060820367,50,1.5207473638771682,0.5041103799979764,0.9207473638771687,0.688853421058753,1.0,Lloyd,0.0007479906775006384
rubble,Lloyd,60,800,0.02,0.1,0.2,,28,0.3,0.2,2.0,20,0,0.5237430167597765,0.5198673184357543,0.5837988826815642,100.0,2.066666666666667,0.05,33.49541074551606,0.1271875,0.9881422924901184,53,1.5105871686220562,0.509140426224422,0.9105871686220566,0.8563389870793557,0.9433962264150944,Lloyd,0.0007707002087499859
rubble,Lloyd,60,800,0.02,0.1,0.2,,29,0.3,0.2,2.0,20,0,0.5006983240223464,0.5008379888268156,0.5544692737430168,100.0,2.316666666666667,0.4166666666666667,33.20238523627163,0.14914583333333334,0.9986072423398329,52,1.4861767847966367,0.5538970749644196,0.8861767847966362,0.6752767772730873,0.9423076923076923,Lloyd,0.0007774728649997087
rubble,Lloyd,60,800,0.02,0.2,0.2,,0,0.3,0.2,2.0,20,0,0.5544692737430168,0.553282122905028,0.5893854748603352,140.0,1.8333333333333333,0.11666666666666667,34.93623275981925,0.044895833333333336,0.9863354037267081,46,1.6117417984986055,0.3364368753004826,1.0117417984986061,0.7700774021684748,1.0,Lloyd,0.0007261686975016346
rubble,Lloyd,60,800,0.02,0.2,0.2,,1,0.3,0.2,2.0,20,0,0.5286312849162011,0.5268854748603352,0.5726256983240223,100.0,1.8,0.06666666666666667,34.12624364618771,0.05520833333333333,0.9908376963350787,49,1.5870061556524195,0.4420270944643998,0.9870061556524196,0.8695795119505195,1.0,Lloyd,0.0007055393750010808
rubble,Lloyd,60,800,0.02,0.2,0.2,,2,0.3,0.2,2.0,20,0,0.5335195530726257,0.5333100558659218,0.5726256983240223,100.0,2.1333333333333333,0.1,37.15046700699681,0.048541666666666664,1.0119205298013243,54,1.455439628826258,0.4365937779257718,0.8554396288262582,0.6538407676566309,1.0,Lloyd,0.0006926432812497296
rubble,Lloyd,60,800,0.02,0.2,0.2,,3,0.3,0.2,2.0,20,0,0.4790502793296089,0.4800977653631285,0.5551675977653632,80.0,1.95,0.5666666666666667,34.06534921754127,0.051,0.9436038514442916,44,1.6058487482271169,0.5115650202870629,1.005848748227117,0.8012472964426229,1.0,Lloyd,0.0006934864587492484
rubble,Lloyd,60,800,0.02,0.2,0.2,,4,0.3,0.2,2.0,20,0,0.5083798882681564,0.5056215083798883,0.5649441340782123,80.0,1.8833333333333333,0.06666666666666667,34.36775436398873,0.06847916666666666,0.9972602739726028,48,1.5504672065432217,0.5100902930080347,0.9504672065432215,0.6561043321286038,1.0,Lloyd,0.0007028347387495159
rubble,Lloyd,60,800,0.02,0.2,0.2,,5,0.3,0.2,2.0,20,0,0.5607541899441341,0.561522346368715,0.5865921787709497,200.0,1.75,0.1,37.43712454859773,0.08070833333333334,0.9950433705080545,51,1.5242564049595781,0.34734435930188656,0.9242564049595784,0.8989136421710492,1.0,Lloyd,0.0006975825512517985
rubble,Lloyd,60,800,0.02,0.2,0.2,,6,0.3,0.2,2.0,20,0,0.5607541899441341,0.5589036312849162,0.5831005586592178,200.0,1.7666666666666666,0.11666666666666667,35.24346120785003,0.06847916666666666,0.985276073619632,45,1.6770406242041793,0.2703846464921124,1.0770406242041795,0.9498106183432767,1.0,Lloyd,0.0006796839062485561
rubble,Lloyd,60,800,0.02,0.2,0.2,,7,0.3,0.2,2.0,20,0,0.5523743016759777,0.5493016759776534,0.5858938547486033,120.0,1.8833333333333333,0.05,36.29354232428598,0.059625,0.9801734820322181,50,1.5679111837425261,0.3129292333380345,0.9679111837425265,0.7856329942508459,1.0,Lloyd,0.0006743860937513091
rubble,Lloyd,60,800,0.02,0.2,0.2,,9,0.3,0.2,2.0,20,0,0.5027932960893855,0.5022695530726258,0.5481843575418994,80.0,1.9166666666666667,0.06666666666666667,35.84408188179503,0.07639583333333333,0.9944751381215469,48,1.5284039656214896,0.47360561787535105,0.9284039656214897,0.7364528005288029,1.0,Lloyd,0.0006524029687489019
rubble,Lloyd,60,800,0.02,0.2,0.2,,8,0.3,0.2,2.0,20,0,0.5314245810055865,0.5319134078212291,0.571927374301676,120.0,2.033333333333333,0.016666666666666666,35.09045810437166,0.07054166666666667,0.9986876640419947,48,1.5773638580788596,0.445596958698567,0.9773638580788596,0.6582272725669528,1.0,Lloyd,0.0006966560412502076
rubble,Lloyd,60,800,0.02,0.2,0.2,,10,0.3,0.2,2.0,20,0,0.5237430167597765,0.5242318435754191,0.5810055865921788,120.0,1.7,0.05,36.485626721473864,0.042,0.929368029739777,49,1.6083940066090063,0.4894072754245278,1.0083940066090062,0.7817600975156053,1.0,Lloyd,0.0006943602087494582
rubble,Lloyd,60,800,0.02,0.2,0.2,,11,0.3,0.2,2.0,20,0,0.5405027932960894,0.540782122905028,0.5768156424581006,140.0,2.066666666666667,0.1,36.719604855541434,0.05708333333333333,1.010443864229765,54,1.4354638447084835,0.38395401943669866,0.8354638447084837,0.6664365675947062,1.0,Lloyd,0.0006902301037484904
rubble,Lloyd,60,800,0.02,0.2,0.2,,12,0.3,0.2,2.0,20,0,0.5097765363128491,0.5091480446927373,0.5684357541899442,100.0,1.9166666666666667,0.03333333333333333,37.30308117902008,0.045083333333333336,0.9759358288770054,49,1.5502113382800264,0.5241659210376802,0.9502113382800264,0.7872967378329426,0.9591836734693877,Lloyd,0.0007373092187503971
rubble,Lloyd,60,800,0.02,0.2,0.2,,13,0.3,0.2,2.0,20,0,0.5195530726256983,0.5212290502793295,0.571927374301676,120.0,2.0166666666666666,0.08333333333333333,35.60540337864598,0.08333333333333333,0.9802371541501974,46,1.6606991020286421,0.5011600786900234,1.060699102028642,0.7757549593031692,1.0,Lloyd,0.0006699550512485075
rubble,Lloyd,60,800,0.02,0.2,0.2,,15,0.3,0.2,2.0,20,0,0.5293296089385475,0.5261173184357543,0.5677374301675978,100.0,2.35,0.08333333333333333,35.741985803630556,0.0611875,1.0631136044880787,48,1.589642142913549,0.43468925316400947,0.989642142913549,0.7141835311721138,1.0,Lloyd,0.0006806404162489343
rubble,Lloyd,60,800,0.02,0.2,0.2,,14,0.3,0.2,2.0,20,0,0.5167597765363129,0.5171089385474861,0.5635474860335196,80.0,1.9166666666666667,0.13333333333333333,34.90375269892927,0.06110416666666667,1.0150891632373116,49,1.5644045521699015,0.4628769568827217,0.9644045521699016,0.6472387375325023,1.0,Lloyd,0.0007089689587496651
rubble,Lloyd,60,800,0.02,0.2,0.2,,16,0.3,0.2,2.0,20,0,0.5041899441340782,0.4997905027932961,0.5621508379888268,100.0,1.5666666666666667,0.08333333333333333,36.00734794241777,0.05560416666666667,0.9756756756756757,44,1.665625859010892,0.4391703538269802,1.0656258590108922,0.7949887593936374,1.0,Lloyd,0.0006829491150006106
rubble,Lloyd,60,800,0.02,0.2,0.2,,17,0.3,0.2,2.0,20,0,0.571927374301676,0.5664455307262571,0.5886871508379888,100.0,1.65,0.1,36.64263619499416,0.0425,1.0581395348837208,49,1.5530932691131274,0.2514434498747371,0.9530932691131274,0.8786895991355722,1.0,Lloyd,0.0006647813025006144
rubble,Lloyd,60,800,0.02,0.2,0.2,,18,0.3,0.2,2.0,20,0,0.526536312849162,0.5243016759776535,0.5761173184357542,100.0,1.9833333333333334,0.1,34.5781327015803,0.06475,0.9960369881109643,43,1.6753879725726708,0.41569190269023953,1.0753879725726707,0.9125847505679671,1.0,Lloyd,0.0006621147912505876
rubble,Lloyd,60,800,0.02,0.2,0.2,,20,0.3,0.2,2.0,20,0,0.526536312849162,0.5261173184357542,0.5768156424581006,120.0,1.7666666666666666,0.11666666666666667,34.478333650448135,0.062125,0.9729032258064516,47,1.6772155454465352,0.4764611111579551,1.077215545446535,0.8620984664402503,1.0,Lloyd,0.0006757705199993325
rubble,Lloyd,60,800,0.02,0.2,0.2,,19,0.3,0.2,2.0,20,0,0.5328212290502793,0.5333798882681564,0.5824022346368715,100.0,1.6166666666666667,0.05,34.84012516312442,0.042645833333333334,0.9819819819819818,51,1.5199620995391747,0.4617639396256983,0.9199620995391747,0.6849464286164325,1.0,Lloyd,0.0007012265625007785
rubble,Lloyd,60,800,0.02,0.2,0.2,,21,0.3,0.2,2.0,20,0,0.5272346368715084,0.5262569832402234,0.5726256983240223,100.0,1.9833333333333334,0.16666666666666666,33.84672864825831,0.08233333333333333,1.012064343163539,47,1.6258889015380484,0.41724503844035726,1.025888901538048,0.8879543481331565,1.0,Lloyd,0.0006694085412505046
rubble,Lloyd,60,800,0.02,0.2,0.2,,22,0.3,0.2,2.0,20,0,0.5062849162011173,0.5027583798882682,0.5607541899441341,80.0,1.95,0.18333333333333332,34.79147440168993,0.06904166666666667,0.9823848238482383,47,1.5615351962976571,0.5382573064912195,0.9615351962976572,0.645253816832679,1.0,Lloyd,0.0006740548950006087
rubble,Lloyd,60,800,0.02,0.2,0.2,,24,0.3,0.2,2.0,20,0,0.5062849162011173,0.5017108938547488,0.5565642458100558,80.0,1.75,0.08333333333333333,36.0142802503131,0.06089583333333334,1.0431654676258992,48,1.5596927725887557,0.524658121967471,0.9596927725887557,0.6700770669221342,1.0,Lloyd,0.0007118703637479484
rubble,Lloyd,60,800,0.02,0.2,0.2,,23,0.3,0.2,2.0,20,0,0.5314245810055865,0.521054469273743,0.571927374301676,80.0,1.8166666666666667,0.016666666666666666,32.87404914392983,0.12754166666666666,1.080965909090909,44,1.6862828637498033,0.45429806389685323,1.0862828637498032,0.8420601424706662,1.0,Lloyd,0.0007382419787495564
rubble,Lloyd,60,800,0.02,0.2,0.2,,25,0.3,0.2,2.0,20,0,0.48463687150837986,0.48271648044692733,0.5446927374301676,80.0,2.7666666666666666,0.2,35.04568451638043,0.0885,1.0,51,1.4825202987040618,0.5894332783069972,0.8825202987040621,0.6632649178477817,1.0,Lloyd,0.0007708016662513729
rubble,Lloyd,60,800,0.02,0.2,0.2,,26,0.3,0.2,2.0,20,0,0.5118715083798883,0.5103351955307263,0.5614525139664804,100.0,1.9166666666666667,0.06666666666666667,35.98806217803027,0.05610416666666666,1.0367751060820367,50,1.5207473638771682,0.5041103799979764,0.9207473638771687,0.688853421058753,1.0,Lloyd,0.0007398597387486916
rubble,Lloyd,60,800,0.02,0.2,0.2,,27,0.3,0.2,2.0,20,0,0.5146648044692738,0.5114525139664804,0.571927374301676,100.0,1.8666666666666667,0.08333333333333333,35.302873898835585,0.03866666666666667,0.9748677248677249,41,1.7132863921457389,0.4648605004734578,1.113286392145739,0.9300579681309337,1.0,Lloyd,0.0007280094275006377
rubble,Lloyd,60,800,0.02,0.2,0.2,,28,0.3,0.2,2.0,20,0,0.5237430167597765,0.5198673184357543,0.5837988826815642,100.0,2.066666666666667,0.05,33.49541074551606,0.1271875,0.9881422924901184,53,1.5105871686220562,0.509140426224422,0.9105871686220566,0.8563389870793557,0.9433962264150944,Lloyd,0.0008112984899980802
rubble,Lloyd,60,800,0.02,0.2,0.2,,29,0.3,0.2,2.0,20,0,0.5006983240223464,0.5008379888268156,0.5544692737430168,100.0,2.316666666666667,0.4166666666666667,33.20238523627163,0.14914583333333334,0.9986072423398329,52,1.4861767847966367,0.5538970749644196,0.8861767847966362,0.6752767772730873,0.9423076923076923,Lloyd,0.0008175114574987674
rubble,Lloyd,60,800,0.02,0.4,0.2,,0,0.3,0.2,2.0,20,0,0.5544692737430168,0.553282122905028,0.5893854748603352,140.0,1.8333333333333333,0.11666666666666667,34.93623275981925,0.044895833333333336,0.9863354037267081,46,1.6117417984986055,0.3364368753004826,1.0117417984986061,0.7700774021684748,1.0,Lloyd,0.0007379819787479391
rubble,Lloyd,60,800,0.02,0.4,0.2,,1,0.3,0.2,2.0,20,0,0.5286312849162011,0.5268854748603352,0.5726256983240223,100.0,1.8,0.06666666666666667,34.12624364618771,0.05520833333333333,0.9908376963350787,49,1.5870061556524195,0.4420270944643998,0.9870061556524196,0.8695795119505195,1.0,Lloyd,0.0007559108324994668
rubble,Lloyd,60,800,0.02,0.4,0.2,,3,0.3,0.2,2.0,20,0,0.4790502793296089,0.4800977653631285,0.5551675977653632,80.0,1.95,0.5666666666666667,34.06534921754127,0.051,0.9436038514442916,44,1.6058487482271169,0.5115650202870629,1.005848748227117,0.8012472964426229,1.0,Lloyd,0.0007538442712507277
rubble,Lloyd,60,800,0.02,0.4,0.2,,2,0.3,0.2,2.0,20,0,0.5335195530726257,0.5333100558659218,0.5726256983240223,100.0,2.1333333333333333,0.1,37.15046700699681,0.048541666666666664,1.0119205298013243,54,1.455439628826258,0.4365937779257718,0.8554396288262582,0.6538407676566309,1.0,Lloyd,0.00078027124999835
rubble,Lloyd,60,800,0.02,0.4,0.2,,4,0.3,0.2,2.0,20,0,0.5083798882681564,0.5056215083798883,0.5649441340782123,80.0,1.8833333333333333,0.06666666666666667,34.36775436398873,0.06847916666666666,0.9972602739726028,48,1.5504672065432217,0.5100902930080347,0.9504672065432215,0.6561043321286038,1.0,Lloyd,0.0007328165100011575
rubble,Lloyd,60,800,0.02,0.4,0.2,,5,0.3,0.2,2.0,20,0,0.5607541899441341,0.561522346368715,0.5865921787709497,200.0,1.75,0.1,37.43712454859773,0.08070833333333334,0.9950433705080545,51,1.5242564049595781,0.34734435930188656,0.9242564049595784,0.8989136421710492,1.0,Lloyd,0.0007306705725000029
rubble,Lloyd,60,800,0.02,0.4,0.2,,6,0.3,0.2,2.0,20,0,0.5607541899441341,0.5589036312849162,0.5831005586592178,200.0,1.7666666666666666,0.11666666666666667,35.24346120785003,0.06847916666666666,0.985276073619632,45,1.6770406242041793,0.2703846464921124,1.0770406242041795,0.9498106183432767,1.0,Lloyd,0.0007142556250005328
rubble,Lloyd,60,800,0.02,0.4,0.2,,7,0.3,0.2,2.0,20,0,0.5523743016759777,0.5493016759776534,0.5858938547486033,120.0,1.8833333333333333,0.05,36.29354232428598,0.059625,0.9801734820322181,50,1.5679111837425261,0.3129292333380345,0.9679111837425265,0.7856329942508459,1.0,Lloyd,0.0007148274475002836
rubble,Lloyd,60,800,0.02,0.4,0.2,,8,0.3,0.2,2.0,20,0,0.5314245810055865,0.5319134078212291,0.571927374301676,120.0,2.033333333333333,0.016666666666666666,35.09045810437166,0.07054166666666667,0.9986876640419947,48,1.5773638580788596,0.445596958698567,0.9773638580788596,0.6582272725669528,1.0,Lloyd,0.0006995740625006875
rubble,Lloyd,60,800,0.02,0.4,0.2,,9,0.3,0.2,2.0,20,0,0.5027932960893855,0.5022695530726258,0.5481843575418994,80.0,1.9166666666666667,0.06666666666666667,35.84408188179503,0.07639583333333333,0.9944751381215469,48,1.5284039656214896,0.47360561787535105,0.9284039656214897,0.7364528005288029,1.0,Lloyd,0.0007152142187510435
rubble,Lloyd,60,800,0.02,0.4,0.2,,10,0.3,0.2,2.0,20,0,0.5237430167597765,0.5242318435754191,0.5810055865921788,120.0,1.7,0.05,36.485626721473864,0.042,0.929368029739777,49,1.6083940066090063,0.4894072754245278,1.0083940066090062,0.7817600975156053,1.0,Lloyd,0.0007045892187511526
rubble,Lloyd,60,800,0.02,0.4,0.2,,11,0.3,0.2,2.0,20,0,0.5405027932960894,0.540782122905028,0.5768156424581006,140.0,2.066666666666667,0.1,36.719604855541434,0.05708333333333333,1.010443864229765,54,1.4354638447084835,0.38395401943669866,0.8354638447084837,0.6664365675947062,1.0,Lloyd,0.0007011839062488434
rubble,Lloyd,60,800,0.02,0.4,0.2,,12,0.3,0.2,2.0,20,0,0.5097765363128491,0.5091480446927373,0.5684357541899442,100.0,1.9166666666666667,0.03333333333333333,37.30308117902008,0.045083333333333336,0.9759358288770054,49,1.5502113382800264,0.5241659210376802,0.9502113382800264,0.7872967378329426,0.9591836734693877,Lloyd,0.0007364624999991065
rubble,Lloyd,60,800,0.02,0.4,0.2,,13,0.3,0.2,2.0,20,0,0.5195530726256983,0.5212290502793295,0.571927374301676,120.0,2.0166666666666666,0.08333333333333333,35.60540337864598,0.08333333333333333,0.9802371541501974,46,1.6606991020286421,0.5011600786900234,1.060699102028642,0.7757549593031692,1.0,Lloyd,0.0007110292187485356
rubble,Lloyd,60,800,0.02,0.4,0.2,,14,0.3,0.2,2.0,20,0,0.5167597765363129,0.5171089385474861,0.5635474860335196,80.0,1.9166666666666667,0.13333333333333333,34.90375269892927,0.06110416666666667,1.0150891632373116,49,1.5644045521699015,0.4628769568827217,0.9644045521699016,0.6472387375325023,1.0,Lloyd,0.0006929994274992168
rubble,Lloyd,60,800,0.02,0.4,0.2,,15,0.3,0.2,2.0,20,0,0.5293296089385475,0.5261173184357543,0.5677374301675978,100.0,2.35,0.08333333333333333,35.741985803630556,0.0611875,1.0631136044880787,48,1.589642142913549,0.43468925316400947,0.989642142913549,0.7141835311721138,1.0,Lloyd,0.0007135349999998653
rubble,Lloyd,60,800,0.02,0.4,0.2,,16,0.3,0.2,2.0,20,0,0.5041899441340782,0.4997905027932961,0.5621508379888268,100.0,1.5666666666666667,0.08333333333333333,36.00734794241777,0.05560416666666667,0.9756756756756757,44,1.665625859010892,0.4391703538269802,1.0656258590108922,0.7949887593936374,1.0,Lloyd,0.0006604885937485961
rubble,Lloyd,60,800,0.02,0.4,0.2,,17,0.3,0.2,2.0,20,0,0.571927374301676,0.5664455307262571,0.5886871508379888,100.0,1.65,0.1,36.64263619499416,0.0425,1.0581395348837208,49,1.5530932691131274,0.2514434498747371,0.9530932691131274,0.8786895991355722,1.0,Lloyd,0.0006922807812497922
rubble,Lloyd,60,800,0.02,0.4,0.2,,18,0.3,0.2,2.0,20,0,0.526536312849162,0.5243016759776535,0.5761173184357542,100.0,1.9833333333333334,0.1,34.5781327015803,0.06475,0.9960369881109643,43,1.6753879725726708,0.41569190269023953,1.0753879725726707,0.9125847505679671,1.0,Lloyd,0.0006749688549984967
rubble,Lloyd,60,800,0.02,0.4,0.2,,19,0.3,0.2,2.0,20,0,0.5328212290502793,0.5333798882681564,0.5824022346368715,100.0,1.6166666666666667,0.05,34.84012516312442,0.042645833333333334,0.9819819819819818,51,1.5199620995391747,0.4617639396256983,0.9199620995391747,0.6849464286164325,1.0,Lloyd,0.0007177816150010586
rubble,Lloyd,60,800,0.02,0.4,0.2,,20,0.3,0.2,2.0,20,0,0.526536312849162,0.5261173184357542,0.5768156424581006,120.0,1.7666666666666666,0.11666666666666667,34.478333650448135,0.062125,0.9729032258064516,47,1.6772155454465352,0.4764611111579551,1.077215545446535,0.8620984664402503,1.0,Lloyd,0.0006649995837506139
rubble,Lloyd,60,800,0.02,0.4,0.2,,21,0.3,0.2,2.0,20,0,0.5272346368715084,0.5262569832402234,0.5726256983240223,100.0,1.9833333333333334,0.16666666666666666,33.84672864825831,0.08233333333333333,1.012064343163539,47,1.6258889015380484,0.41724503844035726,1.025888901538048,0.8879543481331565,1.0,Lloyd,0.0006689660412484955
rubble,Lloyd,60,800,0.02,0.4,0.2,,22,0.3,0.2,2.0,20,0,0.5062849162011173,0.5027583798882682,0.5607541899441341,80.0,1.95,0.18333333333333332,34.79147440168993,0.06904166666666667,0.9823848238482383,47,1.5615351962976571,0.5382573064912195,0.9615351962976572,0.645253816832679,1.0,Lloyd,0.000665522864999275
rubble,Lloyd,60,800,0.02,0.4,0.2,,23,0.3,0.2,2.0,20,0,0.5314245810055865,0.521054469273743,0.571927374301676,80.0,1.8166666666666667,0.016666666666666666,32.87404914392983,0.12754166666666666,1.080965909090909,44,1.6862828637498033,0.45429806389685323,1.0862828637498032,0.8420601424706662,1.0,Lloyd,0.0006981926049979847
rubble,Lloyd,60,800,0.02,0.4,0.2,,24,0.3,0.2,2.0,20,0,0.5062849162011173,0.5017108938547488,0.5565642458100558,80.0,1.75,0.08333333333333333,36.0142802503131,0.06089583333333334,1.0431654676258992,48,1.5596927725887557,0.524658121967471,0.9596927725887557,0.6700770669221342,1.0,Lloyd,0.0006806544799997028
rubble,Lloyd,60,800,0.02,0.4,0.2,,27,0.3,0.2,2.0,20,0,0.5146648044692738,0.5114525139664804,0.571927374301676,100.0,1.8666666666666667,0.08333333333333333,35.302873898835585,0.03866666666666667,0.9748677248677249,41,1.7132863921457389,0.4648605004734578,1.113286392145739,0.9300579681309337,1.0,Lloyd,0.0006492377599988685
rubble,Lloyd,60,800,0.02,0.4,0.2,,25,0.3,0.2,2.0,20,0,0.48463687150837986,0.48271648044692733,0.5446927374301676,80.0,2.7666666666666666,0.2,35.04568451638043,0.0885,1.0,51,1.4825202987040618,0.5894332783069972,0.8825202987040621,0.6632649178477817,1.0,Lloyd,0.000730557812501047
rubble,Lloyd,60,800,0.02,0.4,0.2,,26,0.3,0.2,2.0,20,0,0.5118715083798883,0.5103351955307263,0.5614525139664804,100.0,1.9166666666666667,0.06666666666666667,35.98806217803027,0.05610416666666666,1.0367751060820367,50,1.5207473638771682,0.5041103799979764,0.9207473638771687,0.688853421058753,1.0,Lloyd,0.0006996807812515726
rubble,Lloyd,60,800,0.02,0.4,0.2,,28,0.3,0.2,2.0,20,0,0.5237430167597765,0.5198673184357543,0.5837988826815642,100.0,2.066666666666667,0.05,33.49541074551606,0.1271875,0.9881422924901184,53,1.5105871686220562,0.509140426224422,0.9105871686220566,0.8563389870793557,0.9433962264150944,Lloyd,0.0007146614062503432
rubble,Lloyd,60,800,0.02,0.8,0.2,,0,0.3,0.2,2.0,20,0,0.5544692737430168,0.553282122905028,0.5893854748603352,140.0,1.8333333333333333,0.11666666666666667,34.93623275981925,0.044895833333333336,0.9863354037267081,46,1.6117417984986055,0.3364368753004826,1.0117417984986061,0.7700774021684748,1.0,Lloyd,0.0006428753124987452
rubble,Lloyd,60,800,0.02,0.4,0.2,,29,0.3,0.2,2.0,20,0,0.5006983240223464,0.5008379888268156,0.5544692737430168,100.0,2.316666666666667,0.4166666666666667,33.20238523627163,0.14914583333333334,0.9986072423398329,52,1.4861767847966367,0.5538970749644196,0.8861767847966362,0.6752767772730873,0.9423076923076923,Lloyd,0.0007412798962491251
rubble,Lloyd,60,800,0.02,0.8,0.2,,1,0.3,0.2,2.0,20,0,0.5286312849162011,0.5268854748603352,0.5726256983240223,100.0,1.8,0.06666666666666667,34.12624364618771,0.05520833333333333,0.9908376963350787,49,1.5870061556524195,0.4420270944643998,0.9870061556524196,0.8695795119505195,1.0,Lloyd,0.0006875531762489118
rubble,Lloyd,60,800,0.02,0.8,0.2,,3,0.3,0.2,2.0,20,0,0.4790502793296089,0.4800977653631285,0.5551675977653632,80.0,1.95,0.5666666666666667,34.06534921754127,0.051,0.9436038514442916,44,1.6058487482271169,0.5115650202870629,1.005848748227117,0.8012472964426229,1.0,Lloyd,0.0006563681774991892
rubble,Lloyd,60,800,0.02,0.8,0.2,,2,0.3,0.2,2.0,20,0,0.5335195530726257,0.5333100558659218,0.5726256983240223,100.0,2.1333333333333333,0.1,37.15046700699681,0.048541666666666664,1.0119205298013243,54,1.455439628826258,0.4365937779257718,0.8554396288262582,0.6538407676566309,1.0,Lloyd,0.000665663332499662
rubble,Lloyd,60,800,0.02,0.8,0.2,,6,0.3,0.2,2.0,20,0,0.5607541899441341,0.5589036312849162,0.5831005586592178,200.0,1.7666666666666666,0.11666666666666667,35.24346120785003,0.06847916666666666,0.985276073619632,45,1.6770406242041793,0.2703846464921124,1.0770406242041795,0.9498106183432767,1.0,Lloyd,0.0006312928124998507
rubble,Lloyd,60,800,0.02,0.8,0.2,,4,0.3,0.2,2.0,20,0,0.5083798882681564,0.5056215083798883,0.5649441340782123,80.0,1.8833333333333333,0.06666666666666667,34.36775436398873,0.06847916666666666,0.9972602739726028,48,1.5504672065432217,0.5100902930080347,0.9504672065432215,0.6561043321286038,1.0,Lloyd,0.0006804234374999396
rubble,Lloyd,60,800,0.02,0.8,0.2,,5,0.3,0.2,2.0,20,0,0.5607541899441341,0.561522346368715,0.5865921787709497,200.0,1.75,0.1,37.43712454859773,0.08070833333333334,0.9950433705080545,51,1.5242564049595781,0.34734435930188656,0.9242564049595784,0.8989136421710492,1.0,Lloyd,0.0007032013012485549
rubble,Lloyd,60,800,0.02,0.8,0.2,,7,0.3,0.2,2.0,20,0,0.5523743016759777,0.5493016759776534,0.5858938547486033,120.0,1.8833333333333333,0.05,36.29354232428598,0.059625,0.9801734820322181,50,1.5679111837425261,0.3129292333380345,0.9679111837425265,0.7856329942508459,1.0,Lloyd,0.0006493243750014699
rubble,Lloyd,60,800,0.02,0.8,0.2,,8,0.3,0.2,2.0,20,0,0.5314245810055865,0.5319134078212291,0.571927374301676,120.0,2.033333333333333,0.016666666666666666,35.09045810437166,0.07054166666666667,0.9986876640419947,48,1.5773638580788596,0.445596958698567,0.9773638580788596,0.6582272725669528,1.0,Lloyd,0.0006969024999989415
rubble,Lloyd,60,800,0.02,0.8,0.2,,9,0.3,0.2,2.0,20,0,0.5027932960893855,0.5022695530726258,0.5481843575418994,80.0,1.9166666666666667,0.06666666666666667,35.84408188179503,0.07639583333333333,0.9944751381215469,48,1.5284039656214896,0.47360561787535105,0.9284039656214897,0.7364528005288029,1.0,Lloyd,0.0006975969787504255
rubble,Lloyd,60,800,0.02,0.8,0.2,,10,0.3,0.2,2.0,20,0,0.5237430167597765,0.5242318435754191,0.5810055865921788,120.0,1.7,0.05,36.485626721473864,0.042,0.929368029739777,49,1.6083940066090063,0.4894072754245278,1.0083940066090062,0.7817600975156053,1.0,Lloyd,0.0006925256762497157
rubble,Lloyd,60,800,0.02,0.8,0.2,,11,0.3,0.2,2.0,20,0,0.5405027932960894,0.540782122905028,0.5768156424581006,140.0,2.066666666666667,0.1,36.719604855541434,0.05708333333333333,1.010443864229765,54,1.4354638447084835,0.38395401943669866,0.8354638447084837,0.6664365675947062,1.0,Lloyd,0.0006943631775016001
rubble,Lloyd,60,800,0.02,0.8,0.2,,12,0.3,0.2,2.0,20,0,0.5097765363128491,0.5091480446927373,0.5684357541899442,100.0,1.9166666666666667,0.03333333333333333,37.30308117902008,0.045083333333333336,0.9759358288770054,49,1.5502113382800264,0.5241659210376802,0.9502113382800264,0.7872967378329426,0.9591836734693877,Lloyd,0.0007072813537502043
rubble,Lloyd,60,800,0.02,0.8,0.2,,13,0.3,0.2,2.0,20,0,0.5195530726256983,0.5212290502793295,0.571927374301676,120.0,2.0166666666666666,0.08333333333333333,35.60540337864598,0.08333333333333333,0.9802371541501974,46,1.6606991020286421,0.5011600786900234,1.060699102028642,0.7757549593031692,1.0,Lloyd,0.0006812092187487906
rubble,Lloyd,60,800,0.02,0.8,0.2,,14,0.3,0.2,2.0,20,0,0.5167597765363129,0.5171089385474861,0.5635474860335196,80.0,1.9166666666666667,0.13333333333333333,34.90375269892927,0.06110416666666667,1.0150891632373116,49,1.5644045521699015,0.4628769568827217,0.9644045521699016,0.6472387375325023,1.0,Lloyd,0.0006820407812506346
rubble,Lloyd,60,800,0.02,0.8,0.2,,15,0.3,0.2,2.0,20,0,0.5293296089385475,0.5261173184357543,0.5677374301675978,100.0,2.35,0.08333333333333333,35.741985803630556,0.0611875,1.0631136044880787,48,1.589642142913549,0.43468925316400947,0.989642142913549,0.7141835311721138,1.0,Lloyd,0.0006699661449988526
rubble,Lloyd,60,800,0.02,0.8,0.2,,16,0.3,0.2,2.0,20,0,0.5041899441340782,0.4997905027932961,0.5621508379888268,100.0,1.5666666666666667,0.08333333333333333,36.00734794241777,0.05560416666666667,0.9756756756756757,44,1.665625859010892,0.4391703538269802,1.0656258590108922,0.7949887593936374,1.0,Lloyd,0.0006699590624998563
rubble,Lloyd,60,800,0.02,0.8,0.2,,17,0.3,0.2,2.0,20,0,0.571927374301676,0.5664455307262571,0.5886871508379888,100.0,1.65,0.1,36.64263619499416,0.0425,1.0581395348837208,49,1.5530932691131274,0.2514434498747371,0.9530932691131274,0.8786895991355722,1.0,Lloyd,0.0006526729687493571
rubble,Lloyd,60,800,0.02,0.8,0.2,,18,0.3,0.2,2.0,20,0,0.526536312849162,0.5243016759776535,0.5761173184357542,100.0,1.9833333333333334,0.1,34.5781327015803,0.06475,0.9960369881109643,43,1.6753879725726708,0.41569190269023953,1.0753879725726707,0.9125847505679671,1.0,Lloyd,0.0006724598437517671
rubble,Lloyd,60,800,0.02,0.8,0.2,,20,0.3,0.2,2.0,20,0,0.526536312849162,0.5261173184357542,0.5768156424581006,120.0,1.7666666666666666,0.11666666666666667,34.478333650448135,0.062125,0.9729032258064516,47,1.6772155454465352,0.4764611111579551,1.077215545446535,0.8620984664402503,1.0,Lloyd,0.0006572728637502224
rubble,Lloyd,60,800,0.02,0.8,0.2,,19,0.3,0.2,2.0,20,0,0.5328212290502793,0.5333798882681564,0.5824022346368715,100.0,1.6166666666666667,0.05,34.84012516312442,0.042645833333333334,0.9819819819819818,51,1.5199620995391747,0.4617639396256983,0.9199620995391747,0.6849464286164325,1.0,Lloyd,0.0006823155724987373
rubble,Lloyd,60,800,0.02,0.8,0.2,,21,0.3,0.2,2.0,20,0,0.5272346368715084,0.5262569832402234,0.5726256983240223,100.0,1.9833333333333334,0.16666666666666666,33.84672864825831,0.08233333333333333,1.012064343163539,47,1.6258889015380484,0.41724503844035726,1.025888901538048,0.8879543481331565,1.0,Lloyd,0.000690458073750051
rubble,Lloyd,60,800,0.02,0.8,0.2,,22,0.3,0.2,2.0,20,0,0.5062849162011173,0.5027583798882682,0.5607541899441341,80.0,1.95,0.18333333333333332,34.79147440168993,0.06904166666666667,0.9823848238482383,47,1.5615351962976571,0.5382573064912195,0.9615351962976572,0.645253816832679,1.0,Lloyd,0.0006777519274987754
rubble,Lloyd,60,800,0.02,0.8,0.2,,24,0.3,0.2,2.0,20,0,0.5062849162011173,0.5017108938547488,0.5565642458100558,80.0,1.75,0.08333333333333333,36.0142802503131,0.06089583333333334,1.0431654676258992,48,1.5596927725887557,0.524658121967471,0.9596927725887557,0.6700770669221342,1.0,Lloyd,0.0006559334374992431
rubble,Lloyd,60,800,0.02,0.8,0.2,,23,0.3,0.2,2.0,20,0,0.5314245810055865,0.521054469273743,0.571927374301676,80.0,1.8166666666666667,0.016666666666666666,32.87404914392983,0.12754166666666666,1.080965909090909,44,1.6862828637498033,0.45429806389685323,1.0862828637498032,0.8420601424706662,1.0,Lloyd,0.0007028231762501491
rubble,Lloyd,60,800,0.02,0.8,0.2,,25,0.3,0.2,2.0,20,0,0.48463687150837986,0.48271648044692733,0.5446927374301676,80.0,2.7666666666666666,0.2,35.04568451638043,0.0885,1.0,51,1.4825202987040618,0.5894332783069972,0.8825202987040621,0.6632649178477817,1.0,Lloyd,0.0006322521350011812
rubble,Lloyd,60,800,0.02,0.8,0.2,,26,0.3,0.2,2.0,20,0,0.5118715083798883,0.5103351955307263,0.5614525139664804,100.0,1.9166666666666667,0.06666666666666667,35.98806217803027,0.05610416666666666,1.0367751060820367,50,1.5207473638771682,0.5041103799979764,0.9207473638771687,0.688853421058753,1.0,Lloyd,0.0006013272912491629
rubble,Lloyd,60,800,0.02,0.8,0.2,,27,0.3,0.2,2.0,20,0,0.5146648044692738,0.5114525139664804,0.571927374301676,100.0,1.8666666666666667,0.08333333333333333,35.302873898835585,0.03866666666666667,0.9748677248677249,41,1.7132863921457389,0.4648605004734578,1.113286392145739,0.9300579681309337,1.0,Lloyd,0.0005453874475006159
rubble,Lloyd,60,800,0.02,0.8,0.2,,28,0.3,0.2,2.0,20,0,0.5237430167597765,0.5198673184357543,0.5837988826815642,100.0,2.066666666666667,0.05,33.49541074551606,0.1271875,0.9881422924901184,53,1.5105871686220562,0.509140426224422,0.9105871686220566,0.8563389870793557,0.9433962264150944,Lloyd,0.0005555919800008268
rubble,Lloyd,60,800,0.02,0.8,0.2,,29,0.3,0.2,2.0,20,0,0.5006983240223464,0.5008379888268156,0.5544692737430168,100.0,2.316666666666667,0.4166666666666667,33.20238523627163,0.14914583333333334,0.9986072423398329,52,1.4861767847966367,0.5538970749644196,0.8861767847966362,0.6752767772730873,0.9423076923076923,Lloyd,0.0005561468749988308
