plan,controller,n_agents,steps,sway,sensor_noise,fail_frac,fail_step,seed,radius,vmax,cover_r,series_every,record_every,coverage,coverage_mean_2nd_half,explored,t90,collisions_per_agent,wall_hits_per_agent,path_per_agent,contact_frac,post_over_pre_fail,n_final,nn_mean,evenness_cv,gap_mean,gap_median,shyness,variant,sec_per_step
apartment,RW,10,800,0.02,0.05,0.2,,0,0.3,0.2,2.0,20,0,0.16145833333333334,0.15957031250000003,0.6328125,280.0,2.5,0.4,50.61443479294992,0.051375,0.905109489051095,10,5.029736094205996,0.4875294673563939,4.429736094205995,4.929709158755011,1.0,RW,0.0006840579687491299
apartment,RW,10,800,0.02,0.05,0.2,,3,0.3,0.2,2.0,20,0,0.14908854166666666,0.13430989583333333,0.67578125,80.0,1.8,0.7,51.91337263470962,0.040625,1.106280193236715,8,6.040828440264273,0.31658641274528826,5.440828440264274,4.7631944711375445,1.0,RW,0.0006704855725001835
apartment,RW,10,800,0.02,0.05,0.2,,2,0.3,0.2,2.0,20,0,0.13932291666666666,0.12376302083333332,0.7265625,120.0,1.8,1.0,55.541754105037015,0.048625,0.9727272727272728,8,3.8445826330323642,0.6227104063514913,3.2445826330323646,2.293657925365175,1.0,RW,0.0006817385937506515
apartment,RW,10,800,0.02,0.05,0.2,,4,0.3,0.2,2.0,20,0,0.15690104166666666,0.1427083333333333,0.6341145833333334,340.0,1.5,0.6,48.71883610829819,0.052,0.8827838827838828,9,3.0569971059944008,0.49584344426600435,2.456997105994401,2.4939766298628987,1.0,RW,0.0006842946350002422
apartment,RW,10,800,0.02,0.05,0.2,,1,0.3,0.2,2.0,20,0,0.134765625,0.13024088541666667,0.544921875,120.0,2.3,0.2,60.08292156131072,0.057125,0.9583333333333334,8,3.216055530804531,0.5781092049531873,2.6160555308045312,2.451978421055233,1.0,RW,0.0007038242712519605
apartment,RW,10,800,0.02,0.05,0.2,,7,0.3,0.2,2.0,20,0,0.14322916666666666,0.1450520833333333,0.62890625,140.0,1.8,0.6,61.919910963833864,0.0495,1.1224489795918366,9,4.698634909114423,0.6394078056298759,4.098634909114423,4.01907609833022,1.0,RW,0.0006891274474992315
apartment,RW,10,800,0.02,0.05,0.2,,8,0.3,0.2,2.0,20,0,0.12044270833333333,0.13606770833333337,0.6197916666666666,240.0,2.2,1.1,59.507373132875344,0.05,0.5709876543209876,8,4.710462369513179,0.6837648364820073,4.110462369513178,2.909022503123171,1.0,RW,0.0007038457287490018
apartment,RW,10,800,0.02,0.05,0.2,,5,0.3,0.2,2.0,20,0,0.13606770833333334,0.14287109375,0.7623697916666666,120.0,0.9,0.4,50.19804803310101,0.040375,0.7857142857142857,9,3.8741833941085337,1.0079274970890892,3.274183394108534,0.3789890020336969,1.0,RW,0.0007317785937493681
apartment,RW,10,800,0.02,0.05,0.2,,6,0.3,0.2,2.0,20,0,0.13151041666666666,0.12317708333333333,0.4954427083333333,160.0,2.2,0.5,57.85180519154011,0.052875,0.7651515151515151,8,3.6182709994393245,0.5321585155895715,3.0182709994393244,1.9580522570871495,1.0,RW,0.0007228710937488359
apartment,RW,10,800,0.02,0.05,0.2,,11,0.3,0.2,2.0,20,0,0.13932291666666666,0.136328125,0.5611979166666666,120.0,2.0,0.2,40.29891456568993,0.033,0.8879668049792531,9,5.073084446371173,0.4968643999435686,4.473084446371172,4.251793738565267,1.0,RW,0.0003325887500000135
apartment,RW,10,800,0.02,0.05,0.2,,10,0.3,0.2,2.0,20,0,0.150390625,0.16100260416666667,0.6015625,140.0,1.7,0.8,50.68982217272629,0.044,0.9705882352941178,10,3.045650143544767,0.7665687144693232,2.445650143544767,1.9714684919913672,0.8,RW,0.00035950369750025856
apartment,RW,10,800,0.02,0.05,0.2,,9,0.3,0.2,2.0,20,0,0.12890625,0.136328125,0.4993489583333333,100.0,2.8,0.1,61.74159469866102,0.0585,0.685121107266436,9,3.2275235410098753,0.6765507628473424,2.627523541009875,2.511776070304235,1.0,RW,0.0003669447399988712
apartment,RW,10,800,0.02,0.05,0.2,,13,0.3,0.2,2.0,20,0,0.11263020833333333,0.12216796875,0.685546875,220.0,2.3,0.4,49.70123580658371,0.051875,0.742489270386266,7,5.783092591683124,0.43864094877676374,5.183092591683123,5.417193236798214,1.0,RW,0.00034268302124928595
apartment,RW,10,800,0.02,0.05,0.2,,12,0.3,0.2,2.0,20,0,0.12955729166666666,0.14759114583333333,0.69921875,80.0,2.3,0.5,53.08557700398634,0.047375,0.8291666666666666,8,5.585729408222989,0.14243941479096825,4.98572940822299,5.31373493142638,1.0,RW,0.0003599269274991457
apartment,RW,10,800,0.02,0.05,0.2,,14,0.3,0.2,2.0,20,0,0.14713541666666666,0.14671223958333332,0.68359375,100.0,2.6,0.8,48.34359478139818,0.050625,0.9300411522633745,9,5.214565066954961,0.5758006578240324,4.614565066954961,5.540473073806494,1.0,RW,0.0003627393237502474
apartment,RW,10,800,0.02,0.05,0.2,,17,0.3,0.2,2.0,20,0,0.13671875,0.13489583333333333,0.724609375,80.0,1.4,0.4,46.64994192321727,0.02775,0.929203539823009,9,5.759437964062801,0.6628657605856615,5.159437964062802,2.4528118323064483,1.0,RW,0.00034099286500122617
apartment,RW,10,800,0.02,0.05,0.2,,15,0.3,0.2,2.0,20,0,0.1015625,0.09814453125000001,0.4453125,200.0,3.1,0.4,46.332022594711205,0.058125,0.7155963302752293,6,3.50695737250178,0.7235003607331547,2.9069573725017808,2.7091777119091756,1.0,RW,0.00036327572875052285
apartment,RW,10,800,0.02,0.05,0.2,,16,0.3,0.2,2.0,20,0,0.13346354166666666,0.12347005208333332,0.6295572916666666,140.0,2.1,0.4,52.25908200577087,0.051625,0.7068965517241379,8,5.828864991664465,0.3050845801171902,5.228864991664465,5.115068257352824,1.0,RW,0.0003689786449990606
apartment,RW,10,800,0.02,0.05,0.2,,18,0.3,0.2,2.0,20,0,0.15755208333333334,0.16695963541666667,0.5852864583333334,80.0,2.1,0.6,56.16375882832847,0.05925,1.1152073732718895,10,3.87271580231002,0.5046323545420922,3.27271580231002,4.474581706716557,1.0,RW,0.0003625584375004109
apartment,RW,10,800,0.02,0.05,0.2,,20,0.3,0.2,2.0,20,0,0.1171875,0.11927083333333333,0.615234375,160.0,1.7,1.0,49.93667255605625,0.0455,0.6741573033707865,7,6.51758193918765,0.33968648844021176,5.917581939187649,4.373280445728789,1.0,RW,0.0003369670312508788
apartment,RW,10,800,0.02,0.05,0.2,,19,0.3,0.2,2.0,20,0,0.103515625,0.1060546875,0.5,280.0,1.6,0.4,43.00183153478157,0.045125,0.7066666666666667,7,5.802829709601127,0.44605321780782603,5.202829709601127,6.761714124549964,1.0,RW,0.00034720817749985146
apartment,RW,10,800,0.02,0.05,0.2,,22,0.3,0.2,2.0,20,0,0.08854166666666667,0.08766276041666668,0.556640625,320.0,1.5,0.2,40.708857476927406,0.041625,0.5643153526970955,6,5.245467749551136,0.48392486784904565,4.645467749551137,4.297809443377158,1.0,RW,0.00034089671874880877
apartment,RW,10,800,0.02,0.05,0.2,,21,0.3,0.2,2.0,20,0,0.12760416666666666,0.12633463541666665,0.591796875,220.0,2.0,0.6,47.59846930582758,0.0455,0.9514563106796116,8,5.9528284768380475,0.40014377970200016,5.352828476838047,5.710043234198415,1.0,RW,0.00036904291624978214
apartment,RW,10,800,0.02,0.05,0.2,,23,0.3,0.2,2.0,20,0,0.18489583333333334,0.16064453125,0.6256510416666666,100.0,1.3,0.3,58.21894332479737,0.0325,1.3087557603686637,10,5.2367581171445705,0.354203465068772,4.636758117144572,4.590940071649878,1.0,RW,0.00034640708249980887
apartment,RW,10,800,0.02,0.05,0.2,,26,0.3,0.2,2.0,20,0,0.18359375,0.13968098958333333,0.49609375,140.0,2.1,0.4,43.00970297777859,0.048,1.1898734177215189,9,6.0483167075443145,0.22368633879576297,5.448316707544315,5.038138908311124,1.0,RW,0.0003375772399999732
apartment,RW,10,800,0.02,0.05,0.2,,25,0.3,0.2,2.0,20,0,0.15690104166666666,0.1524739583333333,0.650390625,280.0,1.4,0.5,46.85078626585465,0.0455,0.9377431906614785,9,4.692071398333783,0.37669137518089757,4.092071398333783,5.251895942836316,1.0,RW,0.0003627356250012781
apartment,RW,10,800,0.02,0.05,0.2,,24,0.3,0.2,2.0,20,0,0.15364583333333334,0.14443359375,0.5768229166666666,140.0,2.3,0.4,64.57970734940393,0.059125,0.7919463087248323,9,3.264245328373483,0.8572277267943429,2.6642453283734837,1.717693863078475,1.0,RW,0.0003875857287494
apartment,RW,10,800,0.02,0.05,0.2,,27,0.3,0.2,2.0,20,0,0.14908854166666666,0.15598958333333332,0.6471354166666666,100.0,2.0,0.4,60.068749319583574,0.048625,0.9744680851063829,10,2.5172715995608734,0.9774934090565032,1.9172715995608733,1.4951389402184807,0.8,RW,0.0003476424487485019
apartment,RW,10,800,0.02,0.05,0.2,,29,0.3,0.2,2.0,20,0,0.107421875,0.11149088541666666,0.6985677083333334,120.0,1.4,0.4,46.16963663243029,0.0455,0.7081545064377682,7,4.797035179641861,0.49763877502814663,4.19703517964186,2.4267371197727705,1.0,RW,0.0003475710412521948
apartment,RW,30,800,0.02,0.05,0.2,,0,0.3,0.2,2.0,20,0,0.37890625,0.36562500000000003,0.96484375,220.0,3.6666666666666665,0.5333333333333333,58.95782717241538,0.09208333333333334,0.8533724340175953,25,2.067124863610271,0.5476306169816223,1.4671248636102712,1.55381428644696,1.0,RW,0.00045155916624935345
apartment,RW,30,800,0.02,0.05,0.2,,1,0.3,0.2,2.0,20,0,0.361328125,0.3354817708333333,0.8190104166666666,240.0,4.466666666666667,0.8,58.202549611565686,0.11166666666666666,0.9736842105263158,23,2.0115678059256057,0.43812418993421376,1.4115678059256056,1.4615741160438378,1.0,RW,0.0004364340624988472
apartment,RW,30,800,0.02,0.05,0.2,,2,0.3,0.2,2.0,20,0,0.3255208333333333,0.35384114583333337,0.9446614583333334,220.0,4.566666666666666,0.5333333333333333,60.96855823523476,0.1015,0.7374631268436578,24,2.167638533958059,0.8184597610277615,1.5676385339580587,0.8806522216542373,0.8333333333333334,RW,0.0004283302600015304
apartment,RW,10,800,0.02,0.05,0.2,,28,0.3,0.2,2.0,20,0,0.18294270833333334,0.16787109375,0.7669270833333334,200.0,1.5,0.4,57.006194676416854,0.05075,1.0643939393939394,9,5.016599826515809,0.37482654431138873,4.41659982651581,3.5175422119426663,1.0,RW,0.0004920661462506359
apartment,RW,30,800,0.02,0.05,0.2,,5,0.3,0.2,2.0,20,0,0.3828125,0.3667643229166667,0.8157552083333334,340.0,4.633333333333334,0.8333333333333334,61.51679266311376,0.13520833333333335,0.9453376205787781,26,2.4895533074787246,0.7183873538087535,1.8895533074787247,1.2281909994334221,1.0,RW,0.00044144135375063343
apartment,RW,30,800,0.02,0.05,0.2,,3,0.3,0.2,2.0,20,0,0.3997395833333333,0.38372395833333334,0.90625,280.0,5.1,0.7666666666666667,65.49140913748614,0.12729166666666666,1.0284757118927972,26,2.327489600744165,0.6827143895479068,1.727489600744165,1.2339976535073047,0.9230769230769231,RW,0.0004693163024990099
apartment,RW,30,800,0.02,0.05,0.2,,4,0.3,0.2,2.0,20,0,0.3483072916666667,0.3398111979166667,0.875,240.0,3.033333333333333,0.8666666666666667,52.29641235838782,0.08833333333333333,0.7764876632801162,23,2.3590433054764306,0.7406547409194519,1.7590433054764305,1.5214714341798952,0.8260869565217391,RW,0.00045518786499997076
apartment,RW,30,800,0.02,0.05,0.2,,6,0.3,0.2,2.0,20,0,0.4244791666666667,0.3689778645833333,0.890625,280.0,4.833333333333333,0.6666666666666666,62.014201089547534,0.12258333333333334,0.9261363636363638,24,2.7359600498382597,0.5480390388584976,2.13596004983826,2.087253988464349,1.0,RW,0.0004433554162483233
apartment,RW,30,800,0.02,0.05,0.2,,7,0.3,0.2,2.0,20,0,0.33984375,0.3821940104166667,0.8626302083333334,180.0,4.8,0.8666666666666667,62.49777263618417,0.129,0.87,27,1.9395249172655153,0.7220957826763434,1.3395249172655155,1.137704184129277,1.0,RW,0.0004565388012497351
apartment,RW,30,800,0.02,0.05,0.2,,8,0.3,0.2,2.0,20,0,0.4108072916666667,0.3831380208333333,0.87890625,360.0,3.8333333333333335,0.6666666666666666,53.68167688045267,0.08725,0.9503012048192772,26,2.0420636918125106,0.5819989034904703,1.4420636918125103,1.3731698925809654,1.0,RW,0.0004790772912497232
apartment,RW,30,800,0.02,0.05,0.2,,10,0.3,0.2,2.0,20,0,0.3665364583333333,0.34921875,0.951171875,280.0,4.533333333333333,0.5666666666666667,58.56467616052285,0.10779166666666666,0.8195050946142649,23,2.3315481913275202,0.6311860740818004,1.73154819132752,1.6655946419763934,1.0,RW,0.0004703065624994451
apartment,RW,30,800,0.02,0.05,0.2,,9,0.3,0.2,2.0,20,0,0.3359375,0.3552083333333333,0.9296875,220.0,4.066666666666666,0.5666666666666667,58.102386105103285,0.11133333333333334,0.882051282051282,24,2.032679317832134,0.8087796858956364,1.4326793178321335,0.9301618940194254,0.8333333333333334,RW,0.00047860223874977235
apartment,RW,30,800,0.02,0.05,0.2,,11,0.3,0.2,2.0,20,0,0.4817708333333333,0.4027669270833334,0.9049479166666666,220.0,3.6333333333333333,0.8,64.84496096365208,0.10070833333333333,1.1111111111111112,27,1.9677286523386401,0.6149458598735468,1.3677286523386403,0.7499241371786439,1.0,RW,0.00046617458375067147
apartment,RW,30,800,0.02,0.05,0.2,,13,0.3,0.2,2.0,20,0,0.314453125,0.33391927083333334,0.8606770833333334,300.0,4.833333333333333,0.9333333333333333,58.18391122778049,0.10970833333333334,0.7263157894736842,22,2.10669715143261,0.6932320907958588,1.5066971514326104,0.7693939160366288,1.0,RW,0.000447604843748195
apartment,RW,30,800,0.02,0.05,0.2,,14,0.3,0.2,2.0,20,0,0.3444010416666667,0.3662109375,0.9231770833333334,260.0,4.133333333333334,0.43333333333333335,58.287087522718245,0.10875,0.7236662106703147,24,2.317117718917769,0.6586480822451041,1.717117718917769,1.066326134895169,0.9166666666666666,RW,0.00045574187500051265
apartment,RW,30,800,0.02,0.05,0.2,,12,0.3,0.2,2.0,20,0,0.3984375,0.4025716145833333,0.9153645833333334,240.0,4.2,0.7,63.197551374715204,0.09533333333333334,0.9745222929936306,27,2.202541099404521,0.6465037790378142,1.6025410994045213,1.4765337532972382,0.9259259259259259,RW,0.00048216177125141255
apartment,RW,30,800,0.02,0.05,0.2,,15,0.3,0.2,2.0,20,0,0.3522135416666667,0.3491536458333333,0.7571614583333334,200.0,4.733333333333333,0.7666666666666667,59.21918739176753,0.114125,0.9890310786106032,25,1.954741807599338,0.6962242090941214,1.354741807599338,0.6971578776314794,0.84,RW,0.0004756688537509035
apartment,RW,30,800,0.02,0.05,0.2,,16,0.3,0.2,2.0,20,0,0.3424479166666667,0.3300130208333334,0.7994791666666666,320.0,4.966666666666667,0.7,59.44355256646671,0.10966666666666666,0.7945619335347432,23,1.9697716377790508,0.4810035869194943,1.3697716377790505,1.052407401845112,1.0,RW,0.00046314151124988713
apartment,RW,30,800,0.02,0.05,0.2,,18,0.3,0.2,2.0,20,0,0.35546875,0.3646158854166667,0.9166666666666666,240.0,3.466666666666667,0.9333333333333333,58.39162830565242,0.081375,0.801762114537445,23,2.3630850757185433,0.7969093106428443,1.7630850757185443,1.098107126731409,1.0,RW,0.0004303032287498354
apartment,RW,30,800,0.02,0.05,0.2,,19,0.3,0.2,2.0,20,0,0.28515625,0.32395833333333335,0.8658854166666666,200.0,4.166666666666667,0.7666666666666667,55.48110880144089,0.098625,0.6728110599078341,22,2.2307866132953644,0.8484362226278795,1.6307866132953637,0.9080920679588524,1.0,RW,0.00045136302125001746
apartment,RW,30,800,0.02,0.05,0.2,,17,0.3,0.2,2.0,20,0,0.384765625,0.39531250000000007,0.9459635416666666,340.0,5.0,0.8666666666666667,62.02076992149332,0.12941666666666668,0.8382978723404255,27,1.9361133462457838,0.5823304152109875,1.336113346245784,1.1326520388398595,1.0,RW,0.0004669118749984591
apartment,RW,30,800,0.02,0.05,0.2,,20,0.3,0.2,2.0,20,0,0.3619791666666667,0.3200846354166667,0.8125,220.0,4.7,0.5,59.151336814022834,0.1235,0.9569707401032703,22,2.618540722346958,0.5228757622376659,2.0185407223469585,1.7726152539345297,1.0,RW,0.00045766624999941995
apartment,RW,30,800,0.02,0.05,0.2,,21,0.3,0.2,2.0,20,0,0.36328125,0.37333984375,0.876953125,240.0,5.633333333333334,0.6,61.043750635187266,0.126375,0.8611111111111112,25,1.7639062534211294,0.6341253073146256,1.1639062534211293,0.7975356029024073,0.92,RW,0.00044140900999991575
apartment,RW,30,800,0.02,0.05,0.2,,22,0.3,0.2,2.0,20,0,0.427734375,0.3888671875,0.7565104166666666,140.0,4.9,0.9333333333333333,66.62266376868583,0.10795833333333334,1.1774193548387097,27,2.0713855111012216,0.5048480334197873,1.4713855111012217,1.4552043670280814,1.0,RW,0.0004515897912483524
apartment,RW,30,800,0.02,0.05,0.2,,23,0.3,0.2,2.0,20,0,0.2942708333333333,0.31780598958333334,0.8697916666666666,240.0,3.7,0.6333333333333333,52.86754383276591,0.09391666666666666,0.7232,21,2.2610814619917528,0.8039476716566135,1.6610814619917524,0.6090726098625671,0.9047619047619048,RW,0.00046768416624900057
apartment,RW,30,800,0.02,0.05,0.2,,25,0.3,0.2,2.0,20,0,0.3619791666666667,0.33844401041666666,0.87109375,240.0,5.1,0.7666666666666667,60.0065725005276,0.11641666666666667,1.033457249070632,23,2.50754426517761,0.5852983935090799,1.9075442651776089,1.563082363056974,1.0,RW,0.0004305064062486963
apartment,RW,30,800,0.02,0.05,0.2,,24,0.3,0.2,2.0,20,0,0.3776041666666667,0.37685546875000003,0.9453125,260.0,4.133333333333334,0.7,60.03086821353595,0.10641666666666667,0.9034267912772586,25,2.4605148056862665,0.6894571765282896,1.8605148056862664,1.5561359390999163,1.0,RW,0.0004405960937515374
apartment,RW,30,800,0.02,0.05,0.2,,26,0.3,0.2,2.0,20,0,0.380859375,0.38564453125,0.7845052083333334,280.0,5.233333333333333,0.8,61.08658089991288,0.11741666666666667,0.9212598425196851,27,1.5882320668966075,0.6246944688578321,0.9882320668966075,0.381916703822343,0.8518518518518519,RW,0.0004486240624987658
apartment,RW,30,800,0.02,0.05,0.2,,28,0.3,0.2,2.0,20,0,0.3697916666666667,0.35833333333333334,0.84375,380.0,4.5,0.6,62.29869932535615,0.11570833333333333,0.7706919945725916,24,2.3591711005235747,0.6784277550175652,1.7591711005235744,1.5997654653320854,0.9166666666666666,RW,0.0004210142187503152
apartment,RW,30,800,0.02,0.05,0.2,,27,0.3,0.2,2.0,20,0,0.3763020833333333,0.3692708333333333,0.8671875,220.0,4.466666666666667,0.6333333333333333,61.89756133746346,0.10595833333333333,1.0644567219152854,24,2.5171213454195085,0.5758039395112924,1.9171213454195086,1.5651531104284793,0.9166666666666666,RW,0.00044821640625059445
apartment,RW,30,800,0.02,0.05,0.2,,29,0.3,0.2,2.0,20,0,0.3489583333333333,0.3701497395833333,0.8919270833333334,300.0,4.4,0.8666666666666667,59.96241894538117,0.12179166666666667,0.7507002801120448,25,2.2355767764121963,0.6925392161661034,1.6355767764121965,1.088509306691389,1.0,RW,0.0004554097400000501
apartment,RW,60,800,0.02,0.05,0.2,,0,0.3,0.2,2.0,20,0,0.607421875,0.56279296875,0.9641927083333334,260.0,7.466666666666667,0.5333333333333333,64.4269635959782,0.17297916666666666,0.9201183431952663,48,1.521210123346803,0.6074753315494755,0.9212101233468027,0.6599633545034105,0.9166666666666666,RW,0.0005606041674991502
apartment,RW,60,800,0.02,0.05,0.2,,1,0.3,0.2,2.0,20,0,0.580078125,0.5250325520833334,0.8958333333333334,220.0,8.316666666666666,0.5166666666666667,60.77439371714344,0.18977083333333333,1.0148063781321184,47,1.5898783563181507,0.6702722349378453,0.9898783563181502,0.842335263920705,0.8723404255319149,RW,0.0005652022387494071
apartment,RW,60,800,0.02,0.05,0.2,,2,0.3,0.2,2.0,20,0,0.5657552083333334,0.5493489583333333,0.935546875,260.0,8.35,0.7833333333333333,63.23061300120535,0.19195833333333334,1.0546116504854368,49,1.2715008652702955,0.6688378470535661,0.6715008652702954,0.30383629901777787,0.8775510204081632,RW,0.0005858629162503349
apartment,RW,60,800,0.02,0.05,0.2,,3,0.3,0.2,2.0,20,0,0.595703125,0.6297526041666667,0.9759114583333334,340.0,7.716666666666667,0.7166666666666667,65.92511877381762,0.18729166666666666,1.0189309576837418,52,1.4736470207360362,0.6242589618931933,0.8736470207360363,0.7624941298116017,0.9230769230769231,RW,0.000588402864998443
apartment,RW,60,800,0.02,0.05,0.2,,4,0.3,0.2,2.0,20,0,0.6100260416666666,0.5844726562499999,0.9322916666666666,260.0,7.683333333333334,0.5833333333333334,63.44000912924113,0.19122916666666667,1.049272116461366,48,1.578345636975935,0.7316122226380295,0.978345636975935,0.4093226035680474,0.875,RW,0.0005860497399999076
apartment,RW,60,800,0.02,0.05,0.2,,5,0.3,0.2,2.0,20,0,0.6022135416666666,0.5522786458333334,0.900390625,260.0,6.816666666666666,0.6,58.98332960970404,0.183375,1.0559360730593608,45,1.5593817344478007,0.6774616895841727,0.9593817344478006,0.6879310001668134,0.9555555555555556,RW,0.000565686822499174
apartment,RW,60,800,0.02,0.05,0.2,,7,0.3,0.2,2.0,20,0,0.525390625,0.5185221354166667,0.9635416666666666,320.0,8.05,0.75,61.6091429210654,0.18395833333333333,0.8917127071823204,46,1.4130107657055857,0.5185886755172474,0.8130107657055857,0.6706528377557697,1.0,RW,0.0005502164062500015
apartment,RW,60,800,0.02,0.05,0.2,,6,0.3,0.2,2.0,20,0,0.5598958333333334,0.5560872395833334,0.9427083333333334,340.0,7.783333333333333,0.55,57.54106700927938,0.19639583333333333,0.979498861047836,44,1.5680308223181476,0.7064726494174142,0.9680308223181474,0.7427705581832883,0.8181818181818182,RW,0.0005761127612481687
apartment,RW,60,800,0.02,0.05,0.2,,8,0.3,0.2,2.0,20,0,0.5970052083333334,0.49189453125,0.8899739583333334,140.0,8.633333333333333,0.7,60.393365128667284,0.20072916666666665,1.2789400278940029,45,1.6348643030079817,0.5379553514959154,1.0348643030079818,0.9984130546311593,0.9111111111111111,RW,0.0005663738012503928
apartment,RW,60,800,0.02,0.05,0.2,,9,0.3,0.2,2.0,20,0,0.5442708333333334,0.54501953125,0.8860677083333334,340.0,7.15,0.5333333333333333,61.931701994950934,0.16879166666666667,0.9609195402298851,45,1.5241215379903774,0.7086694783627804,0.9241215379903777,0.337907634227803,0.9555555555555556,RW,0.0005647652612492493
apartment,RW,60,800,0.02,0.05,0.2,,10,0.3,0.2,2.0,20,0,0.58984375,0.51064453125,0.9049479166666666,320.0,7.9,0.4666666666666667,61.50838370194525,0.19408333333333333,1.0342465753424657,44,1.7188800421274366,0.6445710226224481,1.1188800421274365,0.7918861407222075,0.9090909090909091,RW,0.000572385000000395
apartment,RW,60,800,0.02,0.05,0.2,,11,0.3,0.2,2.0,20,0,0.6145833333333334,0.6011067708333334,0.9029947916666666,280.0,7.533333333333333,0.7333333333333333,64.52694181067223,0.1735,1.024972855591748,49,1.4143004556981869,0.5449203427697018,0.814300455698187,0.5682144767901068,0.8979591836734694,RW,0.0005658910937495421
apartment,RW,60,800,0.02,0.05,0.2,,13,0.3,0.2,2.0,20,0,0.623046875,0.6119466145833333,0.9576822916666666,360.0,7.183333333333334,0.6,61.8029396122228,0.18725,1.0924657534246576,49,1.4820220611769477,0.7192745094335791,0.8820220611769475,0.470575609525436,0.8571428571428571,RW,0.0005917878649984231
apartment,RW,60,800,0.02,0.05,0.2,,12,0.3,0.2,2.0,20,0,0.6106770833333334,0.58818359375,0.830078125,260.0,7.883333333333334,0.65,66.71885151149871,0.1870625,1.1113744075829386,51,1.3037758927461778,0.7675565224755453,0.7037758927461779,0.28284492895379887,0.8431372549019608,RW,0.0006048691137516471
apartment,RW,60,800,0.02,0.05,0.2,,14,0.3,0.2,2.0,20,0,0.560546875,0.5431640625,0.8255208333333334,260.0,7.783333333333333,0.6166666666666667,62.08885922518888,0.18004166666666666,1.0436363636363637,46,1.4612195631634282,0.6302329878017917,0.8612195631634283,0.7318624807230215,0.9565217391304348,RW,0.0005585443225004383
apartment,RW,60,800,0.02,0.05,0.2,,15,0.3,0.2,2.0,20,0,0.4622395833333333,0.48974609375,0.865234375,380.0,8.6,0.4666666666666667,57.8550480618511,0.1909375,0.8022598870056497,42,1.4581830929404924,0.6919147635953311,0.8581830929404923,0.49393085778222734,0.9047619047619048,RW,0.0005595817712492134
apartment,RW,60,800,0.02,0.05,0.2,,16,0.3,0.2,2.0,20,0,0.568359375,0.5566731770833333,0.916015625,220.0,7.733333333333333,0.6166666666666667,64.31985388057342,0.18591666666666667,1.0646341463414635,50,1.1410212155363373,0.5263052402473208,0.5410212155363372,0.23437616151136165,0.92,RW,0.0005927158862505166
apartment,RW,60,800,0.02,0.05,0.2,,17,0.3,0.2,2.0,20,0,0.6282552083333334,0.5477864583333334,0.9140625,300.0,7.35,0.7666666666666667,58.91188492169114,0.1871875,1.0534934497816595,45,1.5989865481843828,0.6061861728059509,0.9989865481843826,0.5328181951260486,0.9111111111111111,RW,0.0005821250525013965
apartment,RW,60,800,0.02,0.05,0.2,,18,0.3,0.2,2.0,20,0,0.6061197916666666,0.5703125,0.9537760416666666,320.0,7.25,0.6333333333333333,64.99068070612739,0.16966666666666666,0.9432624113475176,48,1.4835277112035286,0.4554577679252492,0.8835277112035289,0.7992447764515641,0.9583333333333334,RW,0.0005782789587510706
apartment,RW,60,800,0.02,0.05,0.2,,19,0.3,0.2,2.0,20,0,0.5475260416666666,0.5117513020833332,0.8684895833333334,300.0,7.933333333333334,0.95,61.1433082793241,0.18070833333333333,0.9940898345153664,42,1.6272772386273442,0.7275978611881309,1.027277238627344,0.632153423620248,0.9047619047619048,RW,0.0005817871349995585
apartment,RW,60,800,0.02,0.05,0.2,,20,0.3,0.2,2.0,20,0,0.640625,0.5223307291666667,0.9661458333333334,300.0,7.066666666666666,0.45,59.81222540641434,0.181375,1.0848952590959207,43,1.951945846578002,0.5206998483060948,1.3519458465780019,1.3381733184384035,0.9069767441860465,RW,0.0005625383849996979
apartment,RW,60,800,0.02,0.05,0.2,,21,0.3,0.2,2.0,20,0,0.5807291666666666,0.5633138020833333,0.892578125,340.0,6.85,0.5833333333333334,58.64518261334019,0.17414583333333333,0.9966480446927374,47,1.48496282983815,0.6514935939512941,0.8849628298381501,0.5406125328784307,0.9574468085106383,RW,0.0005799317700007123
apartment,RW,60,800,0.02,0.05,0.2,,22,0.3,0.2,2.0,20,0,0.583984375,0.5600911458333333,0.9342447916666666,300.0,7.7,0.65,61.48133985827383,0.17877083333333332,0.9988864142538976,46,1.4563123087199412,0.6380061105454724,0.8563123087199412,0.5848666171701425,1.0,RW,0.0005870316662503683
apartment,RW,60,800,0.02,0.05,0.2,,23,0.3,0.2,2.0,20,0,0.5227864583333334,0.5480143229166666,0.8619791666666666,340.0,7.566666666666666,0.8,63.0667078250519,0.178625,0.8690476190476191,48,1.2082193339554677,0.5935562198247424,0.6082193339554677,0.2888789225552862,0.875,RW,0.000592949583749487
apartment,RW,60,800,0.02,0.05,0.2,,24,0.3,0.2,2.0,20,0,0.654296875,0.58076171875,0.86328125,280.0,8.4,0.7166666666666667,65.99917689762125,0.20752083333333332,1.2917737789203085,50,1.5671254328961757,0.6966283366984043,0.9671254328961758,0.6808185485366961,0.88,RW,0.0005989447387514702
apartment,RW,60,800,0.02,0.05,0.2,,25,0.3,0.2,2.0,20,0,0.5859375,0.5400390625,0.96484375,300.0,8.05,0.8,62.474247699991,0.1868125,0.9554140127388535,48,1.4856094838586589,0.6284565799387112,0.8856094838586586,0.41153459994761443,0.9583333333333334,RW,0.000583839739999803
apartment,RW,60,800,0.02,0.05,0.2,,26,0.3,0.2,2.0,20,0,0.6145833333333334,0.5967773437500001,0.947265625,280.0,7.9,0.8166666666666667,65.60685746196617,0.18679166666666666,1.104093567251462,50,1.4861242677022828,0.5111280148175025,0.8861242677022828,0.7598592974928043,0.92,RW,0.0005750957812506386
apartment,RW,60,800,0.02,0.05,0.2,,27,0.3,0.2,2.0,20,0,0.61328125,0.57646484375,0.978515625,320.0,7.75,0.8,66.91820250191024,0.18014583333333334,0.9429429429429429,52,1.2434117949707466,0.5227322582547996,0.6434117949707464,0.40809865424589453,0.9230769230769231,RW,0.0005963433324996004
apartment,RW,60,800,0.02,0.05,0.2,,28,0.3,0.2,2.0,20,0,0.6569010416666666,0.6079427083333332,0.9563802083333334,280.0,7.566666666666666,0.7333333333333333,63.98136030675809,0.17983333333333335,1.2171290711700844,52,1.2916511443243617,0.5210828867601962,0.6916511443243615,0.4247650266524271,1.0,RW,0.0005798480199996447
apartment,RW,60,800,0.02,0.05,0.2,,29,0.3,0.2,2.0,20,0,0.5735677083333334,0.5720703125,0.923828125,240.0,7.3,0.7333333333333333,65.75167756317033,0.17808333333333334,0.9756367663344409,49,1.3358021764902543,0.5701531818696625,0.7358021764902545,0.4054017668011235,0.8775510204081632,RW,0.0005579833337515084
apartment,RW,90,800,0.02,0.05,0.2,,0,0.3,0.2,2.0,20,0,0.7506510416666666,0.7086914062499998,1.0,280.0,10.88888888888889,0.6444444444444445,64.0814709294233,0.2535972222222222,1.0558608058608059,76,1.1575777049637832,0.6414340026729456,0.5575777049637834,0.22010350716800886,0.7894736842105263,RW,0.0007197236987485666
apartment,RW,90,800,0.02,0.05,0.2,,1,0.3,0.2,2.0,20,0,0.6451822916666666,0.6388671875,0.8938802083333334,340.0,11.71111111111111,0.6111111111111112,61.76331269205043,0.28581944444444446,1.0633047210300428,76,1.064634851447018,0.5051513854342138,0.4646348514470179,0.284441985584181,0.8421052631578947,RW,0.0007285782287499387
apartment,RW,90,800,0.02,0.05,0.2,,2,0.3,0.2,2.0,20,0,0.73046875,0.6601236979166667,0.9466145833333334,300.0,10.544444444444444,0.7,59.83065676303878,0.2487638888888889,1.0809248554913296,70,1.229544382208583,0.5497902134203628,0.6295443822085827,0.4523649796376089,0.8857142857142857,RW,0.0006970589062484578
apartment,RW,90,800,0.02,0.05,0.2,,3,0.3,0.2,2.0,20,0,0.7389322916666666,0.6645182291666666,0.9928385416666666,340.0,10.522222222222222,0.5555555555555556,57.130357332483115,0.2618611111111111,1.1835245046923877,71,1.349752508875438,0.6512007579403367,0.7497525088754382,0.546131925444708,0.8591549295774648,RW,0.0007285078125005384
apartment,RW,90,800,0.02,0.05,0.2,,5,0.3,0.2,2.0,20,0,0.71484375,0.6208984375,0.830078125,300.0,10.011111111111111,0.5444444444444444,58.21537087276226,0.250375,1.142559833506764,66,1.3813039833896694,0.5199471816867519,0.7813039833896694,0.5327743650561748,0.8939393939393939,RW,0.0006900049475007108
apartment,RW,90,800,0.02,0.05,0.2,,4,0.3,0.2,2.0,20,0,0.7096354166666666,0.6993489583333333,0.9016927083333334,220.0,10.777777777777779,0.6666666666666666,64.17740566441722,0.2570138888888889,1.0055350553505535,75,1.1953415581850841,0.5459861346260464,0.5953415581850839,0.411809503996475,0.8666666666666667,RW,0.00074011817624978
apartment,RW,90,800,0.02,0.05,0.2,,6,0.3,0.2,2.0,20,0,0.6998697916666666,0.6595052083333333,0.9733072916666666,300.0,10.61111111111111,0.5666666666666667,58.66710596934724,0.2693333333333333,1.1327713382507902,71,1.172296264210886,0.47901333603233076,0.5722962642108863,0.42424586794638486,0.9154929577464789,RW,0.0007337373437485439
apartment,RW,90,800,0.02,0.05,0.2,,7,0.3,0.2,2.0,20,0,0.6360677083333334,0.6234700520833333,0.9505208333333334,240.0,10.466666666666667,0.6111111111111112,57.83399666819334,0.24854166666666666,1.0393617021276598,68,1.127022050549074,0.6096433865841638,0.5270220505490739,0.33082296850382564,0.9117647058823529,RW,0.0007223920837509468
apartment,RW,90,800,0.02,0.05,0.2,,8,0.3,0.2,2.0,20,0,0.7682291666666666,0.7236979166666666,0.9498697916666666,320.0,10.233333333333333,0.6111111111111112,62.48018209870339,0.24166666666666667,1.15347018572825,74,1.0866558286914478,0.4812232604104612,0.4866558286914479,0.2614111365946749,0.7837837837837838,RW,0.000716919478750242
apartment,RW,90,800,0.02,0.05,0.2,,10,0.3,0.2,2.0,20,0,0.6608072916666666,0.6618489583333333,0.953125,280.0,11.622222222222222,0.6333333333333333,57.7302758443673,0.27584722222222224,1.044238683127572,73,1.1809729784352976,0.7399713646372404,0.5809729784352975,0.2787251778512757,0.7671232876712328,RW,0.0007085370312506712
apartment,RW,90,800,0.02,0.05,0.2,,9,0.3,0.2,2.0,20,0,0.740234375,0.6898111979166666,0.9837239583333334,340.0,10.188888888888888,0.8777777777777778,63.034792194855065,0.24645833333333333,1.0537534754402225,75,1.21436051541502,0.7664495934533188,0.6143605154150199,0.26270335995282657,0.88,RW,0.0007388562500000262
apartment,RW,90,800,0.02,0.05,0.2,,11,0.3,0.2,2.0,20,0,0.76171875,0.6794596354166667,0.9908854166666666,320.0,10.88888888888889,0.5222222222222223,58.45028364192615,0.24854166666666666,1.1448140900195694,70,1.234337303686453,0.5382770811989132,0.6343373036864528,0.3374802835860969,0.8285714285714286,RW,0.0007197730725010843
apartment,RW,90,800,0.02,0.05,0.2,,12,0.3,0.2,2.0,20,0,0.6822916666666666,0.6647135416666667,0.974609375,300.0,9.877777777777778,0.6222222222222222,56.90067004585973,0.23597222222222222,1.003831417624521,63,1.3850547974942191,0.7403935124074541,0.7850547974942189,0.4380352265299149,0.9206349206349206,RW,0.0006822633337492334
apartment,RW,90,800,0.02,0.05,0.2,,13,0.3,0.2,2.0,20,0,0.7102864583333334,0.6700520833333332,0.9459635416666666,260.0,10.755555555555556,0.43333333333333335,60.71535835794452,0.26740277777777777,1.317632850241546,72,1.1382554182433335,0.5542489961453118,0.5382554182433337,0.32206235579555575,0.8055555555555556,RW,0.0007119066149994069
apartment,RW,90,800,0.02,0.05,0.2,,14,0.3,0.2,2.0,20,0,0.7701822916666666,0.6911458333333332,0.94921875,340.0,10.877777777777778,0.6333333333333333,63.25399384891101,0.25758333333333333,1.0913284132841328,75,1.1828896448822923,0.6293394485928449,0.5828896448822926,0.22734209521374116,0.8266666666666667,RW,0.0007296798437505459
apartment,RW,90,800,0.02,0.05,0.2,,16,0.3,0.2,2.0,20,0,0.7545572916666666,0.6754557291666667,0.9954427083333334,340.0,12.022222222222222,0.4888888888888889,58.86571984751043,0.2715694444444444,1.159,72,1.3393173334849324,0.6684309511860705,0.7393173334849324,0.41493393610539087,0.9166666666666666,RW,0.0006869441150001876
apartment,RW,90,800,0.02,0.05,0.2,,15,0.3,0.2,2.0,20,0,0.6497395833333334,0.6264973958333335,0.91015625,360.0,11.044444444444444,0.5777777777777777,57.35370365946905,0.2566388888888889,1.0777537796976242,69,1.135700592111381,0.6053055759380935,0.5357005921113807,0.2554377583780313,0.8840579710144928,RW,0.000703169271250772
apartment,RW,90,800,0.02,0.05,0.2,,17,0.3,0.2,2.0,20,0,0.7194010416666666,0.6833984375000001,0.94921875,340.0,10.433333333333334,0.6444444444444445,60.02013193517315,0.2479861111111111,1.0564053537284894,70,1.1823768084764876,0.5635696242057839,0.5823768084764877,0.36175047355661566,0.8285714285714286,RW,0.000710491927500243
apartment,RW,90,800,0.02,0.05,0.2,,18,0.3,0.2,2.0,20,0,0.7194010416666666,0.66650390625,0.9069010416666666,240.0,11.333333333333334,0.6888888888888889,61.267650471129215,0.26408333333333334,1.0854616895874263,74,1.1433726806947664,0.43326919861279767,0.5433726806947664,0.4038639725957402,0.8648648648648649,RW,0.0006930965100013964
apartment,RW,90,800,0.02,0.05,0.2,,19,0.3,0.2,2.0,20,0,0.7649739583333334,0.671484375,0.9498697916666666,340.0,10.155555555555555,0.5777777777777777,59.094128955266854,0.25448611111111114,1.080956761729531,69,1.319296234135521,0.5031545773901366,0.7192962341355209,0.6038876675121955,0.8985507246376812,RW,0.0007089151562513507
apartment,RW,90,800,0.02,0.05,0.2,,20,0.3,0.2,2.0,20,0,0.7194010416666666,0.6828776041666668,0.8880208333333334,360.0,10.322222222222223,0.4666666666666667,60.51997712184637,0.2657361111111111,1.1971830985915493,74,1.1531526123902525,0.5070948456157229,0.5531526123902524,0.35219709157215945,0.7972972972972973,RW,0.0006811754174987073
apartment,RW,90,800,0.02,0.05,0.2,,21,0.3,0.2,2.0,20,0,0.6920572916666666,0.6673502604166666,0.9049479166666666,280.0,9.88888888888889,0.6222222222222222,59.19080650139889,0.24218055555555557,0.9990601503759398,68,1.1677276829027288,0.5617144816206054,0.5677276829027288,0.21983898958799608,0.9117647058823529,RW,0.0006863805200009665
apartment,RW,90,800,0.02,0.05,0.2,,22,0.3,0.2,2.0,20,0,0.6549479166666666,0.6479492187500001,0.984375,340.0,10.322222222222223,0.6666666666666666,57.4031675397432,0.25713888888888886,0.9384328358208955,68,1.211719356743563,0.7601583537037223,0.611719356743563,0.24169831885037096,0.8088235294117647,RW,0.0006979148950017589
apartment,RW,90,800,0.02,0.05,0.2,,23,0.3,0.2,2.0,20,0,0.6848958333333334,0.5993489583333335,0.94921875,240.0,12.011111111111111,0.5777777777777777,59.34029019782982,0.2727361111111111,1.1167728237791932,71,1.2654553940621731,0.7698196478694228,0.6654553940621731,0.2284840230245515,0.8309859154929577,RW,0.0007127214062484199
apartment,RW,90,800,0.02,0.05,0.2,,24,0.3,0.2,2.0,20,0,0.697265625,0.6485677083333333,0.8873697916666666,320.0,11.355555555555556,0.6222222222222222,61.002070153370006,0.270125,1.1466809421841542,73,1.1640482312329103,0.5908582604487546,0.5640482312329105,0.26753383670149944,0.7808219178082192,RW,0.0006900028650011337
apartment,RW,90,800,0.02,0.05,0.2,,26,0.3,0.2,2.0,20,0,0.677734375,0.6575520833333333,0.90625,220.0,10.38888888888889,0.5333333333333333,59.46332010254181,0.23966666666666667,0.9783834586466165,68,1.182406334229611,0.5233638645122394,0.582406334229611,0.3715880962883548,0.9411764705882353,RW,0.0006692988012514434
apartment,RW,90,800,0.02,0.05,0.2,,25,0.3,0.2,2.0,20,0,0.76953125,0.7072591145833333,0.982421875,340.0,12.166666666666666,0.6888888888888889,64.32956854067228,0.2893611111111111,1.2561105207226355,83,1.1732658649128775,0.7422512264011065,0.5732658649128779,0.20713843670757848,0.8192771084337349,RW,0.0007309877087504902
apartment,RW,90,800,0.02,0.05,0.2,,27,0.3,0.2,2.0,20,0,0.6901041666666666,0.6570638020833333,0.9114583333333334,360.0,10.7,0.5777777777777777,59.90629670517855,0.26175,0.932277924362357,70,1.1040285208618905,0.4502862036478628,0.5040285208618906,0.3826529666328743,0.8285714285714286,RW,0.0006861741150009947
apartment,RW,90,800,0.02,0.05,0.2,,28,0.3,0.2,2.0,20,0,0.6979166666666666,0.66689453125,0.9296875,280.0,10.622222222222222,0.5666666666666667,62.3008089420881,0.2672777777777778,1.0530451866404715,74,1.1570852271639276,0.614124947037843,0.5570852271639274,0.36036978714090995,0.9324324324324325,RW,0.0007108709375006583
apartment,RW,90,800,0.02,0.05,0.2,,29,0.3,0.2,2.0,20,0,0.59765625,0.6316080729166668,0.8782552083333334,320.0,11.5,0.5777777777777777,59.31275362732254,0.2714722222222222,0.9522821576763486,72,1.1743953570012124,0.8377944495678232,0.5743953570012125,0.25920041644011477,0.9444444444444444,RW,0.0007236857299994881
apartment,RW,120,800,0.02,0.05,0.2,,0,0.3,0.2,2.0,20,0,0.7584635416666666,0.6995442708333333,0.9915364583333334,320.0,13.2,0.5333333333333333,53.04153895273574,0.34251041666666665,1.0817084493964717,95,1.0932854940176093,0.6230964346776718,0.49328549401760935,0.23004789905433431,0.8947368421052632,RW,0.0008237052599997696
apartment,RW,120,800,0.02,0.05,0.2,,1,0.3,0.2,2.0,20,0,0.826171875,0.75947265625,0.9609375,300.0,12.833333333333334,0.5,55.08642159164266,0.33040625,1.1200353045013238,97,1.0582736571600684,0.6265275213364581,0.4582736571600684,0.24257960915587873,0.865979381443299,RW,0.0008304722925004171
apartment,RW,120,800,0.02,0.05,0.2,,2,0.3,0.2,2.0,20,0,0.7942708333333334,0.7404947916666668,0.9908854166666666,240.0,12.408333333333333,0.5416666666666666,55.41244794552819,0.3138958333333333,1.0571923743500866,95,1.0643910787133513,0.5696608703009863,0.4643910787133512,0.28991192619033257,0.8736842105263158,RW,0.0008370493750021524
apartment,RW,120,800,0.02,0.05,0.2,,4,0.3,0.2,2.0,20,0,0.7369791666666666,0.6990234375,0.966796875,240.0,13.35,0.5,53.22043973537607,0.33329166666666665,1.1940928270042193,92,1.0815263835229572,0.713102793918505,0.48152638352295724,0.23702788922648393,0.8152173913043478,RW,0.0008433528125010526
apartment,RW,120,800,0.02,0.05,0.2,,3,0.3,0.2,2.0,20,0,0.787109375,0.69912109375,0.921875,300.0,13.425,0.5083333333333333,55.776288353084176,0.3361458333333333,1.1236059479553904,96,1.076200192739002,0.5600469847028888,0.476200192739002,0.23213596325142316,0.8229166666666666,RW,0.000869099062499572
apartment,RW,120,800,0.02,0.05,0.2,,5,0.3,0.2,2.0,20,0,0.755859375,0.71044921875,0.9850260416666666,340.0,12.191666666666666,0.4666666666666667,52.36762968146083,0.32438541666666665,1.0680772769089237,88,1.178918761004863,0.6763095270090745,0.5789187610048633,0.3306160165863735,0.8409090909090909,RW,0.0008221576050004842
apartment,RW,120,800,0.02,0.05,0.2,,6,0.3,0.2,2.0,20,0,0.7721354166666666,0.7307291666666667,0.9986979166666666,300.0,13.925,0.5333333333333333,53.836176648680194,0.3526770833333333,1.212678936605317,96,1.1285743458932587,0.6031568413916547,0.5285743458932587,0.2714335314685529,0.8229166666666666,RW,0.0008569461975002923
apartment,RW,120,800,0.02,0.05,0.2,,7,0.3,0.2,2.0,20,0,0.7506510416666666,0.7414713541666665,0.9088541666666666,260.0,13.266666666666667,0.5916666666666667,54.94389043757876,0.3127916666666667,1.1370808678500985,92,0.9944237008448181,0.430099930156204,0.39442370084481804,0.28093073029352084,0.8478260869565217,RW,0.0008529871875020945
apartment,RW,120,800,0.02,0.05,0.2,,8,0.3,0.2,2.0,20,0,0.7858072916666666,0.71884765625,0.9524739583333334,180.0,13.491666666666667,0.4583333333333333,54.225552858170644,0.34128125,1.2204246713852376,96,1.0852999348621841,0.5971759694161688,0.4852999348621842,0.2943505311379326,0.8020833333333334,RW,0.0008710893750003379
apartment,RW,120,800,0.02,0.05,0.2,,9,0.3,0.2,2.0,20,0,0.76171875,0.7069335937500001,0.9895833333333334,260.0,12.2,0.4,54.48705850959785,0.32789583333333333,1.1950970377936672,92,1.0833317759505783,0.6484709684668322,0.48333177595057875,0.24194546318862387,0.8043478260869565,RW,0.0008426372387498305
apartment,RW,120,800,0.02,0.05,0.2,,10,0.3,0.2,2.0,20,0,0.7766927083333334,0.71669921875,0.9876302083333334,320.0,13.558333333333334,0.4583333333333333,53.48071285093637,0.3632708333333333,1.0944954128440367,100,1.0486024689974505,0.5623890932664576,0.4486024689974505,0.23568664396695954,0.82,RW,0.0008761202599998797
apartment,RW,120,800,0.02,0.05,0.2,,11,0.3,0.2,2.0,20,0,0.8079427083333334,0.7125325520833334,0.966796875,320.0,13.716666666666667,0.5,53.766765307510205,0.3604895833333333,1.192122958693564,103,1.0975297721567658,0.6343199783066249,0.49752977215676597,0.31436677927206136,0.883495145631068,RW,0.0008658785937518587
apartment,RW,120,800,0.02,0.05,0.2,,12,0.3,0.2,2.0,20,0,0.7734375,0.7499674479166667,0.9967447916666666,340.0,12.883333333333333,0.6416666666666667,56.38091726540666,0.31779166666666664,0.9666395443449959,100,1.0235359992279844,0.5368632402168035,0.4235359992279842,0.2668599859542008,0.8,RW,0.000855332343749069
apartment,RW,120,800,0.02,0.05,0.2,,14,0.3,0.2,2.0,20,0,0.8307291666666666,0.7685872395833334,0.9518229166666666,320.0,12.683333333333334,0.48333333333333334,55.243587886147346,0.3472604166666667,1.125220458553792,100,1.1507282267274876,0.5876346396123572,0.5507282267274877,0.37020618172540215,0.87,RW,0.0008591964587503754
apartment,RW,120,800,0.02,0.05,0.2,,13,0.3,0.2,2.0,20,0,0.8001302083333334,0.7555989583333333,0.9837239583333334,340.0,13.825,0.48333333333333334,54.25919068767191,0.3698854166666667,1.1649289099526066,100,1.0218309579873053,0.5309743609415983,0.42183095798730524,0.21104090929656805,0.8,RW,0.0008680020837505254
apartment,RW,120,800,0.02,0.05,0.2,,15,0.3,0.2,2.0,20,0,0.7890625,0.72900390625,0.9817708333333334,280.0,13.525,0.5666666666666667,53.98502407970102,0.33329166666666665,1.0899280575539567,98,1.0592496577223878,0.6208333043814306,0.4592496577223878,0.24128498265827475,0.8367346938775511,RW,0.0008494158324992895
apartment,RW,120,800,0.02,0.05,0.2,,16,0.3,0.2,2.0,20,0,0.7369791666666666,0.6849609375,0.9713541666666666,340.0,12.816666666666666,0.6083333333333333,52.27606265070666,0.3280625,1.00711743772242,88,1.063546478961755,0.5514387229491308,0.46354647896175494,0.22195638075151303,0.8522727272727273,RW,0.0008306023437512522
apartment,RW,120,800,0.02,0.05,0.2,,17,0.3,0.2,2.0,20,0,0.7688802083333334,0.7295247395833334,0.978515625,300.0,12.466666666666667,0.5416666666666666,52.55297354477186,0.3250208333333333,1.126908396946565,87,1.141735939361154,0.6433984571702824,0.5417359393611542,0.2670657645342218,0.7011494252873564,RW,0.0008765534899998783
apartment,RW,120,800,0.02,0.05,0.2,,18,0.3,0.2,2.0,20,0,0.814453125,0.76435546875,0.984375,280.0,12.425,0.5833333333333334,55.62065933431011,0.3239270833333333,1.1159678858162354,99,0.9915252039628495,0.5145903832422956,0.3915252039628496,0.2113066335178918,0.797979797979798,RW,0.0008809206775003985
apartment,RW,120,800,0.02,0.05,0.2,,19,0.3,0.2,2.0,20,0,0.8333333333333334,0.7564453125000001,0.9401041666666666,340.0,12.316666666666666,0.55,55.17640301733708,0.33228125,1.1367673179396094,96,1.0820549633706154,0.47523224969304795,0.4820549633706151,0.29168304578628357,0.875,RW,0.000864115052499983
apartment,RW,120,800,0.02,0.05,0.2,,20,0.3,0.2,2.0,20,0,0.7877604166666666,0.7404622395833333,0.974609375,300.0,12.241666666666667,0.5,54.39074886092887,0.3382604166666667,1.1645813282001924,95,1.0934023604341288,0.6448692000954285,0.493402360434129,0.2640116763160495,0.7894736842105263,RW,0.000839045364998583
apartment,RW,120,800,0.02,0.05,0.2,,21,0.3,0.2,2.0,20,0,0.763671875,0.6696940104166667,0.9212239583333334,220.0,12.508333333333333,0.6,52.228806927313144,0.33253125,1.1377303588748786,88,1.1948527612985613,0.7325751885415666,0.594852761298561,0.25962331885128315,0.7954545454545454,RW,0.0008216005724989373
apartment,RW,120,800,0.02,0.05,0.2,,22,0.3,0.2,2.0,20,0,0.76953125,0.72392578125,0.9986979166666666,320.0,12.508333333333333,0.45,51.72749613038188,0.33298958333333334,1.0460176991150443,89,0.9707079644256137,0.4058579444505783,0.37070796442561366,0.27182930618997125,0.8202247191011236,RW,0.0008281522912488981
apartment,RW,120,800,0.02,0.05,0.2,,23,0.3,0.2,2.0,20,0,0.8470052083333334,0.7496419270833334,0.9869791666666666,300.0,12.616666666666667,0.5583333333333333,57.05183363267586,0.33376041666666667,1.108177172061329,99,1.083301968101049,0.4278004354858197,0.48330196810104903,0.33902740260726827,0.8383838383838383,RW,0.0008697954687499987
rubble,RW,10,800,0.02,0.05,0.2,,0,0.3,0.2,2.0,20,0,0.13337988826815642,0.13589385474860333,0.4490223463687151,80.0,1.4,2.3,38.74554310938924,0.04675,0.7290076335877863,8,4.3091336250149865,0.31766563670924847,3.7091336250149864,3.5730124946520165,1.0,RW,0.0003191397912496541
rubble,RW,10,800,0.02,0.05,0.2,,1,0.3,0.2,2.0,20,0,0.1319832402234637,0.13907122905027933,0.6689944134078212,280.0,1.2,1.0,39.800056832315995,0.03925,0.8552036199095022,8,5.331807622142859,0.40571841370283473,4.73180762214286,5.485935127553815,1.0,RW,0.0003226002074984535
rubble,RW,10,800,0.02,0.05,0.2,,2,0.3,0.2,2.0,20,0,0.11522346368715083,0.11668994413407821,0.5844972067039106,140.0,1.7,1.9,38.453324711611955,0.061125,0.7142857142857143,7,3.9689536534829775,0.4664941118264065,3.3689536534829783,4.255591327920817,1.0,RW,0.00030319718749979076
apartment,RW,120,800,0.02,0.05,0.2,,24,0.3,0.2,2.0,20,0,0.787109375,0.74052734375,0.9772135416666666,340.0,12.55,0.6,55.528376954718375,0.331375,1.0813953488372092,96,0.9822542490018741,0.5977594389610335,0.38225424900187416,0.19350594620609574,0.8125,RW,0.0008490077599981305
apartment,RW,120,800,0.02,0.05,0.2,,25,0.3,0.2,2.0,20,0,0.765625,0.7236002604166667,0.9485677083333334,340.0,12.733333333333333,0.55,54.7980430125629,0.3307083333333333,1.0604147880973849,95,1.059950134321404,0.44269645348318143,0.45995013432140364,0.29831833232311833,0.7894736842105263,RW,0.0008680913025000337
apartment,RW,120,800,0.02,0.05,0.2,,26,0.3,0.2,2.0,20,0,0.798828125,0.7419921875,0.9947916666666666,220.0,12.35,0.5583333333333333,53.97313510708942,0.316375,1.0407124681933841,90,1.0969830794887452,0.45717147128685487,0.4969830794887454,0.36037602639265437,0.8666666666666667,RW,0.0008326532812498044
rubble,RW,10,800,0.02,0.05,0.2,,3,0.3,0.2,2.0,20,0,0.14594972067039105,0.1452164804469274,0.5391061452513967,220.0,1.7,1.9,45.15001719183093,0.05775,0.885593220338983,9,2.116031108354169,0.37472713928152096,1.516031108354169,1.7844623507535737,1.0,RW,0.00029856682249828736
apartment,RW,120,800,0.02,0.05,0.2,,27,0.3,0.2,2.0,20,0,0.7669270833333334,0.7437499999999999,0.9856770833333334,300.0,12.558333333333334,0.5416666666666666,53.18715099542265,0.32096875,1.0120274914089347,93,1.069672254607159,0.569469792760952,0.46967225460715895,0.23641336744774322,0.7956989247311828,RW,0.000828828853750565
rubble,RW,10,800,0.02,0.05,0.2,,4,0.3,0.2,2.0,20,0,0.10614525139664804,0.11714385474860337,0.5216480446927374,160.0,1.3,2.2,45.349081634664145,0.0585,0.59375,7,4.026679493782734,0.552275956038103,3.4266794937827334,3.5665137128423843,1.0,RW,0.0003132177599991337
rubble,RW,10,800,0.02,0.05,0.2,,5,0.3,0.2,2.0,20,0,0.1389664804469274,0.138268156424581,0.6131284916201117,40.0,1.5,2.4,47.33007120094984,0.05725,0.7896825396825398,8,5.303456733332953,0.47843018651676544,4.703456733332953,4.78081151669345,1.0,RW,0.00032199416624962397
apartment,RW,120,800,0.02,0.05,0.2,,28,0.3,0.2,2.0,20,0,0.8118489583333334,0.75146484375,0.9505208333333334,160.0,12.4,0.6583333333333333,56.78304869754688,0.31975,1.1797540208136237,94,1.1121893160759344,0.6377031100740109,0.5121893160759347,0.27961380090288257,0.851063829787234,RW,0.0008497562499997002
apartment,RW,120,800,0.02,0.05,0.2,,29,0.3,0.2,2.0,20,0,0.71875,0.6986002604166666,0.8841145833333334,260.0,12.658333333333333,0.625,53.10391881068874,0.3241875,0.9761273209549072,90,0.9727320116753966,0.5547092123534684,0.37273201167539655,0.16993338592382967,0.8,RW,0.0008388169787508559
rubble,RW,10,800,0.02,0.05,0.2,,6,0.3,0.2,2.0,20,0,0.15083798882681565,0.1509776536312849,0.5307262569832403,200.0,1.4,1.2,41.32125705529599,0.04475,0.7854545454545454,9,4.899460389937493,0.6472364973453778,4.299460389937494,3.8248378841420343,1.0,RW,0.0003278692187495835
rubble,RW,10,800,0.02,0.05,0.2,,7,0.3,0.2,2.0,20,0,0.11452513966480447,0.10471368715083798,0.4776536312849162,100.0,0.3,1.3,34.84370856613515,0.036625,0.6283524904214559,6,5.938595857296889,0.36043354590430626,5.33859585729689,4.361137669662928,1.0,RW,0.0003158578124998712
rubble,RW,10,800,0.02,0.05,0.2,,8,0.3,0.2,2.0,20,0,0.12569832402234637,0.13376396648044694,0.5761173184357542,120.0,1.5,1.6,51.671332656663445,0.059625,0.7659574468085107,8,4.852891134983779,0.6246933163067745,4.252891134983779,4.409895683564854,1.0,RW,0.0003210917712499395
rubble,RW,10,800,0.02,0.05,0.2,,9,0.3,0.2,2.0,20,0,0.08170391061452514,0.08725558659217877,0.4441340782122905,400.0,1.9,1.5,40.391742041518256,0.056625,0.4048442906574395,5,5.910580004354762,0.31456870367040235,5.310580004354763,6.748832748462003,1.0,RW,0.00033907786374811624
rubble,RW,10,800,0.02,0.05,0.2,,11,0.3,0.2,2.0,20,0,0.11173184357541899,0.11997206703910616,0.6389664804469274,140.0,1.6,2.1,42.8770884132329,0.06025,0.546075085324232,7,5.553391408241664,0.3641984801889919,4.953391408241664,4.198481416302846,1.0,RW,0.0003020166149985926
rubble,RW,10,800,0.02,0.05,0.2,,12,0.3,0.2,2.0,20,0,0.11662011173184357,0.12339385474860338,0.48393854748603354,180.0,1.5,0.7,30.315573779168353,0.034625,0.8477157360406091,7,4.88821398854584,0.5201484591735914,4.288213988545841,5.386265758815152,1.0,RW,0.0003249896350007475
rubble,RW,10,800,0.02,0.05,0.2,,10,0.3,0.2,2.0,20,0,0.12220670391061453,0.14738128491620112,0.47067039106145253,200.0,1.5,1.4,43.189812236564485,0.051875,0.6410256410256411,9,2.948770560934181,0.7150570229311901,2.3487705609341814,1.2433386528966008,1.0,RW,0.00037876864625104647
rubble,RW,10,800,0.02,0.05,0.2,,13,0.3,0.2,2.0,20,0,0.12779329608938547,0.14203910614525142,0.6710893854748603,140.0,1.8,2.2,49.006931784210565,0.05575,0.7787234042553192,8,4.302964782556833,0.8314684581404486,3.702964782556834,1.1099529384008355,1.0,RW,0.0003413651562505038
rubble,RW,10,800,0.02,0.05,0.2,,14,0.3,0.2,2.0,20,0,0.11103351955307263,0.1315293296089385,0.4657821229050279,160.0,2.1,2.1,44.75069415655771,0.071,0.7571428571428571,8,3.9001651352416724,0.7905542721256431,3.3001651352416728,1.8363615273400828,1.0,RW,0.00034126343749903756
rubble,RW,10,800,0.02,0.05,0.2,,15,0.3,0.2,2.0,20,0,0.1180167597765363,0.11620111731843577,0.5942737430167597,160.0,1.2,0.6,29.65529497592373,0.034375,0.8086124401913876,7,3.7216283764490017,0.3990162019290998,3.121628376449002,2.2126334075489846,1.0,RW,0.00030780130249922875
rubble,RW,10,800,0.02,0.05,0.2,,16,0.3,0.2,2.0,20,0,0.12081005586592179,0.15439944134078212,0.5670391061452514,120.0,1.3,1.4,41.47227095700713,0.054125,0.762114537444934,10,3.7920512038465395,0.7534908091916668,3.19205120384654,2.5572350146694682,0.7,RW,0.00032738843749939404
rubble,RW,10,800,0.02,0.05,0.2,,17,0.3,0.2,2.0,20,0,0.10335195530726257,0.11243016759776536,0.5300279329608939,160.0,1.0,1.3,40.056086883936764,0.0445,0.550185873605948,7,2.114280863927419,0.528861471152149,1.514280863927419,1.057818305190556,1.0,RW,0.0003250695824999639
rubble,RW,10,800,0.02,0.05,0.2,,19,0.3,0.2,2.0,20,0,0.11522346368715083,0.13002793296089388,0.5621508379888268,160.0,1.5,1.7,44.58450636657438,0.06025,0.7236842105263158,8,4.884250589559532,0.8207366710093275,4.284250589559531,3.687494562691752,1.0,RW,0.0003234098962502685
rubble,RW,10,800,0.02,0.05,0.2,,18,0.3,0.2,2.0,20,0,0.1717877094972067,0.15736731843575422,0.6012569832402235,60.0,1.1,1.5,42.011244673115726,0.038,0.8848920863309352,9,5.823075335573218,0.43001315663945516,5.223075335573219,6.265453862392396,1.0,RW,0.000334789635001016
rubble,RW,10,800,0.02,0.05,0.2,,21,0.3,0.2,2.0,20,0,0.11941340782122906,0.13816340782122907,0.5817039106145251,300.0,2.1,1.7,42.77989830041948,0.05975,0.6240875912408759,9,4.637429517907773,0.6159629478168824,4.037429517907772,3.099264806463666,1.0,RW,0.0003184510937512641
rubble,RW,10,800,0.02,0.05,0.2,,20,0.3,0.2,2.0,20,0,0.12150837988826815,0.13421787709497207,0.6396648044692738,80.0,1.5,1.3,33.139266020364744,0.048125,0.7565217391304347,8,3.7252424366496193,0.541327709272479,3.1252424366496188,3.3959799299250077,1.0,RW,0.0003290593749989057
rubble,RW,10,800,0.02,0.05,0.2,,22,0.3,0.2,2.0,20,0,0.11522346368715083,0.12520949720670393,0.5712290502793296,60.0,1.7,2.0,40.90316189630828,0.059625,0.5851063829787234,8,4.13078079775258,0.8655853631783988,3.5307807977525805,2.2247663573863017,1.0,RW,0.00032053224000037515
rubble,RW,10,800,0.02,0.05,0.2,,23,0.3,0.2,2.0,20,0,0.13966480446927373,0.1415153631284916,0.6236033519553073,140.0,0.9,0.9,36.720352631091274,0.04125,0.8849557522123894,9,5.90160524444531,0.3227708211379786,5.301605244445311,4.2754888889472,1.0,RW,0.0003227696875001129
rubble,RW,10,800,0.02,0.05,0.2,,24,0.3,0.2,2.0,20,0,0.1340782122905028,0.1407821229050279,0.5963687150837989,140.0,1.9,0.9,44.92895232952547,0.052625,0.9275362318840579,9,4.603394442817761,0.8648654146557407,4.003394442817761,2.904583088546384,1.0,RW,0.00034553546875031315
rubble,RW,10,800,0.02,0.05,0.2,,25,0.3,0.2,2.0,20,0,0.1564245810055866,0.12548882681564247,0.4643854748603352,300.0,1.6,1.6,45.543040015770806,0.052625,0.8057553956834532,7,4.445480513587709,0.5240046219702081,3.845480513587709,3.3898886151117438,1.0,RW,0.0003232567187501445
rubble,RW,10,800,0.02,0.05,0.2,,26,0.3,0.2,2.0,20,0,0.09217877094972067,0.11536312849162009,0.4574022346368715,260.0,1.3,1.9,44.19420356231821,0.052,0.5196850393700787,6,5.199972316271045,0.6363490167943566,4.599972316271045,5.555642567018911,1.0,RW,0.0003019716674998563
rubble,RW,10,800,0.02,0.05,0.2,,27,0.3,0.2,2.0,20,0,0.08449720670391062,0.07908519553072627,0.5754189944134078,100.0,0.9,1.5,31.394773542290448,0.036625,0.6050000000000001,5,8.58823208213477,0.3484385058805738,7.98823208213477,6.082758182128063,1.0,RW,0.0003136322387490509
rubble,RW,10,800,0.02,0.05,0.2,,28,0.3,0.2,2.0,20,0,0.1787709497206704,0.1692039106145251,0.6710893854748603,180.0,0.9,1.4,46.56536727708579,0.04875,0.9624060150375939,10,5.1304927854692215,0.5445194807650059,4.530492785469222,4.856136828952762,1.0,RW,0.0003270717187501759
rubble,RW,10,800,0.02,0.05,0.2,,29,0.3,0.2,2.0,20,0,0.15293296089385475,0.15366620111731844,0.5572625698324022,260.0,1.4,0.7,39.033355963974465,0.048875,0.8021978021978022,9,4.119005308785333,0.3459776203817152,3.519005308785333,3.819088207828561,1.0,RW,0.00032754546875139566
rubble,RW,30,800,0.02,0.05,0.2,,0,0.3,0.2,2.0,20,0,0.4134078212290503,0.3791899441340782,0.9203910614525139,200.0,5.166666666666667,1.4666666666666666,58.011965415440386,0.12454166666666666,0.993288590604027,27,2.38691845955239,0.5636831645042464,1.7869184595523895,1.2454238356029692,0.9259259259259259,RW,0.0004584235425022598
rubble,RW,30,800,0.02,0.05,0.2,,1,0.3,0.2,2.0,20,0,0.4238826815642458,0.4308310055865922,0.8973463687150838,180.0,5.266666666666667,1.8333333333333333,58.19821804189466,0.14125,1.063047285464098,28,2.2603820760790323,0.6166398512529482,1.660382076079032,1.2295459486019453,0.9285714285714286,RW,0.0004553184374981356
rubble,RW,30,800,0.02,0.05,0.2,,3,0.3,0.2,2.0,20,0,0.3715083798882682,0.3621159217877095,0.8135474860335196,280.0,5.233333333333333,1.8666666666666667,47.05445071473964,0.12133333333333333,0.9188255613126081,23,2.5202449386475623,0.5838734388667123,1.9202449386475622,1.5712492492812244,1.0,RW,0.0004195615624985294
rubble,RW,30,800,0.02,0.05,0.2,,2,0.3,0.2,2.0,20,0,0.37360335195530725,0.39130586592178773,0.7925977653631285,200.0,4.133333333333334,1.4333333333333333,53.89470551378915,0.11454166666666667,0.9798534798534798,28,2.0200768782766416,0.8009956836192438,1.420076878276642,0.7729274952834972,0.9285714285714286,RW,0.0004449957287511097
rubble,RW,30,800,0.02,0.05,0.2,,4,0.3,0.2,2.0,20,0,0.3547486033519553,0.3436801675977653,0.7723463687150838,240.0,4.533333333333333,1.6666666666666667,51.39183378327885,0.137,0.9355432780847146,24,2.8692643865026866,0.6763447128835822,2.2692643865026865,1.2596892079890365,1.0,RW,0.0004604540624995934
rubble,RW,30,800,0.02,0.05,0.2,,5,0.3,0.2,2.0,20,0,0.32821229050279327,0.34420391061452515,0.75768156424581,280.0,5.266666666666667,1.6666666666666667,51.84313451386891,0.14120833333333332,0.8719851576994433,24,2.463566659955358,0.9175046756203299,1.8635666599553582,1.11594798111715,0.8333333333333334,RW,0.0004557706249988769
rubble,RW,30,800,0.02,0.05,0.2,,6,0.3,0.2,2.0,20,0,0.316340782122905,0.3297486033519554,0.8393854748603352,320.0,5.1,1.4,48.425349328955754,0.11691666666666667,0.7012383900928792,22,2.5986743780922197,0.558638290834384,1.9986743780922198,1.393000283182776,1.0,RW,0.00043900041624965523
rubble,RW,30,800,0.02,0.05,0.2,,7,0.3,0.2,2.0,20,0,0.39804469273743015,0.3861731843575419,0.763268156424581,220.0,5.066666666666666,1.5666666666666667,52.31639229116147,0.131125,1.0288808664259927,27,2.2178615162428663,0.7182599934980892,1.617861516242866,1.2784476621198966,0.9259259259259259,RW,0.0004581311987499248
rubble,RW,30,800,0.02,0.05,0.2,,8,0.3,0.2,2.0,20,0,0.4057262569832402,0.3884427374301676,0.7206703910614525,240.0,5.933333333333334,1.8666666666666667,56.174786329730345,0.148125,1.1151631477927062,28,1.8633752862436157,0.8235092025534569,1.2633752862436158,0.8995932931436245,1.0,RW,0.00046867088625049294
rubble,RW,30,800,0.02,0.05,0.2,,9,0.3,0.2,2.0,20,0,0.37360335195530725,0.3399441340782123,0.8100558659217877,280.0,4.866666666666666,2.033333333333333,48.41450739463008,0.13745833333333332,0.9485815602836879,23,2.5298411481556613,0.5095382265729456,1.9298411481556608,1.5290471687128404,1.0,RW,0.0004680370312507875
rubble,RW,30,800,0.02,0.05,0.2,,10,0.3,0.2,2.0,20,0,0.29120111731843573,0.3043296089385475,0.7150837988826816,380.0,3.966666666666667,1.8666666666666667,50.135736325086896,0.120875,0.6926910299003322,21,2.6430894484899627,0.9803338301166604,2.043089448489963,1.483887531202516,1.0,RW,0.0004669531249987813
rubble,RW,30,800,0.02,0.05,0.2,,11,0.3,0.2,2.0,20,0,0.3840782122905028,0.34490223463687153,0.9008379888268156,240.0,3.566666666666667,1.2666666666666666,44.329484855370744,0.10758333333333334,0.9369676320272573,24,2.649640539907253,0.42533655971796364,2.049640539907253,2.330029119892603,1.0,RW,0.0004533824474992798
rubble,RW,30,800,0.02,0.05,0.2,,13,0.3,0.2,2.0,20,0,0.31075418994413406,0.33250698324022354,0.7206703910614525,340.0,4.4,1.2333333333333334,48.23330953482165,0.118875,0.7307060755336617,22,2.254480774246566,0.7441657067806005,1.6544807742465664,1.0829100630881212,1.0,RW,0.0004125041674979002
rubble,RW,30,800,0.02,0.05,0.2,,12,0.3,0.2,2.0,20,0,0.3498603351955307,0.38418296089385473,0.715782122905028,280.0,5.0,1.5666666666666667,52.05748812270291,0.13204166666666667,0.8962432915921288,28,1.7304225401635065,0.775062204980221,1.1304225401635069,0.7991206743180753,0.9285714285714286,RW,0.0004812353124998481
rubble,RW,30,800,0.02,0.05,0.2,,14,0.3,0.2,2.0,20,0,0.3526536312849162,0.3581005586592179,0.7248603351955307,320.0,4.933333333333334,1.7,50.064695461726686,0.14341666666666666,0.7952755905511811,25,2.145257577059593,0.516793863450289,1.5452575770595924,1.5870403562982092,1.0,RW,0.0004625893224988431
rubble,RW,30,800,0.02,0.05,0.2,,15,0.3,0.2,2.0,20,0,0.348463687150838,0.29046787709497207,0.7653631284916201,300.0,4.833333333333333,1.5,47.30659483056166,0.13725,0.84006734006734,20,2.3355512547586987,0.5841035816292512,1.7355512547586986,1.778687739968689,0.9,RW,0.0004599093749993699
rubble,RW,30,800,0.02,0.05,0.2,,16,0.3,0.2,2.0,20,0,0.3547486033519553,0.3833449720670391,0.7164804469273743,280.0,4.833333333333333,1.9666666666666666,55.180172714541705,0.13929166666666667,0.8193548387096774,27,1.578920217341755,0.5932268307890174,0.9789202173417548,0.7746844915140149,1.0,RW,0.00046608260500079267
rubble,RW,30,800,0.02,0.05,0.2,,17,0.3,0.2,2.0,20,0,0.3303072625698324,0.3515712290502793,0.7486033519553073,260.0,5.666666666666667,1.8,50.16087005824455,0.13795833333333332,0.8127147766323024,23,2.5160219460886974,0.8466877035357406,1.9160219460886965,1.4722365435718388,0.9130434782608695,RW,0.0004616951562502436
rubble,RW,30,800,0.02,0.05,0.2,,18,0.3,0.2,2.0,20,0,0.31424581005586594,0.3403980446927374,0.75,320.0,4.933333333333334,1.4666666666666666,48.909618577605784,0.129125,0.7588532883642496,24,2.2195187705253274,0.9049682083688244,1.6195187705253276,0.8235629326060583,0.9166666666666666,RW,0.0004448406250003245
rubble,RW,30,800,0.02,0.05,0.2,,21,0.3,0.2,2.0,20,0,0.30935754189944137,0.34277234636871506,0.8324022346368715,300.0,5.4,1.6666666666666667,51.26110469871917,0.148,0.6815384615384616,24,1.7439814643698812,0.7667641872220642,1.1439814643698816,0.6997283234963027,1.0,RW,0.0004073253124988696
rubble,RW,30,800,0.02,0.05,0.2,,20,0.3,0.2,2.0,20,0,0.3952513966480447,0.38610335195530726,0.7800279329608939,200.0,4.166666666666667,2.066666666666667,47.466807800931534,0.11495833333333333,1.0462107208872458,27,2.4418269156157146,0.6560486690480346,1.8418269156157148,1.656804830280616,1.0,RW,0.0004511468237501504
rubble,RW,30,800,0.02,0.05,0.2,,22,0.3,0.2,2.0,20,0,0.39455307262569833,0.37028631284916197,0.7946927374301676,320.0,5.266666666666667,2.1,56.138754294839416,0.13845833333333332,0.8883647798742138,27,2.335592980330213,0.5818979243100936,1.7355929803302135,1.2461190614896194,1.0,RW,0.0004443717187496077
rubble,RW,30,800,0.02,0.05,0.2,,23,0.3,0.2,2.0,20,0,0.3819832402234637,0.355586592178771,0.7304469273743017,220.0,5.466666666666667,1.7,51.34279589289443,0.14283333333333334,0.9562937062937064,26,2.1139275596302545,0.44420334101149844,1.5139275596302544,1.4281439070215958,0.9230769230769231,RW,0.000437641198750498
rubble,RW,30,800,0.02,0.05,0.2,,19,0.3,0.2,2.0,20,0,0.31424581005586594,0.35045391061452513,0.6710893854748603,240.0,4.533333333333333,1.9,51.677314318401116,0.13891666666666666,0.8458646616541353,25,2.3493007800772587,1.1722658571733342,1.7493007800772586,0.920524816622999,0.92,RW,0.0005867311974998301
rubble,RW,30,800,0.02,0.05,0.2,,24,0.3,0.2,2.0,20,0,0.38756983240223464,0.36229050279329605,0.9029329608938548,260.0,4.166666666666667,1.5,54.55164616944671,0.14020833333333332,0.9964093357271094,23,2.6466799994967793,0.7252621440894582,2.0466799994967797,1.9994021428281568,1.0,RW,0.00042914703124779407
rubble,RW,30,800,0.02,0.05,0.2,,25,0.3,0.2,2.0,20,0,0.3777932960893855,0.3433310055865922,0.8191340782122905,260.0,5.3,1.6333333333333333,47.73115778036306,0.13558333333333333,0.9138513513513514,25,1.9140191029066602,0.5327653599318706,1.3140191029066601,1.0045323860801076,1.0,RW,0.00045087494875133415
rubble,RW,30,800,0.02,0.05,0.2,,26,0.3,0.2,2.0,20,0,0.37988826815642457,0.38722067039106145,0.8365921787709497,320.0,4.9,1.5,52.281631388077265,0.121,0.8932676518883416,26,2.1216729930877496,0.6250229476192811,1.5216729930877493,1.0553048741307023,0.9230769230769231,RW,0.0004506976562493037
rubble,RW,30,800,0.02,0.05,0.2,,27,0.3,0.2,2.0,20,0,0.35893854748603354,0.35467877094972067,0.8344972067039106,300.0,4.433333333333334,1.5666666666666667,50.680697561784065,0.12804166666666666,0.866779089376054,24,2.5222860476633904,0.5597761207189373,1.92228604766339,1.8573351853097502,1.0,RW,0.0004290136462486771
rubble,RW,30,800,0.02,0.05,0.2,,28,0.3,0.2,2.0,20,0,0.35824022346368717,0.34814944134078213,0.8533519553072626,200.0,4.733333333333333,1.2666666666666666,49.40012327454709,0.12183333333333334,0.8578595317725753,23,2.490462336148157,0.47661361184068646,1.8904623361481572,1.5061907140336417,1.0,RW,0.00045394307250035126
rubble,RW,30,800,0.02,0.05,0.2,,29,0.3,0.2,2.0,20,0,0.3331005586592179,0.38268156424581,0.7674581005586593,320.0,5.466666666666667,1.9333333333333333,51.19615505307607,0.15091666666666667,0.764423076923077,27,1.7359884361992977,0.6672406394980525,1.1359884361992976,0.767089564843845,0.9259259259259259,RW,0.0004437643749997733
rubble,RW,60,800,0.02,0.05,0.2,,0,0.3,0.2,2.0,20,0,0.513268156424581,0.49343575418994423,0.8051675977653632,220.0,7.316666666666666,1.3666666666666667,50.88630016274492,0.189125,0.9722222222222222,45,1.2815581797756097,0.5712673593323296,0.6815581797756097,0.4111616470518532,0.8,RW,0.0005786186987506881
rubble,RW,60,800,0.02,0.05,0.2,,1,0.3,0.2,2.0,20,0,0.5977653631284916,0.5690293296089385,0.8582402234636871,300.0,7.666666666666667,1.6666666666666667,54.81781684482432,0.20575,1.0960307298335468,50,1.2914571048834846,0.6610597275415253,0.6914571048834846,0.3807887019572041,0.96,RW,0.0005691929687486663
rubble,RW,60,800,0.02,0.05,0.2,,2,0.3,0.2,2.0,20,0,0.5384078212290503,0.5490921787709497,0.8575418994413407,280.0,7.466666666666667,1.7833333333333334,53.13240027646771,0.1775625,0.9577639751552796,46,1.4394145746830629,0.5703946909953951,0.8394145746830629,0.5837423193755183,0.9565217391304348,RW,0.0005579935937498704
rubble,RW,60,800,0.02,0.05,0.2,,3,0.3,0.2,2.0,20,0,0.5377094972067039,0.5654329608938548,0.9043296089385475,240.0,7.416666666666667,1.55,55.02670111544433,0.1794375,1.0013003901170352,49,1.3402237471026066,0.5974769154384123,0.7402237471026064,0.4572476259401127,1.0,RW,0.0005746754174992929
rubble,RW,60,800,0.02,0.05,0.2,,4,0.3,0.2,2.0,20,0,0.5481843575418994,0.5306913407821229,0.7960893854748603,220.0,7.3,1.7,50.94776070442537,0.20702083333333332,1.0452729693741678,46,1.735090826410843,0.6637178432124164,1.1350908264108428,0.9157836764874652,0.9565217391304348,RW,0.0005737573437500032
rubble,RW,60,800,0.02,0.05,0.2,,5,0.3,0.2,2.0,20,0,0.5181564245810056,0.5463337988826816,0.835195530726257,300.0,7.266666666666667,1.7833333333333334,52.715063207605255,0.21372916666666666,0.9525032092426189,50,1.3589940080117904,0.5564953125420261,0.7589940080117903,0.49807355283730603,1.0,RW,0.0005751102074987103
rubble,RW,60,800,0.02,0.05,0.2,,6,0.3,0.2,2.0,20,0,0.5405027932960894,0.5503840782122905,0.803072625698324,260.0,7.766666666666667,1.9,54.29313385100711,0.22070833333333334,1.0292553191489362,52,1.3987559068055242,0.6892000687942211,0.7987559068055238,0.48785782782890064,0.8076923076923077,RW,0.0005714447387504152
rubble,RW,60,800,0.02,0.05,0.2,,7,0.3,0.2,2.0,20,0,0.5593575418994413,0.5884078212290502,0.9483240223463687,280.0,6.816666666666666,1.8166666666666667,50.922795615076566,0.1864375,0.9154285714285714,49,1.380152095181735,0.6682309068806843,0.7801520951817352,0.5372612161038764,0.9183673469387755,RW,0.0005784942187506203
rubble,RW,60,800,0.02,0.05,0.2,,8,0.3,0.2,2.0,20,0,0.5712290502793296,0.5595670391061452,0.9113128491620112,260.0,7.833333333333333,1.7333333333333334,56.442684235930436,0.1956875,1.097986577181208,51,1.339790689017705,0.7166880597545425,0.739790689017705,0.25388158562602203,1.0,RW,0.0005748592712484424
rubble,RW,60,800,0.02,0.05,0.2,,9,0.3,0.2,2.0,20,0,0.5670391061452514,0.5653980446927375,0.9420391061452514,320.0,7.65,1.7166666666666666,53.26252485954241,0.18975,0.9914529914529916,49,1.59024734457273,0.7660615967170668,0.99024734457273,0.8550460836096428,0.9183673469387755,RW,0.0005823377087494919
rubble,RW,60,800,0.02,0.05,0.2,,10,0.3,0.2,2.0,20,0,0.5712290502793296,0.5013268156424581,0.8582402234636871,320.0,7.6,1.5333333333333334,50.38036030888159,0.1953125,1.157001414427157,44,1.7991222949088068,0.7144268345600369,1.1991222949088065,0.8185699938518557,0.8636363636363636,RW,0.000579579427499084
rubble,RW,60,800,0.02,0.05,0.2,,11,0.3,0.2,2.0,20,0,0.5523743016759777,0.5440642458100559,0.8268156424581006,280.0,7.333333333333333,1.7,55.83045193655163,0.18941666666666668,0.9394299287410927,49,1.3577104950540142,0.45999520831724666,0.7577104950540146,0.6742173429803927,0.8775510204081632,RW,0.0005768075000014505
rubble,RW,60,800,0.02,0.05,0.2,,12,0.3,0.2,2.0,20,0,0.6005586592178771,0.5452863128491622,0.9085195530726257,220.0,7.066666666666666,1.9333333333333333,55.38303729896684,0.17985416666666668,1.1082474226804122,49,1.7087262584487521,0.7306838725647624,1.1087262584487525,0.8238116333627404,0.9183673469387755,RW,0.000579938645000766
rubble,RW,60,800,0.02,0.05,0.2,,13,0.3,0.2,2.0,20,0,0.5279329608938548,0.503072625698324,0.8317039106145251,320.0,8.1,1.3833333333333333,49.573776491480594,0.23366666666666666,0.9606099110546379,43,1.482252374337948,0.8978579211810063,0.8822523743379482,0.35639309490474447,0.8604651162790697,RW,0.0005833390099996904
rubble,RW,60,800,0.02,0.05,0.2,,14,0.3,0.2,2.0,20,0,0.5439944134078212,0.5254539106145251,0.8198324022346368,240.0,7.433333333333334,1.6333333333333333,53.33104380503592,0.221375,1.0527027027027025,49,1.5378034502860978,0.6936525863910254,0.9378034502860978,0.663930919443051,0.9591836734693877,RW,0.0005962153637483425
rubble,RW,60,800,0.02,0.05,0.2,,15,0.3,0.2,2.0,20,0,0.5670391061452514,0.5249650837988826,0.861731843575419,280.0,8.133333333333333,1.8333333333333333,56.56902103609481,0.2305625,1.0987821380243572,49,1.589260002858642,0.75086413836401,0.9892600028586421,0.7388746776775,0.9591836734693877,RW,0.0005768107287485691
rubble,RW,60,800,0.02,0.05,0.2,,16,0.3,0.2,2.0,20,0,0.4860335195530726,0.5103701117318437,0.8847765363128491,340.0,7.25,1.4333333333333333,49.8999131831116,0.21495833333333333,0.9109947643979058,42,1.6270133290699391,0.8162721862292273,1.0270133290699395,0.547266939723643,0.9047619047619048,RW,0.0005479860937498415
rubble,RW,60,800,0.02,0.05,0.2,,17,0.3,0.2,2.0,20,0,0.577513966480447,0.5475907821229049,0.8847765363128491,300.0,7.466666666666667,2.0,55.305792994503264,0.19591666666666666,1.0222496909765142,48,1.5318972374444673,0.7373621709358469,0.9318972374444673,0.45641498182734186,0.8333333333333334,RW,0.0005666053649997593
rubble,RW,60,800,0.02,0.05,0.2,,18,0.3,0.2,2.0,20,0,0.5879888268156425,0.5714734636871509,0.8400837988826816,300.0,7.25,1.6333333333333333,53.57122952310144,0.23545833333333333,1.0935064935064935,52,1.4832610971005145,0.5813945830146054,0.8832610971005145,0.8786411042245909,1.0,RW,0.000552940000000035
rubble,RW,60,800,0.02,0.05,0.2,,19,0.3,0.2,2.0,20,0,0.5090782122905028,0.5099162011173182,0.8142458100558659,320.0,7.516666666666667,1.7333333333333334,53.19305757583534,0.18808333333333332,0.8762019230769229,44,1.567411881997534,0.7035746993939896,0.967411881997534,0.7148967989113121,1.0,RW,0.0005506420312508453
rubble,RW,60,800,0.02,0.05,0.2,,20,0.3,0.2,2.0,20,0,0.5831005586592178,0.5525488826815642,0.909217877094972,280.0,6.8,1.7333333333333334,54.59842095690859,0.20810416666666667,1.0108958837772397,49,1.4630028239319341,0.6637854323993271,0.8630028239319343,0.45085435626505943,0.9591836734693877,RW,0.0005377800525002385
rubble,RW,60,800,0.02,0.05,0.2,,21,0.3,0.2,2.0,20,0,0.5335195530726257,0.5266061452513966,0.854050279329609,280.0,8.433333333333334,1.6333333333333333,54.01615155122702,0.23995833333333333,1.0929899856938483,51,1.5940635939713172,0.8333668933637649,0.9940635939713175,0.5943650939590962,0.9215686274509803,RW,0.0005530374487489098
rubble,RW,60,800,0.02,0.05,0.2,,22,0.3,0.2,2.0,20,0,0.5370111731843575,0.5357541899441339,0.7702513966480447,300.0,7.783333333333333,1.7166666666666666,56.9735730903651,0.1990625,1.0171957671957672,51,1.3410522261913758,0.5861330509055317,0.7410522261913756,0.4536670106620543,0.8823529411764706,RW,0.0005734871350000503
rubble,RW,60,800,0.02,0.05,0.2,,23,0.3,0.2,2.0,20,0,0.48114525139664804,0.49392458100558645,0.8205307262569832,300.0,8.033333333333333,1.5333333333333334,50.097674957081544,0.21264583333333334,0.8788265306122449,42,1.451867939508703,0.6995045602307588,0.8518679395087029,0.3285576960422955,0.8809523809523809,RW,0.0005683004162506222
rubble,RW,60,800,0.02,0.05,0.2,,26,0.3,0.2,2.0,20,0,0.539804469273743,0.5167248603351956,0.7807262569832403,240.0,6.883333333333334,1.3833333333333333,53.14427375580523,0.1804375,0.9910256410256412,47,1.5257171691459757,0.734166379199592,0.9257171691459759,0.4849170601499394,0.8723404255319149,RW,0.0005263465625012032
rubble,RW,60,800,0.02,0.05,0.2,,24,0.3,0.2,2.0,20,0,0.5300279329608939,0.5143505586592179,0.8854748603351955,280.0,7.816666666666666,1.45,53.46832176076189,0.22847916666666668,1.0425824175824177,46,1.6507159711422363,0.7368816359871744,1.0507159711422371,0.6918633434340816,0.9565217391304348,RW,0.0005896184900007029
rubble,RW,60,800,0.02,0.05,0.2,,25,0.3,0.2,2.0,20,0,0.6054469273743017,0.5665502793296089,0.8568435754189944,300.0,7.483333333333333,1.7666666666666666,51.384854296121574,0.20525,1.061199510403917,50,1.5927539819918197,0.623537418180023,0.9927539819918196,0.8371623192119714,0.96,RW,0.0005562522387481295
rubble,RW,60,800,0.02,0.05,0.2,,27,0.3,0.2,2.0,20,0,0.5747206703910615,0.5740223463687151,0.914804469273743,280.0,6.983333333333333,1.8166666666666667,53.86137164740108,0.18414583333333334,1.0716145833333333,50,1.3891110860910771,0.5206132484907181,0.7891110860910772,0.6961134324636838,0.96,RW,0.0005641276037499665
rubble,RW,60,800,0.02,0.05,0.2,,29,0.3,0.2,2.0,20,0,0.5314245810055865,0.5240921787709497,0.8868715083798883,300.0,7.616666666666666,1.3666666666666667,50.42143824530487,0.20114583333333333,0.9768934531450577,44,1.7775290252511278,0.8810086692257079,1.1775290252511277,0.4993046340427799,0.9090909090909091,RW,0.0005531769262506714
rubble,RW,60,800,0.02,0.05,0.2,,28,0.3,0.2,2.0,20,0,0.590782122905028,0.5525837988826817,0.7695530726256983,260.0,8.483333333333333,1.6833333333333333,54.34616071165041,0.22935416666666666,1.154160982264666,52,1.5356850287565864,0.867180577701288,0.9356850287565864,0.44545710263232297,0.8846153846153846,RW,0.0005629343224995865
rubble,RW,90,800,0.02,0.05,0.2,,0,0.3,0.2,2.0,20,0,0.7122905027932961,0.6654678770949721,0.9252793296089385,260.0,9.766666666666667,1.7555555555555555,54.44395211885773,0.23716666666666666,1.1617312072892938,71,1.1920248592338887,0.6046252136370054,0.5920248592338887,0.3749791671649968,0.8873239436619719,RW,0.0006903242187490833
rubble,RW,90,800,0.02,0.05,0.2,,1,0.3,0.2,2.0,20,0,0.6270949720670391,0.5977653631284918,0.8317039106145251,240.0,10.777777777777779,1.5666666666666667,55.569882354506674,0.2603611111111111,1.1004901960784315,74,1.1477321274244097,0.7614742087498975,0.5477321274244099,0.273980475090161,0.8918918918918919,RW,0.0007082820312507465
rubble,RW,90,800,0.02,0.05,0.2,,2,0.3,0.2,2.0,20,0,0.6641061452513967,0.6306564245810056,0.8763966480446927,240.0,9.644444444444444,1.5333333333333334,51.609265864719276,0.2482638888888889,1.1597560975609758,68,1.3634445312290135,0.7347474681232609,0.7634445312290136,0.4562590862471173,0.8823529411764706,RW,0.0006894072925001638
rubble,RW,90,800,0.02,0.05,0.2,,3,0.3,0.2,2.0,20,0,0.6452513966480447,0.6322974860335195,0.8966480446927374,320.0,10.155555555555555,1.4444444444444444,53.863586808838924,0.2441111111111111,1.0289532293986636,74,1.2284400192265388,0.7005563096695879,0.628440019226539,0.36782500590725553,0.8783783783783784,RW,0.0007059913537500506
rubble,RW,90,800,0.02,0.05,0.2,,5,0.3,0.2,2.0,20,0,0.5865921787709497,0.54856843575419,0.7981843575418994,300.0,9.911111111111111,1.2666666666666666,51.616639480000295,0.28219444444444447,1.0579345088161207,69,1.0933230552395483,0.4057719500298363,0.49332305523954795,0.34077454400328255,0.8840579710144928,RW,0.0007048287499992512
rubble,RW,90,800,0.02,0.05,0.2,,4,0.3,0.2,2.0,20,0,0.6634078212290503,0.5907821229050281,0.8233240223463687,160.0,10.055555555555555,1.4444444444444444,51.91024904857116,0.2589861111111111,1.1515151515151516,67,1.331366309845489,0.5592423995368444,0.7313663098454889,0.5764752029074155,0.8955223880597015,RW,0.0007142666150002696
rubble,RW,90,800,0.02,0.05,0.2,,6,0.3,0.2,2.0,20,0,0.6752793296089385,0.6566689944134079,0.9497206703910615,320.0,9.4,1.6444444444444444,52.73013610216548,0.27058333333333334,1.1511904761904763,71,1.2764658637718749,0.6333702734902757,0.6764658637718751,0.43298149714472156,0.9436619718309859,RW,0.0006978422912493443
rubble,RW,90,800,0.02,0.05,0.2,,7,0.3,0.2,2.0,20,0,0.619413407821229,0.6033519553072626,0.8687150837988827,280.0,10.055555555555555,1.5666666666666667,51.939956511454895,0.2638333333333333,0.9768722466960352,70,1.2162379580784557,0.6054427988680062,0.6162379580784557,0.3534618731060414,0.8857142857142857,RW,0.0006988854175006054
rubble,RW,90,800,0.02,0.05,0.2,,8,0.3,0.2,2.0,20,0,0.6277932960893855,0.5629189944134078,0.827513966480447,240.0,10.188888888888888,1.488888888888889,52.467090770583994,0.2521111111111111,1.0883777239709442,69,1.2180636561204345,0.5710991081618811,0.6180636561204347,0.3316859758120634,0.9710144927536232,RW,0.0007213026037493364
rubble,RW,90,800,0.02,0.05,0.2,,9,0.3,0.2,2.0,20,0,0.6682960893854749,0.5943086592178771,0.8149441340782123,180.0,10.966666666666667,1.4444444444444444,56.35128840246911,0.2733333333333333,1.2675496688741723,80,1.1775870466211507,0.5409447062818358,0.5775870466211506,0.4609114492910794,0.875,RW,0.0007279864062502383
rubble,RW,90,800,0.02,0.05,0.2,,10,0.3,0.2,2.0,20,0,0.7108938547486033,0.6326815642458101,0.9168994413407822,260.0,9.777777777777779,1.6666666666666667,54.61565261563809,0.25525,1.2191616766467066,75,1.2261904516429083,0.4992672541722378,0.626190451642908,0.4268202183229738,0.96,RW,0.0007101502075011013
rubble,RW,90,800,0.02,0.05,0.2,,11,0.3,0.2,2.0,20,0,0.6703910614525139,0.6185754189944134,0.8868715083798883,220.0,8.766666666666667,1.3666666666666667,52.55416754819851,0.23470833333333332,1.1483253588516746,68,1.3658226006217706,0.695870263323372,0.7658226006217711,0.36408259846025826,0.9411764705882353,RW,0.0007212679162489622
rubble,RW,90,800,0.02,0.05,0.2,,12,0.3,0.2,2.0,20,0,0.6522346368715084,0.6148044692737431,0.8554469273743017,260.0,9.488888888888889,1.4111111111111112,54.22190955722209,0.24183333333333334,1.0698739977090492,72,1.0691460512856925,0.5804910419581389,0.46914605128569253,0.2226053825758441,0.7916666666666666,RW,0.0007099127600008614
rubble,RW,90,800,0.02,0.05,0.2,,13,0.3,0.2,2.0,20,0,0.6236033519553073,0.5860335195530726,0.9175977653631285,320.0,10.044444444444444,1.3111111111111111,51.476189638159795,0.2840138888888889,0.995540691192865,72,1.3023156684838089,0.6867650498724169,0.7023156684838089,0.4419706126434596,0.8611111111111112,RW,0.0007197807287502656
rubble,RW,90,800,0.02,0.05,0.2,,14,0.3,0.2,2.0,20,0,0.6229050279329609,0.588268156424581,0.8184357541899442,300.0,9.466666666666667,1.4666666666666666,51.36275877029972,0.28625,1.1066997518610422,70,1.2434288125617659,0.4424621757171336,0.6434288125617657,0.5566575273923381,0.9142857142857143,RW,0.0007171930200001953
rubble,RW,90,800,0.02,0.05,0.2,,15,0.3,0.2,2.0,20,0,0.6291899441340782,0.6068086592178771,0.9266759776536313,320.0,8.88888888888889,1.4666666666666666,53.072388900718344,0.26629166666666665,1.0238636363636364,69,1.356437863397906,0.7350924287716264,0.7564378633979059,0.46155490561135626,0.855072463768116,RW,0.0006960543225000038
rubble,RW,90,800,0.02,0.05,0.2,,16,0.3,0.2,2.0,20,0,0.6452513966480447,0.6218924581005586,0.9476256983240223,360.0,9.488888888888889,1.4666666666666666,51.54082837679289,0.26806944444444447,1.056,71,1.1515241867104153,0.7133458497228709,0.5515241867104156,0.22060448314902026,0.8591549295774648,RW,0.0007191549999993185
rubble,RW,90,800,0.02,0.05,0.2,,17,0.3,0.2,2.0,20,0,0.6159217877094972,0.6220670391061454,0.8722067039106145,360.0,9.866666666666667,1.7,54.573723131836594,0.25355555555555553,1.013793103448276,72,1.1133796462462173,0.5833629742211831,0.5133796462462172,0.2905060492161591,0.8611111111111112,RW,0.0006931358862493652
rubble,RW,90,800,0.02,0.05,0.2,,18,0.3,0.2,2.0,20,0,0.6480446927374302,0.6221717877094973,0.8729050279329609,220.0,10.1,1.5555555555555556,55.24806309645921,0.2543611111111111,1.0345596432552955,76,1.2341241770026152,0.8388857239514638,0.6341241770026155,0.35661741885269216,0.9342105263157895,RW,0.0007154698437511798
rubble,RW,90,800,0.02,0.05,0.2,,19,0.3,0.2,2.0,20,0,0.6068435754189944,0.620844972067039,0.8910614525139665,340.0,11.188888888888888,1.711111111111111,54.92611080009665,0.26430555555555557,1.0394736842105263,74,1.07085806708862,0.528012133824077,0.47085806708862016,0.26718879490633474,0.7972972972972973,RW,0.0007103809900013403
rubble,RW,90,800,0.02,0.05,0.2,,20,0.3,0.2,2.0,20,0,0.6487430167597765,0.6240921787709498,0.8708100558659218,320.0,9.633333333333333,1.8,53.173255379608946,0.28215277777777775,1.1192771084337347,75,1.1378313886187161,0.6951019072745579,0.5378313886187162,0.2935508613297557,0.8666666666666667,RW,0.0007217002612492252
rubble,RW,90,800,0.02,0.05,0.2,,21,0.3,0.2,2.0,20,0,0.6529329608938548,0.6046438547486034,0.9071229050279329,300.0,8.333333333333334,1.4777777777777779,49.260411603509326,0.244875,1.0999999999999999,62,1.412623314425282,0.7496217294444633,0.8126233144252817,0.3968342001795764,0.9032258064516129,RW,0.0006779360412497226
rubble,RW,90,800,0.02,0.05,0.2,,22,0.3,0.2,2.0,20,0,0.6655027932960894,0.6410963687150839,0.8812849162011173,280.0,9.622222222222222,1.6777777777777778,56.27413946920933,0.25006944444444446,1.0768361581920904,78,1.1188088104894542,0.6539177948580776,0.5188088104894542,0.22689578259149634,0.8461538461538461,RW,0.0007121690624990151
rubble,RW,90,800,0.02,0.05,0.2,,23,0.3,0.2,2.0,20,0,0.6606145251396648,0.6408519553072625,0.9594972067039106,320.0,10.344444444444445,1.7333333333333334,57.009225599430486,0.28034722222222225,0.9803108808290155,79,1.042477551283475,0.5435962748033277,0.44247755128347527,0.24469218656784475,0.8481012658227848,RW,0.0007249453124995853
rubble,RW,90,800,0.02,0.05,0.2,,24,0.3,0.2,2.0,20,0,0.6913407821229051,0.6488826815642459,0.8917597765363129,180.0,8.88888888888889,1.5,50.51330782278528,0.2573611111111111,1.1525029103608848,70,1.2484873987657403,0.6383839181613439,0.6484873987657404,0.37670118254263546,0.8,RW,0.00071704322999949
rubble,RW,90,800,0.02,0.05,0.2,,26,0.3,0.2,2.0,20,0,0.6319832402234636,0.6178421787709498,0.9057262569832403,200.0,9.4,1.7444444444444445,54.754584531788645,0.239125,1.0402298850574712,76,1.2060071077935846,0.7029764422720003,0.6060071077935847,0.38015115501287133,0.8157894736842105,RW,0.0007292362499993032
rubble,RW,90,800,0.02,0.05,0.2,,25,0.3,0.2,2.0,20,0,0.6291899441340782,0.5979399441340782,0.8296089385474861,220.0,10.21111111111111,1.488888888888889,52.67233998485512,0.2740138888888889,1.144853875476493,70,1.2945066005563695,0.5489477287791741,0.6945066005563695,0.4953695002443047,0.8714285714285714,RW,0.0007445744275014477
rubble,RW,90,800,0.02,0.05,0.2,,27,0.3,0.2,2.0,20,0,0.5768156424581006,0.571717877094972,0.8561452513966481,240.0,10.666666666666666,1.711111111111111,53.699395241761955,0.2580138888888889,1.088274044795784,73,1.1562077264633193,0.8369080956755556,0.5562077264633193,0.3854557640433449,0.9178082191780822,RW,0.0007329940625004383
rubble,RW,90,800,0.02,0.05,0.2,,28,0.3,0.2,2.0,20,0,0.6850558659217877,0.6134427374301678,0.9182960893854749,320.0,9.466666666666667,1.4555555555555555,52.688673212904924,0.2715,1.15547703180212,70,1.3625973435844356,0.6231708017101908,0.7625973435844355,0.49937947860185516,0.8857142857142857,RW,0.0007030968224989919
rubble,RW,90,800,0.02,0.05,0.2,,29,0.3,0.2,2.0,20,0,0.7053072625698324,0.6554469273743017,0.9748603351955307,320.0,9.477777777777778,1.3888888888888888,51.643834734197604,0.25166666666666665,1.1284916201117319,71,1.2693035633292302,0.6084871685534631,0.6693035633292302,0.383000373890262,0.8873239436619719,RW,0.0007149900512513341
rubble,RW,120,800,0.02,0.05,0.2,,0,0.3,0.2,2.0,20,0,0.6920391061452514,0.6312500000000001,0.8519553072625698,260.0,12.9,1.35,52.458477471041675,0.3107083333333333,1.2129742962056305,98,1.0181317716552747,0.5238878656669135,0.41813177165527454,0.23044979365071222,0.8061224489795918,RW,0.0008834190112497708
rubble,RW,120,800,0.02,0.05,0.2,,1,0.3,0.2,2.0,20,0,0.7011173184357542,0.6649790502793296,0.9155027932960894,300.0,11.975,1.3666666666666667,51.00522160364313,0.30333333333333334,1.099671412924425,95,0.9874078161702445,0.6925302567189818,0.38740781617024433,0.17868563979468788,0.6842105263157895,RW,0.0008406897925010526
rubble,RW,120,800,0.02,0.05,0.2,,2,0.3,0.2,2.0,20,0,0.6829608938547486,0.6619413407821229,0.8861731843575419,160.0,12.916666666666666,1.2666666666666666,52.75767251939616,0.31416666666666665,1.154663518299882,101,1.0044206609124655,0.6164633351666116,0.40442066091246553,0.201841711723329,0.8316831683168316,RW,0.0008620310937499198
rubble,RW,120,800,0.02,0.05,0.2,,3,0.3,0.2,2.0,20,0,0.7074022346368715,0.6545740223463687,0.895949720670391,360.0,12.583333333333334,1.4083333333333334,53.09016650870686,0.31247916666666664,1.1205752212389382,99,1.0136055761237308,0.7729424869485734,0.4136055761237309,0.1455081163131644,0.7878787878787878,RW,0.0008487010937483319
rubble,RW,120,800,0.02,0.05,0.2,,4,0.3,0.2,2.0,20,0,0.7136871508379888,0.6487779329608938,0.8847765363128491,280.0,11.575,1.45,51.4989678067444,0.3165625,1.1393534002229655,94,1.109119928613625,0.8028034745266508,0.5091199286136251,0.23737294578112816,0.7340425531914894,RW,0.0008353754162499172
rubble,RW,120,800,0.02,0.05,0.2,,5,0.3,0.2,2.0,20,0,0.7814245810055865,0.7037360335195529,0.9127094972067039,280.0,11.225,1.525,53.79968097286526,0.32465625,1.17913593256059,105,1.050393043286735,0.590409253697705,0.45039304328673513,0.29228153246470756,0.9238095238095239,RW,0.0008475840625010278
rubble,RW,120,800,0.02,0.05,0.2,,6,0.3,0.2,2.0,20,0,0.7060055865921788,0.6324371508379889,0.8603351955307262,260.0,11.758333333333333,1.1166666666666667,50.761099177137616,0.33021875,1.1607347876004595,97,1.0804494238285536,0.7056793847718718,0.4804494238285535,0.2629980810327671,0.7938144329896907,RW,0.0008341915625010188
rubble,RW,120,800,0.02,0.05,0.2,,7,0.3,0.2,2.0,20,0,0.7213687150837989,0.6833798882681565,0.9441340782122905,340.0,11.85,1.3333333333333333,50.793946049070556,0.3123958333333333,1.088514225500527,95,1.014974147206433,0.6416566024430678,0.4149741472064329,0.2038647616741739,0.8631578947368421,RW,0.0008353467712504426
rubble,RW,120,800,0.02,0.05,0.2,,8,0.3,0.2,2.0,20,0,0.729050279329609,0.6652583798882681,0.9322625698324022,200.0,12.166666666666666,1.5,51.553606757421306,0.30396875,1.2399049881235156,96,1.1314444996055826,0.6696936890338887,0.5314444996055828,0.27659746800880264,0.7916666666666666,RW,0.0008190947399998549
rubble,RW,120,800,0.02,0.05,0.2,,9,0.3,0.2,2.0,20,0,0.5796089385474861,0.5748254189944133,0.8177374301675978,300.0,12.858333333333333,1.4166666666666667,52.4373050233062,0.32254166666666667,0.94211123723042,97,1.0241641490109274,0.8272534622226126,0.42416414901092764,0.15825562058310239,0.865979381443299,RW,0.0008121778124996126
rubble,RW,120,800,0.02,0.05,0.2,,10,0.3,0.2,2.0,20,0,0.6529329608938548,0.6165851955307262,0.8840782122905028,260.0,12.783333333333333,1.5666666666666667,52.39434766283829,0.319375,1.0759493670886078,100,0.9926181041066965,0.6055929715042315,0.3926181041066969,0.18093454199245684,0.84,RW,0.0008084865099999661
rubble,RW,120,800,0.02,0.05,0.2,,11,0.3,0.2,2.0,20,0,0.6620111731843575,0.6088337988826816,0.8435754189944135,160.0,12.008333333333333,1.3083333333333333,49.87113216851232,0.32414583333333336,1.1835205992509363,94,1.0833858501295228,0.5420281982175825,0.4833858501295229,0.26253974696927534,0.8404255319148937,RW,0.0008052782812501392
rubble,RW,120,800,0.02,0.05,0.2,,12,0.3,0.2,2.0,20,0,0.6836592178770949,0.6190642458100559,0.8198324022346368,320.0,12.283333333333333,1.4416666666666667,51.24746876305868,0.299875,1.11503416856492,98,1.1479591544834138,0.7430302570009303,0.5479591544834138,0.2638674495073273,0.8163265306122449,RW,0.0008261329687502439
rubble,RW,120,800,0.02,0.05,0.2,,13,0.3,0.2,2.0,20,0,0.6955307262569832,0.6761173184357542,0.9043296089385475,200.0,10.866666666666667,1.3083333333333333,50.501469744967345,0.31825,1.0849673202614378,94,1.0535024434491727,0.8435975290493857,0.45350244344917223,0.2192425324722816,0.6808510638297872,RW,0.0008054273962511616
rubble,RW,120,800,0.02,0.05,0.2,,14,0.3,0.2,2.0,20,0,0.6766759776536313,0.6588337988826816,0.8903631284916201,280.0,12.2,1.425,50.87563831389517,0.316125,1.0555555555555556,94,1.0857497600290507,0.79815524192736,0.4857497600290506,0.2202205548936199,0.7978723404255319,RW,0.0008318001562497557
rubble,RW,120,800,0.02,0.05,0.2,,15,0.3,0.2,2.0,20,0,0.702513966480447,0.6612430167597766,0.9036312849162011,240.0,12.141666666666667,1.4916666666666667,51.784096757679755,0.3103020833333333,1.0970556161395857,94,1.0194055311547667,0.6355054202624343,0.4194055311547668,0.25552964835830017,0.8297872340425532,RW,0.000843078489999698
rubble,RW,120,800,0.02,0.05,0.2,,16,0.3,0.2,2.0,20,0,0.7039106145251397,0.6533868715083798,0.9504189944134078,260.0,12.058333333333334,1.5333333333333334,50.538888599264624,0.3238958333333333,1.1957295373665482,96,1.0185279077587472,0.5208918724238835,0.4185279077587474,0.2794705633841808,0.7916666666666666,RW,0.0008340533337491252
rubble,RW,120,800,0.02,0.05,0.2,,17,0.3,0.2,2.0,20,0,0.715782122905028,0.6611382681564246,0.8756983240223464,280.0,12.375,1.35,52.40697586688912,0.31744791666666666,1.1388888888888888,99,1.0039127998034125,0.48882953662600004,0.40391279980341266,0.21998014091181384,0.7474747474747475,RW,0.0008263936975004072
rubble,RW,120,800,0.02,0.05,0.2,,18,0.3,0.2,2.0,20,0,0.6578212290502793,0.5996857541899441,0.8854748603351955,200.0,11.216666666666667,1.3916666666666666,50.57842731274341,0.3271145833333333,1.1363088057901085,98,1.1145681507837795,0.9152113577661213,0.5145681507837794,0.2386136694505102,0.8367346938775511,RW,0.0008457295312496171
rubble,RW,120,800,0.02,0.05,0.2,,19,0.3,0.2,2.0,20,0,0.6822625698324022,0.6175977653631285,0.8931564245810056,240.0,11.758333333333333,1.4666666666666666,49.58096178360469,0.31097916666666664,1.265544041450777,87,1.037049841662239,0.6581021324522692,0.4370498416622387,0.23520872763665357,0.8160919540229885,RW,0.0008461659375007002
rubble,RW,120,800,0.02,0.05,0.2,,20,0.3,0.2,2.0,20,0,0.7192737430167597,0.6806215083798882,0.9162011173184358,240.0,10.858333333333333,1.4,49.90932054935099,0.31405208333333334,1.1331133113311331,92,1.079702540484531,0.5532023200051397,0.47970254048453126,0.2739834731734646,0.8478260869565217,RW,0.0008389948962485506
rubble,RW,120,800,0.02,0.05,0.2,,21,0.3,0.2,2.0,20,0,0.7346368715083799,0.6943784916201117,0.973463687150838,220.0,11.183333333333334,1.35,52.49087778849375,0.317125,1.1701890989988875,100,0.9638011429375652,0.47336256186245623,0.36380114293756527,0.235574585122852,0.72,RW,0.0008534036975015624
rubble,RW,120,800,0.02,0.05,0.2,,22,0.3,0.2,2.0,20,0,0.74231843575419,0.6664106145251397,0.8980446927374302,260.0,12.733333333333333,1.55,54.26468681748916,0.309,1.2360465116279071,101,1.1324361522666941,0.7111937790765652,0.532436152266694,0.26573927985153434,0.8118811881188119,RW,0.0008582851562505311
rubble,RW,120,800,0.02,0.05,0.2,,23,0.3,0.2,2.0,20,0,0.6689944134078212,0.6220321229050281,0.8547486033519553,300.0,12.216666666666667,1.5333333333333334,51.178561230054264,0.34751041666666665,1.1337278106508875,102,1.0343367652406132,0.7657241252940336,0.43433676524061315,0.12008264648918732,0.6568627450980392,RW,0.0008657784899992293
rubble,RW,120,800,0.02,0.05,0.2,,24,0.3,0.2,2.0,20,0,0.6815642458100558,0.6587290502793297,0.9364525139664804,280.0,12.091666666666667,1.3333333333333333,50.60332885165154,0.31755208333333335,1.0917225950782996,94,1.0477325152010244,0.5918211824727602,0.4477325152010248,0.2802245112636188,0.8085106382978723,RW,0.0008489005212504708
apartment,A,10,800,0.02,0.05,0.2,,0,0.3,0.2,2.0,20,0,0.07486979166666667,0.08385416666666666,0.6608072916666666,100.0,1.1,0.4,39.19260633583107,0.019125,0.45275590551181105,5,7.556504162868552,0.275249706146214,6.956504162868553,7.981617928852321,1.0,A,0.00032137369749989374
rubble,RW,120,800,0.02,0.05,0.2,,25,0.3,0.2,2.0,20,0,0.723463687150838,0.6657472067039106,0.9057262569832403,220.0,11.458333333333334,1.5833333333333333,51.711400165996004,0.3150104166666667,1.1759364358683313,99,1.0489007881243277,0.7088908371877258,0.44890078812432777,0.18899802728827075,0.8888888888888888,RW,0.0008468329687502773
apartment,A,10,800,0.02,0.05,0.2,,1,0.3,0.2,2.0,20,0,0.15234375,0.14501953124999997,0.7005208333333334,200.0,1.6,0.4,52.09266469642349,0.03775,0.9669421487603305,9,5.498956191531858,0.5563159950027993,4.898956191531858,5.480391365113542,1.0,A,0.0003391192187518755
rubble,RW,120,800,0.02,0.05,0.2,,26,0.3,0.2,2.0,20,0,0.6864525139664804,0.62356843575419,0.9385474860335196,260.0,12.483333333333333,1.3333333333333333,51.47064791813106,0.30492708333333335,1.0802197802197802,96,1.03871627604423,0.7366643782514171,0.43871627604423,0.16998591939202767,0.8020833333333334,RW,0.0008525789587497456
apartment,A,10,800,0.02,0.05,0.2,,2,0.3,0.2,2.0,20,0,0.12825520833333334,0.14098307291666665,0.65234375,220.0,2.2,0.4,53.164635016445644,0.0415,0.9205607476635516,9,5.095799216546505,0.7020262297109762,4.495799216546505,2.6066715838619556,1.0,A,0.00036008270875072414
apartment,A,10,800,0.02,0.05,0.2,,3,0.3,0.2,2.0,20,0,0.16471354166666666,0.17369791666666667,0.6985677083333334,200.0,1.3,0.4,53.743753036244655,0.0235,1.0326530612244897,10,3.942194135674842,0.4754667173671625,3.342194135674842,4.176485490753117,1.0,A,0.000342556458749641
rubble,RW,120,800,0.02,0.05,0.2,,27,0.3,0.2,2.0,20,0,0.7032122905027933,0.6835893854748604,0.9364525139664804,260.0,11.891666666666667,1.5833333333333333,51.78570139479736,0.3011979166666667,1.1102535832414555,98,1.0286252445612067,0.5968556266360739,0.4286252445612068,0.19842485201437154,0.7653061224489796,RW,0.0008556783862491102
apartment,A,10,800,0.02,0.05,0.2,,4,0.3,0.2,2.0,20,0,0.12369791666666667,0.12076822916666667,0.5559895833333334,140.0,0.7,0.8,43.149069377140634,0.021375,0.9090909090909091,7,3.8650670025331544,0.6161403944673534,3.2650670025331547,3.4372232922523813,1.0,A,0.00034719916624908364
rubble,RW,120,800,0.02,0.05,0.2,,28,0.3,0.2,2.0,20,0,0.7081005586592178,0.6466829608938549,0.8715083798882681,260.0,11.116666666666667,1.4833333333333334,48.830629093777915,0.32028125,1.0914962325080733,95,1.015097621773557,0.49924756483721133,0.415097621773557,0.22469365475956893,0.8526315789473684,RW,0.0008807488025013299
rubble,RW,120,800,0.02,0.05,0.2,,29,0.3,0.2,2.0,20,0,0.7402234636871509,0.6370810055865921,0.979050279329609,320.0,12.758333333333333,1.5,51.824356715272444,0.3305625,1.21699196326062,97,1.0799805591897378,0.6732847564082434,0.47998055918973787,0.25743699354494887,0.845360824742268,RW,0.0008797910937505548
apartment,A,10,800,0.02,0.05,0.2,,6,0.3,0.2,2.0,20,0,0.12044270833333333,0.11044921875000002,0.7018229166666666,220.0,1.2,0.5,49.00663337308388,0.0285,0.6654676258992805,7,7.280380412882761,0.44071564358596466,6.680380412882762,8.200995889599794,1.0,A,0.00032718291749915805
apartment,A,10,800,0.02,0.05,0.2,,5,0.3,0.2,2.0,20,0,0.13020833333333334,0.12646484375000003,0.4733072916666667,180.0,1.7,0.3,52.02164796268695,0.0405,0.7326007326007327,8,3.201604896117627,0.5650668402497075,2.6016048961176272,2.212829603846616,1.0,A,0.0003807701049981915
apartment,A,10,800,0.02,0.05,0.2,,7,0.3,0.2,2.0,20,0,0.134765625,0.12897135416666666,0.5638020833333334,100.0,1.9,0.4,58.81826144020673,0.030125,0.7162629757785467,8,4.717415844723244,0.5786592901683263,4.117415844723244,3.7296210466639947,1.0,A,0.00033701526125014426
apartment,A,10,800,0.02,0.05,0.2,,8,0.3,0.2,2.0,20,0,0.10546875,0.13043619791666666,0.6549479166666666,200.0,1.5,0.2,50.12326747854496,0.034625,0.6558704453441296,8,5.07942266055133,0.6986572258316387,4.4794226605513305,5.660195104522378,1.0,A,0.00034063062500081285
apartment,A,10,800,0.02,0.05,0.2,,11,0.3,0.2,2.0,20,0,0.10221354166666667,0.097265625,0.5436197916666666,180.0,1.3,0.3,38.6621082321469,0.0185,0.6061776061776062,6,6.964979467153985,0.11528184736301916,6.3649794671539865,6.5830882496802845,1.0,A,0.00032484994750120677
apartment,A,10,800,0.02,0.05,0.2,,9,0.3,0.2,2.0,20,0,0.10611979166666667,0.11197916666666666,0.5755208333333334,160.0,1.4,0.1,54.747413149256076,0.034625,0.6680327868852459,7,3.2465045507559642,0.7274102974756526,2.6465045507559632,2.8027406250735605,1.0,A,0.0003378354687492902
apartment,A,10,800,0.02,0.05,0.2,,10,0.3,0.2,2.0,20,0,0.14908854166666666,0.14899088541666666,0.771484375,280.0,1.2,0.7,55.59736370315968,0.030625,0.8388278388278387,9,4.568529632727691,0.4754609714452114,3.9685296327276913,4.304226827854228,1.0,A,0.0003697785412509802
apartment,A,10,800,0.02,0.05,0.2,,13,0.3,0.2,2.0,20,0,0.14453125,0.13199869791666669,0.7096354166666666,200.0,1.5,0.7,48.57114844976762,0.030875,0.9955156950672647,8,4.463705698521856,0.4070837183970926,3.8637056985218567,4.009830734035715,1.0,A,0.0003278205199990225
apartment,A,10,800,0.02,0.05,0.2,,12,0.3,0.2,2.0,20,0,0.16015625,0.1674479166666667,0.5442708333333334,180.0,1.3,0.5,66.39007578590444,0.03,0.9213483146067416,10,4.000813338798466,0.5946846624776893,3.4008133387984656,2.604001205743507,1.0,A,0.0003598328125008265
apartment,A,10,800,0.02,0.05,0.2,,14,0.3,0.2,2.0,20,0,0.17317708333333334,0.14658203125000002,0.6015625,160.0,2.3,0.5,48.07223168774692,0.0275,1.1981981981981982,9,4.185085268558783,0.2623238713481018,3.585085268558783,3.757324307502294,1.0,A,0.0003542841662488172
apartment,A,10,800,0.02,0.05,0.2,,15,0.3,0.2,2.0,20,0,0.171875,0.14869791666666668,0.5768229166666666,220.0,1.6,1.0,51.371015228659914,0.034375,1.1629955947136563,9,3.9606172946221516,0.32341666555133397,3.3606172946221524,3.9765299348844887,1.0,A,0.00035613698000133806
apartment,A,10,800,0.02,0.05,0.2,,16,0.3,0.2,2.0,20,0,0.166015625,0.16341145833333331,0.6165364583333334,340.0,2.0,0.4,56.557897143031404,0.032125,0.9883720930232558,10,4.30066278694658,0.5991465375064654,3.7006627869465794,2.5940772442658906,1.0,A,0.000365637864999826
apartment,A,10,800,0.02,0.05,0.2,,17,0.3,0.2,2.0,20,0,0.13606770833333334,0.13473307291666664,0.5208333333333334,200.0,1.0,0.4,54.673991149445854,0.024875,0.7133105802047782,8,4.0712106056942465,0.5569505062294867,3.4712106056942464,3.2977287571971448,1.0,A,0.0003438095825003984
apartment,A,10,800,0.02,0.05,0.2,,19,0.3,0.2,2.0,20,0,0.11002604166666667,0.10283203125,0.5325520833333334,200.0,1.1,0.6,50.919699861550654,0.027,0.6575875486381323,6,5.143232379803219,0.569506231350595,4.543232379803219,2.9220326714751472,1.0,A,0.0003769670837505146
apartment,A,10,800,0.02,0.05,0.2,,18,0.3,0.2,2.0,20,0,0.103515625,0.11608072916666667,0.4251302083333333,260.0,1.7,0.7,50.952023308105126,0.036875,0.7681159420289855,8,3.0114465056132573,0.9174208323228435,2.4114465056132572,0.9881898514461378,0.75,A,0.0003920881249996455
apartment,A,10,800,0.02,0.05,0.2,,21,0.3,0.2,2.0,20,0,0.11067708333333333,0.10924479166666667,0.6022135416666666,120.0,0.7,0.7,39.46250009354508,0.01925,0.6589147286821705,7,6.8682359422411166,0.12949014431766204,6.268235942241118,5.92907737326808,1.0,A,0.0003440825512507217
apartment,A,10,800,0.02,0.05,0.2,,20,0.3,0.2,2.0,20,0,0.13411458333333334,0.11630859375,0.5182291666666666,140.0,1.5,0.6,46.69707481573681,0.03375,1.0098039215686274,8,3.2596133477035134,0.3669382116378536,2.6596133477035133,2.3613218739428246,1.0,A,0.00036111510375121727
apartment,A,10,800,0.02,0.05,0.2,,23,0.3,0.2,2.0,20,0,0.10872395833333333,0.1158854166666667,0.73828125,180.0,0.7,0.5,44.107284087274486,0.013125,0.630188679245283,7,6.605552930200317,0.2468723569693076,6.0055529302003166,5.374790273977056,1.0,A,0.0003398643749983421
apartment,A,10,800,0.02,0.05,0.2,,22,0.3,0.2,2.0,20,0,0.15364583333333334,0.1439453125,0.5859375,140.0,1.4,0.7,56.180521803205714,0.0275,0.9516129032258065,9,3.9124216070958338,0.673099749648055,3.3124216070958337,2.1087330371292974,1.0,A,0.00039747541750102756
apartment,A,10,800,0.02,0.05,0.2,,24,0.3,0.2,2.0,20,0,0.12825520833333334,0.12734375,0.7779947916666666,240.0,1.1,0.5,49.92333923638283,0.0285,0.6501650165016503,8,6.009612764686084,0.43939488492719736,5.409612764686084,4.33851488718008,1.0,A,0.00037003697999807625
apartment,A,10,800,0.02,0.05,0.2,,25,0.3,0.2,2.0,20,0,0.15885416666666666,0.14931640625,0.7565104166666666,360.0,1.3,0.2,53.11700190723475,0.02125,0.9277566539923954,9,6.831844180788733,0.24801604075987996,6.231844180788733,6.122328797307869,1.0,A,0.0003614402599987443
apartment,A,10,800,0.02,0.05,0.2,,26,0.3,0.2,2.0,20,0,0.10091145833333333,0.10195312500000002,0.4173177083333333,280.0,1.5,0.5,48.990603784448716,0.026875,0.6739130434782608,6,6.83389293446302,0.7214572682281799,6.233892934463021,4.567171485586774,1.0,A,0.0003570736987512646
apartment,A,10,800,0.02,0.05,0.2,,27,0.3,0.2,2.0,20,0,0.11393229166666667,0.12815755208333332,0.541015625,120.0,1.3,0.4,42.69691491866327,0.023625,0.6944444444444444,8,3.822570213419204,0.6236302625588558,3.222570213419204,3.5074806772571674,1.0,A,0.00035507062500073517
apartment,A,10,800,0.02,0.05,0.2,,28,0.3,0.2,2.0,20,0,0.15885416666666666,0.15852864583333331,0.5807291666666666,80.0,1.3,0.6,51.634749640770906,0.0305,1.0166666666666666,10,4.026296627312439,0.5254460671023895,3.426296627312439,3.898135733520341,1.0,A,0.0003614576037489314
apartment,A,10,800,0.02,0.05,0.2,,29,0.3,0.2,2.0,20,0,0.125,0.11295572916666667,0.51953125,140.0,1.9,0.3,47.50365450636419,0.036,0.9099526066350712,7,4.904486978920678,0.6467469534660737,4.304486978920678,2.512252750231828,1.0,A,0.000366924375000508
apartment,A,30,800,0.02,0.05,0.2,,1,0.3,0.2,2.0,20,0,0.40625,0.35458984375,0.8860677083333334,200.0,3.8,0.4666666666666667,54.38519473122056,0.07279166666666667,1.036544850498339,24,2.568810272218931,0.54437707254477,1.9688102722189311,2.061515957631273,1.0,A,0.00047014895875008734
apartment,A,30,800,0.02,0.05,0.2,,0,0.3,0.2,2.0,20,0,0.3776041666666667,0.36295572916666663,0.869140625,260.0,3.2,0.9666666666666667,59.46386274326222,0.06779166666666667,0.8541973490427098,26,2.049590207833731,0.7329771753995443,1.449590207833731,1.188809581488665,1.0,A,0.0005050230725009896
apartment,A,30,800,0.02,0.05,0.2,,2,0.3,0.2,2.0,20,0,0.279296875,0.28619791666666666,0.7662760416666666,280.0,3.033333333333333,0.6,51.48559327695636,0.06420833333333334,0.7185929648241206,19,2.4882125222348486,0.6240736375817449,1.8882125222348498,1.681803590656839,1.0,A,0.000454454583750703
apartment,A,30,800,0.02,0.05,0.2,,3,0.3,0.2,2.0,20,0,0.310546875,0.3267903645833333,0.787109375,300.0,3.7666666666666666,0.5666666666666667,55.53627008728229,0.07404166666666667,0.8517857142857144,22,2.000208106973573,0.8747113605252728,1.4002081069735726,0.7057233757036069,1.0,A,0.0004771693224984119
apartment,A,30,800,0.02,0.05,0.2,,4,0.3,0.2,2.0,20,0,0.3782552083333333,0.3309244791666667,0.744140625,200.0,3.5,0.4666666666666667,55.48140849187897,0.07695833333333334,0.9251592356687898,25,2.23575919845044,0.6941393604134835,1.6357591984504398,1.5676681133972563,0.84,A,0.0004977704687507867
apartment,A,30,800,0.02,0.05,0.2,,5,0.3,0.2,2.0,20,0,0.3756510416666667,0.38606770833333337,0.916015625,320.0,4.0,0.36666666666666664,57.108747068876106,0.08491666666666667,0.8973561430793157,27,1.6585927888840106,0.8745345419561367,1.0585927888840105,0.45632338292466457,1.0,A,0.0004900738549986272
apartment,A,30,800,0.02,0.05,0.2,,6,0.3,0.2,2.0,20,0,0.33984375,0.3152994791666667,0.7571614583333334,280.0,3.1666666666666665,0.43333333333333335,49.21890971241918,0.08045833333333334,0.9560439560439561,21,2.836421124928012,0.7381339039646196,2.236421124928012,1.8479514406702382,0.9047619047619048,A,0.0004792083337497388
apartment,A,30,800,0.02,0.05,0.2,,7,0.3,0.2,2.0,20,0,0.3079427083333333,0.3152994791666667,0.849609375,280.0,3.3,0.4666666666666667,58.68284452662241,0.07229166666666667,0.8127147766323024,22,2.464376411457025,0.5856052052394012,1.8643764114570247,1.3821604351449093,1.0,A,0.0004797492712509666
apartment,A,30,800,0.02,0.05,0.2,,8,0.3,0.2,2.0,20,0,0.3684895833333333,0.3685221354166667,0.9205729166666666,320.0,3.3333333333333335,0.4,55.13849086806839,0.07908333333333334,0.9027113237639552,25,2.435802092470727,0.7412869447695383,1.8358020924707272,1.0402015223037209,1.0,A,0.0004718761974982044
apartment,A,30,800,0.02,0.05,0.2,,9,0.3,0.2,2.0,20,0,0.3723958333333333,0.3514322916666667,0.7897135416666666,340.0,2.8333333333333335,0.5,57.15909490962329,0.07108333333333333,0.981132075471698,24,2.1511537146839896,0.5099407277522395,1.5511537146839895,1.127259035870067,1.0,A,0.0004670256762506142
apartment,A,30,800,0.02,0.05,0.2,,11,0.3,0.2,2.0,20,0,0.3229166666666667,0.33203125,0.8860677083333334,260.0,3.4,0.6,53.50914404767088,0.07275,0.8920863309352518,22,2.802546767245577,0.8360860544082956,2.2025467672455767,0.7102444424848943,1.0,A,0.0004733708337516873
apartment,A,30,800,0.02,0.05,0.2,,10,0.3,0.2,2.0,20,0,0.34375,0.3404622395833333,0.7122395833333334,320.0,3.1333333333333333,0.36666666666666664,57.37472636907814,0.06666666666666667,0.9361702127659575,26,2.1314651856470923,0.8235574342465438,1.5314651856470927,0.9677091252922603,1.0,A,0.0004764415100021324
apartment,A,30,800,0.02,0.05,0.2,,12,0.3,0.2,2.0,20,0,0.3157552083333333,0.32887369791666665,0.9609375,280.0,3.066666666666667,0.5,50.59850564313839,0.06504166666666666,0.7293233082706767,21,2.8855767511510337,0.6552905194286104,2.2855767511510345,1.7315032509048853,1.0,A,0.0004621145312512454
apartment,A,30,800,0.02,0.05,0.2,,13,0.3,0.2,2.0,20,0,0.3470052083333333,0.35029296875,0.8326822916666666,380.0,3.933333333333333,0.5333333333333333,58.471157677419015,0.08304166666666667,0.7636103151862464,24,2.3545998851004213,0.7309050600803784,1.7545998851004212,1.3292157936575715,1.0,A,0.0004781118749997404
apartment,A,30,800,0.02,0.05,0.2,,14,0.3,0.2,2.0,20,0,0.3841145833333333,0.39892578124999994,0.806640625,340.0,3.6,0.7666666666666667,63.7676049453682,0.077375,1.0016977928692699,28,1.6287064175931476,0.6340073493221975,1.0287064175931475,0.47095385422829816,1.0,A,0.0004687570837518251
apartment,A,30,800,0.02,0.05,0.2,,15,0.3,0.2,2.0,20,0,0.4049479166666667,0.34785156249999993,0.77734375,200.0,3.6333333333333333,0.4666666666666667,56.44968277703848,0.069375,1.070567986230637,24,2.3783543321960003,0.4952864759410216,1.7783543321960005,1.6982391432377744,1.0,A,0.0004575058862519654
apartment,A,30,800,0.02,0.05,0.2,,17,0.3,0.2,2.0,20,0,0.3763020833333333,0.3507161458333333,0.8483072916666666,280.0,3.966666666666667,0.6,56.49228173723522,0.0885,0.8678678678678678,22,2.480452208519218,0.5276867452848489,1.8804522085192177,1.4389751772222272,1.0,A,0.00044099718749976094
apartment,A,30,800,0.02,0.05,0.2,,16,0.3,0.2,2.0,20,0,0.3326822916666667,0.33225911458333335,0.8639322916666666,360.0,2.8666666666666667,0.5333333333333333,53.029694813858086,0.06491666666666666,0.7126917712691772,21,2.7530610233849924,0.6237124496413371,2.1530610233849927,1.5441051166035549,1.0,A,0.00045694223874988895
apartment,A,30,800,0.02,0.05,0.2,,20,0.3,0.2,2.0,20,0,0.4075520833333333,0.3799153645833333,0.8313802083333334,360.0,3.1,0.36666666666666664,53.700528293972184,0.07883333333333334,0.9735614307931569,26,2.5532844167344706,0.6222335157609693,1.9532844167344707,1.3381280443759258,0.9230769230769231,A,0.00044816333249855236
apartment,A,30,800,0.02,0.05,0.2,,18,0.3,0.2,2.0,20,0,0.3470052083333333,0.3443359375,0.9466145833333334,240.0,2.8333333333333335,0.3,51.13832001690084,0.05541666666666667,0.9221453287197232,23,2.3488706933281556,0.4911874213560896,1.7488706933281555,1.8606351393033589,1.0,A,0.00047547661499947936
apartment,A,30,800,0.02,0.05,0.2,,19,0.3,0.2,2.0,20,0,0.4244791666666667,0.39850260416666666,0.8138020833333334,220.0,3.6,0.3333333333333333,58.866523218682886,0.077375,1.147887323943662,27,1.90681506882898,0.6243638654326628,1.3068150688289801,0.918200909129126,1.0,A,0.00047187125000164087
apartment,A,30,800,0.02,0.05,0.2,,21,0.3,0.2,2.0,20,0,0.3782552083333333,0.38102213541666663,0.9231770833333334,320.0,3.3,0.36666666666666664,56.43808582661332,0.07795833333333334,0.9092331768388106,25,1.9798225877822833,0.7123807244578565,1.3798225877822832,1.090206615544131,1.0,A,0.0004368855212487688
apartment,A,30,800,0.02,0.05,0.2,,22,0.3,0.2,2.0,20,0,0.3821614583333333,0.36962890624999994,0.8626302083333334,240.0,3.2,0.6666666666666666,56.730031126152994,0.06933333333333333,0.9591503267973855,25,2.294126625013971,0.7663315961137438,1.6941266250139713,0.9097297575193145,1.0,A,0.0004555308337489805
apartment,A,30,800,0.02,0.05,0.2,,23,0.3,0.2,2.0,20,0,0.349609375,0.37041015625000007,0.8841145833333334,340.0,3.5,0.7333333333333333,58.75611006058958,0.07295833333333333,0.8675282714054927,26,2.101844955132844,0.6363667252048513,1.5018449551328443,1.1602388728442257,1.0,A,0.00045889223999893145
apartment,A,30,800,0.02,0.05,0.2,,24,0.3,0.2,2.0,20,0,0.3138020833333333,0.33274739583333335,0.9303385416666666,380.0,4.133333333333334,0.23333333333333334,51.60681457717599,0.076625,0.7438271604938271,22,1.815611994951613,0.7988071627059137,1.215611994951613,0.7616952046722133,1.0,A,0.0004701624475001154
apartment,A,30,800,0.02,0.05,0.2,,25,0.3,0.2,2.0,20,0,0.3033854166666667,0.31832682291666664,0.8444010416666666,280.0,3.466666666666667,0.4,51.696940372241166,0.06904166666666667,0.7103658536585367,22,2.49566324585696,0.6940578485241622,1.8956632458569602,1.5963986723102719,1.0,A,0.00047317609375113534
apartment,A,30,800,0.02,0.05,0.2,,26,0.3,0.2,2.0,20,0,0.3118489583333333,0.33121744791666663,0.9420572916666666,340.0,4.4,0.4666666666666667,55.54507706807952,0.09216666666666666,0.770096463022508,23,2.2863444973804756,0.662607973294964,1.6863444973804753,0.8629013385370842,0.9130434782608695,A,0.00046290822875107553
apartment,A,30,800,0.02,0.05,0.2,,27,0.3,0.2,2.0,20,0,0.37890625,0.36748046875,0.884765625,240.0,3.0,0.6666666666666666,55.4397482138052,0.057125,0.9494290375203914,24,2.2290513826300398,0.6105112269862545,1.6290513826300401,1.4405997319182915,0.9166666666666666,A,0.0004357424999989234
apartment,A,30,800,0.02,0.05,0.2,,28,0.3,0.2,2.0,20,0,0.3483072916666667,0.3567057291666667,0.7630208333333334,200.0,4.633333333333334,0.6666666666666666,59.14676179261054,0.09029166666666667,0.9037162162162162,25,2.0856872514472067,0.7743506202156663,1.4856872514472068,0.9599809794033217,1.0,A,0.0004606828124997264
apartment,A,30,800,0.02,0.05,0.2,,29,0.3,0.2,2.0,20,0,0.2858072916666667,0.3092122395833333,0.6744791666666666,260.0,3.7666666666666666,0.4666666666666667,54.06918552004338,0.073125,0.8393881453154876,24,1.9520665668941992,0.7562512353029915,1.352066566894199,0.9373971149496965,1.0,A,0.0004964923962484136
apartment,A,60,800,0.02,0.05,0.2,,0,0.3,0.2,2.0,20,0,0.5677083333333334,0.5310872395833333,0.9635416666666666,220.0,5.816666666666666,0.5333333333333333,55.662630282165665,0.12925,1.092731829573935,47,1.513207072861212,0.8066213701020332,0.9132070728612116,0.35871951724483697,0.9148936170212766,A,0.0005914084900018679
apartment,A,60,800,0.02,0.05,0.2,,1,0.3,0.2,2.0,20,0,0.5149739583333334,0.4997721354166667,0.8639322916666666,220.0,4.9,0.4666666666666667,55.630379057098146,0.11835416666666666,0.9009111617312073,46,1.321283253709561,0.5130534170104156,0.7212832537095608,0.4994446963665852,0.9565217391304348,A,0.0005966502599994783
apartment,A,60,800,0.02,0.05,0.2,,2,0.3,0.2,2.0,20,0,0.5572916666666666,0.5763671875,0.94921875,400.0,5.433333333333334,0.4,59.61932560090831,0.11970833333333333,0.9617977528089886,53,1.448305423620844,0.651863252013748,0.848305423620844,0.6752554973770714,0.8679245283018868,A,0.0005955828125001972
apartment,A,60,800,0.02,0.05,0.2,,5,0.3,0.2,2.0,20,0,0.6256510416666666,0.5758463541666666,0.9739583333333334,280.0,5.016666666666667,0.6333333333333333,57.0066934542201,0.1289375,1.2899328859060402,51,1.4844816087557933,0.6960810569441802,0.8844816087557936,0.48613179834225784,0.9607843137254902,A,0.000586516718749408
apartment,A,60,800,0.02,0.05,0.2,,4,0.3,0.2,2.0,20,0,0.5546875,0.5436523437499999,0.9016927083333334,380.0,4.833333333333333,0.3333333333333333,54.76235720690868,0.11304166666666667,0.8693877551020408,44,1.4395651657614572,0.5222126834746432,0.8395651657614572,0.5706585185770652,0.9545454545454546,A,0.0005950699474988142
apartment,A,60,800,0.02,0.05,0.2,,3,0.3,0.2,2.0,20,0,0.611328125,0.6072265625000001,0.927734375,320.0,6.183333333333334,0.5,62.75472839158911,0.1348125,1.0140388768898487,55,1.2452429305929138,0.47475039197498886,0.6452429305929137,0.4911283552294764,0.8909090909090909,A,0.0006128068749990235
apartment,A,60,800,0.02,0.05,0.2,,6,0.3,0.2,2.0,20,0,0.6048177083333334,0.5613932291666667,0.9733072916666666,320.0,5.666666666666667,0.4,55.15820361764364,0.126,1.1641604010025064,46,1.702860470516942,0.5377436438057505,1.102860470516942,1.0281483520563774,1.0,A,0.0005963975512509024
apartment,A,60,800,0.02,0.05,0.2,,7,0.3,0.2,2.0,20,0,0.5377604166666666,0.5416992187499999,0.9739583333333334,360.0,4.15,0.4,55.71678348034898,0.10327083333333334,0.8506694129763129,45,1.424111268576693,0.622427763005155,0.8241112685766929,0.6447915965224665,0.9555555555555556,A,0.0005774179162494875
apartment,A,60,800,0.02,0.05,0.2,,8,0.3,0.2,2.0,20,0,0.5358072916666666,0.4927734374999999,0.8444010416666666,280.0,4.916666666666667,0.5666666666666667,52.79570427985352,0.116,1.0287499999999998,42,1.2510978885845727,0.3831090326477952,0.651097888584573,0.4777337839352753,1.0,A,0.000565753333748944
apartment,A,60,800,0.02,0.05,0.2,,9,0.3,0.2,2.0,20,0,0.5436197916666666,0.5159830729166666,0.947265625,280.0,4.966666666666667,0.45,56.72989045455809,0.11035416666666667,1.029593094944513,45,1.4982127949668589,0.7571224123075424,0.898212794966859,0.35804245896272646,0.9555555555555556,A,0.0005945393224988039
apartment,A,60,800,0.02,0.05,0.2,,11,0.3,0.2,2.0,20,0,0.5501302083333334,0.5337565104166668,0.8990885416666666,340.0,5.483333333333333,0.48333333333333334,56.41502385471225,0.11879166666666667,1.0292326431181487,46,1.6104335064978783,0.7542224325453529,1.0104335064978784,0.7161812503601189,0.9565217391304348,A,0.0005890308337507122
apartment,A,60,800,0.02,0.05,0.2,,10,0.3,0.2,2.0,20,0,0.515625,0.4920247395833333,0.8899739583333334,320.0,5.85,0.5333333333333333,55.440487678743494,0.11577083333333334,1.036649214659686,43,1.608793768123821,0.6864323276913786,1.008793768123821,0.7323694679209279,0.9069767441860465,A,0.0006122274487483991
apartment,A,60,800,0.02,0.05,0.2,,12,0.3,0.2,2.0,20,0,0.576171875,0.5218749999999999,0.783203125,360.0,5.983333333333333,0.35,58.869939662496854,0.12589583333333335,1.2360335195530727,50,1.4801653624642284,0.6311528623995223,0.8801653624642286,0.3991307787549204,0.92,A,0.0005818814575013675
apartment,A,60,800,0.02,0.05,0.2,,13,0.3,0.2,2.0,20,0,0.552734375,0.5462565104166666,0.9049479166666666,280.0,4.483333333333333,0.36666666666666664,55.84221779604731,0.1115625,0.9198266522210183,43,1.4822659795634605,0.6943866523606316,0.8822659795634605,0.5467718106113767,0.9534883720930233,A,0.000581948490000741
apartment,A,60,800,0.02,0.05,0.2,,14,0.3,0.2,2.0,20,0,0.5690104166666666,0.5326171875,0.9264322916666666,320.0,5.2,0.5333333333333333,54.74753225942577,0.1120625,1.036773428232503,47,1.4787439450339714,0.6633656790341488,0.8787439450339714,0.4554434281549614,0.9574468085106383,A,0.0005990023437516356
apartment,A,60,800,0.02,0.05,0.2,,15,0.3,0.2,2.0,20,0,0.5208333333333334,0.5096354166666668,0.8912760416666666,300.0,5.416666666666667,0.2833333333333333,55.77081314531998,0.10547916666666667,0.8771929824561404,43,1.5727521233581219,0.6526467505779574,0.9727521233581218,0.594531328446931,1.0,A,0.0005879740625005069
apartment,A,60,800,0.02,0.05,0.2,,16,0.3,0.2,2.0,20,0,0.634765625,0.5467447916666666,0.904296875,240.0,5.75,0.4666666666666667,59.0901409194379,0.13039583333333332,1.1775362318840579,53,1.3370360536663128,0.4719710860793866,0.7370360536663131,0.6303961697187418,0.9622641509433962,A,0.0006027577612508139
apartment,A,60,800,0.02,0.05,0.2,,17,0.3,0.2,2.0,20,0,0.5930989583333334,0.5776692708333335,0.9602864583333334,300.0,5.05,0.35,58.417725389497974,0.1175,1.048331415420023,47,1.4126459521687311,0.608891592507173,0.8126459521687316,0.546740930581226,0.9574468085106383,A,0.0006030637499998192
apartment,A,60,800,0.02,0.05,0.2,,18,0.3,0.2,2.0,20,0,0.6041666666666666,0.5273763020833333,0.873046875,160.0,5.416666666666667,0.5333333333333333,61.447798888511606,0.1201875,1.1289537712895377,51,1.6238649523394588,0.5981243059410587,1.023864952339459,0.589579303092372,0.9607843137254902,A,0.0005870914062506927
apartment,A,60,800,0.02,0.05,0.2,,19,0.3,0.2,2.0,20,0,0.5305989583333334,0.5184570312500001,0.8873697916666666,280.0,5.5,0.38333333333333336,56.70806872648132,0.12458333333333334,1.0074165636588381,47,1.5434172838339035,0.6867134511078088,0.9434172838339031,0.4977161596273273,1.0,A,0.0005950276562498402
apartment,A,60,800,0.02,0.05,0.2,,20,0.3,0.2,2.0,20,0,0.583984375,0.55732421875,0.9440104166666666,320.0,5.483333333333333,0.36666666666666664,58.03408233360369,0.13179166666666667,1.0653206650831353,52,1.2230917589174208,0.647080847053074,0.6230917589174209,0.26355424665657695,1.0,A,0.0006255530212479244
apartment,A,60,800,0.02,0.05,0.2,,22,0.3,0.2,2.0,20,0,0.5774739583333334,0.5205403645833334,0.833984375,360.0,5.2,0.4166666666666667,56.27824905154941,0.11991666666666667,1.0,43,1.6540531853958547,0.5586943130935919,1.0540531853958548,0.5793968913975364,0.9534883720930233,A,0.0005809256775000904
apartment,A,60,800,0.02,0.05,0.2,,21,0.3,0.2,2.0,20,0,0.6334635416666666,0.62578125,0.9609375,320.0,5.75,0.4666666666666667,62.60650271606625,0.12377083333333333,1.0969560315670799,55,1.4712831783792772,0.6608777276902625,0.8712831783792773,0.678962359155212,0.9272727272727272,A,0.0006027554175011573
apartment,A,60,800,0.02,0.05,0.2,,23,0.3,0.2,2.0,20,0,0.6354166666666666,0.5302408854166665,0.904296875,280.0,5.8,0.5166666666666667,59.61505585159675,0.126125,1.2401524777636594,50,1.459605890255865,0.5524323103764258,0.8596058902558652,0.6391493283168712,1.0,A,0.0005881715624991557
apartment,A,60,800,0.02,0.05,0.2,,24,0.3,0.2,2.0,20,0,0.7037760416666666,0.6058919270833332,0.9720052083333334,280.0,5.516666666666667,0.5,61.3288927526149,0.12733333333333333,1.1905286343612334,55,1.4613396242013437,0.6480532300341151,0.861339624201344,0.5844368968767445,0.9272727272727272,A,0.000598044166249565
apartment,A,60,800,0.02,0.05,0.2,,25,0.3,0.2,2.0,20,0,0.4895833333333333,0.5442057291666667,0.849609375,320.0,4.983333333333333,0.3,58.45111587357675,0.1104375,0.8815943728018758,47,1.4720284135747455,0.6060296247808055,0.8720284135747455,0.6301343512170402,0.8723404255319149,A,0.0005780566662497221
apartment,A,60,800,0.02,0.05,0.2,,26,0.3,0.2,2.0,20,0,0.5904947916666666,0.5818033854166667,0.9440104166666666,300.0,5.533333333333333,0.5,60.70342156789607,0.12004166666666667,1.0318543799772468,51,1.2714080028893395,0.5322140586103689,0.6714080028893396,0.5364860736323965,0.9215686274509803,A,0.0006097177600008763
apartment,A,60,800,0.02,0.05,0.2,,27,0.3,0.2,2.0,20,0,0.5279947916666666,0.5107096354166667,0.8763020833333334,220.0,4.933333333333334,0.38333333333333336,56.95240378312617,0.1134375,0.9724220623501199,46,1.1778194710116592,0.5743206380292193,0.5778194710116591,0.2831301460587741,0.9130434782608695,A,0.000596624218751458
apartment,A,60,800,0.02,0.05,0.2,,28,0.3,0.2,2.0,20,0,0.5638020833333334,0.5756510416666667,0.8971354166666666,340.0,4.966666666666667,0.4,58.255324142093045,0.11960416666666666,1.0058072009291523,50,1.431236409412644,0.7180466048412437,0.831236409412644,0.5022760478737797,0.88,A,0.0005744519275003768
apartment,A,60,800,0.02,0.05,0.2,,29,0.3,0.2,2.0,20,0,0.53515625,0.5448567708333333,0.955078125,360.0,5.85,0.5,57.83840851531384,0.11008333333333334,0.845679012345679,45,1.4460717313230909,0.6526586442390058,0.8460717313230907,0.4522978653051474,0.9111111111111111,A,0.0005725106250019963
apartment,A,90,800,0.02,0.05,0.2,,0,0.3,0.2,2.0,20,0,0.7174479166666666,0.63564453125,0.9459635416666666,360.0,7.055555555555555,0.32222222222222224,56.05255961370317,0.18065277777777777,1.1798715203426124,75,1.2042632755536566,0.6315497868815257,0.6042632755536567,0.327533577105134,0.92,A,0.0007405980737507889
apartment,A,90,800,0.02,0.05,0.2,,1,0.3,0.2,2.0,20,0,0.6803385416666666,0.6036783854166666,0.9244791666666666,260.0,6.666666666666667,0.37777777777777777,55.84812500555269,0.1778472222222222,1.1236559139784945,72,1.2395622059044067,0.738656116834478,0.6395622059044067,0.2773649072516077,0.9027777777777778,A,0.0007503678124999169
apartment,A,90,800,0.02,0.05,0.2,,2,0.3,0.2,2.0,20,0,0.7291666666666666,0.6141601562500001,0.890625,340.0,7.188888888888889,0.37777777777777777,55.38025403761731,0.18879166666666666,1.1522633744855966,73,1.2910443749357046,0.5640769230533063,0.6910443749357044,0.4609789120517277,0.9178082191780822,A,0.0007353740099983952
apartment,A,90,800,0.02,0.05,0.2,,3,0.3,0.2,2.0,20,0,0.72265625,0.6701497395833333,0.9733072916666666,200.0,6.911111111111111,0.36666666666666664,54.59917817114487,0.17827777777777779,1.184631803628602,72,1.2709300312280662,0.7067524125341862,0.6709300312280662,0.3362244256081952,0.8888888888888888,A,0.0007003743750010472
apartment,A,90,800,0.02,0.05,0.2,,4,0.3,0.2,2.0,20,0,0.6497395833333334,0.63486328125,0.90234375,340.0,6.2444444444444445,0.3333333333333333,53.18779206688793,0.1671527777777778,0.9477682811016145,67,1.1833530428444758,0.5568865283409485,0.5833530428444756,0.25481490486293545,0.8656716417910447,A,0.0007133804687509837
apartment,A,90,800,0.02,0.05,0.2,,5,0.3,0.2,2.0,20,0,0.69140625,0.6589843750000001,0.9674479166666666,320.0,6.933333333333334,0.34444444444444444,56.38022299544966,0.18454166666666666,1.1074035453597497,78,1.1458140731486368,0.6849306537424841,0.545814073148637,0.31664886941049475,0.9102564102564102,A,0.0007491022399995018
apartment,A,90,800,0.02,0.05,0.2,,6,0.3,0.2,2.0,20,0,0.6901041666666666,0.5963216145833333,0.978515625,320.0,7.588888888888889,0.34444444444444444,54.08035310464897,0.18443055555555554,1.1936936936936937,72,1.2856038664562908,0.5858637108910206,0.6856038664562908,0.44341633358574384,0.9722222222222222,A,0.0007112335937517855
apartment,A,90,800,0.02,0.05,0.2,,7,0.3,0.2,2.0,20,0,0.6985677083333334,0.62880859375,0.9244791666666666,360.0,6.377777777777778,0.36666666666666664,54.21800749098891,0.16618055555555555,1.0160984848484849,68,1.24552719568839,0.5480358915629926,0.6455271956883897,0.4046084592151723,0.8823529411764706,A,0.0006813536987510815
apartment,A,90,800,0.02,0.05,0.2,,8,0.3,0.2,2.0,20,0,0.7473958333333334,0.6857747395833333,0.9453125,300.0,6.9,0.37777777777777777,57.183784755149574,0.16848611111111111,1.0840415486307837,77,1.1991059182941999,0.6615822032998361,0.5991059182942002,0.29248093147317344,0.948051948051948,A,0.000721283593750286
apartment,A,90,800,0.02,0.05,0.2,,9,0.3,0.2,2.0,20,0,0.673828125,0.6667317708333333,0.970703125,300.0,6.8,0.4222222222222222,55.14113533324351,0.17052777777777778,1.0465116279069766,71,1.235734459962663,0.6831439829028659,0.6357344599626634,0.3733991499494649,0.9154929577464789,A,0.0007056781250003041
apartment,A,90,800,0.02,0.05,0.2,,11,0.3,0.2,2.0,20,0,0.6764322916666666,0.6448567708333334,0.9440104166666666,300.0,6.7555555555555555,0.3333333333333333,55.401810290530385,0.16591666666666666,1.0136585365853656,70,1.2181274031279798,0.7282888684371274,0.6181274031279796,0.26270686634105844,0.9428571428571428,A,0.0006867109375002656
apartment,A,90,800,0.02,0.05,0.2,,10,0.3,0.2,2.0,20,0,0.623046875,0.6333658854166667,0.900390625,380.0,7.377777777777778,0.35555555555555557,55.91038730740777,0.18081944444444445,0.967644084934277,75,0.9950705280500631,0.44682625353327327,0.3950705280500629,0.26193965284937903,0.8933333333333333,A,0.0007161971875007112
apartment,A,90,800,0.02,0.05,0.2,,13,0.3,0.2,2.0,20,0,0.7102864583333334,0.6715494791666667,0.927734375,360.0,7.266666666666667,0.35555555555555557,55.71031521179595,0.18433333333333332,1.1668449197860962,75,1.167877023856893,0.548662001312814,0.5678770238568932,0.26047099359097237,0.8933333333333333,A,0.0006916872400006468
apartment,A,90,800,0.02,0.05,0.2,,12,0.3,0.2,2.0,20,0,0.6608072916666666,0.6441406249999999,0.966796875,320.0,6.9222222222222225,0.3888888888888889,56.06546447781771,0.18325,1.0529045643153527,73,1.1107121967917075,0.7413433276688045,0.5107121967917074,0.21722322261387672,0.8493150684931506,A,0.000731015885000943
apartment,A,90,800,0.02,0.05,0.2,,14,0.3,0.2,2.0,20,0,0.71484375,0.6480143229166666,0.9375,280.0,7.333333333333333,0.4,55.08349738290013,0.1827777777777778,1.1631355932203389,75,1.1889740362171808,0.636615636516547,0.588974036217181,0.3789074039087109,0.9466666666666667,A,0.0007079377075001503
apartment,A,90,800,0.02,0.05,0.2,,15,0.3,0.2,2.0,20,0,0.7115885416666666,0.6541992187499999,0.9036458333333334,280.0,7.288888888888889,0.4888888888888889,55.7125872868845,0.1842638888888889,1.2392290249433107,77,1.1623295649083578,0.5635762749167439,0.5623295649083578,0.3998044965892673,0.9090909090909091,A,0.0007315248437498667
apartment,A,90,800,0.02,0.05,0.2,,16,0.3,0.2,2.0,20,0,0.736328125,0.6732747395833333,0.8997395833333334,340.0,7.355555555555555,0.34444444444444444,55.85360960994069,0.17773611111111112,1.0599812558575445,75,1.1655858855644081,0.5794389441106358,0.5655858855644079,0.3848774004511726,0.8933333333333333,A,0.0007210899474989674
apartment,A,90,800,0.02,0.05,0.2,,17,0.3,0.2,2.0,20,0,0.6484375,0.6052408854166667,0.8776041666666666,300.0,6.888888888888889,0.37777777777777777,55.674503954013666,0.17075,1.1128491620111733,73,1.0427482121709206,0.4775441099580126,0.44274821217092075,0.25573075763030806,0.8904109589041096,A,0.000714230989999578
apartment,A,90,800,0.02,0.05,0.2,,18,0.3,0.2,2.0,20,0,0.6451822916666666,0.6404947916666666,0.8717447916666666,220.0,6.7444444444444445,0.35555555555555557,55.336546521256906,0.178,1.1496519721577727,74,1.1095176547530998,0.6326484022157505,0.5095176547530997,0.2163040636330098,0.9054054054054054,A,0.000708903019999525
apartment,A,90,800,0.02,0.05,0.2,,20,0.3,0.2,2.0,20,0,0.658203125,0.6183919270833333,0.986328125,300.0,7.155555555555556,0.4,51.59151650803907,0.18969444444444444,1.1397970687711385,65,1.356072271377593,0.7255380754211475,0.756072271377593,0.4004608084804008,0.8769230769230769,A,0.0006895882812500531
apartment,A,90,800,0.02,0.05,0.2,,19,0.3,0.2,2.0,20,0,0.6927083333333334,0.6407552083333334,0.9016927083333334,360.0,7.466666666666667,0.37777777777777777,55.44743747011278,0.18729166666666666,1.0431372549019609,74,1.1025840610664746,0.5631102016858727,0.5025840610664747,0.2467928119696527,0.8918918918918919,A,0.0007308477599985964
apartment,A,90,800,0.02,0.05,0.2,,22,0.3,0.2,2.0,20,0,0.697265625,0.6236653645833333,0.9427083333333334,300.0,6.733333333333333,0.3333333333333333,53.40784872908817,0.17518055555555556,1.2310344827586206,67,1.345945806727889,0.7591243727149148,0.7459458067278891,0.3257619670631928,0.8955223880597015,A,0.0006767443224998715
apartment,A,90,800,0.02,0.05,0.2,,21,0.3,0.2,2.0,20,0,0.728515625,0.6897135416666667,0.9557291666666666,340.0,7.166666666666667,0.3333333333333333,58.65945453042172,0.1810277777777778,1.2123510292524375,79,1.14610938658519,0.4937986445315185,0.54610938658519,0.3515203616385498,0.9113924050632911,A,0.0007171102600000268
apartment,A,90,800,0.02,0.05,0.2,,23,0.3,0.2,2.0,20,0,0.6569010416666666,0.5947916666666666,0.982421875,300.0,7.2555555555555555,0.3333333333333333,52.526655986431294,0.17266666666666666,1.0348717948717947,67,1.3019700043052786,0.7042250598100798,0.701970004305279,0.2725287440323797,0.9701492537313433,A,0.0007024060412504695
apartment,A,90,800,0.02,0.05,0.2,,24,0.3,0.2,2.0,20,0,0.6217447916666666,0.634375,0.9895833333333334,300.0,6.5777777777777775,0.28888888888888886,54.414902566827976,0.1756111111111111,0.9464816650148662,71,1.1505003493174335,0.602381280922773,0.5505003493174335,0.3116216199336681,0.9154929577464789,A,0.000710730781249822
apartment,A,90,800,0.02,0.05,0.2,,25,0.3,0.2,2.0,20,0,0.705078125,0.5701171875,0.9388020833333334,240.0,6.888888888888889,0.37777777777777777,50.970835039049184,0.17393055555555556,1.2756183745583038,66,1.3127539785763183,0.5921360485906193,0.712753978576318,0.36943704900711793,0.9696969696969697,A,0.0006938156775004245
apartment,A,90,800,0.02,0.05,0.2,,26,0.3,0.2,2.0,20,0,0.6979166666666666,0.665625,0.8977864583333334,320.0,7.333333333333333,0.3888888888888889,56.83315371224913,0.185375,1.0709290709290709,76,1.1777971218652465,0.4662427533458847,0.5777971218652465,0.4245321313947926,0.8947368421052632,A,0.0008426176049988499
apartment,A,90,800,0.02,0.05,0.2,,27,0.3,0.2,2.0,20,0,0.6627604166666666,0.6444986979166667,0.9244791666666666,340.0,7.2,0.3,55.185720539858224,0.18169444444444444,1.0345528455284552,74,1.3178968389516645,0.7604863683274258,0.7178968389516645,0.3556191616856176,0.972972972972973,A,0.0007318231249996643
apartment,A,90,800,0.02,0.05,0.2,,28,0.3,0.2,2.0,20,0,0.7057291666666666,0.6197591145833332,0.9739583333333334,320.0,7.677777777777778,0.5,56.68522600149715,0.19430555555555556,1.2560834298957124,77,1.055150300259689,0.4868223627996724,0.45515030025968867,0.2385354502077418,0.8441558441558441,A,0.0007253293750000011
apartment,A,90,800,0.02,0.05,0.2,,29,0.3,0.2,2.0,20,0,0.734375,0.6446614583333334,0.91015625,280.0,6.844444444444444,0.32222222222222224,55.912193108420695,0.18461111111111111,1.2674157303370785,75,1.216954881814523,0.44648613822065003,0.6169548818145232,0.4701592161310514,0.92,A,0.0007646097387487316
apartment,A,120,800,0.02,0.05,0.2,,0,0.3,0.2,2.0,20,0,0.716796875,0.6666341145833333,0.947265625,240.0,8.241666666666667,0.4666666666666667,50.49769209247553,0.24188541666666666,1.155299055613851,95,1.0167757524772159,0.7026950961732153,0.41677575247721577,0.16782983632166426,0.7894736842105263,A,0.0008559476562504643
apartment,A,120,800,0.02,0.05,0.2,,1,0.3,0.2,2.0,20,0,0.6783854166666666,0.6736653645833333,0.9446614583333334,240.0,8.141666666666667,0.31666666666666665,50.82145112091061,0.231875,1.0255905511811023,93,1.052042083675205,0.5327061073122886,0.452042083675205,0.22663306295931895,0.8494623655913979,A,0.0008493219275010234
apartment,A,120,800,0.02,0.05,0.2,,2,0.3,0.2,2.0,20,0,0.73828125,0.6763346354166667,0.921875,220.0,8.55,0.325,52.73892696854837,0.24069791666666668,1.106341463414634,97,1.075454138417364,0.5393115701905867,0.47545413841736406,0.26920070526252626,0.8247422680412371,A,0.0008629558337497656
apartment,A,120,800,0.02,0.05,0.2,,3,0.3,0.2,2.0,20,0,0.701171875,0.6941731770833334,0.9967447916666666,300.0,8.383333333333333,0.35,51.04467454773856,0.24703125,0.9799818016378526,96,1.0646746719351665,0.684627521491853,0.4646746719351666,0.2587973871023073,0.9375,A,0.0008993196362484924
apartment,A,120,800,0.02,0.05,0.2,,4,0.3,0.2,2.0,20,0,0.763671875,0.6942708333333333,0.8990885416666666,240.0,7.85,0.375,52.767333161782936,0.23402083333333334,1.0811059907834102,96,1.0952394593949335,0.4661654120529327,0.49523945939493347,0.31536600144562754,0.9583333333333334,A,0.0009002663012506674
apartment,A,120,800,0.02,0.05,0.2,,5,0.3,0.2,2.0,20,0,0.7278645833333334,0.6986653645833333,0.9674479166666666,340.0,7.975,0.39166666666666666,52.32313610184706,0.23776041666666667,1.0072072072072074,99,1.0790875889900777,0.6685821685018821,0.4790875889900776,0.23780075758640096,0.8282828282828283,A,0.0008634865099998024
apartment,A,120,800,0.02,0.05,0.2,,6,0.3,0.2,2.0,20,0,0.8111979166666666,0.7382486979166666,0.9954427083333334,260.0,8.033333333333333,0.36666666666666664,50.56181777398753,0.23847916666666666,1.1688555347091933,94,1.0736785850948818,0.4327816176067277,0.47367858509488164,0.3413326408568907,0.8829787234042553,A,0.0008693203124994398
apartment,A,120,800,0.02,0.05,0.2,,7,0.3,0.2,2.0,20,0,0.7610677083333334,0.6849934895833333,0.8997395833333334,280.0,8.5,0.3333333333333333,52.34112902359922,0.22953125,1.1574257425742573,97,1.050990482706307,0.5367987046195407,0.4509904827063068,0.2563945544656091,0.845360824742268,A,0.000862054687499949
apartment,A,120,800,0.02,0.05,0.2,,8,0.3,0.2,2.0,20,0,0.6529947916666666,0.6444661458333333,0.966796875,260.0,8.333333333333334,0.225,50.20607348253334,0.22835416666666666,1.0447916666666666,90,1.0629282311871269,0.7229009159771123,0.4629282311871268,0.2256592177580542,0.8888888888888888,A,0.0008645173962486297
apartment,A,120,800,0.02,0.05,0.2,,9,0.3,0.2,2.0,20,0,0.7610677083333334,0.6929361979166667,0.9895833333333334,240.0,8.183333333333334,0.4083333333333333,50.02679517995076,0.2519166666666667,1.2014388489208634,95,1.0909658721076878,0.6156377391220048,0.49096587210768783,0.24786242077443477,0.8631578947368421,A,0.0008580890625012217
apartment,A,120,800,0.02,0.05,0.2,,10,0.3,0.2,2.0,20,0,0.78125,0.702734375,0.904296875,360.0,8.558333333333334,0.425,51.99885057740583,0.269375,1.1439466158245948,103,1.1112233229290733,0.5986534012841315,0.5112233229290734,0.25105810523833905,0.9029126213592233,A,0.0008987121874997683
apartment,A,120,800,0.02,0.05,0.2,,11,0.3,0.2,2.0,20,0,0.712890625,0.6375325520833333,0.7877604166666666,300.0,9.291666666666666,0.36666666666666664,49.958532676772805,0.26125,1.078817733990148,97,1.0289702842783888,0.5217565668880761,0.42897028427838885,0.1763087913629442,0.8144329896907216,A,0.0008471281774995987
apartment,A,120,800,0.02,0.05,0.2,,12,0.3,0.2,2.0,20,0,0.7421875,0.6837890625,0.9459635416666666,260.0,8.058333333333334,0.43333333333333335,50.91665984969504,0.22608333333333333,1.0714285714285714,93,1.0128936999755005,0.4746952046665091,0.4128936999755006,0.22570104336537578,0.8494623655913979,A,0.0008567893750000621
apartment,A,120,800,0.02,0.05,0.2,,13,0.3,0.2,2.0,20,0,0.7936197916666666,0.7449544270833333,0.9934895833333334,360.0,8.483333333333333,0.26666666666666666,53.22028002393294,0.24683333333333332,1.1091901728844404,101,1.0467344462366017,0.5009465848903749,0.4467344462366017,0.25843000209496947,0.900990099009901,A,0.0008635935937513751
apartment,A,120,800,0.02,0.05,0.2,,14,0.3,0.2,2.0,20,0,0.8040364583333334,0.7272135416666666,1.0,300.0,7.841666666666667,0.39166666666666666,49.270826935242674,0.234625,1.1382488479262673,88,1.2032016937806254,0.6060276752778959,0.6032016937806252,0.2861490176224294,0.8636363636363636,A,0.0008421652600009111
apartment,A,120,800,0.02,0.05,0.2,,15,0.3,0.2,2.0,20,0,0.6927083333333334,0.669140625,0.8958333333333334,300.0,8.158333333333333,0.36666666666666664,50.47232899675696,0.21157291666666667,0.966394187102634,87,1.022327503076411,0.5503764165817842,0.422327503076411,0.22134537657293174,0.8620689655172413,A,0.0008384600524982489
apartment,A,120,800,0.02,0.05,0.2,,16,0.3,0.2,2.0,20,0,0.744140625,0.7110026041666667,0.97265625,340.0,8.483333333333333,0.3333333333333333,52.33731885828831,0.2375625,1.1022179363548699,96,0.9900769534995334,0.4480393666716182,0.3900769534995336,0.23056181162571554,0.875,A,0.0008743117699987124
apartment,A,120,800,0.02,0.05,0.2,,17,0.3,0.2,2.0,20,0,0.7278645833333334,0.72119140625,0.9459635416666666,260.0,8.733333333333333,0.31666666666666665,53.12064988715606,0.24808333333333332,1.0886075949367089,103,0.9722635546308386,0.5218543651224103,0.37226355463083843,0.15599372184328653,0.8058252427184466,A,0.0008709930200006965
apartment,A,120,800,0.02,0.05,0.2,,18,0.3,0.2,2.0,20,0,0.7083333333333334,0.6939778645833334,0.9251302083333334,320.0,7.783333333333333,0.35,52.003756676756076,0.24533333333333332,1.0522243713733075,100,1.0362939891440912,0.5757371430095604,0.43629398914409134,0.22834160201353904,0.86,A,0.0008708629687498615
apartment,A,120,800,0.02,0.05,0.2,,19,0.3,0.2,2.0,20,0,0.7649739583333334,0.6731119791666668,0.89453125,280.0,9.066666666666666,0.2916666666666667,51.772652133903655,0.25409375,1.2407602956705386,98,1.0142169748281988,0.47414764194115955,0.41421697482819886,0.23225974306175456,0.8673469387755102,A,0.0008365602599997147
apartment,A,120,800,0.02,0.05,0.2,,20,0.3,0.2,2.0,20,0,0.791015625,0.73955078125,0.9420572916666666,300.0,7.941666666666666,0.38333333333333336,52.40217400580939,0.24014583333333334,1.12708719851577,99,1.0878609546955778,0.7019816490200254,0.48786095469557766,0.2276458905867903,0.8484848484848485,A,0.0008533348949981701
apartment,A,120,800,0.02,0.05,0.2,,21,0.3,0.2,2.0,20,0,0.7024739583333334,0.6709635416666667,0.9915364583333334,280.0,7.766666666666667,0.275,50.34249312214737,0.23702083333333332,1.1158221302998967,87,1.012434328641664,0.4677485987173565,0.4124343286416642,0.22669324314805173,0.8390804597701149,A,0.0008578928125007224
apartment,A,120,800,0.02,0.05,0.2,,22,0.3,0.2,2.0,20,0,0.7265625,0.6656901041666667,0.8776041666666666,320.0,8.608333333333333,0.31666666666666665,49.82373273908265,0.26136458333333334,1.2386237513873475,91,1.1019074922877297,0.6303479111403327,0.5019074922877299,0.3556467269761435,0.8901098901098901,A,0.0008503720837506989
apartment,A,120,800,0.02,0.05,0.2,,23,0.3,0.2,2.0,20,0,0.7799479166666666,0.7314453125,0.9524739583333334,300.0,8.241666666666667,0.375,53.145664090770296,0.23001041666666666,1.0792792792792791,102,1.0655354651059414,0.4882025150133371,0.46553546510594124,0.19147276118695256,0.8235294117647058,A,0.0008314924487490316
rubble,A,10,800,0.02,0.05,0.2,,0,0.3,0.2,2.0,20,0,0.11731843575418995,0.13603351955307263,0.5740223463687151,160.0,0.7,1.7,38.48370442596087,0.025375,0.7336244541484715,8,5.01766788937373,0.7059253307878033,4.41766788937373,2.8261400730588235,1.0,A,0.0003198604687486295
rubble,A,10,800,0.02,0.05,0.2,,1,0.3,0.2,2.0,20,0,0.1473463687150838,0.13023743016759778,0.6026536312849162,180.0,1.5,1.2,41.17987971149458,0.028625,0.8053435114503817,8,5.671871521222373,0.4366276409974353,5.0718715212223735,5.1157292629726765,1.0,A,0.0003136670825006149
apartment,A,120,800,0.02,0.05,0.2,,24,0.3,0.2,2.0,20,0,0.7610677083333334,0.7244466145833333,0.9791666666666666,320.0,8.058333333333334,0.3416666666666667,50.44006630431339,0.23702083333333332,1.133850630455868,94,1.0828107726769203,0.4409620731211061,0.4828107726769202,0.3109981425068198,0.9148936170212766,A,0.000830500208749072
apartment,A,120,800,0.02,0.05,0.2,,25,0.3,0.2,2.0,20,0,0.71875,0.6888671875,0.947265625,140.0,8.158333333333333,0.44166666666666665,53.679682400829314,0.22907291666666665,1.1769722814498933,100,1.05157121062525,0.48382954156197466,0.4515712106252499,0.3051317654370368,0.84,A,0.0008612550512498274
apartment,A,120,800,0.02,0.05,0.2,,26,0.3,0.2,2.0,20,0,0.6940104166666666,0.6793619791666666,0.90625,340.0,8.466666666666667,0.25,49.024700395266976,0.24823958333333335,1.0104265402843602,90,1.060236131194041,0.5299922748489728,0.460236131194041,0.22004225062109978,0.8888888888888888,A,0.00083682380125083
rubble,A,10,800,0.02,0.05,0.2,,2,0.3,0.2,2.0,20,0,0.16829608938547486,0.1556564245810056,0.6005586592178771,320.0,1.2,1.5,45.516940010354496,0.039125,1.1105990783410138,9,5.169648965118812,0.3700996773802172,4.569648965118812,5.219922400347172,1.0,A,0.0003424389587507903
apartment,A,120,800,0.02,0.05,0.2,,27,0.3,0.2,2.0,20,0,0.7434895833333334,0.6745768229166667,0.9055989583333334,360.0,8.158333333333333,0.325,52.23346087813978,0.23778125,1.016918967052538,99,0.9738794158627753,0.4258644147706098,0.37387941586277545,0.24083861429326603,0.8787878787878788,A,0.0008629616662506123
apartment,A,120,800,0.02,0.05,0.2,,28,0.3,0.2,2.0,20,0,0.7454427083333334,0.6915364583333333,0.9772135416666666,320.0,8.341666666666667,0.325,51.28114989495295,0.23352083333333334,1.0150709219858156,93,1.1108288921589904,0.5319278883759937,0.5108288921589904,0.31543909531918723,0.8709677419354839,A,0.0008539219787485308
rubble,A,10,800,0.02,0.05,0.2,,3,0.3,0.2,2.0,20,0,0.12081005586592179,0.1223463687150838,0.43435754189944137,200.0,0.9,1.4,42.11347849642658,0.03375,0.7208333333333334,7,3.154301052977853,0.9117718997902077,2.5543010529778525,0.6176171069558037,1.0,A,0.00033101755124789636
rubble,A,10,800,0.02,0.05,0.2,,4,0.3,0.2,2.0,20,0,0.14315642458100558,0.13952513966480448,0.5893854748603352,220.0,1.1,1.2,38.34952258246688,0.0245,0.8541666666666667,9,4.890030056266904,0.6716277092577598,4.290030056266904,2.1741539864256887,1.0,A,0.000321126978749362
rubble,A,10,800,0.02,0.05,0.2,,5,0.3,0.2,2.0,20,0,0.12430167597765363,0.1293994413407821,0.5097765363128491,240.0,1.3,1.2,36.71494250912406,0.026875,0.8436018957345971,8,3.3911375825449834,0.6554547696220696,2.7911375825449833,2.0740159021191555,1.0,A,0.00033028525999952764
apartment,A,120,800,0.02,0.05,0.2,,29,0.3,0.2,2.0,20,0,0.759765625,0.680078125,0.8678385416666666,320.0,9.258333333333333,0.2916666666666667,51.53317505370844,0.26329166666666665,1.1681681681681682,105,0.977506837529963,0.47328073155008743,0.37750683752996295,0.204990395618166,0.8285714285714286,A,0.0008712401050001972
rubble,A,10,800,0.02,0.05,0.2,,6,0.3,0.2,2.0,20,0,0.1473463687150838,0.142213687150838,0.5048882681564246,240.0,1.5,1.5,42.30059072247403,0.03275,0.8053435114503817,8,5.655622859054187,0.15861465807058936,5.055622859054187,5.092778106581157,1.0,A,0.0003312629162496705
rubble,A,10,800,0.02,0.05,0.2,,7,0.3,0.2,2.0,20,0,0.138268156424581,0.14053770949720668,0.6752793296089385,240.0,0.7,1.3,40.88138209181928,0.032125,0.7857142857142857,8,5.1525090393354915,0.6415339056605268,4.552509039335492,2.9429967941295576,1.0,A,0.0003451698962521732
rubble,A,10,800,0.02,0.05,0.2,,8,0.3,0.2,2.0,20,0,0.15991620111731844,0.18187849162011172,0.6620111731843575,140.0,1.7,1.4,51.387773577179225,0.043625,0.9087301587301587,10,4.763621075978355,0.46717909932537366,4.163621075978355,4.439210844267854,1.0,A,0.0003363828637498045
rubble,A,10,800,0.02,0.05,0.2,,9,0.3,0.2,2.0,20,0,0.11033519553072625,0.09905726256983241,0.39175977653631283,120.0,1.0,1.0,37.85780576471559,0.0325,0.7117117117117118,6,5.486763773277642,0.264747530095119,4.886763773277642,4.516069752362213,1.0,A,0.0003221965624993572
rubble,A,10,800,0.02,0.05,0.2,,10,0.3,0.2,2.0,20,0,0.15782122905027932,0.15733240223463688,0.5230446927374302,240.0,2.4,1.6,50.873504639060386,0.042125,0.8968253968253967,10,3.973414511778261,0.5858243262778609,3.373414511778262,2.4054733048624097,1.0,A,0.0003551711975001126
rubble,A,10,800,0.02,0.05,0.2,,11,0.3,0.2,2.0,20,0,0.10195530726256984,0.09144553072625698,0.5949720670391061,140.0,0.7,0.5,34.68783388266263,0.021,0.5593869731800766,5,5.848250159176882,0.5115944117124072,5.248250159176883,5.495355227295781,1.0,A,0.0003459321874993293
rubble,A,10,800,0.02,0.05,0.2,,12,0.3,0.2,2.0,20,0,0.11662011173184357,0.12402234636871508,0.44692737430167595,280.0,0.8,0.7,34.0754005408851,0.0245,0.7422222222222221,8,2.3218924729360744,0.7781866848129935,1.7218924729360745,1.218222853111401,1.0,A,0.00035332729125002514
rubble,A,10,800,0.02,0.05,0.2,,13,0.3,0.2,2.0,20,0,0.13687150837988826,0.14507681564245808,0.6256983240223464,220.0,1.2,2.4,50.54324916986635,0.0385,0.7509578544061302,8,5.539719664803593,0.4293080671416887,4.939719664803594,3.9074825429240096,1.0,A,0.00037086015624936407
rubble,A,10,800,0.02,0.05,0.2,,14,0.3,0.2,2.0,20,0,0.12290502793296089,0.13543994413407823,0.4581005586592179,100.0,0.7,1.4,38.55210579260249,0.029125,0.8073394495412844,8,3.2117923932630275,0.512799016217027,2.611792393263028,1.982630980275272,1.0,A,0.00034937203125082303
rubble,A,10,800,0.02,0.05,0.2,,15,0.3,0.2,2.0,20,0,0.16759776536312848,0.15837988826815644,0.5139664804469274,80.0,0.7,1.4,40.20265168301566,0.032125,1.0666666666666667,9,4.663554272263497,0.4676664293740435,4.063554272263497,3.389134394867288,1.0,A,0.00035300458374877054
rubble,A,10,800,0.02,0.05,0.2,,16,0.3,0.2,2.0,20,0,0.11522346368715083,0.12105446927374301,0.6019553072625698,80.0,0.5,1.5,39.46074124284196,0.02725,0.7300884955752213,7,4.124468866832079,0.7945279805024181,3.524468866832079,1.8414572407968985,1.0,A,0.0003551757812510914
rubble,A,10,800,0.02,0.05,0.2,,17,0.3,0.2,2.0,20,0,0.1403631284916201,0.13589385474860338,0.6948324022346368,280.0,1.1,1.2,42.80340017760825,0.028625,0.767175572519084,8,4.61679575534319,0.8664921556312232,4.016795755343191,3.025024143091077,1.0,A,0.00033793968750160273
rubble,A,10,800,0.02,0.05,0.2,,18,0.3,0.2,2.0,20,0,0.12849162011173185,0.138268156424581,0.6662011173184358,160.0,0.7,1.2,41.39565690681889,0.022,0.696969696969697,8,4.6835280681749465,0.2363215361275837,4.083528068174947,3.8579278662232044,1.0,A,0.00033575426999959745
rubble,A,10,800,0.02,0.05,0.2,,19,0.3,0.2,2.0,20,0,0.15013966480446927,0.14189944134078214,0.7639664804469274,140.0,1.3,0.6,44.98369881913494,0.031125,1.0696517412935325,9,5.629048162909893,0.596822100307457,5.029048162909894,5.428474047229623,1.0,A,0.00033100020875053815
rubble,A,10,800,0.02,0.05,0.2,,21,0.3,0.2,2.0,20,0,0.12290502793296089,0.1265013966480447,0.6389664804469274,100.0,1.6,1.2,40.05996519179308,0.032875,0.8148148148148148,8,3.5529003962500463,0.4654283723944018,2.9529003962500466,3.0723319739965995,1.0,A,0.0003445982300013384
rubble,A,10,800,0.02,0.05,0.2,,20,0.3,0.2,2.0,20,0,0.1717877094972067,0.1670041899441341,0.625,160.0,1.5,1.1,41.93803365291277,0.033625,0.9213483146067416,10,5.139671779974014,0.4734586106273018,4.5396717799740145,3.4168281011981922,1.0,A,0.00035701562499980356
rubble,A,10,800,0.02,0.05,0.2,,22,0.3,0.2,2.0,20,0,0.1424581005586592,0.13561452513966482,0.5286312849162011,180.0,0.8,1.4,37.20763929607902,0.028,0.8429752066115702,8,4.693336889791226,0.4335534168966218,4.093336889791226,3.4418484588814025,1.0,A,0.0003370458850008617
rubble,A,10,800,0.02,0.05,0.2,,23,0.3,0.2,2.0,20,0,0.12360335195530726,0.11218575418994414,0.4762569832402235,120.0,0.5,1.0,29.60784991580336,0.029125,0.759656652360515,7,5.726358445289578,0.25766367164268206,5.126358445289577,4.612953352410845,1.0,A,0.00033264536499928
rubble,A,10,800,0.02,0.05,0.2,,24,0.3,0.2,2.0,20,0,0.1340782122905028,0.15464385474860334,0.6312849162011173,220.0,1.3,2.0,43.05069095221346,0.033125,0.8888888888888888,10,3.468719069396708,0.5934497096593198,2.8687190693967084,2.300218618650474,1.0,A,0.0003403737500002535
rubble,A,10,800,0.02,0.05,0.2,,25,0.3,0.2,2.0,20,0,0.05865921787709497,0.05453910614525139,0.5293296089385475,220.0,0.5,1.0,30.16081993603779,0.021625,0.32558139534883723,3,7.573975490063272,0.09914104652051973,6.973975490063272,6.443014766461089,1.0,A,0.00031613791624977237
rubble,A,10,800,0.02,0.05,0.2,,26,0.3,0.2,2.0,20,0,0.138268156424581,0.14158519553072624,0.6005586592178771,180.0,0.9,1.1,39.77507594651864,0.033875,0.8081632653061225,9,4.774681250721284,0.5504292175897904,4.174681250721283,3.700114481129098,1.0,A,0.00034663661499962473
rubble,A,10,800,0.02,0.05,0.2,,27,0.3,0.2,2.0,20,0,0.15921787709497207,0.16613128491620113,0.6801675977653632,240.0,1.3,1.0,45.24766242150111,0.036125,1.0178571428571428,10,4.60274806079226,0.7422300794608849,4.0027480607922605,3.8750689432200174,1.0,A,0.0003467822400011755
rubble,A,10,800,0.02,0.05,0.2,,28,0.3,0.2,2.0,20,0,0.1452513966480447,0.1480796089385475,0.702513966480447,180.0,1.1,1.0,39.57078448568943,0.0355,0.8559670781893004,9,2.902926763192566,0.7106402904964919,2.302926763192566,1.4319902564896716,1.0,A,0.0003433668749994467
rubble,A,10,800,0.02,0.05,0.2,,29,0.3,0.2,2.0,20,0,0.13966480446927373,0.13617318435754192,0.5544692737430168,300.0,1.1,1.3,39.223756937135995,0.031625,0.8583690987124463,8,5.230231267144388,0.8596337814879151,4.630231267144389,3.083333284249332,1.0,A,0.0003450435937497787
rubble,A,30,800,0.02,0.05,0.2,,0,0.3,0.2,2.0,20,0,0.3198324022346369,0.32964385474860336,0.6501396648044693,320.0,4.166666666666667,1.1333333333333333,50.138789389227945,0.09041666666666667,0.8372943327239488,24,2.047047122509501,0.8635032174009384,1.4470471225095007,0.8395571794821284,1.0,A,0.00046931572999938
rubble,A,30,800,0.02,0.05,0.2,,2,0.3,0.2,2.0,20,0,0.3526536312849162,0.35747206703910617,0.7995810055865922,360.0,3.433333333333333,1.2,49.295674837325436,0.08141666666666666,0.7674772036474166,25,2.5166144117287965,0.8446598904784506,1.9166144117287962,0.9430784069196237,1.0,A,0.000450628385001437
rubble,A,30,800,0.02,0.05,0.2,,1,0.3,0.2,2.0,20,0,0.37639664804469275,0.38592877094972067,0.6529329608938548,240.0,3.566666666666667,1.7666666666666666,52.40405220366423,0.08279166666666667,0.910472972972973,27,2.060283309019011,0.47496837266144604,1.4602833090190108,1.3720148963150494,0.9259259259259259,A,0.0004952323437487394
rubble,A,30,800,0.02,0.05,0.2,,3,0.3,0.2,2.0,20,0,0.3463687150837989,0.33854748603351953,0.7548882681564246,260.0,3.6666666666666665,1.4333333333333333,48.69408011153631,0.09779166666666667,1.1561771561771563,24,2.1421158809005005,0.6716838870102513,1.5421158809005007,1.1564698576636596,1.0,A,0.0004921373437514376
rubble,A,30,800,0.02,0.05,0.2,,4,0.3,0.2,2.0,20,0,0.3889664804469274,0.38299581005586597,0.8582402234636871,320.0,3.3666666666666667,1.4333333333333333,48.92015440461738,0.08658333333333333,1.02014652014652,26,2.3377470114269627,0.637010275539376,1.7377470114269626,1.5341704372223874,0.9230769230769231,A,0.0004754332287484431
rubble,A,30,800,0.02,0.05,0.2,,5,0.3,0.2,2.0,20,0,0.3393854748603352,0.32971368715083793,0.6096368715083799,400.0,4.433333333333334,0.9666666666666667,46.00773727319907,0.10625,0.8113522537562605,24,2.4387005894200375,1.001596439207379,1.8387005894200377,1.2432851417178357,1.0,A,0.0004726016662516486
rubble,A,30,800,0.02,0.05,0.2,,6,0.3,0.2,2.0,20,0,0.39385474860335196,0.3598812849162011,0.7527932960893855,240.0,3.433333333333333,1.4333333333333333,48.85625415718225,0.09470833333333334,1.0763358778625955,25,2.2935392712741396,0.4596069058470582,1.6935392712741397,1.3484207712714888,0.92,A,0.000452897447498799
rubble,A,30,800,0.02,0.05,0.2,,7,0.3,0.2,2.0,20,0,0.32751396648044695,0.3259078212290502,0.784217877094972,320.0,3.2666666666666666,1.6,45.8604604278086,0.09275,0.8511796733212342,21,2.3929500203296477,0.7674244574847503,1.7929500203296478,0.9270795342748924,0.9047619047619048,A,0.0004448670837496138
rubble,A,30,800,0.02,0.05,0.2,,8,0.3,0.2,2.0,20,0,0.3226256983240223,0.33138966480446924,0.74231843575419,360.0,4.366666666666666,0.9333333333333333,49.532254758683756,0.09945833333333333,0.8850574712643677,25,2.072919320366489,0.9491735756488194,1.4729193203664894,0.33143193836139107,1.0,A,0.00047401192624874967
rubble,A,30,800,0.02,0.05,0.2,,9,0.3,0.2,2.0,20,0,0.33170391061452514,0.3543645251396648,0.8833798882681564,320.0,4.0,0.9666666666666667,43.734987641629274,0.08429166666666667,0.8715596330275229,23,2.8186606979094004,0.5309681602945886,2.2186606979094,2.062175186624869,1.0,A,0.0004599442187486602
rubble,A,30,800,0.02,0.05,0.2,,10,0.3,0.2,2.0,20,0,0.3463687150837989,0.35911312849162014,0.8365921787709497,300.0,2.566666666666667,1.2666666666666666,47.938764852848884,0.08945833333333333,0.9520153550863724,25,1.6776144349356656,0.745517271094857,1.0776144349356656,0.5498570656254959,0.92,A,0.0004623323437499494
rubble,A,30,800,0.02,0.05,0.2,,11,0.3,0.2,2.0,20,0,0.4092178770949721,0.40052374301675975,0.8198324022346368,320.0,3.7666666666666666,1.2666666666666666,50.14081266505108,0.09879166666666667,1.1183206106870232,26,2.1116426657383025,0.6383049391304942,1.5116426657383024,1.1529433161723812,1.0,A,0.0004777195312499316
rubble,A,30,800,0.02,0.05,0.2,,12,0.3,0.2,2.0,20,0,0.3463687150837989,0.3711243016759777,0.8086592178770949,280.0,3.1333333333333333,1.1333333333333333,49.695084573804124,0.08816666666666667,0.8308207705192631,24,1.964225978130728,0.6884990922369074,1.364225978130728,0.9611671227269429,1.0,A,0.0004649211462492531
rubble,A,30,800,0.02,0.05,0.2,,13,0.3,0.2,2.0,20,0,0.3840782122905028,0.36047486033519555,0.8149441340782123,320.0,3.966666666666667,1.1,49.09400856772898,0.092625,1.0891089108910892,24,2.35410238532937,0.8073110543125953,1.7541023853293705,1.1658576063493509,1.0,A,0.0004643067187498673
rubble,A,30,800,0.02,0.05,0.2,,14,0.3,0.2,2.0,20,0,0.32821229050279327,0.33976955307262574,0.8715083798882681,360.0,3.1333333333333333,1.3333333333333333,43.42234698500561,0.089625,0.7768595041322314,23,2.6099246786765433,0.7575823905112088,2.009924678676544,1.0207293881447832,1.0,A,0.00044498885500161123
rubble,A,30,800,0.02,0.05,0.2,,15,0.3,0.2,2.0,20,0,0.3854748603351955,0.3484287709497207,0.8463687150837989,360.0,3.2,1.1,45.5947430394509,0.084875,0.8761904761904761,23,2.8874011336131393,0.6063463256099045,2.287401133613139,1.9060838899689339,1.0,A,0.00044941171875052533
rubble,A,30,800,0.02,0.05,0.2,,16,0.3,0.2,2.0,20,0,0.4099162011173184,0.37164804469273743,0.8812849162011173,300.0,3.2333333333333334,1.4,45.94754213866801,0.077375,1.031634446397188,26,2.5229519914538283,0.6906854462767138,1.9229519914538287,1.5082737171911569,1.0,A,0.00046945432250140585
rubble,A,30,800,0.02,0.05,0.2,,17,0.3,0.2,2.0,20,0,0.3973463687150838,0.3760125698324022,0.8610335195530726,280.0,3.433333333333333,1.0666666666666667,43.941054937336816,0.07679166666666666,1.1005802707930368,25,2.6143945300800864,0.8036268204126806,2.0143945300800863,1.5747197493395353,0.92,A,0.00044730948000051287
rubble,A,30,800,0.02,0.05,0.2,,18,0.3,0.2,2.0,20,0,0.2807262569832402,0.3046438547486034,0.7877094972067039,340.0,3.6666666666666665,1.1333333333333333,44.958785145460105,0.09725,0.7052631578947368,20,2.2961348420790815,0.8751316169555166,1.696134842079082,0.9066729378336305,1.0,A,0.00046441109374882215
rubble,A,30,800,0.02,0.05,0.2,,19,0.3,0.2,2.0,20,0,0.3261173184357542,0.3357192737430167,0.7192737430167597,200.0,3.533333333333333,1.1666666666666667,47.52595551055607,0.08416666666666667,0.9831578947368421,24,1.8705104141229445,0.8664234238569515,1.2705104141229444,0.6469748400780918,0.9166666666666666,A,0.0004606742700002542
rubble,A,30,800,0.02,0.05,0.2,,20,0.3,0.2,2.0,20,0,0.3854748603351955,0.346927374301676,0.7143854748603352,320.0,3.7666666666666666,1.2333333333333334,47.74021372717528,0.09454166666666666,1.1452282157676348,24,1.993395873496345,0.5702716196624739,1.3933958734963454,1.1988160096521079,1.0,A,0.00047625604250015383
rubble,A,30,800,0.02,0.05,0.2,,21,0.3,0.2,2.0,20,0,0.3498603351955307,0.36606145251396643,0.7639664804469274,340.0,4.033333333333333,1.2333333333333334,50.87328442330236,0.09925,0.8294701986754967,27,1.8866924223503838,0.9102960806902446,1.2866924223503835,0.35906775298418525,1.0,A,0.00047775599000033254
rubble,A,30,800,0.02,0.05,0.2,,22,0.3,0.2,2.0,20,0,0.3952513966480447,0.4082751396648045,0.901536312849162,220.0,2.6,1.3666666666666667,49.69726611071404,0.08045833333333334,0.9826388888888888,26,2.660747349088199,0.7240866558446445,2.060747349088199,1.3531250610712289,1.0,A,0.00047967286499897457
rubble,A,30,800,0.02,0.05,0.2,,23,0.3,0.2,2.0,20,0,0.3100558659217877,0.32622206703910617,0.7276536312849162,320.0,3.933333333333333,1.0666666666666667,46.43739926395339,0.093625,0.8757396449704142,21,2.0865140417576855,0.7015285870899385,1.486514041757685,0.561756007454595,1.0,A,0.0004512868224992417
rubble,A,30,800,0.02,0.05,0.2,,24,0.3,0.2,2.0,20,0,0.3791899441340782,0.3681913407821229,0.7939944134078212,300.0,3.3666666666666667,1.0666666666666667,47.506751774493985,0.08683333333333333,1.086,25,2.64308742091563,0.4357135863052579,2.0430874209156302,1.8244239149194095,1.0,A,0.0004778641150005569
rubble,A,30,800,0.02,0.05,0.2,,25,0.3,0.2,2.0,20,0,0.3715083798882682,0.34413407821229053,0.7918994413407822,340.0,4.466666666666667,1.2333333333333334,48.00473476783265,0.10283333333333333,1.1247357293868923,25,2.2227358070624663,0.7070949322788114,1.6227358070624662,1.221589790400293,0.92,A,0.000479176406249735
rubble,A,30,800,0.02,0.05,0.2,,26,0.3,0.2,2.0,20,0,0.33798882681564246,0.3643854748603352,0.7695530726256983,360.0,3.066666666666667,1.6666666666666667,45.179202574116886,0.07945833333333334,0.8417391304347825,25,2.338508293467509,0.692258889204779,1.738508293467509,1.299024004852793,1.0,A,0.0004738789062480464
rubble,A,30,800,0.02,0.05,0.2,,27,0.3,0.2,2.0,20,0,0.30726256983240224,0.3071927374301676,0.7583798882681564,320.0,3.3,0.8,43.936627849882456,0.08016666666666666,0.8178438661710037,21,2.172501398207483,0.7736083311380297,1.5725013982074825,0.8864233285241135,1.0,A,0.00045799400999840145
rubble,A,30,800,0.02,0.05,0.2,,28,0.3,0.2,2.0,20,0,0.3931564245810056,0.3694832402234636,0.7360335195530726,360.0,4.0,1.1333333333333333,49.20418412354776,0.091125,0.9184339314845024,25,2.267101271135694,0.47564185754545407,1.667101271135694,1.348102635696776,1.0,A,0.000462295363749945
rubble,A,30,800,0.02,0.05,0.2,,29,0.3,0.2,2.0,20,0,0.39106145251396646,0.360858938547486,0.7255586592178771,360.0,3.8,1.4666666666666666,47.89874024206379,0.09783333333333333,1.009009009009009,26,1.9544727541889877,0.6602639775795937,1.3544727541889876,1.2339869464815338,0.9230769230769231,A,0.0004731916150012694
rubble,A,60,800,0.02,0.05,0.2,,0,0.3,0.2,2.0,20,0,0.5509776536312849,0.5492667597765364,0.8659217877094972,340.0,5.15,1.0666666666666667,50.53218396014361,0.13158333333333333,0.9282352941176469,48,1.3593232688451693,0.5851235731956712,0.7593232688451698,0.5105142486706187,0.875,A,0.0005751139062499533
rubble,A,60,800,0.02,0.05,0.2,,1,0.3,0.2,2.0,20,0,0.4657821229050279,0.4986382681564246,0.8240223463687151,260.0,4.55,1.1333333333333333,47.13999577747784,0.11454166666666667,0.8730366492146597,46,1.339666087727251,0.5327949988890265,0.7396660877272511,0.4439586015230401,0.9565217391304348,A,0.0005803111462500965
rubble,A,60,800,0.02,0.05,0.2,,2,0.3,0.2,2.0,20,0,0.5600558659217877,0.5387569832402235,0.8372905027932961,220.0,4.45,1.1,48.42530342703996,0.1199375,1.0580474934036939,48,1.591843209747432,0.7390950613203077,0.991843209747432,0.5166475287923662,0.9583333333333334,A,0.0005713860424998529
rubble,A,60,800,0.02,0.05,0.2,,3,0.3,0.2,2.0,20,0,0.5418994413407822,0.5044692737430168,0.8100558659217877,320.0,4.966666666666667,1.1,50.61059845092793,0.12452083333333333,1.0291777188328912,49,1.7086307554910622,0.7887101798044482,1.1086307554910622,0.5674160952471147,1.0,A,0.0005690585424986238
rubble,A,60,800,0.02,0.05,0.2,,4,0.3,0.2,2.0,20,0,0.5279329608938548,0.5055516759776537,0.8708100558659218,280.0,5.783333333333333,0.9333333333333333,46.398390911415014,0.151625,0.9692307692307693,45,1.5600598619784403,0.6911961948907569,0.9600598619784401,0.6120793598707343,0.9555555555555556,A,0.0005631230724998204
rubble,A,60,800,0.02,0.05,0.2,,5,0.3,0.2,2.0,20,0,0.5097765363128491,0.5108240223463687,0.7346368715083799,280.0,5.566666666666666,1.3833333333333333,51.343233149689546,0.157125,0.9468223086900129,51,1.4133264136171013,0.7851595275541837,0.8133264136171011,0.5231103115301717,0.9607843137254902,A,0.0005848567187513254
rubble,A,60,800,0.02,0.05,0.2,,6,0.3,0.2,2.0,20,0,0.5314245810055865,0.48809357541899434,0.8065642458100558,220.0,5.566666666666666,1.2833333333333334,51.62096758373879,0.15645833333333334,1.1358208955223879,50,1.2706785322071366,0.38110870889059206,0.6706785322071365,0.6508144382550973,0.92,A,0.0005764427087501645
rubble,A,60,800,0.02,0.05,0.2,,7,0.3,0.2,2.0,20,0,0.5460893854748603,0.5193784916201117,0.7465083798882681,320.0,5.366666666666666,1.1,48.5591582942963,0.14872916666666666,1.0129533678756475,50,1.372829381616195,0.6608294821827266,0.7728293816161947,0.4326554227434821,0.92,A,0.0005654166149997764
rubble,A,60,800,0.02,0.05,0.2,,8,0.3,0.2,2.0,20,0,0.5789106145251397,0.5522346368715084,0.9266759776536313,280.0,5.25,1.2166666666666666,48.45658134525674,0.134125,1.0836601307189544,47,1.488577995632159,0.5749931656752527,0.8885779956321591,0.6357962465171351,1.0,A,0.0005833896875014943
rubble,A,60,800,0.02,0.05,0.2,,9,0.3,0.2,2.0,20,0,0.5439944134078212,0.5021298882681564,0.7828212290502793,220.0,5.566666666666666,1.3666666666666667,50.348745210433364,0.12770833333333334,1.1289855072463766,47,1.574654723537488,0.7460366920216523,0.974654723537488,0.4498255330631947,0.9148936170212766,A,0.000588256667499536
rubble,A,60,800,0.02,0.05,0.2,,10,0.3,0.2,2.0,20,0,0.5977653631284916,0.5252793296089385,0.9106145251396648,300.0,5.233333333333333,1.05,48.167681149655635,0.12658333333333333,1.064676616915423,46,1.4070024475000915,0.5098756873972334,0.8070024475000913,0.4827706115154894,1.0,A,0.0005916752600001018
rubble,A,60,800,0.02,0.05,0.2,,11,0.3,0.2,2.0,20,0,0.5356145251396648,0.4940991620111731,0.7723463687150838,260.0,5.9,1.35,50.828690576353885,0.15004166666666666,1.1362962962962961,52,1.3041292406942195,0.7038471119039994,0.7041292406942197,0.3354863695847123,0.9230769230769231,A,0.000591329426251832
rubble,A,60,800,0.02,0.05,0.2,,12,0.3,0.2,2.0,20,0,0.5579608938547486,0.4927374301675977,0.7465083798882681,340.0,5.216666666666667,0.9666666666666667,49.04970949601921,0.12708333333333333,1.0610889774236387,47,1.6665985722970957,0.7099490272090365,1.0665985722970956,0.93321953740378,0.9574468085106383,A,0.0005769190625005649
rubble,A,60,800,0.02,0.05,0.2,,13,0.3,0.2,2.0,20,0,0.5670391061452514,0.525209497206704,0.8519553072625698,360.0,5.35,1.2166666666666666,48.93797213255903,0.14577083333333332,1.0884718498659518,49,1.52681964861717,0.5586213830278977,0.9268196486171699,0.8594696804242404,1.0,A,0.000567966510000133
rubble,A,60,800,0.02,0.05,0.2,,14,0.3,0.2,2.0,20,0,0.5467877094972067,0.5305516759776535,0.8107541899441341,300.0,5.7,1.1833333333333333,49.518223976779694,0.16210416666666666,1.1028169014084506,48,1.3883434887073236,0.5165738324575377,0.7883434887073234,0.5440700564621758,1.0,A,0.0006033496874988486
rubble,A,60,800,0.02,0.05,0.2,,15,0.3,0.2,2.0,20,0,0.6277932960893855,0.5660265363128492,0.8344972067039106,280.0,5.383333333333334,1.2,52.96357610179891,0.15214583333333334,1.157014157014157,54,1.5698278889982593,0.577714385583,0.9698278889982593,0.5967699422496524,0.9629629629629629,A,0.000599323333749453
rubble,A,60,800,0.02,0.05,0.2,,16,0.3,0.2,2.0,20,0,0.5013966480446927,0.46735335195530725,0.7960893854748603,260.0,5.283333333333333,0.9666666666666667,45.49184447929949,0.15264583333333334,1.1324921135646688,46,1.3479325522361043,0.7110304249814723,0.7479325522361043,0.40151238247784776,0.9565217391304348,A,0.0005952661974993135
rubble,A,60,800,0.02,0.05,0.2,,17,0.3,0.2,2.0,20,0,0.5593575418994413,0.5193435754189945,0.8666201117318436,260.0,5.316666666666666,1.1166666666666667,50.177407588480555,0.14170833333333333,1.1762114537444934,49,1.5904749295347995,0.7051254811795753,0.9904749295348001,0.5172165623042547,1.0,A,0.0005952313024999967
rubble,A,60,800,0.02,0.05,0.2,,19,0.3,0.2,2.0,20,0,0.5991620111731844,0.5361382681564246,0.8491620111731844,280.0,5.166666666666667,1.1833333333333333,48.8372347446772,0.13910416666666667,1.0833333333333333,47,1.56698769380536,0.5482802792479649,0.9669876938053598,0.7332329245619397,0.9574468085106383,A,0.0005728098437498374
rubble,A,60,800,0.02,0.05,0.2,,18,0.3,0.2,2.0,20,0,0.5516759776536313,0.567213687150838,0.8896648044692738,280.0,5.35,1.2,47.75215907457708,0.15352083333333333,1.0313315926892952,47,1.4758125038423837,0.6665144771966007,0.8758125038423835,0.6217166551224896,0.9574468085106383,A,0.000588974218749172
rubble,A,60,800,0.02,0.05,0.2,,20,0.3,0.2,2.0,20,0,0.5495810055865922,0.5278980446927376,0.8896648044692738,320.0,5.816666666666666,1.1333333333333333,48.983379383548346,0.1545625,1.0722070844686649,47,1.5204350997008536,0.6468158747577414,0.9204350997008538,0.5493097173991687,1.0,A,0.0006028465624990531
rubble,A,60,800,0.02,0.05,0.2,,21,0.3,0.2,2.0,20,0,0.5481843575418994,0.5340782122905028,0.8198324022346368,400.0,5.55,1.1,47.67430191383402,0.154125,0.9655596555965559,45,1.7450217953191696,0.8452685552653314,1.145021795319169,0.6989889917419111,0.9555555555555556,A,0.0005869660937491972
rubble,A,60,800,0.02,0.05,0.2,,22,0.3,0.2,2.0,20,0,0.5607541899441341,0.5153282122905029,0.7814245810055865,320.0,5.05,1.2833333333333334,47.439363328967474,0.13004166666666667,1.026854219948849,45,1.5456653671110656,0.8215097868524702,0.9456653671110656,0.6375374545597242,1.0,A,0.000582746927500466
rubble,A,60,800,0.02,0.05,0.2,,23,0.3,0.2,2.0,20,0,0.5942737430167597,0.5283868715083798,0.8722067039106145,320.0,5.866666666666666,1.0666666666666667,51.014630425882515,0.14822916666666666,1.2174535050071529,50,1.5007959232629955,0.6815317119729953,0.9007959232629952,0.5333553815482085,1.0,A,0.0006213635425001484
rubble,A,60,800,0.02,0.05,0.2,,24,0.3,0.2,2.0,20,0,0.5048882681564246,0.5097765363128491,0.7660614525139665,220.0,5.35,1.3,47.06384073651529,0.14658333333333334,0.991769547325103,45,1.5306192850023659,0.740698005509255,0.9306192850023656,0.44417906974499954,1.0,A,0.0005679323949993886
rubble,A,60,800,0.02,0.05,0.2,,25,0.3,0.2,2.0,20,0,0.5097765363128491,0.5156424581005586,0.7884078212290503,260.0,4.916666666666667,0.9333333333333333,43.081142580313745,0.148125,0.9959072305593452,43,1.5605876605543505,0.6601526716226286,0.9605876605543505,0.5591759572552862,1.0,A,0.0006055936462485079
rubble,A,60,800,0.02,0.05,0.2,,26,0.3,0.2,2.0,20,0,0.5761173184357542,0.5177025139664805,0.8128491620111732,260.0,5.083333333333333,1.2166666666666666,47.827109463077754,0.12591666666666668,1.2043795620437958,48,1.3444497055461488,0.4203719313064067,0.744449705546149,0.6441497196760425,1.0,A,0.0005664196875000016
rubble,A,60,800,0.02,0.05,0.2,,27,0.3,0.2,2.0,20,0,0.5977653631284916,0.4911662011173184,0.7730446927374302,260.0,5.183333333333334,1.55,49.371224478728884,0.13133333333333333,1.2228571428571429,46,1.695642385741146,0.494990241876584,1.095642385741146,0.8757781207974232,0.9130434782608695,A,0.0005826724999997168
rubble,A,60,800,0.02,0.05,0.2,,28,0.3,0.2,2.0,20,0,0.6236033519553073,0.5317388268156424,0.8317039106145251,300.0,5.15,1.0666666666666667,48.22126798408012,0.14522916666666666,1.2067567567567568,46,1.662239803786279,0.5641061694617829,1.062239803786279,0.8670124428714494,1.0,A,0.0005787112500001967
rubble,A,60,800,0.02,0.05,0.2,,29,0.3,0.2,2.0,20,0,0.5712290502793296,0.5420740223463688,0.8212290502793296,320.0,5.333333333333333,1.3,50.634962084373925,0.14116666666666666,1.0651041666666665,49,1.5297760936884428,0.5692929855841822,0.9297760936884428,0.7667495545575961,0.9591836734693877,A,0.0005953868225014958
rubble,A,90,800,0.02,0.05,0.2,,1,0.3,0.2,2.0,20,0,0.6801675977653632,0.6076117318435755,0.9406424581005587,200.0,5.988888888888889,0.9666666666666667,47.48420738678639,0.14968055555555557,1.1080773606370877,70,1.205944215345238,0.6869189687722,0.6059442153452377,0.37143778871708844,0.9142857142857143,A,0.0006859381250001206
rubble,A,90,800,0.02,0.05,0.2,,0,0.3,0.2,2.0,20,0,0.6410614525139665,0.6266759776536313,0.895949720670391,220.0,6.455555555555556,1.1333333333333333,52.42317466073578,0.1613888888888889,1.0863905325443788,77,1.283509898308342,0.8951180105552304,0.6835098983083416,0.42055499227039095,0.922077922077922,A,0.000733716093750445
rubble,A,90,800,0.02,0.05,0.2,,2,0.3,0.2,2.0,20,0,0.659217877094972,0.6081703910614525,0.8554469273743017,360.0,6.288888888888889,1.0888888888888888,50.473172651196165,0.17215277777777777,1.091329479768786,76,1.2725044007656086,0.5855108329376931,0.6725044007656087,0.3993599240466946,0.9736842105263158,A,0.0007557434375007688
rubble,A,90,800,0.02,0.05,0.2,,3,0.3,0.2,2.0,20,0,0.6096368715083799,0.5798184357541898,0.8763966480446927,260.0,6.2444444444444445,1.1111111111111112,49.48108473081016,0.1631388888888889,1.0817843866171004,70,1.2640502253606463,0.6823748299426244,0.6640502253606463,0.37868073994993007,0.9428571428571428,A,0.0007170457812503628
rubble,A,90,800,0.02,0.05,0.2,,4,0.3,0.2,2.0,20,0,0.651536312849162,0.5946578212290502,0.9036312849162011,300.0,6.733333333333333,1.0222222222222221,50.31689911209283,0.18154166666666666,1.1120381406436235,73,1.270374534691722,0.6235786384414788,0.6703745346917223,0.40915129189016286,0.9178082191780822,A,0.0007326392712502639
rubble,A,90,800,0.02,0.05,0.2,,5,0.3,0.2,2.0,20,0,0.645949720670391,0.5873254189944135,0.9196927374301676,220.0,6.666666666666667,0.9666666666666667,47.8512518588814,0.18683333333333332,1.1664564943253466,68,1.2378932149310475,0.6384145508344321,0.6378932149310476,0.325570562271969,0.9705882352941176,A,0.0007253179687495504
rubble,A,90,800,0.02,0.05,0.2,,7,0.3,0.2,2.0,20,0,0.6571229050279329,0.6473463687150838,0.8917597765363129,360.0,6.155555555555556,0.9444444444444444,48.56746692766951,0.16431944444444443,1.0295404814004376,70,1.2120563251108531,0.6846747087881437,0.6120563251108535,0.40814534364005894,0.9142857142857143,A,0.0007252663024996764
rubble,A,90,800,0.02,0.05,0.2,,6,0.3,0.2,2.0,20,0,0.6745810055865922,0.614909217877095,0.8051675977653632,300.0,6.588888888888889,0.9111111111111111,50.96895370234377,0.18534722222222222,1.1940667490729295,77,1.1641704290284325,0.4079925093088558,0.5641704290284323,0.4252768476560863,0.922077922077922,A,0.0007417131249985686
rubble,A,90,800,0.02,0.05,0.2,,8,0.3,0.2,2.0,20,0,0.5858938547486033,0.5929120111731844,0.8009776536312849,300.0,6.266666666666667,1.0444444444444445,48.844557265453055,0.1691527777777778,0.9555808656036446,70,1.2461363006369641,0.737409445973604,0.6461363006369644,0.29052142165988604,0.9714285714285714,A,0.0007402465099994515
rubble,A,90,800,0.02,0.05,0.2,,9,0.3,0.2,2.0,20,0,0.5914804469273743,0.6035614525139664,0.9064245810055865,300.0,6.966666666666667,0.9111111111111111,49.738552384035884,0.16952777777777778,1.01194743130227,71,1.2950062117822225,0.7180768933852069,0.6950062117822222,0.418146185034065,0.8873239436619719,A,0.0007034113537497433
rubble,A,90,800,0.02,0.05,0.2,,10,0.3,0.2,2.0,20,0,0.7122905027932961,0.6377793296089386,0.9650837988826816,280.0,6.377777777777778,0.9444444444444444,50.98458362863663,0.16909722222222223,1.2393681652490887,75,1.316885708382634,0.5449822708880399,0.7168857083826341,0.48004905829666467,0.92,A,0.0007599213537514515
rubble,A,90,800,0.02,0.05,0.2,,11,0.3,0.2,2.0,20,0,0.6431564245810056,0.5747905027932962,0.8393854748603352,320.0,6.011111111111111,0.9555555555555556,46.375476878118306,0.160375,1.1259168704156481,62,1.6091724376679302,0.7275563944655862,1.0091724376679303,0.6750465504424065,0.967741935483871,A,0.0006816286987509556
rubble,A,90,800,0.02,0.05,0.2,,12,0.3,0.2,2.0,20,0,0.7136871508379888,0.614036312849162,0.9196927374301676,220.0,5.866666666666666,0.9,48.366399910222725,0.1540277777777778,1.2298435619735257,68,1.3761448230862832,0.6195659690724645,0.7761448230862831,0.5741819361752326,0.9411764705882353,A,0.0007229599474999304
rubble,A,90,800,0.02,0.05,0.2,,14,0.3,0.2,2.0,20,0,0.5879888268156425,0.5516759776536314,0.840782122905028,240.0,5.911111111111111,0.8555555555555555,46.16785998099984,0.186875,1.009592326139089,65,1.154222246633341,0.734660910602817,0.5542222466333409,0.2488499867056876,0.9384615384615385,A,0.0007099888025004475
rubble,A,90,800,0.02,0.05,0.2,,13,0.3,0.2,2.0,20,0,0.6689944134078212,0.6046787709497207,0.8582402234636871,260.0,6.955555555555556,0.8888888888888888,49.124725915153256,0.18794444444444444,1.2824631860776439,76,1.154713502896361,0.5187239178629517,0.5547135028963613,0.36338992532450726,0.9210526315789473,A,0.0007406808850009838
rubble,A,90,800,0.02,0.05,0.2,,15,0.3,0.2,2.0,20,0,0.604050279329609,0.5985684357541899,0.9036312849162011,220.0,6.488888888888889,0.9333333333333333,48.221253608141666,0.17906944444444445,1.0935524652338813,70,1.1213361454041118,0.7077626514564288,0.5213361454041117,0.18313517801763762,0.9428571428571428,A,0.0007418434900000648
rubble,A,90,800,0.02,0.05,0.2,,16,0.3,0.2,2.0,20,0,0.5593575418994413,0.5571927374301676,0.7674581005586593,280.0,6.877777777777778,1.011111111111111,50.854013761848265,0.19580555555555557,1.0637450199203187,74,1.0495416273512135,0.5340142501523147,0.4495416273512135,0.2120292547287156,0.918918918918919,A,0.0007475486974999512
rubble,A,90,800,0.02,0.05,0.2,,17,0.3,0.2,2.0,20,0,0.6019553072625698,0.58893156424581,0.8044692737430168,260.0,6.355555555555555,0.9555555555555556,50.26028006728731,0.1624722222222222,1.0034924330616997,72,1.1790673326676648,0.58164229632626,0.579067332667665,0.3247237164661557,0.9027777777777778,A,0.0007420683862483201
rubble,A,90,800,0.02,0.05,0.2,,18,0.3,0.2,2.0,20,0,0.6773743016759777,0.6147695530726257,0.9636871508379888,240.0,6.311111111111111,0.9222222222222223,49.338926569421254,0.18109722222222221,1.1945812807881773,75,1.1633492561754388,0.7566436954163871,0.563349256175439,0.262054749656882,0.8933333333333333,A,0.0007289317712502452
rubble,A,90,800,0.02,0.05,0.2,,19,0.3,0.2,2.0,20,0,0.6284916201117319,0.599022346368715,0.840782122905028,200.0,7.0,0.8666666666666667,49.416605188459755,0.17623611111111112,1.182654402102497,74,1.166133841159166,0.5821729130844318,0.566133841159166,0.3381312524667546,0.8918918918918919,A,0.0007282579162483671
rubble,A,90,800,0.02,0.05,0.2,,20,0.3,0.2,2.0,20,0,0.6703910614525139,0.6098463687150838,0.8945530726256983,240.0,6.2555555555555555,0.9888888888888889,49.768519798713996,0.17841666666666667,1.1267605633802817,73,1.2554257405872948,0.6314775732173297,0.655425740587295,0.4933184953392463,0.8493150684931506,A,0.0007321602599995458
rubble,A,90,800,0.02,0.05,0.2,,21,0.3,0.2,2.0,20,0,0.5879888268156425,0.5672136871508381,0.8687150837988827,220.0,6.844444444444444,0.9,48.635507524002215,0.19184722222222222,1.1363022941970309,69,1.097519421653143,0.6136783234400721,0.49751942165314295,0.29074569565465724,0.9130434782608695,A,0.0007193297924982289
rubble,A,90,800,0.02,0.05,0.2,,22,0.3,0.2,2.0,20,0,0.6431564245810056,0.5956703910614526,0.9113128491620112,320.0,6.2,1.1222222222222222,51.058350388062,0.1738611111111111,1.0899408284023668,74,1.2460018920871347,0.8146848410887194,0.6460018920871349,0.298611117601485,0.8648648648648649,A,0.0007036768237503565
rubble,A,90,800,0.02,0.05,0.2,,23,0.3,0.2,2.0,20,0,0.6585195530726257,0.5925977653631284,0.8303072625698324,320.0,6.644444444444445,0.9888888888888889,49.21829264258229,0.18797222222222223,1.167079207920792,75,1.2499032819854956,0.8297873673753583,0.6499032819854956,0.2637952584715324,0.8666666666666667,A,0.0007214542187512051
rubble,A,90,800,0.02,0.05,0.2,,24,0.3,0.2,2.0,20,0,0.6759776536312849,0.6440642458100558,0.9448324022346368,300.0,6.7555555555555555,0.8777777777777778,50.60446945163569,0.17602777777777778,1.0888638920134983,75,1.1535263725172886,0.5629262309665818,0.5535263725172886,0.3230614137965454,0.9733333333333334,A,0.0007246372400004474
rubble,A,90,800,0.02,0.05,0.2,,25,0.3,0.2,2.0,20,0,0.5712290502793296,0.5375,0.8268156424581006,320.0,7.088888888888889,1.1,46.297449676577926,0.1874861111111111,1.006150061500615,68,1.217301842302338,0.6978667082344853,0.617301842302338,0.38284293495462296,0.9705882352941176,A,0.0007183433849991161
rubble,A,90,800,0.02,0.05,0.2,,26,0.3,0.2,2.0,20,0,0.6208100558659218,0.5707402234636871,0.8456703910614525,240.0,6.522222222222222,1.011111111111111,50.62998330847424,0.16380555555555557,1.0520710059171596,73,1.2171323989440197,0.6645627975678866,0.6171323989440197,0.3322917711434863,0.9178082191780822,A,0.0007002888024999265
rubble,A,90,800,0.02,0.05,0.2,,27,0.3,0.2,2.0,20,0,0.6641061452513967,0.6096717877094971,0.8819832402234636,260.0,6.022222222222222,1.011111111111111,50.70803153569497,0.15481944444444445,1.1917293233082709,72,1.2874146686981065,0.7570137551807017,0.6874146686981065,0.3054993367484005,0.9166666666666666,A,0.0006974122399992666
rubble,A,90,800,0.02,0.05,0.2,,28,0.3,0.2,2.0,20,0,0.6012569832402235,0.5517458100558658,0.8491620111731844,220.0,6.088888888888889,0.8666666666666667,47.6312713668844,0.17765277777777777,1.1284403669724772,69,1.2033477268901536,0.7639057321785998,0.6033477268901537,0.27900616629044495,0.9420289855072463,A,0.0006938992187497206
rubble,A,90,800,0.02,0.05,0.2,,29,0.3,0.2,2.0,20,0,0.6487430167597765,0.5684706703910615,0.7534916201117319,300.0,6.855555555555555,1.0222222222222221,50.69817537166624,0.18254166666666666,1.2033678756476685,75,1.239213714282008,0.6354793287841969,0.6392137142820079,0.38602871759904755,1.0,A,0.0007115105212506023
rubble,A,120,800,0.02,0.05,0.2,,0,0.3,0.2,2.0,20,0,0.6298882681564246,0.5904329608938548,0.8372905027932961,240.0,7.441666666666666,0.85,46.96714309596923,0.206125,1.1163366336633664,95,1.1534858659519533,0.5748466290826395,0.5534858659519536,0.3605708052137121,0.9157894736842105,A,0.0008166913025002032
rubble,A,120,800,0.02,0.05,0.2,,1,0.3,0.2,2.0,20,0,0.6277932960893855,0.5998603351955307,0.8282122905027933,240.0,7.6,0.775,48.252927022325125,0.20695833333333333,1.1181592039800996,98,1.088117442142686,0.782813194641021,0.488117442142686,0.29528160399368286,0.8367346938775511,A,0.0008146216662498773
rubble,A,120,800,0.02,0.05,0.2,,2,0.3,0.2,2.0,20,0,0.7011173184357542,0.6206005586592178,0.8896648044692738,220.0,7.675,0.85,47.49432935384826,0.20935416666666667,1.292149292149292,97,1.0983965885168796,0.733715037753082,0.4983965885168796,0.18902732351688611,0.9175257731958762,A,0.0008219352087508014
rubble,A,120,800,0.02,0.05,0.2,,5,0.3,0.2,2.0,20,0,0.6138268156424581,0.5815642458100558,0.8631284916201117,280.0,7.791666666666667,0.75,47.436352332417805,0.23797916666666666,1.0045714285714287,98,1.0270275518350056,0.6706431607333616,0.4270275518350055,0.274913071771936,0.9795918367346939,A,0.0008192809375009347
rubble,A,120,800,0.02,0.05,0.2,,3,0.3,0.2,2.0,20,0,0.6668994413407822,0.6424581005586593,0.9210893854748603,280.0,7.416666666666667,0.8583333333333333,48.47833227354008,0.20710416666666667,1.1646341463414636,102,1.0902604053266094,0.8407681759598059,0.4902604053266093,0.22901791707851638,0.9313725490196079,A,0.0008580207812497064
rubble,A,120,800,0.02,0.05,0.2,,4,0.3,0.2,2.0,20,0,0.6208100558659218,0.6370810055865922,0.9217877094972067,300.0,7.616666666666666,0.7583333333333333,47.540741539833014,0.22683333333333333,1.016,96,0.9935512473777371,0.4611848747500477,0.3935512473777372,0.2544920148589347,0.9166666666666666,A,0.0008602682812511375
rubble,A,120,800,0.02,0.05,0.2,,6,0.3,0.2,2.0,20,0,0.6564245810055865,0.5795391061452513,0.8498603351955307,360.0,7.825,0.8,45.877932523708054,0.21754166666666666,1.0930232558139534,90,1.1464109102521196,0.6735459499182093,0.54641091025212,0.2869313928863543,0.8888888888888888,A,0.0008258996874997138
rubble,A,120,800,0.02,0.05,0.2,,7,0.3,0.2,2.0,20,0,0.6396648044692738,0.6277932960893854,0.9392458100558659,220.0,7.4,0.8166666666666667,46.49341295384182,0.23659375,1.0763807285546416,97,1.1084744921454652,0.8382527459520387,0.5084744921454654,0.2716798739163807,0.8969072164948454,A,0.0008398704687510871
rubble,A,120,800,0.02,0.05,0.2,,8,0.3,0.2,2.0,20,0,0.6375698324022346,0.592981843575419,0.8603351955307262,300.0,7.25,0.65,46.96182871638693,0.20028125,1.131350681536555,94,1.0497516768879098,0.602891437341663,0.4497516768879096,0.3023625142759022,0.8723404255319149,A,0.0008139318237499537
rubble,A,120,800,0.02,0.05,0.2,,9,0.3,0.2,2.0,20,0,0.6054469273743017,0.5954259776536314,0.8470670391061452,280.0,7.516666666666667,0.7333333333333333,47.083577320623384,0.22235416666666666,1.1086956521739133,95,1.034430292774682,0.9045327054111331,0.4344302927746818,0.154530639150676,0.7368421052631579,A,0.0008462995312515886
rubble,A,120,800,0.02,0.05,0.2,,10,0.3,0.2,2.0,20,0,0.6396648044692738,0.6006983240223465,0.9113128491620112,280.0,7.533333333333333,0.825,48.14922866569797,0.20534375,1.0540851553509782,95,1.0412870530241285,0.7529461372277759,0.44128705302412835,0.1736775382668312,0.8421052631578947,A,0.0008403039575000549
rubble,A,120,800,0.02,0.05,0.2,,11,0.3,0.2,2.0,20,0,0.6920391061452514,0.6042946927374302,0.8994413407821229,280.0,7.533333333333333,0.7583333333333333,47.12324056238586,0.218625,1.118510158013544,93,1.067601540401231,0.6875428836650525,0.467601540401231,0.2533450949198506,0.8494623655913979,A,0.0008880688537487913
rubble,A,120,800,0.02,0.05,0.2,,13,0.3,0.2,2.0,20,0,0.6662011173184358,0.5902234636871508,0.776536312849162,280.0,7.358333333333333,0.8416666666666667,47.40833306821245,0.23971875,1.2075949367088608,96,1.059905297959825,0.5257554588281435,0.4599052979598249,0.2839120529093549,0.8229166666666666,A,0.0008644950525012973
rubble,A,120,800,0.02,0.05,0.2,,14,0.3,0.2,2.0,20,0,0.6983240223463687,0.6149441340782122,0.8903631284916201,320.0,7.283333333333333,0.825,45.42416832459118,0.21976041666666668,1.1534025374855823,88,1.1350685788359443,0.7606411306461777,0.5350685788359443,0.2991194704361621,0.875,A,0.0008525696874994537
rubble,A,120,800,0.02,0.05,0.2,,12,0.3,0.2,2.0,20,0,0.6410614525139665,0.6097067039106145,0.8170391061452514,200.0,7.175,0.8666666666666667,47.36655189324874,0.20759375,1.1195121951219513,100,1.0792934770142073,0.7112146675428539,0.4792934770142073,0.17151381080524875,0.83,A,0.0008753025000009984
rubble,A,120,800,0.02,0.05,0.2,,15,0.3,0.2,2.0,20,0,0.630586592178771,0.5678770949720671,0.8435754189944135,340.0,7.758333333333334,0.8083333333333333,46.695312784851545,0.22253125,1.0945454545454547,92,1.0955467720468859,0.6132424293393056,0.4955467720468858,0.2447463782730125,0.9130434782608695,A,0.00085069463499849
rubble,A,120,800,0.02,0.05,0.2,,16,0.3,0.2,2.0,20,0,0.6536312849162011,0.5731843575418996,0.8812849162011173,340.0,7.375,0.6416666666666667,46.98874829734081,0.23779166666666668,1.1848101265822786,95,1.0154178711144752,0.5064051244287371,0.4154178711144755,0.21022715285964444,0.8736842105263158,A,0.000850395156248851
rubble,A,120,800,0.02,0.05,0.2,,17,0.3,0.2,2.0,20,0,0.6682960893854749,0.659322625698324,0.8938547486033519,300.0,7.458333333333333,0.8083333333333333,49.47293770733741,0.20845833333333333,1.080135440180587,103,1.0102841222988053,0.6552900425344313,0.4102841222988054,0.2212093543151139,0.8349514563106796,A,0.0008693042187496758
rubble,A,120,800,0.02,0.05,0.2,,18,0.3,0.2,2.0,20,0,0.6787709497206704,0.6241620111731845,0.8931564245810056,300.0,7.458333333333333,0.75,47.171761354319194,0.22203125,1.1612903225806452,91,1.0645199044548341,0.7116149284700194,0.4645199044548343,0.24181856173563065,0.8901098901098901,A,0.000862636927499807
rubble,A,120,800,0.02,0.05,0.2,,19,0.3,0.2,2.0,20,0,0.6752793296089385,0.624336592178771,0.9071229050279329,240.0,7.016666666666667,0.7083333333333334,46.79245346124288,0.20222916666666665,1.1821515892420538,92,1.1310692086445793,0.6651497108477219,0.5310692086445793,0.2835823511327237,0.9565217391304348,A,0.0008536461449989474
rubble,A,120,800,0.02,0.05,0.2,,20,0.3,0.2,2.0,20,0,0.6354748603351955,0.5996508379888268,0.8114525139664804,300.0,7.35,0.9166666666666666,46.14444961331337,0.22095833333333334,1.1621966794380587,92,1.0859293152371137,0.636938990002378,0.4859293152371135,0.2593307616882786,0.9347826086956522,A,0.0008474873437512542
rubble,A,120,800,0.02,0.05,0.2,,22,0.3,0.2,2.0,20,0,0.6096368715083799,0.6028980446927374,0.914804469273743,240.0,6.925,0.675,46.589552689140504,0.19615625,0.9721603563474387,91,1.0274092076562793,0.6422485798719756,0.4274092076562791,0.2344164949843267,0.9340659340659341,A,0.0008444857287508967
rubble,A,120,800,0.02,0.05,0.2,,21,0.3,0.2,2.0,20,0,0.6494413407821229,0.6335893854748603,0.9141061452513967,240.0,7.5,0.9583333333333334,48.30718357901003,0.23417708333333334,1.1467324290998766,99,1.0819429550462931,0.6334037961481425,0.4819429550462931,0.2714495369697014,0.898989898989899,A,0.0008519345312492987
rubble,A,120,800,0.02,0.05,0.2,,23,0.3,0.2,2.0,20,0,0.6557262569832403,0.6233240223463687,0.8568435754189944,320.0,7.616666666666666,0.7333333333333333,47.58433875514911,0.22219791666666666,1.0526905829596414,98,0.9428625993354318,0.5053276090882552,0.34286259933543184,0.20035238523015103,0.8571428571428571,A,0.0008670839062506274
rubble,A,120,800,0.02,0.05,0.2,,24,0.3,0.2,2.0,20,0,0.6480446927374302,0.5872206703910614,0.9392458100558659,300.0,7.85,0.825,46.58372004162773,0.2284375,1.14004914004914,94,1.0981265499196986,0.7206194036065159,0.49812654991969907,0.2573045158677609,0.9148936170212766,A,0.0008477763025007334
rubble,A,120,800,0.02,0.05,0.2,,25,0.3,0.2,2.0,20,0,0.6885474860335196,0.6111382681564246,0.8414804469273743,320.0,7.7,0.825,49.001632955896625,0.22861458333333334,1.1865222623345366,100,1.093807848105445,0.6017155552808533,0.4938078481054452,0.30240546388609474,0.92,A,0.0008742579687486796
rubble,A,120,800,0.02,0.05,0.2,,26,0.3,0.2,2.0,20,0,0.6696927374301676,0.6278282122905028,0.9113128491620112,300.0,7.458333333333333,0.8166666666666667,48.2962466591916,0.21028125,1.1164144353899883,101,1.0398591492217988,0.7420695390286085,0.4398591492217986,0.23828817862569918,0.9108910891089109,A,0.0008820769799990557
apartment,B,10,800,0.02,0.05,0.2,,0,0.3,0.2,2.0,20,0,0.255859375,0.25722656250000003,0.556640625,120.0,0.9,0.1,54.04561473763273,0.01275,0.8103092783505155,8,3.7752380443137987,0.08186266914434767,3.1752380443137986,3.1977768646835103,1.0,B,0.0004566515624992462
apartment,B,10,800,0.02,0.05,0.2,,1,0.3,0.2,2.0,20,0,0.3014322916666667,0.30657552083333334,0.5625,120.0,0.4,0.2,59.57682730178733,0.015375,0.9788583509513743,10,3.779329099359174,0.3687318910956924,3.1793290993591734,2.9801030054391457,1.0,B,0.0004697944262511555
apartment,B,10,800,0.02,0.05,0.2,,2,0.3,0.2,2.0,20,0,0.2552083333333333,0.2558268229166667,0.55859375,140.0,0.5,0.2,54.55345704567846,0.011375,0.8200836820083681,8,3.9006154248925524,0.0922625816703759,3.3006154248925523,3.390253389435969,1.0,B,0.00045390052124957944
rubble,A,120,800,0.02,0.05,0.2,,27,0.3,0.2,2.0,20,0,0.715782122905028,0.6722067039106145,0.9574022346368715,260.0,7.7,0.8166666666666667,49.56627040283265,0.209875,1.1863425925925926,105,0.9821189306856493,0.45807102445588216,0.3821189306856493,0.1681415646868889,0.8857142857142857,A,0.000895640677499614
rubble,A,120,800,0.02,0.05,0.2,,28,0.3,0.2,2.0,20,0,0.6675977653631285,0.6115921787709497,0.8854748603351955,200.0,7.266666666666667,0.825,46.20010483656895,0.22561458333333334,1.1260306242638398,93,1.1413401029819836,0.6925506986258664,0.5413401029819837,0.3014033658710521,0.8709677419354839,A,0.0008609365625011378
apartment,B,10,800,0.02,0.05,0.2,,3,0.3,0.2,2.0,20,0,0.19791666666666666,0.19527994791666667,0.5598958333333334,160.0,0.8,0.0,48.57463609273223,0.01725,0.6373165618448637,6,5.045355469622599,0.3117643103026378,4.4453554696226005,3.6064919196381005,1.0,B,0.0004594416137501867
apartment,B,10,800,0.02,0.05,0.2,,4,0.3,0.2,2.0,20,0,0.22395833333333334,0.2201171875,0.5716145833333334,160.0,0.4,0.1,51.31332310406251,0.011,0.7166666666666667,7,5.191750544549033,0.2943969276463524,4.591750544549034,4.5468155643165495,1.0,B,0.0004471816149998631
rubble,A,120,800,0.02,0.05,0.2,,29,0.3,0.2,2.0,20,0,0.6850558659217877,0.6,0.8491620111731844,240.0,8.475,0.8333333333333334,48.84858959657222,0.24533333333333332,1.2790091264667536,105,1.0689495061280228,0.6361153279921674,0.4689495061280228,0.22706243892342437,0.8666666666666667,A,0.0009012594274986441
apartment,B,10,800,0.02,0.05,0.2,,5,0.3,0.2,2.0,20,0,0.16276041666666666,0.15966796875,0.4381510416666667,140.0,0.7,0.1,45.20740553537288,0.021875,0.5518763796909492,5,4.589539707165689,0.3087725617456614,3.9895397071656893,3.6429997968108654,1.0,B,0.00043626479125123295
apartment,B,10,800,0.02,0.05,0.2,,7,0.3,0.2,2.0,20,0,0.2819010416666667,0.27978515625,0.5358072916666666,160.0,0.4,0.2,55.42194761119724,0.015,0.9039665970772444,9,3.7164511950046384,0.19803969114503578,3.1164511950046383,2.927834138972052,1.0,B,0.00045030052124957366
apartment,B,10,800,0.02,0.05,0.2,,6,0.3,0.2,2.0,20,0,0.3098958333333333,0.30930989583333335,0.5358072916666666,140.0,0.4,0.0,57.933515059251306,0.017,1.0021052631578946,10,4.058060939249828,0.26963547436336965,3.4580609392498283,3.2991481097109627,1.0,B,0.0004960770312504792
apartment,B,10,800,0.02,0.05,0.2,,8,0.3,0.2,2.0,20,0,0.279296875,0.2767252604166667,0.5501302083333334,140.0,0.7,0.0,57.03784748569217,0.014375,0.9127659574468086,9,3.9134641266481713,0.36350047007699665,3.313464126648171,2.935914644054386,1.0,B,0.0004864730212489121
apartment,B,10,800,0.02,0.05,0.2,,9,0.3,0.2,2.0,20,0,0.3014322916666667,0.30393880208333335,0.5397135416666666,120.0,0.6,0.0,58.81071068665159,0.00825,0.9893162393162394,10,3.9020053249104087,0.3609100851150572,3.3020053249104087,2.7624139599911195,1.0,B,0.0004610412500005623
apartment,B,10,800,0.02,0.05,0.2,,11,0.3,0.2,2.0,20,0,0.2740885416666667,0.2767252604166667,0.4928385416666667,80.0,0.2,0.0,56.10440130784177,0.008625,0.9112554112554113,9,3.6361052904631146,0.20678966943829907,3.0361052904631145,2.7886311486437787,1.0,B,0.00044906395749876537
apartment,B,10,800,0.02,0.05,0.2,,10,0.3,0.2,2.0,20,0,0.2532552083333333,0.25514322916666665,0.525390625,120.0,0.4,0.0,53.316303147295876,0.014375,0.813807531380753,8,4.231200530825017,0.27585942539626795,3.6312005308250166,3.4885389978575425,1.0,B,0.00047011520875003045
apartment,B,10,800,0.02,0.05,0.2,,12,0.3,0.2,2.0,20,0,0.24674479166666666,0.24811197916666666,0.482421875,100.0,0.5,0.2,53.2574556095754,0.019375,0.8185745140388768,8,3.6608352841175407,0.15775003418486422,3.0608352841175406,3.173056972201654,1.0,B,0.0004418601049997051
apartment,B,10,800,0.02,0.05,0.2,,13,0.3,0.2,2.0,20,0,0.24544270833333334,0.24423828125,0.4837239583333333,120.0,0.3,0.1,53.417820713666494,0.01025,0.8231441048034935,8,3.48236218618175,0.2091493781320753,2.8823621861817506,2.8319703078082545,1.0,B,0.0004679366675009078
apartment,B,10,800,0.02,0.05,0.2,,14,0.3,0.2,2.0,20,0,0.2552083333333333,0.25465494791666665,0.517578125,120.0,0.6,0.0,52.866232020829486,0.014625,0.8166666666666667,8,4.861377318456731,0.2611869790490597,4.261377318456732,3.5582470027830575,1.0,B,0.00047673505250031664
apartment,B,10,800,0.02,0.05,0.2,,15,0.3,0.2,2.0,20,0,0.25,0.2524088541666667,0.5638020833333334,120.0,0.7,0.1,53.180568035285354,0.011875,0.8016701461377871,8,4.201252413279309,0.3224037308924284,3.6012524132793087,3.2780408058424757,1.0,B,0.000454206355000224
apartment,B,10,800,0.02,0.05,0.2,,16,0.3,0.2,2.0,20,0,0.16341145833333334,0.16279296875,0.5436197916666666,100.0,0.3,0.1,45.77778924685251,0.011125,0.5196687370600415,5,5.842553474701873,0.2714343906313343,5.242553474701873,6.064405728672427,1.0,B,0.00043546453124918114
apartment,B,10,800,0.02,0.05,0.2,,17,0.3,0.2,2.0,20,0,0.24934895833333334,0.25032552083333337,0.5358072916666666,100.0,0.6,0.0,53.645514640337446,0.014875,0.801255230125523,8,4.231851413924145,0.27803606394601205,3.6318514139241453,3.191569786355286,1.0,B,0.00045250145750060257
apartment,B,10,800,0.02,0.05,0.2,,18,0.3,0.2,2.0,20,0,0.24674479166666666,0.24615885416666666,0.4876302083333333,100.0,0.8,0.1,53.72989260307669,0.00825,0.8133047210300428,8,3.822971825251983,0.13224351147964197,3.2229718252519834,3.433726968168173,1.0,B,0.00046363104125020984
apartment,B,10,800,0.02,0.05,0.2,,19,0.3,0.2,2.0,20,0,0.2805989583333333,0.27666015625,0.556640625,140.0,0.8,0.2,55.35534808408109,0.02925,0.9150743099787685,9,3.500465877603705,0.2034621627207548,2.9004658776037058,2.7830730597804587,1.0,B,0.00046121312499963096
apartment,B,10,800,0.02,0.05,0.2,,20,0.3,0.2,2.0,20,0,0.19270833333333334,0.19065755208333335,0.548828125,140.0,0.6,0.2,48.61564639085112,0.015625,0.6271186440677966,6,4.548073087176731,0.37482772033297634,3.948073087176732,2.922592469359367,1.0,B,0.0004502489587503078
apartment,B,10,800,0.02,0.05,0.2,,21,0.3,0.2,2.0,20,0,0.2513020833333333,0.25071614583333335,0.5514322916666666,100.0,0.5,0.1,53.70875072751694,0.007875,0.8092243186582808,8,4.27110031433403,0.34245976194631045,3.6711003143340295,3.333609924471253,1.0,B,0.0004575951037509185
apartment,B,10,800,0.02,0.05,0.2,,22,0.3,0.2,2.0,20,0,0.3092447916666667,0.312109375,0.5716145833333334,100.0,0.4,0.2,59.02307560134163,0.010875,1.0149572649572651,10,3.6562595481443503,0.11685102508684296,3.0562595481443497,2.8299403637025535,1.0,B,0.0004466392187509882
apartment,B,10,800,0.02,0.05,0.2,,23,0.3,0.2,2.0,20,0,0.2734375,0.27646484375,0.5559895833333334,120.0,0.7,0.0,56.89811898062261,0.00675,0.8955223880597014,9,3.8623770174918968,0.4030608026259246,3.262377017491897,2.421830036852279,1.0,B,0.00044201380249887735
apartment,B,10,800,0.02,0.05,0.2,,24,0.3,0.2,2.0,20,0,0.15885416666666666,0.15917968749999997,0.4791666666666667,100.0,0.4,0.3,46.16123505139371,0.016875,0.5281385281385281,5,3.933640138491916,0.21497753817172965,3.3336401384919165,3.3437236410582205,1.0,B,0.00044037718750132625
apartment,B,10,800,0.02,0.05,0.2,,25,0.3,0.2,2.0,20,0,0.22265625,0.22291666666666665,0.5221354166666666,140.0,0.3,0.0,51.64647254942819,0.00425,0.7307692307692307,7,4.354508852311771,0.35469026958295113,3.7545088523117705,3.078733251990585,1.0,B,0.0004504990624991478
apartment,B,10,800,0.02,0.05,0.2,,26,0.3,0.2,2.0,20,0,0.3098958333333333,0.30813802083333325,0.5696614583333334,140.0,0.6,0.1,59.01556759766695,0.0125,1.0042194092827004,10,3.875947645974267,0.3556831762986863,3.2759476459742665,2.9751565323601534,1.0,B,0.0004786140625014923
apartment,B,10,800,0.02,0.05,0.2,,27,0.3,0.2,2.0,20,0,0.1875,0.18795572916666667,0.4837239583333333,100.0,0.5,0.1,48.15652500180828,0.009875,0.6153846153846154,6,3.6475001971461474,0.2683642792917955,3.0475001971461477,2.571787654676865,1.0,B,0.0004324463537500378
apartment,B,10,800,0.02,0.05,0.2,,29,0.3,0.2,2.0,20,0,0.2799479166666667,0.27643229166666666,0.5475260416666666,120.0,0.8,0.1,56.6617374148003,0.011875,0.9014675052410902,9,4.242692506999686,0.3334230719402876,3.642692506999686,3.120278293580313,1.0,B,0.0004305385425004715
apartment,B,10,800,0.02,0.05,0.2,,28,0.3,0.2,2.0,20,0,0.2819010416666667,0.2827799479166667,0.5638020833333334,100.0,0.8,0.1,56.57130439040317,0.012375,0.9291845493562232,9,4.0150561159747475,0.2863719492505179,3.415056115974748,3.394446030064595,1.0,B,0.00046481426999889664
apartment,B,30,800,0.02,0.05,0.2,,0,0.3,0.2,2.0,20,0,0.6953125,0.7064778645833334,0.8430989583333334,220.0,0.7333333333333333,0.03333333333333333,55.274679272589395,0.034458333333333334,0.908936170212766,27,2.801746647612938,0.17158871453740532,2.201746647612938,2.0930948342637645,1.0,B,0.0007063272912500906
apartment,B,30,800,0.02,0.05,0.2,,1,0.3,0.2,2.0,20,0,0.6529947916666666,0.6481119791666667,0.8229166666666666,200.0,0.8,0.13333333333333333,51.66542415489028,0.04725,0.901978417266187,24,2.9516538522488545,0.14511075133331974,2.351653852248854,2.2646035701895286,1.0,B,0.0006853873962495527
apartment,B,30,800,0.02,0.05,0.2,,2,0.3,0.2,2.0,20,0,0.6725260416666666,0.6692057291666667,0.818359375,200.0,0.8333333333333334,0.13333333333333333,52.90638319986021,0.039875,0.9133510167992926,25,2.886789489991452,0.14598270380852635,2.2867894899914516,2.230656152664187,1.0,B,0.0007038359374996617
apartment,B,30,800,0.02,0.05,0.2,,4,0.3,0.2,2.0,20,0,0.5885416666666666,0.5822265624999999,0.8209635416666666,180.0,0.9,0.26666666666666666,49.83986314844348,0.043833333333333335,0.7929824561403508,21,3.017074479456236,0.15240579740695112,2.417074479456236,2.2608482132829963,1.0,B,0.0006540618750000249
apartment,B,30,800,0.02,0.05,0.2,,3,0.3,0.2,2.0,20,0,0.728515625,0.7230794270833334,0.8248697916666666,220.0,0.9,0.23333333333333334,54.97440982737347,0.040875,0.9885159010600707,28,2.850077046076058,0.14106825389586203,2.2500770460760573,2.123026011793462,1.0,B,0.0007504975525012014
apartment,B,30,800,0.02,0.05,0.2,,5,0.3,0.2,2.0,20,0,0.6315104166666666,0.6311848958333333,0.8411458333333334,200.0,0.9666666666666667,0.13333333333333333,51.37678493092834,0.050666666666666665,0.8479020979020979,23,2.9523883268706483,0.09163815301947861,2.3523883268706487,2.385450498800156,1.0,B,0.0006753659900005005
apartment,B,30,800,0.02,0.05,0.2,,7,0.3,0.2,2.0,20,0,0.564453125,0.5599283854166667,0.8365885416666666,200.0,0.9,0.13333333333333333,48.87693253051374,0.044333333333333336,0.76657824933687,20,3.1294587639552853,0.1508220551772877,2.5294587639552852,2.3891511108699,1.0,B,0.0006662469274988325
apartment,B,30,800,0.02,0.05,0.2,,6,0.3,0.2,2.0,20,0,0.7265625,0.7164713541666666,0.853515625,220.0,1.0,0.16666666666666666,54.92414085527536,0.04416666666666667,0.992,27,2.9416166185352375,0.08298455573574973,2.3416166185352374,2.30093935051248,1.0,B,0.0007422551037507219
apartment,B,30,800,0.02,0.05,0.2,,8,0.3,0.2,2.0,20,0,0.6744791666666666,0.6746419270833333,0.8483072916666666,200.0,1.0666666666666667,0.13333333333333333,53.22623511736175,0.035625,0.9299820466786356,25,2.8084917040155077,0.12592817780842416,2.208491704015508,2.1762312214746764,1.0,B,0.0006999235937496451
apartment,B,30,800,0.02,0.05,0.2,,9,0.3,0.2,2.0,20,0,0.5944010416666666,0.5921223958333333,0.8170572916666666,200.0,0.8333333333333334,0.13333333333333333,50.37767057506832,0.03875,0.8195691202872532,21,3.088095890001964,0.15598145971071467,2.4880958900019636,2.33742353897624,1.0,B,0.0006750406775017836
apartment,B,30,800,0.02,0.05,0.2,,10,0.3,0.2,2.0,20,0,0.7161458333333334,0.7080078125000001,0.8294270833333334,200.0,0.6333333333333333,0.2,54.69002168029957,0.03929166666666667,0.970873786407767,27,2.958420950424742,0.1302432819404357,2.358420950424742,2.259967779609394,1.0,B,0.0007160916662496675
apartment,B,30,800,0.02,0.05,0.2,,11,0.3,0.2,2.0,20,0,0.6145833333333334,0.6103841145833333,0.8463541666666666,200.0,0.8666666666666667,0.1,49.8296329624818,0.06220833333333333,0.8215839860748477,22,2.906563640977577,0.13619900670202031,2.3065636409775774,2.2807919081568144,1.0,B,0.0007005464587496135
apartment,B,30,800,0.02,0.05,0.2,,12,0.3,0.2,2.0,20,0,0.61328125,0.6076171875,0.841796875,200.0,0.8666666666666667,0.16666666666666666,49.885327575774646,0.05545833333333333,0.8501805054151625,22,3.0623318287752594,0.1398150456329061,2.4623318287752594,2.410786249048512,1.0,B,0.0006742863537510857
apartment,B,30,800,0.02,0.05,0.2,,14,0.3,0.2,2.0,20,0,0.6373697916666666,0.6334635416666667,0.8196614583333334,260.0,0.7333333333333333,0.1,51.84948568734068,0.035541666666666666,0.8663716814159291,23,3.0641732042393937,0.16295197907004907,2.4641732042393936,2.359189482184938,1.0,B,0.000685257656250542
apartment,B,30,800,0.02,0.05,0.2,,13,0.3,0.2,2.0,20,0,0.607421875,0.60078125,0.8170572916666666,220.0,1.0333333333333334,0.2,49.224481964055094,0.05529166666666667,0.8293333333333334,22,3.05200614329722,0.14218110729012176,2.4520061432972198,2.3688886442968213,1.0,B,0.0007225515625009394
apartment,B,30,800,0.02,0.05,0.2,,15,0.3,0.2,2.0,20,0,0.6569010416666666,0.66435546875,0.8404947916666666,180.0,0.6666666666666666,0.13333333333333333,52.52992638336085,0.035375,0.8646101113967437,25,2.856382420171526,0.13604429096791756,2.2563824201715263,2.1306006469631025,1.0,B,0.0007088902600003166
apartment,B,30,800,0.02,0.05,0.2,,17,0.3,0.2,2.0,20,0,0.6341145833333334,0.6336588541666667,0.84375,220.0,1.1,0.2,51.01116334537468,0.050375,0.8711985688729875,23,2.955032826730053,0.13386284187402678,2.3550328267300524,2.241839693606472,1.0,B,0.0006982019787506033
apartment,B,30,800,0.02,0.05,0.2,,16,0.3,0.2,2.0,20,0,0.5891927083333334,0.5906575520833333,0.8046875,220.0,0.9333333333333333,0.1,49.09994245276466,0.050833333333333335,0.8227272727272728,21,3.0168214208500377,0.16889002762163272,2.416821420850037,2.2690305709610503,1.0,B,0.0007237637499997618
apartment,B,30,800,0.02,0.05,0.2,,18,0.3,0.2,2.0,20,0,0.6555989583333334,0.6427734374999999,0.8111979166666666,200.0,0.6666666666666666,0.13333333333333333,52.063842279375386,0.035125,0.9204753199268738,24,2.974828795405848,0.12444097074563358,2.3748287954058482,2.362167855361351,1.0,B,0.0007210065624985873
apartment,B,30,800,0.02,0.05,0.2,,19,0.3,0.2,2.0,20,0,0.7337239583333334,0.72568359375,0.8470052083333334,180.0,1.0666666666666667,0.13333333333333333,55.22589612506726,0.04908333333333333,1.011669658886894,28,2.8066921716466453,0.08502807354774138,2.206692171646645,2.182891786063985,1.0,B,0.0007271641149986862
apartment,B,30,800,0.02,0.05,0.2,,20,0.3,0.2,2.0,20,0,0.646484375,0.6392578124999999,0.8411458333333334,200.0,0.9333333333333333,0.26666666666666666,52.54585533702587,0.04566666666666667,0.8718173836698858,24,2.9495419505958744,0.14028942170329967,2.3495419505958743,2.160420279873449,1.0,B,0.0006976411462505894
apartment,B,30,800,0.02,0.05,0.2,,21,0.3,0.2,2.0,20,0,0.6243489583333334,0.6274739583333333,0.81640625,180.0,0.9666666666666667,0.23333333333333334,51.37556084188566,0.043583333333333335,0.8464254192409533,23,2.8935263104912234,0.17802966259087283,2.293526310491224,2.230513197403162,1.0,B,0.0007064169262503129
apartment,B,30,800,0.02,0.05,0.2,,22,0.3,0.2,2.0,20,0,0.576171875,0.5674479166666666,0.8450520833333334,220.0,0.9333333333333333,0.0,47.79346238654975,0.05204166666666667,0.7702349869451697,20,3.0831152242724817,0.14301864713259235,2.483115224272482,2.3102129039889494,1.0,B,0.0006968330737504402
apartment,B,30,800,0.02,0.05,0.2,,23,0.3,0.2,2.0,20,0,0.677734375,0.6731770833333334,0.853515625,220.0,0.8666666666666667,0.16666666666666666,52.86442904273963,0.045208333333333336,0.8989637305699482,25,2.9716001222013837,0.06667514822123094,2.3716001222013836,2.317823496803075,1.0,B,0.0007206423437492048
apartment,B,30,800,0.02,0.05,0.2,,24,0.3,0.2,2.0,20,0,0.6888020833333334,0.6906575520833333,0.841796875,200.0,1.1,0.0,53.57609474131439,0.04120833333333333,0.93051890941073,26,2.809939427913543,0.09833912100697108,2.2099394279135423,2.1652626623064473,1.0,B,0.0007262330200001088
apartment,B,30,800,0.02,0.05,0.2,,25,0.3,0.2,2.0,20,0,0.63671875,0.6296549479166667,0.83203125,220.0,1.1,0.2,50.49000247183298,0.047625,0.858647936786655,23,3.029503072107685,0.12234987025909004,2.429503072107685,2.4478390096327263,1.0,B,0.0006981631774988273
apartment,B,30,800,0.02,0.05,0.2,,26,0.3,0.2,2.0,20,0,0.6315104166666666,0.62626953125,0.8151041666666666,200.0,1.0,0.26666666666666666,51.04436433208892,0.041916666666666665,0.853122251539138,23,2.9294157403629715,0.14784225555247926,2.329415740362972,2.1905235864565284,1.0,B,0.000715482343750864
apartment,B,30,800,0.02,0.05,0.2,,27,0.3,0.2,2.0,20,0,0.6536458333333334,0.6514322916666667,0.826171875,180.0,0.8333333333333334,0.03333333333333333,52.37760057017278,0.036625,0.8869257950530036,24,3.0132523421183173,0.14674219667805571,2.413252342118317,2.3857430545160208,1.0,B,0.0006927493750004032
apartment,B,30,800,0.02,0.05,0.2,,28,0.3,0.2,2.0,20,0,0.6419270833333334,0.6353515625000001,0.849609375,200.0,0.9666666666666667,0.13333333333333333,51.735815041914904,0.03879166666666667,0.866432337434095,23,2.9124153454235477,0.16040770601116397,2.312415345423548,2.149957797513621,1.0,B,0.0006822054687495438
apartment,B,30,800,0.02,0.05,0.2,,29,0.3,0.2,2.0,20,0,0.6575520833333334,0.6564127604166667,0.84765625,200.0,0.9666666666666667,0.1,52.21491936243506,0.05175,0.8767361111111112,24,2.944927117833418,0.0855958045717134,2.344927117833418,2.3287826869005634,1.0,B,0.0007110775524984092
apartment,B,60,800,0.02,0.05,0.2,,0,0.3,0.2,2.0,20,0,0.916015625,0.8788736979166668,0.9596354166666666,240.0,0.9333333333333333,0.2833333333333333,48.40638304645986,0.0808125,0.9985805535841021,47,2.3837900683817304,0.10448415790069553,1.7837900683817303,1.7883963078973637,1.0,B,0.0013448677612495886
apartment,B,60,800,0.02,0.05,0.2,,1,0.3,0.2,2.0,20,0,0.93359375,0.9198893229166666,0.9889322916666666,220.0,1.0,0.2833333333333333,48.65486905202705,0.0790625,1.0235546038543897,46,2.378500020122741,0.17021669457223026,1.7785000201227403,1.8392169086557124,1.0,B,0.0012719230200013954
apartment,B,60,800,0.02,0.05,0.2,,2,0.3,0.2,2.0,20,0,0.947265625,0.9333658854166667,0.990234375,240.0,0.6666666666666666,0.2833333333333333,51.03974387715939,0.067375,1.0181945416375089,50,2.321805663497246,0.13115998075319607,1.7218056634972456,1.7390182207384648,1.0,B,0.001300743125000281
apartment,B,60,800,0.02,0.05,0.2,,4,0.3,0.2,2.0,20,0,0.9348958333333334,0.9169921874999998,0.9850260416666666,240.0,1.1666666666666667,0.3,48.704931087972234,0.0735,1.0048985304408677,47,2.337502668047659,0.13644125274610727,1.7375026680476588,1.7103923409952628,1.0,B,0.0012809174475000872
apartment,B,60,800,0.02,0.05,0.2,,3,0.3,0.2,2.0,20,0,0.904296875,0.8819661458333334,0.974609375,200.0,0.95,0.26666666666666666,49.18354198099626,0.07502083333333333,1.020573108008817,48,2.310213156403232,0.13216433276267398,1.710213156403232,1.7017261777945056,1.0,B,0.0013114802087488898
apartment,B,60,800,0.02,0.05,0.2,,5,0.3,0.2,2.0,20,0,0.9225260416666666,0.9136067708333332,0.984375,240.0,1.1166666666666667,0.26666666666666666,48.228724463538015,0.08245833333333333,1.0092592592592593,46,2.310435401696361,0.12702646095807887,1.7104354016963614,1.7350722543659856,1.0,B,0.0013213607300008334
apartment,B,60,800,0.02,0.05,0.2,,6,0.3,0.2,2.0,20,0,0.953125,0.933203125,0.9915364583333334,240.0,0.9166666666666666,0.3,50.39676630317881,0.06827083333333334,1.008959338387319,50,2.3738307665639358,0.12358549078607431,1.773830766563936,1.781317363922075,1.0,B,0.0013138486462480614
apartment,B,60,800,0.02,0.05,0.2,,7,0.3,0.2,2.0,20,0,0.9407552083333334,0.9243815104166666,0.98046875,180.0,0.9833333333333333,0.3333333333333333,51.00718843590979,0.0640625,1.0284697508896798,51,2.3165798765363106,0.11793416140780516,1.7165798765363103,1.6733619055872877,1.0,B,0.0012965536975002578
apartment,B,60,800,0.02,0.05,0.2,,8,0.3,0.2,2.0,20,0,0.9127604166666666,0.8930013020833332,0.9791666666666666,220.0,1.0666666666666667,0.31666666666666665,48.77338470411325,0.0695625,1.0079079798705965,46,2.356262636508902,0.07470699228230743,1.756262636508902,1.7273028479205257,1.0,B,0.0013020970837510505
apartment,B,60,800,0.02,0.05,0.2,,9,0.3,0.2,2.0,20,0,0.931640625,0.9161783854166666,0.986328125,260.0,1.0166666666666666,0.2,49.34288788947476,0.0793125,1.0006993006993006,49,2.2916513169953148,0.1237433173244413,1.6916513169953147,1.6470976817020264,1.0,B,0.0013292835937500059
apartment,B,60,800,0.02,0.05,0.2,,10,0.3,0.2,2.0,20,0,0.9251302083333334,0.9078125,0.982421875,180.0,1.15,0.21666666666666667,48.743044800177444,0.0740625,1.0304568527918783,47,2.3691907971894426,0.13858901377307217,1.769190797189443,1.7791825942145665,1.0,B,0.0013241482812509275
apartment,B,60,800,0.02,0.05,0.2,,12,0.3,0.2,2.0,20,0,0.9368489583333334,0.9166666666666666,0.9869791666666666,240.0,1.1,0.2833333333333333,48.0715216898273,0.0778125,1.0119549929676512,46,2.3802814768833653,0.1614076347948596,1.7802814768833655,1.8423918724189536,1.0,B,0.001278633854999498
apartment,B,60,800,0.02,0.05,0.2,,11,0.3,0.2,2.0,20,0,0.947265625,0.9257161458333332,0.990234375,220.0,0.95,0.2833333333333333,49.45405162278605,0.07266666666666667,1.0422636103151863,49,2.3982913410210123,0.10105537465500619,1.7982913410210124,1.802290081272957,1.0,B,0.0013501266150001356
apartment,B,60,800,0.02,0.05,0.2,,13,0.3,0.2,2.0,20,0,0.9537760416666666,0.9365885416666666,0.9928385416666666,240.0,0.9166666666666666,0.25,51.35329787419134,0.07014583333333334,1.0368011323425337,52,2.2354051119746647,0.13712814106290294,1.6354051119746649,1.645529632093543,1.0,B,0.0013612824474989794
apartment,B,60,800,0.02,0.05,0.2,,14,0.3,0.2,2.0,20,0,0.908203125,0.881640625,0.9733072916666666,240.0,1.1,0.3333333333333333,48.29913093213006,0.078,1.0021551724137931,46,2.3068680344004187,0.11060693650494122,1.7068680344004183,1.7051455855582804,1.0,B,0.0013340815099991232
apartment,B,60,800,0.02,0.05,0.2,,15,0.3,0.2,2.0,20,0,0.9303385416666666,0.9169921875000002,0.98828125,220.0,1.0,0.3,47.96165794018064,0.08220833333333333,1.0453547915142647,49,2.274819583152051,0.1305073292331866,1.6748195831520507,1.6359618926680914,1.0,B,0.001359045261249321
apartment,B,60,800,0.02,0.05,0.2,,16,0.3,0.2,2.0,20,0,0.9654947916666666,0.9437174479166666,0.9947916666666666,260.0,0.9,0.2833333333333333,49.49873290316061,0.07185416666666666,1.029146426092991,49,2.3932588108682267,0.11995744328061397,1.7932588108682266,1.901117063762531,1.0,B,0.0013362109900003816
apartment,B,60,800,0.02,0.05,0.2,,17,0.3,0.2,2.0,20,0,0.9420572916666666,0.92890625,0.990234375,220.0,0.95,0.31666666666666665,51.24655169949169,0.0814375,1.0006915629322268,51,2.292844092939725,0.14179089981109433,1.6928440929397244,1.6848516164969158,1.0,B,0.0013386667712507005
apartment,B,60,800,0.02,0.05,0.2,,19,0.3,0.2,2.0,20,0,0.9329427083333334,0.9128580729166667,0.9895833333333334,240.0,0.9333333333333333,0.36666666666666664,50.40518850096994,0.07435416666666667,1.0148725212464589,50,2.2415984638495705,0.1389887836799188,1.6415984638495704,1.624775548344279,1.0,B,0.0013213903125006254
apartment,B,60,800,0.02,0.05,0.2,,18,0.3,0.2,2.0,20,0,0.9147135416666666,0.9018880208333334,0.9817708333333334,220.0,0.8,0.4166666666666667,49.27114128002741,0.0703125,1.0050071530758227,48,2.310932534409822,0.13981174396886606,1.7109325344098216,1.6895005176230413,1.0,B,0.0013307412500012106
apartment,B,60,800,0.02,0.05,0.2,,20,0.3,0.2,2.0,20,0,0.921875,0.8896809895833334,0.9778645833333334,240.0,0.9333333333333333,0.23333333333333334,48.57451544107645,0.0774375,0.9812889812889813,46,2.3882092721635964,0.12033335192743254,1.7882092721635967,1.7137844832306555,1.0,B,0.0012765489062508096
apartment,B,60,800,0.02,0.05,0.2,,21,0.3,0.2,2.0,20,0,0.9186197916666666,0.9058268229166666,0.9830729166666666,220.0,1.1,0.25,48.77233157503206,0.07610416666666667,0.9936619718309859,47,2.3813705696748366,0.12734780159554626,1.7813705696748365,1.7351687961181361,1.0,B,0.001288030781249745
apartment,B,60,800,0.02,0.05,0.2,,23,0.3,0.2,2.0,20,0,0.9296875,0.9057291666666666,0.9817708333333334,240.0,1.0166666666666666,0.23333333333333334,46.937311072220474,0.07122916666666666,1.0163701067615658,45,2.407435537597591,0.11358999682299159,1.8074355375975903,1.80875779464811,1.0,B,0.0012811897912501991
apartment,B,60,800,0.02,0.05,0.2,,22,0.3,0.2,2.0,20,0,0.9505208333333334,0.9219726562499998,0.9915364583333334,200.0,0.9333333333333333,0.23333333333333334,49.85551699184099,0.07391666666666667,1.0480976310122039,49,2.287245700354722,0.14888998051763574,1.6872457003547223,1.811625567541146,1.0,B,0.00132333489624898
apartment,B,60,800,0.02,0.05,0.2,,24,0.3,0.2,2.0,20,0,0.9498697916666666,0.9272135416666666,0.9928385416666666,260.0,1.0,0.21666666666666667,48.248189050811824,0.08277083333333334,1.0138985406532313,47,2.4117849440086876,0.1051980893863272,1.811784944008688,1.8418347665202996,1.0,B,0.0012905456250018688
apartment,B,60,800,0.02,0.05,0.2,,25,0.3,0.2,2.0,20,0,0.9479166666666666,0.9430989583333333,0.9915364583333334,240.0,0.9833333333333333,0.23333333333333334,50.727078793378915,0.06939583333333334,1.0196078431372548,51,2.291656819189205,0.1122422646902592,1.6916568191892054,1.6794706536534632,1.0,B,0.0013281459375002668
apartment,B,60,800,0.02,0.05,0.2,,26,0.3,0.2,2.0,20,0,0.9817708333333334,0.9542643229166664,0.9947916666666666,240.0,1.0333333333333334,0.3,52.670989139726224,0.07922916666666667,1.060478199718706,55,2.2550138332089555,0.13559926884944287,1.6550138332089557,1.646854550787347,1.0,B,0.0013879928124993057
apartment,B,60,800,0.02,0.05,0.2,,27,0.3,0.2,2.0,20,0,0.9264322916666666,0.9035156250000002,0.984375,260.0,1.1,0.23333333333333334,47.61127962008958,0.076625,1.0092198581560283,46,2.3524723139527137,0.10972616865008189,1.7524723139527136,1.7403034154414714,1.0,B,0.0012521573949993581
apartment,B,60,800,0.02,0.05,0.2,,28,0.3,0.2,2.0,20,0,0.9147135416666666,0.9022460937500002,0.982421875,240.0,1.0,0.25,48.773223681180525,0.06945833333333333,0.9818308874912648,46,2.3128379756124318,0.1429961134814486,1.7128379756124312,1.717109292818633,1.0,B,0.0012494544787500673
apartment,B,60,800,0.02,0.05,0.2,,29,0.3,0.2,2.0,20,0,0.9264322916666666,0.8964843750000002,0.986328125,220.0,1.1,0.25,48.402991709809676,0.07004166666666667,1.0085046066619419,46,2.410077780180325,0.11764760009467742,1.810077780180325,1.8692089509418626,1.0,B,0.0012562548437517762
apartment,B,90,800,0.02,0.05,0.2,,0,0.3,0.2,2.0,20,0,0.990234375,0.9557942708333333,0.998046875,240.0,1.2222222222222223,0.3333333333333333,42.45240857610945,0.16233333333333333,1.0417808219178082,67,1.999264512176962,0.1978307403400361,1.3992645121769627,1.3547918215411947,1.0,B,0.0021950727087505584
apartment,B,90,800,0.02,0.05,0.2,,2,0.3,0.2,2.0,20,0,0.9934895833333334,0.9709635416666667,1.0,220.0,1.1333333333333333,0.2,43.955197152178755,0.15386111111111112,1.0262273032952254,72,1.9931914925387686,0.1469723478137996,1.3931914925387687,1.4715575965655274,1.0,B,0.002237070624998978
apartment,B,90,800,0.02,0.05,0.2,,1,0.3,0.2,2.0,20,0,0.9921875,0.97197265625,1.0,220.0,1.1555555555555554,0.3333333333333333,43.42041005635089,0.16218055555555555,1.0381471389645778,72,1.884736124665618,0.17005638295017475,1.2847361246656184,1.3444966289618794,1.0,B,0.002298820937498931
apartment,B,90,800,0.02,0.05,0.2,,4,0.3,0.2,2.0,20,0,0.9934895833333334,0.9761393229166668,0.9986979166666666,220.0,1.1333333333333333,0.25555555555555554,42.315663142218874,0.16697222222222222,1.0409276944065484,70,1.9559974170379568,0.1859227895027356,1.3559974170379567,1.3633160326026679,1.0,B,0.002247452499998417
apartment,B,90,800,0.02,0.05,0.2,,3,0.3,0.2,2.0,20,0,0.978515625,0.9621744791666667,0.9967447916666666,220.0,1.2,0.35555555555555557,43.64422639589321,0.16793055555555556,1.0189830508474575,74,1.9070952177324365,0.20418974240060064,1.3070952177324366,1.3495305897880692,1.0,B,0.0023331777075009086
apartment,B,90,800,0.02,0.05,0.2,,5,0.3,0.2,2.0,20,0,0.982421875,0.9688476562499998,0.9973958333333334,260.0,1.3555555555555556,0.28888888888888886,43.20575393527875,0.17455555555555555,1.0223577235772359,73,1.944730791955798,0.17696578160630905,1.3447307919557978,1.3897146836131156,1.0,B,0.002356442761249582
apartment,B,90,800,0.02,0.05,0.2,,6,0.3,0.2,2.0,20,0,0.9765625,0.9420898437500002,0.9954427083333334,240.0,1.2,0.25555555555555554,41.80065361230831,0.16025,1.0060362173038229,63,2.0216947406432344,0.1457586755823187,1.4216947406432343,1.4232152176235888,1.0,B,0.002179588853750829
apartment,B,90,800,0.02,0.05,0.2,,7,0.3,0.2,2.0,20,0,0.9856770833333334,0.9731770833333332,0.9973958333333334,220.0,1.3222222222222222,0.2111111111111111,44.19960671447332,0.1602638888888889,1.018842530282638,75,1.9033975552914182,0.18566838717275733,1.3033975552914179,1.4044661724365257,1.0,B,0.002322382187498988
apartment,B,90,800,0.02,0.05,0.2,,8,0.3,0.2,2.0,20,0,0.9772135416666666,0.9594075520833334,0.998046875,240.0,1.1666666666666667,0.24444444444444444,42.891313633468066,0.17154166666666668,1.0416377515614157,73,1.8795362383483103,0.2002025446355232,1.27953623834831,1.3165867197466925,1.0,B,0.002335827499998686
apartment,B,90,800,0.02,0.05,0.2,,9,0.3,0.2,2.0,20,0,0.9713541666666666,0.9586263020833334,0.99609375,240.0,1.2555555555555555,0.17777777777777778,42.58322222357087,0.1778472222222222,1.0382741823242867,70,1.9095639297744673,0.1820271698839609,1.309563929774467,1.2994425238079743,1.0,B,0.0022746689575001257
apartment,B,90,800,0.02,0.05,0.2,,10,0.3,0.2,2.0,20,0,0.9973958333333334,0.9897135416666665,1.0,240.0,1.3444444444444446,0.28888888888888886,44.30305099254302,0.16245833333333334,1.0323450134770888,74,1.8883757365418266,0.19901657791681718,1.2883757365418267,1.2498393283117606,1.0,B,0.002289021406249958
apartment,B,90,800,0.02,0.05,0.2,,11,0.3,0.2,2.0,20,0,0.9739583333333334,0.96240234375,0.99609375,260.0,1.211111111111111,0.23333333333333334,42.30879916282389,0.16943055555555556,1.0295939435650379,71,1.9042934995721847,0.17944459546173822,1.3042934995721844,1.2657603851574852,1.0,B,0.0023044825525016677
apartment,B,90,800,0.02,0.05,0.2,,12,0.3,0.2,2.0,20,0,0.9908854166666666,0.9628255208333336,0.9986979166666666,240.0,1.0888888888888888,0.3,43.41283033431826,0.15479166666666666,1.0311653116531165,71,1.9482057805888395,0.18005988379436358,1.3482057805888399,1.3868352260701933,1.0,B,0.0022448438550009085
apartment,B,90,800,0.02,0.05,0.2,,13,0.3,0.2,2.0,20,0,0.9674479166666666,0.9631184895833333,0.994140625,240.0,1.1222222222222222,0.26666666666666666,43.86707124953459,0.161625,1.0213058419243985,74,1.827137965039147,0.21060683013775386,1.2271379650391467,1.2901623549172527,1.0,B,0.002264329791248656
apartment,B,90,800,0.02,0.05,0.2,,14,0.3,0.2,2.0,20,0,0.998046875,0.97900390625,1.0,220.0,1.0666666666666667,0.2777777777777778,45.11110868891278,0.15479166666666666,1.042857142857143,77,1.9489466745317743,0.15921291467838936,1.3489466745317742,1.388666436320484,1.0,B,0.002309482396249223
apartment,B,90,800,0.02,0.05,0.2,,15,0.3,0.2,2.0,20,0,0.99609375,0.984765625,0.9993489583333334,220.0,1.2555555555555555,0.26666666666666666,43.847597913047785,0.1735,1.0330857528696826,77,1.8718892253372423,0.1912392436546826,1.2718892253372425,1.2977833126428946,1.0,B,0.002354073021251679
apartment,B,90,800,0.02,0.05,0.2,,16,0.3,0.2,2.0,20,0,0.9915364583333334,0.9745442708333334,1.0,220.0,1.0555555555555556,0.17777777777777778,42.297690218231686,0.16855555555555554,1.0554400554400554,70,1.9718349404639859,0.1934794675702896,1.3718349404639854,1.3920417659547455,1.0,B,0.0022650288549994004
apartment,B,90,800,0.02,0.05,0.2,,17,0.3,0.2,2.0,20,0,0.9928385416666666,0.9794596354166666,1.0,220.0,1.0444444444444445,0.36666666666666664,44.22740789402485,0.16383333333333333,1.0409556313993173,74,1.9282461230265762,0.16897839304095133,1.328246123026576,1.3449900931044447,1.0,B,0.002287742291250652
apartment,B,90,800,0.02,0.05,0.2,,18,0.3,0.2,2.0,20,0,0.9850260416666666,0.9689127604166667,0.9993489583333334,240.0,1.0333333333333334,0.4888888888888889,42.80202970577596,0.17956944444444445,1.0264586160108549,74,1.9404903696157227,0.1671454017980421,1.3404903696157229,1.3588343100363072,1.0,B,0.002397533854998528
apartment,B,90,800,0.02,0.05,0.2,,19,0.3,0.2,2.0,20,0,0.9759114583333334,0.9704752604166667,0.9973958333333334,240.0,1.2444444444444445,0.25555555555555554,42.71495658492476,0.16179166666666667,1.0267123287671234,70,1.9727079945296453,0.18519859965944296,1.372707994529645,1.4115378546679533,1.0,B,0.002285117292499308
apartment,B,90,800,0.02,0.05,0.2,,20,0.3,0.2,2.0,20,0,0.9876302083333334,0.9697591145833332,0.9986979166666666,220.0,1.2222222222222223,0.2222222222222222,44.17073007199223,0.16359722222222223,1.039753255654558,74,1.912309740632842,0.16710978476876256,1.312309740632842,1.3245686029996933,1.0,B,0.002347506406249522
apartment,B,90,800,0.02,0.05,0.2,,21,0.3,0.2,2.0,20,0,0.9934895833333334,0.9660807291666667,0.998046875,240.0,1.211111111111111,0.25555555555555554,43.47687284905215,0.16091666666666668,1.0317782285327926,73,1.9028014698555715,0.1875079801280783,1.3028014698555714,1.3265495511230547,1.0,B,0.0023195744800000285
apartment,B,90,800,0.02,0.05,0.2,,22,0.3,0.2,2.0,20,0,0.990234375,0.9864908854166667,1.0,240.0,1.1111111111111112,0.32222222222222224,44.375532193196356,0.16325,1.0290933694181326,76,1.8530762906916267,0.2005904049473914,1.2530762906916266,1.276313703966785,1.0,B,0.0024004885424983515
apartment,B,90,800,0.02,0.05,0.2,,23,0.3,0.2,2.0,20,0,0.962890625,0.9341796875,0.990234375,240.0,1.1555555555555554,0.3333333333333333,41.60124469352376,0.16877777777777778,1.006122448979592,69,1.9353339484634873,0.19573747322727386,1.3353339484634872,1.33820607999322,1.0,B,0.0022749129162502866
apartment,B,90,800,0.02,0.05,0.2,,24,0.3,0.2,2.0,20,0,0.9908854166666666,0.9814453125,1.0,220.0,1.1666666666666667,0.3333333333333333,42.95818874784733,0.1615,1.0311653116531165,68,1.9616531702103486,0.12683166527192336,1.3616531702103483,1.3476236320653903,1.0,B,0.0022622025000009673
apartment,B,90,800,0.02,0.05,0.2,,25,0.3,0.2,2.0,20,0,0.9915364583333334,0.9691731770833332,0.9986979166666666,200.0,1.1666666666666667,0.25555555555555554,43.323206600499454,0.15841666666666668,1.0467353951890035,72,1.9001009142034215,0.1903210858023626,1.3001009142034212,1.3113610328679555,1.0,B,0.00227972052000041
apartment,B,90,800,0.02,0.05,0.2,,26,0.3,0.2,2.0,20,0,0.994140625,0.9854166666666664,1.0,260.0,1.1888888888888889,0.2777777777777778,44.08967032100989,0.15613888888888888,1.0296695886716116,72,1.9525212035841994,0.19263451090304326,1.3525212035841996,1.395799054394924,1.0,B,0.002280877708749358
apartment,B,90,800,0.02,0.05,0.2,,27,0.3,0.2,2.0,20,0,0.9954427083333334,0.9742838541666666,1.0,240.0,1.1888888888888889,0.3111111111111111,44.54620938531534,0.16216666666666665,1.0296296296296297,75,1.8641813276809174,0.20993298046442885,1.2641813276809175,1.3244702580122567,1.0,B,0.0022727670837502955
apartment,B,90,800,0.02,0.05,0.2,,28,0.3,0.2,2.0,20,0,0.986328125,0.97841796875,1.0,220.0,1.1888888888888889,0.36666666666666664,44.30311342545428,0.14506944444444445,1.0285132382892057,75,1.87254908727302,0.20653437506835123,1.27254908727302,1.334287340422542,1.0,B,0.002257688646250244
apartment,B,90,800,0.02,0.05,0.2,,29,0.3,0.2,2.0,20,0,0.986328125,0.976953125,1.0,200.0,1.0444444444444445,0.26666666666666666,42.696515468643945,0.16997222222222222,1.0355434039644567,72,1.8897817621558781,0.1868680329628426,1.2897817621558783,1.3536442862120177,1.0,B,0.002288352812502126
apartment,B,120,800,0.02,0.05,0.2,,0,0.3,0.2,2.0,20,0,0.9947916666666666,0.97509765625,0.9993489583333334,180.0,1.2916666666666667,0.2833333333333333,36.66972042826545,0.22983333333333333,1.053793103448276,92,1.7072238922969698,0.258209776781875,1.1072238922969695,1.16892278480354,1.0,B,0.0035800040625008477
apartment,B,120,800,0.02,0.05,0.2,,1,0.3,0.2,2.0,20,0,0.9986979166666666,0.9880208333333333,1.0,240.0,1.3166666666666667,0.20833333333333334,36.600418144910954,0.2514895833333333,1.0260869565217392,96,1.6329789573441857,0.2502681672194063,1.032978957344186,1.0995814360881289,1.0,B,0.003791680417500629
apartment,B,120,800,0.02,0.05,0.2,,2,0.3,0.2,2.0,20,0,0.9986979166666666,0.98642578125,1.0,220.0,1.225,0.2,35.94502644685013,0.253,1.0492476060191518,92,1.6290922353080803,0.2745047049618193,1.0290922353080802,1.0629354095128347,1.0,B,0.0037210141662512796
apartment,B,120,800,0.02,0.05,0.2,,5,0.3,0.2,2.0,20,0,0.9947916666666666,0.9919596354166667,1.0,200.0,1.3333333333333333,0.25,36.94670649791054,0.23234375,1.0213903743315507,93,1.6498100237579916,0.22791688891785558,1.0498100237579915,1.0773767247475026,1.0,B,0.0035316069787495507
apartment,B,120,800,0.02,0.05,0.2,,4,0.3,0.2,2.0,20,0,0.998046875,0.9794596354166668,1.0,240.0,1.425,0.19166666666666668,36.61043871798032,0.2630104166666667,1.034412955465587,102,1.561095097896253,0.26246328096365806,0.9610950978962531,0.9495963378682567,1.0,B,0.003908246354999392
apartment,B,120,800,0.02,0.05,0.2,,3,0.3,0.2,2.0,20,0,0.9986979166666666,0.9816080729166667,1.0,260.0,1.5083333333333333,0.24166666666666667,32.26458778558774,0.35971875,1.06159169550173,98,1.619505665947319,0.2392112800713104,1.0195056659473194,1.041795534550093,1.0,B,0.00440214473874903
apartment,B,120,800,0.02,0.05,0.2,,6,0.3,0.2,2.0,20,0,0.9993489583333334,0.9825195312499998,1.0,200.0,1.5083333333333333,0.25,37.74552847681773,0.23773958333333334,1.040677966101695,97,1.6040549504423547,0.2399485396488864,1.004054950442355,1.0473043185230257,1.0,B,0.003655805261248588
apartment,B,120,800,0.02,0.05,0.2,,7,0.3,0.2,2.0,20,0,0.99609375,0.9809244791666666,0.9993489583333334,220.0,1.375,0.2916666666666667,35.412675795471486,0.26557291666666666,1.0227272727272727,93,1.5972556935482225,0.2806487530131013,0.9972556935482224,1.0197142594834032,1.0,B,0.00372517005249847
apartment,B,120,800,0.02,0.05,0.2,,8,0.3,0.2,2.0,20,0,0.9986979166666666,0.98798828125,1.0,200.0,1.3166666666666667,0.275,37.63122534971172,0.236875,1.0281501340482573,104,1.5345885129672172,0.27047357612900047,0.9345885129672171,0.9812674352154458,1.0,B,0.0037674543224989064
apartment,B,120,800,0.02,0.05,0.2,,9,0.3,0.2,2.0,20,0,0.9934895833333334,0.9857096354166668,1.0,200.0,1.3083333333333333,0.25833333333333336,37.05581678876308,0.26358333333333334,1.0255376344086022,100,1.5728217523754588,0.2827002397531178,0.9728217523754589,0.9900650856136395,1.0,B,0.003838729480000893
apartment,B,120,800,0.02,0.05,0.2,,10,0.3,0.2,2.0,20,0,0.9973958333333334,0.9736328124999998,1.0,240.0,1.3666666666666667,0.25,36.355178675331686,0.26048958333333333,1.0281879194630872,95,1.6865217867386848,0.2277451439673425,1.0865217867386845,1.1587975255704017,1.0,B,0.0037937200525016124
apartment,B,120,800,0.02,0.05,0.2,,11,0.3,0.2,2.0,20,0,1.0,0.9949869791666666,1.0,220.0,1.2416666666666667,0.18333333333333332,37.980329894168094,0.23051041666666666,1.0085357846355876,103,1.544866335041634,0.26957650707819514,0.9448663350416348,0.9321274983628868,1.0,B,0.003781752812499235
apartment,B,120,800,0.02,0.05,0.2,,12,0.3,0.2,2.0,20,0,0.9993489583333334,0.99375,1.0,200.0,1.2916666666666667,0.23333333333333334,36.49005696333158,0.24220833333333333,1.022651565622918,93,1.6662484686168493,0.24052107678368573,1.0662484686168492,1.1235344080024952,1.0,B,0.0035631368237500284
apartment,B,120,800,0.02,0.05,0.2,,13,0.3,0.2,2.0,20,0,0.9954427083333334,0.96875,0.998046875,220.0,1.3166666666666667,0.21666666666666667,35.49599650882658,0.25644791666666666,1.0472602739726027,93,1.6573832195519476,0.2545357209905152,1.0573832195519475,1.0954995717270202,1.0,B,0.0037386684887496815
apartment,B,120,800,0.02,0.05,0.2,,14,0.3,0.2,2.0,20,0,0.9947916666666666,0.9812825520833333,0.9993489583333334,240.0,1.175,0.225,36.22918634060509,0.24220833333333333,1.019346230820547,93,1.6377288866832291,0.2554997353268235,1.037728886683229,1.0278073886069876,1.0,B,0.003627931614998943
apartment,B,120,800,0.02,0.05,0.2,,15,0.3,0.2,2.0,20,0,0.9993489583333334,0.9912109375,1.0,240.0,1.3333333333333333,0.25833333333333336,36.5617196091131,0.25504166666666667,1.0260695187165776,99,1.57680175874177,0.22845678097903546,0.9768017587417701,0.9323436451421249,1.0,B,0.003718278593751165
apartment,B,120,800,0.02,0.05,0.2,,16,0.3,0.2,2.0,20,0,0.9986979166666666,0.9851236979166668,1.0,260.0,1.35,0.24166666666666667,36.703244298654006,0.26008333333333333,1.0247160988643955,102,1.5842594012158457,0.26122381940222117,0.9842594012158459,1.0271282071408572,1.0,B,0.003917290365000099
apartment,B,120,800,0.02,0.05,0.2,,17,0.3,0.2,2.0,20,0,0.998046875,0.9905924479166666,1.0,200.0,1.35,0.26666666666666666,37.42618454485267,0.23284375,1.042857142857143,101,1.531109357171139,0.2755127265380843,0.9311093571711389,0.9596128309066351,1.0,B,0.003718964218749079
apartment,B,120,800,0.02,0.05,0.2,,18,0.3,0.2,2.0,20,0,0.9993489583333334,0.9948893229166664,1.0,220.0,1.2916666666666667,0.3,36.93400827782565,0.24382291666666667,1.0078791858174656,99,1.6314692159575932,0.251212462637129,1.0314692159575933,1.1252871366113761,1.0,B,0.0037209421362490503
apartment,B,120,800,0.02,0.05,0.2,,19,0.3,0.2,2.0,20,0,1.0,0.97861328125,1.0,220.0,1.4833333333333334,0.175,36.91324567994813,0.23883333333333334,1.0301810865191148,95,1.6482970257776548,0.2459842816518276,1.0482970257776547,1.1139375937584042,1.0,B,0.0036494055212506283
apartment,B,120,800,0.02,0.05,0.2,,20,0.3,0.2,2.0,20,0,0.9993489583333334,0.9838216145833334,1.0,200.0,1.4083333333333334,0.21666666666666667,36.85528268254834,0.25036458333333333,1.013870541611625,94,1.6068341525604894,0.26099098795403713,1.0068341525604894,1.05949408949684,1.0,B,0.003666234166250888
apartment,B,120,800,0.02,0.05,0.2,,21,0.3,0.2,2.0,20,0,0.9850260416666666,0.9706705729166666,0.9986979166666666,300.0,1.375,0.15,34.40247722641339,0.29628125,1.0327645051194538,94,1.6336590066027472,0.2613081296918606,1.0336590066027476,1.061357596918632,1.0,B,0.0038281694800002698
apartment,B,120,800,0.02,0.05,0.2,,22,0.3,0.2,2.0,20,0,0.994140625,0.9851236979166667,0.9993489583333334,240.0,1.3166666666666667,0.24166666666666667,35.866529958190654,0.23775,1.0214046822742475,90,1.6867706419471145,0.2390445386296543,1.0867706419471146,1.1822304636836143,1.0,B,0.003531347291250313
rubble,B,10,800,0.02,0.05,0.2,,0,0.3,0.2,2.0,20,0,0.24930167597765363,0.25670391061452513,0.39804469273743015,140.0,0.5,0.4,55.285210840549745,0.012125,0.847980997624703,9,3.2296597366264184,0.13376757536504022,2.629659736626418,2.4743213645593536,1.0,B,0.0004336554687506577
rubble,B,10,800,0.02,0.05,0.2,,1,0.3,0.2,2.0,20,0,0.2032122905027933,0.2086941340782123,0.43854748603351956,100.0,0.6,0.2,49.976086249948715,0.00425,0.6830985915492959,7,3.439585277808819,0.4273548269414669,2.839585277808819,2.2584209574398044,1.0,B,0.0004415605212511764
apartment,B,120,800,0.02,0.05,0.2,,23,0.3,0.2,2.0,20,0,0.9993489583333334,0.9920572916666665,1.0,180.0,1.325,0.21666666666666667,37.49950644654207,0.23691666666666666,1.0233333333333334,100,1.6062986596281679,0.2502260869553439,1.0062986596281676,1.0412195539951015,1.0,B,0.0036890619800010425
rubble,B,10,800,0.02,0.05,0.2,,2,0.3,0.2,2.0,20,0,0.1857541899441341,0.18156424581005587,0.4099162011173184,100.0,0.7,0.2,46.9809103277025,0.00775,0.6820512820512822,6,4.071329993174394,0.26889975247896203,3.4713299931743937,3.085572317243778,1.0,B,0.00043956192625046244
rubble,B,10,800,0.02,0.05,0.2,,3,0.3,0.2,2.0,20,0,0.2430167597765363,0.23840782122905027,0.3973463687150838,140.0,0.7,0.2,53.72350971484209,0.009625,0.8365384615384615,8,3.4400017332441157,0.1983556718842112,2.840001733244115,2.5750280963387366,1.0,B,0.0004318727600002603
rubble,B,10,800,0.02,0.05,0.2,,4,0.3,0.2,2.0,20,0,0.24511173184357543,0.24025837988826818,0.41201117318435754,100.0,0.0,0.1,54.311888675586125,0.005625,0.8519417475728156,8,3.6219696532466084,0.1929947200490664,3.0219696532466083,2.8926293523631506,1.0,B,0.0004175143749989729
rubble,B,10,800,0.02,0.05,0.2,,5,0.3,0.2,2.0,20,0,0.2611731843575419,0.2567388268156424,0.4001396648044693,100.0,0.6,0.5,56.27537899397114,0.008625,0.9144254278728606,9,2.964517020082468,0.15432937784525408,2.3645170200824674,2.51265881973582,1.0,B,0.0004225816662506077
apartment,B,120,800,0.02,0.05,0.2,,24,0.3,0.2,2.0,20,0,0.9876302083333334,0.9673828124999998,0.9993489583333334,200.0,1.35,0.225,36.129659270169476,0.26046875,1.0333787465940056,95,1.6061303276631433,0.27253255970527496,1.0061303276631437,1.007797071924462,1.0,B,0.0038811623437482014
apartment,B,120,800,0.02,0.05,0.2,,26,0.3,0.2,2.0,20,0,0.9993489583333334,0.9910156249999998,1.0,260.0,1.3,0.25,35.36405202602328,0.26339583333333333,1.0260695187165776,88,1.6844636995532793,0.23357889089755235,1.0844636995532795,1.147777217176295,1.0,B,0.003651819531248748
rubble,B,10,800,0.02,0.05,0.2,,6,0.3,0.2,2.0,20,0,0.24650837988826815,0.2485335195530726,0.4448324022346369,140.0,0.3,0.2,53.20486427137995,0.009625,0.8547215496368038,8,3.75726996745579,0.3327203895460879,3.1572699674557905,2.5694021532707327,1.0,B,0.0004298773437494674
rubble,B,10,800,0.02,0.05,0.2,,7,0.3,0.2,2.0,20,0,0.21717877094972068,0.22321927374301676,0.45879888268156427,160.0,0.2,0.2,49.75947432805521,0.003875,0.7352245862884161,7,4.452897321608746,0.2437986340454214,3.8528973216087468,3.1847419016468552,1.0,B,0.0004306460412499291
rubble,B,10,800,0.02,0.05,0.2,,8,0.3,0.2,2.0,20,0,0.2709497206703911,0.27091480446927374,0.44064245810055863,120.0,0.4,0.3,56.049613366111465,0.011625,0.9150943396226415,9,3.3829282255978583,0.29281160718034044,2.7829282255978587,2.352934517715075,1.0,B,0.0004441296350000812
apartment,B,120,800,0.02,0.05,0.2,,25,0.3,0.2,2.0,20,0,0.9947916666666666,0.9735351562500002,1.0,300.0,1.3166666666666667,0.2833333333333333,35.286535953218085,0.28740625,1.0465753424657533,99,1.545051543062784,0.2529290571033554,0.9450515430627843,0.9578942113245555,1.0,B,0.004028799478751352
rubble,B,10,800,0.02,0.05,0.2,,9,0.3,0.2,2.0,20,0,0.2388268156424581,0.23606843575418995,0.38687150837988826,100.0,0.9,0.4,52.94521652059824,0.007125,0.832116788321168,8,3.559495772118788,0.3253927690629481,2.959495772118788,2.1312760865333176,1.0,B,0.0004430767700000615
rubble,B,10,800,0.02,0.05,0.2,,10,0.3,0.2,2.0,20,0,0.18645251396648044,0.1916201117318436,0.4196927374301676,120.0,0.5,0.5,47.49056872602712,0.003875,0.6544117647058824,6,4.076735090956498,0.47211587164587177,3.4767350909564976,2.96928518758292,1.0,B,0.0004436564575007651
rubble,B,10,800,0.02,0.05,0.2,,11,0.3,0.2,2.0,20,0,0.2569832402234637,0.2594622905027933,0.4099162011173184,120.0,0.1,0.2,55.48007646861451,0.002875,0.8782816229116945,9,3.1538393717367614,0.2559328067110615,2.553839371736762,2.267717456231598,1.0,B,0.00046229604124846445
rubble,B,10,800,0.02,0.05,0.2,,12,0.3,0.2,2.0,20,0,0.2430167597765363,0.24619413407821228,0.41480446927374304,120.0,0.3,0.2,52.92119272057308,0.005875,0.8093023255813954,8,3.483863803475444,0.18502693264507725,2.8838638034754442,2.64290270223459,1.0,B,0.00045121505125052865
rubble,B,10,800,0.02,0.05,0.2,,13,0.3,0.2,2.0,20,0,0.2164804469273743,0.21407122905027937,0.39175977653631283,100.0,0.4,0.1,50.506895309155894,0.009375,0.748792270531401,7,3.4582868970716527,0.23418774609840107,2.858286897071653,2.341097554906609,1.0,B,0.0004821617712491388
rubble,B,10,800,0.02,0.05,0.2,,14,0.3,0.2,2.0,20,0,0.24930167597765363,0.24441340782122906,0.4441340782122905,120.0,0.2,0.4,53.616522752683764,0.007875,0.8686131386861313,8,3.7735679832438733,0.2795033337838558,3.1735679832438732,2.5880702385461585,1.0,B,0.0004834758325000621
rubble,B,10,800,0.02,0.05,0.2,,15,0.3,0.2,2.0,20,0,0.24022346368715083,0.23900139664804465,0.4029329608938548,100.0,0.5,0.2,52.52612413396954,0.006625,0.8797953964194374,8,3.3017574528547153,0.19203567211572972,2.7017574528547152,2.3791531844626146,1.0,B,0.0004909415099996295
rubble,B,10,800,0.02,0.05,0.2,,16,0.3,0.2,2.0,20,0,0.23812849162011174,0.23861731843575415,0.3952513966480447,80.0,0.5,0.1,51.90873994962557,0.010125,0.8903394255874674,8,3.3459507453756085,0.1873240783372811,2.745950745375609,2.413687286614377,1.0,B,0.0005054983862510198
rubble,B,10,800,0.02,0.05,0.2,,17,0.3,0.2,2.0,20,0,0.24441340782122906,0.24060754189944134,0.40712290502793297,200.0,0.3,0.4,53.665620709389806,0.006125,0.8495145631067962,8,3.6090504738530362,0.18983175869905006,3.009050473853036,2.682518872393688,1.0,B,0.0004734820312501142
rubble,B,10,800,0.02,0.05,0.2,,18,0.3,0.2,2.0,20,0,0.2115921787709497,0.21319832402234637,0.3931564245810056,80.0,0.7,0.2,49.20685908169267,0.008875,0.7593984962406015,7,3.7532761591182155,0.33032347922294325,3.153276159118216,2.7832549017786103,1.0,B,0.00047995343750017127
rubble,B,10,800,0.02,0.05,0.2,,19,0.3,0.2,2.0,20,0,0.2604748603351955,0.259217877094972,0.4134078212290503,100.0,0.2,0.2,53.03397983892582,0.015,0.9075425790754258,9,3.2281860520660692,0.19448248601422355,2.6281860520660696,2.8316295467275676,1.0,B,0.000492091771250216
rubble,B,10,800,0.02,0.05,0.2,,20,0.3,0.2,2.0,20,0,0.22835195530726257,0.23250698324022342,0.43156424581005587,140.0,0.8,0.2,52.78346486831646,0.01925,0.7822966507177034,8,3.323058941214964,0.3045106386057327,2.7230589412149637,2.3194084339174017,1.0,B,0.0004801429687495329
rubble,B,10,800,0.02,0.05,0.2,,21,0.3,0.2,2.0,20,0,0.27932960893854747,0.27248603351955303,0.4441340782122905,120.0,1.1,0.2,55.731665064486535,0.0095,0.9523809523809523,9,3.8462223213010684,0.31526091525631583,3.2462223213010684,2.869954369944464,1.0,B,0.00046962968749994613
rubble,B,10,800,0.02,0.05,0.2,,22,0.3,0.2,2.0,20,0,0.24022346368715083,0.23718575418994411,0.40502793296089384,100.0,0.6,0.2,52.71686917658168,0.009375,0.9028871391076116,8,3.3242944734009825,0.21114485620942655,2.724294473400982,2.326196373915943,1.0,B,0.0004770343225004581
rubble,B,10,800,0.02,0.05,0.2,,23,0.3,0.2,2.0,20,0,0.1878491620111732,0.1879888268156425,0.4399441340782123,140.0,0.5,0.4,48.64762619871628,0.005125,0.6420047732696897,6,4.008179749228127,0.15725267947727303,3.4081797492281267,3.211334472785791,1.0,B,0.000466288228749363
rubble,B,10,800,0.02,0.05,0.2,,24,0.3,0.2,2.0,20,0,0.2388268156424581,0.24371508379888268,0.4001396648044693,100.0,0.9,0.3,53.52336565610928,0.016625,0.8162291169451075,8,3.2653962859883823,0.11764692645741069,2.665396285988382,2.71441247355403,1.0,B,0.00048368614500077456
rubble,B,10,800,0.02,0.05,0.2,,26,0.3,0.2,2.0,20,0,0.15782122905027932,0.1573324022346369,0.39385474860335196,120.0,0.9,0.0,45.528316188010265,0.00775,0.5368171021377671,5,3.452669207317183,0.21226393326098192,2.852669207317183,2.859456656982537,1.0,B,0.00043747526000061045
rubble,B,10,800,0.02,0.05,0.2,,25,0.3,0.2,2.0,20,0,0.28282122905027934,0.2691689944134079,0.45321229050279327,120.0,0.3,0.2,55.79963716606202,0.015625,0.9854014598540146,9,3.5631416106925666,0.23060834339093111,2.9631416106925665,3.065213765002415,1.0,B,0.00047776645874819223
apartment,B,120,800,0.02,0.05,0.2,,27,0.3,0.2,2.0,20,0,0.9986979166666666,0.9804036458333332,1.0,200.0,1.2833333333333334,0.26666666666666666,36.77991578311428,0.24339583333333334,1.0463847203274215,96,1.6489439495531582,0.2615064276060269,1.0489439495531583,1.0782485094580871,1.0,B,0.0038569392187514494
rubble,B,10,800,0.02,0.05,0.2,,27,0.3,0.2,2.0,20,0,0.24860335195530725,0.2478701117318436,0.43645251396648044,120.0,0.1,0.2,52.32139454427278,0.005375,0.8811881188118811,8,4.24974796949005,0.3477165703422058,3.6497479694900496,2.750479565646583,1.0,B,0.00046412416625116746
rubble,B,10,800,0.02,0.05,0.2,,28,0.3,0.2,2.0,20,0,0.23533519553072627,0.23914106145251396,0.4378491620111732,140.0,0.6,0.2,53.545987257469434,0.015125,0.7910798122065729,8,3.366043019506072,0.21865611774371538,2.7660430195060726,2.432617354153378,1.0,B,0.00048003338500166135
rubble,B,10,800,0.02,0.05,0.2,,29,0.3,0.2,2.0,20,0,0.2590782122905028,0.26009078212290504,0.3987430167597765,80.0,0.5,0.2,55.17078690411188,0.014125,0.9464285714285715,9,3.1472784681855206,0.297307703414382,2.547278468185521,2.2908467815564193,1.0,B,0.00047299599000098167
apartment,B,120,800,0.02,0.05,0.2,,28,0.3,0.2,2.0,20,0,1.0,0.9874348958333334,1.0,260.0,1.35,0.275,35.78257988789485,0.26875,1.0267379679144384,94,1.654352595316617,0.22460171722604486,1.0543525953166166,1.1427030747895492,1.0,B,0.004013143593749646
rubble,B,30,800,0.02,0.05,0.2,,0,0.3,0.2,2.0,20,0,0.5544692737430168,0.5483240223463688,0.6948324022346368,200.0,1.0333333333333334,0.6333333333333333,53.24796050880018,0.05383333333333333,0.9452380952380953,26,2.539616419095673,0.2668582891865313,1.939616419095673,1.8246097228573583,1.0,B,0.0007428845312506383
apartment,B,120,800,0.02,0.05,0.2,,29,0.3,0.2,2.0,20,0,0.998046875,0.97890625,0.9993489583333334,200.0,1.3666666666666667,0.21666666666666667,36.134644256288865,0.24301041666666667,1.03093476798924,93,1.674529366733792,0.23978664279590853,1.0745293667337923,1.1495231197924323,1.0,B,0.003968595468750209
rubble,B,30,800,0.02,0.05,0.2,,1,0.3,0.2,2.0,20,0,0.5865921787709497,0.5792946927374301,0.7081005586592178,260.0,0.9666666666666667,0.8333333333333334,51.7436499924854,0.051791666666666666,1.0606060606060606,24,2.772292353496315,0.26254010176457854,2.172292353496315,1.9281858594396595,1.0,B,0.0007163860412515532
rubble,B,30,800,0.02,0.05,0.2,,3,0.3,0.2,2.0,20,0,0.5453910614525139,0.5361731843575419,0.7039106145251397,300.0,1.0333333333333334,0.6333333333333333,50.3346237036834,0.049166666666666664,0.885487528344671,23,2.6557635814322937,0.2050565670260042,2.0557635814322945,1.9801096275043713,1.0,B,0.0007260927600009382
rubble,B,30,800,0.02,0.05,0.2,,2,0.3,0.2,2.0,20,0,0.5893854748603352,0.5440991620111733,0.702513966480447,200.0,0.8,0.8,53.122636604604665,0.050875,1.0792838874680308,26,2.785353666275115,0.2557095423559605,2.1853536662751143,2.030182477496111,1.0,B,0.0007450334899999689
rubble,B,30,800,0.02,0.05,0.2,,4,0.3,0.2,2.0,20,0,0.5356145251396648,0.5302374301675977,0.6096368715083799,160.0,1.0,0.7,52.438316140705936,0.059291666666666666,0.9672131147540983,25,2.615996899863707,0.1383377651868739,2.015996899863707,2.029430179935463,1.0,B,0.0007358168749988181
rubble,B,30,800,0.02,0.05,0.2,,5,0.3,0.2,2.0,20,0,0.5370111731843575,0.49692737430167605,0.5956703910614525,160.0,1.0333333333333334,0.6,52.05812504760513,0.06025,1.0,25,2.497019205338311,0.1819228084685732,1.897019205338311,1.9040404207846864,1.0,B,0.0007304693750006663
rubble,B,30,800,0.02,0.05,0.2,,6,0.3,0.2,2.0,20,0,0.5963687150837989,0.5650488826815643,0.7262569832402235,180.0,1.0333333333333334,0.8666666666666667,52.66657721264504,0.05695833333333333,1.092071611253197,26,3.0103491039090886,0.302617948083328,2.4103491039090885,2.137116676133691,1.0,B,0.0007557234375008192
rubble,B,30,800,0.02,0.05,0.2,,8,0.3,0.2,2.0,20,0,0.5495810055865922,0.5223114525139665,0.6934357541899442,180.0,0.8,0.6666666666666666,48.77584710269494,0.057916666666666665,0.9470517448856798,22,2.757465400452669,0.2942663763682011,2.157465400452669,1.8532375898707176,1.0,B,0.0006977933337498143
rubble,B,30,800,0.02,0.05,0.2,,9,0.3,0.2,2.0,20,0,0.5628491620111732,0.5619064245810056,0.7067039106145251,220.0,0.9333333333333333,0.5333333333333333,49.92136311982611,0.050166666666666665,0.94049008168028,22,2.921683079981511,0.26418987260928367,2.321683079981511,2.0148391259628307,1.0,B,0.0006958115099996576
rubble,B,30,800,0.02,0.05,0.2,,7,0.3,0.2,2.0,20,0,0.5782122905027933,0.5464734636871509,0.7011173184357542,200.0,0.8666666666666667,0.9,53.89076617937544,0.0485,1.071151358344114,27,2.664165905422438,0.3368452031465219,2.0641659054224384,1.8746982108980847,1.0,B,0.0007664011974998175
rubble,B,30,800,0.02,0.05,0.2,,10,0.3,0.2,2.0,20,0,0.5502793296089385,0.535858938547486,0.6473463687150838,180.0,0.8333333333333334,0.5,51.73129068229347,0.04225,1.0207253886010363,25,2.6733222915203965,0.26263524460996085,2.0733222915203964,2.0137809958446673,1.0,B,0.0007236891150000701
rubble,B,30,800,0.02,0.05,0.2,,12,0.3,0.2,2.0,20,0,0.5782122905027933,0.5580307262569832,0.7087988826815642,220.0,0.9666666666666667,0.5666666666666667,51.241013661920526,0.0575,0.9741176470588235,24,2.8465807670250522,0.2614374310288971,2.2465807670250517,2.0084302039904514,1.0,B,0.0007160356250005862
rubble,B,30,800,0.02,0.05,0.2,,11,0.3,0.2,2.0,20,0,0.6208100558659218,0.6035614525139665,0.7087988826815642,180.0,1.1333333333333333,0.7666666666666667,54.81830847696188,0.06816666666666667,1.1238938053097345,28,2.7303315640449144,0.25768538444793315,2.130331564044915,1.9650834474574268,1.0,B,0.000738615000000209
rubble,B,30,800,0.02,0.05,0.2,,13,0.3,0.2,2.0,20,0,0.6124301675977654,0.6018505586592179,0.7108938547486033,240.0,0.9666666666666667,0.6333333333333333,53.00574502961103,0.06583333333333333,1.004581901489118,27,2.820312669331857,0.2418805331615262,2.220312669331857,1.9795159776069462,1.0,B,0.00075830796874925
rubble,B,30,800,0.02,0.05,0.2,,14,0.3,0.2,2.0,20,0,0.4993016759776536,0.4907472067039106,0.6256983240223464,200.0,0.9333333333333333,0.7666666666666667,50.73206790691138,0.06195833333333333,0.8881987577639752,22,2.424587416877795,0.19371143828390433,1.8245874168777951,1.6945542144012928,1.0,B,0.0007432115625010737
rubble,B,30,800,0.02,0.05,0.2,,15,0.3,0.2,2.0,20,0,0.5956703910614525,0.558554469273743,0.7011173184357542,200.0,1.2,0.5,52.7467211766289,0.057291666666666664,1.019115890083632,25,2.780944822695341,0.27722030868113984,2.1809448226953405,2.0474074114926872,1.0,B,0.0007226009374994647
rubble,B,30,800,0.02,0.05,0.2,,18,0.3,0.2,2.0,20,0,0.5544692737430168,0.5363826815642458,0.7018156424581006,220.0,0.9,0.5666666666666667,49.076358670717795,0.05608333333333333,0.9624242424242425,22,2.9290075976474226,0.2860623947527234,2.3290075976474225,2.1070288043911587,1.0,B,0.0006943046349988435
rubble,B,30,800,0.02,0.05,0.2,,16,0.3,0.2,2.0,20,0,0.5970670391061452,0.584322625698324,0.7192737430167597,220.0,1.0333333333333334,0.7333333333333333,52.40183463412028,0.07875,1.0850253807106598,26,2.5781428064892564,0.2939401911320506,1.978142806489257,1.9235914310672646,1.0,B,0.0007217183324996768
rubble,B,30,800,0.02,0.05,0.2,,17,0.3,0.2,2.0,20,0,0.539804469273743,0.5311452513966481,0.5914804469273743,160.0,0.7666666666666667,0.9333333333333333,54.06787756696463,0.06483333333333334,0.9987080103359173,28,2.3088120190182577,0.19862126455320253,1.7088120190182572,1.6525578690513518,1.0,B,0.0007473821875009889
rubble,B,30,800,0.02,0.05,0.2,,19,0.3,0.2,2.0,20,0,0.5069832402234636,0.5072276536312851,0.590782122905028,160.0,0.9666666666666667,0.8333333333333334,49.08804334634174,0.04825,0.9428571428571427,22,2.5842471299388006,0.1362941853503834,1.9842471299388003,1.9890641769369846,1.0,B,0.000714517136248105
rubble,B,30,800,0.02,0.05,0.2,,21,0.3,0.2,2.0,20,0,0.5195530726256983,0.5134078212290503,0.6878491620111732,200.0,0.9333333333333333,0.7333333333333333,49.09343409046845,0.061875,0.9106487148102815,22,2.8170846751895167,0.2627828154097105,2.2170846751895166,2.0256964464923914,1.0,B,0.0006997484375006024
rubble,B,30,800,0.02,0.05,0.2,,20,0.3,0.2,2.0,20,0,0.5803072625698324,0.5778282122905027,0.7032122905027933,180.0,1.0666666666666667,0.4666666666666667,53.91023443913268,0.05395833333333333,1.0310173697270473,27,2.669704451740557,0.27368316759668504,2.0697044517405567,1.7870456016498015,1.0,B,0.0007351423962495573
rubble,B,30,800,0.02,0.05,0.2,,22,0.3,0.2,2.0,20,0,0.5307262569832403,0.5251745810055867,0.645949720670391,160.0,1.1,0.5333333333333333,48.60530117747591,0.05516666666666667,0.9405940594059407,21,2.9284782867758463,0.19560270983877792,2.328478286775847,2.20874022948401,1.0,B,0.0006920534899995801
rubble,B,30,800,0.02,0.05,0.2,,23,0.3,0.2,2.0,20,0,0.5789106145251397,0.5532472067039107,0.6962290502793296,200.0,0.8666666666666667,0.5,51.96716030207631,0.04766666666666667,1.0134474327628362,25,2.6619764011029234,0.29507259717818596,2.0619764011029234,1.8799874306570454,1.0,B,0.0007013882812498196
rubble,B,30,800,0.02,0.05,0.2,,24,0.3,0.2,2.0,20,0,0.5649441340782123,0.567004189944134,0.6529329608938548,200.0,1.0666666666666667,0.5,52.806858271859866,0.050166666666666665,0.9770531400966184,25,2.7074299365042633,0.2311577780876679,2.1074299365042624,2.0271865529438653,1.0,B,0.0007297483849993114
rubble,B,30,800,0.02,0.05,0.2,,26,0.3,0.2,2.0,20,0,0.5754189944134078,0.5723463687150837,0.7018156424581006,200.0,0.9666666666666667,0.7666666666666667,52.455132822999424,0.049416666666666664,0.9832935560859188,24,2.7292050108447747,0.29973812635579294,2.129205010844775,1.8110979729114494,1.0,B,0.0006876358849990538
rubble,B,30,800,0.02,0.05,0.2,,25,0.3,0.2,2.0,20,0,0.5425977653631285,0.5338687150837987,0.590782122905028,200.0,1.1,0.36666666666666664,52.73007122046367,0.0605,0.9961538461538463,26,2.635324350552161,0.14429529721908185,2.0353243505521608,2.131624857307751,1.0,B,0.0007668448962499497
rubble,B,30,800,0.02,0.05,0.2,,27,0.3,0.2,2.0,20,0,0.5621508379888268,0.5616270949720671,0.7039106145251397,260.0,0.9333333333333333,0.3333333333333333,50.049414926512206,0.050958333333333335,0.9393232205367561,23,2.8551792662867626,0.26186148830853817,2.255179266286763,2.0884844146405968,1.0,B,0.0007293073962500784
rubble,B,30,800,0.02,0.05,0.2,,28,0.3,0.2,2.0,20,0,0.553072625698324,0.5495460893854749,0.7018156424581006,180.0,0.9666666666666667,0.4,49.14415992120457,0.05416666666666667,0.9187935034802784,22,2.893321029320927,0.25778873455797263,2.2933210293209267,2.0952992702136255,1.0,B,0.0006732329175019913
rubble,B,30,800,0.02,0.05,0.2,,29,0.3,0.2,2.0,20,0,0.5432960893854749,0.5258030726256984,0.6438547486033519,220.0,1.0,0.6,50.60273260651351,0.05604166666666666,0.9974358974358977,24,2.619385450117165,0.2547263833030786,2.019385450117165,1.8833027548134513,1.0,B,0.0007199455212503381
rubble,B,60,800,0.02,0.05,0.2,,1,0.3,0.2,2.0,20,0,0.803072625698324,0.7365572625698323,0.880586592178771,280.0,0.9666666666666667,0.65,42.038981953381686,0.13195833333333334,1.074766355140187,47,2.1439702947471475,0.2257085726306762,1.543970294747148,1.4846569572910662,1.0,B,0.0014080030724994686
rubble,B,60,800,0.02,0.05,0.2,,0,0.3,0.2,2.0,20,0,0.7674581005586593,0.7324371508379889,0.8596368715083799,300.0,0.95,0.5333333333333333,41.38511896197825,0.13308333333333333,1.040719696969697,51,2.030553141543646,0.3052232923448105,1.4305531415436459,1.2833895285133528,1.0,B,0.00143148052000015
rubble,B,60,800,0.02,0.05,0.2,,3,0.3,0.2,2.0,20,0,0.8016759776536313,0.7513268156424582,0.86731843575419,240.0,1.1833333333333333,0.5833333333333334,42.96423706471919,0.13052083333333334,1.0891840607210626,50,2.0311956230425183,0.24035135358360285,1.4311956230425178,1.3488723005802428,1.0,B,0.001428141093749673
rubble,B,60,800,0.02,0.05,0.2,,2,0.3,0.2,2.0,20,0,0.8142458100558659,0.7642807262569834,0.8743016759776536,260.0,1.0166666666666666,0.5666666666666667,42.82226561693987,0.13985416666666667,1.1695085255767304,54,1.9922620939272848,0.2409637409939158,1.392262093927285,1.341390735608061,1.0,B,0.0015091627075003089
rubble,B,60,800,0.02,0.05,0.2,,4,0.3,0.2,2.0,20,0,0.8310055865921788,0.7857192737430168,0.8938547486033519,280.0,1.0166666666666666,0.5666666666666667,43.20614082873597,0.12822916666666667,1.0828025477707006,49,2.0572603356804215,0.2905772584209957,1.4572603356804221,1.5270138172901517,1.0,B,0.0013878909375011972
rubble,B,60,800,0.02,0.05,0.2,,6,0.3,0.2,2.0,20,0,0.7932960893854749,0.7371159217877095,0.8701117318435754,300.0,1.05,0.6166666666666667,42.62358061267726,0.12235416666666667,1.081904761904762,50,2.065997627291162,0.27572680803638017,1.4659976272911615,1.3464089363512195,1.0,B,0.001441438020001442
rubble,B,60,800,0.02,0.05,0.2,,5,0.3,0.2,2.0,20,0,0.7716480446927374,0.7282122905027932,0.8770949720670391,320.0,1.0833333333333333,0.4666666666666667,39.309771755624936,0.1821875,1.0250463821892393,44,2.211164629681997,0.21450675946790346,1.6111646296819957,1.4935497075509474,1.0,B,0.0014527392700006204
rubble,B,60,800,0.02,0.05,0.2,,7,0.3,0.2,2.0,20,0,0.8296089385474861,0.7840083798882682,0.8966480446927374,300.0,1.2166666666666666,0.7166666666666667,43.37999244836073,0.131125,1.0770625566636447,50,2.0467800402606184,0.22243430406644377,1.4467800402606181,1.345524667317348,1.0,B,0.001464887031249873
rubble,B,60,800,0.02,0.05,0.2,,8,0.3,0.2,2.0,20,0,0.7967877094972067,0.7522346368715083,0.8931564245810056,280.0,1.0166666666666666,0.6666666666666666,41.684991129035936,0.13158333333333333,1.0825426944971537,49,2.0653519583447646,0.3130935814157713,1.465351958344765,1.334745301317434,1.0,B,0.001413000573750196
rubble,B,60,800,0.02,0.05,0.2,,10,0.3,0.2,2.0,20,0,0.8156424581005587,0.7682611731843575,0.9050279329608939,260.0,1.0833333333333333,0.55,42.111637894933764,0.1171875,1.0695970695970696,44,2.155088241469856,0.25094151738898446,1.5550882414698557,1.6120467564156078,1.0,B,0.0013110089062479346
rubble,B,60,800,0.02,0.05,0.2,,9,0.3,0.2,2.0,20,0,0.8135474860335196,0.7701815642458101,0.8889664804469274,240.0,1.0666666666666667,0.6333333333333333,43.19464784896565,0.12722916666666667,1.1266924564796905,47,2.0276119187727346,0.23605589890876394,1.4276119187727345,1.3795904564108779,1.0,B,0.0013465850524994494
rubble,B,60,800,0.02,0.05,0.2,,11,0.3,0.2,2.0,20,0,0.7814245810055865,0.7322974860335195,0.8708100558659218,300.0,1.1,0.48333333333333334,42.53316938615193,0.12416666666666666,1.0053908355795147,47,2.1403009674196083,0.2641074669642943,1.540300967419608,1.410792719956091,1.0,B,0.0013389392187491468
rubble,B,60,800,0.02,0.05,0.2,,12,0.3,0.2,2.0,20,0,0.7828212290502793,0.7346717877094973,0.8449720670391061,300.0,1.0166666666666666,0.7,41.30359488440518,0.1175625,1.1132075471698113,47,2.1670418397554445,0.2440068102173251,1.5670418397554444,1.5181200724289359,1.0,B,0.0013419633324997448
rubble,B,60,800,0.02,0.05,0.2,,13,0.3,0.2,2.0,20,0,0.8303072625698324,0.7645251396648045,0.895949720670391,240.0,1.1333333333333333,0.65,42.771706931157674,0.14816666666666667,1.179563492063492,53,2.0069222410744287,0.29069525134149093,1.4069222410744286,1.2896670443123464,1.0,B,0.001409328125000684
rubble,B,60,800,0.02,0.05,0.2,,15,0.3,0.2,2.0,20,0,0.8317039106145251,0.7986382681564246,0.901536312849162,280.0,1.1166666666666667,0.6833333333333333,42.34093426235564,0.14395833333333333,1.1172607879924954,47,2.2153470685755408,0.20536783533096362,1.61534706857554,1.6500878512826542,1.0,B,0.001353009687500162
rubble,B,60,800,0.02,0.05,0.2,,14,0.3,0.2,2.0,20,0,0.7821229050279329,0.7159217877094972,0.869413407821229,260.0,1.2,0.55,42.01413067455521,0.1325,1.057601510859301,48,2.0000319785425966,0.2905398900671654,1.4000319785425965,1.3352362320863542,1.0,B,0.0013790600524998808
rubble,B,60,800,0.02,0.05,0.2,,16,0.3,0.2,2.0,20,0,0.8247206703910615,0.769972067039106,0.9113128491620112,240.0,1.1833333333333333,0.4166666666666667,41.84127430996753,0.1291875,1.126908396946565,47,2.203428945744058,0.19882457247716023,1.6034289457440574,1.554357032672809,1.0,B,0.0013519315112489494
rubble,B,60,800,0.02,0.05,0.2,,17,0.3,0.2,2.0,20,0,0.7772346368715084,0.7465432960893855,0.8819832402234636,220.0,1.1,0.6833333333333333,43.497651148098015,0.11325,1.06,52,1.891459089579102,0.3376709570559795,1.291459089579102,1.2105176234062824,1.0,B,0.0013576548437504244
rubble,B,60,800,0.02,0.05,0.2,,18,0.3,0.2,2.0,20,0,0.696927374301676,0.6693784916201119,0.7891061452513967,300.0,1.3,0.5166666666666667,38.27374324360114,0.14441666666666667,0.998998998998999,40,2.1919377308488825,0.3124191947475888,1.5919377308488827,1.404821616939377,1.0,B,0.0013415265625008033
rubble,B,60,800,0.02,0.05,0.2,,19,0.3,0.2,2.0,20,0,0.8023743016759777,0.7703910614525139,0.8917597765363129,260.0,1.0666666666666667,0.5166666666666667,41.25953048141508,0.135625,1.0668523676880224,42,2.2651693546975764,0.16015772979146303,1.665169354697576,1.6380297904204721,1.0,B,0.001347314218749034
rubble,B,60,800,0.02,0.05,0.2,,21,0.3,0.2,2.0,20,0,0.8184357541899442,0.789699720670391,0.8903631284916201,280.0,1.1166666666666667,0.65,43.467262524783635,0.12577083333333333,1.096351730589336,49,2.0756701070533135,0.22006145624777135,1.475670107053313,1.360795377132733,1.0,B,0.001394865156250944
rubble,B,60,800,0.02,0.05,0.2,,20,0.3,0.2,2.0,20,0,0.8303072625698324,0.7968924581005585,0.9071229050279329,240.0,1.2666666666666666,0.65,42.514044179684944,0.18116666666666667,1.1101774042950514,51,2.067762574023009,0.2767333168265786,1.4677625740230094,1.4272153278041486,1.0,B,0.0014653869787503028
rubble,B,60,800,0.02,0.05,0.2,,22,0.3,0.2,2.0,20,0,0.7702513966480447,0.7263617318435756,0.848463687150838,280.0,1.05,0.5833333333333334,41.590449495639135,0.14283333333333334,1.0595581171950048,49,2.0107922938757783,0.3031515138136706,1.410792293875778,1.3831335586763527,1.0,B,0.001434247968750242
rubble,B,60,800,0.02,0.05,0.2,,24,0.3,0.2,2.0,20,0,0.7562849162011173,0.7376745810055866,0.8610335195530726,280.0,1.1,0.5166666666666667,41.50452258446051,0.12535416666666666,1.0363636363636362,43,2.1871182574614485,0.18704039135940087,1.5871182574614477,1.548824616299001,1.0,B,0.001367416250000133
rubble,B,60,800,0.02,0.05,0.2,,23,0.3,0.2,2.0,20,0,0.7786312849162011,0.7446927374301676,0.8917597765363129,280.0,1.2166666666666666,0.6166666666666667,42.24171377231624,0.11283333333333333,1.0772946859903383,49,2.0589543444469056,0.2824355311546697,1.4589543444469057,1.4775065059906538,1.0,B,0.0014041591149998567
rubble,B,60,800,0.02,0.05,0.2,,26,0.3,0.2,2.0,20,0,0.7821229050279329,0.74518156424581,0.8791899441340782,280.0,1.0833333333333333,0.6,40.451380362090134,0.115875,1.0516431924882628,42,2.2946010877862184,0.22631703437718212,1.6946010877862179,1.5574618305486363,1.0,B,0.0012973191674996087
rubble,B,60,800,0.02,0.05,0.2,,25,0.3,0.2,2.0,20,0,0.8184357541899442,0.7837988826815643,0.9022346368715084,280.0,1.2333333333333334,0.5,41.23706492405576,0.18947916666666667,1.10879848628193,50,2.1033603262331657,0.2418419625412049,1.5033603262331656,1.3984760580635267,1.0,B,0.0015404141149997486
rubble,B,60,800,0.02,0.05,0.2,,27,0.3,0.2,2.0,20,0,0.8023743016759777,0.7808659217877094,0.8861731843575419,300.0,1.0666666666666667,0.7666666666666667,43.7462408489206,0.13460416666666666,1.0454959053685169,49,2.050348245863316,0.27538410537297486,1.4503482458633161,1.476662367272855,1.0,B,0.0013693158337514432
rubble,B,60,800,0.02,0.05,0.2,,28,0.3,0.2,2.0,20,0,0.770949720670391,0.7207751396648043,0.8708100558659218,240.0,1.1666666666666667,0.6666666666666666,41.16474191790313,0.15127083333333333,1.0584851390220518,49,2.06736398272626,0.25922622704967063,1.4673639827262601,1.492997683060155,1.0,B,0.001453428906249883
rubble,B,60,800,0.02,0.05,0.2,,29,0.3,0.2,2.0,20,0,0.8128491620111732,0.7557262569832403,0.875,260.0,1.1666666666666667,0.6,42.83282944922031,0.1299375,1.0777777777777777,50,2.0540038526300304,0.27815591849231147,1.454003852630031,1.4237537078082534,1.0,B,0.001408881406250657
rubble,B,90,800,0.02,0.05,0.2,,0,0.3,0.2,2.0,20,0,0.8268156424581006,0.7946927374301676,0.9078212290502793,300.0,1.288888888888889,0.3888888888888889,31.885878046856178,0.20845833333333333,1.0395083406496928,63,1.6769339991700323,0.3168535092569257,1.0769339991700315,1.0351556413412437,1.0,B,0.0023158009887515618
rubble,B,90,800,0.02,0.05,0.2,,1,0.3,0.2,2.0,20,0,0.8854748603351955,0.8382332402234637,0.9539106145251397,320.0,1.0444444444444445,0.4,32.866866559282236,0.21369444444444444,1.1291184327693677,69,1.7529393284317198,0.3127758725429224,1.1529393284317195,1.0555814643409813,1.0,B,0.002383032448749418
rubble,B,90,800,0.02,0.05,0.2,,2,0.3,0.2,2.0,20,0,0.8763966480446927,0.8434008379888269,0.9162011173184358,320.0,1.0555555555555556,0.45555555555555555,34.18630045478687,0.2150138888888889,1.0617597292724197,78,1.6370838173454565,0.31825612120637253,1.0370838173454564,1.0403545336388027,1.0,B,0.0025642210937508025
rubble,B,90,800,0.02,0.05,0.2,,3,0.3,0.2,2.0,20,0,0.8931564245810056,0.8105097765363128,0.9350558659217877,280.0,1.5222222222222221,0.35555555555555557,33.36825613470717,0.22211111111111112,1.2123222748815166,78,1.6237475753517647,0.3727674635110291,1.0237475753517644,0.8632964873841399,1.0,B,0.002615181978749206
rubble,B,90,800,0.02,0.05,0.2,,4,0.3,0.2,2.0,20,0,0.8554469273743017,0.7813198324022346,0.9078212290502793,340.0,1.4222222222222223,0.43333333333333335,31.680364449618224,0.22945833333333332,1.088888888888889,71,1.6729372117638728,0.36019502911326035,1.0729372117638727,0.9511026664467727,1.0,B,0.002554409113749898
rubble,B,90,800,0.02,0.05,0.2,,5,0.3,0.2,2.0,20,0,0.8701117318435754,0.8239525139664805,0.9378491620111732,300.0,1.3555555555555556,0.5222222222222223,33.30660723455016,0.21640277777777778,1.1026548672566372,73,1.7312445596183936,0.31581295620012434,1.1312445596183935,1.1043991947131615,1.0,B,0.0025070624487489113
rubble,B,90,800,0.02,0.05,0.2,,6,0.3,0.2,2.0,20,0,0.854050279329609,0.7975558659217878,0.9057262569832403,300.0,1.2777777777777777,0.4,32.84323468694301,0.24547222222222223,1.075637642919965,73,1.6343051593244282,0.3217709953074513,1.034305159324428,0.983886888569996,1.0,B,0.0025364303649985233
rubble,B,90,800,0.02,0.05,0.2,,7,0.3,0.2,2.0,20,0,0.8722067039106145,0.8202164804469273,0.9196927374301676,360.0,1.2444444444444445,0.36666666666666664,32.33608432953262,0.22445833333333334,1.0675213675213675,70,1.7281004213859505,0.34739794530742796,1.1281004213859505,1.0303448089447635,1.0,B,0.002465442812499532
rubble,B,90,800,0.02,0.05,0.2,,8,0.3,0.2,2.0,20,0,0.8659217877094972,0.807576815642458,0.9350558659217877,320.0,1.1444444444444444,0.4222222222222222,32.35172434710176,0.20244444444444445,1.018898931799507,68,1.7281973614433301,0.3090388092723172,1.1281973614433296,1.1313915374604924,1.0,B,0.002397213125000235
rubble,B,90,800,0.02,0.05,0.2,,9,0.3,0.2,2.0,20,0,0.8554469273743017,0.7842527932960894,0.9238826815642458,320.0,1.3888888888888888,0.43333333333333335,33.14979791483484,0.1917222222222222,1.0850310008857396,70,1.7476465471512261,0.3414279151160909,1.147646547151226,1.0390540768163345,1.0,B,0.0024008846349988745
rubble,B,90,800,0.02,0.05,0.2,,10,0.3,0.2,2.0,20,0,0.9085195530726257,0.8430167597765363,0.9643854748603352,320.0,1.1888888888888889,0.45555555555555555,34.34770672533695,0.19877777777777778,1.159536541889483,75,1.7035353053254758,0.34719499358671446,1.1035353053254757,0.982088266751897,1.0,B,0.002481086666250576
rubble,B,90,800,0.02,0.05,0.2,,12,0.3,0.2,2.0,20,0,0.9064245810055865,0.8558310055865922,0.960195530726257,340.0,1.0444444444444445,0.4111111111111111,33.53058899852425,0.20416666666666666,1.146643109540636,75,1.7196432937930726,0.3510444457429305,1.119643293793073,0.9601503506571988,1.0,B,0.002492683281250265
rubble,B,90,800,0.02,0.05,0.2,,11,0.3,0.2,2.0,20,0,0.8505586592178771,0.8173533519553073,0.9036312849162011,300.0,1.288888888888889,0.3888888888888889,33.34734524257895,0.21933333333333332,1.1062670299727522,76,1.5886115952783213,0.40581562017222944,0.9886115952783217,0.835863650503482,1.0,B,0.002595210468748519
rubble,B,90,800,0.02,0.05,0.2,,13,0.3,0.2,2.0,20,0,0.88268156424581,0.8324022346368715,0.9301675977653632,280.0,1.2,0.5,32.25384179289069,0.23883333333333334,1.1532846715328466,73,1.719982563131143,0.34418500065443874,1.119982563131143,0.9829129444140902,1.0,B,0.0025106682812497637
rubble,B,90,800,0.02,0.05,0.2,,14,0.3,0.2,2.0,20,0,0.8966480446927374,0.8496508379888266,0.9427374301675978,340.0,1.2222222222222223,0.4666666666666667,32.97915522539436,0.24069444444444443,1.1273046532045654,74,1.6730986700740542,0.32829216398211886,1.0730986700740544,1.0098769357626625,1.0,B,0.0026083914587502477
rubble,B,90,800,0.02,0.05,0.2,,15,0.3,0.2,2.0,20,0,0.8743016759776536,0.8134776536312851,0.9231843575418994,300.0,1.3888888888888888,0.5222222222222223,32.535588625781756,0.22055555555555556,1.1350861287398006,69,1.736188202802409,0.3169014635743676,1.136188202802409,1.0752532915979836,1.0,B,0.002536715988751439
rubble,B,90,800,0.02,0.05,0.2,,17,0.3,0.2,2.0,20,0,0.8938547486033519,0.8425628491620112,0.9371508379888268,300.0,1.2555555555555555,0.32222222222222224,33.64599582526751,0.19705555555555557,1.1082251082251082,73,1.7283931985443504,0.3542924731642665,1.1283931985443503,0.9558410290486891,1.0,B,0.002433455990001221
rubble,B,90,800,0.02,0.05,0.2,,16,0.3,0.2,2.0,20,0,0.8903631284916201,0.8177723463687151,0.928072625698324,260.0,1.3777777777777778,0.34444444444444444,32.28559975085251,0.24434722222222222,1.2957317073170733,75,1.6685375279870764,0.3316729511886343,1.0685375279870764,0.9895335566199494,1.0,B,0.002652360521249193
rubble,B,90,800,0.02,0.05,0.2,,18,0.3,0.2,2.0,20,0,0.8561452513966481,0.8046089385474859,0.9106145251396648,320.0,1.3,0.4666666666666667,33.06289681468929,0.22684722222222223,1.1005385996409336,75,1.708021910536216,0.3426011296102418,1.1080219105362161,0.9574746636233255,1.0,B,0.0026049883849987056
rubble,B,90,800,0.02,0.05,0.2,,19,0.3,0.2,2.0,20,0,0.9071229050279329,0.8450418994413408,0.9497206703910615,280.0,1.3,0.2777777777777778,33.883333598048914,0.23376388888888888,1.1354895104895104,80,1.6272523054133174,0.3527516558554113,1.0272523054133174,0.8656173387114179,1.0,B,0.002659480208749301
rubble,B,90,800,0.02,0.05,0.2,,20,0.3,0.2,2.0,20,0,0.8791899441340782,0.8216131284916202,0.9490223463687151,280.0,1.2,0.37777777777777777,32.174189806785016,0.21179166666666666,1.1053555750658473,64,1.8224147098004346,0.3783059941065225,1.2224147098004345,1.0425820834476014,1.0,B,0.0023852603125010317
rubble,B,90,800,0.02,0.05,0.2,,22,0.3,0.2,2.0,20,0,0.8645251396648045,0.8209148044692738,0.9315642458100558,280.0,1.1222222222222222,0.5222222222222223,32.623753625685374,0.21383333333333332,1.0765217391304347,69,1.7597983259594645,0.2938210691706495,1.1597983259594644,1.1506866055997178,1.0,B,0.002433750937500463
rubble,B,90,800,0.02,0.05,0.2,,21,0.3,0.2,2.0,20,0,0.8924581005586593,0.8222067039106147,0.9273743016759777,280.0,1.3666666666666667,0.4,33.24300025918832,0.23355555555555554,1.144136078782453,77,1.6877049438749818,0.33446104283066397,1.0877049438749817,0.9337352059958187,1.0,B,0.0025870083850008997
rubble,B,90,800,0.02,0.05,0.2,,23,0.3,0.2,2.0,20,0,0.8722067039106145,0.830377094972067,0.9252793296089385,280.0,1.2444444444444445,0.34444444444444444,32.05129574623551,0.2572083333333333,1.1416819012797075,76,1.6325090876538304,0.3096285030038705,1.0325090876538308,0.9303752440076519,1.0,B,0.0026525102599998717
rubble,B,90,800,0.02,0.05,0.2,,24,0.3,0.2,2.0,20,0,0.9266759776536313,0.8721717877094971,0.965782122905028,340.0,1.2222222222222223,0.4888888888888889,33.099009550738934,0.21990277777777778,1.1123218776194468,69,1.8357267930658774,0.31822736251954936,1.2357267930658777,1.1741693354451095,1.0,B,0.0024714760425013083
rubble,B,90,800,0.02,0.05,0.2,,25,0.3,0.2,2.0,20,0,0.8610335195530726,0.8250698324022346,0.9287709497206704,280.0,1.2777777777777777,0.35555555555555557,33.12895184121122,0.2177361111111111,1.0257903494176372,68,1.8280964654152225,0.27755262993371893,1.228096465415222,1.1161806041072941,1.0,B,0.002459451093750431
rubble,B,90,800,0.02,0.05,0.2,,26,0.3,0.2,2.0,20,0,0.8861731843575419,0.8442737430167597,0.9629888268156425,320.0,1.0555555555555556,0.32222222222222224,34.12364325760485,0.20568055555555556,1.0350734094616638,72,1.6801073355368912,0.340186477802078,1.0801073355368915,1.065411281496103,1.0,B,0.0024508067187503004
rubble,B,90,800,0.02,0.05,0.2,,27,0.3,0.2,2.0,20,0,0.8435754189944135,0.8050977653631284,0.9071229050279329,320.0,1.2333333333333334,0.4,31.994729947555186,0.1942222222222222,1.091237579042457,65,1.8503692201131041,0.3024725112480486,1.250369220113104,1.2923934162121626,1.0,B,0.0022946780200004467
rubble,B,90,800,0.02,0.05,0.2,,29,0.3,0.2,2.0,20,0,0.9050279329608939,0.8468924581005586,0.9636871508379888,280.0,1.288888888888889,0.5,33.41284456089928,0.2212361111111111,1.1760435571687842,75,1.73709697156961,0.3337048856257261,1.1370969715696102,1.041414970388288,1.0,B,0.002473465156249404
rubble,B,90,800,0.02,0.05,0.2,,28,0.3,0.2,2.0,20,0,0.8680167597765364,0.8168296089385475,0.9245810055865922,340.0,1.3222222222222222,0.4777777777777778,33.369079823867835,0.2452638888888889,1.0846422338568935,77,1.5731198733945813,0.34804729360485337,0.9731198733945808,0.8382251234395407,1.0,B,0.0026356638537504296
rubble,B,120,800,0.02,0.05,0.2,,0,0.3,0.2,2.0,20,0,0.8798882681564246,0.811417597765363,0.9301675977653632,300.0,1.5333333333333334,0.31666666666666665,24.140844439048383,0.37223958333333335,1.1091549295774648,87,1.4196228906467034,0.4193739305675172,0.8196228906467032,0.7098349896485111,0.9770114942528736,B,0.003855311822499061
rubble,B,120,800,0.02,0.05,0.2,,1,0.3,0.2,2.0,20,0,0.9182960893854749,0.8600209497206703,0.9643854748603352,320.0,1.5333333333333334,0.30833333333333335,25.350885888164328,0.39007291666666666,1.122013651877133,96,1.4089797968641278,0.4946579992307063,0.8089797968641278,0.5461492020027712,0.90625,B,0.0040466756762498335
rubble,B,120,800,0.02,0.05,0.2,,2,0.3,0.2,2.0,20,0,0.9001396648044693,0.8592877094972067,0.9392458100558659,300.0,1.3333333333333333,0.35833333333333334,25.53683415255398,0.34372916666666664,1.113126079447323,89,1.452288443895885,0.38934494680891263,0.8522884438958851,0.7433020007481098,0.9775280898876404,B,0.003980262134998611
rubble,B,120,800,0.02,0.05,0.2,,4,0.3,0.2,2.0,20,0,0.914804469273743,0.8760474860335197,0.9671787709497207,280.0,1.4833333333333334,0.275,26.748808476604744,0.3560833333333333,1.1215753424657535,94,1.4073736379097885,0.44753071516866716,0.8073736379097892,0.6104150371665765,0.925531914893617,B,0.004026867500001572
rubble,B,120,800,0.02,0.05,0.2,,3,0.3,0.2,2.0,20,0,0.9560055865921788,0.8929120111731844,0.9860335195530726,280.0,1.5166666666666666,0.38333333333333336,26.929265125497174,0.3818020833333333,1.1175510204081633,102,1.4060262324023816,0.4626516924167012,0.8060262324023819,0.5918474434671336,0.9509803921568627,B,0.0041597861975014895
rubble,B,120,800,0.02,0.05,0.2,,5,0.3,0.2,2.0,20,0,0.9441340782122905,0.8849511173184357,0.9755586592178771,360.0,1.6416666666666666,0.325,26.267971264117886,0.3763958333333333,1.122923588039867,97,1.4238845343082136,0.4866132031565563,0.823884534308214,0.6630494845019507,0.8865979381443299,B,0.004149356249999982
rubble,B,120,800,0.02,0.05,0.2,,6,0.3,0.2,2.0,20,0,0.8903631284916201,0.8025139664804468,0.9301675977653632,240.0,1.55,0.2,23.713440776750073,0.44925,1.1772853185595569,100,1.317219538908477,0.5203788865370597,0.7172195389084774,0.48667899812722915,0.85,B,0.004394326406250002
rubble,B,120,800,0.02,0.05,0.2,,7,0.3,0.2,2.0,20,0,0.9539106145251397,0.9011871508379887,0.9846368715083799,360.0,1.6916666666666667,0.275,27.347431896341835,0.33708333333333335,1.141186299081036,97,1.4019646147922002,0.4475400342636958,0.8019646147922006,0.6086434610764507,0.9587628865979382,B,0.00405877807249908
rubble,B,120,800,0.02,0.05,0.2,,8,0.3,0.2,2.0,20,0,0.9455307262569832,0.8902234636871509,0.9762569832402235,320.0,1.45,0.31666666666666665,26.693238362989273,0.386,1.1406908171861836,101,1.3364495974590134,0.4259189380223884,0.7364495974590133,0.6046495898118737,0.9603960396039604,B,0.004098212083749786
rubble,B,120,800,0.02,0.05,0.2,,9,0.3,0.2,2.0,20,0,0.9057262569832403,0.8129888268156424,0.9567039106145251,280.0,1.5333333333333334,0.39166666666666666,24.19421834306497,0.41332291666666665,1.1447484554280671,96,1.332873109956889,0.4939159554962237,0.7328731099568889,0.577769188354438,0.8645833333333334,B,0.004091233281251334
rubble,B,120,800,0.02,0.05,0.2,,10,0.3,0.2,2.0,20,0,0.8756983240223464,0.7974511173184358,0.9343575418994413,300.0,1.5,0.3,24.52251831158616,0.4168125,1.1266846361185983,98,1.2941280863609552,0.5030690563323141,0.6941280863609552,0.505485575011099,0.8673469387755102,B,0.0042600958849993735
rubble,B,120,800,0.02,0.05,0.2,,11,0.3,0.2,2.0,20,0,0.914804469273743,0.8400837988826815,0.960195530726257,260.0,1.5,0.21666666666666667,25.560007625035635,0.36009375,1.158267020335986,94,1.4308336054190727,0.4701537670761067,0.8308336054190727,0.5718960993410013,0.9042553191489362,B,0.004040009687500969
rubble,B,120,800,0.02,0.05,0.2,,12,0.3,0.2,2.0,20,0,0.9273743016759777,0.8588687150837989,0.9608938547486033,300.0,1.4583333333333333,0.3333333333333333,24.83457817901628,0.3873333333333333,1.1710758377425043,95,1.4135643530215047,0.46899876881094815,0.8135643530215045,0.6298445481281602,0.9473684210526315,B,0.004043150156248885
rubble,B,120,800,0.02,0.05,0.2,,13,0.3,0.2,2.0,20,0,0.8798882681564246,0.8408170391061454,0.9301675977653632,280.0,1.45,0.23333333333333334,25.89903568970797,0.362,1.0947002606429193,94,1.3154140395340366,0.4467817799389581,0.7154140395340366,0.5806884186009388,0.9361702127659575,B,0.003989794999999958
rubble,B,120,800,0.02,0.05,0.2,,14,0.3,0.2,2.0,20,0,0.9189944134078212,0.8594622905027933,0.9532122905027933,320.0,1.575,0.3,25.604371104555664,0.3805625,1.0655870445344129,94,1.3996888393837617,0.4281961130691368,0.7996888393837617,0.6643811427944372,0.9468085106382979,B,0.004047789010000997
rubble,B,120,800,0.02,0.05,0.2,,16,0.3,0.2,2.0,20,0,0.9050279329608939,0.8262569832402236,0.9441340782122905,320.0,1.3083333333333333,0.23333333333333334,25.44545356269805,0.30773958333333334,1.0791007493755205,79,1.6215334831408712,0.3883664427951847,1.0215334831408707,0.850878894747784,1.0,B,0.0037409893237509094
rubble,B,120,800,0.02,0.05,0.2,,15,0.3,0.2,2.0,20,0,0.9266759776536313,0.856703910614525,0.9678770949720671,300.0,1.65,0.275,25.679301606679623,0.35784375,1.159965034965035,91,1.521946016585888,0.39033785769651264,0.9219460165858878,0.7785668807885825,1.0,B,0.004147176458750437
rubble,B,120,800,0.02,0.05,0.2,,17,0.3,0.2,2.0,20,0,0.9127094972067039,0.8563198324022346,0.9615921787709497,280.0,1.3583333333333334,0.425,25.773861972374878,0.37376041666666665,1.1142369991474852,95,1.3453521736390108,0.4781222628158932,0.745352173639011,0.5991221868157187,0.9263157894736842,B,0.00400863062499866
rubble,B,120,800,0.02,0.05,0.2,,18,0.3,0.2,2.0,20,0,0.9615921787709497,0.9269553072625698,0.9832402234636871,320.0,1.4333333333333333,0.35,28.27725201002672,0.2955520833333333,1.1195121951219513,92,1.5156181500763795,0.3868833121010937,0.9156181500763799,0.7586480710947372,1.0,B,0.003911197136249029
rubble,B,120,800,0.02,0.05,0.2,,19,0.3,0.2,2.0,20,0,0.9315642458100558,0.8657821229050278,0.9720670391061452,320.0,1.625,0.25833333333333336,24.882775319003613,0.3908020833333333,1.183673469387755,95,1.3939947843091804,0.45157627241149034,0.7939947843091804,0.5991111491348063,0.9789473684210527,B,0.004065778853748725
rubble,B,120,800,0.02,0.05,0.2,,20,0.3,0.2,2.0,20,0,0.8777932960893855,0.7990921787709497,0.922486033519553,300.0,1.6083333333333334,0.2833333333333333,24.43029853693829,0.37767708333333333,1.1671309192200556,90,1.3372964459906234,0.48110163157481634,0.7372964459906235,0.5352111221884595,0.9333333333333333,B,0.0040365692699992906
rubble,B,120,800,0.02,0.05,0.2,,22,0.3,0.2,2.0,20,0,0.9336592178770949,0.8739175977653633,0.9755586592178771,340.0,1.5083333333333333,0.25833333333333336,25.462669606176295,0.39047916666666665,1.1525862068965518,96,1.398063442718498,0.4699329838091619,0.7980634427184978,0.5956212797085475,0.9166666666666666,B,0.004030174583749613
rubble,B,120,800,0.02,0.05,0.2,,21,0.3,0.2,2.0,20,0,0.8770949720670391,0.8232192737430168,0.9259776536312849,320.0,1.575,0.3,26.075309723414914,0.35711458333333335,1.125448028673835,91,1.4042313460295683,0.4376294023345753,0.8042313460295681,0.6672829653346543,0.978021978021978,B,0.004090924218749023
rubble,B,120,800,0.02,0.05,0.2,,23,0.3,0.2,2.0,20,0,0.8840782122905028,0.8236033519553072,0.9301675977653632,280.0,1.65,0.23333333333333334,25.057397995827092,0.3876354166666667,1.1066433566433567,96,1.3342667476963175,0.46370175325670593,0.7342667476963175,0.5528424849066856,0.90625,B,0.004190191979998872
apartment,C,10,800,0.02,0.05,0.2,,0,0.3,0.2,2.0,20,0,0.24283854166666666,0.24251302083333334,0.5234375,100.0,0.8,0.0,53.52880653741397,0.008875,0.8215859030837004,8,3.596137330329423,0.18874204862300567,2.9961373303294234,2.603400336797149,1.0,C,0.00048015750000104165
apartment,C,10,800,0.02,0.05,0.2,,1,0.3,0.2,2.0,20,0,0.3040364583333333,0.3062825520833333,0.4947916666666667,100.0,0.5,0.0,59.80037593712607,0.009875,1.002145922746781,10,3.7845939608704624,0.16711500009897612,3.1845939608704623,3.235257746480051,1.0,C,0.0004699441662501158
apartment,C,10,800,0.02,0.05,0.2,,2,0.3,0.2,2.0,20,0,0.2936197916666667,0.3010416666666667,0.5279947916666666,100.0,0.6,0.2,58.47551722256519,0.007625,0.9555084745762712,10,3.7018322988429815,0.40261298550396385,3.101832298842982,2.4164332801176274,1.0,C,0.0005154075512496093
apartment,C,10,800,0.02,0.05,0.2,,3,0.3,0.2,2.0,20,0,0.24869791666666666,0.2470703125,0.466796875,100.0,0.8,0.2,54.0609590408793,0.005625,0.8526785714285714,8,4.315763548961683,0.3494876515149458,3.715763548961683,3.143341182411289,1.0,C,0.0004516527087503164
apartment,C,10,800,0.02,0.05,0.2,,4,0.3,0.2,2.0,20,0,0.2779947916666667,0.2755859375,0.458984375,100.0,0.5,0.0,57.43012035686276,0.00625,0.9302832244008715,9,4.304802770892646,0.33360409266657964,3.704802770892646,3.2397041028737563,1.0,C,0.0004879337499983194
apartment,C,10,800,0.02,0.05,0.2,,5,0.3,0.2,2.0,20,0,0.21744791666666666,0.21884765625,0.46484375,100.0,0.7,0.2,49.96559110727598,0.007375,0.7422222222222222,7,3.9849855074222624,0.21636079717112078,3.3849855074222623,3.1221588713445882,1.0,C,0.0004627989587515913
rubble,B,120,800,0.02,0.05,0.2,,24,0.3,0.2,2.0,20,0,0.9189944134078212,0.8801675977653632,0.9727653631284916,360.0,1.5833333333333333,0.25,26.170396368406216,0.36545833333333333,1.0707892595606183,97,1.3421811832112494,0.45814163273933206,0.7421811832112494,0.5048101374282267,0.9175257731958762,B,0.0041482426049992685
apartment,C,10,800,0.02,0.05,0.2,,6,0.3,0.2,2.0,20,0,0.2799479166666667,0.28007812500000007,0.537109375,140.0,0.4,0.0,56.259477118420776,0.00725,0.9090909090909092,9,3.8479444370532505,0.3459363450887878,3.2479444370532504,2.6777260382436174,1.0,C,0.0004610407299992403
apartment,C,10,800,0.02,0.05,0.2,,7,0.3,0.2,2.0,20,0,0.259765625,0.25533854166666664,0.5390625,100.0,0.4,0.0,56.54701989862495,0.00325,0.83125,8,4.1429910680323605,0.13559276416855412,3.5429910680323604,3.432585322152845,1.0,C,0.0004979498437501207
rubble,B,120,800,0.02,0.05,0.2,,25,0.3,0.2,2.0,20,0,0.9245810055865922,0.8502444134078212,0.9671787709497207,220.0,1.6166666666666667,0.31666666666666665,26.05073376404467,0.3680833333333333,1.2225300092336104,97,1.3945320121178095,0.42821635943137826,0.7945320121178097,0.5889283228096046,0.9484536082474226,B,0.004197648802501135
apartment,C,10,800,0.02,0.05,0.2,,8,0.3,0.2,2.0,20,0,0.2740885416666667,0.26839192708333337,0.4615885416666667,140.0,0.6,0.1,56.06862121306957,0.009375,0.917211328976035,9,4.020646010570604,0.3138348449247496,3.4206460105706036,2.9270833147856967,1.0,C,0.0004911876562505313
apartment,C,10,800,0.02,0.05,0.2,,9,0.3,0.2,2.0,20,0,0.3059895833333333,0.30830078125,0.5279947916666666,120.0,0.8,0.2,58.868959397488005,0.009375,0.9894736842105262,10,3.972579994691152,0.33903413810948346,3.372579994691153,3.3132025260792153,1.0,C,0.0004931789587499225
apartment,C,10,800,0.02,0.05,0.2,,10,0.3,0.2,2.0,20,0,0.271484375,0.2765299479166667,0.509765625,100.0,0.3,0.1,56.20914127535883,0.0065,0.9006479481641468,9,4.018738817137393,0.37431307527265095,3.418738817137393,2.530279013530246,1.0,C,0.0004945197912502408
rubble,B,120,800,0.02,0.05,0.2,,26,0.3,0.2,2.0,20,0,0.8840782122905028,0.8408519553072626,0.9329608938547486,300.0,1.3833333333333333,0.30833333333333335,25.41373265463212,0.3702916666666667,1.0970537261698439,95,1.381409805771866,0.4571531174406912,0.7814098057718658,0.6421607188899844,0.9263157894736842,B,0.004211536406248797
apartment,C,10,800,0.02,0.05,0.2,,11,0.3,0.2,2.0,20,0,0.22526041666666666,0.2239908854166667,0.4915364583333333,120.0,0.0,0.0,52.08339528539297,0.004875,0.7208333333333333,7,4.215106442577345,0.3005734254438461,3.615106442577346,3.3859675875196884,1.0,C,0.000492957500000557
apartment,C,10,800,0.02,0.05,0.2,,12,0.3,0.2,2.0,20,0,0.220703125,0.21904296875,0.5169270833333334,100.0,0.5,0.0,50.97664475804869,0.0055,0.7337662337662337,7,4.2988199802193,0.3264789784505829,3.6988199802193003,3.4005800023082764,1.0,C,0.00048665890624988606
apartment,C,10,800,0.02,0.05,0.2,,13,0.3,0.2,2.0,20,0,0.18489583333333334,0.18876953125,0.5,100.0,0.4,0.0,48.813259568079,0.00875,0.6133909287257019,6,4.883355492934578,0.1983292563092071,4.283355492934578,3.967199925677563,1.0,C,0.0004816866150008536
apartment,C,10,800,0.02,0.05,0.2,,15,0.3,0.2,2.0,20,0,0.220703125,0.22080078125,0.5078125,120.0,0.6,0.0,52.164503854586144,0.005625,0.7136842105263157,7,4.338595835290683,0.1752332126404799,3.738595835290682,3.2657210577689813,1.0,C,0.0004859125000007225
apartment,C,10,800,0.02,0.05,0.2,,16,0.3,0.2,2.0,20,0,0.28125,0.27864583333333337,0.5240885416666666,120.0,0.3,0.0,57.98955443830643,0.006375,0.9230769230769231,9,3.6864759403958183,0.1547615505229633,3.0864759403958186,3.1124320475174563,1.0,C,0.0004808210424994286
apartment,C,10,800,0.02,0.05,0.2,,14,0.3,0.2,2.0,20,0,0.2779947916666667,0.27626953125,0.5104166666666666,120.0,0.4,0.0,56.18528305611592,0.007875,0.9222462203023758,9,4.116490249874064,0.33387454219192664,3.5164902498740633,2.880034235316031,1.0,C,0.0005158831249991635
apartment,C,10,800,0.02,0.05,0.2,,17,0.3,0.2,2.0,20,0,0.22526041666666666,0.22366536458333336,0.5286458333333334,160.0,0.6,0.0,51.241986093351976,0.0115,0.7408993576017131,7,3.8673986797000075,0.18612576261565764,3.2673986797000083,2.9356306119809923,1.0,C,0.0005080941675009854
apartment,C,10,800,0.02,0.05,0.2,,18,0.3,0.2,2.0,20,0,0.2981770833333333,0.2966145833333333,0.4700520833333333,120.0,0.9,0.1,58.571110649982714,0.0045,1.0246085011185682,10,3.440057816856661,0.15782964604295774,2.8400578168566604,2.7099995813762185,1.0,C,0.0004996342712502155
apartment,C,10,800,0.02,0.05,0.2,,19,0.3,0.2,2.0,20,0,0.18033854166666666,0.18121744791666666,0.4505208333333333,120.0,0.9,0.0,47.60396908231548,0.0075,0.5969827586206896,6,3.993516174511383,0.2432165150229284,3.393516174511383,3.15299559008421,1.0,C,0.0004841165624998212
apartment,C,10,800,0.02,0.05,0.2,,20,0.3,0.2,2.0,20,0,0.18229166666666666,0.18662109374999997,0.494140625,140.0,0.7,0.1,47.58851655579324,0.009375,0.5919661733615222,6,3.6525370605905203,0.2788621221818576,3.05253706059052,2.6321616348099797,1.0,C,0.0004801341149982363
apartment,C,10,800,0.02,0.05,0.2,,21,0.3,0.2,2.0,20,0,0.21484375,0.2172526041666667,0.505859375,100.0,0.7,0.0,50.38466373771685,0.006125,0.7006369426751592,7,4.333860077175497,0.3344248997893162,3.733860077175497,3.506409634344783,1.0,C,0.00048034942625008626
apartment,C,10,800,0.02,0.05,0.2,,22,0.3,0.2,2.0,20,0,0.2786458333333333,0.27809244791666665,0.5286458333333334,100.0,0.4,0.1,57.10380790152417,0.007,0.8916666666666666,9,3.8002510309075053,0.2991303897215619,3.2002510309075047,2.910027066670796,1.0,C,0.0004944291137508116
apartment,C,10,800,0.02,0.05,0.2,,23,0.3,0.2,2.0,20,0,0.3053385416666667,0.3091796875,0.5384114583333334,120.0,0.7,0.2,59.712311068701126,0.00325,0.9936440677966102,10,3.908468321437757,0.3451846156949782,3.308468321437757,3.0569763791894715,1.0,C,0.0004937915112509472
apartment,C,10,800,0.02,0.05,0.2,,24,0.3,0.2,2.0,20,0,0.25,0.2480794270833333,0.4576822916666667,140.0,0.4,0.1,54.29822976005789,0.00775,0.8084210526315789,8,4.163664034863461,0.08336209826484735,3.5636640348634607,3.5595567022972636,1.0,C,0.0005177183849991707
rubble,B,120,800,0.02,0.05,0.2,,27,0.3,0.2,2.0,20,0,0.9287709497206704,0.8830307262569834,0.9720670391061452,360.0,1.425,0.30833333333333335,24.997416223308015,0.38525,1.170774647887324,98,1.4163626815069996,0.41319250528329104,0.8163626815069998,0.6768930205322786,0.9795918367346939,B,0.004284355365000465
apartment,C,10,800,0.02,0.05,0.2,,25,0.3,0.2,2.0,20,0,0.15559895833333334,0.15917968750000003,0.4609375,120.0,0.5,0.1,45.57898529596036,0.005125,0.526431718061674,5,6.228058824607269,0.16496821775514608,5.628058824607268,6.1883976574529544,1.0,C,0.0004817959899992275
apartment,C,10,800,0.02,0.05,0.2,,27,0.3,0.2,2.0,20,0,0.21875,0.21728515625,0.5104166666666666,100.0,0.5,0.1,51.75644265303539,0.005,0.7073684210526315,7,3.672230786121769,0.14545138538988828,3.072230786121769,3.485242891931716,1.0,C,0.00046585661375047493
apartment,C,10,800,0.02,0.05,0.2,,26,0.3,0.2,2.0,20,0,0.22005208333333334,0.2202473958333333,0.46875,100.0,0.6,0.2,50.91311697144148,0.008875,0.7300215982721382,7,5.090228836362629,0.21155244880682894,4.490228836362628,4.08664723068941,1.0,C,0.00048360515625063273
apartment,C,10,800,0.02,0.05,0.2,,28,0.3,0.2,2.0,20,0,0.2682291666666667,0.2654296875,0.458984375,100.0,0.9,0.0,56.331637097748775,0.0105,0.9217002237136466,9,3.9592824579176717,0.33544882219049277,3.359282457917672,2.8379857778048994,1.0,C,0.00048308749999932844
apartment,C,10,800,0.02,0.05,0.2,,29,0.3,0.2,2.0,20,0,0.2825520833333333,0.27587890625000006,0.5026041666666666,140.0,0.8,0.1,57.323711798907894,0.01025,0.9117647058823529,9,3.815305947518448,0.159329584696922,3.2153059475184476,3.283759453028615,1.0,C,0.0005068792712518189
apartment,C,30,800,0.02,0.05,0.2,,0,0.3,0.2,2.0,20,0,0.673828125,0.6639322916666666,0.8170572916666666,180.0,0.8,0.0,55.07248396868439,0.015583333333333333,0.9070990359333918,25,2.9046583004858717,0.13149367020684943,2.3046583004858716,2.266447966196103,1.0,C,0.0007349079687492122
apartment,C,30,800,0.02,0.05,0.2,,1,0.3,0.2,2.0,20,0,0.611328125,0.6059244791666667,0.8118489583333334,160.0,0.7333333333333333,0.13333333333333333,51.4356446609204,0.018166666666666668,0.849005424954792,22,2.986550105840193,0.15198479444645435,2.386550105840193,2.354903193245361,1.0,C,0.000688033281251137
rubble,B,120,800,0.02,0.05,0.2,,28,0.3,0.2,2.0,20,0,0.9294692737430168,0.8869064245810057,0.9769553072625698,280.0,1.625,0.2833333333333333,26.644776887038123,0.3983229166666667,1.1464254952627047,103,1.297965027384993,0.48386008201699987,0.6979650273849931,0.4831765968386009,0.8640776699029126,B,0.004398144113749823
rubble,B,120,800,0.02,0.05,0.2,,29,0.3,0.2,2.0,20,0,0.9511173184357542,0.9137918994413408,0.9797486033519553,300.0,1.6833333333333333,0.35833333333333334,27.00529032992415,0.38805208333333335,1.1690987124463519,103,1.3270124084180508,0.46492497193102694,0.7270124084180508,0.5827699573258392,0.8640776699029126,B,0.004343209947498963
apartment,C,30,800,0.02,0.05,0.2,,2,0.3,0.2,2.0,20,0,0.7037760416666666,0.6998046874999999,0.8157552083333334,200.0,0.9666666666666667,0.16666666666666666,57.04217479103859,0.022333333333333334,0.96260017809439,28,2.6883686463632066,0.1508106304427345,2.088368646363206,1.9745098168832036,1.0,C,0.0007367559375006749
apartment,C,30,800,0.02,0.05,0.2,,4,0.3,0.2,2.0,20,0,0.68359375,0.6724934895833333,0.8059895833333334,200.0,0.9666666666666667,0.03333333333333333,55.270754273393415,0.019458333333333334,0.9358288770053476,26,2.8531459605683995,0.18017880408391368,2.253145960568399,2.088238345524175,1.0,C,0.0006967208337505327
apartment,C,30,800,0.02,0.05,0.2,,3,0.3,0.2,2.0,20,0,0.716796875,0.7119466145833334,0.81640625,240.0,1.0,0.06666666666666667,56.304697967856946,0.0215,0.9927862939585211,28,2.781372187415598,0.14488198442478412,2.1813721874155982,2.0550466640427816,1.0,C,0.0007273094787501578
apartment,C,30,800,0.02,0.05,0.2,,5,0.3,0.2,2.0,20,0,0.6145833333333334,0.6167643229166668,0.826171875,200.0,1.1666666666666667,0.0,52.3129408200797,0.030333333333333334,0.8421052631578947,23,2.8126790279628553,0.1293974877437922,2.2126790279628556,2.1641517473445315,1.0,C,0.0007042023437497846
apartment,C,30,800,0.02,0.05,0.2,,6,0.3,0.2,2.0,20,0,0.5638020833333334,0.5640299479166667,0.8313802083333334,180.0,0.9333333333333333,0.16666666666666666,50.05289924499111,0.020625,0.7603160667251976,20,3.0373254765556603,0.19761942691809214,2.43732547655566,2.146835573003894,1.0,C,0.000687838541250585
apartment,C,30,800,0.02,0.05,0.2,,7,0.3,0.2,2.0,20,0,0.68359375,0.67607421875,0.8372395833333334,200.0,0.9666666666666667,0.03333333333333333,54.806964289615934,0.026333333333333334,0.9114583333333334,26,2.7658780658903783,0.13142790482712152,2.1658780658903782,2.0824233978969735,1.0,C,0.000755566667498897
apartment,C,30,800,0.02,0.05,0.2,,9,0.3,0.2,2.0,20,0,0.5813802083333334,0.5805013020833332,0.8346354166666666,200.0,0.9333333333333333,0.1,51.09546349228633,0.018625,0.7902654867256638,21,2.872676201989747,0.18684402244530515,2.2726762019897473,2.0902290216020356,1.0,C,0.0007069577074980771
apartment,C,30,800,0.02,0.05,0.2,,8,0.3,0.2,2.0,20,0,0.7024739583333334,0.7069010416666667,0.8391927083333334,180.0,1.1666666666666667,0.03333333333333333,56.26705558425588,0.023875,0.9531802120141344,27,2.7681056234057784,0.11594640489745832,2.168105623405778,2.175145416592554,1.0,C,0.0007706032812507147
apartment,C,30,800,0.02,0.05,0.2,,10,0.3,0.2,2.0,20,0,0.6829427083333334,0.6829752604166668,0.8404947916666666,180.0,0.7333333333333333,0.2,55.411984789627546,0.019375,0.936607142857143,26,2.7634339629538007,0.13194220229558806,2.1634339629538,2.0361539788216794,1.0,C,0.0007512801037501049
apartment,C,30,800,0.02,0.05,0.2,,11,0.3,0.2,2.0,20,0,0.6432291666666666,0.6382161458333333,0.8151041666666666,180.0,1.0,0.13333333333333333,52.77711265158323,0.02475,0.8853046594982078,24,2.896286840508773,0.1904083551908257,2.2962868405087726,2.1003776287041878,1.0,C,0.0007225233849999313
apartment,C,30,800,0.02,0.05,0.2,,12,0.3,0.2,2.0,20,0,0.6139322916666666,0.6221028645833334,0.8255208333333334,200.0,1.0333333333333334,0.06666666666666667,52.48083581842106,0.023166666666666665,0.8171577123050259,23,2.79556857322355,0.15630435177407573,2.1955685732235497,2.0242145740081137,1.0,C,0.0007041239587488235
apartment,C,30,800,0.02,0.05,0.2,,14,0.3,0.2,2.0,20,0,0.583984375,0.5796549479166667,0.8098958333333334,200.0,0.8666666666666667,0.06666666666666667,51.012079564655195,0.018208333333333333,0.7987533392698131,21,3.0212758544950606,0.15626455481165802,2.42127585449506,2.2464036266985667,1.0,C,0.0007057918224995774
apartment,C,30,800,0.02,0.05,0.2,,13,0.3,0.2,2.0,20,0,0.5787760416666666,0.5850260416666667,0.806640625,180.0,0.8666666666666667,0.2,51.29213446256797,0.021041666666666667,0.7839506172839505,21,2.9903130312097193,0.15878992919818205,2.390313031209719,2.2450958969242003,1.0,C,0.0007260146875000828
apartment,C,30,800,0.02,0.05,0.2,,15,0.3,0.2,2.0,20,0,0.5735677083333334,0.5685872395833333,0.8359375,180.0,0.6666666666666666,0.16666666666666666,49.571232983807214,0.022208333333333333,0.7694323144104803,20,2.961079040680331,0.14174694719851078,2.3610790406803304,2.1951922382727043,1.0,C,0.0007015335937512646
apartment,C,30,800,0.02,0.05,0.2,,16,0.3,0.2,2.0,20,0,0.693359375,0.6890624999999999,0.8111979166666666,200.0,0.9666666666666667,0.06666666666666667,55.77146338657882,0.02325,0.9466666666666667,27,2.820647029550617,0.15569759392429444,2.2206470295506175,2.06946116632573,1.0,C,0.0007671396875002756
apartment,C,30,800,0.02,0.05,0.2,,17,0.3,0.2,2.0,20,0,0.630859375,0.62421875,0.8333333333333334,180.0,1.0,0.06666666666666667,52.15931924113253,0.020958333333333332,0.8485113835376532,23,2.83678105673542,0.12238880164627564,2.23678105673542,2.1743895652586254,1.0,C,0.0007206797912499497
apartment,C,30,800,0.02,0.05,0.2,,18,0.3,0.2,2.0,20,0,0.615234375,0.5994791666666667,0.80859375,180.0,0.7333333333333333,0.13333333333333333,52.333347354636764,0.015833333333333335,0.8460161145926589,22,2.966926347990588,0.16438807319656548,2.366926347990587,2.2249708977418865,1.0,C,0.0007206364062494686
apartment,C,30,800,0.02,0.05,0.2,,20,0.3,0.2,2.0,20,0,0.654296875,0.6368489583333334,0.8326822916666666,180.0,1.0666666666666667,0.1,53.82019864030281,0.02666666666666667,0.8761987794245859,24,2.794618670477078,0.1170788171768268,2.1946186704770785,2.045370282738857,1.0,C,0.0007222666150005353
apartment,C,30,800,0.02,0.05,0.2,,21,0.3,0.2,2.0,20,0,0.6354166666666666,0.6301106770833333,0.8079427083333334,180.0,1.1,0.13333333333333333,53.19774095376712,0.023583333333333335,0.8761220825852782,23,3.02666013754025,0.13558531708817215,2.42666013754025,2.3782200882317195,1.0,C,0.0007205720312504127
apartment,C,30,800,0.02,0.05,0.2,,19,0.3,0.2,2.0,20,0,0.6634114583333334,0.657421875,0.80859375,200.0,1.0,0.13333333333333333,54.94898659346039,0.023083333333333334,0.9001766784452297,25,2.8621333824242923,0.1501986203857052,2.262133382424292,2.208180250814783,1.0,C,0.0007596412499992766
apartment,C,30,800,0.02,0.05,0.2,,23,0.3,0.2,2.0,20,0,0.6881510416666666,0.6908528645833333,0.8450520833333334,180.0,0.8,0.0,56.73796704224932,0.02175,0.9320987654320987,27,2.688330388277712,0.1162790230079912,2.088330388277712,2.011600227448313,1.0,C,0.0007469240625005113
apartment,C,30,800,0.02,0.05,0.2,,22,0.3,0.2,2.0,20,0,0.6263020833333334,0.6230794270833335,0.8268229166666666,180.0,1.0,0.1,52.10456106742984,0.029083333333333333,0.8674481514878268,23,2.7891252159630238,0.141284514314205,2.1891252159630237,2.1701743281582813,1.0,C,0.0007692360412488597
apartment,C,30,800,0.02,0.05,0.2,,24,0.3,0.2,2.0,20,0,0.5989583333333334,0.596484375,0.8059895833333334,180.0,1.0,0.03333333333333333,51.803351710550245,0.021,0.8141592920353983,22,2.995769339426238,0.1805240574265877,2.395769339426238,2.3119776748386496,1.0,C,0.0007305818750000981
apartment,C,30,800,0.02,0.05,0.2,,25,0.3,0.2,2.0,20,0,0.7076822916666666,0.7060221354166665,0.8463541666666666,200.0,1.1333333333333333,0.3333333333333333,56.46205075617954,0.024416666666666666,0.9636524822695035,28,2.7064608234119443,0.0825066828880395,2.106460823411944,2.0991435110261674,1.0,C,0.0007312744787509473
apartment,C,30,800,0.02,0.05,0.2,,27,0.3,0.2,2.0,20,0,0.6080729166666666,0.6034830729166666,0.8053385416666666,180.0,0.9666666666666667,0.06666666666666667,51.63515376370269,0.022,0.8414414414414414,22,2.896762121075441,0.18527164764686616,2.2967621210754405,2.1373263904612863,1.0,C,0.0007157854687511644
apartment,C,30,800,0.02,0.05,0.2,,26,0.3,0.2,2.0,20,0,0.6067708333333334,0.6121419270833334,0.8072916666666666,180.0,0.9,0.06666666666666667,52.696908414642046,0.0215,0.8472727272727273,23,2.838124442144573,0.13775527730179896,2.238124442144573,2.1589390030850684,1.0,C,0.0007256189062513841
apartment,C,30,800,0.02,0.05,0.2,,28,0.3,0.2,2.0,20,0,0.6614583333333334,0.66474609375,0.8333333333333334,180.0,0.9666666666666667,0.1,54.33571441537605,0.020666666666666667,0.9136690647482014,25,2.775041599797986,0.13646616135934095,2.175041599797986,2.0650791987979358,1.0,C,0.0007306517712504501
apartment,C,30,800,0.02,0.05,0.2,,29,0.3,0.2,2.0,20,0,0.689453125,0.6917317708333333,0.806640625,200.0,1.1,0.06666666666666667,55.570665409972044,0.023708333333333335,0.9601087941976427,27,2.7752525158295502,0.13992349264345733,2.1752525158295506,2.103970905496624,1.0,C,0.0007496975000003659
apartment,C,60,800,0.02,0.05,0.2,,0,0.3,0.2,2.0,20,0,0.9388020833333334,0.91298828125,0.98828125,240.0,0.9166666666666666,0.21666666666666667,50.223631366396354,0.03145833333333333,1.0248756218905473,45,2.375747685145236,0.07819512656614241,1.7757476851452363,1.813692793777323,1.0,C,0.0012716457287501725
apartment,C,60,800,0.02,0.05,0.2,,1,0.3,0.2,2.0,20,0,0.9375,0.9113932291666668,0.984375,220.0,1.25,0.38333333333333336,51.96223543218742,0.03841666666666667,1.023454157782516,48,2.2748335476415793,0.11242188514150823,1.6748335476415794,1.6827931783907961,1.0,C,0.00128505041624976
apartment,C,60,800,0.02,0.05,0.2,,2,0.3,0.2,2.0,20,0,0.9049479166666666,0.8788736979166666,0.9661458333333334,220.0,0.8833333333333333,0.31666666666666665,50.94436248957991,0.030458333333333334,1.003610108303249,46,2.3363807492834927,0.08747239949187341,1.736380749283493,1.6994763557098396,1.0,C,0.0012858801037486955
apartment,C,60,800,0.02,0.05,0.2,,3,0.3,0.2,2.0,20,0,0.9134114583333334,0.8947265624999998,0.9759114583333334,240.0,1.0,0.26666666666666666,49.859491194953016,0.03575,1.000713266761769,45,2.3551215963410095,0.09676902038290376,1.7551215963410098,1.6842254084076465,1.0,C,0.0012849691662495388
apartment,C,60,800,0.02,0.05,0.2,,4,0.3,0.2,2.0,20,0,0.9147135416666666,0.9103515625000002,0.982421875,220.0,1.1333333333333333,0.2833333333333333,51.706882975743675,0.035083333333333334,0.9957476966690291,48,2.2637603616951076,0.11119796497924797,1.6637603616951075,1.674954623411732,1.0,C,0.0012902029162501095
apartment,C,60,800,0.02,0.05,0.2,,5,0.3,0.2,2.0,20,0,0.9309895833333334,0.9184244791666666,0.9889322916666666,200.0,1.2,0.45,53.76153102529149,0.0398125,1.0332369942196533,51,2.2125143355454373,0.10683549349773855,1.6125143355454372,1.5995107913409434,1.0,C,0.0013185506762488331
apartment,C,60,800,0.02,0.05,0.2,,8,0.3,0.2,2.0,20,0,0.8834635416666666,0.8588216145833334,0.9518229166666666,200.0,1.2166666666666666,0.21666666666666667,48.59580229560882,0.037125,0.9804913294797688,42,2.426967951745859,0.0866085914993213,1.8269679517458584,1.9121529241043937,1.0,C,0.0012340622400006396
apartment,C,60,800,0.02,0.05,0.2,,7,0.3,0.2,2.0,20,0,0.9407552083333334,0.9128580729166667,0.9856770833333334,240.0,1.0,0.23333333333333334,52.27994978890508,0.035479166666666666,1.0240963855421688,49,2.25686749010634,0.11123149583119193,1.65686749010634,1.6153929082739316,1.0,C,0.001311171093750545
apartment,C,60,800,0.02,0.05,0.2,,6,0.3,0.2,2.0,20,0,0.9342447916666666,0.9165039062500002,0.9817708333333334,220.0,1.0666666666666667,0.2833333333333333,50.952522743804664,0.03947916666666667,1.039855072463768,48,2.313187556243113,0.11968944512662517,1.7131875562431134,1.7817819341706334,1.0,C,0.0013944930200000271
apartment,C,60,800,0.02,0.05,0.2,,9,0.3,0.2,2.0,20,0,0.8951822916666666,0.8784830729166668,0.97265625,200.0,0.9833333333333333,0.2833333333333333,49.186000338573315,0.035645833333333335,0.9970993473531544,44,2.3347185855571713,0.14327272466259633,1.7347185855571714,1.690007872781913,1.0,C,0.0012557723949998944
apartment,C,60,800,0.02,0.05,0.2,,10,0.3,0.2,2.0,20,0,0.935546875,0.9203776041666666,0.9856770833333334,220.0,1.15,0.5333333333333333,53.04932929593163,0.035604166666666666,1.0055983205038488,50,2.2631922321554954,0.10728535841315859,1.6631922321554953,1.6413043176838698,1.0,C,0.001317019166249338
apartment,C,60,800,0.02,0.05,0.2,,12,0.3,0.2,2.0,20,0,0.85546875,0.8534830729166666,0.96875,240.0,1.25,0.23333333333333334,46.995266197621156,0.034479166666666665,0.9392423159399571,40,2.394628011663992,0.1344617535542641,1.7946280116639919,1.7939885702943927,1.0,C,0.0012454022400015675
apartment,C,60,800,0.02,0.05,0.2,,11,0.3,0.2,2.0,20,0,0.9485677083333334,0.9116861979166666,0.98828125,200.0,0.9166666666666666,0.5166666666666667,53.28952157410815,0.033625,1.0436962750716334,51,2.31786889462621,0.09316709585212939,1.71786889462621,1.704195581708273,1.0,C,0.0013242396350005947
apartment,C,60,800,0.02,0.05,0.2,,13,0.3,0.2,2.0,20,0,0.9309895833333334,0.9109374999999998,0.9850260416666666,200.0,1.1333333333333333,0.18333333333333332,50.75563126957159,0.04075,1.0377358490566038,47,2.339542427775333,0.11260955179361738,1.7395424277753335,1.771295077252904,1.0,C,0.0013364966149993051
apartment,C,60,800,0.02,0.05,0.2,,14,0.3,0.2,2.0,20,0,0.9290364583333334,0.9053385416666666,0.9765625,220.0,1.0166666666666666,0.18333333333333332,52.05858310576678,0.03377083333333333,1.0200142959256613,48,2.358844995975082,0.09986336328457594,1.7588449959750818,1.73905067081962,1.0,C,0.0013323722912491577
apartment,C,60,800,0.02,0.05,0.2,,15,0.3,0.2,2.0,20,0,0.9114583333333334,0.8897135416666666,0.962890625,200.0,0.8166666666666667,0.2833333333333333,51.274802857122104,0.035979166666666666,1.0294117647058825,48,2.2314599787090335,0.13007800393462216,1.6314599787090334,1.6993834525305287,1.0,C,0.0013312230212500253
apartment,C,60,800,0.02,0.05,0.2,,17,0.3,0.2,2.0,20,0,0.9361979166666666,0.9141927083333334,0.9811197916666666,240.0,1.0666666666666667,0.25,51.48483632274594,0.036375,1.004891684136967,46,2.3770806316235435,0.10402502095337438,1.7770806316235437,1.7940092429544017,1.0,C,0.001276416771249842
apartment,C,60,800,0.02,0.05,0.2,,16,0.3,0.2,2.0,20,0,0.9290364583333334,0.9209309895833332,0.9876302083333334,240.0,1.1666666666666667,0.4,52.228129105864646,0.0349375,1.0142146410803128,48,2.322942818755043,0.09782518565511304,1.7229428187550428,1.7289081680855116,1.0,C,0.0013235014587507977
apartment,C,60,800,0.02,0.05,0.2,,18,0.3,0.2,2.0,20,0,0.9498697916666666,0.943359375,0.9889322916666666,220.0,1.0666666666666667,0.5166666666666667,54.97006896653072,0.0283125,1.0376955903271692,54,2.1432953776654036,0.14681615154899463,1.5432953776654033,1.5359304869636743,1.0,C,0.0013727592700001879
apartment,C,60,800,0.02,0.05,0.2,,21,0.3,0.2,2.0,20,0,0.884765625,0.87177734375,0.9720052083333334,200.0,1.1333333333333333,0.26666666666666666,49.19566808100139,0.035333333333333335,0.9862119013062409,43,2.3520637502642816,0.12071069260246364,1.752063750264282,1.7862563284320427,1.0,C,0.0012791438537510657
apartment,C,60,800,0.02,0.05,0.2,,20,0.3,0.2,2.0,20,0,0.9153645833333334,0.8923502604166667,0.9791666666666666,240.0,1.25,0.31666666666666665,50.40742896775318,0.035833333333333335,1.0007117437722421,46,2.411331007073061,0.08730669960736537,1.8113310070730606,1.8764619282824113,1.0,C,0.0012964694274978682
apartment,C,60,800,0.02,0.05,0.2,,19,0.3,0.2,2.0,20,0,0.9427083333333334,0.9113606770833332,0.9856770833333334,260.0,1.1666666666666667,0.36666666666666664,52.711695150374354,0.0356875,1.0394831299353913,50,2.26055175743826,0.09930195730192565,1.6605517574382602,1.6489573509745146,1.0,C,0.0013334753637491304
apartment,C,60,800,0.02,0.05,0.2,,22,0.3,0.2,2.0,20,0,0.9212239583333334,0.912109375,0.9791666666666666,220.0,1.0833333333333333,0.23333333333333334,52.4448999517609,0.035666666666666666,1.0187185025197985,49,2.309285985959481,0.10402600278589627,1.709285985959481,1.7083951948347873,1.0,C,0.0013466224474996125
apartment,C,60,800,0.02,0.05,0.2,,23,0.3,0.2,2.0,20,0,0.947265625,0.93505859375,0.9908854166666666,240.0,1.15,0.23333333333333334,54.95953419492705,0.03741666666666667,1.0260930888575457,53,2.1790176670698793,0.1175595290049229,1.5790176670698794,1.6130177682609834,1.0,C,0.0013447588537496813
apartment,C,60,800,0.02,0.05,0.2,,25,0.3,0.2,2.0,20,0,0.9342447916666666,0.919921875,0.9876302083333334,220.0,1.15,0.18333333333333332,52.23460490928553,0.0331875,1.0162889518413596,49,2.3068939295977784,0.10162511565783792,1.706893929597778,1.7284970050288595,1.0,C,0.0013327822912492593
apartment,C,60,800,0.02,0.05,0.2,,24,0.3,0.2,2.0,20,0,0.9329427083333334,0.9193033854166666,0.982421875,220.0,1.1333333333333333,0.4,52.112811358851665,0.03816666666666667,1.0257695060844667,49,2.2673234960835313,0.11707401643534061,1.6673234960835313,1.7493841283906875,1.0,C,0.0013679961975003607
apartment,C,60,800,0.02,0.05,0.2,,26,0.3,0.2,2.0,20,0,0.9459635416666666,0.92646484375,0.9869791666666666,200.0,0.9833333333333333,0.3,52.32562204174732,0.036291666666666667,1.0598103574033553,50,2.2572519798734976,0.1369912109510475,1.657251979873497,1.6412413399969177,1.0,C,0.0013462813549995189
apartment,C,60,800,0.02,0.05,0.2,,27,0.3,0.2,2.0,20,0,0.9010416666666666,0.8998046875,0.98046875,220.0,1.0666666666666667,0.23333333333333334,50.006053855033585,0.03202083333333333,0.9949676491732565,45,2.3815152046691637,0.10422083423462689,1.781515204669163,1.7326547474389984,1.0,C,0.001295410781249302
apartment,C,60,800,0.02,0.05,0.2,,28,0.3,0.2,2.0,20,0,0.912109375,0.88349609375,0.9609375,240.0,1.0666666666666667,0.21666666666666667,51.58180912435834,0.03870833333333333,0.9992867332382311,47,2.3155083005807158,0.111978065845544,1.7155083005807168,1.7921841362404445,1.0,C,0.0012965386974997273
apartment,C,60,800,0.02,0.05,0.2,,29,0.3,0.2,2.0,20,0,0.9322916666666666,0.9299479166666667,0.9895833333333334,260.0,1.1166666666666667,0.31666666666666665,52.53495852847391,0.036041666666666666,0.9937543372657877,49,2.308249006887444,0.10395800274489482,1.7082490068874436,1.6891628756331425,1.0,C,0.0013093326050011456
apartment,C,90,800,0.02,0.05,0.2,,0,0.3,0.2,2.0,20,0,0.9973958333333334,0.98671875,1.0,240.0,1.4444444444444444,0.3,49.346208560255235,0.07708333333333334,1.0261219022103147,80,1.8651961096657352,0.17466563904775947,1.2651961096657351,1.3296859228940927,1.0,C,0.0023672531249985694
apartment,C,90,800,0.02,0.05,0.2,,1,0.3,0.2,2.0,20,0,0.9856770833333334,0.9725260416666666,0.9973958333333334,240.0,1.5333333333333334,0.3888888888888889,46.85084442816264,0.08308333333333333,1.034153005464481,70,2.0332424430627287,0.12179919683946791,1.4332424430627289,1.4012986466718649,1.0,C,0.002282030312499046
apartment,C,90,800,0.02,0.05,0.2,,4,0.3,0.2,2.0,20,0,0.9837239583333334,0.9653645833333334,0.998046875,260.0,1.5222222222222221,0.32222222222222224,46.295249142665945,0.08434722222222223,1.0251017639077342,69,2.015652180443701,0.12616059029442106,1.4156521804437012,1.4811209190189132,1.0,C,0.002265828125000553
apartment,C,90,800,0.02,0.05,0.2,,5,0.3,0.2,2.0,20,0,0.9947916666666666,0.9724934895833334,0.9986979166666666,220.0,1.6333333333333333,0.32222222222222224,48.3729411626585,0.08730555555555555,1.0359322033898304,77,1.889534275180255,0.14123917086170973,1.289534275180255,1.3502175390186273,1.0,C,0.002348543697498826
apartment,C,90,800,0.02,0.05,0.2,,3,0.3,0.2,2.0,20,0,0.9967447916666666,0.9784505208333332,0.9993489583333334,240.0,1.511111111111111,0.4,47.617572902003225,0.08416666666666667,1.0358592692828146,75,1.8999654042235072,0.135458558906279,1.2999654042235074,1.2528332386121241,1.0,C,0.0024187379687509746
apartment,C,90,800,0.02,0.05,0.2,,2,0.3,0.2,2.0,20,0,0.9713541666666666,0.9414388020833332,0.9876302083333334,260.0,1.4777777777777779,0.23333333333333334,44.151763427202546,0.10615277777777778,1.0462833099579243,73,1.9105805157630926,0.16964057607478103,1.3105805157630928,1.2407694043457291,1.0,C,0.0025309448962502756
apartment,C,90,800,0.02,0.05,0.2,,8,0.3,0.2,2.0,20,0,0.9921875,0.9767578125,0.9993489583333334,260.0,1.3333333333333333,0.28888888888888886,47.337662895767636,0.08547222222222223,1.0381471389645778,75,1.9542799606699062,0.12051154225539519,1.3542799606699063,1.34495756559095,1.0,C,0.002320555573751335
apartment,C,90,800,0.02,0.05,0.2,,7,0.3,0.2,2.0,20,0,0.9830729166666666,0.9424153645833334,0.9915364583333334,280.0,1.6444444444444444,0.36666666666666664,43.785187317903485,0.098,1.0500695410292071,67,2.008226536046157,0.13082202107551272,1.4082265360461563,1.3882918263435755,1.0,C,0.0023506598962512726
apartment,C,90,800,0.02,0.05,0.2,,6,0.3,0.2,2.0,20,0,0.9889322916666666,0.9478841145833334,0.9928385416666666,240.0,1.511111111111111,0.2777777777777778,48.197147174927196,0.08940277777777778,1.0592747559274756,79,1.7879692251335562,0.19732306367924735,1.1879692251335559,1.2306363401143,1.0,C,0.002495445728748109
apartment,C,90,800,0.02,0.05,0.2,,9,0.3,0.2,2.0,20,0,0.9876302083333334,0.9539713541666666,0.9928385416666666,260.0,1.6444444444444444,0.18888888888888888,44.15142968634849,0.08818055555555555,1.0256930358350238,64,2.1085547601405565,0.10936544941203796,1.508554760140557,1.486250276557246,1.0,C,0.002267576718750206
apartment,C,90,800,0.02,0.05,0.2,,10,0.3,0.2,2.0,20,0,0.9947916666666666,0.9562174479166667,0.99609375,260.0,1.6333333333333333,0.3333333333333333,48.025019857555264,0.08606944444444445,1.0581717451523547,77,1.9281304287608911,0.16513763363933456,1.328130428760892,1.333522667974247,1.0,C,0.002378810521249761
apartment,C,90,800,0.02,0.05,0.2,,12,0.3,0.2,2.0,20,0,0.9986979166666666,0.9840169270833334,1.0,280.0,1.3444444444444446,0.3333333333333333,47.99184347296622,0.073375,1.0456714383094752,73,1.950715429824023,0.14718100429938752,1.3507154298240232,1.4143744542136734,1.0,C,0.0022551619262503662
apartment,C,90,800,0.02,0.05,0.2,,11,0.3,0.2,2.0,20,0,0.9837239583333334,0.95517578125,0.9934895833333334,240.0,1.5555555555555556,0.26666666666666666,45.51060728767358,0.10063888888888889,1.0427881297446515,72,1.973659003655497,0.14861755439494634,1.373659003655497,1.399795469001518,1.0,C,0.002394026823751574
apartment,C,90,800,0.02,0.05,0.2,,13,0.3,0.2,2.0,20,0,0.9915364583333334,0.9808919270833332,0.9986979166666666,260.0,1.3555555555555556,0.3,49.02556854902385,0.07938888888888888,1.0283592167454423,77,1.9407758071615746,0.12147216820345154,1.3407758071615745,1.2849771799639846,1.0,C,0.002308016718750423
apartment,C,90,800,0.02,0.05,0.2,,14,0.3,0.2,2.0,20,0,0.9928385416666666,0.9777018229166667,0.9973958333333334,260.0,1.5,0.3888888888888889,47.08099030390467,0.086375,1.0388283378746594,73,1.922166918518225,0.14953198862081551,1.322166918518225,1.3277974951055014,1.0,C,0.002381519999999
apartment,C,90,800,0.02,0.05,0.2,,16,0.3,0.2,2.0,20,0,0.9928385416666666,0.9776692708333334,0.9993489583333334,280.0,1.6444444444444444,0.4,48.38888982255413,0.08802777777777777,1.0338983050847457,75,1.8750576291306011,0.1529258597692468,1.275057629130601,1.3163114594180785,1.0,C,0.002350091042499116
apartment,C,90,800,0.02,0.05,0.2,,17,0.3,0.2,2.0,20,0,0.9837239583333334,0.9629557291666666,0.9928385416666666,240.0,1.5222222222222221,0.4111111111111111,47.37588801371972,0.07655555555555556,1.0493055555555555,72,1.9210621213059165,0.1329941907368894,1.3210621213059166,1.352628811789973,1.0,C,0.0022617146350012263
apartment,C,90,800,0.02,0.05,0.2,,15,0.3,0.2,2.0,20,0,0.9928385416666666,0.975,0.998046875,260.0,1.3777777777777778,0.4,47.534584931110324,0.09259722222222222,1.0338983050847457,77,1.8861984910757894,0.1649961083426229,1.2861984910757889,1.3025390143429298,1.0,C,0.0023916942187497624
apartment,C,90,800,0.02,0.05,0.2,,18,0.3,0.2,2.0,20,0,0.9713541666666666,0.9265625,0.990234375,260.0,1.8222222222222222,0.28888888888888886,44.278412234397244,0.09913888888888889,1.0353920888272032,69,1.9714668209935347,0.15691545168560656,1.3714668209935346,1.361140439429588,1.0,C,0.0024320866662492337
apartment,C,90,800,0.02,0.05,0.2,,19,0.3,0.2,2.0,20,0,0.994140625,0.97119140625,1.0,260.0,1.6333333333333333,0.3333333333333333,45.187505479324244,0.09488888888888888,1.0352542372881355,69,2.0129750928299455,0.1478473316445811,1.4129750928299458,1.4681529342193826,1.0,C,0.0023007564575004834
apartment,C,90,800,0.02,0.05,0.2,,21,0.3,0.2,2.0,20,0,0.9876302083333334,0.9614583333333332,0.9967447916666666,220.0,1.5,0.28888888888888886,48.09678156878963,0.08256944444444445,1.0578800557880057,74,1.9251138783193558,0.16220005080863986,1.325113878319356,1.3104350213131704,1.0,C,0.0023115018750013406
apartment,C,90,800,0.02,0.05,0.2,,20,0.3,0.2,2.0,20,0,0.9856770833333334,0.9661132812499998,0.9947916666666666,220.0,1.6,0.32222222222222224,45.801080955348375,0.09422222222222222,1.0654468684025333,72,1.9307587548427003,0.14999019270522115,1.3307587548427007,1.317619006835065,1.0,C,0.0023920620837498065
apartment,C,90,800,0.02,0.05,0.2,,22,0.3,0.2,2.0,20,0,0.98828125,0.9705403645833334,0.9954427083333334,240.0,1.7666666666666666,0.25555555555555554,46.37258077291023,0.09179166666666666,1.0390143737166324,70,1.9807133363565568,0.11166289643845356,1.3807133363565562,1.3727360865491218,1.0,C,0.0023181157812496166
apartment,C,90,800,0.02,0.05,0.2,,23,0.3,0.2,2.0,20,0,0.9713541666666666,0.9556640625,0.9934895833333334,220.0,1.511111111111111,0.3333333333333333,47.057224607473614,0.0968611111111111,1.0346740638002774,78,1.8436438178052674,0.17827642178144507,1.2436438178052673,1.2500312174842951,1.0,C,0.002434156353749586
apartment,C,90,800,0.02,0.05,0.2,,26,0.3,0.2,2.0,20,0,0.9720052083333334,0.9610026041666666,0.994140625,240.0,1.4777777777777779,0.35555555555555557,45.09926690044561,0.07830555555555556,1.006064690026954,62,2.0636431328232785,0.11371347003355249,1.4636431328232784,1.4701553133183025,1.0,C,0.0022408239587502978
apartment,C,90,800,0.02,0.05,0.2,,24,0.3,0.2,2.0,20,0,0.9817708333333334,0.9555013020833332,0.9934895833333334,260.0,1.6,0.35555555555555557,45.45969106573594,0.09019444444444444,1.0357142857142858,70,1.9645213553364662,0.1423412077985297,1.3645213553364657,1.3412537325877367,1.0,C,0.00233784599000046
apartment,C,90,800,0.02,0.05,0.2,,25,0.3,0.2,2.0,20,0,0.9895833333333334,0.96259765625,0.99609375,260.0,1.4666666666666666,0.4888888888888889,45.64040770157888,0.09730555555555556,1.0644257703081232,73,1.9496162307936427,0.11815434030097796,1.3496162307936428,1.3146176835158339,1.0,C,0.0024250159375014844
apartment,C,90,800,0.02,0.05,0.2,,27,0.3,0.2,2.0,20,0,0.9869791666666666,0.9730143229166668,0.994140625,240.0,1.4111111111111112,0.3333333333333333,46.580460083629795,0.07877777777777778,1.0291921249151392,71,1.9673901402153078,0.16000048954761678,1.367390140215308,1.3986510324639259,1.0,C,0.0022383468225007164
apartment,C,90,800,0.02,0.05,0.2,,28,0.3,0.2,2.0,20,0,0.9934895833333334,0.9791341145833332,0.9986979166666666,220.0,1.3555555555555556,0.4,48.660592136979176,0.07918055555555556,1.0538674033149171,76,1.865972930954785,0.1471103312939441,1.2659729309547851,1.300263123953651,1.0,C,0.002255571146249622
apartment,C,90,800,0.02,0.05,0.2,,29,0.3,0.2,2.0,20,0,0.9563802083333334,0.9215820312499998,0.986328125,260.0,1.5555555555555556,0.3111111111111111,43.57456950522982,0.08709722222222223,0.994583615436696,66,1.9821813213954989,0.1384126117095631,1.382181321395499,1.3231816140608077,1.0,C,0.0022858595312482068
apartment,C,120,800,0.02,0.05,0.2,,0,0.3,0.2,2.0,20,0,0.98828125,0.9649739583333334,0.9954427083333334,200.0,2.1416666666666666,0.275,41.90608081281691,0.1291875,1.0490670352453353,97,1.6329375186448065,0.23771311016062552,1.0329375186448067,1.0420941143822557,1.0,C,0.0038994162500011953
apartment,C,120,800,0.02,0.05,0.2,,1,0.3,0.2,2.0,20,0,0.9954427083333334,0.9778645833333334,0.9993489583333334,260.0,2.2416666666666667,0.4583333333333333,41.38141872929711,0.13905208333333333,1.0581314878892734,96,1.6502320218196367,0.2310158753329157,1.0502320218196368,1.0825456212127085,1.0,C,0.003986949375000676
apartment,C,120,800,0.02,0.05,0.2,,2,0.3,0.2,2.0,20,0,0.9928385416666666,0.9768229166666668,0.9986979166666666,260.0,2.091666666666667,0.35833333333333334,41.92779491766722,0.1311875,1.032498307379824,96,1.6647150832291586,0.23079965195111782,1.064715083229159,1.1431035153173452,1.0,C,0.0038062930737487476
apartment,C,120,800,0.02,0.05,0.2,,5,0.3,0.2,2.0,20,0,0.99609375,0.9760091145833332,1.0,260.0,2.2416666666666667,0.275,40.59672893928939,0.141875,1.0372881355932202,92,1.7031565170271634,0.19853650741116416,1.1031565170271633,1.1195552634125685,1.0,C,0.00387883755249959
apartment,C,120,800,0.02,0.05,0.2,,3,0.3,0.2,2.0,20,0,0.9986979166666666,0.9861979166666668,1.0,240.0,2.125,0.45,42.57483511710307,0.14876041666666667,1.0449591280653951,102,1.599295941239522,0.23886143770669827,0.9992959412395217,0.9585092955921225,1.0,C,0.004118767031250172
apartment,C,120,800,0.02,0.05,0.2,,4,0.3,0.2,2.0,20,0,0.9895833333333334,0.9688151041666666,0.9967447916666666,220.0,2.25,0.2833333333333333,40.76529647766952,0.15220833333333333,1.0432395332875772,99,1.6385479768487992,0.24582219256683038,1.0385479768487993,1.1188015390120936,1.0,C,0.004141964218749763
apartment,C,120,800,0.02,0.05,0.2,,6,0.3,0.2,2.0,20,0,0.9954427083333334,0.9779622395833334,0.9986979166666666,260.0,2.1166666666666667,0.2833333333333333,41.97361142095843,0.14001041666666666,1.0345060893098783,99,1.5976953409805739,0.24226779608611415,0.9976953409805736,1.0174847997535572,1.0,C,0.0039527072400005634
apartment,C,120,800,0.02,0.05,0.2,,7,0.3,0.2,2.0,20,0,1.0,0.9899088541666667,1.0,240.0,1.8666666666666667,0.275,41.972023645641436,0.12453125,1.0281124497991967,92,1.691793976740129,0.1822980946912978,1.0917939767401295,1.1310298767474112,1.0,C,0.003668684583749382
apartment,C,120,800,0.02,0.05,0.2,,8,0.3,0.2,2.0,20,0,0.9986979166666666,0.9774739583333334,1.0,220.0,2.066666666666667,0.23333333333333334,40.49724214184404,0.14297916666666666,1.0357866306549628,95,1.6582663175971097,0.21929901258438397,1.05826631759711,1.0944200514973472,1.0,C,0.004002388958749634
apartment,C,120,800,0.02,0.05,0.2,,11,0.3,0.2,2.0,20,0,0.9973958333333334,0.9770182291666666,0.9993489583333334,220.0,2.058333333333333,0.3,42.09705946313705,0.12983333333333333,1.0624133148404993,95,1.6680100539285458,0.1981457059869452,1.068010053928546,1.0768584269077728,1.0,C,0.003759379427501699
apartment,C,120,800,0.02,0.05,0.2,,9,0.3,0.2,2.0,20,0,0.9869791666666666,0.9634440104166668,0.99609375,220.0,2.125,0.25,40.548981667628354,0.16277083333333334,1.0623686054660126,100,1.5594389972241713,0.2628702922888723,0.9594389972241716,0.9807756879754128,0.98,C,0.004210759011250502
apartment,C,120,800,0.02,0.05,0.2,,10,0.3,0.2,2.0,20,0,0.9889322916666666,0.9459635416666667,0.9947916666666666,260.0,2.3,0.30833333333333335,40.62777547236657,0.15861458333333334,1.0361527967257844,95,1.6516878108423145,0.24018321337307352,1.051687810842315,1.130914202975236,1.0,C,0.004130357291248856
apartment,C,120,800,0.02,0.05,0.2,,12,0.3,0.2,2.0,20,0,0.9947916666666666,0.9819010416666668,0.9993489583333334,180.0,2.283333333333333,0.26666666666666666,40.51489420551658,0.13559375,1.0685314685314684,90,1.7267422703182649,0.21165004400638182,1.1267422703182648,1.0727261027766863,1.0,C,0.003768183541249073
apartment,C,120,800,0.02,0.05,0.2,,13,0.3,0.2,2.0,20,0,0.9947916666666666,0.9655273437500002,0.998046875,220.0,2.1333333333333333,0.3,41.33425419994595,0.13394791666666667,1.0394557823129251,91,1.6943836914197965,0.19121209035243483,1.0943836914197969,1.1165930343681931,1.0,C,0.003778082968749459
apartment,C,120,800,0.02,0.05,0.2,,14,0.3,0.2,2.0,20,0,0.9928385416666666,0.9667643229166668,0.99609375,220.0,2.033333333333333,0.26666666666666666,40.850983575123585,0.15569791666666666,1.0823278921220723,99,1.564504945728481,0.292424712244391,0.9645049457284808,1.0621698661180665,0.9797979797979798,C,0.0040930381249995665
apartment,C,120,800,0.02,0.05,0.2,,15,0.3,0.2,2.0,20,0,0.998046875,0.9740234375,1.0,240.0,2.125,0.2833333333333333,41.494482397601956,0.14015625,1.0386178861788617,100,1.624210346517543,0.24280275516497474,1.0242103465175432,1.0637071076326972,1.0,C,0.003930636093748489
apartment,C,120,800,0.02,0.05,0.2,,16,0.3,0.2,2.0,20,0,0.9921875,0.9681640625,0.998046875,260.0,2.441666666666667,0.225,39.93713054524222,0.15290625,1.0276466621712745,90,1.7210241726647493,0.21975486480651665,1.1210241726647492,1.1607617961268675,1.0,C,0.004036395625000751
apartment,C,120,800,0.02,0.05,0.2,,17,0.3,0.2,2.0,20,0,0.9954427083333334,0.9802083333333333,0.9986979166666666,260.0,1.9916666666666667,0.2,43.22201001295257,0.12329166666666666,1.0338066260987153,99,1.6356936895922354,0.19970404788326307,1.0356936895922353,1.043040184382288,1.0,C,0.003766179843748887
apartment,C,120,800,0.02,0.05,0.2,,18,0.3,0.2,2.0,20,0,0.9934895833333334,0.9706705729166668,0.9986979166666666,220.0,2.075,0.21666666666666667,42.080802386586896,0.14171875,1.0255376344086022,100,1.6471190590727323,0.22783702316375942,1.047119059072732,1.1047477209983378,1.0,C,0.0041609585937499105
apartment,C,120,800,0.02,0.05,0.2,,20,0.3,0.2,2.0,20,0,0.9850260416666666,0.9608723958333332,0.9934895833333334,240.0,2.191666666666667,0.3,40.78731156630183,0.15304166666666666,1.0320600272851295,95,1.604577446895045,0.26674517119844027,1.0045774468950452,1.0131437470085176,1.0,C,0.003961516093750106
apartment,C,120,800,0.02,0.05,0.2,,19,0.3,0.2,2.0,20,0,0.998046875,0.9841471354166668,0.9993489583333334,220.0,2.05,0.30833333333333335,42.49479247271112,0.14047916666666665,1.0435670524166099,105,1.5564686656431983,0.23344526789878692,0.9564686656431988,0.9984576340261019,1.0,C,0.0039910338024992595
apartment,C,120,800,0.02,0.05,0.2,,22,0.3,0.2,2.0,20,0,0.9986979166666666,0.9876302083333333,1.0,260.0,2.216666666666667,0.31666666666666665,42.946010935031374,0.13940625,1.0295302013422818,99,1.6105446255585811,0.20579006490694962,1.0105446255585815,1.0135773418170992,1.0,C,0.00388940609374913
apartment,C,120,800,0.02,0.05,0.2,,21,0.3,0.2,2.0,20,0,0.9954427083333334,0.9763997395833333,0.9986979166666666,220.0,2.225,0.3,41.66995584326599,0.15373958333333335,1.035206499661476,100,1.6078256112351508,0.23173755479428113,1.0078256112351505,1.0258225629017517,1.0,C,0.004051608384997962
apartment,C,120,800,0.02,0.05,0.2,,23,0.3,0.2,2.0,20,0,0.9947916666666666,0.9461588541666666,0.9973958333333334,260.0,1.875,0.225,40.40161158052548,0.14042708333333334,1.0394557823129251,93,1.6482013718720332,0.2173449084555115,1.048201371872033,1.0354454700845688,1.0,C,0.003875835103749523
rubble,C,10,800,0.02,0.05,0.2,,0,0.3,0.2,2.0,20,0,0.24022346368715083,0.24043296089385474,0.38687150837988826,80.0,0.5,0.1,52.47887341343727,0.005,0.8888888888888888,8,3.4822852959275745,0.20636700736718558,2.882285295927574,2.6946028803751303,1.0,C,0.00048036187499974405
rubble,C,10,800,0.02,0.05,0.2,,1,0.3,0.2,2.0,20,0,0.23952513966480446,0.23903631284916202,0.3931564245810056,160.0,0.6,0.0,52.41178325507252,0.0035,0.8225419664268585,8,3.3261402421801076,0.17470416088593616,2.726140242180108,2.5917103008586313,1.0,C,0.00047008895875023883
rubble,C,10,800,0.02,0.05,0.2,,2,0.3,0.2,2.0,20,0,0.19832402234636873,0.19958100558659217,0.36662011173184356,100.0,0.7,0.3,49.02875425000313,0.006375,0.7153652392947103,7,3.0572437215599693,0.23102744164734043,2.4572437215599696,2.1872267567874477,1.0,C,0.00047679479250064107
rubble,C,10,800,0.02,0.05,0.2,,3,0.3,0.2,2.0,20,0,0.29329608938547486,0.2945879888268156,0.4350558659217877,180.0,0.7,0.1,56.50577164693544,0.00375,0.995260663507109,10,3.425910548074121,0.3446892876296324,2.825910548074121,2.4475326427577633,1.0,C,0.00047075052000081994
rubble,C,10,800,0.02,0.05,0.2,,4,0.3,0.2,2.0,20,0,0.24930167597765363,0.24993016759776535,0.42807262569832405,140.0,0.0,0.0,52.47075056391158,0.002625,0.8520286396181385,8,3.909884143401106,0.4027472275183106,3.3098841434011064,2.651374732624899,1.0,C,0.00047753302124874607
apartment,C,120,800,0.02,0.05,0.2,,24,0.3,0.2,2.0,20,0,0.9915364583333334,0.9707356770833332,0.9954427083333334,280.0,2.2333333333333334,0.275,40.59611808649903,0.16423958333333333,1.0339443312966734,97,1.621593024224847,0.24580303218416336,1.0215930242248468,1.0765607394999464,1.0,C,0.004081645521250721
rubble,C,10,800,0.02,0.05,0.2,,5,0.3,0.2,2.0,20,0,0.2520949720670391,0.2505935754189944,0.3791899441340782,80.0,0.5,0.4,56.17065771870108,0.00425,0.8957816377171216,9,3.1183715030776034,0.2268158141112775,2.5183715030776037,2.2663766169411326,1.0,C,0.0004975183850001486
rubble,C,10,800,0.02,0.05,0.2,,6,0.3,0.2,2.0,20,0,0.2681564245810056,0.26316340782122905,0.4001396648044693,80.0,0.3,0.0,56.14371251640902,0.0045,1.0052356020942408,9,3.2922699704320735,0.45484696599413843,2.6922699704320734,2.1944870080594208,1.0,C,0.00048126776124945536
apartment,C,120,800,0.02,0.05,0.2,,26,0.3,0.2,2.0,20,0,0.9967447916666666,0.98544921875,1.0,220.0,2.075,0.30833333333333335,42.65521555847499,0.12672916666666667,1.0323668240053945,97,1.563749763998004,0.2534692007967935,0.9637497639980037,0.8925727807556859,1.0,C,0.0037861289587499416
rubble,C,10,800,0.02,0.05,0.2,,7,0.3,0.2,2.0,20,0,0.21368715083798884,0.2144553072625698,0.40782122905027934,140.0,0.2,0.2,49.67291571594381,0.004,0.7574257425742574,7,3.8296531120945505,0.38020533099818715,3.22965311209455,2.7202760425566086,1.0,C,0.0004744313537480593
apartment,C,120,800,0.02,0.05,0.2,,25,0.3,0.2,2.0,20,0,0.998046875,0.97841796875,0.9993489583333334,280.0,2.125,0.2916666666666667,41.47493273825683,0.14209375,1.0247326203208555,98,1.6416595819822848,0.21813468603388705,1.041659581982285,1.0738494244153114,1.0,C,0.004029253646249345
rubble,C,10,800,0.02,0.05,0.2,,8,0.3,0.2,2.0,20,0,0.23184357541899442,0.22915502793296091,0.4029329608938548,140.0,0.6,0.3,52.771580486430274,0.004,0.8077858880778589,8,3.0421889249814518,0.12829142952729183,2.4421889249814517,2.534321067921727,1.0,C,0.0004966764062487528
rubble,C,10,800,0.02,0.05,0.2,,9,0.3,0.2,2.0,20,0,0.2814245810055866,0.2766061452513967,0.3861731843575419,80.0,0.8,0.2,57.827738464846405,0.00325,1.0359897172236503,10,3.268029068275638,0.31174262566868177,2.6680290682756382,2.2832196657191477,1.0,C,0.00048236573000167484
rubble,C,10,800,0.02,0.05,0.2,,10,0.3,0.2,2.0,20,0,0.2744413407821229,0.2721717877094972,0.3987430167597765,140.0,0.5,0.2,55.2662565140936,0.006375,0.9632352941176471,9,3.4268037632090906,0.15979411188127307,2.8268037632090905,2.5167131017403346,1.0,C,0.0005061975512512618
rubble,C,10,800,0.02,0.05,0.2,,11,0.3,0.2,2.0,20,0,0.23114525139664804,0.23072625698324017,0.35544692737430167,100.0,0.1,0.2,52.815844484524824,0.00175,0.8422391857506362,8,2.914986706733197,0.2496466714207511,2.3149867067331966,2.0846455973164035,1.0,C,0.00048272041625068595
rubble,C,10,800,0.02,0.05,0.2,,12,0.3,0.2,2.0,20,0,0.22695530726256982,0.2313198324022346,0.39455307262569833,140.0,0.2,0.1,52.97827201047469,0.001875,0.8227848101265822,8,3.0355968489067555,0.2238141815430272,2.435596848906756,2.0834583512680718,1.0,C,0.0005015541137504443
rubble,C,10,800,0.02,0.05,0.2,,13,0.3,0.2,2.0,20,0,0.1941340782122905,0.19224860335195532,0.3952513966480447,140.0,0.2,0.0,46.26983546788453,0.00125,0.6847290640394088,6,4.307515537944254,0.21756616022473427,3.707515537944254,3.6400908789812934,1.0,C,0.00047764734374823093
rubble,C,10,800,0.02,0.05,0.2,,14,0.3,0.2,2.0,20,0,0.17527932960893855,0.17629189944134077,0.4092178770949721,140.0,0.3,0.6,45.181143905176256,0.0065,0.5905882352941176,6,3.337365182465721,0.3813337425216828,2.737365182465721,2.2091713527169685,1.0,C,0.0004718775512492357
rubble,C,10,800,0.02,0.05,0.2,,15,0.3,0.2,2.0,20,0,0.25837988826815644,0.25219972067039104,0.3924581005586592,100.0,0.4,0.5,54.84721632084462,0.004,0.9487179487179489,9,3.233114880158041,0.23375409020148116,2.633114880158041,2.3692727701510887,1.0,C,0.0005043196349993195
rubble,C,10,800,0.02,0.05,0.2,,17,0.3,0.2,2.0,20,0,0.20879888268156424,0.20897346368715083,0.35893854748603354,100.0,0.1,0.1,49.321980814834106,0.001625,0.7531486146095717,7,3.483605846289728,0.2884248881500514,2.8836058462897283,2.786079641091463,1.0,C,0.0004811785937499735
rubble,C,10,800,0.02,0.05,0.2,,16,0.3,0.2,2.0,20,0,0.2604748603351955,0.2571927374301676,0.39664804469273746,100.0,0.5,0.0,54.96525207758354,0.005125,0.9232673267326732,9,2.9668098121227984,0.11250703873260952,2.366809812122798,2.4826975353231844,1.0,C,0.0004932321349997437
rubble,C,10,800,0.02,0.05,0.2,,18,0.3,0.2,2.0,20,0,0.21089385474860337,0.2036312849162011,0.37988826815642457,100.0,1.0,0.1,49.554294820693954,0.0045,0.7587939698492462,7,3.408536743543344,0.18551182632781696,2.808536743543345,2.6271820246367295,1.0,C,0.0004837354687515472
rubble,C,10,800,0.02,0.05,0.2,,19,0.3,0.2,2.0,20,0,0.24860335195530725,0.24671787709497206,0.3959497206703911,100.0,0.1,0.2,51.5231137812806,0.002875,0.8811881188118811,8,3.5034167632697524,0.14993511575097043,2.9034167632697523,2.7862820028839885,1.0,C,0.0004986183849996451
rubble,C,10,800,0.02,0.05,0.2,,20,0.3,0.2,2.0,20,0,0.21438547486033518,0.21110335195530724,0.4001396648044693,120.0,0.8,0.0,50.64038477154199,0.005125,0.7309523809523809,7,3.450056245263713,0.18688079198702717,2.8500562452637133,2.5779973130240963,1.0,C,0.0004795346874993811
rubble,C,10,800,0.02,0.05,0.2,,21,0.3,0.2,2.0,20,0,0.18505586592178772,0.18303072625698324,0.43435754189944137,140.0,1.1,0.2,47.103978430278445,0.006125,0.5955056179775281,6,3.6489041353297584,0.3091398674806433,3.048904135329758,2.76897684484104,1.0,C,0.0004968643225015513
rubble,C,10,800,0.02,0.05,0.2,,22,0.3,0.2,2.0,20,0,0.26675977653631283,0.26316340782122905,0.43575418994413406,260.0,0.5,0.3,53.14840210980204,0.007,0.9227053140096617,9,3.6504672855251923,0.39195830535849757,3.0504672855251926,2.4212109471459136,1.0,C,0.0004691807287485972
rubble,C,10,800,0.02,0.05,0.2,,24,0.3,0.2,2.0,20,0,0.16061452513966482,0.15624999999999997,0.4238826815642458,180.0,1.0,0.2,43.462312328343444,0.00725,0.5476190476190477,5,4.816735208075934,0.6189574583953942,4.216735208075933,3.284110292330984,1.0,C,0.0004714730725004301
rubble,C,10,800,0.02,0.05,0.2,,25,0.3,0.2,2.0,20,0,0.18156424581005587,0.18037709497206703,0.388268156424581,120.0,0.3,0.1,47.56614586273024,0.00475,0.6718346253229974,6,3.8144853485067256,0.35512287713014096,3.2144853485067255,2.7940136679300487,1.0,C,0.0004547720825007673
rubble,C,10,800,0.02,0.05,0.2,,23,0.3,0.2,2.0,20,0,0.2569832402234637,0.25942737430167595,0.3931564245810056,140.0,0.4,0.0,55.55051715272863,0.003625,0.8910411622276029,9,3.072810044937592,0.24294309191124694,2.472810044937592,2.372209189957646,1.0,C,0.0005343137499994555
rubble,C,10,800,0.02,0.05,0.2,,26,0.3,0.2,2.0,20,0,0.17597765363128492,0.178177374301676,0.3889664804469274,80.0,0.8,0.1,47.63441571012302,0.005625,0.628428927680798,6,3.703050476198191,0.33080092683831996,3.1030504761981903,2.5984899120962046,1.0,C,0.00047848052125118554
rubble,C,10,800,0.02,0.05,0.2,,27,0.3,0.2,2.0,20,0,0.2346368715083799,0.22657122905027932,0.3861731843575419,100.0,0.1,0.3,52.77252206050442,0.00375,0.8888888888888888,8,3.1636330332637517,0.28999697490849086,2.563633033263752,2.231771137471396,1.0,C,0.000498578281249138
rubble,C,10,800,0.02,0.05,0.2,,28,0.3,0.2,2.0,20,0,0.2702513966480447,0.2658519553072626,0.3952513966480447,140.0,0.6,0.1,53.744504149551425,0.004125,0.937046004842615,9,3.230212610703158,0.12973188198187188,2.630212610703158,2.438412985045132,1.0,C,0.0004926105725007801
rubble,C,10,800,0.02,0.05,0.2,,29,0.3,0.2,2.0,20,0,0.24371508379888268,0.23952513966480443,0.3645251396648045,140.0,0.4,0.1,52.616826695507314,0.003875,0.8491484184914841,8,3.240268825436483,0.23862797074856107,2.6402688254364834,2.324384232587067,1.0,C,0.0004916269275008745
rubble,C,30,800,0.02,0.05,0.2,,0,0.3,0.2,2.0,20,0,0.49511173184357543,0.4935055865921788,0.6375698324022346,220.0,1.0333333333333334,0.5333333333333333,48.745309320606864,0.024166666666666666,0.8940731399747793,21,2.727279244855995,0.36878087176361346,2.1272792448559943,1.6596108110411647,1.0,C,0.0007174059375006436
rubble,C,30,800,0.02,0.05,0.2,,1,0.3,0.2,2.0,20,0,0.5097765363128491,0.5147346368715083,0.6480446927374302,220.0,1.0,0.7666666666666667,50.67870356756585,0.022875,0.8946078431372549,23,2.4790557217407287,0.11430496888209361,1.8790557217407284,1.864244745108357,1.0,C,0.0007332216149984561
apartment,C,120,800,0.02,0.05,0.2,,27,0.3,0.2,2.0,20,0,0.9947916666666666,0.9857096354166668,1.0,240.0,2.216666666666667,0.25,42.397607986772975,0.14252083333333335,1.034529451591063,102,1.5646136043679377,0.24067793928120934,0.9646136043679374,0.9648739229265829,1.0,C,0.004102787343749696
rubble,C,30,800,0.02,0.05,0.2,,2,0.3,0.2,2.0,20,0,0.5858938547486033,0.5627444134078212,0.7039106145251397,180.0,0.8,0.7333333333333333,51.95546239275112,0.023291666666666665,1.0660736975857688,24,2.7768945787498804,0.28106188326809495,2.176894578749881,1.9227695214513743,1.0,C,0.0007060131250000267
apartment,C,120,800,0.02,0.05,0.2,,28,0.3,0.2,2.0,20,0,0.9993489583333334,0.9909505208333332,1.0,240.0,2.0833333333333335,0.30833333333333335,41.13623492094386,0.1486875,1.022651565622918,96,1.611527936723056,0.2569790182200184,1.0115279367230563,1.0519527354293405,1.0,C,0.004128873906249737
apartment,C,120,800,0.02,0.05,0.2,,29,0.3,0.2,2.0,20,0,0.9973958333333334,0.9741861979166666,0.9986979166666666,240.0,2.075,0.325,42.897615620230084,0.14115625,1.0254350736278448,102,1.5695184236548434,0.22743871372555108,0.9695184236548434,0.954184445874584,1.0,C,0.00415310057375109
rubble,C,30,800,0.02,0.05,0.2,,3,0.3,0.2,2.0,20,0,0.571927374301676,0.5610335195530727,0.6948324022346368,180.0,0.9,0.7,51.91105973612923,0.022,0.9855595667870035,24,2.7602002798808685,0.2766552039100799,2.1602002798808684,1.9783619902055127,1.0,C,0.0007321182812506777
rubble,C,30,800,0.02,0.05,0.2,,4,0.3,0.2,2.0,20,0,0.598463687150838,0.5965083798882682,0.6955307262569832,200.0,1.1,0.5666666666666667,53.148540250228145,0.030166666666666668,1.019024970273484,26,2.7527838979127788,0.2727705470051753,2.152783897912779,1.9398567724747415,1.0,C,0.0007211143749987059
rubble,C,30,800,0.02,0.05,0.2,,5,0.3,0.2,2.0,20,0,0.5202513966480447,0.5290153631284916,0.5879888268156425,180.0,1.1,0.9,52.55422965006933,0.033041666666666664,0.9612903225806451,25,2.4039324243199136,0.15700864397395303,1.8039324243199135,1.7898982630676126,1.0,C,0.0007623815625015596
rubble,C,30,800,0.02,0.05,0.2,,6,0.3,0.2,2.0,20,0,0.5572625698324022,0.5465432960893855,0.696927374301676,180.0,1.1333333333333333,0.6666666666666666,49.61822139257332,0.04020833333333333,1.0296774193548386,23,2.948673779354759,0.32360723401436486,2.34867377935476,2.1023413668485107,1.0,C,0.0007325297400007002
rubble,C,30,800,0.02,0.05,0.2,,7,0.3,0.2,2.0,20,0,0.5307262569832403,0.5322625698324022,0.5817039106145251,180.0,0.9666666666666667,0.9333333333333333,53.0376116615624,0.028291666666666666,0.9908735332464147,25,2.4404150510660556,0.20717609034728768,1.8404150510660555,1.7771048749144116,1.0,C,0.0007750147912497596
rubble,C,30,800,0.02,0.05,0.2,,8,0.3,0.2,2.0,20,0,0.5349162011173184,0.5308310055865921,0.7011173184357542,160.0,0.8666666666666667,0.3333333333333333,50.00685144924887,0.022333333333333334,0.979539641943734,22,2.8484693070187563,0.3679748151484321,2.2484693070187562,1.9977350340027553,1.0,C,0.0007420835412494853
rubble,C,30,800,0.02,0.05,0.2,,10,0.3,0.2,2.0,20,0,0.5439944134078212,0.5446229050279329,0.6997206703910615,200.0,0.8666666666666667,0.6,50.411454183764405,0.021083333333333332,0.9534883720930232,22,2.9402489182850506,0.35324011640517594,2.3402489182850514,1.9159494083687325,1.0,C,0.0007208805200002643
rubble,C,30,800,0.02,0.05,0.2,,9,0.3,0.2,2.0,20,0,0.5803072625698324,0.5773393854748602,0.6899441340782123,200.0,1.1,0.8333333333333334,51.905062365520756,0.025,0.9916467780429595,25,2.7187838907683015,0.2446453551486298,2.118783890768302,1.9683027639036874,1.0,C,0.0007439278649985681
rubble,C,30,800,0.02,0.05,0.2,,11,0.3,0.2,2.0,20,0,0.6012569832402235,0.5525488826815641,0.6948324022346368,160.0,1.3,0.6,55.289194966726306,0.035333333333333335,1.1240208877284597,28,2.6741067669246297,0.27054650684059617,2.0741067669246296,1.991759313227775,1.0,C,0.0007856364587496501
rubble,C,30,800,0.02,0.05,0.2,,12,0.3,0.2,2.0,20,0,0.5684357541899442,0.565467877094972,0.6501396648044693,160.0,1.0333333333333334,0.7666666666666667,54.2544674305016,0.025916666666666668,0.9890643985419199,26,2.605283576817077,0.241126409243137,2.0052835768170763,1.9353227887891062,1.0,C,0.0007477611974991305
rubble,C,30,800,0.02,0.05,0.2,,13,0.3,0.2,2.0,20,0,0.571927374301676,0.5703561452513967,0.6906424581005587,320.0,1.0333333333333334,0.7333333333333333,52.62898189055871,0.03283333333333333,0.9413793103448276,24,2.6783616048633547,0.27001765685755263,2.0783616048633546,1.8650899931890135,1.0,C,0.0007509460937490075
rubble,C,30,800,0.02,0.05,0.2,,14,0.3,0.2,2.0,20,0,0.5656424581005587,0.5587639664804469,0.6403631284916201,180.0,0.8333333333333334,0.8,54.96039558868826,0.028666666666666667,1.0012360939431397,26,2.602715774352769,0.20233615504299704,2.0027157743527684,1.976072056743627,1.0,C,0.0007651239587494274
rubble,C,30,800,0.02,0.05,0.2,,15,0.3,0.2,2.0,20,0,0.5614525139664804,0.556145251396648,0.6550279329608939,200.0,1.2,0.5333333333333333,52.404508008211046,0.027958333333333335,0.9663461538461537,24,2.7090513914812058,0.22264432385849592,2.1090513914812057,2.0133444226212025,1.0,C,0.000750767968747823
rubble,C,30,800,0.02,0.05,0.2,,16,0.3,0.2,2.0,20,0,0.5614525139664804,0.5597765363128493,0.6550279329608939,200.0,1.0666666666666667,0.8333333333333334,51.2977298498339,0.029666666666666668,0.9792935444579781,24,2.6575132522556024,0.19710194033141226,2.0575132522556028,1.9529599008026024,1.0,C,0.0007484388537500309
rubble,C,30,800,0.02,0.05,0.2,,17,0.3,0.2,2.0,20,0,0.5244413407821229,0.4976955307262571,0.6885474860335196,200.0,0.7333333333333333,0.6,51.04081336981614,0.023416666666666665,0.9026442307692307,22,2.745861839472168,0.24622969643664475,2.1458618394721682,2.023967832649716,1.0,C,0.0007319315624999945
rubble,C,30,800,0.02,0.05,0.2,,18,0.3,0.2,2.0,20,0,0.5363128491620112,0.532891061452514,0.6410614525139665,240.0,1.1333333333333333,0.7333333333333333,49.26134389432962,0.03241666666666667,0.9275362318840579,23,2.6298618920565056,0.20364477079283608,2.029861892056506,1.8994870738467662,1.0,C,0.000762921822501994
rubble,C,30,800,0.02,0.05,0.2,,19,0.3,0.2,2.0,20,0,0.5244413407821229,0.5192039106145252,0.5837988826815642,160.0,0.9333333333333333,0.7666666666666667,52.07218254127015,0.025583333333333333,0.9690322580645161,25,2.4639065712440655,0.17816976112792468,1.8639065712440654,1.786014752362322,1.0,C,0.0007722720837500674
rubble,C,30,800,0.02,0.05,0.2,,20,0.3,0.2,2.0,20,0,0.5872905027932961,0.5807262569832403,0.6997206703910615,160.0,1.0,0.5666666666666667,52.92827695800591,0.028166666666666666,1.007185628742515,25,2.7756780230396543,0.27211814015714997,2.175678023039654,2.0111172909995263,1.0,C,0.0007787630200004969
rubble,C,30,800,0.02,0.05,0.2,,21,0.3,0.2,2.0,20,0,0.5649441340782123,0.5658868715083798,0.7053072625698324,360.0,1.0666666666666667,0.6666666666666666,51.66562078382201,0.031,0.9331026528258362,23,2.752953247891414,0.2790334183051537,2.152953247891414,1.8059790570102576,1.0,C,0.000747806980000405
rubble,C,30,800,0.02,0.05,0.2,,22,0.3,0.2,2.0,20,0,0.5705307262569832,0.5564245810055866,0.6347765363128491,160.0,1.1,0.5666666666666667,53.96749812896769,0.024583333333333332,1.0,26,2.671489762039122,0.2034180763740353,2.0714897620391213,1.9128821598981836,1.0,C,0.0007732360412501294
rubble,C,30,800,0.02,0.05,0.2,,23,0.3,0.2,2.0,20,0,0.5146648044692738,0.5133729050279329,0.6822625698324022,280.0,0.8333333333333334,0.3,50.917733332982586,0.02525,0.8847539015606244,23,2.6436544973794045,0.29982887099681504,2.0436544973794044,1.7875525677007298,1.0,C,0.0007569051037489772
rubble,C,30,800,0.02,0.05,0.2,,24,0.3,0.2,2.0,20,0,0.5642458100558659,0.557995810055866,0.6948324022346368,260.0,1.1666666666666667,0.43333333333333335,50.46981433227953,0.028625,0.9266055045871561,22,2.8442482868230816,0.23081331575226435,2.244248286823082,2.131485503733834,1.0,C,0.0007113223437499982
rubble,C,30,800,0.02,0.05,0.2,,26,0.3,0.2,2.0,20,0,0.5020949720670391,0.49863826815642465,0.585195530726257,180.0,0.8666666666666667,0.8666666666666667,48.46092516355272,0.02420833333333333,0.921794871794872,21,2.6715828473261007,0.15497441774354734,2.0715828473261007,1.9835424379643007,1.0,C,0.0007459351050010809
rubble,C,30,800,0.02,0.05,0.2,,25,0.3,0.2,2.0,20,0,0.5998603351955307,0.581354748603352,0.6850558659217877,220.0,1.2,0.6333333333333333,54.03939255285988,0.028708333333333332,1.0514075887392902,27,2.658960784202723,0.3086996152124248,2.0589607842027235,1.8232823687929685,1.0,C,0.0007880515100009689
rubble,C,30,800,0.02,0.05,0.2,,28,0.3,0.2,2.0,20,0,0.5020949720670391,0.4987081005586592,0.611731843575419,220.0,0.9,0.5,47.20290048161926,0.029083333333333333,0.8843788437884379,20,2.7489439630262096,0.1096701557974282,2.1489439630262095,2.1090434603083863,1.0,C,0.0007148409887508933
rubble,C,30,800,0.02,0.05,0.2,,27,0.3,0.2,2.0,20,0,0.5858938547486033,0.5808310055865922,0.6955307262569832,320.0,1.1,0.4,52.56353103830996,0.025291666666666667,0.959954233409611,25,2.6827807684749883,0.28728208151441276,2.082780768474988,1.9060773412375167,1.0,C,0.0007471410937500878
rubble,C,30,800,0.02,0.05,0.2,,29,0.3,0.2,2.0,20,0,0.5412011173184358,0.5310754189944134,0.5879888268156425,200.0,0.9333333333333333,0.7,53.726103081992015,0.025708333333333333,0.9935897435897437,26,2.511950012070348,0.16129121108328548,1.9119500120703483,1.9347333557387358,1.0,C,0.0007676830737500495
rubble,C,60,800,0.02,0.05,0.2,,0,0.3,0.2,2.0,20,0,0.8254189944134078,0.7911312849162011,0.8903631284916201,300.0,1.15,0.9,48.44318254676151,0.050270833333333334,1.0563002680965148,51,2.034783621005548,0.18574148659352094,1.434783621005548,1.3653582571971956,1.0,C,0.001405592656249155
rubble,C,60,800,0.02,0.05,0.2,,1,0.3,0.2,2.0,20,0,0.7583798882681564,0.7199720670391061,0.8756983240223464,240.0,1.1,0.6666666666666666,45.56389922918173,0.058083333333333334,1.0274361400189214,46,2.1189375359758027,0.18761106091402371,1.5189375359758017,1.4540046285999173,1.0,C,0.0013903535412487145
rubble,C,60,800,0.02,0.05,0.2,,2,0.3,0.2,2.0,20,0,0.8240223463687151,0.7792597765363128,0.8840782122905028,340.0,1.3166666666666667,0.7333333333333333,45.69213503863139,0.05445833333333333,1.0433244916003537,45,2.26695326374619,0.2047136395192704,1.6669532637461906,1.6311610767216167,1.0,C,0.001384691822499917
rubble,C,60,800,0.02,0.05,0.2,,3,0.3,0.2,2.0,20,0,0.8023743016759777,0.7745810055865922,0.8854748603351955,260.0,1.4,0.8666666666666667,46.57846103568429,0.052458333333333336,1.0295698924731183,47,2.2149944817417424,0.20412406670483768,1.614994481741743,1.5121503531541727,1.0,C,0.0013483209374999207
rubble,C,60,800,0.02,0.05,0.2,,4,0.3,0.2,2.0,20,0,0.8100558659217877,0.7797835195530727,0.8791899441340782,300.0,1.45,0.8333333333333334,45.8682564476157,0.06602083333333333,1.061299176578225,45,2.2374408293620562,0.17610023979684025,1.6374408293620566,1.5562079214271773,1.0,C,0.0014088393237489073
rubble,C,60,800,0.02,0.05,0.2,,5,0.3,0.2,2.0,20,0,0.8170391061452514,0.7989525139664806,0.8847765363128491,320.0,1.5833333333333333,0.6833333333333333,48.33977424041139,0.07147916666666666,1.0588235294117647,53,2.010026694752643,0.2520003407794744,1.4100266947526423,1.3605156554885736,1.0,C,0.0015084615099999609
rubble,C,60,800,0.02,0.05,0.2,,6,0.3,0.2,2.0,20,0,0.784217877094972,0.7718575418994412,0.8477653631284916,300.0,1.55,0.8333333333333334,45.615042363911726,0.07389583333333333,1.0255707762557078,46,2.154025136667538,0.18971456618450733,1.5540251366675382,1.4769099013600462,1.0,C,0.0014389064062493163
rubble,C,60,800,0.02,0.05,0.2,,8,0.3,0.2,2.0,20,0,0.7255586592178771,0.7254539106145252,0.8310055865921788,280.0,1.1,0.55,44.66133960639967,0.051875,0.9792648444863337,44,2.1056292819621207,0.1742579893072498,1.505629281962121,1.5040929293534622,1.0,C,0.001320459843750541
rubble,C,60,800,0.02,0.05,0.2,,7,0.3,0.2,2.0,20,0,0.8456703910614525,0.8203561452513967,0.8945530726256983,320.0,1.4166666666666667,1.0666666666666667,47.14996662898793,0.07385416666666667,1.0697879858657242,50,2.117952990814432,0.18666013383247004,1.517952990814432,1.3913643633911015,1.0,C,0.0014582243225004276
rubble,C,60,800,0.02,0.05,0.2,,10,0.3,0.2,2.0,20,0,0.8051675977653632,0.760300279329609,0.8680167597765364,280.0,1.0833333333333333,0.7833333333333333,47.01253777961617,0.057541666666666665,1.08876298394712,50,2.0725173042956495,0.20265613257989695,1.4725173042956492,1.4014488921731827,1.0,C,0.0013750048950009841
rubble,C,60,800,0.02,0.05,0.2,,9,0.3,0.2,2.0,20,0,0.8065642458100558,0.7784217877094972,0.8847765363128491,300.0,1.4,0.7,47.8561821174916,0.0594375,1.0538321167883211,53,2.0758130739186034,0.2496815010938676,1.4758130739186028,1.4452405505414165,1.0,C,0.001449747031251718
rubble,C,60,800,0.02,0.05,0.2,,11,0.3,0.2,2.0,20,0,0.8107541899441341,0.7905027932960893,0.8903631284916201,300.0,1.15,0.7166666666666667,45.43356789734492,0.0595625,1.027433628318584,44,2.256640303116744,0.21850798635515079,1.6566403031167447,1.623618639761229,1.0,C,0.001332268749999912
rubble,C,60,800,0.02,0.05,0.2,,12,0.3,0.2,2.0,20,0,0.8156424581005587,0.7679120111731843,0.8840782122905028,280.0,1.2833333333333334,0.8,46.83426951018605,0.0543125,1.0686184812442818,47,2.1714465862485826,0.23929830697223028,1.5714465862485822,1.5483286346756544,1.0,C,0.0013429615099994408
rubble,C,60,800,0.02,0.05,0.2,,14,0.3,0.2,2.0,20,0,0.8205307262569832,0.8086592178770949,0.8861731843575419,320.0,1.4,0.75,46.5742481983478,0.08102083333333333,1.076007326007326,50,2.1032096451595907,0.1880617456209397,1.503209645159591,1.4089612312826485,1.0,C,0.0014259679175006568
rubble,C,60,800,0.02,0.05,0.2,,17,0.3,0.2,2.0,20,0,0.8086592178770949,0.7736382681564246,0.8680167597765364,300.0,1.1166666666666667,0.7,48.03351817937915,0.0505,1.0122377622377623,51,2.1418425180998746,0.2143095589772317,1.541842518099875,1.4353141607276219,1.0,C,0.0013826667712510243
rubble,C,60,800,0.02,0.05,0.2,,15,0.3,0.2,2.0,20,0,0.803072625698324,0.7595670391061453,0.8763966480446927,300.0,1.6,0.8333333333333334,46.51771560464557,0.06510416666666667,1.0531135531135531,48,2.066626958474942,0.23709196228420812,1.466626958474942,1.3250719387566523,1.0,C,0.0014075917187506093
rubble,C,60,800,0.02,0.05,0.2,,13,0.3,0.2,2.0,20,0,0.8435754189944135,0.7954259776536313,0.8910614525139665,340.0,1.7666666666666666,0.9,47.84783487867863,0.08347916666666666,1.1581975071907957,55,2.0705781870045668,0.20768612710248363,1.4705781870045662,1.4347340120015697,1.0,C,0.0015396591137505312
rubble,C,60,800,0.02,0.05,0.2,,16,0.3,0.2,2.0,20,0,0.8121508379888268,0.7771648044692737,0.8903631284916201,320.0,1.45,0.75,46.19947966557253,0.06285416666666667,1.0228671943711523,48,2.1665473876741492,0.22335904728499403,1.5665473876741496,1.5431949954530533,1.0,C,0.0014097898437489674
rubble,C,60,800,0.02,0.05,0.2,,18,0.3,0.2,2.0,20,0,0.7793296089385475,0.7466131284916202,0.8708100558659218,260.0,1.4833333333333334,0.85,45.57872090911447,0.06075,1.013623978201635,45,2.106000425912169,0.1985988752371154,1.5060004259121689,1.504626595790143,1.0,C,0.001399823541250953
rubble,C,60,800,0.02,0.05,0.2,,19,0.3,0.2,2.0,20,0,0.7953910614525139,0.75,0.8861731843575419,280.0,1.35,0.9833333333333333,47.377472170771576,0.06441666666666666,1.0252025202520252,48,2.075428968542339,0.15939520572258978,1.4754289685423387,1.4175368879842287,1.0,C,0.0014107152599990513
rubble,C,60,800,0.02,0.05,0.2,,20,0.3,0.2,2.0,20,0,0.7863128491620112,0.7687849162011173,0.8924581005586593,320.0,1.3333333333333333,0.8666666666666667,44.36535830640071,0.0763125,1.0236363636363635,46,2.0713876612507836,0.19286737574209595,1.4713876612507835,1.3759292496577145,1.0,C,0.001459440104999885
rubble,C,60,800,0.02,0.05,0.2,,21,0.3,0.2,2.0,20,0,0.8135474860335196,0.7519203910614526,0.8729050279329609,280.0,1.6333333333333333,0.75,46.737586479787375,0.07089583333333334,1.0648994515539305,51,2.126508279023194,0.19346662949839508,1.5265082790231943,1.4122730274295772,1.0,C,0.001443110521249764
rubble,C,60,800,0.02,0.05,0.2,,26,0.3,0.2,2.0,20,0,0.7618715083798883,0.731913407821229,0.8610335195530726,280.0,1.05,0.7166666666666667,44.812650207890975,0.04716666666666667,1.0292452830188679,42,2.1525932550961,0.22021611089111262,1.5525932550961,1.4704271822445645,1.0,C,0.001313942083747861
rubble,C,60,800,0.02,0.05,0.2,,25,0.3,0.2,2.0,20,0,0.8093575418994413,0.7744064245810056,0.875,300.0,1.6333333333333333,0.6333333333333333,44.417224557412105,0.07760416666666667,1.073148148148148,45,2.238123815090889,0.20289411332264215,1.6381238150908892,1.495888141677248,1.0,C,0.0014384562500003994
rubble,C,60,800,0.02,0.05,0.2,,22,0.3,0.2,2.0,20,0,0.827513966480447,0.7879888268156425,0.9008379888268156,280.0,1.25,0.75,48.915320495649475,0.056479166666666664,1.0941828254847648,54,2.036318439799503,0.245938093051954,1.4363184397995032,1.560851895611529,1.0,C,0.0014627175000009628
rubble,C,60,800,0.02,0.05,0.2,,23,0.3,0.2,2.0,20,0,0.8470670391061452,0.8057262569832402,0.895949720670391,300.0,1.45,0.7333333333333333,47.555874811953394,0.06920833333333333,1.1007259528130673,50,2.212966505233546,0.18447033284190548,1.6129665052335458,1.4985998506284985,1.0,C,0.0014587853124999129
rubble,C,60,800,0.02,0.05,0.2,,24,0.3,0.2,2.0,20,0,0.8547486033519553,0.8116620111731843,0.9036312849162011,280.0,1.6,0.75,47.61616745354043,0.07433333333333333,1.137546468401487,54,2.0581761378789354,0.20719500077599495,1.458176137878935,1.4429238299006466,1.0,C,0.001528159740000774
rubble,C,60,800,0.02,0.05,0.2,,27,0.3,0.2,2.0,20,0,0.8086592178770949,0.795076815642458,0.8756983240223464,280.0,1.3166666666666667,0.6833333333333333,47.13121576681178,0.05658333333333333,1.0924528301886791,50,2.064273255876484,0.20942111096625515,1.4642732558764837,1.4214526663481313,1.0,C,0.001398322239999743
rubble,C,60,800,0.02,0.05,0.2,,28,0.3,0.2,2.0,20,0,0.7527932960893855,0.7153282122905027,0.8505586592178771,280.0,1.7166666666666666,0.8666666666666667,45.738025845663664,0.071125,0.9935483870967743,47,2.068467982840068,0.2113322104505766,1.4684679828400675,1.4043840080983667,1.0,C,0.0014334817187500448
rubble,C,60,800,0.02,0.05,0.2,,29,0.3,0.2,2.0,20,0,0.7988826815642458,0.7672835195530726,0.8868715083798883,300.0,1.3333333333333333,0.6666666666666666,46.18645840334066,0.06516666666666666,1.0260089686098655,48,2.1018509258120823,0.22649471321310286,1.5018509258120822,1.5144169837702395,1.0,C,0.0013997183850005968
rubble,C,90,800,0.02,0.05,0.2,,0,0.3,0.2,2.0,20,0,0.8784916201117319,0.8214385474860334,0.9266759776536313,320.0,1.2555555555555555,0.6666666666666666,37.77561331593006,0.0775,1.0835486649440138,69,1.7814678356504425,0.2896939494271011,1.1814678356504424,1.2140123994173773,1.0,C,0.0023899615100003756
rubble,C,90,800,0.02,0.05,0.2,,1,0.3,0.2,2.0,20,0,0.848463687150838,0.8008729050279328,0.8931564245810056,300.0,1.4666666666666666,0.5,36.12629201026981,0.08866666666666667,1.1208487084870848,70,1.7139695442506802,0.2869404788696023,1.11396954425068,1.0803168047678564,1.0,C,0.0025083140099991397
rubble,C,90,800,0.02,0.05,0.2,,2,0.3,0.2,2.0,20,0,0.8149441340782123,0.7565642458100559,0.8847765363128491,280.0,1.5333333333333334,0.7111111111111111,36.86859325999417,0.0802361111111111,1.0647810218978102,69,1.5938028431751134,0.279890738130628,0.9938028431751135,0.9688149928896516,1.0,C,0.0024169531250004183
rubble,C,90,800,0.02,0.05,0.2,,3,0.3,0.2,2.0,20,0,0.8903631284916201,0.8381983240223464,0.9301675977653632,260.0,1.3888888888888888,0.6111111111111112,38.189011309191784,0.0746388888888889,1.1096605744125327,71,1.824422250864668,0.30131432575552836,1.224422250864668,1.0540058480913572,1.0,C,0.0024216044262493595
rubble,C,90,800,0.02,0.05,0.2,,4,0.3,0.2,2.0,20,0,0.9078212290502793,0.8601606145251397,0.9427374301675978,280.0,1.6555555555555554,0.7111111111111111,39.42610486560268,0.08915277777777778,1.1403508771929824,76,1.6985300881598262,0.26315812706056213,1.0985300881598266,1.0466433873675576,1.0,C,0.0024564927612505017
rubble,C,90,800,0.02,0.05,0.2,,5,0.3,0.2,2.0,20,0,0.8533519553072626,0.8023393854748603,0.8966480446927374,340.0,1.7333333333333334,0.6,38.20368150949609,0.09938888888888889,1.0681818181818183,71,1.7220562139574018,0.3126708059790188,1.122056213957402,0.9796624825144425,1.0,C,0.0026147342187505273
rubble,C,90,800,0.02,0.05,0.2,,8,0.3,0.2,2.0,20,0,0.8945530726256983,0.8276187150837989,0.914804469273743,300.0,1.5222222222222221,0.7222222222222222,39.54609346899557,0.082375,1.114882506527415,72,1.7907634118515579,0.2627751865658539,1.1907634118515575,1.146793973628172,1.0,C,0.002454357083749983
rubble,C,90,800,0.02,0.05,0.2,,7,0.3,0.2,2.0,20,0,0.8631284916201117,0.8062150837988827,0.909217877094972,260.0,1.6111111111111112,0.7,37.75407322944898,0.08893055555555555,1.1095152603231597,72,1.6647282356818662,0.2746164822291918,1.0647282356818666,0.9812430011602677,1.0,C,0.0024834279687502205
rubble,C,90,800,0.02,0.05,0.2,,6,0.3,0.2,2.0,20,0,0.8743016759776536,0.8309008379888269,0.9099162011173184,320.0,1.6555555555555554,0.7333333333333333,39.12644942922406,0.09156944444444444,1.1069849690539346,81,1.6101132566323437,0.32518156967484707,1.0101132566323436,0.8488290304217442,1.0,C,0.002595163749999756
rubble,C,90,800,0.02,0.05,0.2,,9,0.3,0.2,2.0,20,0,0.8498603351955307,0.7635125698324023,0.8903631284916201,320.0,1.5444444444444445,0.6111111111111112,36.34889616274693,0.08281944444444445,1.0905017921146953,69,1.69354800441714,0.3117243027126472,1.09354800441714,1.0101614071672111,1.0,C,0.0023966625512503014
rubble,C,90,800,0.02,0.05,0.2,,10,0.3,0.2,2.0,20,0,0.8226256983240223,0.7721717877094971,0.8938547486033519,300.0,1.4,0.6111111111111112,35.8199609465795,0.08884722222222222,1.0641373080397472,64,1.6939513644100175,0.29645195456510604,1.0939513644100174,1.1012956550488724,1.0,C,0.0023606642187496618
rubble,C,90,800,0.02,0.05,0.2,,11,0.3,0.2,2.0,20,0,0.8645251396648045,0.8226256983240223,0.9113128491620112,300.0,1.5222222222222221,0.5111111111111111,37.490382517006054,0.08722222222222223,1.1163210099188459,72,1.7333178945184193,0.30285594088617523,1.1333178945184192,1.067245996517237,1.0,C,0.002455298802501602
rubble,C,90,800,0.02,0.05,0.2,,12,0.3,0.2,2.0,20,0,0.9043296089385475,0.8539455307262568,0.9574022346368715,340.0,1.488888888888889,0.6666666666666666,37.757134953056884,0.08288888888888889,1.1173425366695429,73,1.780768924259663,0.3107827294281513,1.1807689242596626,1.063207632059155,1.0,C,0.0024405036462508177
rubble,C,90,800,0.02,0.05,0.2,,13,0.3,0.2,2.0,20,0,0.9043296089385475,0.8205656424581006,0.9511173184357542,260.0,1.788888888888889,0.7222222222222222,38.159557912202594,0.11056944444444444,1.2035315985130113,71,1.8189207136014616,0.2844733830769052,1.218920713601462,1.1362450020278496,1.0,C,0.002550734010001179
rubble,C,90,800,0.02,0.05,0.2,,14,0.3,0.2,2.0,20,0,0.8554469273743017,0.8148044692737428,0.9008379888268156,320.0,1.5777777777777777,0.5444444444444444,37.914982502599415,0.08943055555555555,1.1036036036036037,71,1.698782312566883,0.29817791633446267,1.0987823125668823,1.0079937892950879,1.0,C,0.002420521822500632
rubble,C,90,800,0.02,0.05,0.2,,17,0.3,0.2,2.0,20,0,0.875,0.8536312849162011,0.9350558659217877,340.0,1.3222222222222222,0.5888888888888889,38.16695216036691,0.08405555555555555,1.0547138047138047,68,1.7701191334366926,0.2909450068855878,1.170119133436693,1.0505463543484128,1.0,C,0.002305840781248207
rubble,C,90,800,0.02,0.05,0.2,,16,0.3,0.2,2.0,20,0,0.8966480446927374,0.8362081005586592,0.9266759776536313,320.0,2.033333333333333,0.5222222222222223,37.727771897645454,0.10109722222222223,1.1736745886654478,73,1.734534842177288,0.33728456855936784,1.1345348421772878,1.0986012420364037,1.0,C,0.0025267544787516273
rubble,C,90,800,0.02,0.05,0.2,,15,0.3,0.2,2.0,20,0,0.9134078212290503,0.8416201117318435,0.9357541899441341,280.0,1.6888888888888889,0.6,38.33111501447973,0.10534722222222222,1.172043010752688,80,1.637183287597189,0.3186848244992941,1.0371832875971891,0.9828326623895797,1.0,C,0.00265390781250062
rubble,C,90,800,0.02,0.05,0.2,,18,0.3,0.2,2.0,20,0,0.8561452513966481,0.8309706703910615,0.8980446927374302,340.0,1.6333333333333333,0.6666666666666666,38.44988314718528,0.09005555555555556,1.056896551724138,68,1.8179031366587224,0.2784409990693954,1.2179031366587227,1.0964020451967733,1.0,C,0.002415189271248437
rubble,C,90,800,0.02,0.05,0.2,,19,0.3,0.2,2.0,20,0,0.8861731843575419,0.8321578212290502,0.9162011173184358,300.0,1.3888888888888888,0.5222222222222223,38.09279164666668,0.08754166666666667,1.1391382405745063,74,1.7196104313864289,0.2765429665235478,1.1196104313864292,1.050005604642486,1.0,C,0.00249210411374861
rubble,C,90,800,0.02,0.05,0.2,,20,0.3,0.2,2.0,20,0,0.8638268156424581,0.8042946927374303,0.9029329608938548,280.0,1.511111111111111,0.5555555555555556,36.916663543592456,0.09534722222222222,1.1390423572744015,68,1.8418937536246138,0.2856008204523761,1.241893753624614,1.0832319294720756,1.0,C,0.0024497145837494828
rubble,C,90,800,0.02,0.05,0.2,,21,0.3,0.2,2.0,20,0,0.9182960893854749,0.8698673184357542,0.9650837988826816,300.0,1.6777777777777778,0.6888888888888889,39.55997955068526,0.09552777777777778,1.1162988115449917,75,1.7526313938026739,0.28063687446880886,1.1526313938026744,1.0692360796778573,1.0,C,0.0024831543749996854
rubble,C,90,800,0.02,0.05,0.2,,22,0.3,0.2,2.0,20,0,0.8987430167597765,0.8100558659217876,0.9266759776536313,300.0,1.511111111111111,0.6,37.3068982131792,0.08693055555555555,1.188365650969529,77,1.6549480413418247,0.31254265650690544,1.0549480413418246,0.9168203681938326,1.0,C,0.002649021250001624
rubble,C,90,800,0.02,0.05,0.2,,23,0.3,0.2,2.0,20,0,0.8743016759776536,0.8332751396648046,0.9106145251396648,280.0,1.711111111111111,0.7222222222222222,37.71451992207297,0.09431944444444444,1.1128888888888888,75,1.6529032997065705,0.30953549835127164,1.0529032997065706,0.9917865411555135,1.0,C,0.002606126927501009
rubble,C,90,800,0.02,0.05,0.2,,24,0.3,0.2,2.0,20,0,0.9162011173184358,0.8670740223463687,0.9483240223463687,280.0,1.8,0.4666666666666667,38.565884389467016,0.10620833333333334,1.2092165898617513,79,1.6474307964710035,0.30131683990788466,1.0474307964710035,0.9197395532348461,1.0,C,0.0026401351562503807
rubble,C,90,800,0.02,0.05,0.2,,26,0.3,0.2,2.0,20,0,0.9008379888268156,0.8474162011173185,0.9364525139664804,300.0,1.5888888888888888,0.6555555555555556,38.80977506658185,0.07954166666666666,1.1415929203539823,72,1.6741910729384861,0.30236271303387635,1.074191072938486,0.9899603401834295,1.0,C,0.0024941394800021043
rubble,C,90,800,0.02,0.05,0.2,,25,0.3,0.2,2.0,20,0,0.9231843575418994,0.8391410614525141,0.9455307262569832,320.0,1.8888888888888888,0.45555555555555555,38.76568546847723,0.10565277777777778,1.17825311942959,79,1.6423276334808463,0.34347134340236757,1.042327633480846,0.9366976744824279,1.0,C,0.002729056875000424
rubble,C,90,800,0.02,0.05,0.2,,27,0.3,0.2,2.0,20,0,0.875,0.8365921787709496,0.9057262569832403,300.0,1.7,0.5444444444444444,37.75174040631336,0.08548611111111111,1.1411657559198543,70,1.7711419331848872,0.2793094020985088,1.1711419331848871,1.1342511867086085,1.0,C,0.0024155091150009867
rubble,C,90,800,0.02,0.05,0.2,,28,0.3,0.2,2.0,20,0,0.8533519553072626,0.8042946927374303,0.8938547486033519,340.0,1.9222222222222223,0.5444444444444444,37.91671388059314,0.10093055555555555,1.08141592920354,69,1.718955438493443,0.3048151899263152,1.118955438493443,1.003922087891139,1.0,C,0.0024757862500018745
rubble,C,90,800,0.02,0.05,0.2,,29,0.3,0.2,2.0,20,0,0.8344972067039106,0.7490921787709496,0.8910614525139665,280.0,1.8,0.5222222222222223,35.8477394336337,0.09118055555555556,1.1262959472196041,65,1.7590011949946438,0.31180802147910364,1.1590011949946437,1.0791825861945958,1.0,C,0.002423467447499661
rubble,C,120,800,0.02,0.05,0.2,,0,0.3,0.2,2.0,20,0,0.9155027932960894,0.8101606145251397,0.9497206703910615,320.0,2.0416666666666665,0.4583333333333333,31.327001030929505,0.13690625,1.166370106761566,89,1.5336746058476896,0.36905936900587893,0.9336746058476896,0.7792896898755756,1.0,C,0.0039237803125001846
rubble,C,120,800,0.02,0.05,0.2,,1,0.3,0.2,2.0,20,0,0.960195530726257,0.8895251396648044,0.9762569832402235,320.0,1.8083333333333333,0.5,32.86161828475183,0.13180208333333332,1.1410788381742738,96,1.472250490707158,0.3665960634879269,0.8722504907071581,0.7739781684796793,1.0,C,0.0038891691662502124
rubble,C,120,800,0.02,0.05,0.2,,2,0.3,0.2,2.0,20,0,0.9162011173184358,0.8357891061452513,0.9581005586592178,340.0,2.05,0.43333333333333335,30.467381860833473,0.14077083333333335,1.2507149666348905,91,1.5252187390104712,0.3634823319335013,0.9252187390104712,0.7961526089655918,1.0,C,0.003990610989999368
rubble,C,120,800,0.02,0.05,0.2,,3,0.3,0.2,2.0,20,0,0.9483240223463687,0.8666899441340783,0.9720670391061452,280.0,1.7166666666666666,0.6083333333333333,32.94250492456615,0.13683333333333333,1.2223222322232223,93,1.5080493054015174,0.3873840799830533,0.9080493054015174,0.7643249442953893,1.0,C,0.003803530937498181
rubble,C,120,800,0.02,0.05,0.2,,5,0.3,0.2,2.0,20,0,0.9518156424581006,0.8877444134078212,0.9713687150837989,320.0,2.5416666666666665,0.525,33.03937926597926,0.1565,1.242479489516864,95,1.5056929148633322,0.3558490643332791,0.9056929148633324,0.7719539449902731,1.0,C,0.00405764223999995
rubble,C,120,800,0.02,0.05,0.2,,4,0.3,0.2,2.0,20,0,0.8610335195530726,0.7682960893854749,0.8945530726256983,300.0,2.5416666666666665,0.4166666666666667,30.76089556948203,0.17419791666666667,1.1621112158341187,98,1.3273430412988918,0.4358412616820813,0.7273430412988917,0.5310422395555597,0.9795918367346939,C,0.004207858906249839
rubble,C,120,800,0.02,0.05,0.2,,6,0.3,0.2,2.0,20,0,0.922486033519553,0.8264664804469275,0.9406424581005587,300.0,2.3916666666666666,0.4583333333333333,32.0072446026865,0.16817708333333334,1.2665388302972196,98,1.4176859567754143,0.41851546368760745,0.8176859567754143,0.5782231606213788,1.0,C,0.004244011875000524
rubble,C,120,800,0.02,0.05,0.2,,8,0.3,0.2,2.0,20,0,0.8589385474860335,0.8123603351955306,0.895949720670391,320.0,2.05,0.39166666666666666,30.96496713113866,0.15154166666666666,1.160377358490566,91,1.4664172185692212,0.37685185088185474,0.8664172185692213,0.8088603689563759,0.978021978021978,C,0.0040134275524997065
rubble,C,120,800,0.02,0.05,0.2,,7,0.3,0.2,2.0,20,0,0.9182960893854749,0.8481843575418994,0.9608938547486033,320.0,2.533333333333333,0.38333333333333336,32.41970149338215,0.15548958333333332,1.1911231884057971,100,1.3580393769762231,0.43325623519535705,0.7580393769762227,0.6079783030603579,0.98,C,0.004221688488748896
rubble,C,120,800,0.02,0.05,0.2,,9,0.3,0.2,2.0,20,0,0.9343575418994413,0.8280377094972067,0.9678770949720671,340.0,2.1416666666666666,0.49166666666666664,31.366291530061083,0.1448125,1.1893333333333334,95,1.4239585401497648,0.450259615013961,0.8239585401497651,0.6268696971567601,0.9473684210526315,C,0.004016534687500553
rubble,C,120,800,0.02,0.05,0.2,,10,0.3,0.2,2.0,20,0,0.9378491620111732,0.8380237430167596,0.9636871508379888,280.0,1.875,0.4083333333333333,32.389271203468745,0.13084375,1.2077338129496402,94,1.487029996266935,0.3667785140425668,0.8870299962669355,0.7454557853636503,0.9787234042553191,C,0.0038470488024995573
rubble,C,120,800,0.02,0.05,0.2,,11,0.3,0.2,2.0,20,0,0.9671787709497207,0.8808310055865922,0.979050279329609,320.0,2.4583333333333335,0.43333333333333335,33.23076621646383,0.15946875,1.2706422018348624,108,1.3277992226413506,0.4637455767729246,0.7277992226413507,0.5141721547183099,0.9444444444444444,C,0.004296334218749962
rubble,C,120,800,0.02,0.05,0.2,,12,0.3,0.2,2.0,20,0,0.9322625698324022,0.8720670391061454,0.9671787709497207,300.0,1.9833333333333334,0.5916666666666667,32.25256416007217,0.13872916666666665,1.1803713527851458,100,1.4283582285025274,0.39058466255992913,0.8283582285025273,0.6503237944269038,1.0,C,0.003966507552499934
rubble,C,120,800,0.02,0.05,0.2,,14,0.3,0.2,2.0,20,0,0.9127094972067039,0.8334497206703911,0.9406424581005587,320.0,2.5083333333333333,0.44166666666666665,32.01625054163315,0.15355208333333334,1.184950135992747,95,1.4121442185937125,0.4394894949335171,0.8121442185937129,0.6228558226289015,0.9789473684210527,C,0.003984975156249675
rubble,C,120,800,0.02,0.05,0.2,,13,0.3,0.2,2.0,20,0,0.8715083798882681,0.7508030726256985,0.9189944134078212,280.0,2.325,0.44166666666666665,30.783157372766524,0.15715625,1.1942583732057415,87,1.4716649307416834,0.40377042297732846,0.8716649307416832,0.6908138180574138,1.0,C,0.0040770315100007795
rubble,C,120,800,0.02,0.05,0.2,,15,0.3,0.2,2.0,20,0,0.8945530726256983,0.8107192737430168,0.9308659217877095,320.0,2.6166666666666667,0.44166666666666665,32.25238866958291,0.16083333333333333,1.1499102333931777,95,1.3848214883911707,0.4042041831804399,0.7848214883911707,0.5994135468428751,0.9789473684210527,C,0.004164221042501594
rubble,C,120,800,0.02,0.05,0.2,,16,0.3,0.2,2.0,20,0,0.9273743016759777,0.8233938547486034,0.9615921787709497,300.0,2.4,0.5416666666666666,32.58045807524099,0.15544791666666666,1.2061762034514079,96,1.4099444047041867,0.4235840329132634,0.8099444047041865,0.6453166225862766,0.9791666666666666,C,0.004069543385000997
rubble,C,120,800,0.02,0.05,0.2,,17,0.3,0.2,2.0,20,0,0.9406424581005587,0.8705656424581006,0.9678770949720671,320.0,2.091666666666667,0.43333333333333335,32.60121392574449,0.142375,1.200534759358289,101,1.347652962320903,0.4289537172664933,0.7476529623209028,0.5715658954844564,0.9801980198019802,C,0.004103193072498925
rubble,C,120,800,0.02,0.05,0.2,,18,0.3,0.2,2.0,20,0,0.9343575418994413,0.8635125698324023,0.965782122905028,320.0,2.6166666666666667,0.375,33.29907123670734,0.14859375,1.2,96,1.4830243059793702,0.4078664206022158,0.8830243059793701,0.6789915173157713,1.0,C,0.004020076406250155
rubble,C,120,800,0.02,0.05,0.2,,19,0.3,0.2,2.0,20,0,0.901536312849162,0.8350907821229052,0.9448324022346368,260.0,1.9,0.55,31.667821291026787,0.15070833333333333,1.1725703905540419,98,1.3611783233886197,0.46128454859770385,0.7611783233886196,0.5545133107956489,0.9591836734693877,C,0.004077334947498912
rubble,C,120,800,0.02,0.05,0.2,,20,0.3,0.2,2.0,20,0,0.9727653631284916,0.9105796089385475,0.9832402234636871,340.0,2.1,0.5833333333333334,33.74772245556303,0.13521875,1.1334418226200162,93,1.520405678844917,0.3569628410937594,0.920405678844917,0.8722484831015928,0.978494623655914,C,0.0037628114062499664
rubble,C,120,800,0.02,0.05,0.2,,21,0.3,0.2,2.0,20,0,0.9231843575418994,0.832227653631285,0.9462290502793296,320.0,2.45,0.3,32.28951039929921,0.1509375,1.1465741543798784,92,1.4651845275111295,0.3926919375335215,0.8651845275111293,0.6933353744416886,1.0,C,0.003944801874999939
apartment,PF,10,800,0.02,0.05,0.2,,0,0.3,0.2,2.0,20,0,0.2591145833333333,0.253515625,0.3802083333333333,160.0,0.5,0.0,28.119956104969088,0.005,0.9567307692307693,9,3.89596997900571,0.3388223326765384,3.2959699790057098,2.8494411796338532,1.0,PF,0.00035947682250025536
rubble,C,120,800,0.02,0.05,0.2,,22,0.3,0.2,2.0,20,0,0.9308659217877095,0.8376745810055866,0.9650837988826816,260.0,1.8083333333333333,0.5333333333333333,31.767864598555867,0.138875,1.1987410071942446,94,1.4382621387287484,0.3824426523842255,0.8382621387287486,0.6884325116958462,1.0,C,0.0039051825000001373
apartment,PF,10,800,0.02,0.05,0.2,,1,0.3,0.2,2.0,20,0,0.15234375,0.15540364583333335,0.404296875,320.0,0.7,0.0,23.59982360991036,0.00475,0.5109170305676857,5,5.6573423369920794,0.14079407850805775,5.05734233699208,4.718258516939646,1.0,PF,0.000375774999999976
rubble,C,120,800,0.02,0.05,0.2,,23,0.3,0.2,2.0,20,0,0.9315642458100558,0.8615572625698322,0.9490223463687151,320.0,2.4166666666666665,0.44166666666666665,32.474401804770665,0.1531875,1.1815766164747563,98,1.412725850094419,0.39963714121203237,0.8127258500944193,0.6548887228223205,0.9387755102040817,C,0.004158095416248671
apartment,PF,10,800,0.02,0.05,0.2,,2,0.3,0.2,2.0,20,0,0.2858072916666667,0.28704427083333334,0.41015625,200.0,0.6,0.2,29.049764740248254,0.005375,1.0091954022988507,10,3.6006885839297817,0.24456600793043368,3.0006885839297817,2.8000043831768,1.0,PF,0.000386849374999656
apartment,PF,10,800,0.02,0.05,0.2,,3,0.3,0.2,2.0,20,0,0.18098958333333334,0.1820963541666667,0.3763020833333333,200.0,0.7,0.1,24.30639705582049,0.0035,0.6480186480186481,6,4.545474812660125,0.31719987140938377,3.9454748126601262,3.8073006043870823,1.0,PF,0.0003829456774997197
apartment,PF,10,800,0.02,0.05,0.2,,4,0.3,0.2,2.0,20,0,0.23567708333333334,0.23427734375,0.43359375,180.0,0.4,0.1,26.691482786221975,0.00475,0.8190045248868778,8,4.1355596816110936,0.3646604514519352,3.5355596816110935,3.1077453494120784,1.0,PF,0.0003692039062502772
apartment,PF,10,800,0.02,0.05,0.2,,5,0.3,0.2,2.0,20,0,0.23697916666666666,0.23678385416666664,0.3880208333333333,240.0,0.8,0.0,27.22879291189298,0.00625,0.8216704288939052,8,4.202820411340285,0.3521406854094295,3.602820411340285,3.4933948855297743,1.0,PF,0.00038458968750092025
apartment,PF,10,800,0.02,0.05,0.2,,6,0.3,0.2,2.0,20,0,0.18684895833333334,0.18645833333333334,0.3932291666666667,200.0,0.7,0.0,24.645154095427493,0.00375,0.6721311475409836,6,4.801434627290919,0.13140040115374627,4.2014346272909195,4.612527239690706,1.0,PF,0.0003679892187483347
rubble,C,120,800,0.02,0.05,0.2,,24,0.3,0.2,2.0,20,0,0.9308659217877095,0.8527583798882681,0.9643854748603352,260.0,2.1416666666666666,0.4083333333333333,32.25940998680761,0.15202083333333333,1.233117483811286,95,1.4214851165036513,0.40201736235611235,0.8214851165036512,0.6544195098999283,0.9789473684210527,C,0.004022118228749605
apartment,PF,10,800,0.02,0.05,0.2,,7,0.3,0.2,2.0,20,0,0.244140625,0.24078776041666666,0.46484375,220.0,0.6,0.0,26.783250456822962,0.004375,0.8426966292134831,8,4.16399404369486,0.22762910640519451,3.5639940436948594,3.306704705695179,1.0,PF,0.0003838855725007306
apartment,PF,10,800,0.02,0.05,0.2,,8,0.3,0.2,2.0,20,0,0.2421875,0.23850911458333335,0.4140625,160.0,0.7,0.0,26.685130154256456,0.00775,0.8794326241134752,8,4.086299933116693,0.27343050989203116,3.486299933116693,3.2565013036228407,1.0,PF,0.00038854255250043936
apartment,PF,10,800,0.02,0.05,0.2,,9,0.3,0.2,2.0,20,0,0.23958333333333334,0.2367513020833333,0.3795572916666667,180.0,0.8,0.0,26.161094293246727,0.006375,0.8618266978922716,8,4.182227186319755,0.28524058839512273,3.582227186319755,2.9566829660278113,1.0,PF,0.0003798956774994622
rubble,C,120,800,0.02,0.05,0.2,,26,0.3,0.2,2.0,20,0,0.9399441340782123,0.8900488826815642,0.9727653631284916,280.0,1.7333333333333334,0.525,32.824338208090836,0.12772916666666667,1.1514114627887082,95,1.4886645434162227,0.3567441659222474,0.8886645434162224,0.739145574658587,1.0,C,0.0038809065112491224
rubble,C,120,800,0.02,0.05,0.2,,25,0.3,0.2,2.0,20,0,0.946927374301676,0.8441340782122906,0.9762569832402235,280.0,2.3333333333333335,0.44166666666666665,31.649821322516672,0.154125,1.2637465051258154,96,1.4513268606799785,0.42074759293720987,0.8513268606799785,0.6348898073657533,1.0,C,0.004185164271248141
apartment,PF,10,800,0.02,0.05,0.2,,10,0.3,0.2,2.0,20,0,0.18815104166666666,0.18362630208333336,0.3802083333333333,200.0,0.3,0.1,24.563640247562606,0.004125,0.6832151300236406,6,5.491449026865962,0.1578191591387936,4.8914490268659625,4.483982632637109,1.0,PF,0.0003853403637504016
apartment,PF,10,800,0.02,0.05,0.2,,11,0.3,0.2,2.0,20,0,0.2688802083333333,0.2675130208333333,0.4095052083333333,180.0,0.3,0.0,27.975703315338897,0.0045,0.9343891402714931,9,3.8324930666561334,0.1652483676914285,3.2324930666561333,3.0436444423040903,1.0,PF,0.0003852415624987771
apartment,PF,10,800,0.02,0.05,0.2,,12,0.3,0.2,2.0,20,0,0.2721354166666667,0.26656901041666664,0.4029947916666667,160.0,0.8,0.0,27.619492219675628,0.00575,0.9858490566037735,9,3.9307394662842796,0.2488740661528095,3.33073946628428,3.4498907506799115,1.0,PF,0.00038968468749999373
apartment,PF,10,800,0.02,0.05,0.2,,13,0.3,0.2,2.0,20,0,0.22330729166666666,0.22571614583333335,0.3873697916666667,200.0,0.5,0.0,26.833588185074472,0.004125,0.8032786885245901,8,3.8044758739384585,0.3325851820413107,3.204475873938459,3.003106258828239,1.0,PF,0.00039885500000082176
apartment,PF,10,800,0.02,0.05,0.2,,14,0.3,0.2,2.0,20,0,0.2708333333333333,0.26640625,0.3977864583333333,200.0,1.0,0.1,28.008758913592096,0.005375,0.9674418604651162,9,3.9242587696170332,0.2563264086144939,3.3242587696170336,3.217439393433992,1.0,PF,0.0004042177087512755
apartment,PF,10,800,0.02,0.05,0.2,,17,0.3,0.2,2.0,20,0,0.23567708333333334,0.23437499999999994,0.4075520833333333,200.0,0.6,0.0,26.783096315282847,0.00375,0.8399071925754061,8,3.599064544860296,0.10229257051765579,2.9990645448602953,3.0047931689930873,1.0,PF,0.0003636482287515719
apartment,PF,10,800,0.02,0.05,0.2,,15,0.3,0.2,2.0,20,0,0.2747395833333333,0.2706380208333333,0.4361979166666667,220.0,0.7,0.0,26.790469225607854,0.004125,0.9377777777777777,9,4.166921047593907,0.2851643596172558,3.566921047593908,2.9399438956638746,1.0,PF,0.00040431161500009694
apartment,PF,10,800,0.02,0.05,0.2,,16,0.3,0.2,2.0,20,0,0.2610677083333333,0.2596028645833333,0.3821614583333333,180.0,0.4,0.0,27.400694525689023,0.004,0.9391100702576111,9,3.970282091294302,0.2855904242235416,3.370282091294302,2.9135814161329936,1.0,PF,0.0004052828124986263
apartment,PF,10,800,0.02,0.05,0.2,,18,0.3,0.2,2.0,20,0,0.24479166666666666,0.24208984375000003,0.4309895833333333,240.0,0.6,0.0,26.62004984568125,0.002125,0.8318584070796461,8,4.780019608018171,0.2412973498504215,4.1800196080181715,3.984266563786057,1.0,PF,0.00040039546875050294
apartment,PF,10,800,0.02,0.05,0.2,,19,0.3,0.2,2.0,20,0,0.21354166666666666,0.21083984375000003,0.3984375,200.0,0.5,0.0,25.72798358710716,0.0055,0.7592592592592592,7,4.011523462611892,0.19051774731056034,3.411523462611893,3.379398886196779,1.0,PF,0.00037675916750004037
apartment,PF,10,800,0.02,0.05,0.2,,20,0.3,0.2,2.0,20,0,0.22200520833333334,0.2168294270833333,0.4095052083333333,180.0,0.7,0.1,25.55461619852332,0.008125,0.7803203661327232,7,5.64611608547223,0.14459432580988146,5.04611608547223,4.688732592892905,1.0,PF,0.00039852526000004216
apartment,PF,10,800,0.02,0.05,0.2,,21,0.3,0.2,2.0,20,0,0.2662760416666667,0.26350911458333337,0.4029947916666667,180.0,0.3,0.0,28.091221905356214,0.005125,0.9467592592592593,9,4.011331518561087,0.22872196159405855,3.411331518561086,3.258606727547361,1.0,PF,0.0003901696349998929
apartment,PF,10,800,0.02,0.05,0.2,,23,0.3,0.2,2.0,20,0,0.2265625,0.2265625,0.38671875,180.0,0.5,0.1,26.295958491077307,0.0035,0.8188235294117647,8,3.8006378926739908,0.37302385869237054,3.2006378926739907,2.732075007212007,1.0,PF,0.000386914687501303
apartment,PF,10,800,0.02,0.05,0.2,,22,0.3,0.2,2.0,20,0,0.2662760416666667,0.25810546875000007,0.447265625,180.0,0.5,0.1,28.17434203690567,0.004125,0.964622641509434,9,3.56752554653116,0.1860728917631604,2.96752554653116,2.8422668385903296,1.0,PF,0.00041529989624905283
apartment,PF,10,800,0.02,0.05,0.2,,24,0.3,0.2,2.0,20,0,0.24153645833333334,0.2436848958333333,0.4088541666666667,160.0,0.5,0.0,26.72990645060484,0.0055,0.8791469194312798,8,4.136585373579186,0.21863402019278003,3.5365853735791863,3.150952105767312,1.0,PF,0.0004072640625008717
apartment,PF,10,800,0.02,0.05,0.2,,25,0.3,0.2,2.0,20,0,0.24674479166666666,0.24124348958333336,0.3834635416666667,260.0,0.4,0.1,26.90940248575809,0.01225,0.8896713615023474,8,3.9617543466622296,0.1694198583707093,3.3617543466622295,3.1382715823451353,1.0,PF,0.00038952484375158746
apartment,PF,10,800,0.02,0.05,0.2,,26,0.3,0.2,2.0,20,0,0.17708333333333334,0.17428385416666664,0.404296875,180.0,0.3,0.0,24.6348078701429,0.006125,0.6370023419203747,6,3.7259774530750733,0.14844529937035167,3.1259774530750737,2.995701683070245,1.0,PF,0.00039842249999992417
apartment,PF,10,800,0.02,0.05,0.2,,27,0.3,0.2,2.0,20,0,0.20833333333333334,0.20654296875,0.3795572916666667,160.0,0.4,0.0,25.516243145546778,0.00575,0.7565011820330969,7,4.617322933011882,0.3499794332530405,4.017322933011882,4.721232535041828,1.0,PF,0.00037489864625058546
apartment,PF,10,800,0.02,0.05,0.2,,28,0.3,0.2,2.0,20,0,0.2584635416666667,0.2586588541666667,0.3828125,200.0,0.3,0.0,27.232473552774746,0.002625,0.9275700934579441,9,3.8752998310703433,0.35656110334887947,3.2752998310703436,2.738218725718091,1.0,PF,0.00038750281250031547
apartment,PF,10,800,0.02,0.05,0.2,,29,0.3,0.2,2.0,20,0,0.24609375,0.24589843750000004,0.4114583333333333,160.0,0.6,0.1,26.914452737169928,0.006375,0.8770301624129931,8,4.196587321532919,0.20797210024292362,3.5965873215329185,3.152215586021196,1.0,PF,0.0004080595824984812
rubble,C,120,800,0.02,0.05,0.2,,27,0.3,0.2,2.0,20,0,0.9378491620111732,0.8359287709497207,0.9622905027932961,300.0,2.1,0.4,31.55946430771559,0.14905208333333334,1.2622180451127818,97,1.4403379317548213,0.4178037061563347,0.8403379317548213,0.6241353076198947,1.0,C,0.004113006615000359
apartment,PF,30,800,0.02,0.05,0.2,,0,0.3,0.2,2.0,20,0,0.6106770833333334,0.59931640625,0.7649739583333334,240.0,0.8,0.0,27.82973073858944,0.010875,0.9027911453320502,22,3.168070410866092,0.14208579256592202,2.568070410866092,2.551461185559176,1.0,PF,0.0005783281250000982
apartment,PF,30,800,0.02,0.05,0.2,,1,0.3,0.2,2.0,20,0,0.615234375,0.606640625,0.7122395833333334,200.0,0.7,0.16666666666666666,28.6565107397672,0.012083333333333333,0.9393638170974156,24,2.870199069055655,0.19367681199837908,2.270199069055655,2.0809941805373393,1.0,PF,0.0005797130199994172
rubble,C,120,800,0.02,0.05,0.2,,28,0.3,0.2,2.0,20,0,0.8875698324022346,0.7948324022346369,0.9231843575418994,240.0,2.525,0.4,31.167026425842298,0.1615625,1.2315891472868217,93,1.4008218605607057,0.4233336501215889,0.8008218605607064,0.6029346500795142,0.956989247311828,C,0.004207346769999276
apartment,PF,30,800,0.02,0.05,0.2,,2,0.3,0.2,2.0,20,0,0.638671875,0.6303385416666667,0.77734375,200.0,0.9333333333333333,0.0,28.891412144347004,0.010333333333333333,0.9450867052023122,25,2.820870036237796,0.1712645052662966,2.220870036237796,2.2612744896377355,1.0,PF,0.0005656210937490868
apartment,PF,30,800,0.02,0.05,0.2,,3,0.3,0.2,2.0,20,0,0.666015625,0.6408854166666667,0.7877604166666666,240.0,1.1666666666666667,0.06666666666666667,29.25367689267818,0.014958333333333334,0.9922405431619786,25,2.9980278693629328,0.12429824511558271,2.3980278693629327,2.326877843170847,1.0,PF,0.0006050306249994719
rubble,C,120,800,0.02,0.05,0.2,,29,0.3,0.2,2.0,20,0,0.9490223463687151,0.8800628491620109,0.9685754189944135,320.0,2.35,0.4083333333333333,33.38039368623965,0.14398958333333334,1.188976377952756,96,1.519133246385624,0.3425434716089757,0.919133246385624,0.8094323839774816,1.0,C,0.004011034843749713
apartment,PF,30,800,0.02,0.05,0.2,,4,0.3,0.2,2.0,20,0,0.6061197916666666,0.5974283854166667,0.7350260416666666,240.0,1.0666666666666667,0.06666666666666667,28.173136746820727,0.014666666666666666,0.9021317829457364,23,2.930451228675335,0.12668000086518744,2.330451228675334,2.3632994688285027,1.0,PF,0.000577145521251623
apartment,PF,30,800,0.02,0.05,0.2,,5,0.3,0.2,2.0,20,0,0.6614583333333334,0.6506835937500001,0.7708333333333334,180.0,1.1,0.0,29.33122107709431,0.014041666666666666,0.9892891918208375,26,2.789445647132371,0.17465123319633657,2.189445647132371,2.190937240107231,1.0,PF,0.0005968687499989755
apartment,PF,30,800,0.02,0.05,0.2,,6,0.3,0.2,2.0,20,0,0.6640625,0.6478841145833333,0.78515625,220.0,1.2,0.13333333333333333,29.834942436524216,0.016083333333333335,0.9631728045325779,27,2.7355963930960225,0.11122172884941718,2.1355963930960224,2.170109278122042,1.0,PF,0.000594222395000088
apartment,PF,30,800,0.02,0.05,0.2,,8,0.3,0.2,2.0,20,0,0.640625,0.6389322916666667,0.7740885416666666,220.0,0.8,0.06666666666666667,28.167344655360207,0.015166666666666667,0.9283018867924528,24,3.0321697982393956,0.15876855503060294,2.4321697982393955,2.4664308632671057,1.0,PF,0.0005652642187510537
apartment,PF,30,800,0.02,0.05,0.2,,7,0.3,0.2,2.0,20,0,0.642578125,0.6423177083333333,0.744140625,200.0,1.0333333333333334,0.03333333333333333,29.19134163235041,0.015083333333333334,0.9830677290836652,26,2.7437705218220256,0.11232925875564258,2.1437705218220255,2.085680764665703,1.0,PF,0.0007085864587520518
apartment,PF,30,800,0.02,0.05,0.2,,10,0.3,0.2,2.0,20,0,0.6061197916666666,0.59765625,0.771484375,260.0,0.7333333333333333,0.06666666666666667,28.794711708517056,0.01325,0.9056420233463034,25,2.68235419389239,0.14280840159177655,2.0823541938923906,2.046975681938162,1.0,PF,0.0005786336462506369
apartment,PF,30,800,0.02,0.05,0.2,,9,0.3,0.2,2.0,20,0,0.65625,0.6397460937500001,0.7630208333333334,260.0,1.1666666666666667,0.06666666666666667,29.393816102479494,0.012333333333333333,0.9645933014354068,26,2.8146560907196894,0.0793421407103985,2.2146560907196893,2.200781979644196,1.0,PF,0.0005953036462506134
apartment,PF,30,800,0.02,0.05,0.2,,11,0.3,0.2,2.0,20,0,0.677734375,0.6596679687499999,0.7747395833333334,220.0,0.9333333333333333,0.06666666666666667,28.686414906148286,0.013666666666666667,1.0146198830409356,25,2.9232881940892876,0.13870685273902503,2.3232881940892876,2.389479725958543,1.0,PF,0.0005771298437480255
apartment,PF,30,800,0.02,0.05,0.2,,13,0.3,0.2,2.0,20,0,0.6373697916666666,0.6252604166666667,0.74609375,240.0,0.7,0.23333333333333334,29.05015319101377,0.015791666666666666,0.985901309164149,25,2.8673458751213103,0.0851872920221089,2.2673458751213103,2.3301627670418434,1.0,PF,0.000579141250000248
apartment,PF,30,800,0.02,0.05,0.2,,12,0.3,0.2,2.0,20,0,0.6946614583333334,0.678125,0.7962239583333334,280.0,0.9666666666666667,0.03333333333333333,30.072003995955534,0.0135,0.9953358208955225,28,2.6715885498648193,0.08371968955156169,2.071588549864819,2.077288633434931,1.0,PF,0.0005964049474982858
apartment,PF,30,800,0.02,0.05,0.2,,14,0.3,0.2,2.0,20,0,0.6158854166666666,0.6163736979166667,0.771484375,180.0,1.1333333333333333,0.06666666666666667,28.229819260693052,0.013583333333333333,0.8992395437262356,24,2.982671742681972,0.23177215576463675,2.3826717426819717,2.340580962364241,1.0,PF,0.0005794114062496192
apartment,PF,30,800,0.02,0.05,0.2,,15,0.3,0.2,2.0,20,0,0.666015625,0.6590169270833333,0.79296875,200.0,0.9,0.06666666666666667,28.97655014147058,0.014708333333333334,0.9454713493530499,25,2.995263921751673,0.14625932103097697,2.3952639217516727,2.3758505825468967,1.0,PF,0.0005979789062507734
apartment,PF,30,800,0.02,0.05,0.2,,17,0.3,0.2,2.0,20,0,0.603515625,0.59658203125,0.7220052083333334,220.0,0.8666666666666667,0.06666666666666667,27.708907581956893,0.013666666666666667,0.9223880597014925,22,2.9647861513193834,0.10827833373153166,2.364786151319383,2.3603084938731866,1.0,PF,0.0005944293750008001
apartment,PF,30,800,0.02,0.05,0.2,,16,0.3,0.2,2.0,20,0,0.6875,0.6720703125,0.7897135416666666,180.0,0.9666666666666667,0.06666666666666667,29.735243637083368,0.010416666666666666,1.0222652468538238,27,2.880390556385179,0.1589948609104033,2.280390556385179,2.22300557910228,1.0,PF,0.0006341023950017188
apartment,PF,30,800,0.02,0.05,0.2,,19,0.3,0.2,2.0,20,0,0.65625,0.6377604166666667,0.783203125,260.0,0.7333333333333333,0.1,28.93189431277586,0.013833333333333333,0.9491525423728814,25,2.8861303436885324,0.14203003950308463,2.286130343688532,2.2163677775215844,1.0,PF,0.0005913757287498811
apartment,PF,30,800,0.02,0.05,0.2,,18,0.3,0.2,2.0,20,0,0.6920572916666666,0.66572265625,0.7473958333333334,180.0,0.9666666666666667,0.06666666666666667,29.796581246363473,0.008041666666666667,1.0524752475247523,28,2.720274437408535,0.11546997463175393,2.120274437408536,2.128112358930739,1.0,PF,0.0006354261974979635
apartment,PF,30,800,0.02,0.05,0.2,,20,0.3,0.2,2.0,20,0,0.5852864583333334,0.5826171875000001,0.71875,200.0,0.9666666666666667,0.2,28.04745588429644,0.012916666666666667,0.9008016032064128,23,2.8304989820245687,0.13666195750113005,2.2304989820245686,2.265576510143857,1.0,PF,0.0005973484374999316
apartment,PF,30,800,0.02,0.05,0.2,,22,0.3,0.2,2.0,20,0,0.67578125,0.6539388020833333,0.7532552083333334,220.0,0.8333333333333334,0.0,29.18032350323459,0.0145,0.998076923076923,25,2.88099640893182,0.09527729690315632,2.2809964089318204,2.2500138719653617,1.0,PF,0.00060057598999947
apartment,PF,30,800,0.02,0.05,0.2,,21,0.3,0.2,2.0,20,0,0.6171875,0.60234375,0.787109375,220.0,0.8333333333333334,0.06666666666666667,28.779181449500964,0.012166666666666666,0.8818604651162791,24,2.7905452125315864,0.10994525988786398,2.190545212531586,2.236606705841269,1.0,PF,0.0006198476562508403
apartment,PF,30,800,0.02,0.05,0.2,,23,0.3,0.2,2.0,20,0,0.57421875,0.5705403645833333,0.7252604166666666,180.0,1.1666666666666667,0.0,27.114385946606966,0.010916666666666667,0.8630136986301369,21,2.9280909044307943,0.07450824983774472,2.3280909044307947,2.304179406905992,1.0,PF,0.000570210261248576
apartment,PF,30,800,0.02,0.05,0.2,,24,0.3,0.2,2.0,20,0,0.5709635416666666,0.5700520833333333,0.7428385416666666,200.0,1.0,0.03333333333333333,27.632344196981226,0.015708333333333335,0.8614931237721022,22,2.990252411768974,0.2176376490962388,2.3902524117689734,2.4043709111987583,1.0,PF,0.0005930548437504512
apartment,PF,30,800,0.02,0.05,0.2,,25,0.3,0.2,2.0,20,0,0.640625,0.6347981770833333,0.7239583333333334,200.0,1.1,0.1,28.060265599154764,0.015166666666666667,0.9820359281437125,24,2.9396434288530924,0.06914043829428368,2.3396434288530923,2.3554357749261468,1.0,PF,0.0005964441149990307
apartment,PF,30,800,0.02,0.05,0.2,,27,0.3,0.2,2.0,20,0,0.6458333333333334,0.6189453125,0.7786458333333334,160.0,0.9,0.0,28.37463072583993,0.013375,0.9687500000000001,24,2.9475902875661446,0.17505685788056,2.347590287566145,2.2719178121782373,1.0,PF,0.0005818025524990844
apartment,PF,30,800,0.02,0.05,0.2,,26,0.3,0.2,2.0,20,0,0.6477864583333334,0.63212890625,0.7766927083333334,220.0,0.9666666666666667,0.1,28.992758346309934,0.012291666666666666,0.9754901960784315,25,2.956743893952381,0.16817670274400573,2.3567438939523817,2.356533401699466,1.0,PF,0.0006066430212490559
apartment,PF,30,800,0.02,0.05,0.2,,28,0.3,0.2,2.0,20,0,0.533203125,0.5326822916666667,0.734375,220.0,0.8666666666666667,0.0,26.440319259401882,0.011083333333333334,0.7982456140350878,19,3.129723863948474,0.17247519098216796,2.5297238639484734,2.4782068672122266,1.0,PF,0.0005745477612504146
apartment,PF,30,800,0.02,0.05,0.2,,29,0.3,0.2,2.0,20,0,0.6015625,0.5917643229166667,0.7838541666666666,200.0,1.0666666666666667,0.1,27.668905506155955,0.012958333333333334,0.8833652007648183,22,3.072619841578106,0.17636425741185285,2.4726198415781058,2.242245716410623,1.0,PF,0.0005801024487504946
apartment,PF,60,800,0.02,0.05,0.2,,1,0.3,0.2,2.0,20,0,0.873046875,0.85859375,0.9381510416666666,140.0,1.1,0.15,29.316998774686162,0.019125,1.009789156626506,44,2.4709308584869927,0.1841686207771493,1.8709308584869928,1.841600279313044,1.0,PF,0.0010543466662488754
apartment,PF,60,800,0.02,0.05,0.2,,0,0.3,0.2,2.0,20,0,0.8391927083333334,0.82099609375,0.861328125,160.0,1.0166666666666666,0.06666666666666667,29.694067079341906,0.015291666666666667,0.9945987654320988,46,2.257105779102523,0.11493913546609072,1.6571057791025239,1.5531413352468584,1.0,PF,0.0010807395837514376
apartment,PF,60,800,0.02,0.05,0.2,,2,0.3,0.2,2.0,20,0,0.8671875,0.84638671875,0.9225260416666666,180.0,1.1333333333333333,0.15,30.755817775683642,0.0213125,1.0214723926380367,48,2.289564317534508,0.1804756183767377,1.6895643175345079,1.5749011042536574,1.0,PF,0.0011118163025003013
apartment,PF,60,800,0.02,0.05,0.2,,3,0.3,0.2,2.0,20,0,0.841796875,0.8421549479166668,0.869140625,140.0,1.0833333333333333,0.08333333333333333,30.58812721269009,0.017416666666666667,1.0062256809338521,49,2.199944465119913,0.10000242237664504,1.5999444651199126,1.5203196663579943,1.0,PF,0.0010976495312502266
apartment,PF,60,800,0.02,0.05,0.2,,6,0.3,0.2,2.0,20,0,0.830078125,0.8234375,0.853515625,160.0,1.0666666666666667,0.05,29.44888213329073,0.018416666666666668,1.0290556900726393,45,2.307984344448111,0.10900858679555084,1.7079843444481102,1.6734878209999002,1.0,PF,0.0010899691149984393
apartment,PF,60,800,0.02,0.05,0.2,,5,0.3,0.2,2.0,20,0,0.8736979166666666,0.8694010416666668,0.9225260416666666,160.0,1.1833333333333333,0.1,30.902791320505766,0.015916666666666666,1.022086824067022,51,2.2234228009932955,0.18952336599450068,1.6234228009932956,1.5340415871704902,1.0,PF,0.0011065569262518693
apartment,PF,60,800,0.02,0.05,0.2,,4,0.3,0.2,2.0,20,0,0.8248697916666666,0.8064453125,0.8626302083333334,140.0,1.1833333333333333,0.1,31.33932961025344,0.02033333333333333,1.0284090909090908,53,2.1082418385791475,0.1587244655347161,1.5082418385791478,1.494493252006544,1.0,PF,0.0011409591674987497
apartment,PF,60,800,0.02,0.05,0.2,,7,0.3,0.2,2.0,20,0,0.8873697916666666,0.8615559895833333,0.939453125,140.0,1.1333333333333333,0.1,30.54095706728681,0.019354166666666665,1.0404580152671754,49,2.330676411937946,0.1998824780288042,1.7306764119379459,1.6174758899135933,1.0,PF,0.0011244118750005328
apartment,PF,60,800,0.02,0.05,0.2,,8,0.3,0.2,2.0,20,0,0.8470052083333334,0.8436197916666666,0.8782552083333334,160.0,1.0833333333333333,0.18333333333333332,30.67668193754563,0.023416666666666665,0.9901065449010655,50,2.1958991591984374,0.11751032196370731,1.5958991591984368,1.5640062791828115,1.0,PF,0.001118944583749908
apartment,PF,60,800,0.02,0.05,0.2,,9,0.3,0.2,2.0,20,0,0.826171875,0.8228841145833334,0.8782552083333334,180.0,1.0666666666666667,0.08333333333333333,29.660938797933643,0.020770833333333332,0.9541353383458647,45,2.310560418493685,0.09508227170865871,1.7105604184936851,1.6964085137506904,1.0,PF,0.0010635033325002042
apartment,PF,60,800,0.02,0.05,0.2,,10,0.3,0.2,2.0,20,0,0.84765625,0.8267578125,0.912109375,160.0,1.0833333333333333,0.08333333333333333,30.167197901380657,0.016958333333333332,1.0227808326787118,48,2.233324621036902,0.19808136540829058,1.633324621036902,1.5597250772758802,1.0,PF,0.001087272291249519
apartment,PF,60,800,0.02,0.05,0.2,,11,0.3,0.2,2.0,20,0,0.8678385416666666,0.8522460937500002,0.9348958333333334,200.0,1.0166666666666666,0.11666666666666667,30.797412973777213,0.020479166666666666,1.0230237912509594,49,2.270041817262344,0.19103545468925814,1.6700418172623441,1.68321012462357,1.0,PF,0.0010856954687506004
apartment,PF,60,800,0.02,0.05,0.2,,12,0.3,0.2,2.0,20,0,0.8404947916666666,0.82392578125,0.9173177083333334,180.0,1.1166666666666667,0.18333333333333332,29.158266267516485,0.015416666666666667,0.9847444698703279,44,2.4209319329789394,0.19686186132865288,1.8209319329789395,1.758628512437868,1.0,PF,0.0010417322400007834
apartment,PF,60,800,0.02,0.05,0.2,,15,0.3,0.2,2.0,20,0,0.8990885416666666,0.8888671875,0.9537760416666666,160.0,1.0333333333333334,0.1,30.6145895550551,0.018375,1.023721275018532,49,2.273662205736061,0.10589719758659107,1.673662205736061,1.6640118956316394,1.0,PF,0.0010515235412503897
apartment,PF,60,800,0.02,0.05,0.2,,14,0.3,0.2,2.0,20,0,0.8561197916666666,0.84619140625,0.8697916666666666,160.0,1.1666666666666667,0.21666666666666667,30.85072042527845,0.019291666666666665,1.024941543257989,49,2.1964653207334437,0.11484523631738709,1.5964653207334438,1.5244458039642224,1.0,PF,0.0010725386974991126
apartment,PF,60,800,0.02,0.05,0.2,,13,0.3,0.2,2.0,20,0,0.8873697916666666,0.88203125,0.939453125,180.0,1.05,0.13333333333333333,30.999375478464515,0.017416666666666667,1.0088823094004442,51,2.262294539726944,0.1890273900700602,1.662294539726944,1.6098383247074755,1.0,PF,0.0010832852612497846
apartment,PF,60,800,0.02,0.05,0.2,,16,0.3,0.2,2.0,20,0,0.83984375,0.8279622395833333,0.8665364583333334,160.0,1.15,0.13333333333333333,31.058808126494885,0.018916666666666665,1.005455962587685,50,2.1497119535563503,0.10782067311273891,1.5497119535563502,1.551098774981432,1.0,PF,0.0010724180724992038
apartment,PF,60,800,0.02,0.05,0.2,,17,0.3,0.2,2.0,20,0,0.8509114583333334,0.8238932291666666,0.8912760416666666,160.0,1.0,0.1,31.045516868536755,0.021145833333333332,1.0195007800312013,51,2.181794435440268,0.19419650755292583,1.5817944354402673,1.4368057736854478,1.0,PF,0.0011022977599986917
apartment,PF,60,800,0.02,0.05,0.2,,18,0.3,0.2,2.0,20,0,0.8658854166666666,0.8440104166666667,0.9192708333333334,140.0,0.9166666666666666,0.13333333333333333,30.635367263365165,0.012291666666666666,1.0522151898734178,50,2.1919026326835724,0.19304455195250758,1.5919026326835728,1.481747321430144,1.0,PF,0.001075108541249392
apartment,PF,60,800,0.02,0.05,0.2,,19,0.3,0.2,2.0,20,0,0.8489583333333334,0.8202473958333334,0.880859375,140.0,1.2333333333333334,0.16666666666666666,30.217282554516867,0.018666666666666668,1.0124223602484472,47,2.304848240155296,0.15693576282310445,1.7048482401552958,1.6909529704468458,1.0,PF,0.001049131509998915
apartment,PF,60,800,0.02,0.05,0.2,,20,0.3,0.2,2.0,20,0,0.81640625,0.81376953125,0.8697916666666666,180.0,1.0833333333333333,0.15,29.385853640533377,0.019645833333333335,0.9623944742900998,45,2.2371922464430196,0.11057335586969443,1.63719224644302,1.58798154857624,1.0,PF,0.0010258884375002708
apartment,PF,60,800,0.02,0.05,0.2,,21,0.3,0.2,2.0,20,0,0.83984375,0.83662109375,0.9231770833333334,160.0,1.1333333333333333,0.11666666666666667,29.129604429048918,0.017895833333333333,0.9662921348314607,44,2.380251006459264,0.21471113217807117,1.7802510064592645,1.705644091775349,1.0,PF,0.0010362788024986002
apartment,PF,60,800,0.02,0.05,0.2,,22,0.3,0.2,2.0,20,0,0.8678385416666666,0.8628580729166668,0.9231770833333334,220.0,0.8166666666666667,0.11666666666666667,30.258082170840474,0.017,0.9992503748125936,47,2.367527455703205,0.1685839919573635,1.767527455703205,1.7035685618579377,1.0,PF,0.001063253697500386
apartment,PF,60,800,0.02,0.05,0.2,,23,0.3,0.2,2.0,20,0,0.85546875,0.85107421875,0.9225260416666666,140.0,1.15,0.03333333333333333,30.075251074943065,0.017520833333333333,1.0107692307692309,47,2.2519421858746496,0.19702267202954205,1.6519421858746497,1.6128494679399408,1.0,PF,0.001060734687500826
apartment,PF,60,800,0.02,0.05,0.2,,25,0.3,0.2,2.0,20,0,0.8359375,0.8243815104166666,0.8665364583333334,140.0,0.95,0.11666666666666667,30.620632407328916,0.018395833333333333,1.009433962264151,49,2.2037149778667975,0.09336775279700493,1.6037149778667978,1.5852691449399043,1.0,PF,0.0010755396875015322
apartment,PF,60,800,0.02,0.05,0.2,,24,0.3,0.2,2.0,20,0,0.8326822916666666,0.8285481770833332,0.8567708333333334,140.0,1.1666666666666667,0.15,30.098714582743234,0.0188125,0.9899380804953559,48,2.1848886065054463,0.09297404606377746,1.5848886065054462,1.568072361716672,1.0,PF,0.0011396100525007569
apartment,PF,60,800,0.02,0.05,0.2,,26,0.3,0.2,2.0,20,0,0.84765625,0.8374348958333332,0.927734375,160.0,1.0166666666666666,0.16666666666666666,29.806025102113825,0.0178125,0.9908675799086758,46,2.324656560721821,0.17348948962483318,1.7246565607218205,1.6400597200295848,1.0,PF,0.0010683422925012564
apartment,PF,60,800,0.02,0.05,0.2,,27,0.3,0.2,2.0,20,0,0.80078125,0.7970377604166667,0.8326822916666666,140.0,1.1666666666666667,0.11666666666666667,30.468793312081623,0.017729166666666667,0.9879518072289156,47,2.1689573433347826,0.16926513962230247,1.568957343334783,1.5239036825149306,1.0,PF,0.0010897207812513444
apartment,PF,60,800,0.02,0.05,0.2,,28,0.3,0.2,2.0,20,0,0.8619791666666666,0.8562174479166668,0.9283854166666666,220.0,1.0666666666666667,0.15,30.990517478153865,0.017833333333333333,1.0184615384615385,50,2.1557294826304862,0.2087466350947521,1.5557294826304864,1.4964571742653257,1.0,PF,0.0011043663012492288
apartment,PF,60,800,0.02,0.05,0.2,,29,0.3,0.2,2.0,20,0,0.8678385416666666,0.84619140625,0.9290364583333334,160.0,1.2666666666666666,0.13333333333333333,31.032673150339008,0.0176875,1.0191131498470947,49,2.2534698622097755,0.21399234240299303,1.6534698622097752,1.5581375865852367,1.0,PF,0.0011086419274988657
apartment,PF,90,800,0.02,0.05,0.2,,0,0.3,0.2,2.0,20,0,0.9694010416666666,0.9476562500000002,0.9856770833333334,200.0,1.3,0.23333333333333334,32.35808210175847,0.039375,1.0478536242083039,78,1.8980169244459575,0.12896841242591084,1.298016924445958,1.293967300770847,1.0,PF,0.0018759175524996864
apartment,PF,90,800,0.02,0.05,0.2,,3,0.3,0.2,2.0,20,0,0.9290364583333334,0.9199544270833332,0.96875,180.0,1.3777777777777778,0.2111111111111111,29.696552941577234,0.043805555555555556,0.9992997198879552,65,2.028343665420424,0.14241064734498435,1.428343665420424,1.3884698029999383,1.0,PF,0.0018716952600016158
apartment,PF,90,800,0.02,0.05,0.2,,1,0.3,0.2,2.0,20,0,0.9576822916666666,0.93544921875,0.9739583333333334,160.0,1.2444444444444445,0.16666666666666666,31.92382081972786,0.04133333333333333,1.0544802867383511,76,1.8822539537334635,0.16677170715602305,1.2822539537334632,1.2226869030553227,1.0,PF,0.0020277085412499216
apartment,PF,90,800,0.02,0.05,0.2,,2,0.3,0.2,2.0,20,0,0.94140625,0.9240559895833332,0.95703125,240.0,1.3444444444444446,0.2111111111111111,31.796040557588746,0.04561111111111111,1.0425378514780101,76,1.89964926293733,0.12505156223649813,1.29964926293733,1.2725773655342167,1.0,PF,0.002056078124999203
apartment,PF,90,800,0.02,0.05,0.2,,5,0.3,0.2,2.0,20,0,0.9720052083333334,0.9540690104166668,0.9837239583333334,160.0,1.4222222222222223,0.13333333333333333,31.234130384908156,0.03859722222222222,1.0455182072829132,71,2.0028356393888727,0.14118447972598158,1.4028356393888728,1.372013786594282,1.0,PF,0.001986729322500196
apartment,PF,90,800,0.02,0.05,0.2,,4,0.3,0.2,2.0,20,0,0.9505208333333334,0.9255208333333332,0.9635416666666666,180.0,1.7,0.18888888888888888,31.847016840729665,0.047875,1.0188415910676902,76,1.8996574448408405,0.1469781950581236,1.299657444840841,1.249190933345488,1.0,PF,0.0020807950524999795
apartment,PF,90,800,0.02,0.05,0.2,,6,0.3,0.2,2.0,20,0,0.9010416666666666,0.8826497395833334,0.9466145833333334,160.0,1.3888888888888888,0.16666666666666666,29.68840862938753,0.03829166666666667,0.9774011299435028,60,2.0540807068809994,0.12073246858193745,1.454080706880999,1.4614990240348942,1.0,PF,0.001955623697501778
apartment,PF,90,800,0.02,0.05,0.2,,7,0.3,0.2,2.0,20,0,0.9466145833333334,0.9340169270833334,0.9772135416666666,180.0,1.2777777777777777,0.13333333333333333,31.628418630717377,0.036847222222222226,1.0275618374558304,75,1.9315294245561558,0.1389940918729177,1.331529424556156,1.2636351935907566,1.0,PF,0.002132456510000793
apartment,PF,90,800,0.02,0.05,0.2,,8,0.3,0.2,2.0,20,0,0.9498697916666666,0.9202473958333334,0.9713541666666666,200.0,1.4777777777777779,0.14444444444444443,32.14168251399119,0.03819444444444445,1.0332861189801699,76,1.8616585908751615,0.15899244667292053,1.2616585908751614,1.2767601540734148,1.0,PF,0.0022504323949988246
apartment,PF,90,800,0.02,0.05,0.2,,9,0.3,0.2,2.0,20,0,0.9498697916666666,0.9394205729166668,0.9791666666666666,180.0,1.5555555555555556,0.17777777777777778,31.384008701500502,0.04693055555555556,1.0281888653981677,73,1.9403677748712762,0.13919699770948307,1.3403677748712763,1.345395604419632,1.0,PF,0.002989649062499211
apartment,PF,90,800,0.02,0.05,0.2,,10,0.3,0.2,2.0,20,0,0.9524739583333334,0.9225260416666667,0.9713541666666666,140.0,1.3333333333333333,0.13333333333333333,30.37109561221502,0.04076388888888889,1.042022792022792,65,2.038749013903416,0.12475009841394463,1.4387490139034154,1.4280606429566416,1.0,PF,0.002803695051250088
apartment,PF,90,800,0.02,0.05,0.2,,14,0.3,0.2,2.0,20,0,0.9615885416666666,0.9349283854166668,0.9765625,200.0,1.2666666666666666,0.12222222222222222,30.44947469967727,0.041291666666666664,1.0512455516014234,67,2.0416314923467556,0.14185175769965325,1.441631492346756,1.4024586039290128,1.0,PF,0.0028376714062483188
apartment,PF,90,800,0.02,0.05,0.2,,12,0.3,0.2,2.0,20,0,0.9596354166666666,0.9387044270833333,0.9765625,180.0,1.2222222222222223,0.16666666666666666,31.05212991027478,0.03797222222222222,1.0286113049546406,71,1.9623873301363268,0.16242202637017444,1.3623873301363258,1.3386870263768857,1.0,PF,0.0029882978124987857
apartment,PF,90,800,0.02,0.05,0.2,,11,0.3,0.2,2.0,20,0,0.9694010416666666,0.9520833333333334,0.9837239583333334,180.0,1.3888888888888888,0.15555555555555556,31.93047670356837,0.043166666666666666,1.0575284090909092,77,1.8677689182423216,0.16210022572166585,1.2677689182423213,1.2355499487823454,1.0,PF,0.003030168489999596
apartment,PF,90,800,0.02,0.05,0.2,,13,0.3,0.2,2.0,20,0,0.9622395833333334,0.9476888020833334,0.9798177083333334,160.0,1.288888888888889,0.15555555555555556,31.959643115995796,0.034833333333333334,1.0235457063711912,76,1.944581764249555,0.16312741681590762,1.3445817642495552,1.336893808847797,1.0,PF,0.0029537980212489857
apartment,PF,90,800,0.02,0.05,0.2,,15,0.3,0.2,2.0,20,0,0.9615885416666666,0.94912109375,0.9811197916666666,220.0,1.3333333333333333,0.18888888888888888,30.54026052590977,0.03894444444444444,1.0292682926829269,67,2.0561310007081786,0.13908347660376935,1.4561310007081782,1.4215529634973327,1.0,PF,0.002977672916249503
apartment,PF,90,800,0.02,0.05,0.2,,16,0.3,0.2,2.0,20,0,0.9466145833333334,0.9284830729166667,0.9563802083333334,200.0,1.3111111111111111,0.17777777777777778,30.679855644568676,0.03922222222222222,1.0408017179670723,70,1.9692715573977266,0.14398077422588149,1.3692715573977268,1.4078066501314814,1.0,PF,0.0031119754162500612
apartment,PF,90,800,0.02,0.05,0.2,,17,0.3,0.2,2.0,20,0,0.9622395833333334,0.9339518229166666,0.9765625,160.0,1.2777777777777777,0.2,31.369917225738412,0.036347222222222225,1.046742209631728,72,1.95664319136833,0.14698910293303039,1.35664319136833,1.3242552534379706,1.0,PF,0.003100255260001177
apartment,PF,90,800,0.02,0.05,0.2,,18,0.3,0.2,2.0,20,0,0.9615885416666666,0.9525390625000002,0.98046875,180.0,1.3555555555555556,0.17777777777777778,31.516904350959326,0.04211111111111111,1.0249826509368494,75,1.9276764807748938,0.1591493477172853,1.3276764807748938,1.3041745821677928,1.0,PF,0.0025774878125002943
apartment,PF,90,800,0.02,0.05,0.2,,19,0.3,0.2,2.0,20,0,0.9596354166666666,0.9318359375,0.9759114583333334,180.0,1.511111111111111,0.12222222222222222,31.363352383944232,0.043486111111111114,1.0214830214830215,73,1.9826654409998359,0.15560277848255538,1.3826654409998356,1.347229689028718,1.0,PF,0.002462686510000367
apartment,PF,90,800,0.02,0.05,0.2,,22,0.3,0.2,2.0,20,0,0.955078125,0.92841796875,0.9759114583333334,160.0,1.3111111111111111,0.15555555555555556,30.422680212503913,0.04026388888888889,1.0553956834532374,67,2.0079575496734208,0.15125047988436158,1.4079575496734211,1.3401211013300252,1.0,PF,0.0024963901037494906
apartment,PF,90,800,0.02,0.05,0.2,,21,0.3,0.2,2.0,20,0,0.97265625,0.9566080729166666,0.986328125,200.0,1.4777777777777779,0.16666666666666666,31.40425497553114,0.03797222222222222,1.032480995162405,72,2.003594320344025,0.13986287850434603,1.4035943203440249,1.4035346159575965,1.0,PF,0.002629355417500392
apartment,PF,90,800,0.02,0.05,0.2,,20,0.3,0.2,2.0,20,0,0.9615885416666666,0.93564453125,0.9759114583333334,200.0,1.488888888888889,0.23333333333333334,32.20307183954234,0.03790277777777778,1.0542469664525338,77,1.9032919733128637,0.1561415535603891,1.3032919733128645,1.254290335043851,1.0,PF,0.0026787848437493265
apartment,PF,90,800,0.02,0.05,0.2,,23,0.3,0.2,2.0,20,0,0.939453125,0.91669921875,0.9602864583333334,200.0,1.5,0.2111111111111111,31.738751767675986,0.03727777777777778,1.0027797081306462,73,1.8868547554327764,0.1582877294260489,1.2868547554327765,1.29363170107887,1.0,PF,0.002617497916248794
apartment,PF,90,800,0.02,0.05,0.2,,24,0.3,0.2,2.0,20,0,0.9466145833333334,0.92958984375,0.9765625,180.0,1.5333333333333334,0.12222222222222222,31.025780759386393,0.04047222222222222,1.0261115031757235,68,1.9898443304464546,0.14984616509733467,1.389844330446455,1.3669614180445102,1.0,PF,0.0025274081775000924
apartment,PF,90,800,0.02,0.05,0.2,,25,0.3,0.2,2.0,20,0,0.9225260416666666,0.8962239583333333,0.953125,180.0,1.3777777777777778,0.16666666666666666,30.466077825460857,0.04236111111111111,0.9867688022284121,66,2.031248138295862,0.1572633213016086,1.431248138295862,1.3995145419436539,1.0,PF,0.0024746664062513446
apartment,PF,90,800,0.02,0.05,0.2,,26,0.3,0.2,2.0,20,0,0.9661458333333334,0.9398111979166668,0.9817708333333334,160.0,1.3888888888888888,0.2,32.43933461058722,0.03955555555555555,1.0622763063707945,78,1.883157518705188,0.14206751171097015,1.2831575187051882,1.2481949650544468,1.0,PF,0.002661956927499887
apartment,PF,90,800,0.02,0.05,0.2,,27,0.3,0.2,2.0,20,0,0.9752604166666666,0.9562500000000002,0.986328125,180.0,1.5,0.1111111111111111,31.531645703224346,0.04120833333333333,1.0410006949270325,74,1.972505246338661,0.1328584381212586,1.3725052463386611,1.35548006412871,1.0,PF,0.0028060629687502114
apartment,PF,90,800,0.02,0.05,0.2,,28,0.3,0.2,2.0,20,0,0.962890625,0.9435221354166667,0.9772135416666666,160.0,1.3222222222222222,0.12222222222222222,31.985415426503906,0.03231944444444444,1.0335429769392033,75,1.887655013675446,0.18590018357737498,1.2876550136754459,1.2375664110356581,1.0,PF,0.0027430262500001846
apartment,PF,90,800,0.02,0.05,0.2,,29,0.3,0.2,2.0,20,0,0.9674479166666666,0.94814453125,0.982421875,180.0,1.5,0.18888888888888888,32.63036771445843,0.03934722222222222,1.0450070323488045,78,1.8826064492797532,0.1411413098441547,1.2826064492797529,1.280713665487945,1.0,PF,0.0028563888537496496
apartment,PF,120,800,0.02,0.05,0.2,,2,0.3,0.2,2.0,20,0,0.98828125,0.9749674479166668,0.9934895833333334,180.0,1.6416666666666666,0.19166666666666668,31.159747822872855,0.07046875,1.0147058823529411,92,1.740588350620112,0.15978125787231073,1.1405883506201124,1.1489517632748827,1.0,PF,0.0036582817712496763
apartment,PF,120,800,0.02,0.05,0.2,,1,0.3,0.2,2.0,20,0,0.9811197916666666,0.9761067708333335,0.990234375,180.0,1.575,0.175,31.21336091484631,0.09635416666666667,1.0120886501007387,98,1.7059320467870662,0.15957685732252888,1.1059320467870661,1.0463082095094443,1.0,PF,0.0038470783849993495
apartment,PF,120,800,0.02,0.05,0.2,,0,0.3,0.2,2.0,20,0,0.9817708333333334,0.9721354166666666,0.9928385416666666,160.0,1.6083333333333334,0.2,31.256011860559656,0.08160416666666667,1.0168577208361431,96,1.7051701903040855,0.1446824769106176,1.1051701903040858,1.0980103459310522,1.0,PF,0.003884033176250341
apartment,PF,120,800,0.02,0.05,0.2,,3,0.3,0.2,2.0,20,0,0.9973958333333334,0.9949218749999998,0.9986979166666666,200.0,1.625,0.225,31.388447503319124,0.10505208333333334,1.0213333333333334,98,1.7267229745354418,0.15804026537464236,1.1267229745354417,1.1145012406314962,1.0,PF,0.003832691249999698
apartment,PF,120,800,0.02,0.05,0.2,,5,0.3,0.2,2.0,20,0,0.998046875,0.9802408854166667,0.9986979166666666,180.0,1.5333333333333334,0.175,31.64925790505881,0.0856875,1.034412955465587,97,1.709163425678549,0.1587177174883642,1.109163425678549,1.1067301421129363,1.0,PF,0.0037665241149989013
apartment,PF,120,800,0.02,0.05,0.2,,4,0.3,0.2,2.0,20,0,0.9973958333333334,0.9668945312499998,0.998046875,220.0,1.575,0.125,30.366177505893383,0.16090625,1.0400543109300746,99,1.7233020004914748,0.158554294342493,1.123302000491475,1.1235595052828953,1.0,PF,0.0041171742187520975
apartment,PF,120,800,0.02,0.05,0.2,,7,0.3,0.2,2.0,20,0,0.990234375,0.9696289062499999,0.9986979166666666,180.0,1.7166666666666666,0.23333333333333334,31.81650704225931,0.08646875,1.016711229946524,98,1.7026133486736703,0.16799946514519973,1.10261334867367,1.0588332930977564,1.0,PF,0.0033631601050001336
apartment,PF,120,800,0.02,0.05,0.2,,6,0.3,0.2,2.0,20,0,0.994140625,0.97685546875,0.998046875,180.0,1.6583333333333334,0.26666666666666666,31.898632963821925,0.07842708333333333,1.0241448692152917,97,1.6989355339850831,0.17196422391055782,1.098935533985083,1.0714877868520323,1.0,PF,0.003387426926249191
apartment,PF,120,800,0.02,0.05,0.2,,8,0.3,0.2,2.0,20,0,0.9759114583333334,0.9736979166666666,0.9895833333333334,140.0,1.6333333333333333,0.24166666666666667,31.32326621481497,0.07065625,1.0274160383824538,95,1.7090811452450114,0.1453519893303682,1.109081145245012,1.0873427765005022,1.0,PF,0.0032873610937508603
apartment,PF,120,800,0.02,0.05,0.2,,9,0.3,0.2,2.0,20,0,0.9739583333333334,0.9546549479166666,0.9856770833333334,180.0,1.6666666666666667,0.225,30.406119459626243,0.09420833333333334,1.0156143923964698,89,1.7401047264983664,0.14363084466457568,1.1401047264983664,1.1505929103190176,1.0,PF,0.003171606457501639
apartment,PF,120,800,0.02,0.05,0.2,,10,0.3,0.2,2.0,20,0,0.9817708333333334,0.9638020833333332,0.9928385416666666,200.0,1.7166666666666666,0.18333333333333332,30.556466300692573,0.07622916666666667,1.0265486725663717,89,1.7530566109914953,0.16940259579902361,1.1530566109914955,1.146140387400862,1.0,PF,0.003079614426249009
apartment,PF,120,800,0.02,0.05,0.2,,11,0.3,0.2,2.0,20,0,0.9973958333333334,0.9825846354166666,0.9986979166666666,200.0,1.6,0.175,30.731270278000707,0.12146875,1.0302622730329523,92,1.780114163664375,0.14979641501166738,1.1801141636643748,1.174537704949193,1.0,PF,0.0032768274999989445
apartment,PF,120,800,0.02,0.05,0.2,,12,0.3,0.2,2.0,20,0,0.9967447916666666,0.9783528645833334,0.9986979166666666,180.0,1.6583333333333334,0.21666666666666667,32.20989663395943,0.06753125,1.0233957219251335,98,1.6879547606858079,0.16459775808045998,1.0879547606858084,1.0810177962547127,1.0,PF,0.0031500939575016674
apartment,PF,120,800,0.02,0.05,0.2,,13,0.3,0.2,2.0,20,0,0.9798177083333334,0.9559244791666666,0.994140625,160.0,1.5333333333333334,0.20833333333333334,32.07125143972942,0.07045833333333333,1.023809523809524,97,1.6996193270118154,0.1657845463568564,1.0996193270118155,1.0816880546534904,1.0,PF,0.0031269944275004492
apartment,PF,120,800,0.02,0.05,0.2,,14,0.3,0.2,2.0,20,0,0.9811197916666666,0.9613932291666666,0.9915364583333334,140.0,1.6083333333333334,0.225,31.003425327553988,0.09109375,1.025867937372362,95,1.7409114499706562,0.1721320166916299,1.140911449970656,1.1802702606389595,1.0,PF,0.003210057031249107
apartment,PF,120,800,0.02,0.05,0.2,,15,0.3,0.2,2.0,20,0,0.99609375,0.9759440104166666,0.998046875,140.0,1.6083333333333334,0.2,32.01187656001911,0.06886458333333334,1.0365853658536586,98,1.7143585945428175,0.1568731756137057,1.1143585945428174,1.0495519471662,1.0,PF,0.003070900572499795
apartment,PF,120,800,0.02,0.05,0.2,,16,0.3,0.2,2.0,20,0,0.9934895833333334,0.9711914062499998,0.994140625,160.0,1.5583333333333333,0.25,32.38356002380427,0.08095833333333333,1.0214190093708166,101,1.6681919722122092,0.1682264227106101,1.068191972212209,1.0316156373389038,1.0,PF,0.0032324996874990575
apartment,PF,120,800,0.02,0.05,0.2,,17,0.3,0.2,2.0,20,0,0.9973958333333334,0.9847330729166666,0.9993489583333334,160.0,1.4916666666666667,0.20833333333333334,32.33277667406956,0.06189583333333333,1.0240641711229947,99,1.6839794721135826,0.1534623969661387,1.0839794721135825,1.04129110780783,1.0,PF,0.0031605766150005366
apartment,PF,120,800,0.02,0.05,0.2,,18,0.3,0.2,2.0,20,0,0.9915364583333334,0.9807291666666667,0.9947916666666666,200.0,1.4833333333333334,0.175,30.29384989752532,0.10220833333333333,1.029054054054054,93,1.780514704650283,0.15611465911707376,1.1805147046502829,1.1830984022664115,1.0,PF,0.0032069315112494222
apartment,PF,120,800,0.02,0.05,0.2,,19,0.3,0.2,2.0,20,0,0.9850260416666666,0.9738932291666668,0.9947916666666666,180.0,1.6333333333333333,0.24166666666666667,32.02422151652666,0.08267708333333333,1.0377229080932784,100,1.658128892065803,0.16739326823942427,1.0581288920658034,1.082478569874745,1.0,PF,0.003127546771249854
apartment,PF,120,800,0.02,0.05,0.2,,20,0.3,0.2,2.0,20,0,0.9713541666666666,0.9435546875000002,0.986328125,160.0,1.8083333333333333,0.2916666666666667,31.481867380631858,0.08766666666666667,1.0226182316655243,97,1.6997570464807825,0.15786745106532357,1.0997570464807827,1.0879458869329572,1.0,PF,0.00318869703125074
apartment,PF,120,800,0.02,0.05,0.2,,21,0.3,0.2,2.0,20,0,0.9908854166666666,0.9709635416666667,0.9947916666666666,160.0,1.725,0.18333333333333332,32.086752532733115,0.06923958333333333,1.0367847411444142,97,1.694718970230913,0.15255581051209152,1.094718970230913,1.1305880687893097,1.0,PF,0.0030797940100001143
rubble,PF,10,800,0.02,0.05,0.2,,0,0.3,0.2,2.0,20,0,0.26466480446927376,0.26592178770949726,0.3058659217877095,260.0,0.6,0.0,28.984004023814112,0.0055,0.979328165374677,10,2.734840368468516,0.16424499445542068,2.1348403684685158,2.0651622843423274,1.0,PF,0.00044787192624880847
apartment,PF,120,800,0.02,0.05,0.2,,23,0.3,0.2,2.0,20,0,0.978515625,0.9751953125,0.9954427083333334,160.0,1.5333333333333334,0.225,31.462276222311132,0.0725625,1.0040080160320641,95,1.7271689872159341,0.15786827682574806,1.127168987215934,1.1105548077876506,1.0,PF,0.0029935058849991946
apartment,PF,120,800,0.02,0.05,0.2,,22,0.3,0.2,2.0,20,0,0.982421875,0.9771158854166668,0.9934895833333334,200.0,1.5833333333333333,0.20833333333333334,31.05304326790937,0.10842708333333333,1.0093645484949834,94,1.7369049493959168,0.15988234439430746,1.136904949395917,1.128332109114209,1.0,PF,0.0031477170312496127
rubble,PF,10,800,0.02,0.05,0.2,,1,0.3,0.2,2.0,20,0,0.2388268156424581,0.2377793296089385,0.3058659217877095,120.0,0.2,0.0,26.379747189761463,0.001,0.8906250000000001,8,3.18732414628493,0.1826515825134425,2.5873241462849297,2.2895375540312126,1.0,PF,0.00044434406250047685
rubble,PF,10,800,0.02,0.05,0.2,,2,0.3,0.2,2.0,20,0,0.18365921787709497,0.1689594972067039,0.28631284916201116,120.0,0.6,0.1,24.34564377323626,0.002625,0.7645348837209303,6,3.477400580841501,0.23055697037837447,2.877400580841501,2.6451284518426017,1.0,PF,0.0004586583324999083
rubble,PF,10,800,0.02,0.05,0.2,,3,0.3,0.2,2.0,20,0,0.236731843575419,0.23763966480446927,0.30446927374301674,120.0,0.3,0.0,27.843225132070877,0.00175,0.8851174934725848,9,2.668817854566439,0.1175637178054934,2.068817854566439,2.007691627806215,1.0,PF,0.00047325276000037775
apartment,PF,120,800,0.02,0.05,0.2,,25,0.3,0.2,2.0,20,0,0.9908854166666666,0.9823567708333332,0.9947916666666666,180.0,1.5583333333333333,0.20833333333333334,30.00929797674065,0.07563541666666666,1.0187416331994645,86,1.8157512946433947,0.13904998441982208,1.215751294643395,1.1936232226250298,1.0,PF,0.002882281978750143
rubble,PF,10,800,0.02,0.05,0.2,,4,0.3,0.2,2.0,20,0,0.2569832402234637,0.246717877094972,0.30027932960893855,100.0,0.1,0.0,27.82585480297204,0.00125,1.0666666666666667,9,2.996769343449806,0.10056727483968865,2.396769343449806,2.3035489908167905,1.0,PF,0.0004785327612489709
apartment,PF,120,800,0.02,0.05,0.2,,24,0.3,0.2,2.0,20,0,0.9993489583333334,0.9892578124999998,0.9993489583333334,180.0,1.65,0.225,31.660743023263816,0.08171875,1.0267558528428093,98,1.7081727407961704,0.13857491935432087,1.108172740796171,1.091386610052141,1.0,PF,0.0031109979162488345
rubble,PF,10,800,0.02,0.05,0.2,,5,0.3,0.2,2.0,20,0,0.25488826815642457,0.25471368715083803,0.308659217877095,120.0,0.4,0.1,28.085230484900126,0.002375,0.9656084656084655,9,3.063870123804546,0.19649369441445347,2.463870123804546,2.2858859289665205,1.0,PF,0.0004920241137483572
rubble,PF,10,800,0.02,0.05,0.2,,6,0.3,0.2,2.0,20,0,0.210195530726257,0.201536312849162,0.2988826815642458,160.0,0.9,0.1,25.834644578216125,0.004375,0.8026666666666668,7,3.0437971300305366,0.2017205158480271,2.443797130030536,2.192823867852779,1.0,PF,0.00045009041625007737
rubble,PF,10,800,0.02,0.05,0.2,,7,0.3,0.2,2.0,20,0,0.2325418994413408,0.2333100558659218,0.2995810055865922,120.0,0.2,0.0,26.45573424147027,0.002375,0.8856382978723405,8,3.098067316957491,0.22769847255420786,2.4980673169574907,2.197145752714385,1.0,PF,0.0004939961462514475
rubble,PF,10,800,0.02,0.05,0.2,,8,0.3,0.2,2.0,20,0,0.2276536312849162,0.21630586592178772,0.3023743016759777,140.0,0.4,0.0,26.649823868988175,0.001875,0.8624338624338623,8,3.0259721550950767,0.1904828130821166,2.425972155095076,2.283182543080487,1.0,PF,0.00047912494874935874
rubble,PF,10,800,0.02,0.05,0.2,,9,0.3,0.2,2.0,20,0,0.20949720670391062,0.20715782122905027,0.29399441340782123,160.0,0.6,0.0,25.250570918871095,0.00225,0.7957559681697612,7,3.1545850581969765,0.2295748652633542,2.554585058196977,2.1079515332602945,1.0,PF,0.0004632701037485276
rubble,PF,10,800,0.02,0.05,0.2,,11,0.3,0.2,2.0,20,0,0.2409217877094972,0.2413058659217877,0.3058659217877095,120.0,0.4,0.0,27.18649869361397,0.002375,0.9031413612565445,9,2.832728783729097,0.07522194679073763,2.232728783729097,2.2519852436091323,1.0,PF,0.0004762680212502346
rubble,PF,10,800,0.02,0.05,0.2,,10,0.3,0.2,2.0,20,0,0.2674581005586592,0.2654329608938547,0.30377094972067037,120.0,0.4,0.0,28.653491162235934,0.00075,1.0026178010471205,10,2.7988744865042037,0.12817640468259972,2.198874486504203,2.1131437037502643,1.0,PF,0.000501662656249664
rubble,PF,10,800,0.02,0.05,0.2,,13,0.3,0.2,2.0,20,0,0.1808659217877095,0.1781075418994414,0.2988826815642458,180.0,0.3,0.0,23.74946730862336,0.001125,0.6744791666666666,6,3.025244990157738,0.10018080738925796,2.4252449901577378,2.4021993085322886,1.0,PF,0.0004370444262508499
rubble,PF,10,800,0.02,0.05,0.2,,12,0.3,0.2,2.0,20,0,0.24650837988826815,0.24720670391061456,0.3009776536312849,300.0,0.3,0.0,28.304852089156192,0.001375,0.9388297872340425,9,2.8216398285615503,0.16099205835505068,2.2216398285615506,1.9068987567039368,1.0,PF,0.0004641677599988725
rubble,PF,10,800,0.02,0.05,0.2,,14,0.3,0.2,2.0,20,0,0.2206703910614525,0.2189245810055866,0.2988826815642458,120.0,0.2,0.0,25.453938663378416,0.00175,0.8293963254593176,7,3.4859470615699775,0.1679402291414225,2.8859470615699783,2.771070936782176,1.0,PF,0.0004951777087489973
rubble,PF,10,800,0.02,0.05,0.2,,15,0.3,0.2,2.0,20,0,0.2360335195530726,0.2371508379888268,0.3009776536312849,180.0,0.6,0.0,28.135690548238376,0.00325,0.8825065274151436,9,2.6223219145906596,0.12195747369585799,2.0223219145906604,1.8777618846622768,1.0,PF,0.0004666621874980592
rubble,PF,10,800,0.02,0.05,0.2,,16,0.3,0.2,2.0,20,0,0.23044692737430167,0.2334846368715084,0.30307262569832405,120.0,0.3,0.1,26.155304086129586,0.0025,0.8616187989556136,8,3.1263029613261404,0.22320623552168029,2.5263029613261407,2.3815734170284433,1.0,PF,0.0004742360937484591
apartment,PF,120,800,0.02,0.05,0.2,,26,0.3,0.2,2.0,20,0,0.99609375,0.9740885416666668,0.9967447916666666,200.0,1.6,0.23333333333333334,29.71210633693369,0.18880208333333334,1.0843373493975903,102,1.6624976804585305,0.182783145571059,1.0624976804585304,1.1000093942859137,1.0,PF,0.003758454999999685
rubble,PF,10,800,0.02,0.05,0.2,,18,0.3,0.2,2.0,20,0,0.2164804469273743,0.221822625698324,0.2981843575418994,120.0,0.7,0.0,26.289544260392915,0.002625,0.8266666666666667,8,2.8311669736824028,0.15663012315532018,2.231166973682403,2.1299328560170214,1.0,PF,0.00042316083374998925
rubble,PF,10,800,0.02,0.05,0.2,,17,0.3,0.2,2.0,20,0,0.2276536312849162,0.2186103351955307,0.29678770949720673,120.0,0.3,0.0,26.618186896801422,0.00175,0.8578947368421052,8,3.0354429253565614,0.1945971064840948,2.4354429253565613,2.129760166729969,1.0,PF,0.00045877911375100664
rubble,PF,10,800,0.02,0.05,0.2,,19,0.3,0.2,2.0,20,0,0.22695530726256982,0.22852653631284917,0.30377094972067037,200.0,0.5,0.0,26.24769918218841,0.002375,0.8666666666666667,8,2.8307206317745246,0.07057432644835068,2.2307206317745245,2.19559179156897,1.0,PF,0.00046152562499855775
apartment,PF,120,800,0.02,0.05,0.2,,27,0.3,0.2,2.0,20,0,0.9993489583333334,0.9885091145833332,0.9993489583333334,160.0,1.6333333333333333,0.16666666666666666,31.48973086215006,0.07932291666666667,1.0233333333333334,96,1.755773604680936,0.13596842483619212,1.1557736046809362,1.1509734077087268,1.0,PF,0.0032190812499993627
rubble,PF,10,800,0.02,0.05,0.2,,20,0.3,0.2,2.0,20,0,0.22346368715083798,0.22534916201117317,0.2905027932960894,160.0,1.0,0.0,26.62728846941335,0.002375,0.8465608465608465,8,3.0106533094828327,0.18973346601373683,2.410653309482833,2.2060531157112004,1.0,PF,0.00044786458375028815
rubble,PF,10,800,0.02,0.05,0.2,,21,0.3,0.2,2.0,20,0,0.2534916201117318,0.25443435754189947,0.30307262569832405,140.0,0.6,0.0,27.47909921266912,0.00175,0.950261780104712,9,3.0897695420394857,0.21367704521302205,2.4897695420394865,2.291875031377113,1.0,PF,0.00044784390625181915
rubble,PF,10,800,0.02,0.05,0.2,,22,0.3,0.2,2.0,20,0,0.26675977653631283,0.2652932960893855,0.3051675977653631,120.0,0.7,0.1,28.798166223594826,0.005,1.013262599469496,10,2.7709196501668263,0.10253440377624565,2.1709196501668258,2.0674524367540803,1.0,PF,0.0004230544787492363
apartment,PF,120,800,0.02,0.05,0.2,,28,0.3,0.2,2.0,20,0,0.9934895833333334,0.9745442708333332,0.9954427083333334,200.0,1.65,0.16666666666666666,29.230077137663706,0.16304166666666667,1.0276094276094276,89,1.7949871742039658,0.15690209507490618,1.1949871742039657,1.2221741588986705,1.0,PF,0.0033971113537495513
rubble,PF,10,800,0.02,0.05,0.2,,23,0.3,0.2,2.0,20,0,0.23952513966480446,0.23760474860335198,0.3016759776536313,140.0,0.5,0.0,26.247274273667642,0.0035,0.8909090909090909,8,3.178630107206131,0.1899049461130477,2.578630107206131,2.3908458844101133,1.0,PF,0.00041367333374864757
rubble,PF,10,800,0.02,0.05,0.2,,24,0.3,0.2,2.0,20,0,0.2409217877094972,0.23791899441340777,0.30027932960893855,140.0,0.8,0.0,27.848467849544182,0.006625,0.9126984126984127,9,2.7305142887522216,0.10325358614569553,2.130514288752222,2.039668969679807,1.0,PF,0.00042744494749968
rubble,PF,10,800,0.02,0.05,0.2,,25,0.3,0.2,2.0,20,0,0.2702513966480447,0.2682262569832402,0.30656424581005587,180.0,0.5,0.1,28.91014366321972,0.00275,1.0078125,10,2.724464520962331,0.11064243307008974,2.12446452096233,2.0382991111342164,1.0,PF,0.00042882260374881297
rubble,PF,10,800,0.02,0.05,0.2,,26,0.3,0.2,2.0,20,0,0.17807262569832402,0.1780377094972067,0.29748603351955305,240.0,0.6,0.3,23.816114044233768,0.004125,0.6728232189973614,6,3.010145253899042,0.237408191242188,2.4101452538990418,2.065360086420475,1.0,PF,0.0004034949474998939
apartment,PF,120,800,0.02,0.05,0.2,,29,0.3,0.2,2.0,20,0,0.9973958333333334,0.9824869791666666,0.9986979166666666,180.0,1.625,0.23333333333333334,31.364133980626903,0.09929166666666667,1.0393487109905022,99,1.6843589116788704,0.16957320939368478,1.0843589116788703,1.0387669895448517,1.0,PF,0.00338416703124949
rubble,PF,10,800,0.02,0.05,0.2,,27,0.3,0.2,2.0,20,0,0.23952513966480446,0.23931564245810058,0.3023743016759777,180.0,0.2,0.0,26.272686595277303,0.001375,0.9074074074074073,8,3.1307097289316053,0.19411495384429536,2.5307097289316056,2.197499394018156,1.0,PF,0.00042639963624878873
rubble,PF,10,800,0.02,0.05,0.2,,29,0.3,0.2,2.0,20,0,0.17737430167597765,0.1792597765363128,0.29748603351955305,120.0,0.5,0.0,24.040881733238763,0.002625,0.6666666666666667,6,3.5409757765501815,0.24372392191236253,2.940975776550181,2.5118349466074323,1.0,PF,0.0003996695312503107
rubble,PF,10,800,0.02,0.05,0.2,,28,0.3,0.2,2.0,20,0,0.2639664804469274,0.25572625698324025,0.30307262569832405,160.0,0.7,0.1,27.824111214679682,0.002125,0.9973614775725593,9,3.1577030206514487,0.09256172130971536,2.557703020651449,2.4721643646810616,1.0,PF,0.0004221339062496554
rubble,PF,30,800,0.02,0.05,0.2,,0,0.3,0.2,2.0,20,0,0.5111731843575419,0.5108240223463686,0.5733240223463687,180.0,0.9,0.1,30.65573275902265,0.014291666666666666,0.9481865284974093,27,2.3238404400283965,0.21150975832522997,1.7238404400283966,1.6364785390881202,1.0,PF,0.0006613264575003086
rubble,PF,30,800,0.02,0.05,0.2,,1,0.3,0.2,2.0,20,0,0.5181564245810056,0.5170740223463688,0.5733240223463687,240.0,1.0666666666666667,0.03333333333333333,28.77977215315931,0.011208333333333334,0.9525032092426189,24,2.480639356635824,0.15426396557123406,1.8806393566358242,1.958469814163176,1.0,PF,0.0006315532812482161
rubble,PF,30,800,0.02,0.05,0.2,,2,0.3,0.2,2.0,20,0,0.5377094972067039,0.5304469273743015,0.5733240223463687,120.0,0.9333333333333333,0.2,29.00599036181338,0.0135,1.0391363022941968,24,2.577211545201732,0.13384905124359156,1.9772115452017316,1.977793892961543,1.0,PF,0.0006675987499988878
rubble,PF,30,800,0.02,0.05,0.2,,4,0.3,0.2,2.0,20,0,0.43645251396648044,0.4353002793296089,0.5586592178770949,120.0,0.8666666666666667,0.2,26.34276231529585,0.01875,0.8526603001364257,17,3.0917628692429613,0.1475055500572238,2.491762869242961,2.4138451559480645,1.0,PF,0.0006169948437491257
rubble,PF,30,800,0.02,0.05,0.2,,3,0.3,0.2,2.0,20,0,0.5006983240223464,0.5005237430167597,0.5733240223463687,220.0,0.7666666666666667,0.13333333333333333,28.935823766353302,0.013083333333333334,0.9251612903225807,24,2.4791201072358358,0.20265019009284568,1.8791201072358357,1.9525349613485332,1.0,PF,0.0006734514587492413
rubble,PF,30,800,0.02,0.05,0.2,,5,0.3,0.2,2.0,20,0,0.513268156424581,0.5082053072625698,0.6396648044692738,200.0,0.9666666666666667,0.06666666666666667,28.309764259626505,0.018958333333333334,0.9411011523687581,21,2.6938322283283433,0.26741624072628384,2.093832228328344,1.9981815790737705,1.0,PF,0.000666566093750589
rubble,PF,30,800,0.02,0.05,0.2,,6,0.3,0.2,2.0,20,0,0.5258379888268156,0.5230796089385474,0.5810055865921788,220.0,1.1,0.13333333333333333,29.334519213813408,0.015166666666666667,0.970360824742268,25,2.535631022058806,0.17829616159366657,1.935631022058806,1.835028147478329,1.0,PF,0.0006849213537498144
rubble,PF,30,800,0.02,0.05,0.2,,8,0.3,0.2,2.0,20,0,0.4958100558659218,0.49996508379888266,0.5761173184357542,280.0,0.9,0.16666666666666666,29.570208933493227,0.014333333333333333,0.9208819714656291,25,2.2908367784575994,0.18032354899382233,1.6908367784575988,1.5542612125328539,1.0,PF,0.0006764285937492787
rubble,PF,30,800,0.02,0.05,0.2,,7,0.3,0.2,2.0,20,0,0.5432960893854749,0.5307611731843576,0.577513966480447,120.0,0.9333333333333333,0.06666666666666667,31.296794090113007,0.016125,1.0542005420054201,29,2.2591273673287273,0.17941470426292827,1.6591273673287272,1.5496512207990452,1.0,PF,0.0007144644274990242
rubble,PF,30,800,0.02,0.05,0.2,,9,0.3,0.2,2.0,20,0,0.5349162011173184,0.5258030726256984,0.571927374301676,120.0,1.0,0.1,30.23071439867708,0.01375,1.0226969292389854,26,2.334000656053438,0.20419511303794452,1.7340006560534378,1.5833890072318177,1.0,PF,0.0007153973437493733
rubble,PF,30,800,0.02,0.05,0.2,,10,0.3,0.2,2.0,20,0,0.547486033519553,0.5234986033519553,0.5824022346368715,140.0,0.9333333333333333,0.1,28.412180356038284,0.013291666666666667,1.0608930987821379,24,2.5739495600835944,0.12917493371190286,1.9739495600835941,1.914634380996457,1.0,PF,0.0007250348437491994
rubble,PF,30,800,0.02,0.05,0.2,,11,0.3,0.2,2.0,20,0,0.5363128491620112,0.5365572625698324,0.5761173184357542,260.0,1.1333333333333333,0.1,30.81486593764985,0.019333333333333334,0.9820971867007673,27,2.373959142044442,0.17263684789715694,1.7739591420444425,1.7731261737297648,1.0,PF,0.0007293447912479678
rubble,PF,30,800,0.02,0.05,0.2,,12,0.3,0.2,2.0,20,0,0.5377094972067039,0.5349511173184358,0.5768156424581006,220.0,1.0333333333333334,0.16666666666666666,30.30450248421238,0.015583333333333333,0.9821428571428572,26,2.428782680968601,0.18389759636190708,1.828782680968601,1.771190587712093,1.0,PF,0.00070824223874979
rubble,PF,30,800,0.02,0.05,0.2,,13,0.3,0.2,2.0,20,0,0.5363128491620112,0.5322276536312848,0.577513966480447,220.0,1.1333333333333333,0.16666666666666666,30.00134965504254,0.019583333333333335,0.9884169884169883,26,2.4429456458019003,0.1876966305146323,1.8429456458019002,1.8468550098661827,1.0,PF,0.0007471561975012264
rubble,PF,30,800,0.02,0.05,0.2,,16,0.3,0.2,2.0,20,0,0.46997206703910616,0.46616620111731855,0.5712290502793296,200.0,1.1666666666666667,0.16666666666666666,26.376453636540898,0.017125,0.870633893919793,18,2.781791372320889,0.142441337797191,2.1817913723208893,2.3036606989104125,1.0,PF,0.0006927556250002453
rubble,PF,30,800,0.02,0.05,0.2,,14,0.3,0.2,2.0,20,0,0.5349162011173184,0.531668994413408,0.571927374301676,200.0,0.8,0.2,30.61579076422571,0.022291666666666668,0.9973958333333333,27,2.414273875785174,0.17965918322959923,1.8142738757851735,1.680825089555602,1.0,PF,0.0007462808850004876
rubble,PF,30,800,0.02,0.05,0.2,,15,0.3,0.2,2.0,20,0,0.47416201117318435,0.4716480446927374,0.5677374301675978,200.0,1.0,0.13333333333333333,28.374631214951027,0.01633333333333333,0.8795336787564767,22,2.6049859905958574,0.15194966554317196,2.004985990595858,1.9635175050850493,1.0,PF,0.000716720468751646
rubble,PF,30,800,0.02,0.05,0.2,,17,0.3,0.2,2.0,20,0,0.5104748603351955,0.5108938547486034,0.5733240223463687,220.0,1.0,0.16666666666666666,28.658633266526362,0.015375,0.9432258064516128,23,2.5249718748239256,0.18314680070805392,1.9249718748239255,1.8652737104191508,1.0,PF,0.0006972183325001424
rubble,PF,30,800,0.02,0.05,0.2,,18,0.3,0.2,2.0,20,0,0.5237430167597765,0.5158519553072626,0.577513966480447,160.0,1.1,0.13333333333333333,29.285506669387097,0.022166666666666668,0.9881422924901184,24,2.518641952121076,0.19133315864561168,1.9186419521210756,1.8023205833694669,1.0,PF,0.0007327928650011018
rubble,PF,30,800,0.02,0.05,0.2,,19,0.3,0.2,2.0,20,0,0.5279329608938548,0.5231494413407822,0.5754189944134078,140.0,0.9333333333333333,0.13333333333333333,28.844669369147212,0.014791666666666667,1.008,23,2.6282144394517415,0.15877757277105675,2.0282144394517405,2.1362447298237317,1.0,PF,0.0007112797400009185
rubble,PF,30,800,0.02,0.05,0.2,,21,0.3,0.2,2.0,20,0,0.4685754189944134,0.4637220670391062,0.5509776536312849,120.0,0.8666666666666667,0.16666666666666666,26.64442741287042,0.024083333333333335,0.9116847826086957,19,2.713875782844543,0.17762130974228263,2.113875782844543,2.0448325784313157,1.0,PF,0.0006966926562495246
rubble,PF,30,800,0.02,0.05,0.2,,20,0.3,0.2,2.0,20,0,0.5370111731843575,0.5334148044692737,0.5789106145251397,180.0,1.1,0.06666666666666667,29.336989565930782,0.016916666666666667,0.9987012987012986,25,2.449723189397453,0.17154895863492445,1.8497231893974526,1.7531945077742774,1.0,PF,0.0007133352087498679
rubble,PF,30,800,0.02,0.05,0.2,,22,0.3,0.2,2.0,20,0,0.4720670391061452,0.4669343575418995,0.5670391061452514,220.0,1.2666666666666666,0.13333333333333333,27.560221781489936,0.011583333333333333,0.8813559322033898,21,2.5109953507583547,0.15884941938348907,1.9109953507583555,1.8405044951484673,1.0,PF,0.0007089458337509314
rubble,PF,30,800,0.02,0.05,0.2,,23,0.3,0.2,2.0,20,0,0.5230446927374302,0.5175628491620111,0.5796089385474861,200.0,1.0666666666666667,0.2,28.90094202737474,0.014125,0.9714656290531777,24,2.4753003365562782,0.21461400321133106,1.875300336556278,1.6557163408379525,1.0,PF,0.0007007789062504344
rubble,PF,30,800,0.02,0.05,0.2,,25,0.3,0.2,2.0,20,0,0.5,0.4931913407821228,0.5733240223463687,160.0,1.2666666666666666,0.23333333333333334,27.657515241635128,0.021541666666666667,0.9649595687331536,21,2.759552782905449,0.16570074291620857,2.1595527829054486,1.949202116019527,1.0,PF,0.000712857447499573
rubble,PF,30,800,0.02,0.05,0.2,,24,0.3,0.2,2.0,20,0,0.5097765363128491,0.5101256983240223,0.5502793296089385,120.0,0.8333333333333334,0.13333333333333333,30.09442684144692,0.013625,0.9878213802435722,26,2.3491638775279085,0.2043675821142753,1.7491638775279081,1.601291561922623,1.0,PF,0.0007410708325005544
rubble,PF,30,800,0.02,0.05,0.2,,26,0.3,0.2,2.0,20,0,0.5300279329608939,0.5308659217877094,0.5726256983240223,140.0,0.7666666666666667,0.03333333333333333,29.914866511946244,0.010833333333333334,0.9921568627450982,25,2.4328236532316,0.18157110903796345,1.8328236532315998,1.8034702073382545,1.0,PF,0.0007288739062505556
rubble,PF,30,800,0.02,0.05,0.2,,27,0.3,0.2,2.0,20,0,0.539804469273743,0.5390013966480448,0.577513966480447,200.0,1.1333333333333333,0.2,30.907825283566705,0.013541666666666667,0.9974193548387097,28,2.3152673509020874,0.1894125640137308,1.7152673509020873,1.6117772225753342,1.0,PF,0.0007247723437490094
rubble,PF,30,800,0.02,0.05,0.2,,28,0.3,0.2,2.0,20,0,0.5020949720670391,0.4954259776536313,0.5467877094972067,140.0,1.1333333333333333,0.03333333333333333,28.848468778583385,0.018166666666666668,0.9876373626373628,23,2.5674063440921775,0.18289376730252724,1.967406344092178,1.7783577357039229,1.0,PF,0.0007091929687499032
rubble,PF,30,800,0.02,0.05,0.2,,29,0.3,0.2,2.0,20,0,0.5377094972067039,0.5392807262569834,0.5782122905027933,200.0,1.1333333333333333,0.1,30.548932818811743,0.021041666666666667,1.0185185185185184,27,2.4086414100079305,0.18150707223724524,1.808641410007931,1.853556442606267,1.0,PF,0.000730682083751617
rubble,PF,60,800,0.02,0.05,0.2,,0,0.3,0.2,2.0,20,0,0.6745810055865922,0.6736731843575419,0.7849162011173184,240.0,1.05,0.26666666666666666,30.61355375979928,0.019770833333333335,0.943359375,43,2.109654384108779,0.3086238044483985,1.5096543841087788,1.3069992720029897,1.0,PF,0.0012084973962510049
rubble,PF,60,800,0.02,0.05,0.2,,1,0.3,0.2,2.0,20,0,0.6941340782122905,0.6904678770949719,0.7828212290502793,180.0,1.25,0.3,31.27055204226986,0.03625,0.9511961722488037,47,2.049628024052832,0.2747047812437783,1.449628024052832,1.3221981818809794,1.0,PF,0.0012098861975005093
rubble,PF,60,800,0.02,0.05,0.2,,3,0.3,0.2,2.0,20,0,0.7646648044692738,0.7523044692737431,0.8582402234636871,200.0,1.15,0.21666666666666667,30.557759781892077,0.033979166666666664,1.0233644859813085,44,2.1327429888295,0.17767014975956727,1.5327429888294999,1.431535991669928,1.0,PF,0.0011930800512504902
rubble,PF,60,800,0.02,0.05,0.2,,2,0.3,0.2,2.0,20,0,0.6801675977653632,0.6703910614525139,0.7660614525139665,240.0,1.35,0.25,31.96403788370923,0.02660416666666667,0.9521016617790812,49,1.9107964563825701,0.3183748007300248,1.31079645638257,1.1470119810003703,1.0,PF,0.0012215039062493816
rubble,PF,60,800,0.02,0.05,0.2,,4,0.3,0.2,2.0,20,0,0.7227653631284916,0.6916550279329609,0.7702513966480447,200.0,1.25,0.5333333333333333,33.26369174713338,0.027979166666666666,1.0894736842105264,53,1.8644646817139,0.23540476583507058,1.2644646817138998,1.2095080254126125,1.0,PF,0.0012797170312478555
rubble,PF,60,800,0.02,0.05,0.2,,5,0.3,0.2,2.0,20,0,0.7150837988826816,0.7024092178770949,0.8023743016759777,200.0,1.1833333333333333,0.2833333333333333,33.06380296366696,0.035604166666666666,1.0009775171065494,52,1.8777140256567135,0.19644796342543513,1.2777140256567137,1.1770692270525736,1.0,PF,0.001264452708751378
rubble,PF,60,800,0.02,0.05,0.2,,6,0.3,0.2,2.0,20,0,0.7318435754189944,0.7120810055865922,0.7995810055865922,240.0,1.25,0.5,31.851514590308177,0.0255,1.0693877551020408,48,2.0370087677173223,0.21308602582263678,1.437008767717322,1.3711644368227205,1.0,PF,0.0011735307287494834
rubble,PF,60,800,0.02,0.05,0.2,,7,0.3,0.2,2.0,20,0,0.7046089385474861,0.6864525139664803,0.7688547486033519,160.0,1.3333333333333333,0.2833333333333333,31.572992732819614,0.0290625,1.0532359081419627,47,2.022975813132465,0.25448681332754686,1.4229758131324646,1.283613030298751,1.0,PF,0.0011562601037508101
rubble,PF,60,800,0.02,0.05,0.2,,8,0.3,0.2,2.0,20,0,0.7171787709497207,0.7107891061452514,0.8037709497206704,300.0,1.1,0.5666666666666667,31.933122309085505,0.024395833333333332,0.9734597156398105,49,1.96922709069073,0.213399340238437,1.36922709069073,1.251984268656118,1.0,PF,0.0011883964062508311
rubble,PF,60,800,0.02,0.05,0.2,,9,0.3,0.2,2.0,20,0,0.6759776536312849,0.6589734636871509,0.7311452513966481,240.0,1.2833333333333334,0.3333333333333333,32.06609505976001,0.024979166666666667,1.0072840790842872,49,1.885848445870664,0.28616108072941254,1.2858484458706643,1.153226409667118,1.0,PF,0.0011880910937497901
rubble,PF,60,800,0.02,0.05,0.2,,10,0.3,0.2,2.0,20,0,0.7227653631284916,0.6973114525139664,0.770949720670391,220.0,1.0833333333333333,0.4,32.081287621066494,0.0300625,1.0038797284190106,49,1.9699881795450667,0.2506563510073877,1.3699881795450666,1.1839605116816596,1.0,PF,0.0011728356250000616
rubble,PF,60,800,0.02,0.05,0.2,,12,0.3,0.2,2.0,20,0,0.6990223463687151,0.6773393854748603,0.8002793296089385,260.0,1.15,0.4166666666666667,30.017732398807535,0.021229166666666667,1.0070422535211268,42,2.0903497504521034,0.21500075846756142,1.4903497504521037,1.323176111737619,1.0,PF,0.0011509184375017867
rubble,PF,60,800,0.02,0.05,0.2,,11,0.3,0.2,2.0,20,0,0.7150837988826816,0.686627094972067,0.7730446927374302,200.0,1.1333333333333333,0.35,31.99308970855459,0.026458333333333334,1.0427698574338087,47,2.061138486294774,0.207125848593892,1.4611384862947738,1.4015932266702236,1.0,PF,0.0011808762500004376
rubble,PF,60,800,0.02,0.05,0.2,,13,0.3,0.2,2.0,20,0,0.7430167597765364,0.721822625698324,0.8058659217877095,180.0,1.35,0.35,31.727358548299215,0.04039583333333333,1.0350194552529184,48,2.0277205692845626,0.20561020031285404,1.4277205692845623,1.3419269106188048,1.0,PF,0.0012183693750012026
rubble,PF,60,800,0.02,0.05,0.2,,14,0.3,0.2,2.0,20,0,0.6990223463687151,0.6808659217877094,0.7597765363128491,240.0,1.1666666666666667,0.38333333333333336,32.135108618142915,0.029791666666666668,1.0427083333333333,48,1.9973191964229937,0.28229335939675543,1.3973191964229936,1.2552125050057863,1.0,PF,0.0012224108324994632
rubble,PF,60,800,0.02,0.05,0.2,,15,0.3,0.2,2.0,20,0,0.7039106145251397,0.6861033519553074,0.7779329608938548,260.0,1.4833333333333334,0.5166666666666667,31.768883664337555,0.0291875,0.9748549323017409,47,1.9645177389203803,0.15890698031792155,1.3645177389203802,1.2892130325788638,1.0,PF,0.0011908963025007325
rubble,PF,60,800,0.02,0.05,0.2,,16,0.3,0.2,2.0,20,0,0.6927374301675978,0.6766061452513967,0.7416201117318436,160.0,1.3,0.4166666666666667,33.5168911783866,0.0295625,1.0269151138716357,53,1.8293631065237044,0.2159460311922284,1.229363106523704,1.1315722706585647,1.0,PF,0.0013006727087508808
rubble,PF,60,800,0.02,0.05,0.2,,17,0.3,0.2,2.0,20,0,0.7094972067039106,0.6931564245810055,0.7793296089385475,200.0,1.35,0.21666666666666667,32.77874400485371,0.0281875,1.0377936670071501,51,1.8910943273747274,0.21768229916728513,1.2910943273747273,1.1646687850345563,1.0,PF,0.0014173695837484956
rubble,PF,60,800,0.02,0.05,0.2,,18,0.3,0.2,2.0,20,0,0.7248603351955307,0.7079259776536313,0.8191340782122905,220.0,1.25,0.25,32.2795337970523,0.026375,1.0048402710551791,49,1.9601457597189484,0.20224211958572796,1.3601457597189484,1.2674825388989461,1.0,PF,0.0012882136462508242
rubble,PF,60,800,0.02,0.05,0.2,,19,0.3,0.2,2.0,20,0,0.6766759776536313,0.6624301675977653,0.7513966480446927,260.0,1.2666666666666666,0.38333333333333336,31.570230495509456,0.022145833333333333,0.96996996996997,45,2.009635333719601,0.252712327263491,1.4096353337196013,1.305634884641072,1.0,PF,0.0012437151037488548
rubble,PF,60,800,0.02,0.05,0.2,,21,0.3,0.2,2.0,20,0,0.696927374301676,0.6877793296089385,0.7835195530726257,200.0,1.3333333333333333,0.23333333333333334,29.925133751923237,0.03264583333333333,0.955023923444976,43,2.143564628117509,0.2696307716618342,1.5435646281175088,1.3845623118463113,1.0,PF,0.001219233698750486
rubble,PF,60,800,0.02,0.05,0.2,,20,0.3,0.2,2.0,20,0,0.7374301675977654,0.7160265363128492,0.8100558659217877,180.0,1.0833333333333333,0.26666666666666666,31.581319544245094,0.03302083333333333,1.0183220829315334,47,2.0098946032859977,0.22314124790103246,1.4098946032859971,1.3084650520278456,1.0,PF,0.001296525781249329
rubble,PF,60,800,0.02,0.05,0.2,,22,0.3,0.2,2.0,20,0,0.6864525139664804,0.6840083798882681,0.7751396648044693,220.0,1.35,0.5166666666666667,32.177362028127604,0.029041666666666667,0.9703849950641659,51,1.8549994714588904,0.2073382484319683,1.2549994714588901,1.1980124058573307,1.0,PF,0.0013132785412517478
rubble,PF,60,800,0.02,0.05,0.2,,23,0.3,0.2,2.0,20,0,0.678072625698324,0.6606843575418995,0.7185754189944135,200.0,1.2833333333333334,0.38333333333333336,31.582132052935503,0.02775,1.0083073727933543,48,1.9357068503044619,0.18984060877645262,1.3357068503044618,1.29036482308208,1.0,PF,0.0013324779162485357
rubble,PF,60,800,0.02,0.05,0.2,,24,0.3,0.2,2.0,20,0,0.6906424581005587,0.6854050279329609,0.7597765363128491,240.0,1.3,0.3333333333333333,32.02899525556778,0.0309375,0.9801783944499505,49,1.9795011544483816,0.2888697529364822,1.3795011544483817,1.2668437429317128,1.0,PF,0.0013119589587495283
rubble,PF,60,800,0.02,0.05,0.2,,25,0.3,0.2,2.0,20,0,0.5977653631284916,0.5931913407821229,0.75,180.0,1.4333333333333333,0.26666666666666666,30.135415182113977,0.02475,0.8534396809571286,41,2.036829890179502,0.26749637699815476,1.436829890179502,1.3289504480879497,1.0,PF,0.00126513140625093
rubble,PF,60,800,0.02,0.05,0.2,,26,0.3,0.2,2.0,20,0,0.6871508379888268,0.6822625698324023,0.75768156424581,200.0,1.0333333333333334,0.3,30.754004265384957,0.027104166666666665,0.9723320158102767,45,2.1135387422078464,0.30624466014871066,1.5135387422078463,1.3270458022924498,1.0,PF,0.0012710708862482534
rubble,PF,60,800,0.02,0.05,0.2,,27,0.3,0.2,2.0,20,0,0.7136871508379888,0.6971717877094973,0.7639664804469274,240.0,1.05,0.35,31.943143311601826,0.024916666666666667,1.020979020979021,50,1.9742011655861291,0.2796753885277594,1.3742011655861297,1.282448400875647,1.0,PF,0.00127789135500052
rubble,PF,60,800,0.02,0.05,0.2,,28,0.3,0.2,2.0,20,0,0.6899441340782123,0.6839734636871508,0.7814245810055865,180.0,1.3666666666666667,0.31666666666666665,31.080582283638822,0.03685416666666667,0.9880000000000001,46,1.9978348617160122,0.22126687842711726,1.3978348617160123,1.3287476187223457,1.0,PF,0.0012575508850000007
rubble,PF,60,800,0.02,0.05,0.2,,29,0.3,0.2,2.0,20,0,0.6787709497206704,0.6387918994413407,0.7590782122905028,240.0,1.3,0.36666666666666664,32.13442937388728,0.0271875,0.972972972972973,49,1.9530559208370852,0.35967025158412713,1.3530559208370856,1.194589427340833,1.0,PF,0.001294151822501135
rubble,PF,90,800,0.02,0.05,0.2,,0,0.3,0.2,2.0,20,0,0.8037709497206704,0.7862779329608939,0.8512569832402235,240.0,1.2222222222222223,0.35555555555555557,33.08726038173396,0.042291666666666665,0.9965367965367966,70,1.7448869217090646,0.29637542892324276,1.1448869217090647,1.0107595857287528,1.0,PF,0.002112893593748595
rubble,PF,90,800,0.02,0.05,0.2,,2,0.3,0.2,2.0,20,0,0.8372905027932961,0.8097765363128492,0.8819832402234636,240.0,1.1888888888888889,0.4444444444444444,33.13296639764092,0.041166666666666664,1.0109612141652613,72,1.7557542619786959,0.22728957896596017,1.1557542619786956,1.0400626533856292,1.0,PF,0.002170326562500122
rubble,PF,90,800,0.02,0.05,0.2,,1,0.3,0.2,2.0,20,0,0.8645251396648045,0.8450418994413406,0.9001396648044693,220.0,1.2666666666666666,0.4111111111111111,33.926578865419486,0.041305555555555554,1.0299500831946755,75,1.7169181752435099,0.31904848068703257,1.1169181752435093,0.9777985509095636,1.0,PF,0.002281595520000792
rubble,PF,90,800,0.02,0.05,0.2,,3,0.3,0.2,2.0,20,0,0.8247206703910615,0.8016061452513966,0.8596368715083799,280.0,1.3111111111111111,0.34444444444444444,34.040469101485776,0.03998611111111111,1.0479148181011535,73,1.7516072055525451,0.24689794895021175,1.1516072055525455,1.0338661800396038,1.0,PF,0.0022408134374995825
rubble,PF,90,800,0.02,0.05,0.2,,4,0.3,0.2,2.0,20,0,0.8589385474860335,0.8156773743016759,0.9050279329608939,240.0,1.1777777777777778,0.34444444444444444,34.07756063538658,0.03805555555555556,1.0310142497904442,73,1.7338475754696256,0.28188413483478125,1.1338475754696258,0.9823175475498539,1.0,PF,0.0022951470312500533
rubble,PF,90,800,0.02,0.05,0.2,,5,0.3,0.2,2.0,20,0,0.8512569832402235,0.8119413407821229,0.8924581005586593,260.0,1.3666666666666667,0.43333333333333335,32.93980148642054,0.04791666666666667,1.0,70,1.815073408046944,0.26856249012277544,1.2150734080469439,1.0234692866154713,1.0,PF,0.0023366268749987285
rubble,PF,90,800,0.02,0.05,0.2,,7,0.3,0.2,2.0,20,0,0.8624301675977654,0.8453910614525139,0.9196927374301676,300.0,1.4222222222222223,0.2777777777777778,32.55510792594691,0.04426388888888889,1.002435064935065,66,1.8792455028324622,0.27811076273703367,1.2792455028324619,1.1460953411409247,1.0,PF,0.0022927831762490315
rubble,PF,90,800,0.02,0.05,0.2,,8,0.3,0.2,2.0,20,0,0.8470670391061452,0.8220321229050281,0.9008379888268156,240.0,1.2222222222222223,0.35555555555555557,33.41716008561412,0.036333333333333336,1.0236286919831223,71,1.7517941492030393,0.2826270440730752,1.1517941492030401,0.9691204932177083,1.0,PF,0.002335298958751082
rubble,PF,90,800,0.02,0.05,0.2,,6,0.3,0.2,2.0,20,0,0.8568435754189944,0.8346019553072626,0.8945530726256983,220.0,1.2666666666666666,0.2777777777777778,33.52926590808912,0.051527777777777777,1.0559380378657486,74,1.7332371799727622,0.23697085103774598,1.1332371799727619,1.0875126495555467,1.0,PF,0.002418014375000439
rubble,PF,90,800,0.02,0.05,0.2,,9,0.3,0.2,2.0,20,0,0.8589385474860335,0.8275139664804471,0.8973463687150838,220.0,1.3777777777777778,0.4111111111111111,33.43930705440603,0.03933333333333333,1.0982142857142858,72,1.7444459546879374,0.2506414581454662,1.1444459546879375,1.0041787331588405,1.0,PF,0.0023183491674990363
rubble,PF,90,800,0.02,0.05,0.2,,10,0.3,0.2,2.0,20,0,0.8722067039106145,0.8432262569832403,0.8994413407821229,280.0,1.3555555555555556,0.36666666666666664,33.14974872013594,0.044430555555555556,1.0804498269896194,72,1.728383017907486,0.2503194075612978,1.1283830179074859,1.0533334842496358,1.0,PF,0.002251643853749101
rubble,PF,90,800,0.02,0.05,0.2,,11,0.3,0.2,2.0,20,0,0.8777932960893855,0.8653282122905027,0.9155027932960894,240.0,1.3111111111111111,0.45555555555555555,33.26464123797552,0.03988888888888889,1.033717105263158,73,1.768308682324309,0.2458111267715293,1.168308682324309,1.0151849608285453,1.0,PF,0.0022547447399983867
rubble,PF,90,800,0.02,0.05,0.2,,12,0.3,0.2,2.0,20,0,0.8037709497206704,0.7884776536312849,0.8966480446927374,220.0,1.2,0.4666666666666667,32.42152263693923,0.036055555555555556,0.9829205807002562,67,1.780673725237944,0.2744925706106518,1.180673725237944,1.0074173756861087,1.0,PF,0.0021359835937482786
rubble,PF,90,800,0.02,0.05,0.2,,13,0.3,0.2,2.0,20,0,0.8533519553072626,0.833763966480447,0.8931564245810056,260.0,1.3888888888888888,0.45555555555555555,32.144960363634006,0.04741666666666667,1.0217391304347827,67,1.8483321893333085,0.22772628773001538,1.248332189333309,1.1278867212901216,1.0,PF,0.002113936355001442
rubble,PF,90,800,0.02,0.05,0.2,,14,0.3,0.2,2.0,20,0,0.8463687150837989,0.8325418994413407,0.8966480446927374,240.0,1.0888888888888888,0.4,33.76239657759577,0.043944444444444446,1.000825763831544,74,1.752234202084703,0.25443132596380674,1.1522342020847027,1.0272787645992643,1.0,PF,0.002128565365001123
rubble,PF,90,800,0.02,0.05,0.2,,15,0.3,0.2,2.0,20,0,0.7918994413407822,0.7711941340782122,0.8470670391061452,220.0,1.288888888888889,0.26666666666666666,31.981639712250026,0.04040277777777778,0.9964850615114237,67,1.7579271263589378,0.2739173220224272,1.1579271263589377,0.9931136620036373,1.0,PF,0.0020012546875000227
rubble,PF,90,800,0.02,0.05,0.2,,16,0.3,0.2,2.0,20,0,0.8414804469273743,0.8055167597765361,0.8798882681564246,180.0,1.511111111111111,0.35555555555555557,33.93861775208678,0.042083333333333334,1.0352233676975946,72,1.7553570455554413,0.2748451901602554,1.1553570455554414,1.0020456415132244,1.0,PF,0.0020630659375001415
rubble,PF,90,800,0.02,0.05,0.2,,17,0.3,0.2,2.0,20,0,0.8798882681564246,0.8473463687150838,0.9071229050279329,240.0,1.2333333333333334,0.4111111111111111,33.681092589791916,0.04622222222222222,1.0561609388097235,74,1.7738938523375563,0.23835306359335853,1.1738938523375562,1.0704577311439627,1.0,PF,0.0020652834375005113
rubble,PF,90,800,0.02,0.05,0.2,,18,0.3,0.2,2.0,20,0,0.7953910614525139,0.7344972067039107,0.8547486033519553,240.0,1.2222222222222223,0.37777777777777777,33.3479524407845,0.04427777777777778,0.9982471516213848,72,1.6920587334454187,0.2757550138931263,1.0920587334454186,0.9804990121995111,1.0,PF,0.00198953151124897
rubble,PF,90,800,0.02,0.05,0.2,,19,0.3,0.2,2.0,20,0,0.8337988826815642,0.7870810055865923,0.88268156424581,260.0,1.2666666666666666,0.4888888888888889,32.953666050730426,0.042708333333333334,1.0231362467866323,69,1.8435072622132416,0.24528344938436572,1.2435072622132417,1.0628801198463753,1.0,PF,0.0019495969787499234
rubble,PF,90,800,0.02,0.05,0.2,,20,0.3,0.2,2.0,20,0,0.8184357541899442,0.8009427374301676,0.86731843575419,240.0,1.1777777777777778,0.4111111111111111,32.722786761386736,0.03793055555555556,1.0,68,1.730128398916674,0.2722644221072654,1.1301283989166742,1.0209124849445894,1.0,PF,0.0019431365100012954
rubble,PF,90,800,0.02,0.05,0.2,,21,0.3,0.2,2.0,20,0,0.8505586592178771,0.8383030726256985,0.8903631284916201,260.0,1.5,0.3888888888888889,32.22303396324037,0.04081944444444444,1.004950495049505,66,1.8298423747918398,0.2531431013369297,1.2298423747918394,1.0802849209284304,1.0,PF,0.0018784332812515458
rubble,PF,90,800,0.02,0.05,0.2,,22,0.3,0.2,2.0,20,0,0.75768156424581,0.7393156424581007,0.8400837988826816,240.0,1.1888888888888889,0.35555555555555557,31.244527514378,0.04616666666666667,0.9393939393939394,63,1.8381820534204327,0.2760365737006114,1.2381820534204329,1.102418862772082,1.0,PF,0.0019158883850013807
rubble,PF,90,800,0.02,0.05,0.2,,23,0.3,0.2,2.0,20,0,0.8191340782122905,0.786836592178771,0.8554469273743017,200.0,1.2333333333333334,0.28888888888888886,33.54673806889976,0.04681944444444444,1.0605786618444846,75,1.70585568255627,0.25909841893721375,1.10585568255627,1.026884647958354,1.0,PF,0.002333704375000707
rubble,PF,90,800,0.02,0.05,0.2,,24,0.3,0.2,2.0,20,0,0.8261173184357542,0.8082751396648046,0.8729050279329609,200.0,1.3777777777777778,0.4222222222222222,31.91355266269626,0.04811111111111111,1.0368098159509203,65,1.8538787982536082,0.2229766917971186,1.253878798253608,1.1162373901004288,1.0,PF,0.0023163013549992685
rubble,PF,90,800,0.02,0.05,0.2,,25,0.3,0.2,2.0,20,0,0.8729050279329609,0.8509078212290504,0.9399441340782123,260.0,1.4555555555555555,0.4444444444444444,32.65456976936745,0.051875,1.0080645161290323,69,1.8518352583423527,0.2373612329662305,1.2518352583423527,1.1079336614882784,1.0,PF,0.002492369322499144
rubble,PF,90,800,0.02,0.05,0.2,,26,0.3,0.2,2.0,20,0,0.8128491620111732,0.7774441340782122,0.8708100558659218,220.0,1.2,0.23333333333333334,32.34830314769137,0.043027777777777776,0.9814502529510961,69,1.791211446182523,0.2821439321883562,1.1912114461825236,1.1281994992169095,1.0,PF,0.0025500939574999394
rubble,PF,90,800,0.02,0.05,0.2,,27,0.3,0.2,2.0,20,0,0.8568435754189944,0.8340782122905027,0.9099162011173184,260.0,1.2555555555555555,0.5,34.01651520191761,0.04455555555555556,1.0336983993260318,75,1.7809557793590747,0.2828844347236719,1.1809557793590746,1.0186254847656353,1.0,PF,0.002764498750000257
rubble,PF,90,800,0.02,0.05,0.2,,28,0.3,0.2,2.0,20,0,0.8840782122905028,0.8315293296089387,0.9182960893854749,240.0,1.4555555555555555,0.37777777777777777,33.628058720727886,0.043291666666666666,1.0585284280936456,71,1.7975432023557976,0.2746050161163576,1.1975432023557977,1.0582197218423834,1.0,PF,0.0026810282812493825
rubble,PF,90,800,0.02,0.05,0.2,,29,0.3,0.2,2.0,20,0,0.8498603351955307,0.8336243016759776,0.8903631284916201,260.0,1.3222222222222222,0.4,33.985862492182676,0.04665277777777778,1.0509499136442142,76,1.719112058284429,0.2719978187786984,1.119112058284429,0.9866941493714169,1.0,PF,0.0028107418750005306
rubble,PF,120,800,0.02,0.05,0.2,,1,0.3,0.2,2.0,20,0,0.9587988826815642,0.9391061452513967,0.9713687150837989,280.0,1.4333333333333333,0.4666666666666667,32.75805646272077,0.08144791666666666,1.0223380491437082,94,1.6006570385316583,0.26709298309786855,1.0006570385316584,0.8765616625924376,1.0,PF,0.00398194583375016
rubble,PF,120,800,0.02,0.05,0.2,,0,0.3,0.2,2.0,20,0,0.9706703910614525,0.9494064245810057,0.9832402234636871,280.0,1.3583333333333334,0.5083333333333333,35.04966124343239,0.06870833333333333,1.0675883256528418,105,1.5208245392076283,0.26692198825777497,0.9208245392076282,0.8778693933090088,1.0,PF,0.004215215937499579
rubble,PF,120,800,0.02,0.05,0.2,,3,0.3,0.2,2.0,20,0,0.8840782122905028,0.8769902234636872,0.9713687150837989,300.0,1.4416666666666667,0.5666666666666667,32.76647124097932,0.06741666666666667,0.9363905325443788,89,1.6047001175546705,0.28581951200404815,1.0047001175546704,0.8976398872246408,1.0,PF,0.00358487671875082
rubble,PF,120,800,0.02,0.05,0.2,,2,0.3,0.2,2.0,20,0,0.9762569832402235,0.9561103351955307,0.9839385474860335,240.0,1.425,0.5416666666666666,34.364731550829916,0.08329166666666667,1.1319838056680163,102,1.5544607768814396,0.24819115577095763,0.9544607768814396,0.8389693454661342,1.0,PF,0.0039055063549994886
rubble,PF,120,800,0.02,0.05,0.2,,4,0.3,0.2,2.0,20,0,0.9629888268156425,0.9352304469273743,0.9818435754189944,280.0,1.4333333333333333,0.575,32.798105862093784,0.07559375,1.0352852852852852,91,1.6552563237912599,0.24730857182051297,1.0552563237912604,0.9731666524676169,1.0,PF,0.003538072240000929
rubble,PF,120,800,0.02,0.05,0.2,,5,0.3,0.2,2.0,20,0,0.9483240223463687,0.9294692737430168,0.965782122905028,300.0,1.4916666666666667,0.6083333333333333,34.10063808038645,0.07038541666666667,1.0478395061728394,99,1.545280299597291,0.28789891087492037,0.9452802995972912,0.868673603756898,1.0,PF,0.0037411133337491263
rubble,PF,120,800,0.02,0.05,0.2,,6,0.3,0.2,2.0,20,0,0.9608938547486033,0.9336941340782123,0.9755586592178771,260.0,1.5166666666666666,0.43333333333333335,32.81329224224974,0.0805625,1.0432145564821835,93,1.6334919108817165,0.292396316897775,1.0334919108817167,0.871416474860475,1.0,PF,0.0033655576562500755
rubble,PF,120,800,0.02,0.05,0.2,,7,0.3,0.2,2.0,20,0,0.9518156424581006,0.9143156424581005,0.9741620111731844,300.0,1.6833333333333333,0.5583333333333333,33.87022514531861,0.0753125,1.0420489296636086,97,1.5853878656788767,0.2906655590327689,0.9853878656788766,0.8651172649684232,1.0,PF,0.003405307499999708
rubble,PF,120,800,0.02,0.05,0.2,,8,0.3,0.2,2.0,20,0,0.9713687150837989,0.9493715083798884,0.9839385474860335,260.0,1.3666666666666667,0.6166666666666667,34.14979146136348,0.07480208333333334,1.0569908814589666,98,1.59050381896499,0.2877435449923624,0.9905038189649896,0.9052739728756499,1.0,PF,0.003338257396251265
rubble,PF,120,800,0.02,0.05,0.2,,9,0.3,0.2,2.0,20,0,0.9608938547486033,0.9177374301675979,0.9818435754189944,280.0,1.4916666666666667,0.575,33.54716010730216,0.06653125,1.0299401197604792,94,1.6480086254946147,0.2822270428948372,1.0480086254946146,0.932287119854914,1.0,PF,0.003008663125001476
rubble,PF,120,800,0.02,0.05,0.2,,10,0.3,0.2,2.0,20,0,0.9741620111731844,0.9556564245810056,0.9853351955307262,240.0,1.4333333333333333,0.4666666666666667,34.99413695388589,0.07858333333333334,1.0600303951367782,106,1.5195899348777182,0.2544450307313996,0.9195899348777179,0.8689850841023452,1.0,PF,0.0032382707287501944
rubble,PF,120,800,0.02,0.05,0.2,,11,0.3,0.2,2.0,20,0,0.9727653631284916,0.9493016759776536,0.9846368715083799,240.0,1.5,0.5583333333333333,34.09608684574673,0.07063541666666667,1.0617378048780488,96,1.6153080737967054,0.24628036974624865,1.0153080737967055,0.9559028848504113,1.0,PF,0.0029860586974996294
rubble,PF,120,800,0.02,0.05,0.2,,12,0.3,0.2,2.0,20,0,0.973463687150838,0.9640712290502792,0.9832402234636871,260.0,1.3666666666666667,0.4083333333333333,33.68857254053725,0.0731875,1.0402985074626865,98,1.60925745668936,0.23452373756250353,1.00925745668936,0.9308669365557892,1.0,PF,0.002977861302499605
rubble,PF,120,800,0.02,0.05,0.2,,13,0.3,0.2,2.0,20,0,0.9085195530726257,0.8442388268156424,0.9490223463687151,260.0,1.4916666666666667,0.4166666666666667,32.12043344649068,0.07157291666666667,1.0284584980237155,84,1.6586078535147526,0.2740593983441536,1.0586078535147527,0.9266627491927695,1.0,PF,0.002877794531248128
rubble,PF,120,800,0.02,0.05,0.2,,14,0.3,0.2,2.0,20,0,0.9504189944134078,0.9270600558659217,0.9692737430167597,200.0,1.4583333333333333,0.38333333333333336,33.54114817552543,0.06990625,1.0716535433070866,95,1.577967922463962,0.27390674155250627,0.9779679224639626,0.8860395971488603,1.0,PF,0.0030390384887482467
rubble,PF,120,800,0.02,0.05,0.2,,15,0.3,0.2,2.0,20,0,0.9434357541899442,0.9106843575418996,0.9636871508379888,220.0,1.5083333333333333,0.5083333333333333,32.90019720025917,0.07386458333333333,1.0637795275590551,94,1.576484384710705,0.27877025819618745,0.976484384710705,0.8817238991821549,1.0,PF,0.0030670204162515802
rubble,PF,120,800,0.02,0.05,0.2,,16,0.3,0.2,2.0,20,0,0.9581005586592178,0.9157821229050279,0.9741620111731844,260.0,1.55,0.45,33.348357679660424,0.07180208333333334,1.0710382513661203,94,1.6183425414256862,0.26088697860177823,1.0183425414256861,0.8875537936743569,1.0,PF,0.0029860259899987794
rubble,PF,120,800,0.02,0.05,0.2,,17,0.3,0.2,2.0,20,0,0.922486033519553,0.9011173184357542,0.9615921787709497,300.0,1.45,0.5333333333333333,32.45405015249673,0.06832291666666666,0.9962292609351433,87,1.6188861588538195,0.28834206941690094,1.0188861588538192,0.909060609360243,1.0,PF,0.0029355643237499863
rubble,PF,120,800,0.02,0.05,0.2,,18,0.3,0.2,2.0,20,0,0.9392458100558659,0.9130586592178773,0.9594972067039106,220.0,1.5583333333333333,0.49166666666666664,33.976750030814394,0.06848958333333334,1.0346153846153847,99,1.5453738182286176,0.23838082666576685,0.9453738182286177,0.8720445555865727,1.0,PF,0.003056255052499637
rubble,PF,120,800,0.02,0.05,0.2,,19,0.3,0.2,2.0,20,0,0.960195530726257,0.9438198324022347,0.9769553072625698,280.0,1.2333333333333334,0.4166666666666667,33.709151748580396,0.07148958333333333,1.042456406368461,97,1.6043961703343574,0.2969935178929473,1.0043961703343576,0.8581466406592316,1.0,PF,0.0029879046874998496
rubble,PF,120,800,0.02,0.05,0.2,,21,0.3,0.2,2.0,20,0,0.946927374301676,0.9362779329608939,0.9797486033519553,280.0,1.4,0.48333333333333334,32.72025682993904,0.07664583333333333,1.0233962264150942,91,1.6069094211605492,0.31432363699422383,1.0069094211605496,0.8743510260457777,1.0,PF,0.002935912552500213
rubble,PF,120,800,0.02,0.05,0.2,,20,0.3,0.2,2.0,20,0,0.9434357541899442,0.920041899441341,0.9755586592178771,260.0,1.4666666666666666,0.5083333333333333,34.87684898697717,0.06869791666666666,1.0320855614973263,103,1.5313808878829074,0.30914252393942615,0.9313808878829074,0.8391436764548589,1.0,PF,0.003167946562500674
rubble,PF,120,800,0.02,0.05,0.2,,22,0.3,0.2,2.0,20,0,0.9364525139664804,0.9126396648044693,0.9581005586592178,240.0,1.375,0.45,33.16360304473669,0.07297916666666666,1.04765625,95,1.5929876192840644,0.28778423097252986,0.9929876192840642,0.9333833924747711,1.0,PF,0.0029998388025001075
rubble,PF,120,800,0.02,0.05,0.2,,23,0.3,0.2,2.0,20,0,0.960195530726257,0.9394203910614525,0.9783519553072626,240.0,1.4916666666666667,0.39166666666666666,32.34170494546682,0.07619791666666667,1.0667183863460046,91,1.6309540068187403,0.29608603919058996,1.0309540068187404,0.8907938633014761,1.0,PF,0.0028913046362504247
apartment,Boids,10,800,0.02,0.05,0.2,,0,0.3,0.2,2.0,20,0,0.22200520833333334,0.22744140624999995,0.6067708333333334,120.0,0.4,0.2,114.80064195093534,0.00425,0.7875288683602771,8,3.558628432383225,0.6293026594337287,2.9586284323832253,1.7166520257148705,1.0,Boids,0.0004382043750001685
apartment,Boids,10,800,0.02,0.05,0.2,,1,0.3,0.2,2.0,20,0,0.22005208333333334,0.22626953125,0.4889322916666667,120.0,0.9,0.0,113.12108586399636,0.004875,0.818401937046005,8,2.81317803147864,0.2636735510525385,2.2131780314786402,1.9569857439470226,1.0,Boids,0.000437170728748697
apartment,Boids,10,800,0.02,0.05,0.2,,2,0.3,0.2,2.0,20,0,0.20377604166666666,0.2048828125,0.5013020833333334,100.0,0.6,0.0,106.19355082676698,0.0025,0.769041769041769,7,2.942250902709172,0.19687903584241734,2.3422509027091714,2.0236628821798464,1.0,Boids,0.0004355526049994296
apartment,Boids,10,800,0.02,0.05,0.2,,3,0.3,0.2,2.0,20,0,0.19466145833333334,0.2005859375,0.4837239583333333,100.0,0.4,0.0,109.54009052495073,0.00375,0.7222222222222222,8,2.461688956642031,0.4092387920159429,1.8616889566420307,1.4451148613615867,1.0,Boids,0.00044631302125026196
apartment,Boids,10,800,0.02,0.05,0.2,,4,0.3,0.2,2.0,20,0,0.265625,0.269921875,0.4739583333333333,100.0,0.6,0.0,120.83708022045118,0.002625,0.9951219512195123,10,3.09317868160204,0.4567367387033167,2.4931786816020405,1.787265369464189,1.0,Boids,0.0004383476037492073
rubble,PF,120,800,0.02,0.05,0.2,,25,0.3,0.2,2.0,20,0,0.9713687150837989,0.9327164804469273,0.9811452513966481,240.0,1.4916666666666667,0.45,33.75560487242899,0.07309375,1.0841777084957132,97,1.591456001330708,0.2722518479721579,0.9914560013307081,0.9184828549989116,1.0,PF,0.003063717187499151
apartment,Boids,10,800,0.02,0.05,0.2,,5,0.3,0.2,2.0,20,0,0.20963541666666666,0.20774739583333335,0.4889322916666667,160.0,0.7,0.0,106.65492146704591,0.003875,0.7488372093023254,7,3.240749717389188,0.2836924051121175,2.640749717389188,2.082991068409135,1.0,Boids,0.00043197479125183235
rubble,PF,120,800,0.02,0.05,0.2,,24,0.3,0.2,2.0,20,0,0.973463687150838,0.9372206703910614,0.9818435754189944,320.0,1.4333333333333333,0.6,34.47057912023478,0.07330208333333334,1.044194756554307,101,1.5632460296274657,0.26802794991928525,0.9632460296274653,0.8867032432563425,1.0,PF,0.00312158979124888
rubble,PF,120,800,0.02,0.05,0.2,,26,0.3,0.2,2.0,20,0,0.9574022346368715,0.9518854748603351,0.9727653631284916,280.0,1.3583333333333334,0.3416666666666667,32.884314158273185,0.06629166666666667,1.017817371937639,95,1.5858265494674686,0.21855173407601053,0.9858265494674684,0.9601390412451728,1.0,PF,0.0030415070825006297
apartment,Boids,10,800,0.02,0.05,0.2,,6,0.3,0.2,2.0,20,0,0.14973958333333334,0.15061848958333335,0.4661458333333333,100.0,0.5,0.0,90.1088285734767,0.00325,0.5569007263922519,5,5.3437453444443355,0.39842106558271995,4.743745344444337,5.387238412553306,1.0,Boids,0.00044678317750140194
apartment,Boids,10,800,0.02,0.05,0.2,,7,0.3,0.2,2.0,20,0,0.2109375,0.22200520833333334,0.4602864583333333,120.0,0.5,0.0,106.98211353317326,0.00325,0.8059701492537313,8,3.0535324288979884,0.4434120473072311,2.4535324288979883,1.669550908226408,1.0,Boids,0.0004532543224991059
apartment,Boids,10,800,0.02,0.05,0.2,,8,0.3,0.2,2.0,20,0,0.21028645833333334,0.21188151041666664,0.5364583333333334,100.0,1.0,0.0,105.01333482303899,0.005125,0.7442396313364056,7,3.635403004368489,0.34018627055805273,3.035403004368489,2.281942294761381,1.0,Boids,0.00045834000000013477
apartment,Boids,10,800,0.02,0.05,0.2,,10,0.3,0.2,2.0,20,0,0.15690104166666666,0.15872395833333333,0.4759114583333333,100.0,0.4,0.0,98.17752078788592,0.002125,0.5892420537897309,6,2.8596761816682466,0.49949230534609845,2.259676181668247,1.7947811668967257,1.0,Boids,0.00044271682374983354
apartment,Boids,10,800,0.02,0.05,0.2,,9,0.3,0.2,2.0,20,0,0.201171875,0.2060872395833333,0.4680989583333333,100.0,0.9,0.0,104.4466534312265,0.00375,0.75,7,3.5003297494522534,0.35294525634971907,2.9003297494522533,1.954187370191875,1.0,Boids,0.0004644248437512033
apartment,Boids,10,800,0.02,0.05,0.2,,11,0.3,0.2,2.0,20,0,0.11328125,0.12067057291666668,0.453125,120.0,0.3,0.0,84.28942428239056,0.002125,0.4192771084337349,4,4.669729019789824,0.457752004997425,4.069729019789824,4.069729019789824,1.0,Boids,0.00046132630124930075
apartment,Boids,10,800,0.02,0.05,0.2,,12,0.3,0.2,2.0,20,0,0.23828125,0.2390625,0.5475260416666666,140.0,0.7,0.1,115.91666566107713,0.00425,0.8755980861244018,9,2.962117293310172,0.4229819228410427,2.362117293310172,1.595843375233581,1.0,Boids,0.0004625506762499754
apartment,Boids,10,800,0.02,0.05,0.2,,13,0.3,0.2,2.0,20,0,0.20768229166666666,0.2033203125,0.4921875,120.0,0.2,0.1,101.54052045816152,0.002875,0.7316513761467889,7,3.9158168854158073,0.33537787262193647,3.315816885415807,2.8279369171653097,1.0,Boids,0.00046230473999912645
apartment,Boids,10,800,0.02,0.05,0.2,,14,0.3,0.2,2.0,20,0,0.23372395833333334,0.23492838541666666,0.408203125,100.0,0.7,0.1,111.99540584701943,0.007375,0.918158567774936,9,2.9784103171931093,0.47521317316982037,2.3784103171931097,1.5016622529684285,1.0,Boids,0.00045528848874937467
apartment,Boids,10,800,0.02,0.05,0.2,,16,0.3,0.2,2.0,20,0,0.18229166666666666,0.18492838541666667,0.48828125,100.0,0.4,0.0,99.17228151307403,0.002,0.660377358490566,6,3.866236543706781,0.30000971750390537,3.2662365437067815,2.895679665303272,1.0,Boids,0.0004332770837481803
apartment,Boids,10,800,0.02,0.05,0.2,,17,0.3,0.2,2.0,20,0,0.2109375,0.2090169270833334,0.4778645833333333,100.0,1.1,0.1,109.25838645363392,0.00525,0.7751196172248803,8,3.0885163295782014,0.6667610168900205,2.488516329578201,1.4856911529860684,1.0,Boids,0.0004367231762512347
apartment,Boids,10,800,0.02,0.05,0.2,,19,0.3,0.2,2.0,20,0,0.2552083333333333,0.2541341145833333,0.490234375,100.0,0.9,0.1,119.54743106342998,0.0045,0.9537712895377128,9,2.9958708560874645,0.2948902103246567,2.3958708560874644,1.9073728699398362,1.0,Boids,0.0004395055724990016
apartment,Boids,10,800,0.02,0.05,0.2,,18,0.3,0.2,2.0,20,0,0.22916666666666666,0.22529296875,0.4674479166666667,100.0,1.1,0.2,109.78019328468324,0.00375,0.8341232227488152,8,3.1643388141027,0.3135399656778982,2.5643388141027,2.0893767198548243,1.0,Boids,0.0004599582287505655
apartment,Boids,10,800,0.02,0.05,0.2,,15,0.3,0.2,2.0,20,0,0.251953125,0.2477864583333333,0.48828125,100.0,0.5,0.0,116.46407203197661,0.004875,0.9393203883495145,9,3.054602025082424,0.28705747982780205,2.454602025082424,2.393324302553695,1.0,Boids,0.0006036689062511869
apartment,Boids,10,800,0.02,0.05,0.2,,21,0.3,0.2,2.0,20,0,0.23111979166666666,0.22037760416666666,0.490234375,120.0,0.5,0.0,110.8391891592083,0.003,0.8637469586374695,8,3.545141922638811,0.4453963988605738,2.945141922638811,2.4460263972711407,1.0,Boids,0.0003993992187497497
apartment,Boids,10,800,0.02,0.05,0.2,,20,0.3,0.2,2.0,20,0,0.23893229166666666,0.23645833333333335,0.490234375,100.0,0.8,0.0,108.14342330155571,0.00425,0.8635294117647059,8,3.9505728433444887,0.417756481036085,3.3505728433444886,2.681155989882556,1.0,Boids,0.0004168473437493958
apartment,Boids,10,800,0.02,0.05,0.2,,22,0.3,0.2,2.0,20,0,0.23893229166666666,0.24003906250000004,0.5104166666666666,100.0,0.6,0.1,119.88764438493294,0.004375,0.8864734299516908,9,2.7141791909783732,0.42882739647401485,2.114179190978373,1.6302806973940474,1.0,Boids,0.00039404479249924404
rubble,PF,120,800,0.02,0.05,0.2,,27,0.3,0.2,2.0,20,0,0.9539106145251397,0.9298533519553074,0.9748603351955307,260.0,1.5333333333333334,0.475,33.69363649392405,0.06866666666666667,1.0515781370284836,97,1.571455567428639,0.293787198493068,0.971455567428639,0.8748556337605106,1.0,PF,0.003168689010001344
apartment,Boids,10,800,0.02,0.05,0.2,,23,0.3,0.2,2.0,20,0,0.15885416666666666,0.16067708333333333,0.4694010416666667,100.0,0.4,0.0,95.77103784927884,0.002125,0.5700934579439252,6,3.9374404007197867,0.6157757500125544,3.3374404007197866,1.9990978221455649,1.0,Boids,0.00038909463499976483
apartment,Boids,10,800,0.02,0.05,0.2,,25,0.3,0.2,2.0,20,0,0.2109375,0.21419270833333334,0.544921875,120.0,0.6,0.1,103.03981279967783,0.0045,0.7431192660550459,7,4.061233592356648,0.41188792936923496,3.461233592356648,2.1809800958250745,1.0,Boids,0.00039633265625070634
apartment,Boids,10,800,0.02,0.05,0.2,,24,0.3,0.2,2.0,20,0,0.19205729166666666,0.19713541666666667,0.4752604166666667,100.0,0.5,0.1,105.2258963030833,0.00375,0.7074340527577937,7,3.2193775272096956,0.4647008388181746,2.6193775272096955,1.7321094183532724,1.0,Boids,0.00043793947874974035
rubble,PF,120,800,0.02,0.05,0.2,,28,0.3,0.2,2.0,20,0,0.9203910614525139,0.9013966480446927,0.9546089385474861,240.0,1.5416666666666667,0.5416666666666666,33.14043505273217,0.07341666666666667,1.0402525651144436,94,1.5787539734253266,0.2872040072215864,0.9787539734253267,0.8435717821614496,1.0,PF,0.003203688593748666
apartment,Boids,10,800,0.02,0.05,0.2,,27,0.3,0.2,2.0,20,0,0.21809895833333334,0.2189778645833333,0.4661458333333333,120.0,0.3,0.0,107.85342338282501,0.002625,0.8333333333333334,8,3.2559983166102167,0.4268331928373082,2.6559983166102166,2.033132366356059,1.0,Boids,0.0004074639587497586
apartment,Boids,10,800,0.02,0.05,0.2,,26,0.3,0.2,2.0,20,0,0.2708333333333333,0.27229817708333337,0.587890625,80.0,0.5,0.0,125.76335124429276,0.002,1.0558375634517765,10,2.8210189365234224,0.41074482474894297,2.2210189365234223,1.6860340399061644,1.0,Boids,0.00043161234375020284
apartment,Boids,10,800,0.02,0.05,0.2,,28,0.3,0.2,2.0,20,0,0.24934895833333334,0.24892578125,0.4947916666666667,120.0,0.9,0.1,117.6496747436186,0.004,0.8865740740740741,9,2.9993568448163295,0.3206439361375438,2.39935684481633,2.314944940299457,1.0,Boids,0.00043438489625032163
apartment,Boids,10,800,0.02,0.05,0.2,,29,0.3,0.2,2.0,20,0,0.185546875,0.18929036458333331,0.474609375,140.0,0.7,0.3,101.98416473030548,0.004875,0.6900726392251817,7,3.0897596016517075,0.47763447624202016,2.489759601651707,2.056569465293973,1.0,Boids,0.0004435843750002277
rubble,PF,120,800,0.02,0.05,0.2,,29,0.3,0.2,2.0,20,0,0.9539106145251397,0.9321229050279329,0.9783519553072626,280.0,1.4833333333333334,0.4666666666666667,34.07988423652236,0.0795625,1.041952707856598,98,1.565217509752335,0.2879152169121496,0.9652175097523351,0.8309279363884824,1.0,PF,0.003139567447499303
apartment,Boids,30,800,0.02,0.05,0.2,,0,0.3,0.2,2.0,20,0,0.595703125,0.5878255208333333,0.75,120.0,1.0333333333333334,0.1,112.13025595303331,0.008916666666666666,0.9692796610169491,27,2.230092700357411,0.15833087064138301,1.6300927003574113,1.6418796760183927,1.0,Boids,0.0006437631249991682
apartment,Boids,30,800,0.02,0.05,0.2,,1,0.3,0.2,2.0,20,0,0.6087239583333334,0.6016927083333334,0.763671875,120.0,1.0333333333333334,0.06666666666666667,115.14791903609687,0.009083333333333334,0.9709241952232607,28,2.2308977490693804,0.1771786627266592,1.6308977490693801,1.5747853040317206,1.0,Boids,0.0006588126037513576
apartment,Boids,30,800,0.02,0.05,0.2,,2,0.3,0.2,2.0,20,0,0.5904947916666666,0.5741536458333333,0.763671875,120.0,1.0333333333333334,0.03333333333333333,109.36053398035152,0.00775,0.954736842105263,25,2.295931409493623,0.16550489214568417,1.6959314094936226,1.597449550399301,1.0,Boids,0.000654369738749665
apartment,Boids,30,800,0.02,0.05,0.2,,3,0.3,0.2,2.0,20,0,0.5436197916666666,0.5385091145833333,0.75390625,120.0,1.1666666666666667,0.13333333333333333,105.98965263661859,0.010375,0.8679833679833678,23,2.4197792850675115,0.2310355588552764,1.8197792850675114,1.696251419677321,1.0,Boids,0.000671433385000455
apartment,Boids,30,800,0.02,0.05,0.2,,4,0.3,0.2,2.0,20,0,0.5325520833333334,0.5301757812500001,0.7565104166666666,120.0,1.1,0.06666666666666667,104.35903583606182,0.01025,0.8702127659574469,22,2.3586650318906552,0.19260912788234935,1.7586650318906552,1.6911771866463932,1.0,Boids,0.0006456418750008197
apartment,Boids,30,800,0.02,0.05,0.2,,6,0.3,0.2,2.0,20,0,0.5709635416666666,0.5758138020833333,0.7591145833333334,120.0,1.2333333333333334,0.06666666666666667,110.90003037365314,0.008666666666666666,0.9221871713985278,26,2.1971623449114746,0.18669415365449424,1.5971623449114747,1.4978224621951215,1.0,Boids,0.0006660813537519061
apartment,Boids,30,800,0.02,0.05,0.2,,8,0.3,0.2,2.0,20,0,0.5377604166666666,0.534765625,0.7584635416666666,140.0,1.3,0.2,105.76917890101048,0.010666666666666666,0.883422459893048,23,2.3479488716897188,0.1974713473227725,1.747948871689718,1.6535968797049656,1.0,Boids,0.0006507436462516125
apartment,Boids,30,800,0.02,0.05,0.2,,5,0.3,0.2,2.0,20,0,0.54296875,0.5419921875,0.7552083333333334,120.0,0.9666666666666667,0.03333333333333333,105.66850216942872,0.009,0.8705636743215032,23,2.3585842794069385,0.2371050545069879,1.758584279406938,1.51117337721656,1.0,Boids,0.0007332309887488009
apartment,Boids,30,800,0.02,0.05,0.2,,7,0.3,0.2,2.0,20,0,0.5670572916666666,0.5662109375000001,0.755859375,140.0,1.1666666666666667,0.1,108.87055730752066,0.009541666666666667,0.9197465681098204,25,2.2746572165656285,0.22852758673979345,1.6746572165656286,1.5706499486733048,1.0,Boids,0.0006627139587499186
apartment,Boids,30,800,0.02,0.05,0.2,,9,0.3,0.2,2.0,20,0,0.55078125,0.5618164062500001,0.7571614583333334,120.0,1.2333333333333334,0.2,108.88542288361232,0.012541666666666666,0.88125,25,2.138240176612524,0.23322273682621375,1.5382401766125235,1.408662411872375,1.0,Boids,0.0007079157287512316
apartment,Boids,30,800,0.02,0.05,0.2,,10,0.3,0.2,2.0,20,0,0.5299479166666666,0.5336588541666667,0.759765625,140.0,0.7666666666666667,0.1,105.20708701726743,0.009416666666666667,0.8505747126436781,23,2.307640172677178,0.2727529397454813,1.7076401726771784,1.4855314996241704,1.0,Boids,0.000681048437500067
apartment,Boids,30,800,0.02,0.05,0.2,,11,0.3,0.2,2.0,20,0,0.5338541666666666,0.5259440104166667,0.75,120.0,0.9,0.13333333333333333,103.08011158777205,0.00975,0.8779443254817987,22,2.4070849741336375,0.18440296599440162,1.8070849741336374,1.8231585618563977,1.0,Boids,0.0006951872400009051
apartment,Boids,30,800,0.02,0.05,0.2,,12,0.3,0.2,2.0,20,0,0.5026041666666666,0.5141276041666667,0.814453125,120.0,1.3666666666666667,0.13333333333333333,102.30772268090199,0.008541666666666666,0.7790110998990918,21,2.305502165211175,0.22434509142223855,1.705502165211175,1.6406086536529783,1.0,Boids,0.0006580982287505322
apartment,Boids,30,800,0.02,0.05,0.2,,13,0.3,0.2,2.0,20,0,0.5833333333333334,0.5895182291666667,0.7578125,140.0,0.8333333333333334,0.06666666666666667,112.20519303951984,0.009791666666666667,0.919917864476386,27,2.134283969519616,0.18540206170170836,1.5342839695196162,1.4248460717904199,1.0,Boids,0.0007367959374983002
apartment,Boids,30,800,0.02,0.05,0.2,,14,0.3,0.2,2.0,20,0,0.5266927083333334,0.5392903645833333,0.7532552083333334,120.0,1.0,0.06666666666666667,105.48914592469615,0.009916666666666667,0.8383419689119171,23,2.282446158518144,0.22158535621997172,1.6824461585181436,1.610925164838354,1.0,Boids,0.0007242308324998703
apartment,Boids,30,800,0.02,0.05,0.2,,15,0.3,0.2,2.0,20,0,0.54296875,0.5471028645833333,0.7428385416666666,120.0,1.2333333333333334,0.03333333333333333,106.82132683343671,0.008083333333333333,0.8816067653276957,24,2.200904509316102,0.11803335912064174,1.600904509316102,1.5904152991999967,1.0,Boids,0.000724789738749223
apartment,Boids,30,800,0.02,0.05,0.2,,16,0.3,0.2,2.0,20,0,0.572265625,0.5598958333333333,0.7623697916666666,120.0,1.0333333333333334,0.03333333333333333,108.62376960800098,0.008166666666666666,0.9451612903225807,25,2.3301123357504347,0.18737503358547164,1.7301123357504347,1.54417804646326,1.0,Boids,0.0007349707287494312
apartment,Boids,30,800,0.02,0.05,0.2,,17,0.3,0.2,2.0,20,0,0.546875,0.5383463541666667,0.7415364583333334,120.0,0.6666666666666666,0.06666666666666667,104.70143029923298,0.010083333333333333,0.9003215434083601,23,2.2504783644151343,0.21414437126198982,1.6504783644151342,1.4740652896336663,1.0,Boids,0.0007310057812492233
apartment,Boids,30,800,0.02,0.05,0.2,,18,0.3,0.2,2.0,20,0,0.51953125,0.52568359375,0.7552083333333334,120.0,1.1,0.1,105.47415642300324,0.005833333333333334,0.84,23,2.3056013905787704,0.16926796607952266,1.70560139057877,1.5684379677577858,1.0,Boids,0.0007061545837495942
apartment,Boids,30,800,0.02,0.05,0.2,,19,0.3,0.2,2.0,20,0,0.5130208333333334,0.5059244791666666,0.787109375,140.0,0.9,0.13333333333333333,99.55292190821882,0.009541666666666667,0.7983789260385006,20,2.736829521175732,0.28982515765553796,2.1368295211757315,1.8334186583924965,1.0,Boids,0.0006962476562512166
apartment,Boids,30,800,0.02,0.05,0.2,,20,0.3,0.2,2.0,20,0,0.5520833333333334,0.5546875,0.7545572916666666,140.0,1.1666666666666667,0.13333333333333333,107.48629482646734,0.01025,0.8861024033437828,24,2.241914142771586,0.23183862384886958,1.6419141427715862,1.4366507158645043,1.0,Boids,0.0007167632812502233
apartment,Boids,30,800,0.02,0.05,0.2,,21,0.3,0.2,2.0,20,0,0.5188802083333334,0.5288736979166667,0.7604166666666666,120.0,0.9333333333333333,0.03333333333333333,106.83271956739041,0.010875,0.8302083333333334,23,2.274968827977406,0.22359128723143082,1.6749688279774066,1.6042185682876968,1.0,Boids,0.0006960035425004207
apartment,Boids,30,800,0.02,0.05,0.2,,22,0.3,0.2,2.0,20,0,0.6197916666666666,0.6077473958333334,0.7591145833333334,120.0,1.4,0.06666666666666667,113.95345013337143,0.010041666666666667,1.0052798310454065,28,2.167975053860349,0.1909544813283131,1.5679750538603494,1.4636202969552814,1.0,Boids,0.0007355901562482359
apartment,Boids,30,800,0.02,0.05,0.2,,23,0.3,0.2,2.0,20,0,0.6028645833333334,0.59267578125,0.7565104166666666,140.0,0.7666666666666667,0.06666666666666667,112.33757258353461,0.007958333333333333,0.9645833333333333,27,2.270945087563724,0.17053724955559077,1.6709450875637244,1.6622324242430642,1.0,Boids,0.0007125373437497729
apartment,Boids,30,800,0.02,0.05,0.2,,25,0.3,0.2,2.0,20,0,0.5924479166666666,0.57939453125,0.791015625,120.0,1.0,0.0,110.74885337509002,0.008125,0.9459459459459458,26,2.334662114532116,0.2518060757492611,1.734662114532116,1.5083555477047996,1.0,Boids,0.0007257980199983649
apartment,Boids,30,800,0.02,0.05,0.2,,24,0.3,0.2,2.0,20,0,0.6022135416666666,0.60673828125,0.7669270833333334,120.0,1.2,0.1,114.2315805643377,0.010541666666666666,0.9448416751787538,28,2.137714950663995,0.17210055442772598,1.5377149506639947,1.5212454479214645,1.0,Boids,0.0007528305212485975
apartment,Boids,30,800,0.02,0.05,0.2,,26,0.3,0.2,2.0,20,0,0.5266927083333334,0.5393880208333333,0.7532552083333334,140.0,1.3,0.1,105.69683717339792,0.010416666666666666,0.8444676409185805,23,2.2657195435488684,0.27345466000643526,1.6657195435488683,1.5715973241765098,1.0,Boids,0.0008647236462502406
apartment,Boids,30,800,0.02,0.05,0.2,,28,0.3,0.2,2.0,20,0,0.4856770833333333,0.49153645833333337,0.7545572916666666,140.0,0.9666666666666667,0.13333333333333333,98.60043633307285,0.009833333333333333,0.7803347280334727,20,2.3702823441646395,0.214296627563269,1.7702823441646391,1.7896174737690007,1.0,Boids,0.000661081875000491
apartment,Boids,30,800,0.02,0.05,0.2,,27,0.3,0.2,2.0,20,0,0.5735677083333334,0.5820963541666667,0.8151041666666666,140.0,0.8666666666666667,0.1,109.15911456039288,0.008,0.8926038500506586,25,2.284570575219329,0.2538232745528853,1.6845705752193292,1.4523336195874297,1.0,Boids,0.0006919917187519786
apartment,Boids,30,800,0.02,0.05,0.2,,29,0.3,0.2,2.0,20,0,0.5690104166666666,0.5760416666666667,0.8092447916666666,140.0,1.5333333333333334,0.16666666666666666,108.87534523096483,0.013458333333333333,0.8687872763419483,25,2.293478314812566,0.26652502153867225,1.693478314812566,1.451023766665935,1.0,Boids,0.0007363520837498072
apartment,Boids,60,800,0.02,0.05,0.2,,0,0.3,0.2,2.0,20,0,0.7923177083333334,0.7826497395833333,0.869140625,120.0,1.1666666666666667,0.08333333333333333,94.79838857241654,0.0115,0.9552590266875981,46,1.8347930402768657,0.1408149934905244,1.2347930402768659,1.2056433241449849,1.0,Boids,0.0012667308337495342
apartment,Boids,60,800,0.02,0.05,0.2,,1,0.3,0.2,2.0,20,0,0.7884114583333334,0.7807291666666668,0.869140625,120.0,1.3833333333333333,0.18333333333333332,94.03365268786762,0.012395833333333333,0.9468334636434715,45,1.8891772021058453,0.11123894862962005,1.2891772021058452,1.2627173124946514,1.0,Boids,0.0012031789062507414
apartment,Boids,60,800,0.02,0.05,0.2,,4,0.3,0.2,2.0,20,0,0.7408854166666666,0.73369140625,0.865234375,120.0,1.35,0.11666666666666667,90.06254130805695,0.011333333333333334,0.8974763406940062,40,1.9314597846363672,0.09501791819487354,1.3314597846363672,1.3708648425005665,1.0,Boids,0.0011818819275003988
apartment,Boids,60,800,0.02,0.05,0.2,,2,0.3,0.2,2.0,20,0,0.7923177083333334,0.7923502604166666,0.8658854166666666,120.0,1.2,0.13333333333333333,96.85659127052719,0.01125,0.959022852639874,48,1.7991634951193973,0.11543028978598463,1.1991634951193975,1.2042576776959661,1.0,Boids,0.001251580208750056
apartment,Boids,60,800,0.02,0.05,0.2,,3,0.3,0.2,2.0,20,0,0.8248697916666666,0.8048828125,0.8704427083333334,140.0,1.0666666666666667,0.1,99.47434661206411,0.012083333333333333,0.9898437499999999,53,1.7356158593936277,0.13520843298514612,1.1356158593936279,1.1649552060442936,1.0,Boids,0.001316827761249897
apartment,Boids,60,800,0.02,0.05,0.2,,6,0.3,0.2,2.0,20,0,0.7858072916666666,0.7683268229166667,0.8606770833333334,120.0,1.2,0.11666666666666667,94.20240451205326,0.010666666666666666,0.9444444444444444,45,1.8648928987264326,0.1195030682256048,1.264892898726433,1.2146054970443454,1.0,Boids,0.001188982500000293
apartment,Boids,60,800,0.02,0.05,0.2,,5,0.3,0.2,2.0,20,0,0.7799479166666666,0.7815104166666667,0.8717447916666666,120.0,1.25,0.16666666666666666,93.86056092353458,0.011625,0.9344773790951638,45,1.8714165592290246,0.16548773590851737,1.271416559229024,1.2052145965475694,1.0,Boids,0.0012546055725010774
apartment,Boids,60,800,0.02,0.05,0.2,,7,0.3,0.2,2.0,20,0,0.8092447916666666,0.80322265625,0.8658854166666666,120.0,1.45,0.25,98.35752631896852,0.012020833333333333,0.9756671899529041,52,1.7999132988864244,0.11342249007409856,1.199913298886424,1.190063379502237,1.0,Boids,0.0012666575524986
apartment,Boids,60,800,0.02,0.05,0.2,,8,0.3,0.2,2.0,20,0,0.7955729166666666,0.7950520833333333,0.86328125,120.0,1.1833333333333333,0.15,98.5457190241962,0.012375,0.9629629629629629,52,1.7236675935550683,0.13522252479704058,1.1236675935550684,1.0785358588665985,1.0,Boids,0.0012518577087507765
apartment,Boids,60,800,0.02,0.05,0.2,,9,0.3,0.2,2.0,20,0,0.7708333333333334,0.7713216145833333,0.8678385416666666,120.0,1.0666666666666667,0.18333333333333332,93.75890240142066,0.011916666666666667,0.9264475743348983,45,1.8507868436100525,0.1380240619463116,1.2507868436100527,1.1653558825286154,1.0,Boids,0.0011251115100003517
apartment,Boids,60,800,0.02,0.05,0.2,,10,0.3,0.2,2.0,20,0,0.7825520833333334,0.77998046875,0.8600260416666666,120.0,1.4666666666666666,0.1,96.87772803382767,0.0124375,0.9405320813771518,49,1.7832746293158475,0.1418398885110303,1.1832746293158476,1.161941959610398,1.0,Boids,0.0012301016149990573
apartment,Boids,60,800,0.02,0.05,0.2,,12,0.3,0.2,2.0,20,0,0.759765625,0.7620442708333334,0.8639322916666666,140.0,1.05,0.18333333333333332,93.3376725954853,0.0113125,0.9203470031545741,44,1.8906630243467901,0.13041251848041188,1.2906630243467898,1.2253223975100387,1.0,Boids,0.0011877301037498
apartment,Boids,60,800,0.02,0.05,0.2,,11,0.3,0.2,2.0,20,0,0.7786458333333334,0.7803710937500001,0.859375,120.0,1.1,0.16666666666666666,96.0514952914376,0.0113125,0.9447077409162717,49,1.718128130858444,0.1463515390115088,1.1181281308584439,1.1271233475345768,1.0,Boids,0.0012424910412505597
apartment,Boids,60,800,0.02,0.05,0.2,,13,0.3,0.2,2.0,20,0,0.822265625,0.8150065104166666,0.9361979166666666,120.0,1.3,0.2,96.67858941514545,0.012833333333333334,0.9767981438515081,48,1.884771262262239,0.25928243170855125,1.284771262262239,1.249765908922691,1.0,Boids,0.0012260133337485969
apartment,Boids,60,800,0.02,0.05,0.2,,14,0.3,0.2,2.0,20,0,0.77734375,0.7787760416666667,0.869140625,120.0,1.2,0.06666666666666667,94.90621446205704,0.0123125,0.943127962085308,46,1.8971702435360016,0.11647687748864598,1.2971702435360015,1.3259783029927492,1.0,Boids,0.001201864115000717
apartment,Boids,60,800,0.02,0.05,0.2,,15,0.3,0.2,2.0,20,0,0.7981770833333334,0.7913411458333334,0.87109375,120.0,1.3166666666666667,0.13333333333333333,95.52483429055908,0.011958333333333333,0.9489164086687306,47,1.7952632155060284,0.14046784286274086,1.195263215506029,1.2002427121454415,1.0,Boids,0.001203968593749778
apartment,Boids,60,800,0.02,0.05,0.2,,16,0.3,0.2,2.0,20,0,0.8138020833333334,0.8047200520833332,0.8684895833333334,120.0,1.3,0.16666666666666666,98.13820413367225,0.013583333333333333,0.9881422924901185,52,1.795481922585598,0.11905808359354446,1.1954819225855977,1.1887147510645462,1.0,Boids,0.0013271575512499112
apartment,Boids,60,800,0.02,0.05,0.2,,17,0.3,0.2,2.0,20,0,0.7884114583333334,0.7771809895833334,0.8645833333333334,120.0,1.0833333333333333,0.18333333333333332,96.11062125059634,0.012791666666666666,0.94609375,49,1.7898225467896436,0.12773980848620475,1.1898225467896433,1.15393705421751,1.0,Boids,0.001301795365000089
apartment,Boids,60,800,0.02,0.05,0.2,,18,0.3,0.2,2.0,20,0,0.822265625,0.8126302083333332,0.8665364583333334,120.0,0.8833333333333333,0.2,99.71498614887511,0.008270833333333333,1.0063745019920318,53,1.762710490848723,0.13590043715437536,1.1627104908487225,1.1289272105134374,1.0,Boids,0.0013551258862503346
apartment,Boids,60,800,0.02,0.05,0.2,,19,0.3,0.2,2.0,20,0,0.7877604166666666,0.7753255208333334,0.8736979166666666,120.0,1.1333333333333333,0.08333333333333333,94.77649125151906,0.0114375,0.937984496124031,45,1.967110562186424,0.17401708517107453,1.3671105621864243,1.2759849220328991,1.0,Boids,0.0012857744262510095
apartment,Boids,60,800,0.02,0.05,0.2,,20,0.3,0.2,2.0,20,0,0.7858072916666666,0.7816406249999999,0.8619791666666666,120.0,1.4,0.13333333333333333,95.94172149021801,0.013583333333333333,0.9511426319936958,49,1.7568917320172917,0.098810864335378,1.1568917320172916,1.122222611322814,1.0,Boids,0.001332286823751474
apartment,Boids,60,800,0.02,0.05,0.2,,21,0.3,0.2,2.0,20,0,0.7760416666666666,0.7802083333333332,0.8639322916666666,140.0,1.4166666666666667,0.15,96.53569498112282,0.012,0.9290724863600934,49,1.7585648634021795,0.13387518204990304,1.1585648634021795,1.1527683320922915,1.0,Boids,0.00131113479124906
apartment,Boids,60,800,0.02,0.05,0.2,,22,0.3,0.2,2.0,20,0,0.7845052083333334,0.7787760416666667,0.8678385416666666,120.0,1.4166666666666667,0.13333333333333333,95.04817089154197,0.0123125,0.9624600638977636,47,1.8210596940102366,0.11980646271438783,1.2210596940102367,1.2231874789176271,1.0,Boids,0.0013249354687513914
apartment,Boids,60,800,0.02,0.05,0.2,,23,0.3,0.2,2.0,20,0,0.8138020833333334,0.79716796875,0.869140625,140.0,1.4333333333333333,0.18333333333333332,95.92084654712095,0.0131875,0.9811616954474097,48,1.9059681708309721,0.12265872355520989,1.305968170830972,1.3143232965316827,1.0,Boids,0.0013379486987491872
apartment,Boids,60,800,0.02,0.05,0.2,,24,0.3,0.2,2.0,20,0,0.783203125,0.7722330729166667,0.8658854166666666,120.0,1.3166666666666667,0.21666666666666667,94.87684129233791,0.012791666666666666,0.93984375,47,1.7882927173333452,0.14251006952426964,1.188292717333345,1.1825473888358622,1.0,Boids,0.001330284011251024
apartment,Boids,60,800,0.02,0.05,0.2,,26,0.3,0.2,2.0,20,0,0.74609375,0.7417643229166667,0.869140625,120.0,1.25,0.13333333333333333,92.03076790084505,0.012125,0.8842592592592593,43,1.9294854467597118,0.23604032466914593,1.3294854467597117,1.2533729490252985,1.0,Boids,0.0012555016674991749
apartment,Boids,60,800,0.02,0.05,0.2,,25,0.3,0.2,2.0,20,0,0.7682291666666666,0.7689778645833332,0.8645833333333334,120.0,1.1,0.11666666666666667,95.54040465709674,0.011020833333333334,0.929866036249015,48,1.7104199004177392,0.11552451212666032,1.110419900417739,1.0994664323261587,1.0,Boids,0.0013294489062491265
apartment,Boids,60,800,0.02,0.05,0.2,,27,0.3,0.2,2.0,20,0,0.783203125,0.7767578125,0.8697916666666666,120.0,1.3333333333333333,0.18333333333333332,95.52328846660849,0.011583333333333333,0.9413145539906104,47,1.8224913070385738,0.1419609751749821,1.2224913070385737,1.1681366612469346,1.0,Boids,0.0012700632300015969
apartment,Boids,60,800,0.02,0.05,0.2,,28,0.3,0.2,2.0,20,0,0.7838541666666666,0.77294921875,0.8600260416666666,120.0,1.1666666666666667,0.06666666666666667,94.55012573401066,0.012333333333333333,0.9647435897435896,47,1.7948749212419075,0.1343654879704824,1.1948749212419076,1.209466718782866,1.0,Boids,0.001254034739999952
apartment,Boids,60,800,0.02,0.05,0.2,,29,0.3,0.2,2.0,20,0,0.7669270833333334,0.7587890624999999,0.8658854166666666,120.0,1.1666666666666667,0.11666666666666667,92.9771336557035,0.0118125,0.9210320562939798,44,1.8904458779514235,0.14743463689956152,1.2904458779514236,1.2329641938036517,1.0,Boids,0.0012268301037488528
apartment,Boids,90,800,0.02,0.05,0.2,,0,0.3,0.2,2.0,20,0,0.9225260416666666,0.91806640625,0.9811197916666666,160.0,1.6111111111111112,0.18888888888888888,88.01817825800457,0.021069444444444443,0.9826629680998612,72,1.5845573281312215,0.14173059255866036,0.9845573281312213,0.9824373703113447,1.0,Boids,0.0020547968224991562
apartment,Boids,90,800,0.02,0.05,0.2,,1,0.3,0.2,2.0,20,0,0.9459635416666666,0.930859375,0.9921875,180.0,1.8888888888888888,0.17777777777777778,87.70433712995126,0.021027777777777777,1.0275813295615275,71,1.6124750622158541,0.14368775159451042,1.0124750622158545,1.0320895268050805,1.0,Boids,0.002049095416250566
apartment,Boids,90,800,0.02,0.05,0.2,,3,0.3,0.2,2.0,20,0,0.9427083333333334,0.937890625,0.9908854166666666,200.0,1.7555555555555555,0.17777777777777778,88.21164681455194,0.020583333333333332,1.0104675505931613,71,1.5874027298255773,0.12582575314043956,0.9874027298255769,0.9602423867218405,1.0,Boids,0.0020533046362493225
apartment,Boids,90,800,0.02,0.05,0.2,,2,0.3,0.2,2.0,20,0,0.9498697916666666,0.9373697916666668,0.9895833333333334,160.0,1.7777777777777777,0.15555555555555556,90.2399238486713,0.020791666666666667,1.0260196905766525,76,1.5468254393229004,0.1588658803932379,0.9468254393229006,0.8849790436641736,1.0,Boids,0.002079631562501163
apartment,Boids,90,800,0.02,0.05,0.2,,4,0.3,0.2,2.0,20,0,0.9348958333333334,0.9221354166666667,0.9850260416666666,160.0,2.022222222222222,0.17777777777777778,87.02932202497796,0.023041666666666665,1.0105559465165377,69,1.6052758469386235,0.13089075807779574,1.0052758469386236,0.9980315280510211,1.0,Boids,0.002010486562501228
apartment,Boids,90,800,0.02,0.05,0.2,,5,0.3,0.2,2.0,20,0,0.95703125,0.9293294270833334,0.9908854166666666,120.0,1.788888888888889,0.16666666666666666,90.96248303912746,0.022222222222222223,1.079295154185022,80,1.5176476678005315,0.17942342582811138,0.9176476678005315,0.8898130891117516,1.0,Boids,0.0021757205212497867
apartment,Boids,90,800,0.02,0.05,0.2,,6,0.3,0.2,2.0,20,0,0.921875,0.9124674479166666,0.9817708333333334,180.0,1.7333333333333334,0.2222222222222222,87.1889718567986,0.02238888888888889,0.9971830985915493,70,1.5857496790553778,0.12573999815896697,0.9857496790553781,0.9836449043098017,1.0,Boids,0.0020606647912495644
apartment,Boids,90,800,0.02,0.05,0.2,,7,0.3,0.2,2.0,20,0,0.9368489583333334,0.933984375,0.9889322916666666,160.0,1.7555555555555555,0.2111111111111111,87.88368911643671,0.019430555555555555,0.9993055555555556,71,1.6088015117050183,0.11924646293715438,1.0088015117050186,0.9850515354902473,1.0,Boids,0.0020592254175016934
apartment,Boids,90,800,0.02,0.05,0.2,,8,0.3,0.2,2.0,20,0,0.9602864583333334,0.9522135416666666,0.9895833333333334,180.0,1.5444444444444445,0.14444444444444443,90.90161112706362,0.024333333333333332,1.0329131652661065,79,1.5301026856670943,0.13386353882615099,0.9301026856670946,0.8734862988222784,1.0,Boids,0.0022104755737495907
apartment,Boids,90,800,0.02,0.05,0.2,,9,0.3,0.2,2.0,20,0,0.9407552083333334,0.9370442708333332,0.9895833333333334,160.0,1.8888888888888888,0.15555555555555556,87.43868619899985,0.021861111111111112,1.0055671537926236,71,1.6181324030275084,0.161512648777188,1.0181324030275085,0.9892174320484702,1.0,Boids,0.0021655090625017693
apartment,Boids,90,800,0.02,0.05,0.2,,10,0.3,0.2,2.0,20,0,0.9368489583333334,0.9249674479166666,0.9895833333333334,140.0,1.5888888888888888,0.18888888888888888,87.18965830803852,0.022055555555555554,1.0241992882562279,71,1.5856433120859,0.14814802922904668,0.9856433120858996,0.9951149039729047,1.0,Boids,0.0021668143750002856
apartment,Boids,90,800,0.02,0.05,0.2,,11,0.3,0.2,2.0,20,0,0.9342447916666666,0.9139322916666666,0.98046875,140.0,1.7555555555555555,0.2,89.5402319074272,0.02323611111111111,1.0413642960812772,77,1.5426365028847167,0.14543227481215648,0.9426365028847166,0.9667859855869317,1.0,Boids,0.002258618646251307
apartment,Boids,90,800,0.02,0.05,0.2,,12,0.3,0.2,2.0,20,0,0.9505208333333334,0.9354166666666666,0.9908854166666666,160.0,1.7222222222222223,0.24444444444444444,90.75686336457859,0.019930555555555556,1.0174216027874565,79,1.5739975096170964,0.13816772202039732,0.9739975096170959,0.9757329242698228,1.0,Boids,0.0022475658862504133
apartment,Boids,90,800,0.02,0.05,0.2,,13,0.3,0.2,2.0,20,0,0.9303385416666666,0.9194010416666666,0.9817708333333334,140.0,1.8111111111111111,0.24444444444444444,89.9918779440042,0.022375,1.0149147727272727,78,1.5513563081326083,0.1352612326820641,0.9513563081326086,0.9174250177575626,1.0,Boids,0.0022684469787509444
apartment,Boids,90,800,0.02,0.05,0.2,,14,0.3,0.2,2.0,20,0,0.927734375,0.9183919270833332,0.9850260416666666,160.0,1.5888888888888888,0.24444444444444444,88.02453766114051,0.021277777777777777,0.994417306350314,72,1.580186081527868,0.13365208729108513,0.9801860815278682,0.9768799913470966,1.0,Boids,0.0021473566149984437
apartment,Boids,90,800,0.02,0.05,0.2,,15,0.3,0.2,2.0,20,0,0.8958333333333334,0.8944335937499999,0.9739583333333334,120.0,1.6888888888888889,0.14444444444444443,85.60817249046332,0.02023611111111111,0.9870875179340028,66,1.6055162846366733,0.12581408335941938,1.005516284636673,1.0022036820125946,1.0,Boids,0.0020253677087498545
apartment,Boids,90,800,0.02,0.05,0.2,,16,0.3,0.2,2.0,20,0,0.9212239583333334,0.9066080729166666,0.9791666666666666,180.0,1.8666666666666667,0.17777777777777778,87.08168200508112,0.021555555555555557,0.9922861150070127,70,1.6088932057833591,0.1614370069222245,1.0088932057833588,0.9764295134289337,1.0,Boids,0.0022052697912499754
apartment,Boids,90,800,0.02,0.05,0.2,,17,0.3,0.2,2.0,20,0,0.9563802083333334,0.9364583333333334,0.9869791666666666,140.0,1.8111111111111111,0.17777777777777778,90.27823227022651,0.01879166666666667,1.026554856743536,78,1.55256263684287,0.15404560898778175,0.9525626368428695,0.957772645008928,1.0,Boids,0.0021578070837495033
apartment,Boids,90,800,0.02,0.05,0.2,,18,0.3,0.2,2.0,20,0,0.9205729166666666,0.91357421875,0.9817708333333334,180.0,1.8111111111111111,0.2222222222222222,85.46941745697944,0.021666666666666667,0.9888111888111887,66,1.6251619731796048,0.12865063718162414,1.0251619731796047,1.0412149280521723,1.0,Boids,0.002015601302500727
apartment,Boids,90,800,0.02,0.05,0.2,,19,0.3,0.2,2.0,20,0,0.9518229166666666,0.9348958333333333,0.982421875,160.0,1.8333333333333333,0.14444444444444443,89.52655377753028,0.017666666666666667,1.0145732130464955,75,1.6083913767502445,0.14342623591921203,1.0083913767502446,0.9739251688037897,1.0,Boids,0.0020630889587505406
apartment,Boids,90,800,0.02,0.05,0.2,,20,0.3,0.2,2.0,20,0,0.9309895833333334,0.9325846354166666,0.9908854166666666,180.0,1.9111111111111112,0.17777777777777778,86.87431247454528,0.022416666666666668,0.9834938101788171,69,1.5824216657012031,0.14627481563036396,0.9824216657012036,0.9819874316969127,1.0,Boids,0.002019447604998277
apartment,Boids,90,800,0.02,0.05,0.2,,21,0.3,0.2,2.0,20,0,0.931640625,0.9240885416666667,0.9837239583333334,120.0,1.6555555555555554,0.15555555555555556,88.27107907204717,0.021388888888888888,1.013456090651558,73,1.5924779538582965,0.156390711620226,0.9924779538582964,0.985339566689509,1.0,Boids,0.002130380260000493
apartment,Boids,90,800,0.02,0.05,0.2,,22,0.3,0.2,2.0,20,0,0.9348958333333334,0.91572265625,0.9778645833333334,160.0,1.6888888888888889,0.15555555555555556,88.51339520580743,0.021583333333333333,1.013408609738885,74,1.5450116449721163,0.1658120930707462,0.9450116449721164,0.926096993143109,1.0,Boids,0.002131242187499538
apartment,Boids,90,800,0.02,0.05,0.2,,23,0.3,0.2,2.0,20,0,0.9322916666666666,0.9209960937500001,0.9830729166666666,180.0,1.8444444444444446,0.18888888888888888,87.7990385800521,0.020583333333333332,0.9855471438403304,72,1.6280915297880725,0.17124392830030646,1.0280915297880726,1.0319767703976,1.0,Boids,0.0020970827599990118
apartment,Boids,90,800,0.02,0.05,0.2,,24,0.3,0.2,2.0,20,0,0.9348958333333334,0.9292643229166664,0.990234375,160.0,1.9,0.16666666666666666,87.59809408580666,0.023083333333333334,1.0206112295664536,71,1.6034428420494644,0.1387667963477069,1.003442842049464,0.9867999031408793,1.0,Boids,0.002201189740001155
apartment,Boids,90,800,0.02,0.05,0.2,,25,0.3,0.2,2.0,20,0,0.9173177083333334,0.9150716145833334,0.984375,180.0,1.5333333333333334,0.14444444444444443,87.30025184699421,0.020041666666666666,0.9846261355695318,69,1.5885118240208107,0.12266317316741775,0.9885118240208104,0.9773923961110688,1.0,Boids,0.002226206041250407
apartment,Boids,90,800,0.02,0.05,0.2,,26,0.3,0.2,2.0,20,0,0.8990885416666666,0.9001953125,0.98046875,120.0,1.6888888888888889,0.23333333333333334,86.50001089316517,0.023194444444444445,0.9732205778717407,68,1.6269571968551064,0.1451999924432314,1.0269571968551063,1.0446472921895271,1.0,Boids,0.002223422917500102
apartment,Boids,90,800,0.02,0.05,0.2,,27,0.3,0.2,2.0,20,0,0.90234375,0.89375,0.9694010416666666,140.0,1.8,0.18888888888888888,85.36485772426386,0.020444444444444446,0.9753694581280787,67,1.6710767934153474,0.11166865803994529,1.0710767934153478,1.0689007731737772,1.0,Boids,0.0022555315112504104
apartment,Boids,90,800,0.02,0.05,0.2,,29,0.3,0.2,2.0,20,0,0.9225260416666666,0.9241861979166668,0.9811197916666666,140.0,1.6555555555555554,0.25555555555555554,88.91494489320363,0.021458333333333333,0.9964838255977496,74,1.587762820823549,0.13733868243901196,0.9877628208235492,1.016295353348923,1.0,Boids,0.002256910156249887
apartment,Boids,90,800,0.02,0.05,0.2,,28,0.3,0.2,2.0,20,0,0.9602864583333334,0.9467773437499998,0.9895833333333334,200.0,1.5777777777777777,0.16666666666666666,92.51405813881227,0.01873611111111111,1.030027932960894,82,1.5457795833140175,0.12749624384374125,0.9457795833140176,0.8860273728017339,1.0,Boids,0.002405375833748167
apartment,Boids,120,800,0.02,0.05,0.2,,0,0.3,0.2,2.0,20,0,0.9830729166666666,0.98349609375,0.9954427083333334,180.0,1.9916666666666667,0.21666666666666667,80.64993520350878,0.03671875,1.001990710019907,91,1.4990855522853306,0.16011583446317734,0.8990855522853312,0.8734554346924391,1.0,Boids,0.0030983659900016393
apartment,Boids,120,800,0.02,0.05,0.2,,2,0.3,0.2,2.0,20,0,0.9928385416666666,0.9844075520833334,0.994140625,180.0,2.1166666666666667,0.15833333333333333,82.39052336143983,0.04069791666666667,1.015989340439707,100,1.429677676462351,0.1316614694664858,0.8296776764623514,0.8426623830110846,1.0,Boids,0.00329766380250021
apartment,Boids,120,800,0.02,0.05,0.2,,1,0.3,0.2,2.0,20,0,0.9947916666666666,0.9830729166666667,0.99609375,180.0,2.1666666666666665,0.2833333333333333,82.76838615444227,0.04821875,1.009914077990747,100,1.430282206175442,0.11077082500584386,0.830282206175442,0.8640047737162774,1.0,Boids,0.0033219251037485266
apartment,Boids,120,800,0.02,0.05,0.2,,3,0.3,0.2,2.0,20,0,0.9837239583333334,0.9823567708333332,0.99609375,200.0,2.375,0.225,81.536202539994,0.04480208333333333,1.003986710963455,95,1.452361082556544,0.14043932979847534,0.8523610825565435,0.8560869147477616,1.0,Boids,0.0032386233862507652
apartment,Boids,120,800,0.02,0.05,0.2,,4,0.3,0.2,2.0,20,0,0.9856770833333334,0.981640625,0.998046875,180.0,2.0,0.175,80.39218914467251,0.04311458333333333,1.0013227513227514,91,1.5177378384758755,0.14815504414775213,0.9177378384758755,0.9167727157168023,1.0,Boids,0.0030223019799996108
apartment,Boids,120,800,0.02,0.05,0.2,,5,0.3,0.2,2.0,20,0,0.96484375,0.9664713541666667,0.9928385416666666,180.0,2.058333333333333,0.15,79.39407216796936,0.04355208333333333,0.9847176079734219,89,1.4587504501455464,0.1560205618336228,0.8587504501455463,0.8444977402496855,1.0,Boids,0.003143665937500373
apartment,Boids,120,800,0.02,0.05,0.2,,6,0.3,0.2,2.0,20,0,0.9798177083333334,0.9689453125,0.9934895833333334,180.0,2.191666666666667,0.16666666666666666,80.32636761804793,0.04221875,0.99933598937583,92,1.4418860449151796,0.16595324521696794,0.8418860449151798,0.797786162404112,1.0,Boids,0.0030997923962490857
apartment,Boids,120,800,0.02,0.05,0.2,,8,0.3,0.2,2.0,20,0,0.9772135416666666,0.9679361979166667,0.9954427083333334,160.0,2.25,0.2,78.40898474764448,0.044333333333333336,0.9881500987491771,85,1.5503343582514952,0.14934237704832962,0.9503343582514955,0.957076561582812,1.0,Boids,0.003014516197499688
apartment,Boids,120,800,0.02,0.05,0.2,,7,0.3,0.2,2.0,20,0,0.9765625,0.9681315104166668,0.9934895833333334,180.0,2.0,0.2,81.06630008607905,0.03642708333333333,0.9953550099535501,94,1.4888859668817107,0.1362834071705382,0.88888596688171,0.87131277690133,1.0,Boids,0.003052483646249584
apartment,Boids,120,800,0.02,0.05,0.2,,10,0.3,0.2,2.0,20,0,0.98828125,0.9802083333333333,0.99609375,180.0,2.35,0.23333333333333334,82.53518779494695,0.04107291666666667,1.0106524633821572,98,1.4094587294616254,0.13840527311717515,0.8094587294616254,0.7781345321147168,1.0,Boids,0.0031621683325010965
apartment,Boids,120,800,0.02,0.05,0.2,,11,0.3,0.2,2.0,20,0,0.9856770833333334,0.9763997395833333,0.99609375,160.0,2.2416666666666667,0.19166666666666668,82.91122170558795,0.03578125,1.0133868808567603,100,1.4385041429702496,0.14208228379170443,0.8385041429702497,0.8339845927123223,1.0,Boids,0.0031768083850010954
apartment,Boids,120,800,0.02,0.05,0.2,,9,0.3,0.2,2.0,20,0,0.9759114583333334,0.9461263020833334,0.990234375,180.0,3.3833333333333333,0.175,71.59350924617348,0.16046875,1.047519217330538,93,1.475447090212921,0.14074472048968878,0.8754470902129214,0.8522767072455867,1.0,Boids,0.003671523386251465
apartment,Boids,120,800,0.02,0.05,0.2,,12,0.3,0.2,2.0,20,0,0.98046875,0.97890625,0.9954427083333334,200.0,2.0,0.26666666666666666,80.81751765072084,0.03717708333333333,1.0013297872340425,92,1.475997705701603,0.15943221970734872,0.875997705701603,0.8718027067730403,1.0,Boids,0.0029898086987509486
apartment,Boids,120,800,0.02,0.05,0.2,,13,0.3,0.2,2.0,20,0,0.9856770833333334,0.98154296875,0.9954427083333334,180.0,2.0,0.23333333333333334,83.16628909168745,0.0385,1.006648936170213,101,1.3969657049907,0.14598509405926752,0.7969657049907001,0.796663049187872,1.0,Boids,0.0031436046350017933
apartment,Boids,120,800,0.02,0.05,0.2,,14,0.3,0.2,2.0,20,0,0.9811197916666666,0.9789713541666666,0.99609375,180.0,2.066666666666667,0.2,82.30075037120601,0.03965625,0.9980132450331126,97,1.4244546730654875,0.15721091947654814,0.8244546730654876,0.8308838229894643,1.0,Boids,0.0031179056762493927
apartment,Boids,120,800,0.02,0.05,0.2,,15,0.3,0.2,2.0,20,0,0.986328125,0.9790364583333334,1.0,200.0,1.9416666666666667,0.18333333333333332,82.50379287446843,0.03705208333333333,1.0013218770654329,98,1.4283542152199973,0.1396607675998657,0.8283542152199971,0.8226026270499948,1.0,Boids,0.003127534896250381
apartment,Boids,120,800,0.02,0.05,0.2,,16,0.3,0.2,2.0,20,0,0.9856770833333334,0.9814778645833334,0.99609375,200.0,2.025,0.25,81.00580044535258,0.04075,1.0086608927381746,93,1.501601379796035,0.14253696920090206,0.9016013797960352,0.8674756125320006,1.0,Boids,0.003036312394999641
apartment,Boids,120,800,0.02,0.05,0.2,,17,0.3,0.2,2.0,20,0,0.98828125,0.9831380208333333,0.994140625,180.0,2.0083333333333333,0.15,81.08961019585348,0.0415,1.001980198019802,93,1.4542788453996502,0.13976289136467498,0.8542788453996499,0.8645757210686392,1.0,Boids,0.0030727244800004883
apartment,Boids,120,800,0.02,0.05,0.2,,18,0.3,0.2,2.0,20,0,0.9798177083333334,0.9669270833333334,0.9934895833333334,220.0,2.025,0.175,79.43493446111158,0.04330208333333333,0.9966887417218544,90,1.4811175953663944,0.13986455549354396,0.8811175953663946,0.8556744338075738,1.0,Boids,0.0030440856774998793
apartment,Boids,120,800,0.02,0.05,0.2,,19,0.3,0.2,2.0,20,0,0.984375,0.9789388020833334,0.9954427083333334,180.0,2.2333333333333334,0.175,81.23722518175934,0.04027083333333333,1.0046511627906975,94,1.4552734123066438,0.1625492570548916,0.8552734123066434,0.872203478940672,1.0,Boids,0.0030967670312520568
apartment,Boids,120,800,0.02,0.05,0.2,,20,0.3,0.2,2.0,20,0,0.984375,0.9815755208333334,1.0,180.0,2.183333333333333,0.24166666666666667,81.274476756373,0.04238541666666667,1.0033178500331785,95,1.4287723071129026,0.13823886733312096,0.8287723071129025,0.801854540143874,1.0,Boids,0.0031008448437501103
apartment,Boids,120,800,0.02,0.05,0.2,,21,0.3,0.2,2.0,20,0,0.9921875,0.9893229166666666,0.998046875,180.0,2.183333333333333,0.20833333333333334,83.4290643289738,0.039489583333333335,1.014647137150466,103,1.3877771298674997,0.12409318022236897,0.7877771298674998,0.8120407164295987,1.0,Boids,0.0031943136462496114
apartment,Boids,120,800,0.02,0.05,0.2,,22,0.3,0.2,2.0,20,0,0.9921875,0.9864908854166666,0.998046875,180.0,2.2333333333333334,0.13333333333333333,82.74161079376798,0.040052083333333335,1.0126245847176079,99,1.4229510482807368,0.11740795676468041,0.8229510482807367,0.8115285718537292,1.0,Boids,0.0032531098437516446
rubble,Boids,10,800,0.02,0.05,0.2,,0,0.3,0.2,2.0,20,0,0.18994413407821228,0.19078212290502794,0.2925977653631285,120.0,0.4,0.3,82.66297424151088,0.002375,0.8318042813455657,7,2.652018432400656,0.34444207178973724,2.0520184324006565,1.8035764360587567,1.0,Boids,0.0003924901050004337
apartment,Boids,120,800,0.02,0.05,0.2,,23,0.3,0.2,2.0,20,0,0.984375,0.9748372395833333,0.994140625,160.0,1.9666666666666666,0.15,81.73018437117408,0.035375,1.0059880239520957,95,1.4514741600096788,0.14693948519976902,0.8514741600096787,0.8232303065159025,1.0,Boids,0.0031412466137498997
rubble,Boids,10,800,0.02,0.05,0.2,,1,0.3,0.2,2.0,20,0,0.16620111731843576,0.16536312849162013,0.29399441340782123,120.0,0.3,0.2,85.93418754131568,0.001875,0.7104477611940299,7,2.040251057333883,0.13741740449577516,1.4402510573338831,1.392493151540139,1.0,Boids,0.00045978599000136457
rubble,Boids,10,800,0.02,0.05,0.2,,2,0.3,0.2,2.0,20,0,0.20041899441340782,0.19574022346368714,0.2702513966480447,60.0,0.6,0.0,92.74740627854072,0.002625,0.9288025889967637,9,1.9352349140299419,0.13639650082998703,1.3352349140299418,1.266819277066928,1.0,Boids,0.0004508169787504812
rubble,Boids,10,800,0.02,0.05,0.2,,3,0.3,0.2,2.0,20,0,0.23952513966480446,0.2365223463687151,0.3233240223463687,80.0,0.3,0.0,99.50578516188989,0.00225,1.0238805970149254,10,2.415694270617073,0.32908820190622917,1.815694270617073,1.5858203502496377,1.0,Boids,0.00047614218750140935
apartment,Boids,120,800,0.02,0.05,0.2,,24,0.3,0.2,2.0,20,0,0.9895833333333334,0.9835286458333332,0.99609375,180.0,2.0416666666666665,0.20833333333333334,82.2772475463321,0.03958333333333333,1.0106382978723405,98,1.4569287459874434,0.14041403859701515,0.8569287459874435,0.8429428875298,1.0,Boids,0.0031486376037491936
rubble,Boids,10,800,0.02,0.05,0.2,,4,0.3,0.2,2.0,20,0,0.23324022346368714,0.2341131284916201,0.30726256983240224,60.0,0.3,0.3,94.95052495710533,0.002,1.050314465408805,10,2.2745899992771856,0.35040024050206875,1.674589999277185,1.425112749298162,1.0,Boids,0.0004642690099990432
rubble,Boids,10,800,0.02,0.05,0.2,,5,0.3,0.2,2.0,20,0,0.2276536312849162,0.2344972067039106,0.3058659217877095,160.0,0.6,0.3,96.07719507043515,0.00375,0.9702380952380952,10,2.10332506204663,0.3892656862571868,1.5033250620466305,1.3127663277921413,1.0,Boids,0.00046640176999972026
apartment,Boids,120,800,0.02,0.05,0.2,,25,0.3,0.2,2.0,20,0,0.9876302083333334,0.9817057291666667,0.9967447916666666,200.0,2.175,0.26666666666666666,83.00775808949496,0.04133333333333333,1.0099866844207723,101,1.3987017823779644,0.14863556268701983,0.7987017823779645,0.8148778683848813,1.0,Boids,0.0032219478125011846
apartment,Boids,120,800,0.02,0.05,0.2,,26,0.3,0.2,2.0,20,0,0.9850260416666666,0.9811197916666666,0.9954427083333334,160.0,2.15,0.16666666666666666,81.74797759716394,0.03934375,1.0033156498673739,97,1.426466452609084,0.14996754945810953,0.8264664526090839,0.8221022104418584,1.0,Boids,0.003161938386251677
rubble,Boids,10,800,0.02,0.05,0.2,,6,0.3,0.2,2.0,20,0,0.2185754189944134,0.21365223463687152,0.33868715083798884,220.0,0.7,0.5,85.4516329337366,0.004,0.884180790960452,8,2.6130018439404727,0.2047908574391248,2.0130018439404727,1.784270148093753,1.0,Boids,0.0004836452087511134
rubble,Boids,10,800,0.02,0.05,0.2,,7,0.3,0.2,2.0,20,0,0.17737430167597765,0.18306564245810056,0.3128491620111732,80.0,0.3,0.1,82.75183947942071,0.001875,0.7767584097859327,7,2.707041267083677,0.4903631304676796,2.107041267083677,1.1333917435737084,1.0,Boids,0.00046254291625018594
rubble,Boids,10,800,0.02,0.05,0.2,,8,0.3,0.2,2.0,20,0,0.2122905027932961,0.21176675977653633,0.30027932960893855,80.0,0.3,0.1,89.72802647940905,0.00225,0.9240121580547113,8,2.668955746630573,0.34747785540399667,2.0689557466305732,1.6448333882460566,1.0,Boids,0.00048377161374901334
rubble,Boids,10,800,0.02,0.05,0.2,,9,0.3,0.2,2.0,20,0,0.12849162011173185,0.1291899441340782,0.29748603351955305,100.0,0.5,0.3,70.94477449260239,0.003375,0.5822784810126582,4,4.076955003272768,0.27704949847502686,3.476955003272768,3.3020192462934874,1.0,Boids,0.0004458953637504237
rubble,Boids,10,800,0.02,0.05,0.2,,11,0.3,0.2,2.0,20,0,0.20041899441340782,0.20094273743016755,0.30377094972067037,80.0,0.1,0.3,88.13211815825066,0.0015,0.8541666666666666,8,2.362505518753106,0.38417962973956277,1.7625055187531058,1.4982102991182782,1.0,Boids,0.00047123380250013724
rubble,Boids,10,800,0.02,0.05,0.2,,10,0.3,0.2,2.0,20,0,0.21717877094972068,0.21532821229050278,0.30377094972067037,100.0,0.5,0.2,92.96140849460618,0.002875,0.9424242424242425,9,2.396777606099746,0.34001762049154,1.7967776060997462,1.5755383732744255,1.0,Boids,0.0005042235412497575
rubble,Boids,10,800,0.02,0.05,0.2,,12,0.3,0.2,2.0,20,0,0.1627094972067039,0.15991620111731844,0.31773743016759776,120.0,0.1,0.0,82.23404649198329,0.0005,0.6934523809523809,6,2.412638088068024,0.20156616053315748,1.8126380880680244,1.5452463927890459,1.0,Boids,0.00047222609375012324
rubble,Boids,10,800,0.02,0.05,0.2,,13,0.3,0.2,2.0,20,0,0.1878491620111732,0.2049581005586592,0.3051675977653631,120.0,0.4,0.1,91.73022413212179,0.0015,0.8029850746268657,9,1.7355563899862902,0.35629375616272113,1.1355563899862904,1.0706505210009443,1.0,Boids,0.0004954856774998007
rubble,Boids,10,800,0.02,0.05,0.2,,15,0.3,0.2,2.0,20,0,0.1857541899441341,0.19120111731843575,0.2925977653631285,100.0,0.5,0.1,84.73479310821882,0.00325,0.7710144927536232,7,2.601713716859071,0.4281039653256049,2.001713716859071,1.4535979599437576,1.0,Boids,0.00046026609374848703
rubble,Boids,10,800,0.02,0.05,0.2,,14,0.3,0.2,2.0,20,0,0.23044692737430167,0.22273044692737426,0.30446927374301674,100.0,0.3,0.1,93.17043848074887,0.002,1.0060975609756098,9,2.351760250933598,0.32574959876841003,1.7517602509335977,1.3582912391534556,1.0,Boids,0.0004741690100013329
rubble,Boids,10,800,0.02,0.05,0.2,,16,0.3,0.2,2.0,20,0,0.20181564245810055,0.19860335195530723,0.3023743016759777,80.0,0.7,0.3,87.96058853118275,0.005,0.862686567164179,8,2.3406767329462808,0.3226881225142929,1.7406767329462807,1.3782198082369694,1.0,Boids,0.0004857178125007522
rubble,Boids,10,800,0.02,0.05,0.2,,17,0.3,0.2,2.0,20,0,0.2206703910614525,0.2266061452513967,0.35195530726256985,80.0,0.1,0.2,94.04853406317513,0.001,0.9239766081871345,9,2.7635234642074544,0.734473133478967,2.163523464207455,1.2719400311352471,1.0,Boids,0.0004805306250000285
rubble,Boids,10,800,0.02,0.05,0.2,,18,0.3,0.2,2.0,20,0,0.21089385474860337,0.21393156424581003,0.30377094972067037,160.0,0.6,0.2,92.46282133450185,0.002,0.8856304985337243,9,2.195489507357786,0.45065928019321383,1.5954895073577855,1.1985483713203289,1.0,Boids,0.000501637187499
rubble,Boids,10,800,0.02,0.05,0.2,,19,0.3,0.2,2.0,20,0,0.15572625698324022,0.16019553072625697,0.2905027932960894,80.0,0.3,0.1,78.37887950808116,0.002,0.6656716417910448,6,2.22727074842876,0.1461534282963091,1.6272707484287594,1.4280133768153478,1.0,Boids,0.0004688381762503013
rubble,Boids,10,800,0.02,0.05,0.2,,20,0.3,0.2,2.0,20,0,0.2206703910614525,0.22971368715083798,0.3463687150837989,220.0,1.1,0.2,93.788691252168,0.00475,0.87292817679558,9,2.646962636483609,0.6672150885976722,2.046962636483609,1.2958981256735096,1.0,Boids,0.0004758153650004715
rubble,Boids,10,800,0.02,0.05,0.2,,21,0.3,0.2,2.0,20,0,0.2346368715083799,0.23351955307262573,0.30446927374301674,100.0,0.8,0.2,95.26717456125252,0.003375,0.9911504424778761,10,2.1754445920178624,0.37617802741211087,1.5754445920178626,1.251350428697716,1.0,Boids,0.0005284256775007634
rubble,Boids,10,800,0.02,0.05,0.2,,22,0.3,0.2,2.0,20,0,0.23812849162011174,0.23432262569832402,0.3079608938547486,80.0,0.4,0.3,95.80182909833947,0.00275,1.0118694362017804,10,2.3181664114066214,0.2627821362268905,1.7181664114066213,1.5967619713974068,1.0,Boids,0.00047791734375095984
apartment,Boids,120,800,0.02,0.05,0.2,,27,0.3,0.2,2.0,20,0,0.98828125,0.9810221354166668,0.9954427083333334,200.0,2.0,0.18333333333333332,80.1955129158123,0.03725,1.012,90,1.5452019106929422,0.133925163014583,0.9452019106929421,0.9192444197332527,1.0,Boids,0.003194129687501572
rubble,Boids,10,800,0.02,0.05,0.2,,23,0.3,0.2,2.0,20,0,0.18435754189944134,0.18264664804469272,0.29748603351955305,100.0,0.1,0.0,85.73061471499497,0.00175,0.8073394495412844,7,2.391460598260711,0.2101229696773909,1.7914605982607112,1.5891121645019504,1.0,Boids,0.0004926670312511305
rubble,Boids,10,800,0.02,0.05,0.2,,24,0.3,0.2,2.0,20,0,0.20251396648044692,0.1978351955307263,0.29399441340782123,100.0,0.8,0.1,84.87456163841229,0.005,0.9206349206349206,8,2.489722968955605,0.43818040202296815,1.8897229689556048,1.3882229416370728,1.0,Boids,0.0004781445312505639
rubble,Boids,10,800,0.02,0.05,0.2,,25,0.3,0.2,2.0,20,0,0.18994413407821228,0.18414804469273743,0.30726256983240224,60.0,0.5,0.2,84.98868870659868,0.00275,0.8047337278106509,7,2.484899562528652,0.3660152826445093,1.8848995625286515,1.4220436527630191,1.0,Boids,0.0004624797399992531
apartment,Boids,120,800,0.02,0.05,0.2,,28,0.3,0.2,2.0,20,0,0.9895833333333334,0.9802408854166667,0.99609375,160.0,2.066666666666667,0.2,83.11852380878284,0.04084375,1.0092961487383798,102,1.4033804736964701,0.14237335631091722,0.8033804736964703,0.7885624875177716,1.0,Boids,0.0034076043749996644
rubble,Boids,10,800,0.02,0.05,0.2,,26,0.3,0.2,2.0,20,0,0.21089385474860337,0.21239525139664805,0.30377094972067037,140.0,0.7,0.1,88.36885562846034,0.0025,0.8779069767441862,8,2.51930717031086,0.37818072880711007,1.9193071703108604,1.408366534014632,1.0,Boids,0.0004371468225008357
apartment,Boids,120,800,0.02,0.05,0.2,,29,0.3,0.2,2.0,20,0,0.9928385416666666,0.9769856770833336,0.9954427083333334,180.0,2.175,0.20833333333333334,82.21384692721747,0.0426875,1.0153129161118508,99,1.4262860338836596,0.15916346973291204,0.8262860338836594,0.8014304863956968,1.0,Boids,0.0033220764062502892
rubble,Boids,10,800,0.02,0.05,0.2,,27,0.3,0.2,2.0,20,0,0.14315642458100558,0.14102653631284917,0.295391061452514,120.0,0.6,0.3,75.94561239068734,0.0035,0.6307692307692307,5,2.9508641920435954,0.4125528489609254,2.3508641920435953,2.398676151219222,1.0,Boids,0.0004378054175003854
rubble,Boids,10,800,0.02,0.05,0.2,,28,0.3,0.2,2.0,20,0,0.18854748603351956,0.19217877094972066,0.348463687150838,120.0,0.6,0.1,83.39580953732187,0.003125,0.7941176470588236,7,2.882003389531314,0.652725201605506,2.2820033895313143,1.5801772370364295,1.0,Boids,0.00041092015625054045
rubble,Boids,10,800,0.02,0.05,0.2,,29,0.3,0.2,2.0,20,0,0.2276536312849162,0.2394902234636871,0.35824022346368717,80.0,0.3,0.3,98.94438227552165,0.00275,1.015576323987539,10,2.346437718224449,0.658285699332823,1.746437718224449,1.1759809238212995,1.0,Boids,0.00042878864624981363
rubble,Boids,30,800,0.02,0.05,0.2,,0,0.3,0.2,2.0,20,0,0.48743016759776536,0.4863826815642458,0.5593575418994413,140.0,1.1,0.2,81.35734037041242,0.008375,0.9614325068870524,25,1.8508704719322417,0.19475382765949553,1.2508704719322417,1.2146375021762164,1.0,Boids,0.0006750239062512265
rubble,Boids,30,800,0.02,0.05,0.2,,1,0.3,0.2,2.0,20,0,0.49511173184357543,0.4920391061452515,0.5565642458100558,120.0,1.0666666666666667,0.23333333333333334,82.3863913487872,0.009583333333333333,0.9806362378976486,25,1.9885442254738803,0.20133231443321845,1.38854422547388,1.3391522488618715,1.0,Boids,0.0006642883324980176
rubble,Boids,30,800,0.02,0.05,0.2,,2,0.3,0.2,2.0,20,0,0.5020949720670391,0.49601955307262574,0.5712290502793296,120.0,1.4333333333333333,0.2,82.8301630998355,0.008791666666666666,0.9876373626373628,27,1.9917379505788655,0.3398812836483559,1.3917379505788656,1.2142257754812826,1.0,Boids,0.0006799021350002477
rubble,Boids,30,800,0.02,0.05,0.2,,3,0.3,0.2,2.0,20,0,0.4441340782122905,0.4388617318435754,0.5412011173184358,120.0,0.9,0.13333333333333333,75.81361766003121,0.007583333333333333,0.9008498583569405,21,2.1130240813304475,0.20933389756090467,1.5130240813304479,1.4045281314373894,1.0,Boids,0.0006387351037483313
rubble,Boids,30,800,0.02,0.05,0.2,,4,0.3,0.2,2.0,20,0,0.49022346368715086,0.48868715083798886,0.5712290502793296,120.0,1.2333333333333334,0.23333333333333334,79.95376179338209,0.014,0.9410187667560322,24,2.1520027540660105,0.33723302648163245,1.5520027540660104,1.2958108321001283,1.0,Boids,0.0006737901037490702
rubble,Boids,30,800,0.02,0.05,0.2,,6,0.3,0.2,2.0,20,0,0.5048882681564246,0.5032472067039107,0.6417597765363129,160.0,1.2333333333333334,0.06666666666666667,79.55009697186753,0.013083333333333334,0.9550858652575958,23,2.279240926295935,0.4388453727689796,1.679240926295935,1.405946526812968,1.0,Boids,0.0006465094787495218
rubble,Boids,30,800,0.02,0.05,0.2,,5,0.3,0.2,2.0,20,0,0.48812849162011174,0.4818086592178771,0.5558659217877095,140.0,1.1666666666666667,0.26666666666666666,84.36497462788735,0.014166666666666666,0.962809917355372,27,1.8188621809618528,0.3161684545643636,1.2188621809618527,1.1060083827955123,1.0,Boids,0.000704255937500875
rubble,Boids,30,800,0.02,0.05,0.2,,7,0.3,0.2,2.0,20,0,0.4797486033519553,0.47074022346368716,0.5663407821229051,160.0,1.3666666666666667,0.26666666666666666,78.37787672081622,0.015041666666666667,0.9196787148594378,23,2.064040030361092,0.25049499035562806,1.464040030361092,1.3927697758019413,1.0,Boids,0.00064598703125057
rubble,Boids,30,800,0.02,0.05,0.2,,8,0.3,0.2,2.0,20,0,0.48393854748603354,0.47726955307262575,0.5488826815642458,160.0,1.0,0.1,81.11701656229897,0.008708333333333334,0.9705882352941178,25,1.9140508448164366,0.21510343550022748,1.3140508448164363,1.2250860696443562,1.0,Boids,0.0006994544799999858
rubble,Boids,30,800,0.02,0.05,0.2,,9,0.3,0.2,2.0,20,0,0.4657821229050279,0.45101256983240223,0.5600558659217877,100.0,1.1333333333333333,0.13333333333333333,78.09169801880248,0.010916666666666667,0.9542203147353361,23,1.9816035792400606,0.23548446326158556,1.3816035792400605,1.2048417355682028,1.0,Boids,0.0006787128650012164
rubble,Boids,30,800,0.02,0.05,0.2,,10,0.3,0.2,2.0,20,0,0.4965083798882682,0.4942388268156425,0.5572625698324022,120.0,1.1666666666666667,0.1,85.61880137496765,0.007625,0.9930167597765364,28,1.818839656879908,0.24307938412737692,1.2188396568799078,1.2266018058295514,1.0,Boids,0.0007666063024998948
rubble,Boids,30,800,0.02,0.05,0.2,,12,0.3,0.2,2.0,20,0,0.4518156424581006,0.44465782122905023,0.5628491620111732,160.0,0.9333333333333333,0.1,75.9790329631532,0.008083333333333333,0.8826739427012279,21,2.161376544273876,0.374846997265354,1.5613765442738756,1.244276898640146,1.0,Boids,0.0006793966137479401
rubble,Boids,30,800,0.02,0.05,0.2,,11,0.3,0.2,2.0,20,0,0.46787709497206703,0.46277932960893853,0.5628491620111732,100.0,1.3,0.26666666666666666,82.8568925140956,0.012,0.9215955983493811,26,1.8726147404470668,0.219403605721625,1.2726147404470667,1.1137632904733723,1.0,Boids,0.0007523013012496449
rubble,Boids,30,800,0.02,0.05,0.2,,14,0.3,0.2,2.0,20,0,0.4238826815642458,0.4165502793296089,0.5558659217877095,140.0,1.1333333333333333,0.23333333333333334,73.94068526958905,0.011958333333333333,0.8646723646723646,19,1.9968160472121441,0.24506790836818762,1.3968160472121443,1.203820446676945,1.0,Boids,0.0007066354687503917
rubble,Boids,30,800,0.02,0.05,0.2,,13,0.3,0.2,2.0,20,0,0.5216480446927374,0.5105097765363128,0.5712290502793296,180.0,1.2,0.2,83.85800534228193,0.010875,1.0,27,2.0087333850303515,0.2537007737075625,1.4087333850303514,1.3220992055481915,1.0,Boids,0.0007575740112497442
rubble,Boids,30,800,0.02,0.05,0.2,,16,0.3,0.2,2.0,20,0,0.4175977653631285,0.4190293296089386,0.5523743016759777,180.0,1.2,0.2,76.00955822587316,0.009625,0.8236914600550965,21,1.953379036678306,0.2330853051654312,1.3533790366783058,1.3733750435219005,1.0,Boids,0.000704529271249612
rubble,Boids,30,800,0.02,0.05,0.2,,15,0.3,0.2,2.0,20,0,0.48324022346368717,0.48620810055865915,0.5551675977653632,120.0,1.2,0.2,84.25460164822364,0.011375,0.9691876750700281,27,1.786594984349937,0.2665000309175516,1.1865949843499366,1.1210533403714278,1.0,Boids,0.0007668373437491028
rubble,Boids,30,800,0.02,0.05,0.2,,17,0.3,0.2,2.0,20,0,0.48533519553072624,0.485300279329609,0.5537709497206704,180.0,0.7333333333333333,0.36666666666666664,83.48830557009327,0.011625,0.9442934782608695,27,1.8174962482572423,0.30248754141965445,1.217496248257242,1.0546924336338876,1.0,Boids,0.0007767503125000985
rubble,Boids,30,800,0.02,0.05,0.2,,18,0.3,0.2,2.0,20,0,0.48533519553072624,0.48222765363128495,0.5565642458100558,140.0,1.1333333333333333,0.23333333333333334,81.59568320100887,0.01375,0.9559834938101789,25,1.9322146990348488,0.2609352280928433,1.3322146990348487,1.168102274188283,1.0,Boids,0.0007673960412512315
rubble,Boids,30,800,0.02,0.05,0.2,,19,0.3,0.2,2.0,20,0,0.49231843575418993,0.48711592178770946,0.5565642458100558,120.0,1.0,0.23333333333333334,82.0129033373626,0.00775,0.9887798036465638,26,1.9062506835568767,0.2207191977325353,1.3062506835568768,1.211645778944371,1.0,Boids,0.0007675917712504088
rubble,Boids,30,800,0.02,0.05,0.2,,20,0.3,0.2,2.0,20,0,0.46787709497206703,0.46902932960893845,0.5356145251396648,120.0,1.0666666666666667,0.13333333333333333,81.65424470717375,0.010791666666666666,0.9436619718309859,25,1.882954181273567,0.24916140639881842,1.2829541812735668,1.228479819797926,1.0,Boids,0.0007759931250006958
rubble,Boids,30,800,0.02,0.05,0.2,,23,0.3,0.2,2.0,20,0,0.42946927374301674,0.4298533519553073,0.5551675977653632,140.0,0.8666666666666667,0.16666666666666666,75.41347643118182,0.009625,0.8494475138121546,20,2.1273605905029354,0.18433400282690418,1.5273605905029348,1.5994121405514568,1.0,Boids,0.0007299535937499969
rubble,Boids,30,800,0.02,0.05,0.2,,21,0.3,0.2,2.0,20,0,0.4930167597765363,0.48421787709497205,0.5586592178770949,160.0,1.0333333333333334,0.13333333333333333,80.78957764384126,0.0135,0.9644808743169399,25,1.977727785956141,0.23686267094143923,1.3777277859561412,1.399216049372952,1.0,Boids,0.0008085648437509008
rubble,Boids,30,800,0.02,0.05,0.2,,22,0.3,0.2,2.0,20,0,0.4490223463687151,0.4412011173184357,0.5453910614525139,100.0,1.4333333333333333,0.23333333333333334,78.45007342537977,0.010958333333333334,0.9081920903954802,24,1.851801877155575,0.25739417315284724,1.2518018771555752,1.02563507670082,1.0,Boids,0.0007716079687497768
rubble,Boids,30,800,0.02,0.05,0.2,,24,0.3,0.2,2.0,20,0,0.44064245810055863,0.43882681564245807,0.5698324022346368,120.0,0.9666666666666667,0.13333333333333333,74.10404012965085,0.012208333333333333,0.8291721419185283,20,2.19162238610539,0.2729509201936809,1.5916223861053898,1.3537656282606703,1.0,Boids,0.000745036614998753
rubble,Boids,30,800,0.02,0.05,0.2,,25,0.3,0.2,2.0,20,0,0.4664804469273743,0.48051675977653635,0.5649441340782123,140.0,1.1,0.16666666666666666,79.66284003427604,0.009625,0.929068150208623,23,1.8137705580702437,0.2501212622800505,1.2137705580702438,1.1141265179853557,1.0,Boids,0.0007379413550006575
rubble,Boids,30,800,0.02,0.05,0.2,,26,0.3,0.2,2.0,20,0,0.48812849162011174,0.4829608938547486,0.5544692737430168,140.0,1.0,0.2,82.53062357585003,0.00675,0.9776223776223777,26,1.8255605230618366,0.24969803301458457,1.2255605230618365,1.1384159580505842,1.0,Boids,0.000773931927499234
rubble,Boids,30,800,0.02,0.05,0.2,,27,0.3,0.2,2.0,20,0,0.4909217877094972,0.4902932960893855,0.5642458100558659,120.0,1.2333333333333334,0.13333333333333333,83.12135069333034,0.006958333333333334,0.9696551724137932,26,1.9111398104920123,0.2034527460690518,1.3111398104920122,1.1888289765822235,1.0,Boids,0.0007561416149997058
rubble,Boids,30,800,0.02,0.05,0.2,,28,0.3,0.2,2.0,20,0,0.45321229050279327,0.45991620111731846,0.5600558659217877,140.0,1.1666666666666667,0.1,79.89890923939836,0.012833333333333334,0.8866120218579234,24,1.8917340044653352,0.22439277277566488,1.291734004465335,1.098161977045158,1.0,Boids,0.000749946978751268
rubble,Boids,30,800,0.02,0.05,0.2,,29,0.3,0.2,2.0,20,0,0.48463687150837986,0.4801326815642458,0.5614525139664804,120.0,0.9,0.3,79.57214703812737,0.010625,0.9652294853963838,23,2.0393102064566664,0.24408617855495174,1.439310206456667,1.3321974681102122,1.0,Boids,0.0007448671875022228
rubble,Boids,60,800,0.02,0.05,0.2,,1,0.3,0.2,2.0,20,0,0.696927374301676,0.6979399441340782,0.8065642458100558,220.0,1.3166666666666667,0.3,74.77537044279538,0.014,0.9930348258706467,47,1.61235186641633,0.23171916104982457,1.01235186641633,1.0101672190241175,1.0,Boids,0.0013532353650020923
rubble,Boids,60,800,0.02,0.05,0.2,,3,0.3,0.2,2.0,20,0,0.6731843575418994,0.6526536312849163,0.7730446927374302,200.0,1.4666666666666666,0.38333333333333336,72.96567970464956,0.017208333333333332,0.9836734693877551,45,1.6064080513475172,0.23056034422642604,1.006408051347517,0.910196451503635,1.0,Boids,0.0013283670837495264
rubble,Boids,60,800,0.02,0.05,0.2,,2,0.3,0.2,2.0,20,0,0.6808659217877095,0.6805167597765363,0.7737430167597765,200.0,1.3333333333333333,0.25,75.2622079222538,0.013979166666666668,0.988843813387424,49,1.5567156058791662,0.20243881280041387,0.9567156058791662,0.9389704148340526,1.0,Boids,0.0013434907812506936
rubble,Boids,60,800,0.02,0.05,0.2,,4,0.3,0.2,2.0,20,0,0.7185754189944135,0.697800279329609,0.8205307262569832,280.0,1.25,0.4166666666666667,72.66280591806441,0.0201875,0.9961277831558568,43,1.694330669250146,0.29528924930343026,1.0943306692501458,1.0137485340033296,1.0,Boids,0.0013187088024983495
rubble,Boids,60,800,0.02,0.05,0.2,,0,0.3,0.2,2.0,20,0,0.744413407821229,0.7226256983240222,0.8212290502793296,260.0,1.45,0.3333333333333333,78.52397410824408,0.013208333333333334,1.071356783919598,53,1.619309953767666,0.2631750977561105,1.0193099537676662,0.8643983564855889,1.0,Boids,0.0014084630212482807
rubble,Boids,60,800,0.02,0.05,0.2,,5,0.3,0.2,2.0,20,0,0.6808659217877095,0.6665851955307263,0.8016759776536313,260.0,1.35,0.35,73.92432877490224,0.0193125,0.9294566253574834,46,1.6258890642218906,0.35978525842567793,1.025889064221891,0.9676282302314657,1.0,Boids,0.0013199686462507998
rubble,Boids,60,800,0.02,0.05,0.2,,6,0.3,0.2,2.0,20,0,0.6899441340782123,0.6815293296089384,0.7863128491620112,240.0,1.5666666666666667,0.35,73.72844469569198,0.019270833333333334,0.988988988988989,46,1.5310173111509566,0.25349733936941626,0.9310173111509568,0.8416559314623252,1.0,Boids,0.001301883906248804
rubble,Boids,60,800,0.02,0.05,0.2,,7,0.3,0.2,2.0,20,0,0.7192737430167597,0.7018505586592181,0.8149441340782123,220.0,1.5666666666666667,0.25,74.78597633281689,0.020770833333333332,0.9726156751652502,47,1.6881581731587603,0.25375894002979477,1.0881581731587604,1.0181459769192398,1.0,Boids,0.0013008741149997149
rubble,Boids,60,800,0.02,0.05,0.2,,8,0.3,0.2,2.0,20,0,0.696927374301676,0.6930865921787709,0.7835195530726257,200.0,1.2833333333333334,0.26666666666666666,76.06924472899644,0.0155625,0.9960079840319361,50,1.5781044980612344,0.2144330938788422,0.9781044980612346,0.9278175634126845,1.0,Boids,0.0012842046350010606
rubble,Boids,60,800,0.02,0.05,0.2,,9,0.3,0.2,2.0,20,0,0.6934357541899442,0.6882332402234637,0.797486033519553,240.0,1.3333333333333333,0.4666666666666667,74.63395358718529,0.015375,0.9631425800193988,47,1.6192169110387256,0.26579477436258764,1.019216911038725,0.9031048257159938,1.0,Boids,0.0011704612499988797
rubble,Boids,60,800,0.02,0.05,0.2,,11,0.3,0.2,2.0,20,0,0.6801675977653632,0.6680516759776536,0.7786312849162011,240.0,1.4833333333333334,0.31666666666666665,74.19456392513338,0.016479166666666666,0.9779116465863456,47,1.5196482082998224,0.23961720734923175,0.9196482082998229,0.7983669645681567,1.0,Boids,0.001240891042500607
rubble,Boids,60,800,0.02,0.05,0.2,,12,0.3,0.2,2.0,20,0,0.6836592178770949,0.6745111731843575,0.7730446927374302,280.0,1.3333333333333333,0.3333333333333333,75.45482361429087,0.012833333333333334,0.9859013091641489,50,1.5713348494953425,0.2078343297325197,0.9713348494953427,0.9075515918089115,1.0,Boids,0.001257780676251059
rubble,Boids,60,800,0.02,0.05,0.2,,13,0.3,0.2,2.0,20,0,0.7060055865921788,0.6947974860335197,0.8023743016759777,220.0,1.6,0.31666666666666665,75.05507996409341,0.021604166666666667,0.9873046875,48,1.597769066831842,0.24339217429695262,0.9977690668318422,0.9438483106606413,1.0,Boids,0.0012445119787503245
rubble,Boids,60,800,0.02,0.05,0.2,,10,0.3,0.2,2.0,20,0,0.74231843575419,0.7246159217877095,0.8247206703910615,280.0,1.5833333333333333,0.21666666666666667,77.80777300818843,0.017354166666666667,1.0683417085427136,52,1.5804115057259458,0.22379731895933827,0.9804115057259455,0.8821145557026498,1.0,Boids,0.0012982308849996116
rubble,Boids,60,800,0.02,0.05,0.2,,14,0.3,0.2,2.0,20,0,0.7416201117318436,0.7240572625698325,0.8184357541899442,220.0,1.35,0.25,79.10947824835083,0.01725,1.066265060240964,54,1.52108640668699,0.25407626712568054,0.9210864066869903,0.8622600302874988,1.0,Boids,0.0013709135425006025
rubble,Boids,60,800,0.02,0.05,0.2,,15,0.3,0.2,2.0,20,0,0.6843575418994413,0.680481843575419,0.7870111731843575,240.0,1.6166666666666667,0.31666666666666665,72.0393757804576,0.020520833333333332,0.9819639278557114,43,1.628761377182781,0.24071144451951765,1.0287613771827806,0.9572893027945454,1.0,Boids,0.0012602622400004293
rubble,Boids,60,800,0.02,0.05,0.2,,16,0.3,0.2,2.0,20,0,0.702513966480447,0.696263966480447,0.7967877094972067,220.0,1.6,0.25,75.63541880842111,0.020791666666666667,1.0141129032258065,49,1.5497798416054742,0.24582615251470857,0.9497798416054741,0.788695402392748,1.0,Boids,0.001301360521249535
rubble,Boids,60,800,0.02,0.05,0.2,,17,0.3,0.2,2.0,20,0,0.7018156424581006,0.6986033519553073,0.8037709497206704,240.0,1.3333333333333333,0.23333333333333334,74.6195579903019,0.0149375,1.006006006006006,48,1.611254130729354,0.2544157031559329,1.0112541307293539,0.975195984073833,1.0,Boids,0.0013050318224986767
rubble,Boids,60,800,0.02,0.05,0.2,,19,0.3,0.2,2.0,20,0,0.6298882681564246,0.623358938547486,0.7569832402234636,220.0,1.2833333333333334,0.15,70.00900256676647,0.014125,0.9101917255297679,41,1.7105207855920246,0.372776039359247,1.1105207855920245,0.9453191310376236,1.0,Boids,0.001300662552500853
rubble,Boids,60,800,0.02,0.05,0.2,,18,0.3,0.2,2.0,20,0,0.7353351955307262,0.7113826815642459,0.8100558659217877,260.0,1.6,0.4166666666666667,77.00325364424238,0.02027083333333333,1.026315789473684,52,1.6367209939203096,0.292281368901865,1.0367209939203095,0.9604317179312699,1.0,Boids,0.001396566979999534
rubble,Boids,60,800,0.02,0.05,0.2,,21,0.3,0.2,2.0,20,0,0.6641061452513967,0.6668296089385475,0.7932960893854749,200.0,1.5333333333333334,0.2,72.3486131415964,0.019604166666666666,0.9369458128078818,43,1.6009535226921705,0.29109274415910275,1.0009535226921704,0.8676894158348657,1.0,Boids,0.0012913910412498807
rubble,Boids,60,800,0.02,0.05,0.2,,22,0.3,0.2,2.0,20,0,0.7032122905027933,0.6995111731843575,0.7988826815642458,180.0,1.35,0.18333333333333332,74.71141545364549,0.015729166666666666,0.998017839444995,47,1.5655445953341114,0.2611946601417692,0.9655445953341112,0.8533597560617087,1.0,Boids,0.0013413521350003066
rubble,Boids,60,800,0.02,0.05,0.2,,20,0.3,0.2,2.0,20,0,0.7472067039106145,0.7069483240223464,0.8212290502793296,240.0,1.3166666666666667,0.26666666666666666,76.3626791821231,0.01875,1.0358180058083253,50,1.653712183467579,0.28120966592967717,1.0537121834675789,0.8915661143094599,1.0,Boids,0.0014704793224996138
rubble,Boids,60,800,0.02,0.05,0.2,,23,0.3,0.2,2.0,20,0,0.696927374301676,0.6950768156424582,0.7960893854748603,280.0,1.5833333333333333,0.2833333333333333,75.84870066381488,0.017375,0.9559386973180076,50,1.5537654905508445,0.23022086365405808,0.9537654905508444,0.8670511152282333,1.0,Boids,0.0013598908849985492
rubble,Boids,60,800,0.02,0.05,0.2,,24,0.3,0.2,2.0,20,0,0.7115921787709497,0.6986033519553072,0.7995810055865922,200.0,1.6333333333333333,0.26666666666666666,74.51311237062507,0.0218125,1.0387359836901122,47,1.6073501441873077,0.3080502917206158,1.0073501441873076,0.8461720527451729,1.0,Boids,0.0013448461462485283
rubble,Boids,60,800,0.02,0.05,0.2,,25,0.3,0.2,2.0,20,0,0.7178770949720671,0.7027583798882682,0.8044692737430168,220.0,1.7166666666666666,0.31666666666666665,76.30004016289512,0.020791666666666667,1.00390625,50,1.5230810735271172,0.2522986859790636,0.9230810735271174,0.8279288145181193,1.0,Boids,0.0013491285937516295
rubble,Boids,60,800,0.02,0.05,0.2,,26,0.3,0.2,2.0,20,0,0.6850558659217877,0.6683310055865923,0.7800279329608939,200.0,1.3,0.4166666666666667,74.4150713508222,0.0136875,0.98001998001998,47,1.6249600057159712,0.24277429534344044,1.0249600057159713,0.9195700494568727,1.0,Boids,0.0013484110424997198
rubble,Boids,60,800,0.02,0.05,0.2,,27,0.3,0.2,2.0,20,0,0.6962290502793296,0.6763617318435754,0.7925977653631285,260.0,1.4166666666666667,0.3333333333333333,73.92307516995706,0.013354166666666667,0.9726829268292682,46,1.5797999415516686,0.2108232220959256,0.9797999415516689,0.8965726721825343,1.0,Boids,0.0013111933862501245
rubble,Boids,60,800,0.02,0.05,0.2,,29,0.3,0.2,2.0,20,0,0.6976256983240223,0.6971717877094973,0.7967877094972067,220.0,1.35,0.26666666666666666,74.82718552743941,0.017666666666666667,1.0050301810865192,48,1.507227504521602,0.259385796926982,0.9072275045216021,0.8210299415359613,1.0,Boids,0.001328362135000134
rubble,Boids,60,800,0.02,0.05,0.2,,28,0.3,0.2,2.0,20,0,0.7115921787709497,0.692213687150838,0.8058659217877095,180.0,1.3833333333333333,0.4,76.38785847654637,0.01975,1.0230923694779117,49,1.5852494453680719,0.2404438083862233,0.9852494453680716,0.9284191440498576,1.0,Boids,0.0013682164062493029
rubble,Boids,90,800,0.02,0.05,0.2,,0,0.3,0.2,2.0,20,0,0.8512569832402235,0.8277932960893855,0.8770949720670391,220.0,1.9,0.6333333333333333,72.95755469815278,0.020722222222222222,1.0778072502210434,75,1.4192140707006644,0.21529662937579774,0.8192140707006644,0.808070049583831,1.0,Boids,0.0021983308850008145
rubble,Boids,90,800,0.02,0.05,0.2,,1,0.3,0.2,2.0,20,0,0.8470670391061452,0.8457402234636872,0.8791899441340782,240.0,1.7666666666666666,0.8222222222222222,73.69542551272524,0.02425,1.0142140468227425,75,1.4546638860970083,0.17377840398528424,0.8546638860970082,0.8365592982579054,1.0,Boids,0.002168846145000316
rubble,Boids,90,800,0.02,0.05,0.2,,2,0.3,0.2,2.0,20,0,0.8177374301675978,0.8032122905027933,0.8575418994413407,240.0,1.8111111111111111,0.6888888888888889,71.70249778981427,0.023291666666666665,0.9840336134453781,71,1.4130328088132103,0.20868775821669663,0.8130328088132104,0.8047213288384284,1.0,Boids,0.002141778593750132
rubble,Boids,90,800,0.02,0.05,0.2,,3,0.3,0.2,2.0,20,0,0.8763966480446927,0.8561801675977654,0.9127094972067039,260.0,1.9,0.5222222222222223,73.49133279349347,0.023055555555555555,1.051969823973177,74,1.4685060551842153,0.2754305478572933,0.8685060551842152,0.8113383946034947,1.0,Boids,0.0021219082287484525
rubble,Boids,90,800,0.02,0.05,0.2,,5,0.3,0.2,2.0,20,0,0.8379888268156425,0.8186103351955307,0.888268156424581,240.0,1.7777777777777777,0.5666666666666667,71.20193245056055,0.025847222222222223,0.9884678747940692,69,1.5368732092570638,0.25442686457113417,0.9368732092570642,0.8742823474026357,1.0,Boids,0.0020853302599994094
rubble,Boids,90,800,0.02,0.05,0.2,,4,0.3,0.2,2.0,20,0,0.8331005586592178,0.8249301675977654,0.8666201117318436,240.0,1.9333333333333333,0.6333333333333333,75.19078589535016,0.02413888888888889,1.0266781411359724,80,1.345717823395592,0.19344644900089034,0.7457178233955922,0.680564136010018,1.0,Boids,0.0022205341674998635
rubble,Boids,90,800,0.02,0.05,0.2,,6,0.3,0.2,2.0,20,0,0.8358938547486033,0.8287360335195529,0.8784916201117319,240.0,1.7,0.5444444444444444,70.93909895179456,0.028152777777777777,0.9908940397350993,68,1.4732655036721367,0.229150073958209,0.8732655036721367,0.8204729781196206,1.0,Boids,0.00203902145874963
rubble,Boids,90,800,0.02,0.05,0.2,,7,0.3,0.2,2.0,20,0,0.8421787709497207,0.82838687150838,0.8777932960893855,260.0,1.7777777777777777,0.6444444444444445,72.84949880075187,0.02420833333333333,0.9966942148760332,74,1.4445422921897086,0.19335357643587406,0.8445422921897088,0.8457389382145718,1.0,Boids,0.0021289146875005825
rubble,Boids,90,800,0.02,0.05,0.2,,8,0.3,0.2,2.0,20,0,0.8079608938547486,0.7760474860335196,0.8582402234636871,240.0,1.5666666666666667,0.6222222222222222,70.28881401556578,0.02411111111111111,0.9821731748726655,69,1.4728860988229462,0.2307269616612932,0.8728860988229463,0.7906579496654872,1.0,Boids,0.0021214138012510377
rubble,Boids,90,800,0.02,0.05,0.2,,10,0.3,0.2,2.0,20,0,0.8191340782122905,0.8089734636871508,0.8575418994413407,260.0,1.8333333333333333,0.6333333333333333,72.13873676613927,0.024166666666666666,1.005141388174807,74,1.4147835025402664,0.22391224458902426,0.8147835025402661,0.7924490154640779,1.0,Boids,0.0022977635937513697
rubble,Boids,90,800,0.02,0.05,0.2,,11,0.3,0.2,2.0,20,0,0.8324022346368715,0.8258030726256983,0.8680167597765364,240.0,1.7555555555555555,0.5444444444444444,72.98171642689283,0.02311111111111111,1.0050590219224282,74,1.4304176937662723,0.19965955898109186,0.8304176937662722,0.7666420939817785,1.0,Boids,0.0022052622399996837
rubble,Boids,90,800,0.02,0.05,0.2,,12,0.3,0.2,2.0,20,0,0.8079608938547486,0.7938198324022345,0.8575418994413407,260.0,1.8777777777777778,0.8444444444444444,70.18487061660838,0.020847222222222222,1.0008650519031141,68,1.4527337634556117,0.20039985447231698,0.8527337634556114,0.7705754924024059,1.0,Boids,0.0021848726037501363
rubble,Boids,90,800,0.02,0.05,0.2,,9,0.3,0.2,2.0,20,0,0.8247206703910615,0.8091480446927374,0.8624301675977654,280.0,1.9,0.6111111111111112,73.97857185762928,0.02188888888888889,1.0094017094017094,77,1.3544075752647498,0.18898250347014994,0.7544075752647497,0.6767913278140189,1.0,Boids,0.002484758124999189
rubble,Boids,90,800,0.02,0.05,0.2,,14,0.3,0.2,2.0,20,0,0.8135474860335196,0.8083798882681565,0.8708100558659218,260.0,1.711111111111111,0.5555555555555556,70.31169157611124,0.025180555555555557,0.9831223628691983,68,1.4658128409724709,0.21428238260429192,0.865812840972471,0.7975419272600663,1.0,Boids,0.002175980417498522
rubble,Boids,90,800,0.02,0.05,0.2,,13,0.3,0.2,2.0,20,0,0.8519553072625698,0.8322974860335195,0.8896648044692738,300.0,2.1,0.6222222222222222,73.01707128983769,0.030055555555555554,1.0032894736842106,76,1.4290179482325647,0.20287387224748207,0.829017948232565,0.7400692977891463,1.0,Boids,0.0022577055200008545
rubble,Boids,90,800,0.02,0.05,0.2,,15,0.3,0.2,2.0,20,0,0.8435754189944135,0.8185754189944132,0.8987430167597765,280.0,1.8666666666666667,0.6333333333333333,70.01674114754205,0.026569444444444444,1.0041562759767249,68,1.530652871191956,0.3245056360954858,0.9306528711919559,0.7810410674529512,1.0,Boids,0.002099448697499611
rubble,Boids,90,800,0.02,0.05,0.2,,17,0.3,0.2,2.0,20,0,0.8344972067039106,0.8220321229050279,0.8743016759776536,280.0,1.7222222222222223,0.6666666666666666,70.1342173696085,0.0225,1.0445804195804196,68,1.478841219635051,0.2305155429826545,0.8788412196350514,0.8634263345947123,1.0,Boids,0.002074355156250931
rubble,Boids,90,800,0.02,0.05,0.2,,16,0.3,0.2,2.0,20,0,0.8184357541899442,0.81588687150838,0.8631284916201117,260.0,1.8333333333333333,0.8,70.66559227335617,0.025902777777777778,0.9907016060862215,68,1.4449984714246844,0.18776356512107636,0.8449984714246844,0.8411185773362208,1.0,Boids,0.0020988568749999103
rubble,Boids,90,800,0.02,0.05,0.2,,18,0.3,0.2,2.0,20,0,0.8079608938547486,0.8041201117318437,0.8603351955307262,260.0,1.788888888888889,0.6555555555555556,72.02302768023539,0.025861111111111112,0.998274374460742,72,1.453655976000556,0.1965582712481836,0.8536559760005562,0.8178174546012554,1.0,Boids,0.002174237135000112
rubble,Boids,90,800,0.02,0.05,0.2,,20,0.3,0.2,2.0,20,0,0.8400837988826816,0.8294343575418994,0.8798882681564246,260.0,1.6444444444444444,0.5555555555555556,72.10402921811877,0.023291666666666665,1.0025,71,1.4595883822844318,0.1863332074539408,0.859588382284432,0.8448803058237159,1.0,Boids,0.0021549279162513812
rubble,Boids,90,800,0.02,0.05,0.2,,19,0.3,0.2,2.0,20,0,0.835195530726257,0.8152583798882682,0.8645251396648045,260.0,1.9555555555555555,0.5666666666666667,73.397888505489,0.02252777777777778,1.0257289879931388,76,1.4082077755057247,0.19899344420554904,0.8082077755057248,0.790442491157024,1.0,Boids,0.0022537529687497227
rubble,Boids,90,800,0.02,0.05,0.2,,21,0.3,0.2,2.0,20,0,0.8303072625698324,0.8149790502793296,0.8631284916201117,260.0,2.0,0.6444444444444445,72.4426853389821,0.02675,1.0206008583690989,73,1.402420520978831,0.15561962791721623,0.802420520978831,0.8012233894409427,1.0,Boids,0.0022239178637482836
rubble,Boids,90,800,0.02,0.05,0.2,,22,0.3,0.2,2.0,20,0,0.8638268156424581,0.8399790502793296,0.8966480446927374,240.0,1.9444444444444444,0.7222222222222222,73.08621201499088,0.02251388888888889,1.0325542570951587,74,1.4392255076122038,0.24667166886667402,0.8392255076122038,0.7120749161241345,1.0,Boids,0.002165673958750176
rubble,Boids,90,800,0.02,0.05,0.2,,23,0.3,0.2,2.0,20,0,0.835195530726257,0.8130586592178771,0.8645251396648045,260.0,1.6666666666666667,0.6666666666666666,73.65247355104235,0.024291666666666666,1.009282700421941,76,1.3948506278208692,0.19010808849496652,0.7948506278208692,0.7418137647406894,1.0,Boids,0.0021806884374996117
rubble,Boids,90,800,0.02,0.05,0.2,,24,0.3,0.2,2.0,20,0,0.8324022346368715,0.8210893854748603,0.8687150837988827,220.0,1.9,0.6111111111111112,74.38328123051974,0.025736111111111112,1.0110262934690415,77,1.3647763246076252,0.17960356824705812,0.7647763246076252,0.7634234354014223,1.0,Boids,0.002293723177499487
rubble,Boids,90,800,0.02,0.05,0.2,,25,0.3,0.2,2.0,20,0,0.840782122905028,0.8305167597765364,0.8819832402234636,240.0,1.8333333333333333,0.6777777777777778,73.9175673516357,0.026472222222222223,1.0160337552742615,76,1.4127778294454187,0.2033905192728847,0.8127778294454189,0.7894076500607062,1.0,Boids,0.00228656176999948
rubble,Boids,90,800,0.02,0.05,0.2,,26,0.3,0.2,2.0,20,0,0.8233240223463687,0.8034916201117319,0.8652234636871509,240.0,1.6111111111111112,0.7,73.33078338806625,0.018944444444444444,1.0270034843205575,76,1.4121166524385425,0.1844146726932113,0.8121166524385426,0.8278215569484572,1.0,Boids,0.002321592917498947
rubble,Boids,90,800,0.02,0.05,0.2,,28,0.3,0.2,2.0,20,0,0.8093575418994413,0.807227653631285,0.8589385474860335,220.0,1.8111111111111111,0.7,69.78009314975942,0.027680555555555555,0.9780590717299578,66,1.4935018611588582,0.19334827910151814,0.8935018611588583,0.8497510491159653,1.0,Boids,0.002069522603749192
rubble,Boids,90,800,0.02,0.05,0.2,,27,0.3,0.2,2.0,20,0,0.8428770949720671,0.82786312849162,0.8680167597765364,240.0,1.6555555555555554,0.7111111111111111,74.60131668919877,0.020541666666666666,1.0307429547395388,78,1.39290156806029,0.19994852806169627,0.79290156806029,0.7272384595624859,1.0,Boids,0.002222627134999584
rubble,Boids,90,800,0.02,0.05,0.2,,29,0.3,0.2,2.0,20,0,0.8337988826815642,0.8207751396648044,0.8666201117318436,240.0,1.8777777777777778,0.6444444444444445,72.43187256251473,0.024680555555555556,1.027538726333907,73,1.4337515885749,0.20599016445534052,0.8337515885749001,0.804726342231998,1.0,Boids,0.0021332788025006265
rubble,Boids,120,800,0.02,0.05,0.2,,0,0.3,0.2,2.0,20,0,0.8896648044692738,0.8675628491620111,0.9196927374301676,240.0,2.716666666666667,0.8,68.69878627612458,0.03685416666666667,1.0055248618784531,93,1.3404125967364193,0.20880044036433484,0.7404125967364195,0.7036960940329059,1.0,Boids,0.003153363957499096
rubble,Boids,120,800,0.02,0.05,0.2,,1,0.3,0.2,2.0,20,0,0.8973463687150838,0.8914804469273742,0.9175977653631285,220.0,2.7083333333333335,0.6916666666666667,70.28003739310398,0.035291666666666666,1.0158102766798418,98,1.2832087455254237,0.2135161332137327,0.6832087455254238,0.660739982800309,1.0,Boids,0.003240933281249454
rubble,Boids,120,800,0.02,0.05,0.2,,2,0.3,0.2,2.0,20,0,0.9217877094972067,0.9005586592178771,0.9504189944134078,220.0,2.85,0.825,70.20412885091757,0.03773958333333333,1.0619469026548671,98,1.3296127827371305,0.2652923553371167,0.7296127827371304,0.7122268447550203,1.0,Boids,0.003239156353749877
rubble,Boids,120,800,0.02,0.05,0.2,,3,0.3,0.2,2.0,20,0,0.9210893854748603,0.9118365921787708,0.9448324022346368,240.0,2.825,0.7416666666666667,69.31345016988283,0.03872916666666667,1.0099540581929556,95,1.3698910349645081,0.24956628286040575,0.769891034964508,0.7061719920846145,1.0,Boids,0.0031646201037506217
rubble,Boids,120,800,0.02,0.05,0.2,,4,0.3,0.2,2.0,20,0,0.8994413407821229,0.8910614525139664,0.9217877094972067,220.0,2.65,0.8416666666666667,70.40236065997598,0.042104166666666665,1.0149724192277383,99,1.3222962304399526,0.20705218512714646,0.7222962304399523,0.7395021563721152,1.0,Boids,0.0032429834375011526
rubble,Boids,120,800,0.02,0.05,0.2,,5,0.3,0.2,2.0,20,0,0.9245810055865922,0.9152234636871508,0.9476256983240223,220.0,2.8583333333333334,0.8166666666666667,72.79226079634253,0.03879166666666667,1.0458135860979463,107,1.304572123568582,0.2528682071222988,0.7045721235685822,0.6313444898757566,1.0,Boids,0.0033382512499997574
rubble,Boids,120,800,0.02,0.05,0.2,,6,0.3,0.2,2.0,20,0,0.8917597765363129,0.8677025139664802,0.914804469273743,240.0,2.4833333333333334,0.75,68.9525915277032,0.036822916666666664,1.000783699059561,94,1.3544359531105743,0.23278032155330788,0.754435953110574,0.7311688533451904,1.0,Boids,0.0032068860937488355
rubble,Boids,120,800,0.02,0.05,0.2,,7,0.3,0.2,2.0,20,0,0.9210893854748603,0.8997206703910614,0.9504189944134078,220.0,2.716666666666667,0.9333333333333333,70.77152105071792,0.04107291666666667,1.0451664025356577,102,1.2846553913837464,0.2643535384419219,0.684655391383746,0.6412711495442458,1.0,Boids,0.0033345695837488165
rubble,Boids,120,800,0.02,0.05,0.2,,8,0.3,0.2,2.0,20,0,0.895949720670391,0.88125,0.9238826815642458,240.0,2.9166666666666665,0.75,70.63273190224943,0.037020833333333336,0.998443579766537,100,1.3151174101095193,0.24054997782305457,0.7151174101095192,0.6482469008140214,1.0,Boids,0.003316104843750054
rubble,Boids,120,800,0.02,0.05,0.2,,9,0.3,0.2,2.0,20,0,0.9196927374301676,0.8914804469273744,0.9462290502793296,240.0,2.675,0.7416666666666667,70.2152471222421,0.03852083333333333,1.036191974822974,98,1.3096993822315741,0.28471635715273846,0.7096993822315742,0.6577333430616211,1.0,Boids,0.0031822237500000483
rubble,Boids,120,800,0.02,0.05,0.2,,10,0.3,0.2,2.0,20,0,0.8924581005586593,0.8803770949720671,0.9182960893854749,260.0,2.816666666666667,0.8416666666666667,69.16087186955752,0.038875,1.012678288431062,95,1.31876348657646,0.24052556279513382,0.7187634865764596,0.6653244090117564,1.0,Boids,0.003110875833751834
rubble,Boids,120,800,0.02,0.05,0.2,,11,0.3,0.2,2.0,20,0,0.8903631284916201,0.8885474860335197,0.9203910614525139,240.0,2.7916666666666665,0.6833333333333333,69.6885106162392,0.03840625,1.0047281323877069,95,1.3406610809143023,0.21663855459906411,0.7406610809143019,0.7204826555443137,1.0,Boids,0.0031219330199996876
rubble,Boids,120,800,0.02,0.05,0.2,,12,0.3,0.2,2.0,20,0,0.8666201117318436,0.8615921787709497,0.9168994413407822,260.0,2.683333333333333,0.9,69.30796490944502,0.04034375,0.9825811559778307,97,1.3202675099469567,0.16220964521227055,0.7202675099469568,0.7051874912521648,1.0,Boids,0.003164097708749978
rubble,Boids,120,800,0.02,0.05,0.2,,13,0.3,0.2,2.0,20,0,0.9182960893854749,0.9093924581005586,0.9462290502793296,220.0,2.5166666666666666,0.7416666666666667,68.81024748066973,0.039052083333333334,0.9984813971146547,92,1.3609664645105641,0.25491491352647055,0.7609664645105643,0.7181277717590325,1.0,Boids,0.003046751406250223
rubble,Boids,120,800,0.02,0.05,0.2,,14,0.3,0.2,2.0,20,0,0.9203910614525139,0.9072276536312849,0.9455307262569832,220.0,2.475,0.6916666666666667,70.10887438712307,0.036583333333333336,1.0107361963190185,97,1.3673515767124493,0.2699357734589538,0.7673515767124492,0.7290041682346472,1.0,Boids,0.0031329805212499196
rubble,Boids,120,800,0.02,0.05,0.2,,15,0.3,0.2,2.0,20,0,0.8973463687150838,0.8827164804469275,0.9217877094972067,240.0,3.0166666666666666,0.9666666666666667,70.07058097619552,0.041958333333333334,1.0158102766798418,98,1.3388000060714453,0.2131367523284291,0.7388000060714455,0.7102528139927321,1.0,Boids,0.0032705392712500726
rubble,Boids,120,800,0.02,0.05,0.2,,17,0.3,0.2,2.0,20,0,0.8833798882681564,0.8641061452513965,0.914804469273743,240.0,2.7666666666666666,0.775,67.94507855827442,0.0368125,1.0047656870532167,91,1.3641754380120847,0.2239600461924245,0.7641754380120849,0.7630112051731756,1.0,Boids,0.0030673192187487073
rubble,Boids,120,800,0.02,0.05,0.2,,16,0.3,0.2,2.0,20,0,0.8966480446927374,0.8853351955307265,0.9210893854748603,260.0,2.9833333333333334,0.7333333333333333,68.69803729352209,0.03605208333333333,1.0158227848101267,92,1.3784684307433617,0.20379115762287786,0.7784684307433618,0.7747476720319548,1.0,Boids,0.003105573073751202
rubble,Boids,120,800,0.02,0.05,0.2,,19,0.3,0.2,2.0,20,0,0.8903631284916201,0.866759776536313,0.914804469273743,240.0,2.725,0.5916666666666667,67.90756174596576,0.0383125,1.0071090047393365,91,1.3508134200939583,0.232398164318632,0.7508134200939585,0.7260756884347398,1.0,Boids,0.0031277773950000665
rubble,Boids,120,800,0.02,0.05,0.2,,18,0.3,0.2,2.0,20,0,0.8952513966480447,0.8812849162011174,0.9196927374301676,200.0,2.841666666666667,0.725,71.34500592515566,0.04034375,1.0150435471100554,103,1.2748080781686724,0.2406106352941745,0.674808078168672,0.627133209671861,1.0,Boids,0.0033376829687495045
rubble,Boids,120,800,0.02,0.05,0.2,,20,0.3,0.2,2.0,20,0,0.8980446927374302,0.8863826815642458,0.9182960893854749,260.0,2.7333333333333334,0.725,71.08264253394772,0.03866666666666667,1.0078369905956113,101,1.3161798563142795,0.24773274908128382,0.7161798563142793,0.6919489641873001,1.0,Boids,0.0032924663012499876
rubble,Boids,120,800,0.02,0.05,0.2,,21,0.3,0.2,2.0,20,0,0.8847765363128491,0.8714385474860336,0.9189944134078212,240.0,2.566666666666667,0.6833333333333333,67.01419928954428,0.0395625,0.9984239558707644,88,1.384540796443121,0.22552635922014663,0.784540796443121,0.7446436567074267,1.0,Boids,0.003024178750001738
rubble,Boids,120,800,0.02,0.05,0.2,,22,0.3,0.2,2.0,20,0,0.8987430167597765,0.8868715083798883,0.9210893854748603,240.0,2.7666666666666666,0.7,69.86739694474245,0.03885416666666667,1.0031176929072487,97,1.3423127813433573,0.20074825510223326,0.7423127813433573,0.721201503705425,1.0,Boids,0.003180763906250377
apartment,Lloyd,10,800,0.02,0.05,0.2,,0,0.3,0.2,2.0,20,0,0.20833333333333334,0.2064453125,0.6588541666666666,120.0,1.2,0.5,49.88153796350883,0.01025,0.6584362139917695,7,6.197458130203925,0.182020069767932,5.597458130203925,5.2400483482553595,1.0,Lloyd,0.0004909608849993674
rubble,Boids,120,800,0.02,0.05,0.2,,23,0.3,0.2,2.0,20,0,0.8889664804469274,0.8780377094972067,0.9120111731843575,240.0,2.591666666666667,0.8083333333333333,70.37990487068284,0.037885416666666664,1.0039432176656151,100,1.2632549941859172,0.2250327774774605,0.6632549941859175,0.6357449506968124,1.0,Boids,0.0032252406775000963
apartment,Lloyd,10,800,0.02,0.05,0.2,,1,0.3,0.2,2.0,20,0,0.28125,0.28115234375,0.6458333333333334,120.0,1.0,0.2,50.33078071814456,0.01175,0.8816326530612244,9,5.465011525618842,0.09973703084378573,4.865011525618843,4.872603590220472,1.0,Lloyd,0.000666288124998573
apartment,Lloyd,10,800,0.02,0.05,0.2,,2,0.3,0.2,2.0,20,0,0.2526041666666667,0.2530924479166667,0.6712239583333334,120.0,1.1,0.1,53.26059618035938,0.01825,0.8049792531120333,8,6.179928558529585,0.07361539530393309,5.579928558529585,5.559147833971596,1.0,Lloyd,0.000508071146250586
apartment,Lloyd,10,800,0.02,0.05,0.2,,3,0.3,0.2,2.0,20,0,0.3125,0.3133463541666667,0.62890625,120.0,1.1,0.1,53.988711908008824,0.01625,0.9917355371900826,10,5.484224205792794,0.10445742667016368,4.884224205792794,4.7454680237320375,1.0,Lloyd,0.0005288280725017102
apartment,Lloyd,10,800,0.02,0.05,0.2,,4,0.3,0.2,2.0,20,0,0.3118489583333333,0.31018880208333327,0.6380208333333334,120.0,0.8,0.1,50.782875673052374,0.018625,1.0084210526315789,10,4.953203767147706,0.22377135156549005,4.353203767147706,4.771308799804965,1.0,Lloyd,0.00048033276000069235
rubble,Boids,120,800,0.02,0.05,0.2,,24,0.3,0.2,2.0,20,0,0.888268156424581,0.8848812849162011,0.9182960893854749,220.0,2.658333333333333,0.6333333333333333,68.6988897105476,0.03507291666666667,0.9992144540455616,92,1.3386823169054698,0.21784678178277295,0.7386823169054699,0.6934050351459445,1.0,Boids,0.0031470023437509555
apartment,Lloyd,10,800,0.02,0.05,0.2,,5,0.3,0.2,2.0,20,0,0.24674479166666666,0.2509440104166666,0.5716145833333334,120.0,1.2,0.2,45.39228880047375,0.02725,0.865296803652968,9,5.825709272251606,0.1705101209645803,5.225709272251606,4.886711505863054,1.0,Lloyd,0.0005064718225003162
apartment,Lloyd,10,800,0.02,0.05,0.2,,6,0.3,0.2,2.0,20,0,0.3098958333333333,0.3131510416666667,0.64453125,100.0,0.9,0.2,55.622849281720846,0.01075,1.0,10,5.403769750466897,0.11395078906727409,4.803769750466897,4.641091004261493,1.0,Lloyd,0.0005185232287499275
rubble,Boids,120,800,0.02,0.05,0.2,,26,0.3,0.2,2.0,20,0,0.9189944134078212,0.9096717877094971,0.9441340782122905,260.0,2.725,0.7083333333333334,68.25001500099405,0.03729166666666667,1.0411392405063291,91,1.4262251677828324,0.24061963416325907,0.8262251677828325,0.7361470991369462,1.0,Boids,0.003161955156251679
rubble,Boids,120,800,0.02,0.05,0.2,,25,0.3,0.2,2.0,20,0,0.922486033519553,0.9125,0.9476256983240223,240.0,2.675,0.9416666666666667,69.15988776574821,0.04296875,1.0344557556773688,95,1.3442383090245038,0.3051144246380718,0.7442383090245036,0.6871719212773285,1.0,Boids,0.003189386458750505
apartment,Lloyd,10,800,0.02,0.05,0.2,,7,0.3,0.2,2.0,20,0,0.21875,0.21725260416666664,0.6692708333333334,120.0,1.2,0.2,52.55370322940539,0.014875,0.7,7,6.551456286545878,0.19194401866639513,5.951456286545877,6.180785036427731,1.0,Lloyd,0.0005012232812487128
apartment,Lloyd,10,800,0.02,0.05,0.2,,9,0.3,0.2,2.0,20,0,0.2584635416666667,0.25820312500000003,0.6490885416666666,140.0,0.9,0.1,45.949962961582536,0.0175,0.8219461697722568,8,5.66889227191994,0.11226099469062939,5.068892271919941,4.805542621314659,1.0,Lloyd,0.0005055681775002085
apartment,Lloyd,10,800,0.02,0.05,0.2,,8,0.3,0.2,2.0,20,0,0.24869791666666666,0.2502604166666667,0.6666666666666666,120.0,1.0,0.2,48.94765994827641,0.01775,0.7958333333333333,8,6.132836468281029,0.08786725365687137,5.53283646828103,5.233026604548978,1.0,Lloyd,0.00055462442750013
apartment,Lloyd,10,800,0.02,0.05,0.2,,10,0.3,0.2,2.0,20,0,0.2506510416666667,0.2550130208333333,0.642578125,120.0,0.8,0.1,50.45088113606259,0.01625,0.7954545454545454,8,5.89803357537739,0.15780750885842482,5.29803357537739,4.966398360126227,1.0,Lloyd,0.0005304000000000996
apartment,Lloyd,10,800,0.02,0.05,0.2,,12,0.3,0.2,2.0,20,0,0.283203125,0.28522135416666666,0.6315104166666666,120.0,1.3,0.1,49.92276709354896,0.015625,0.9043659043659044,9,5.353026272959266,0.0780692781269344,4.753026272959265,4.572566351054257,1.0,Lloyd,0.0005410049487500146
apartment,Lloyd,10,800,0.02,0.05,0.2,,11,0.3,0.2,2.0,20,0,0.2786458333333333,0.2805989583333333,0.599609375,140.0,0.7,0.8,53.88065073042458,0.021625,0.9010526315789472,9,5.479677601901926,0.09056808042247078,4.8796776019019275,5.071249977972107,1.0,Lloyd,0.0005516522924995115
apartment,Lloyd,10,800,0.02,0.05,0.2,,13,0.3,0.2,2.0,20,0,0.19986979166666666,0.19749348958333332,0.587890625,100.0,0.9,0.1,43.00293279548968,0.01225,0.7009132420091324,7,6.395433886862627,0.2390546709495275,5.795433886862628,4.737099745349769,1.0,Lloyd,0.0005421191150003324
apartment,Lloyd,10,800,0.02,0.05,0.2,,14,0.3,0.2,2.0,20,0,0.22395833333333334,0.22392578125,0.6653645833333334,160.0,1.5,0.0,48.1106943760097,0.01725,0.7122153209109731,7,6.270928436188538,0.1368537085858862,5.6709284361885395,5.850775508689073,1.0,Lloyd,0.000559235781249754
apartment,Lloyd,10,800,0.02,0.05,0.2,,15,0.3,0.2,2.0,20,0,0.24153645833333334,0.2392578125,0.572265625,120.0,1.3,0.1,45.940543443179834,0.028625,0.8337078651685393,8,5.806488305559297,0.18904640039606188,5.206488305559297,4.8716121345960754,1.0,Lloyd,0.0005381407812501493
apartment,Lloyd,10,800,0.02,0.05,0.2,,16,0.3,0.2,2.0,20,0,0.1796875,0.1791015625,0.6451822916666666,140.0,1.4,0.2,46.22513665898872,0.01675,0.5644171779141104,6,7.116820774682999,0.21014199108151044,6.5168207746830005,7.142975108692274,1.0,Lloyd,0.0005243314575000113
apartment,Lloyd,10,800,0.02,0.05,0.2,,18,0.3,0.2,2.0,20,0,0.22395833333333334,0.22275390625,0.6875,120.0,1.3,1.1,50.35752838174664,0.029375,0.7107438016528925,7,6.262385088273383,0.1284588885261521,5.662385088273384,5.733102921147142,1.0,Lloyd,0.0005269662499995321
apartment,Lloyd,10,800,0.02,0.05,0.2,,17,0.3,0.2,2.0,20,0,0.2578125,0.2559895833333333,0.6666666666666666,120.0,1.0,0.1,54.246647748795716,0.019,0.8198757763975155,8,5.671523442410345,0.13108032646725185,5.071523442410346,4.841776015992862,1.0,Lloyd,0.0005554042187509368
rubble,Boids,120,800,0.02,0.05,0.2,,27,0.3,0.2,2.0,20,0,0.9022346368715084,0.8836243016759775,0.9392458100558659,260.0,2.75,0.6,65.94753791259842,0.035,0.9855072463768116,83,1.440315793832536,0.28582329933034795,0.8403157938325362,0.7699082093826194,1.0,Boids,0.003163403906248732
rubble,Boids,120,800,0.02,0.05,0.2,,28,0.3,0.2,2.0,20,0,0.8854748603351955,0.8841131284916202,0.9203910614525139,220.0,2.6166666666666667,0.7916666666666666,68.02453613833758,0.040072916666666666,1.0031645569620253,91,1.367300249160139,0.21095595397100095,0.7673002491601387,0.7462853552754348,1.0,Boids,0.0032667594787494634
apartment,Lloyd,10,800,0.02,0.05,0.2,,19,0.3,0.2,2.0,20,0,0.15625,0.15224609374999998,0.5774739583333334,120.0,1.4,0.3,42.54022071439257,0.018375,0.5405405405405406,5,8.086492868660645,0.027146652276708597,7.486492868660645,7.470165356771311,1.0,Lloyd,0.0005118493750001107
apartment,Lloyd,10,800,0.02,0.05,0.2,,20,0.3,0.2,2.0,20,0,0.220703125,0.2177083333333333,0.65625,120.0,0.9,0.2,50.80284171445128,0.016375,0.6904276985743382,7,6.710100577719149,0.20109419678860346,6.11010057771915,6.23357872958473,1.0,Lloyd,0.000511745572498512
apartment,Lloyd,10,800,0.02,0.05,0.2,,21,0.3,0.2,2.0,20,0,0.20442708333333334,0.20458984375,0.6634114583333334,120.0,0.8,0.6,46.28551655034217,0.057625,0.6541666666666667,7,6.1290921528570745,0.2237633973026609,5.529092152857074,4.773343445512485,1.0,Lloyd,0.0005087983337512015
apartment,Lloyd,10,800,0.02,0.05,0.2,,22,0.3,0.2,2.0,20,0,0.2864583333333333,0.28597005208333337,0.6484375,120.0,1.0,2.0,52.30587772707834,0.01925,0.920502092050209,9,5.542332918857287,0.1187359888747391,4.9423329188572875,4.828144500677717,1.0,Lloyd,0.0004863463537503776
apartment,Lloyd,10,800,0.02,0.05,0.2,,23,0.3,0.2,2.0,20,0,0.22005208333333334,0.21845703125,0.6634114583333334,160.0,0.9,0.3,50.974404938499006,0.014875,0.6954732510288066,7,6.60977207089291,0.19187207925436833,6.009772070892912,6.092100924344149,1.0,Lloyd,0.00047412020750016383
apartment,Lloyd,10,800,0.02,0.05,0.2,,24,0.3,0.2,2.0,20,0,0.2526041666666667,0.25283203125,0.6223958333333334,160.0,1.0,0.1,50.65330910979441,0.015875,0.7950819672131149,8,5.691659614698802,0.22344061755299174,5.091659614698802,4.781137795196803,1.0,Lloyd,0.0004743106762498428
rubble,Boids,120,800,0.02,0.05,0.2,,29,0.3,0.2,2.0,20,0,0.8980446927374302,0.8859636871508378,0.9238826815642458,260.0,3.183333333333333,0.775,68.75219168237072,0.04058333333333333,1.0,94,1.2946629513634007,0.25245472430842,0.694662951363401,0.6515855903943322,1.0,Boids,0.0033789742712497174
apartment,Lloyd,10,800,0.02,0.05,0.2,,25,0.3,0.2,2.0,20,0,0.19401041666666666,0.19567057291666665,0.6529947916666666,140.0,1.1,0.1,48.091724314257185,0.014375,0.6221294363256785,6,7.480591369061604,0.10793857963279027,6.880591369061605,7.039711154512225,1.0,Lloyd,0.0004747375000010834
apartment,Lloyd,10,800,0.02,0.05,0.2,,26,0.3,0.2,2.0,20,0,0.2845052083333333,0.28134765625,0.6516927083333334,120.0,0.8,0.5,52.3860264658878,0.013875,0.9438444924406046,9,5.5180449862634084,0.05119449746392748,4.918044986263408,4.841875782048733,1.0,Lloyd,0.0004849934899993968
apartment,Lloyd,10,800,0.02,0.05,0.2,,27,0.3,0.2,2.0,20,0,0.2571614583333333,0.2578125,0.6243489583333334,100.0,0.5,0.1,45.643882632853135,0.010375,0.8350951374207188,8,5.431709536203735,0.09284257136647978,4.831709536203736,4.634928180971004,1.0,Lloyd,0.0004702139062487731
apartment,Lloyd,10,800,0.02,0.05,0.2,,28,0.3,0.2,2.0,20,0,0.19596354166666666,0.19707031249999998,0.5930989583333334,120.0,1.1,0.1,41.26311378087871,0.012875,0.6674057649667405,7,6.156757521513391,0.25121114788648735,5.55675752151339,4.392222554573121,1.0,Lloyd,0.00046251390625002387
apartment,Lloyd,10,800,0.02,0.05,0.2,,29,0.3,0.2,2.0,20,0,0.21419270833333334,0.21468098958333331,0.6243489583333334,140.0,0.8,0.3,45.50109282777151,0.011375,0.6811594202898551,7,6.234819033694078,0.2776768396150858,5.634819033694078,4.264574679862778,1.0,Lloyd,0.00046924624999974187
apartment,Lloyd,30,800,0.02,0.05,0.2,,0,0.3,0.2,2.0,20,0,0.6692708333333334,0.6682942708333333,0.8763020833333334,240.0,1.6,0.23333333333333334,44.85031235702317,0.03220833333333333,0.9186773905272565,25,2.927168822737625,0.21977577643577384,2.3271688227376246,2.3760698750344917,1.0,Lloyd,0.0005620590100011213
apartment,Lloyd,30,800,0.02,0.05,0.2,,1,0.3,0.2,2.0,20,0,0.5553385416666666,0.55478515625,0.82421875,220.0,1.5,0.9,39.853502375881625,0.03883333333333333,0.816267942583732,22,3.037910815318492,0.38557675193685487,2.4379108153184927,2.105936238289914,1.0,Lloyd,0.0005627703649997784
apartment,Lloyd,30,800,0.02,0.05,0.2,,2,0.3,0.2,2.0,20,0,0.7122395833333334,0.7159505208333333,0.8684895833333334,240.0,1.7,0.0,45.73921159989899,0.030041666666666668,0.9811659192825112,26,3.0168673140532505,0.2161848258538047,2.41686731405325,2.401101010691834,1.0,Lloyd,0.000563747603750926
apartment,Lloyd,30,800,0.02,0.05,0.2,,3,0.3,0.2,2.0,20,0,0.673828125,0.6702473958333333,0.8756510416666666,200.0,1.6,0.03333333333333333,43.970340483548256,0.033166666666666664,0.91674047829938,24,3.054707075470437,0.15853570302445058,2.4547070754704365,2.3144377250103867,1.0,Lloyd,0.0005748399487515599
apartment,Lloyd,30,800,0.02,0.05,0.2,,4,0.3,0.2,2.0,20,0,0.6282552083333334,0.6247721354166667,0.8671875,180.0,1.7333333333333334,0.1,45.041015337607675,0.029583333333333333,0.8788706739526412,24,3.0709315045705003,0.28526443150296665,2.4709315045705007,2.353962907359497,1.0,Lloyd,0.0005750843750001877
apartment,Lloyd,30,800,0.02,0.05,0.2,,5,0.3,0.2,2.0,20,0,0.5319010416666666,0.5302083333333334,0.830078125,200.0,1.4666666666666666,0.3,36.687974166482796,0.044375,0.7818181818181819,20,3.451952808889697,0.33978679245978466,2.8519528088896964,3.01315268977962,1.0,Lloyd,0.0005407060412494502
apartment,Lloyd,30,800,0.02,0.05,0.2,,6,0.3,0.2,2.0,20,0,0.5305989583333334,0.5259765625,0.8430989583333334,200.0,1.3,0.0,39.981113689320175,0.026166666666666668,0.7851637764932563,18,3.5656969767801576,0.21158191851995833,2.965696976780157,2.679357350992217,1.0,Lloyd,0.0005787656250004148
apartment,Lloyd,30,800,0.02,0.05,0.2,,7,0.3,0.2,2.0,20,0,0.578125,0.5804361979166667,0.8470052083333334,220.0,1.7,0.16666666666666666,41.41111033816319,0.039125,0.8449096098953378,22,3.1836903504281597,0.2844042451277473,2.583690350428159,2.5820573190349894,1.0,Lloyd,0.0006135097912510901
apartment,Lloyd,30,800,0.02,0.05,0.2,,8,0.3,0.2,2.0,20,0,0.6165364583333334,0.6152018229166666,0.7845052083333334,180.0,1.6666666666666667,0.03333333333333333,42.626474891598555,0.05408333333333333,1.0021164021164022,25,2.9803282243227405,0.38709083952405493,2.38032822432274,2.2445737144693565,1.0,Lloyd,0.0006439391150001939
apartment,Lloyd,30,800,0.02,0.05,0.2,,9,0.3,0.2,2.0,20,0,0.6927083333333334,0.6916666666666668,0.8697916666666666,220.0,1.5333333333333334,0.16666666666666666,41.796455355685,0.035916666666666666,0.9542600896860987,25,3.2218586073380173,0.2036178807465346,2.621858607338017,2.737109144718479,1.0,Lloyd,0.0005865755737499967
apartment,Lloyd,30,800,0.02,0.05,0.2,,10,0.3,0.2,2.0,20,0,0.6393229166666666,0.6372395833333333,0.822265625,200.0,1.4333333333333333,0.03333333333333333,43.35096265417268,0.04683333333333333,0.9246704331450094,24,3.0600914331869973,0.23110772376662872,2.460091433186997,2.3227791392109918,1.0,Lloyd,0.0006178187499995147
apartment,Lloyd,30,800,0.02,0.05,0.2,,11,0.3,0.2,2.0,20,0,0.6555989583333334,0.6542968750000001,0.8619791666666666,200.0,1.7,0.13333333333333333,42.927121829978255,0.03241666666666667,0.8833333333333334,23,3.1883578807185304,0.2149908603063569,2.5883578807185303,2.3716315383980318,1.0,Lloyd,0.0006160921874993619
apartment,Lloyd,30,800,0.02,0.05,0.2,,12,0.3,0.2,2.0,20,0,0.57421875,0.5740234375,0.8815104166666666,200.0,1.5666666666666667,0.13333333333333333,41.129326025378056,0.04175,0.7981900452488688,22,3.13005440777584,0.3022393415185432,2.5300544077758396,2.4154531891886313,1.0,Lloyd,0.0006007622924994394
apartment,Lloyd,30,800,0.02,0.05,0.2,,13,0.3,0.2,2.0,20,0,0.6328125,0.6260416666666667,0.837890625,220.0,1.3,0.06666666666666667,40.97412749678688,0.04045833333333333,0.9178470254957507,25,3.009947187950371,0.265787296450317,2.409947187950371,2.3584561013937195,1.0,Lloyd,0.0006117839587500384
apartment,Lloyd,30,800,0.02,0.05,0.2,,14,0.3,0.2,2.0,20,0,0.564453125,0.5643554687499999,0.84765625,180.0,1.4333333333333333,0.13333333333333333,41.46624592006222,0.03808333333333333,0.8042671614100186,21,3.1701675212649456,0.2511066171340547,2.5701675212649455,2.6362408068554806,1.0,Lloyd,0.0006043383849987549
apartment,Lloyd,30,800,0.02,0.05,0.2,,15,0.3,0.2,2.0,20,0,0.6744791666666666,0.6738606770833334,0.87890625,280.0,1.7,0.06666666666666667,44.52242360832349,0.05333333333333334,0.9225289403383793,26,2.8347927767817134,0.24768073194325257,2.2347927767817137,2.3175902468278347,1.0,Lloyd,0.0006388520312498258
apartment,Lloyd,30,800,0.02,0.05,0.2,,16,0.3,0.2,2.0,20,0,0.6412760416666666,0.6392578125,0.8483072916666666,220.0,1.4333333333333333,0.3333333333333333,43.037154472456415,0.030083333333333333,0.8954545454545454,25,2.9674319862987257,0.2826829206320384,2.3674319862987256,2.526151039110532,1.0,Lloyd,0.0006447747400011394
apartment,Lloyd,30,800,0.02,0.05,0.2,,17,0.3,0.2,2.0,20,0,0.5735677083333334,0.5727213541666668,0.8509114583333334,220.0,1.5666666666666667,0.06666666666666667,41.803771769361234,0.03858333333333333,0.8112338858195213,21,3.2300369628843284,0.23311361350813092,2.6300369628843288,2.5132736216113716,1.0,Lloyd,0.0006404061462490062
apartment,Lloyd,30,800,0.02,0.05,0.2,,18,0.3,0.2,2.0,20,0,0.6516927083333334,0.6514322916666667,0.8619791666666666,220.0,1.4333333333333333,0.13333333333333333,44.14007945630874,0.020583333333333332,0.9452313503305005,23,3.169250587802485,0.18752567037105025,2.569250587802485,2.6560219452780505,1.0,Lloyd,0.0006203094799980135
apartment,Lloyd,30,800,0.02,0.05,0.2,,19,0.3,0.2,2.0,20,0,0.681640625,0.6765299479166668,0.85546875,200.0,1.7,0.13333333333333333,43.53173157027896,0.041125,1.0028735632183907,26,3.046211591782126,0.2297272363165828,2.4462115917821268,2.446373457887229,1.0,Lloyd,0.0006383813537490824
apartment,Lloyd,30,800,0.02,0.05,0.2,,20,0.3,0.2,2.0,20,0,0.6360677083333334,0.6351236979166668,0.8092447916666666,200.0,1.6,0.13333333333333333,42.44665952188451,0.042791666666666665,0.9597249508840866,27,2.810163149000409,0.36941665437154747,2.21016314900041,1.8888704553877531,1.0,Lloyd,0.0006566845312499936
apartment,Lloyd,30,800,0.02,0.05,0.2,,21,0.3,0.2,2.0,20,0,0.529296875,0.5323567708333333,0.8561197916666666,280.0,1.3666666666666667,0.06666666666666667,40.833169644313436,0.041166666666666664,0.7541743970315399,22,3.025725063566797,0.3573806697542741,2.425725063566797,2.4710730800071827,1.0,Lloyd,0.0006585734900022545
apartment,Lloyd,30,800,0.02,0.05,0.2,,22,0.3,0.2,2.0,20,0,0.59765625,0.58515625,0.8678385416666666,200.0,1.6333333333333333,0.16666666666666666,42.95541597737352,0.03954166666666667,0.8759541984732825,20,3.4901657516568347,0.13945990869111813,2.8901657516568338,2.835180415441819,1.0,Lloyd,0.0006458990112514584
apartment,Lloyd,30,800,0.02,0.05,0.2,,23,0.3,0.2,2.0,20,0,0.5852864583333334,0.5759765625,0.833984375,180.0,1.7666666666666666,0.06666666666666667,40.05815783580435,0.041791666666666664,0.8972055888223553,20,3.4381541041425647,0.21301050639448424,2.838154104142565,2.697731062128878,1.0,Lloyd,0.0006374448437509272
apartment,Lloyd,30,800,0.02,0.05,0.2,,24,0.3,0.2,2.0,20,0,0.6041666666666666,0.6056640624999998,0.8626302083333334,220.0,1.3666666666666667,0.06666666666666667,43.604731856094965,0.027333333333333334,0.8352835283528353,23,2.849752709233103,0.19469545170921007,2.249752709233103,2.0101854946014925,1.0,Lloyd,0.0006429888012485208
apartment,Lloyd,30,800,0.02,0.05,0.2,,25,0.3,0.2,2.0,20,0,0.654296875,0.6543294270833334,0.8372395833333334,180.0,1.4666666666666666,0.06666666666666667,42.942438621346746,0.039875,0.971953578336557,28,2.824965649485775,0.35738659743576234,2.2249656494857746,2.097829583387945,1.0,Lloyd,0.0006626513025003078
apartment,Lloyd,30,800,0.02,0.05,0.2,,26,0.3,0.2,2.0,20,0,0.5852864583333334,0.5790690104166667,0.8365885416666666,200.0,1.7666666666666666,0.06666666666666667,42.26072791697096,0.0325,0.8660886319845857,22,3.256429229757559,0.3389632031255728,2.656429229757559,2.7241275626293895,1.0,Lloyd,0.0006504674999996496
apartment,Lloyd,30,800,0.02,0.05,0.2,,27,0.3,0.2,2.0,20,0,0.6783854166666666,0.6780924479166666,0.8600260416666666,160.0,1.2666666666666666,0.13333333333333333,44.60999594316624,0.03333333333333333,1.0409590409590408,26,2.8588451855336414,0.21048595119043814,2.2588451855336413,2.2134230647675412,1.0,Lloyd,0.0006436680212505053
apartment,Lloyd,30,800,0.02,0.05,0.2,,28,0.3,0.2,2.0,20,0,0.583984375,0.5795247395833334,0.7981770833333334,180.0,1.2666666666666666,0.03333333333333333,39.81875264577742,0.04158333333333333,0.8820058997050148,24,3.071154839569832,0.327336829881002,2.471154839569832,2.218823173140348,1.0,Lloyd,0.0006621738537501187
apartment,Lloyd,30,800,0.02,0.05,0.2,,29,0.3,0.2,2.0,20,0,0.6927083333333334,0.6915690104166667,0.8782552083333334,260.0,1.1,0.1,43.087439686667885,0.034333333333333334,0.9316987740805605,25,2.943973090638433,0.14349487366699,2.343973090638433,2.1823046239658876,1.0,Lloyd,0.0006454188537509253
apartment,Lloyd,60,800,0.02,0.05,0.2,,0,0.3,0.2,2.0,20,0,0.85546875,0.8442057291666666,0.9329427083333334,200.0,2.0,0.05,37.30273871466461,0.06277083333333333,1.0,47,2.1685357511145504,0.30546600654557543,1.5685357511145503,1.7691396575580067,1.0,Lloyd,0.0008326756774999921
apartment,Lloyd,60,800,0.02,0.05,0.2,,1,0.3,0.2,2.0,20,0,0.8717447916666666,0.8647786458333334,0.94140625,320.0,2.0166666666666666,0.06666666666666667,38.40830992992788,0.06989583333333334,1.0339768339768338,49,2.1048220495356738,0.32333050943464736,1.5048220495356741,1.55398987635225,1.0,Lloyd,0.0008434471350005878
apartment,Lloyd,60,800,0.02,0.05,0.2,,2,0.3,0.2,2.0,20,0,0.880859375,0.8803385416666666,0.9309895833333334,240.0,1.75,0.11666666666666667,40.14648119969171,0.04816666666666667,1.0097014925373133,48,2.168373194193587,0.22577906894046837,1.568373194193587,1.6191471706260978,1.0,Lloyd,0.0008095949487506005
apartment,Lloyd,60,800,0.02,0.05,0.2,,3,0.3,0.2,2.0,20,0,0.833984375,0.8307942708333333,0.916015625,160.0,1.8166666666666667,0.03333333333333333,39.51097909761275,0.041791666666666664,0.9682539682539683,47,2.1913525133574527,0.26268142738538364,1.5913525133574529,1.4411143992444266,1.0,Lloyd,0.0008037870837483751
apartment,Lloyd,60,800,0.02,0.05,0.2,,4,0.3,0.2,2.0,20,0,0.892578125,0.8774088541666668,0.951171875,220.0,1.8,0.08333333333333333,39.74711927932306,0.05552083333333333,1.0627906976744186,49,2.1299314358470607,0.2943122613500878,1.5299314358470604,1.6365325868662794,1.0,Lloyd,0.0007990423437513527
apartment,Lloyd,60,800,0.02,0.05,0.2,,6,0.3,0.2,2.0,20,0,0.8450520833333334,0.8370442708333332,0.9348958333333334,240.0,1.75,0.05,39.57061052759789,0.0435625,0.9629080118694363,46,2.1392902530324944,0.2923401177887838,1.5392902530324946,1.48768763559842,1.0,Lloyd,0.000803854427499573
apartment,Lloyd,60,800,0.02,0.05,0.2,,5,0.3,0.2,2.0,20,0,0.8046875,0.7994791666666666,0.93359375,220.0,2.1,0.4166666666666667,36.8225587636639,0.09525,0.9573973663826492,44,2.158955908008313,0.32843021806897604,1.558955908008314,1.4619568572526063,1.0,Lloyd,0.0008287715100004789
apartment,Lloyd,60,800,0.02,0.05,0.2,,7,0.3,0.2,2.0,20,0,0.8756510416666666,0.8717122395833334,0.9290364583333334,220.0,1.7833333333333334,0.03333333333333333,37.506245021738934,0.06210416666666667,1.001489203276247,47,2.1531116178768652,0.2421699453376046,1.5531116178768647,1.7676863578896875,1.0,Lloyd,0.0007974381250005536
apartment,Lloyd,60,800,0.02,0.05,0.2,,8,0.3,0.2,2.0,20,0,0.8522135416666666,0.8443033854166668,0.921875,240.0,1.8166666666666667,0.15,39.159850747698485,0.07554166666666666,0.993925588458618,49,2.025234148893995,0.26660782730627175,1.4252341488939955,1.379322023614698,1.0,Lloyd,0.0008126651037491683
apartment,Lloyd,60,800,0.02,0.05,0.2,,9,0.3,0.2,2.0,20,0,0.8274739583333334,0.8277669270833332,0.93359375,260.0,1.8666666666666667,0.016666666666666666,38.21324671072139,0.06022916666666667,0.9318181818181818,45,2.0970818473278072,0.23437718871587704,1.4970818473278071,1.506391391168993,1.0,Lloyd,0.0007858448437491461
apartment,Lloyd,60,800,0.02,0.05,0.2,,10,0.3,0.2,2.0,20,0,0.8333333333333334,0.8311848958333334,0.9388020833333334,280.0,1.9833333333333334,0.1,39.920093279510176,0.07175,0.9411764705882354,47,2.1228915499624095,0.30973199188245176,1.5228915499624094,1.291510985120242,1.0,Lloyd,0.000785979634999876
apartment,Lloyd,60,800,0.02,0.05,0.2,,11,0.3,0.2,2.0,20,0,0.8587239583333334,0.85439453125,0.9361979166666666,240.0,1.8666666666666667,0.05,38.4671900471594,0.041291666666666664,0.9727138643067847,46,2.201129608002397,0.2568321846661341,1.601129608002397,1.431890844510297,1.0,Lloyd,0.0007490813012509534
apartment,Lloyd,60,800,0.02,0.05,0.2,,12,0.3,0.2,2.0,20,0,0.857421875,0.85458984375,0.9186197916666666,200.0,1.55,0.03333333333333333,37.19952981702141,0.050708333333333334,1.0068807339449541,49,2.0737123057427995,0.2633915327772134,1.4737123057427994,1.278614852186848,1.0,Lloyd,0.000728043281249029
apartment,Lloyd,60,800,0.02,0.05,0.2,,13,0.3,0.2,2.0,20,0,0.8444010416666666,0.8382486979166666,0.93359375,240.0,1.75,0.05,37.66291427074248,0.06085416666666667,0.9773926149208741,46,2.173289355310695,0.3387752480939909,1.5732893553106952,1.8262539025567814,1.0,Lloyd,0.0007054432812492451
apartment,Lloyd,60,800,0.02,0.05,0.2,,14,0.3,0.2,2.0,20,0,0.794921875,0.7916666666666666,0.9290364583333334,240.0,1.7833333333333334,0.08333333333333333,37.822648126162974,0.043354166666666666,0.9285171102661597,43,2.2115419826301053,0.3308916128400343,1.6115419826301056,1.4685230032862027,1.0,Lloyd,0.0007180633862503783
apartment,Lloyd,60,800,0.02,0.05,0.2,,15,0.3,0.2,2.0,20,0,0.8678385416666666,0.8678385416666667,0.9466145833333334,240.0,1.8833333333333333,0.06666666666666667,40.683136443656466,0.059166666666666666,0.9638467100506146,53,1.9984841192603389,0.24239018612315877,1.3984841192603392,1.508635736442825,1.0,Lloyd,0.0007223900000008143
apartment,Lloyd,60,800,0.02,0.05,0.2,,16,0.3,0.2,2.0,20,0,0.8235677083333334,0.8223307291666666,0.9270833333333334,200.0,1.9,0.08333333333333333,38.02118771977802,0.058375,0.9738260200153965,47,2.0478336998392,0.32387080693870257,1.4478336998391996,1.5215602031657203,1.0,Lloyd,0.0006845991149998554
apartment,Lloyd,60,800,0.02,0.05,0.2,,17,0.3,0.2,2.0,20,0,0.8483072916666666,0.8419921875000002,0.9361979166666666,240.0,1.8,0.13333333333333333,39.60698296128964,0.0583125,0.9687732342007435,46,2.221768358199967,0.2583804328328094,1.621768358199968,1.6762691398592855,1.0,Lloyd,0.0006976274475005085
apartment,Lloyd,60,800,0.02,0.05,0.2,,18,0.3,0.2,2.0,20,0,0.865234375,0.8554036458333332,0.9348958333333334,200.0,1.5666666666666667,0.016666666666666666,41.125086305588745,0.03654166666666667,1.0098784194528876,52,2.040382836512453,0.377181255801895,1.440382836512452,1.2023145760857867,1.0,Lloyd,0.0006790056249997179
apartment,Lloyd,60,800,0.02,0.05,0.2,,20,0.3,0.2,2.0,20,0,0.8046875,0.8017903645833332,0.8873697916666666,180.0,1.8166666666666667,0.03333333333333333,40.14423558297531,0.058208333333333334,1.0073349633251834,52,1.988822570224928,0.38706164795586656,1.388822570224928,1.3051877087262351,1.0,Lloyd,0.0006721583850003299
apartment,Lloyd,60,800,0.02,0.05,0.2,,19,0.3,0.2,2.0,20,0,0.8385416666666666,0.83583984375,0.9251302083333334,220.0,1.7333333333333334,0.05,38.720030042767014,0.058333333333333334,0.9561989606533036,45,2.1858247372784105,0.24791313142400206,1.585824737278411,1.5258681195585568,1.0,Lloyd,0.0007040507287501895
apartment,Lloyd,60,800,0.02,0.05,0.2,,21,0.3,0.2,2.0,20,0,0.8828125,0.8728190104166668,0.9407552083333334,260.0,1.6166666666666667,0.03333333333333333,39.22026993307607,0.07772916666666667,1.0119402985074626,49,2.158769952531979,0.20583016570618745,1.5587699525319794,1.474820536021892,1.0,Lloyd,0.0006908816674990703
apartment,Lloyd,60,800,0.02,0.05,0.2,,22,0.3,0.2,2.0,20,0,0.8372395833333334,0.8291341145833334,0.9205729166666666,240.0,2.1333333333333333,0.05,38.651898619598164,0.04472916666666667,0.9683734939759037,44,2.2862952032900434,0.31823060363763983,1.6862952032900438,1.5764246105556414,1.0,Lloyd,0.0006700839587483643
apartment,Lloyd,60,800,0.02,0.05,0.2,,23,0.3,0.2,2.0,20,0,0.8522135416666666,0.8543945312500002,0.9401041666666666,220.0,1.7666666666666666,0.05,36.78537198213374,0.052958333333333336,0.9625,46,2.1623400838474467,0.2517160730108581,1.5623400838474466,1.5370506811973819,1.0,Lloyd,0.0006786631250020037
apartment,Lloyd,60,800,0.02,0.05,0.2,,24,0.3,0.2,2.0,20,0,0.8606770833333334,0.86015625,0.9401041666666666,260.0,1.65,0.0,38.77319181909874,0.0624375,0.9770879526977089,45,2.191460507557363,0.2766285015146891,1.5914605075573636,1.8310552396357966,1.0,Lloyd,0.0006937611462512905
apartment,Lloyd,60,800,0.02,0.05,0.2,,25,0.3,0.2,2.0,20,0,0.736328125,0.734375,0.9361979166666666,240.0,2.1666666666666665,0.05,40.058651148584424,0.0530625,0.8183791606367583,46,2.0422942403237077,0.49268661396661256,1.4422942403237073,1.239678790837714,1.0,Lloyd,0.0007157950000009805
apartment,Lloyd,60,800,0.02,0.05,0.2,,26,0.3,0.2,2.0,20,0,0.8489583333333334,0.8492513020833332,0.9290364583333334,300.0,2.216666666666667,0.0,41.040868536284734,0.05452083333333333,0.9644970414201184,52,1.9905923045050349,0.2715690380263639,1.3905923045050355,1.5507732398756435,1.0,Lloyd,0.0007453728649988989
apartment,Lloyd,60,800,0.02,0.05,0.2,,27,0.3,0.2,2.0,20,0,0.8684895833333334,0.8597981770833334,0.9361979166666666,220.0,1.8166666666666667,0.016666666666666666,39.92515068907975,0.044770833333333336,0.9947800149142432,52,2.031773010238702,0.29317189911989844,1.4317730102387027,1.3424989027520546,1.0,Lloyd,0.0007481051050012865
apartment,Lloyd,60,800,0.02,0.05,0.2,,29,0.3,0.2,2.0,20,0,0.86328125,0.8578125,0.9381510416666666,220.0,1.8333333333333333,0.05,38.733858745411226,0.05408333333333333,0.9643636363636364,46,2.1717309773506055,0.2722928427527227,1.571730977350606,1.5833791794291951,1.0,Lloyd,0.0007081685424986972
apartment,Lloyd,60,800,0.02,0.05,0.2,,28,0.3,0.2,2.0,20,0,0.8001302083333334,0.7974934895833334,0.921875,220.0,1.5666666666666667,0.05,37.22726071790554,0.065625,0.9669551534225019,51,1.9295461260368532,0.45147752761153875,1.329546126036853,1.1457626099751361,1.0,Lloyd,0.0007530542712515853
apartment,Lloyd,90,800,0.02,0.05,0.2,,0,0.3,0.2,2.0,20,0,0.9036458333333334,0.9019205729166668,0.9557291666666666,220.0,3.2111111111111112,0.08888888888888889,37.67899605045767,0.10269444444444445,0.965901183020181,76,1.6066554564106053,0.40533427912976255,1.0066554564106052,0.9493173850532454,0.9736842105263158,Lloyd,0.0010162273437481417
apartment,Lloyd,90,800,0.02,0.05,0.2,,1,0.3,0.2,2.0,20,0,0.8776041666666666,0.8771158854166666,0.935546875,260.0,2.522222222222222,0.03333333333333333,35.91884773381019,0.10581944444444444,0.9587482219061165,70,1.6942139564702563,0.3647499100813837,1.0942139564702567,1.016127232188912,1.0,Lloyd,0.0009945734374991843
apartment,Lloyd,90,800,0.02,0.05,0.2,,2,0.3,0.2,2.0,20,0,0.888671875,0.8879231770833333,0.9427083333333334,200.0,2.5444444444444443,0.03333333333333333,37.2609202690237,0.078875,0.9715302491103204,69,1.6828155327658292,0.3578390639594927,1.0828155327658286,1.1045151220139586,1.0,Lloyd,0.0009979519787498249
apartment,Lloyd,90,800,0.02,0.05,0.2,,4,0.3,0.2,2.0,20,0,0.8834635416666666,0.8814778645833334,0.93359375,200.0,2.6222222222222222,0.08888888888888889,36.89072615286389,0.12109722222222222,0.9970609845701689,75,1.5570898069225478,0.3132777531399936,0.9570898069225479,0.9365541046796019,1.0,Lloyd,0.0009968914062505974
apartment,Lloyd,90,800,0.02,0.05,0.2,,3,0.3,0.2,2.0,20,0,0.90234375,0.9020182291666666,0.9485677083333334,180.0,2.7444444444444445,0.044444444444444446,36.302265835793754,0.12018055555555555,1.0065359477124183,76,1.5773778847275972,0.36463372531152166,0.977377884727597,1.063281264004996,0.9736842105263158,Lloyd,0.0010704320837498927
apartment,Lloyd,90,800,0.02,0.05,0.2,,5,0.3,0.2,2.0,20,0,0.9186197916666666,0.9125325520833334,0.953125,220.0,2.3333333333333335,0.044444444444444446,36.0938398613908,0.11695833333333333,1.0202458423716558,77,1.6262857190334914,0.40929878727162944,1.0262857190334915,1.2209106489741401,0.974025974025974,Lloyd,0.0010468293750000156
apartment,Lloyd,90,800,0.02,0.05,0.2,,7,0.3,0.2,2.0,20,0,0.8977864583333334,0.8949544270833332,0.9485677083333334,200.0,2.2666666666666666,0.05555555555555555,35.19818444878783,0.09413888888888888,0.976628895184136,66,1.7716521861213723,0.28173198284864914,1.171652186121372,1.1779155094210405,1.0,Lloyd,0.000969575105000331
apartment,Lloyd,90,800,0.02,0.05,0.2,,6,0.3,0.2,2.0,20,0,0.8743489583333334,0.8731119791666666,0.9361979166666666,200.0,3.077777777777778,0.022222222222222223,35.89373706479199,0.10115277777777777,0.9641062455132807,68,1.6785391252066537,0.37250601763435603,1.0785391252066536,1.260470474791589,1.0,Lloyd,0.0010348316137515211
apartment,Lloyd,90,800,0.02,0.05,0.2,,8,0.3,0.2,2.0,20,0,0.8984375,0.8998697916666666,0.955078125,240.0,2.3666666666666667,0.044444444444444446,36.65162145738639,0.0948611111111111,0.9583333333333334,69,1.6968333484795355,0.3774234307581217,1.0968333484795354,1.2072261327465332,1.0,Lloyd,0.0010412240625009871
apartment,Lloyd,90,800,0.02,0.05,0.2,,9,0.3,0.2,2.0,20,0,0.92578125,0.920703125,0.9524739583333334,220.0,2.6,0.03333333333333333,37.05713865971317,0.1056388888888889,1.0252343186733959,72,1.7166000846077263,0.31848838977070876,1.1166000846077262,1.2086428850029345,0.9722222222222222,Lloyd,0.0010347702599983676
apartment,Lloyd,90,800,0.02,0.05,0.2,,10,0.3,0.2,2.0,20,0,0.912109375,0.9092447916666668,0.9576822916666666,220.0,3.0444444444444443,0.07777777777777778,35.734130149637586,0.13179166666666667,0.9797202797202796,74,1.6442256511001414,0.41811561068062536,1.0442256511001418,0.9927082715387905,0.972972972972973,Lloyd,0.0010443435937509094
apartment,Lloyd,90,800,0.02,0.05,0.2,,11,0.3,0.2,2.0,20,0,0.8932291666666666,0.8926757812500001,0.9498697916666666,220.0,2.6333333333333333,0.022222222222222223,36.18577653865897,0.0910138888888889,0.9870503597122302,70,1.714212089553595,0.37459840310357756,1.1142120895535956,1.007845119322254,1.0,Lloyd,0.0009953226562493
apartment,Lloyd,90,800,0.02,0.05,0.2,,12,0.3,0.2,2.0,20,0,0.8977864583333334,0.8884440104166667,0.9381510416666666,220.0,2.3666666666666667,0.05555555555555555,35.22812349572044,0.11227777777777778,1.0237564959168524,71,1.6967414387883712,0.3627985052139949,1.0967414387883716,1.001628936343137,1.0,Lloyd,0.0009948855212519446
apartment,Lloyd,90,800,0.02,0.05,0.2,,13,0.3,0.2,2.0,20,0,0.8971354166666666,0.8947916666666668,0.9427083333333334,220.0,2.3777777777777778,0.022222222222222223,34.04699948684337,0.10991666666666666,0.9899425287356322,69,1.7369172769446923,0.3547539800057074,1.1369172769446916,1.1158179119908058,1.0,Lloyd,0.000985738958750062
apartment,Lloyd,90,800,0.02,0.05,0.2,,14,0.3,0.2,2.0,20,0,0.8977864583333334,0.8986979166666668,0.9440104166666666,240.0,2.4444444444444446,0.05555555555555555,36.87911449729389,0.11154166666666666,0.994949494949495,76,1.6128254895592518,0.36070525165146977,1.0128254895592517,0.9747415028103922,1.0,Lloyd,0.0010444473437496527
apartment,Lloyd,90,800,0.02,0.05,0.2,,16,0.3,0.2,2.0,20,0,0.8678385416666666,0.8637369791666668,0.92578125,200.0,2.7,0.06666666666666667,36.23850917724766,0.09368055555555556,0.9910780669144982,74,1.6032117421193446,0.3652722174788886,1.0032117421193443,0.9518118459773809,1.0,Lloyd,0.000987539322500197
apartment,Lloyd,90,800,0.02,0.05,0.2,,15,0.3,0.2,2.0,20,0,0.8873697916666666,0.87529296875,0.935546875,220.0,2.577777777777778,0.05555555555555555,35.47522497504335,0.10775,0.9963450292397661,67,1.7080711771805814,0.38302300920421173,1.1080711771805816,1.0288530577937927,1.0,Lloyd,0.0010217375000001994
apartment,Lloyd,90,800,0.02,0.05,0.2,,17,0.3,0.2,2.0,20,0,0.900390625,0.90068359375,0.9375,200.0,2.422222222222222,0.14444444444444443,35.58664388505388,0.09080555555555556,1.0029006526468456,69,1.71385264111931,0.33069190353014494,1.11385264111931,1.2315979322895418,1.0,Lloyd,0.0009594281249997039
apartment,Lloyd,90,800,0.02,0.05,0.2,,18,0.3,0.2,2.0,20,0,0.8645833333333334,0.8609375,0.9342447916666666,180.0,2.6333333333333333,0.011111111111111112,34.240729735981304,0.12306944444444444,0.9693430656934306,64,1.6921593094514593,0.4522619187215197,1.0921593094514592,0.892340976944689,1.0,Lloyd,0.0009938315624981441
apartment,Lloyd,90,800,0.02,0.05,0.2,,20,0.3,0.2,2.0,20,0,0.8899739583333334,0.8898763020833332,0.9524739583333334,220.0,2.7,0.044444444444444446,36.815610914076416,0.08825,0.955944055944056,71,1.6842506844092793,0.3299145927761822,1.0842506844092787,1.1469653763001695,1.0,Lloyd,0.0009152504162489094
apartment,Lloyd,90,800,0.02,0.05,0.2,,19,0.3,0.2,2.0,20,0,0.9016927083333334,0.8963216145833334,0.94140625,220.0,2.4,0.1111111111111111,36.49997384290455,0.11933333333333333,0.992831541218638,72,1.677570073686571,0.36406269594704327,1.077570073686571,1.0946417965573176,0.9722222222222222,Lloyd,0.0009783792187499786
apartment,Lloyd,90,800,0.02,0.05,0.2,,22,0.3,0.2,2.0,20,0,0.9140625,0.9111979166666666,0.955078125,180.0,2.5444444444444443,0.03333333333333333,37.28227333804995,0.09438888888888888,1.0285714285714285,75,1.6358999678000052,0.34649261868668124,1.0358999678000054,0.9186897334050524,1.0,Lloyd,0.0009248319275002359
apartment,Lloyd,90,800,0.02,0.05,0.2,,21,0.3,0.2,2.0,20,0,0.9134114583333334,0.9066731770833332,0.9407552083333334,220.0,2.2666666666666666,0.044444444444444446,35.93788435730796,0.12031944444444445,1.024835646457268,77,1.64252970239438,0.33803250076667707,1.0425297023943798,0.9988925583861027,1.0,Lloyd,0.0009621016662504189
apartment,Lloyd,90,800,0.02,0.05,0.2,,23,0.3,0.2,2.0,20,0,0.8704427083333334,0.8575846354166666,0.9212239583333334,200.0,2.6444444444444444,0.03333333333333333,36.12078555468966,0.1114861111111111,1.024521072796935,69,1.667608690156783,0.33550929274533864,1.0676086901567832,1.1933081081323333,1.0,Lloyd,0.000939223855000364
apartment,Lloyd,90,800,0.02,0.05,0.2,,24,0.3,0.2,2.0,20,0,0.9029947916666666,0.8875976562500002,0.955078125,200.0,2.5444444444444443,0.022222222222222223,35.871403009577136,0.10558333333333333,0.9802120141342755,66,1.7279269390346443,0.3327108451287548,1.1279269390346442,1.1570470369903343,1.0,Lloyd,0.0008951618750006673
apartment,Lloyd,90,800,0.02,0.05,0.2,,26,0.3,0.2,2.0,20,0,0.8958333333333334,0.8927734374999998,0.9375,180.0,2.5,0.011111111111111112,35.66366546499432,0.11177777777777778,1.007320644216691,70,1.6919908817274802,0.37740457817494455,1.0919908817274804,1.1519911935941018,1.0,Lloyd,0.000901579687499634
apartment,Lloyd,90,800,0.02,0.05,0.2,,25,0.3,0.2,2.0,20,0,0.919921875,0.91865234375,0.95703125,220.0,2.7777777777777777,0.044444444444444446,36.24878033863562,0.11494444444444445,0.9936708860759493,74,1.6843386203297481,0.32864789373653847,1.0843386203297483,1.179911170556112,1.0,Lloyd,0.0009503417187488594
apartment,Lloyd,90,800,0.02,0.05,0.2,,27,0.3,0.2,2.0,20,0,0.8899739583333334,0.8926106770833332,0.9427083333333334,220.0,2.8,0.044444444444444446,37.49638909079514,0.09704166666666666,0.9736467236467237,73,1.6527145959662102,0.41993676415087716,1.05271459596621,1.0711594281634418,0.9452054794520548,Lloyd,0.0008962101049996818
apartment,Lloyd,90,800,0.02,0.05,0.2,,28,0.3,0.2,2.0,20,0,0.8971354166666666,0.89619140625,0.94140625,220.0,2.6555555555555554,0.03333333333333333,35.95651271277677,0.13358333333333333,1.0095238095238095,78,1.5755974450415673,0.4179061661604681,0.9755974450415673,0.9456550335644468,0.9743589743589743,Lloyd,0.000955273698750716
apartment,Lloyd,90,800,0.02,0.05,0.2,,29,0.3,0.2,2.0,20,0,0.9114583333333334,0.9092122395833332,0.94921875,160.0,2.6777777777777776,0.011111111111111112,37.281027293202484,0.11841666666666667,1.032448377581121,75,1.5956881937145466,0.4199916946224306,0.9956881937145465,1.0122829535295872,0.92,Lloyd,0.0009691027087501425
apartment,Lloyd,120,800,0.02,0.05,0.2,,0,0.3,0.2,2.0,20,0,0.943359375,0.9396809895833332,0.9615885416666666,220.0,3.0,0.041666666666666664,33.09896005943234,0.20685416666666667,1.0247524752475248,93,1.4491067402566287,0.3824382394612986,0.8491067402566288,0.8960031008340222,0.946236559139785,Lloyd,0.0011376344799987237
apartment,Lloyd,120,800,0.02,0.05,0.2,,1,0.3,0.2,2.0,20,0,0.9381510416666666,0.9366536458333334,0.9544270833333334,180.0,2.783333333333333,0.05,32.07763616803091,0.24485416666666668,1.0098107918710582,95,1.4183317039087413,0.434667240556494,0.8183317039087412,0.7740619542660209,0.9052631578947369,Lloyd,0.0011198144274999322
apartment,Lloyd,120,800,0.02,0.05,0.2,,2,0.3,0.2,2.0,20,0,0.9309895833333334,0.9302734375,0.953125,180.0,3.225,0.025,33.65090198643641,0.2056875,0.9979064898813678,93,1.4503620434608047,0.3738774711289695,0.8503620434608044,0.7814478587376791,0.956989247311828,Lloyd,0.0011437606250001408
apartment,Lloyd,120,800,0.02,0.05,0.2,,3,0.3,0.2,2.0,20,0,0.8990885416666666,0.8855794270833334,0.9309895833333334,140.0,3.8833333333333333,0.1,33.42387067988897,0.27570833333333333,1.0360090022505626,102,1.3192829760578448,0.483807722710934,0.7192829760578444,0.5344936413287651,0.8431372549019608,Lloyd,0.0012033790100008446
apartment,Lloyd,120,800,0.02,0.05,0.2,,4,0.3,0.2,2.0,20,0,0.923828125,0.9162760416666667,0.951171875,220.0,3.6666666666666665,0.05,32.349070026897316,0.2500833333333333,0.9923076923076922,95,1.4118095778176571,0.4903918630063918,0.8118095778176566,0.641093102333249,0.9157894736842105,Lloyd,0.0011735439574999873
apartment,Lloyd,120,800,0.02,0.05,0.2,,5,0.3,0.2,2.0,20,0,0.912109375,0.9076822916666668,0.9322916666666666,180.0,2.8583333333333334,0.05,30.499656823785845,0.21639583333333334,1.0014295925661187,96,1.4280831754141712,0.4343301678874379,0.8280831754141712,0.6207966324529413,0.9270833333333334,Lloyd,0.0011866609374988001
apartment,Lloyd,120,800,0.02,0.05,0.2,,6,0.3,0.2,2.0,20,0,0.9192708333333334,0.9158528645833334,0.9583333333333334,180.0,3.7416666666666667,0.06666666666666667,32.85815330088588,0.28202083333333333,0.9798750867453159,97,1.3799041772177332,0.516079488838133,0.7799041772177331,0.6567167149235854,0.7938144329896907,Lloyd,0.001258064009998634
apartment,Lloyd,120,800,0.02,0.05,0.2,,7,0.3,0.2,2.0,20,0,0.9401041666666666,0.9191731770833332,0.9576822916666666,180.0,3.441666666666667,0.06666666666666667,33.45422582565636,0.2039375,1.029223093371347,91,1.490717699185535,0.4045504505623846,0.8907176991855348,1.0737393317752368,0.8681318681318682,Lloyd,0.001236957238750165
apartment,Lloyd,120,800,0.02,0.05,0.2,,8,0.3,0.2,2.0,20,0,0.9251302083333334,0.9067057291666665,0.9485677083333334,180.0,2.8833333333333333,0.05,33.88671214672389,0.21429166666666666,1.007087172218285,95,1.4112365465439445,0.4393512136955756,0.8112365465439445,0.6979282295500727,0.8736842105263158,Lloyd,0.0012286781250008972
apartment,Lloyd,120,800,0.02,0.05,0.2,,9,0.3,0.2,2.0,20,0,0.9114583333333334,0.9068684895833332,0.939453125,180.0,3.275,0.05,33.1163030907894,0.22505208333333335,1.0286554004408524,95,1.4113848249988967,0.4352770152495932,0.8113848249988966,0.6143682740618978,0.9789473684210527,Lloyd,0.001239443646250038
apartment,Lloyd,120,800,0.02,0.05,0.2,,10,0.3,0.2,2.0,20,0,0.9016927083333334,0.90009765625,0.9576822916666666,200.0,3.9583333333333335,0.05,33.6375743400309,0.24115625,0.9604715672676838,100,1.3513499570956893,0.502884631393243,0.7513499570956889,0.4950092159890551,0.86,Lloyd,0.0012458905737480564
apartment,Lloyd,120,800,0.02,0.05,0.2,,11,0.3,0.2,2.0,20,0,0.9375,0.9322265625,0.9596354166666666,200.0,3.25,0.03333333333333333,33.971373883578636,0.22379166666666667,1.005586592178771,99,1.4053138831543701,0.43308939480585873,0.80531388315437,0.6699586917304273,0.9494949494949495,Lloyd,0.0012035852074996
apartment,Lloyd,120,800,0.02,0.05,0.2,,12,0.3,0.2,2.0,20,0,0.9303385416666666,0.9280924479166668,0.9537760416666666,180.0,2.841666666666667,0.06666666666666667,32.95787573143609,0.2637291666666667,1.014194464158978,106,1.3546338123088169,0.4347802849290267,0.754633812308817,0.678750934967886,0.8867924528301887,Lloyd,0.0012411483324990514
apartment,Lloyd,120,800,0.02,0.05,0.2,,13,0.3,0.2,2.0,20,0,0.9251302083333334,0.92119140625,0.9537760416666666,200.0,2.975,0.05,33.16356581214307,0.21286458333333333,1.0021156558533146,101,1.3494654086023201,0.4254872110308496,0.7494654086023201,0.6870961084111343,0.9405940594059405,Lloyd,0.0012396455737484758
apartment,Lloyd,120,800,0.02,0.05,0.2,,14,0.3,0.2,2.0,20,0,0.9388020833333334,0.9309570312499998,0.958984375,160.0,3.2416666666666667,0.05,34.27387935878671,0.21003125,1.0270655270655271,98,1.4063594586182506,0.4035599972981127,0.8063594586182503,0.8493924681459212,0.9489795918367347,Lloyd,0.0012348020312515473
apartment,Lloyd,120,800,0.02,0.05,0.2,,15,0.3,0.2,2.0,20,0,0.93359375,0.9272786458333332,0.9576822916666666,220.0,3.2333333333333334,0.05,32.866710501918774,0.21136458333333333,1.0020964360587001,94,1.4232060719458632,0.4028902999299825,0.8232060719458636,0.860910795213963,0.9361702127659575,Lloyd,0.00120911729125055
apartment,Lloyd,120,800,0.02,0.05,0.2,,16,0.3,0.2,2.0,20,0,0.943359375,0.9298828125,0.9635416666666666,200.0,2.975,0.05,34.06601924693482,0.26077083333333334,1.0132867132867132,103,1.350688166050801,0.4670374209669918,0.7506881660508015,0.7457548464767564,0.8252427184466019,Lloyd,0.0012308311974993558
apartment,Lloyd,120,800,0.02,0.05,0.2,,17,0.3,0.2,2.0,20,0,0.9407552083333334,0.9386067708333332,0.9583333333333334,180.0,3.308333333333333,0.041666666666666664,32.58439514841616,0.20976041666666667,1.0041695621959694,91,1.4548634516317438,0.43983231033997483,0.8548634516317439,0.6852802839365412,0.978021978021978,Lloyd,0.001189842134999708
apartment,Lloyd,120,800,0.02,0.05,0.2,,19,0.3,0.2,2.0,20,0,0.9309895833333334,0.92958984375,0.951171875,180.0,3.033333333333333,0.03333333333333333,32.81609745286412,0.22207291666666668,1.0,98,1.3891663495402984,0.4050415380828588,0.7891663495402985,0.9047543889403943,0.9285714285714286,Lloyd,0.0011915096875009113
apartment,Lloyd,120,800,0.02,0.05,0.2,,18,0.3,0.2,2.0,20,0,0.9244791666666666,0.9242838541666666,0.951171875,180.0,3.6083333333333334,0.025,33.40089449636339,0.29661458333333335,0.9957924263674615,100,1.3632477489306098,0.4868369999805463,0.7632477489306101,0.8548889923503993,0.78,Lloyd,0.0012668757812502917
apartment,Lloyd,120,800,0.02,0.05,0.2,,20,0.3,0.2,2.0,20,0,0.9153645833333334,0.909375,0.9375,180.0,3.075,0.05,32.84935209286632,0.25107291666666665,1.0035688793718773,98,1.3897737348889507,0.44211438633731026,0.7897737348889509,0.769506769791949,0.8367346938775511,Lloyd,0.0011628184899996085
apartment,Lloyd,120,800,0.02,0.05,0.2,,22,0.3,0.2,2.0,20,0,0.8990885416666666,0.8994140625000002,0.951171875,180.0,3.575,0.025,32.8218640276569,0.25614583333333335,0.9691228070175438,100,1.341851133782494,0.4868419949460309,0.7418511337824945,0.705837011744734,0.84,Lloyd,0.0011389821350007879
apartment,Lloyd,120,800,0.02,0.05,0.2,,23,0.3,0.2,2.0,20,0,0.9322916666666666,0.9305338541666666,0.955078125,180.0,3.433333333333333,0.058333333333333334,33.566396466303644,0.23976041666666667,1.0091613812544045,102,1.391365975751508,0.44512479639239183,0.7913659757515084,0.7634736857000105,0.8725490196078431,Lloyd,0.0011160151562489772
apartment,Lloyd,120,800,0.02,0.05,0.2,,21,0.3,0.2,2.0,20,0,0.9095052083333334,0.90634765625,0.9401041666666666,160.0,3.2666666666666666,0.041666666666666664,31.85338358947798,0.23541666666666666,0.9978571428571429,90,1.447961422693974,0.4248676015989528,0.8479614226939742,1.0093557414326417,0.9111111111111111,Lloyd,0.0011515023962488159
apartment,Lloyd,120,800,0.02,0.05,0.2,,24,0.3,0.2,2.0,20,0,0.9016927083333334,0.8943033854166668,0.9368489583333334,160.0,2.9583333333333335,0.041666666666666664,31.649061188650084,0.22029166666666666,0.9878744650499287,89,1.486651746024854,0.4122698729273542,0.8866517460248541,0.9273962610954279,0.9101123595505618,Lloyd,0.001020875208751022
rubble,Lloyd,10,800,0.02,0.05,0.2,,1,0.3,0.2,2.0,20,0,0.2702513966480447,0.27293994413407824,0.3812849162011173,80.0,0.7,0.1,45.152292717463986,0.0045,0.9772727272727273,9,3.9697651204408655,0.3890851996303253,3.369765120440865,2.8764590395263387,1.0,Lloyd,0.0004504984899995179
rubble,Lloyd,10,800,0.02,0.05,0.2,,2,0.3,0.2,2.0,20,0,0.2681564245810056,0.2686452513966481,0.38058659217877094,80.0,1.3,0.0,45.02207285417432,0.008875,0.9746192893401014,9,3.927610694099351,0.2431986992418142,3.327610694099351,2.9337964194548634,1.0,Lloyd,0.0004527991662507702
rubble,Lloyd,10,800,0.02,0.05,0.2,,0,0.3,0.2,2.0,20,0,0.17248603351955308,0.17126396648044695,0.3952513966480447,80.0,0.8,0.2,43.18606069947247,0.00675,0.6317135549872124,6,5.182151736173164,0.4324961330245073,4.582151736173166,4.0085878467732305,1.0,Lloyd,0.00047094276124880706
apartment,Lloyd,120,800,0.02,0.05,0.2,,26,0.3,0.2,2.0,20,0,0.9095052083333334,0.9014973958333332,0.94921875,160.0,2.9,0.03333333333333333,31.567399302593042,0.2330625,0.9838028169014086,89,1.4126061108648704,0.4614599845148996,0.8126061108648708,0.7517654307751965,0.8651685393258427,Lloyd,0.001035448542500035
apartment,Lloyd,120,800,0.02,0.05,0.2,,25,0.3,0.2,2.0,20,0,0.9166666666666666,0.915625,0.9446614583333334,180.0,3.158333333333333,0.016666666666666666,32.16142221977147,0.22332291666666668,0.9957567185289957,95,1.4589156479813647,0.39817346800086145,0.8589156479813644,0.8860729565789621,0.9578947368421052,Lloyd,0.0010649829687508828
rubble,Lloyd,10,800,0.02,0.05,0.2,,3,0.3,0.2,2.0,20,0,0.2346368715083799,0.2346019553072626,0.38268156424581007,120.0,0.7,0.2,40.02675588149047,0.006875,0.8659793814432989,8,4.2541558755284266,0.25617122866581343,3.654155875528426,4.061986668314809,1.0,Lloyd,0.0004720429687517935
apartment,Lloyd,120,800,0.02,0.05,0.2,,27,0.3,0.2,2.0,20,0,0.9752604166666666,0.9538736979166667,0.98828125,200.0,3.433333333333333,0.03333333333333333,35.92083580246822,0.19879166666666667,1.0352453351762267,100,1.4157555969580151,0.4196507126738093,0.8157555969580151,0.8184590476500151,0.93,Lloyd,0.0011387349487495158
rubble,Lloyd,10,800,0.02,0.05,0.2,,4,0.3,0.2,2.0,20,0,0.23184357541899442,0.23428770949720673,0.3889664804469274,80.0,0.9,0.1,42.31050845825409,0.011,0.7961630695443646,8,4.294844980254838,0.2535778267448044,3.694844980254838,4.097551770813745,1.0,Lloyd,0.0004844601037484608
rubble,Lloyd,10,800,0.02,0.05,0.2,,5,0.3,0.2,2.0,20,0,0.17667597765363127,0.17643156424581008,0.39385474860335196,100.0,0.7,0.2,40.123526001083725,0.009375,0.6200980392156863,6,5.32689331396005,0.06840216802065932,4.72689331396005,4.649216363513328,1.0,Lloyd,0.0004925938012502229
rubble,Lloyd,10,800,0.02,0.05,0.2,,6,0.3,0.2,2.0,20,0,0.28282122905027934,0.28543994413407825,0.4029329608938548,120.0,0.6,0.1,48.275860672396504,0.00925,0.9142212189616252,9,3.7809652020129443,0.1325470734574893,3.1809652020129446,3.1336802548932448,1.0,Lloyd,0.00048146697874926756
apartment,Lloyd,120,800,0.02,0.05,0.2,,28,0.3,0.2,2.0,20,0,0.923828125,0.9138997395833333,0.9563802083333334,200.0,3.1416666666666666,0.041666666666666664,32.92417919275842,0.21248958333333334,0.9820069204152249,88,1.5115346075402611,0.42675310726060567,0.9115346075402609,0.8810380848251665,0.9772727272727273,Lloyd,0.0011318139062518639
apartment,Lloyd,120,800,0.02,0.05,0.2,,29,0.3,0.2,2.0,20,0,0.9049479166666666,0.9033854166666666,0.955078125,160.0,3.533333333333333,0.025,32.54873336291754,0.22009375,0.981638418079096,89,1.4722223772654321,0.46404842359710935,0.8722223772654321,0.8714420000704673,0.898876404494382,Lloyd,0.001094845363747936
rubble,Lloyd,10,800,0.02,0.05,0.2,,7,0.3,0.2,2.0,20,0,0.2709497206703911,0.2698673184357541,0.4092178770949721,140.0,0.8,0.0,44.94854283686394,0.010375,0.8818181818181818,9,3.5316325269025177,0.1642121405220069,2.931632526902518,2.444435149877743,1.0,Lloyd,0.0005012033337493449
rubble,Lloyd,10,800,0.02,0.05,0.2,,8,0.3,0.2,2.0,20,0,0.2737430167597765,0.27458100558659215,0.3994413407821229,140.0,1.0,0.1,50.350147990315875,0.010125,0.8828828828828829,9,3.794261500608407,0.2230365693650722,3.1942615006084067,3.3039527238831767,1.0,Lloyd,0.0004982560937492053
rubble,Lloyd,10,800,0.02,0.05,0.2,,9,0.3,0.2,2.0,20,0,0.13966480446927373,0.13837290502793298,0.3854748603351955,120.0,0.7,0.0,39.272918978072354,0.004625,0.48192771084337344,5,6.784801413796588,0.2518461612953033,6.184801413796588,6.622099971340748,1.0,Lloyd,0.0005115118749995418
rubble,Lloyd,10,800,0.02,0.05,0.2,,10,0.3,0.2,2.0,20,0,0.2479050279329609,0.25115223463687153,0.40782122905027934,140.0,0.9,0.2,46.51277450729557,0.00825,0.8068181818181819,8,4.260357691097591,0.14751180961578406,3.660357691097591,3.461024142799138,1.0,Lloyd,0.0005108988537494952
rubble,Lloyd,10,800,0.02,0.05,0.2,,12,0.3,0.2,2.0,20,0,0.24441340782122906,0.24294692737430168,0.38268156424581007,120.0,0.2,0.4,45.18103532067332,0.008625,0.8393285371702639,8,4.3869164667022025,0.1499001248551806,3.786916466702203,3.5507238718924694,1.0,Lloyd,0.0005122475524990478
rubble,Lloyd,10,800,0.02,0.05,0.2,,11,0.3,0.2,2.0,20,0,0.17807262569832402,0.17845670391061452,0.38268156424581007,80.0,1.0,0.0,43.24090602126377,0.01125,0.6189320388349514,6,5.255609479153146,0.0670386210523295,4.655609479153147,4.599917124904213,1.0,Lloyd,0.0005244998950001901
rubble,Lloyd,10,800,0.02,0.05,0.2,,14,0.3,0.2,2.0,20,0,0.26955307262569833,0.26840083798882686,0.388268156424581,100.0,0.5,0.1,46.90589167458058,0.006,0.9650000000000001,9,3.899763205079841,0.2605441577834066,3.2997632050798416,2.9174107529202913,1.0,Lloyd,0.000511208802499823
rubble,Lloyd,10,800,0.02,0.05,0.2,,13,0.3,0.2,2.0,20,0,0.21089385474860337,0.20848463687150837,0.4085195530726257,100.0,0.7,0.1,43.603532133637884,0.006,0.6974595842956121,7,4.362660836899655,0.2390778214685418,3.7626608368996552,4.181858340439897,1.0,Lloyd,0.0005252958849996503
rubble,Lloyd,10,800,0.02,0.05,0.2,,15,0.3,0.2,2.0,20,0,0.2723463687150838,0.2726606145251397,0.40502793296089384,140.0,0.9,0.0,44.722741791194984,0.012375,0.8823529411764705,9,3.438547079260586,0.1579061250504241,2.8385470792605867,2.5482477459598947,1.0,Lloyd,0.000519863228748818
rubble,Lloyd,10,800,0.02,0.05,0.2,,16,0.3,0.2,2.0,20,0,0.24231843575418993,0.23956005586592183,0.3973463687150838,160.0,0.9,0.0,44.63628088901932,0.009375,0.7850678733031673,8,4.4573674315509715,0.36490020501266174,3.8573674315509714,3.7327314664089064,1.0,Lloyd,0.0005124531249998654
rubble,Lloyd,10,800,0.02,0.05,0.2,,17,0.3,0.2,2.0,20,0,0.20391061452513967,0.20275837988826817,0.40782122905027934,140.0,0.3,0.1,45.96700344069795,0.006875,0.6666666666666667,7,4.457748769263306,0.2830424749452039,3.8577487692633055,3.9907838255697965,1.0,Lloyd,0.0005511243225009821
rubble,Lloyd,10,800,0.02,0.05,0.2,,18,0.3,0.2,2.0,20,0,0.27583798882681565,0.27426675977653636,0.3952513966480447,140.0,0.7,0.1,50.84911775460379,0.004125,0.8896396396396398,9,3.7819520190891964,0.22041965860695534,3.1819520190891963,3.5591461131470727,1.0,Lloyd,0.0005349370837507194
rubble,Lloyd,10,800,0.02,0.05,0.2,,19,0.3,0.2,2.0,20,0,0.1787709497206704,0.17905027932960893,0.3973463687150838,140.0,0.9,0.0,44.205118945785955,0.0065,0.5981308411214954,6,5.249206681346415,0.1689053389627234,4.649206681346416,4.551829388592693,1.0,Lloyd,0.0005129993750006179
rubble,Lloyd,10,800,0.02,0.05,0.2,,24,0.3,0.2,2.0,20,0,0.26955307262569833,0.2706005586592179,0.3777932960893855,120.0,1.0,0.1,42.05354393435884,0.014625,0.9872122762148339,9,3.866498629490908,0.2792670205170204,3.2664986294909077,2.8986280593198757,1.0,Lloyd,0.0004624506250002014
rubble,Lloyd,10,800,0.02,0.05,0.2,,21,0.3,0.2,2.0,20,0,0.1717877094972067,0.17084497206703914,0.40712290502793297,120.0,1.1,0.1,42.97112081700351,0.0085,0.5603644646924829,6,5.140120203500406,0.4371918788414374,4.540120203500407,4.050173981570978,1.0,Lloyd,0.0005120291662501586
rubble,Lloyd,10,800,0.02,0.05,0.2,,20,0.3,0.2,2.0,20,0,0.2053072625698324,0.20478351955307264,0.39385474860335196,100.0,0.6,0.1,40.58523683055016,0.008875,0.7295285359801489,7,4.886443653367261,0.4122056934363246,4.28644365336726,3.6698675191980956,1.0,Lloyd,0.0005189157812515077
rubble,Lloyd,10,800,0.02,0.05,0.2,,22,0.3,0.2,2.0,20,0,0.24720670391061453,0.246822625698324,0.39804469273743015,180.0,1.1,0.1,44.53204684155866,0.00825,0.7990970654627539,8,4.3497469921363745,0.1758511839700448,3.749746992136375,3.9409011617572354,1.0,Lloyd,0.0005385997924986441
rubble,Lloyd,10,800,0.02,0.05,0.2,,23,0.3,0.2,2.0,20,0,0.29120111731843573,0.29343575418994416,0.37988826815642457,80.0,0.7,0.1,43.98829691302434,0.00525,0.9858156028368793,10,3.6100013700789724,0.4163219894009527,3.0100013700789727,2.4042488367518167,1.0,Lloyd,0.000538004062498203
rubble,Lloyd,10,800,0.02,0.05,0.2,,25,0.3,0.2,2.0,20,0,0.23743016759776536,0.2370460893854749,0.401536312849162,80.0,0.5,0.2,46.34317613384694,0.0105,0.860759493670886,8,3.699105762549857,0.360038913232067,3.099105762549857,2.420412892810268,1.0,Lloyd,0.0005315147912483553
rubble,Lloyd,10,800,0.02,0.05,0.2,,26,0.3,0.2,2.0,20,0,0.22346368715083798,0.22674581005586592,0.4155027932960894,100.0,0.6,0.1,42.845023596923745,0.008,0.7407407407407407,8,3.8469120967399797,0.287331880888856,3.2469120967399796,2.7588015895292193,1.0,Lloyd,0.0005218430199988688
rubble,Lloyd,10,800,0.02,0.05,0.2,,27,0.3,0.2,2.0,20,0,0.30656424581005587,0.30478351955307265,0.4350558659217877,120.0,0.8,0.1,43.216599486541774,0.006875,0.9954648526077097,10,3.7969394936123493,0.22340334281022475,3.1969394936123487,2.9156866156387746,1.0,Lloyd,0.0005092221349991633
rubble,Lloyd,10,800,0.02,0.05,0.2,,28,0.3,0.2,2.0,20,0,0.2723463687150838,0.27304469273743015,0.4036312849162011,220.0,0.8,0.1,45.92916711328132,0.00525,0.8823529411764705,9,3.7886262535269424,0.27793330260365107,3.1886262535269423,3.029476619735666,1.0,Lloyd,0.0004956640625005094
rubble,Lloyd,10,800,0.02,0.05,0.2,,29,0.3,0.2,2.0,20,0,0.2779329608938548,0.27646648044692745,0.4029329608938548,120.0,0.6,0.0,47.273749312545235,0.01125,0.9320843091334896,9,4.267291322023097,0.17149992377057854,3.6672913220230976,3.501147415914805,1.0,Lloyd,0.0005125432287491094
rubble,Lloyd,30,800,0.02,0.05,0.2,,0,0.3,0.2,2.0,20,0,0.4965083798882682,0.4957751396648044,0.5481843575418994,120.0,1.2666666666666666,0.16666666666666666,42.07498064639148,0.019791666666666666,0.984764542936288,25,2.3579756977720767,0.31111576139423053,1.7579756977720769,1.684964347686547,1.0,Lloyd,0.0005925906250013214
rubble,Lloyd,30,800,0.02,0.05,0.2,,1,0.3,0.2,2.0,20,0,0.47416201117318435,0.4688198324022347,0.5328212290502793,120.0,1.3,0.03333333333333333,39.626269515597166,0.034916666666666665,0.9897959183673469,24,2.3705483937077196,0.33147517670489357,1.7705483937077193,1.7335941977819815,1.0,Lloyd,0.0006071777600004679
rubble,Lloyd,30,800,0.02,0.05,0.2,,2,0.3,0.2,2.0,20,0,0.48743016759776536,0.48722067039106143,0.5272346368715084,100.0,1.6666666666666667,0.06666666666666667,38.536175250194326,0.02075,1.0072150072150072,26,2.279364787127599,0.36908690527496124,1.6793647871275987,1.484808799825341,1.0,Lloyd,0.0005843166674981148
rubble,Lloyd,30,800,0.02,0.05,0.2,,3,0.3,0.2,2.0,20,0,0.4643854748603352,0.461731843575419,0.5579608938547486,120.0,1.4333333333333333,0.6666666666666666,40.754993003847375,0.027625,0.9197786998616874,21,2.7845669433578104,0.2904887401581904,2.1845669433578103,1.8763678301236388,1.0,Lloyd,0.0005890720825004792
rubble,Lloyd,30,800,0.02,0.05,0.2,,4,0.3,0.2,2.0,20,0,0.48393854748603354,0.4798882681564246,0.553072625698324,120.0,1.6,0.8333333333333334,40.10064019552944,0.03383333333333333,1.0087336244541485,25,2.3800120882174984,0.36019657233556623,1.7800120882174986,1.5628412160861194,1.0,Lloyd,0.0006049265112505964
rubble,Lloyd,30,800,0.02,0.05,0.2,,5,0.3,0.2,2.0,20,0,0.4930167597765363,0.49165502793296084,0.5460893854748603,120.0,1.3,0.26666666666666666,41.09750834812173,0.04870833333333333,0.9791955617198335,25,2.2993425664013927,0.3535100195392303,1.6993425664013926,1.371835621279844,1.0,Lloyd,0.0006152065624996794
rubble,Lloyd,30,800,0.02,0.05,0.2,,7,0.3,0.2,2.0,20,0,0.48114525139664804,0.4769902234636871,0.5446927374301676,140.0,1.4333333333333333,0.13333333333333333,38.106642664232574,0.036208333333333335,0.9942279942279941,22,2.647405950959112,0.24869629144344738,2.047405950959111,1.8236109700559275,1.0,Lloyd,0.0005855792187503539
rubble,Lloyd,30,800,0.02,0.05,0.2,,6,0.3,0.2,2.0,20,0,0.5027932960893855,0.5033170391061452,0.5467877094972067,140.0,1.4333333333333333,1.2666666666666666,38.343543439281106,0.03966666666666667,0.979591836734694,23,2.507111238095911,0.263987371131947,1.9071112380959112,1.7837499770516465,1.0,Lloyd,0.0006141477074993418
rubble,Lloyd,30,800,0.02,0.05,0.2,,8,0.3,0.2,2.0,20,0,0.46089385474860334,0.4589385474860335,0.5111731843575419,100.0,1.1666666666666667,0.06666666666666667,39.3867814354816,0.026083333333333333,0.9880239520958084,22,2.4998899416137066,0.33420801920599846,1.8998899416137063,1.8468317560006757,1.0,Lloyd,0.0006144353125000635
rubble,Lloyd,30,800,0.02,0.05,0.2,,9,0.3,0.2,2.0,20,0,0.47067039106145253,0.4701117318435754,0.5139664804469274,100.0,1.7,0.0,40.154478978501665,0.025958333333333333,1.0089820359281438,27,2.1495292433163704,0.35389219393128574,1.54952924331637,1.3346179056088205,1.0,Lloyd,0.0006274276049998661
rubble,Lloyd,30,800,0.02,0.05,0.2,,10,0.3,0.2,2.0,20,0,0.48114525139664804,0.4813547486033518,0.5286312849162011,120.0,1.4333333333333333,0.03333333333333333,37.75002255436946,0.0565,1.0014534883720931,26,2.3754697409050785,0.3130656318527484,1.7754697409050786,1.5223127979084474,1.0,Lloyd,0.0006253382287513886
rubble,Lloyd,30,800,0.02,0.05,0.2,,12,0.3,0.2,2.0,20,0,0.4713687150837989,0.4605097765363128,0.5223463687150838,100.0,1.2,0.8333333333333334,41.18375256245646,0.023125,1.0059612518628913,24,2.376029978689337,0.30890864078384556,1.776029978689337,1.4867024715446535,1.0,Lloyd,0.0006228396875008002
rubble,Lloyd,30,800,0.02,0.05,0.2,,11,0.3,0.2,2.0,20,0,0.48393854748603354,0.47838687150837983,0.5460893854748603,120.0,1.5333333333333334,0.03333333333333333,38.99149792215236,0.03175,1.0043478260869565,24,2.486187164919342,0.33694365336145854,1.886187164919342,1.6581398600339727,1.0,Lloyd,0.0006397707812516273
rubble,Lloyd,30,800,0.02,0.05,0.2,,13,0.3,0.2,2.0,20,0,0.47416201117318435,0.4752094972067039,0.5439944134078212,140.0,1.6666666666666667,1.0333333333333334,40.94557114104647,0.03641666666666667,0.9430555555555555,23,2.471578081726151,0.32724700132152273,1.8715780817261503,1.5775768804747545,1.0,Lloyd,0.0006286626562496167
rubble,Lloyd,30,800,0.02,0.05,0.2,,14,0.3,0.2,2.0,20,0,0.46368715083798884,0.46057960893854755,0.5356145251396648,140.0,1.5666666666666667,0.06666666666666667,39.33808362226742,0.043708333333333335,0.9391796322489392,23,2.41094733012154,0.32291617192994976,1.8109473301215397,1.5951174940978796,1.0,Lloyd,0.0006277871349993803
rubble,Lloyd,30,800,0.02,0.05,0.2,,15,0.3,0.2,2.0,20,0,0.4685754189944134,0.4676326815642458,0.5370111731843575,120.0,1.5333333333333334,0.1,39.44378403646817,0.030791666666666665,0.9682539682539683,23,2.5550813294920554,0.31104876674449755,1.9550813294920553,1.7970996985092955,1.0,Lloyd,0.0005464311450009518
rubble,Lloyd,30,800,0.02,0.05,0.2,,16,0.3,0.2,2.0,20,0,0.48324022346368717,0.47594273743016763,0.5286312849162011,100.0,1.6,0.06666666666666667,39.064619192977574,0.02675,1.0297619047619049,22,2.5847857441652295,0.2521424852453171,1.9847857441652292,1.8383815035349513,1.0,Lloyd,0.0005679627599988635
rubble,Lloyd,30,800,0.02,0.05,0.2,,17,0.3,0.2,2.0,20,0,0.4622905027932961,0.46054469273743015,0.5258379888268156,100.0,1.1333333333333333,0.06666666666666667,39.10191261255417,0.022708333333333334,1.0030303030303032,21,2.6153591174084547,0.2791260818734178,2.0153591174084546,1.9387158411628271,1.0,Lloyd,0.000568242396250298
rubble,Lloyd,30,800,0.02,0.05,0.2,,19,0.3,0.2,2.0,20,0,0.4720670391061452,0.4712639664804469,0.5314245810055865,100.0,1.2666666666666666,0.1,38.96520623627119,0.03845833333333333,1.03206106870229,25,2.3642051113221156,0.33660115257353485,1.7642051113221158,1.3213026680989555,1.0,Lloyd,0.0005519487500009745
rubble,Lloyd,30,800,0.02,0.05,0.2,,18,0.3,0.2,2.0,20,0,0.47835195530726254,0.4736731843575419,0.5391061452513967,120.0,1.4666666666666666,0.13333333333333333,39.245844018224076,0.03220833333333333,0.9856115107913669,25,2.4112853196018187,0.3817487986579409,1.8112853196018184,1.581087112089457,1.0,Lloyd,0.0005821834375001344
rubble,Lloyd,30,800,0.02,0.05,0.2,,20,0.3,0.2,2.0,20,0,0.4685754189944134,0.46553770949720674,0.5125698324022346,100.0,1.4,0.13333333333333333,39.58718251766114,0.030333333333333334,0.9970282317979198,26,2.1581201283836027,0.37154000436070916,1.5581201283836021,1.2736791261683078,1.0,Lloyd,0.0005595362500002921
rubble,Lloyd,30,800,0.02,0.05,0.2,,21,0.3,0.2,2.0,20,0,0.5062849162011173,0.5045041899441342,0.5467877094972067,120.0,1.1333333333333333,0.9,39.53219099191623,0.037125,0.9986225895316805,25,2.3731060232432926,0.2890999001857277,1.773106023243293,1.6286425348572715,1.0,Lloyd,0.0005654881250006838
rubble,Lloyd,30,800,0.02,0.05,0.2,,22,0.3,0.2,2.0,20,0,0.49511173184357543,0.4876745810055866,0.5502793296089385,120.0,1.7333333333333334,0.1,39.449372634541575,0.023833333333333335,1.033527696793003,22,2.6729010110176135,0.23464175475200363,2.072901011017614,1.939088021660631,1.0,Lloyd,0.0005338655737500631
rubble,Lloyd,30,800,0.02,0.05,0.2,,23,0.3,0.2,2.0,20,0,0.4685754189944134,0.46679469273743024,0.5069832402234636,120.0,1.5666666666666667,0.03333333333333333,41.205708328418154,0.028541666666666667,0.9970282317979198,27,2.191287689366372,0.33804629796472124,1.591287689366372,1.3331262298845492,1.0,Lloyd,0.0005421917712510549
rubble,Lloyd,30,800,0.02,0.05,0.2,,24,0.3,0.2,2.0,20,0,0.4755586592178771,0.47353351955307266,0.5446927374301676,120.0,1.3,0.13333333333333333,40.70288908260633,0.031875,0.988388969521045,22,2.611637982576305,0.29205805282909797,2.011637982576305,1.7540383593924171,1.0,Lloyd,0.000533136458750505
rubble,Lloyd,30,800,0.02,0.05,0.2,,25,0.3,0.2,2.0,20,0,0.5083798882681564,0.504608938547486,0.5495810055865922,120.0,1.5,0.16666666666666666,39.320000889549355,0.044125,1.067448680351906,25,2.401987822999299,0.26468509126497675,1.8019878229992992,1.6683654788600464,1.0,Lloyd,0.0005528267712497836
rubble,Lloyd,30,800,0.02,0.05,0.2,,26,0.3,0.2,2.0,20,0,0.49022346368715086,0.4872905027932961,0.5356145251396648,120.0,1.3333333333333333,0.06666666666666667,41.82865230180092,0.019791666666666666,1.002857142857143,25,2.3592257960333813,0.3189008634830353,1.7592257960333813,1.5496439301810616,1.0,Lloyd,0.0005624879687502471
rubble,Lloyd,30,800,0.02,0.05,0.2,,27,0.3,0.2,2.0,20,0,0.505586592178771,0.504923184357542,0.5558659217877095,120.0,1.3333333333333333,0.9,41.63946376451688,0.02325,0.9863760217983653,25,2.333159920158523,0.2969740565571906,1.7331599201585226,1.7207934524671793,1.0,Lloyd,0.0005151213012482003
rubble,Lloyd,30,800,0.02,0.05,0.2,,29,0.3,0.2,2.0,20,0,0.4727653631284916,0.469727653631285,0.5418994413407822,140.0,1.2,0.03333333333333333,41.31327731763001,0.027875,0.9699140401146131,25,2.2846087632865406,0.341471063730483,1.6846087632865405,1.5171089302962537,1.0,Lloyd,0.0005591718237496935
rubble,Lloyd,30,800,0.02,0.05,0.2,,28,0.3,0.2,2.0,20,0,0.4685754189944134,0.46581703910614525,0.5286312849162011,100.0,1.3666666666666667,0.1,37.4680504463656,0.034625,0.9970282317979198,24,2.4497399004197966,0.32396951427236775,1.8497399004197963,1.704829329083254,1.0,Lloyd,0.0005688714574989717
rubble,Lloyd,60,800,0.02,0.05,0.2,,0,0.3,0.2,2.0,20,0,0.5544692737430168,0.553282122905028,0.5893854748603352,140.0,1.8333333333333333,0.11666666666666667,34.93623275981925,0.044895833333333336,0.9863354037267081,46,1.6117417984986055,0.3364368753004826,1.0117417984986061,0.7700774021684748,1.0,Lloyd,0.0007161546874999658
rubble,Lloyd,60,800,0.02,0.05,0.2,,1,0.3,0.2,2.0,20,0,0.5286312849162011,0.5268854748603352,0.5726256983240223,100.0,1.8,0.06666666666666667,34.12624364618771,0.05520833333333333,0.9908376963350787,49,1.5870061556524195,0.4420270944643998,0.9870061556524196,0.8695795119505195,1.0,Lloyd,0.0007576258862491158
rubble,Lloyd,60,800,0.02,0.05,0.2,,2,0.3,0.2,2.0,20,0,0.5335195530726257,0.5333100558659218,0.5726256983240223,100.0,2.1333333333333333,0.1,37.15046700699681,0.048541666666666664,1.0119205298013243,54,1.455439628826258,0.4365937779257718,0.8554396288262582,0.6538407676566309,1.0,Lloyd,0.000736243333751645
rubble,Lloyd,60,800,0.02,0.05,0.2,,3,0.3,0.2,2.0,20,0,0.4790502793296089,0.4800977653631285,0.5551675977653632,80.0,1.95,0.5666666666666667,34.06534921754127,0.051,0.9436038514442916,44,1.6058487482271169,0.5115650202870629,1.005848748227117,0.8012472964426229,1.0,Lloyd,0.0007524635937511448
rubble,Lloyd,60,800,0.02,0.05,0.2,,4,0.3,0.2,2.0,20,0,0.5083798882681564,0.5056215083798883,0.5649441340782123,80.0,1.8833333333333333,0.06666666666666667,34.36775436398873,0.06847916666666666,0.9972602739726028,48,1.5504672065432217,0.5100902930080347,0.9504672065432215,0.6561043321286038,1.0,Lloyd,0.0007777479162496092
rubble,Lloyd,60,800,0.02,0.05,0.2,,5,0.3,0.2,2.0,20,0,0.5607541899441341,0.561522346368715,0.5865921787709497,200.0,1.75,0.1,37.43712454859773,0.08070833333333334,0.9950433705080545,51,1.5242564049595781,0.34734435930188656,0.9242564049595784,0.8989136421710492,1.0,Lloyd,0.0008124398962490886
rubble,Lloyd,60,800,0.02,0.05,0.2,,6,0.3,0.2,2.0,20,0,0.5607541899441341,0.5589036312849162,0.5831005586592178,200.0,1.7666666666666666,0.11666666666666667,35.24346120785003,0.06847916666666666,0.985276073619632,45,1.6770406242041793,0.2703846464921124,1.0770406242041795,0.9498106183432767,1.0,Lloyd,0.000765649271249913
rubble,Lloyd,60,800,0.02,0.05,0.2,,7,0.3,0.2,2.0,20,0,0.5523743016759777,0.5493016759776534,0.5858938547486033,120.0,1.8833333333333333,0.05,36.29354232428598,0.059625,0.9801734820322181,50,1.5679111837425261,0.3129292333380345,0.9679111837425265,0.7856329942508459,1.0,Lloyd,0.0007942188537481343
rubble,Lloyd,60,800,0.02,0.05,0.2,,8,0.3,0.2,2.0,20,0,0.5314245810055865,0.5319134078212291,0.571927374301676,120.0,2.033333333333333,0.016666666666666666,35.09045810437166,0.07054166666666667,0.9986876640419947,48,1.5773638580788596,0.445596958698567,0.9773638580788596,0.6582272725669528,1.0,Lloyd,0.0008095718750018932
rubble,Lloyd,60,800,0.02,0.05,0.2,,9,0.3,0.2,2.0,20,0,0.5027932960893855,0.5022695530726258,0.5481843575418994,80.0,1.9166666666666667,0.06666666666666667,35.84408188179503,0.07639583333333333,0.9944751381215469,48,1.5284039656214896,0.47360561787535105,0.9284039656214897,0.7364528005288029,1.0,Lloyd,0.0008247373437507122
rubble,Lloyd,60,800,0.02,0.05,0.2,,10,0.3,0.2,2.0,20,0,0.5237430167597765,0.5242318435754191,0.5810055865921788,120.0,1.7,0.05,36.485626721473864,0.042,0.929368029739777,49,1.6083940066090063,0.4894072754245278,1.0083940066090062,0.7817600975156053,1.0,Lloyd,0.0008364059899986386
rubble,Lloyd,60,800,0.02,0.05,0.2,,11,0.3,0.2,2.0,20,0,0.5405027932960894,0.540782122905028,0.5768156424581006,140.0,2.066666666666667,0.1,36.719604855541434,0.05708333333333333,1.010443864229765,54,1.4354638447084835,0.38395401943669866,0.8354638447084837,0.6664365675947062,1.0,Lloyd,0.000800298958752137
rubble,Lloyd,60,800,0.02,0.05,0.2,,12,0.3,0.2,2.0,20,0,0.5097765363128491,0.5091480446927373,0.5684357541899442,100.0,1.9166666666666667,0.03333333333333333,37.30308117902008,0.045083333333333336,0.9759358288770054,49,1.5502113382800264,0.5241659210376802,0.9502113382800264,0.7872967378329426,0.9591836734693877,Lloyd,0.0008761951562496506
rubble,Lloyd,60,800,0.02,0.05,0.2,,13,0.3,0.2,2.0,20,0,0.5195530726256983,0.5212290502793295,0.571927374301676,120.0,2.0166666666666666,0.08333333333333333,35.60540337864598,0.08333333333333333,0.9802371541501974,46,1.6606991020286421,0.5011600786900234,1.060699102028642,0.7757549593031692,1.0,Lloyd,0.0007958390099997814
rubble,Lloyd,60,800,0.02,0.05,0.2,,14,0.3,0.2,2.0,20,0,0.5167597765363129,0.5171089385474861,0.5635474860335196,80.0,1.9166666666666667,0.13333333333333333,34.90375269892927,0.06110416666666667,1.0150891632373116,49,1.5644045521699015,0.4628769568827217,0.9644045521699016,0.6472387375325023,1.0,Lloyd,0.0008049476049995974
rubble,Lloyd,60,800,0.02,0.05,0.2,,15,0.3,0.2,2.0,20,0,0.5293296089385475,0.5261173184357543,0.5677374301675978,100.0,2.35,0.08333333333333333,35.741985803630556,0.0611875,1.0631136044880787,48,1.589642142913549,0.43468925316400947,0.989642142913549,0.7141835311721138,1.0,Lloyd,0.0008208232287483952
rubble,Lloyd,60,800,0.02,0.05,0.2,,16,0.3,0.2,2.0,20,0,0.5041899441340782,0.4997905027932961,0.5621508379888268,100.0,1.5666666666666667,0.08333333333333333,36.00734794241777,0.05560416666666667,0.9756756756756757,44,1.665625859010892,0.4391703538269802,1.0656258590108922,0.7949887593936374,1.0,Lloyd,0.0007805447400005505
rubble,Lloyd,60,800,0.02,0.05,0.2,,17,0.3,0.2,2.0,20,0,0.571927374301676,0.5664455307262571,0.5886871508379888,100.0,1.65,0.1,36.64263619499416,0.0425,1.0581395348837208,49,1.5530932691131274,0.2514434498747371,0.9530932691131274,0.8786895991355722,1.0,Lloyd,0.0008324485937509962
rubble,Lloyd,60,800,0.02,0.05,0.2,,18,0.3,0.2,2.0,20,0,0.526536312849162,0.5243016759776535,0.5761173184357542,100.0,1.9833333333333334,0.1,34.5781327015803,0.06475,0.9960369881109643,43,1.6753879725726708,0.41569190269023953,1.0753879725726707,0.9125847505679671,1.0,Lloyd,0.0008200066137510476
rubble,Lloyd,60,800,0.02,0.05,0.2,,20,0.3,0.2,2.0,20,0,0.526536312849162,0.5261173184357542,0.5768156424581006,120.0,1.7666666666666666,0.11666666666666667,34.478333650448135,0.062125,0.9729032258064516,47,1.6772155454465352,0.4764611111579551,1.077215545446535,0.8620984664402503,1.0,Lloyd,0.0007842458325012558
rubble,Lloyd,60,800,0.02,0.05,0.2,,19,0.3,0.2,2.0,20,0,0.5328212290502793,0.5333798882681564,0.5824022346368715,100.0,1.6166666666666667,0.05,34.84012516312442,0.042645833333333334,0.9819819819819818,51,1.5199620995391747,0.4617639396256983,0.9199620995391747,0.6849464286164325,1.0,Lloyd,0.0008519923962512621
rubble,Lloyd,60,800,0.02,0.05,0.2,,22,0.3,0.2,2.0,20,0,0.5062849162011173,0.5027583798882682,0.5607541899441341,80.0,1.95,0.18333333333333332,34.79147440168993,0.06904166666666667,0.9823848238482383,47,1.5615351962976571,0.5382573064912195,0.9615351962976572,0.645253816832679,1.0,Lloyd,0.0007853650524998557
rubble,Lloyd,60,800,0.02,0.05,0.2,,21,0.3,0.2,2.0,20,0,0.5272346368715084,0.5262569832402234,0.5726256983240223,100.0,1.9833333333333334,0.16666666666666666,33.84672864825831,0.08233333333333333,1.012064343163539,47,1.6258889015380484,0.41724503844035726,1.025888901538048,0.8879543481331565,1.0,Lloyd,0.0008129303650002839
rubble,Lloyd,60,800,0.02,0.05,0.2,,23,0.3,0.2,2.0,20,0,0.5314245810055865,0.521054469273743,0.571927374301676,80.0,1.8166666666666667,0.016666666666666666,32.87404914392983,0.12754166666666666,1.080965909090909,44,1.6862828637498033,0.45429806389685323,1.0862828637498032,0.8420601424706662,1.0,Lloyd,0.0008401792187487444
rubble,Lloyd,60,800,0.02,0.05,0.2,,24,0.3,0.2,2.0,20,0,0.5062849162011173,0.5017108938547488,0.5565642458100558,80.0,1.75,0.08333333333333333,36.0142802503131,0.06089583333333334,1.0431654676258992,48,1.5596927725887557,0.524658121967471,0.9596927725887557,0.6700770669221342,1.0,Lloyd,0.0008190026562510866
rubble,Lloyd,60,800,0.02,0.05,0.2,,25,0.3,0.2,2.0,20,0,0.48463687150837986,0.48271648044692733,0.5446927374301676,80.0,2.7666666666666666,0.2,35.04568451638043,0.0885,1.0,51,1.4825202987040618,0.5894332783069972,0.8825202987040621,0.6632649178477817,1.0,Lloyd,0.0008693204162500478
rubble,Lloyd,60,800,0.02,0.05,0.2,,26,0.3,0.2,2.0,20,0,0.5118715083798883,0.5103351955307263,0.5614525139664804,100.0,1.9166666666666667,0.06666666666666667,35.98806217803027,0.05610416666666666,1.0367751060820367,50,1.5207473638771682,0.5041103799979764,0.9207473638771687,0.688853421058753,1.0,Lloyd,0.0008827972912490622
rubble,Lloyd,60,800,0.02,0.05,0.2,,27,0.3,0.2,2.0,20,0,0.5146648044692738,0.5114525139664804,0.571927374301676,100.0,1.8666666666666667,0.08333333333333333,35.302873898835585,0.03866666666666667,0.9748677248677249,41,1.7132863921457389,0.4648605004734578,1.113286392145739,0.9300579681309337,1.0,Lloyd,0.0007633329174996106
rubble,Lloyd,60,800,0.02,0.05,0.2,,28,0.3,0.2,2.0,20,0,0.5237430167597765,0.5198673184357543,0.5837988826815642,100.0,2.066666666666667,0.05,33.49541074551606,0.1271875,0.9881422924901184,53,1.5105871686220562,0.509140426224422,0.9105871686220566,0.8563389870793557,0.9433962264150944,Lloyd,0.0008528088549996937
rubble,Lloyd,60,800,0.02,0.05,0.2,,29,0.3,0.2,2.0,20,0,0.5006983240223464,0.5008379888268156,0.5544692737430168,100.0,2.316666666666667,0.4166666666666667,33.20238523627163,0.14914583333333334,0.9986072423398329,52,1.4861767847966367,0.5538970749644196,0.8861767847966362,0.6752767772730873,0.9423076923076923,Lloyd,0.0008703822924985616
rubble,Lloyd,90,800,0.02,0.05,0.2,,0,0.3,0.2,2.0,20,0,0.5649441340782123,0.5632332402234637,0.5824022346368715,120.0,2.566666666666667,0.022222222222222223,32.62745087346706,0.09634722222222222,1.0,76,1.150554751951458,0.45587724122540096,0.5505547519514583,0.4104117033748642,0.9736842105263158,Lloyd,0.0009445878125006856
rubble,Lloyd,90,800,0.02,0.05,0.2,,1,0.3,0.2,2.0,20,0,0.5272346368715084,0.5274092178770952,0.590782122905028,120.0,2.7777777777777777,0.12222222222222222,31.79747211483643,0.11731944444444445,0.9263803680981596,64,1.3410655552553603,0.5537898578306987,0.7410655552553602,0.5921340417024056,0.96875,Lloyd,0.0009552207299998372
rubble,Lloyd,90,800,0.02,0.05,0.2,,3,0.3,0.2,2.0,20,0,0.5740223463687151,0.5717527932960894,0.590782122905028,140.0,2.311111111111111,0.05555555555555555,32.11645013871763,0.08673611111111111,0.9939540507859733,68,1.3129063456644983,0.33493358494686554,0.7129063456644984,0.5922530585669307,1.0,Lloyd,0.0009009392712505359
rubble,Lloyd,90,800,0.02,0.05,0.2,,2,0.3,0.2,2.0,20,0,0.5300279329608939,0.5251745810055866,0.5712290502793296,80.0,2.433333333333333,0.08888888888888889,30.85557535627621,0.14393055555555556,1.0079681274900398,66,1.2732020382340345,0.5422896753211416,0.6732020382340345,0.5654032024136827,0.9696969696969697,Lloyd,0.0009271597924998786
rubble,Lloyd,90,800,0.02,0.05,0.2,,4,0.3,0.2,2.0,20,0,0.5698324022346368,0.5695530726256982,0.5844972067039106,120.0,2.888888888888889,0.06666666666666667,31.104922209438918,0.10968055555555556,0.9987760097919216,68,1.2681455354631266,0.34254928760605624,0.6681455354631269,0.5944739164041337,1.0,Lloyd,0.0008991704162485803
rubble,Lloyd,90,800,0.02,0.05,0.2,,5,0.3,0.2,2.0,20,0,0.571927374301676,0.5718226256983241,0.5879888268156425,120.0,2.3444444444444446,0.12222222222222222,32.862181237569,0.12420833333333334,0.9975639464068209,75,1.2092455879894897,0.41543852296958217,0.6092455879894894,0.4771327775315125,1.0,Lloyd,0.0008658939062502213
rubble,Lloyd,90,800,0.02,0.05,0.2,,6,0.3,0.2,2.0,20,0,0.5663407821229051,0.5555167597765364,0.5886871508379888,100.0,2.2666666666666666,0.18888888888888888,30.900455219837895,0.15727777777777777,1.0699208443271768,68,1.243425472920407,0.3441657959886821,0.6434254729204066,0.5357603902680803,1.0,Lloyd,0.0008879184887496195
rubble,Lloyd,90,800,0.02,0.05,0.2,,7,0.3,0.2,2.0,20,0,0.5195530726256983,0.5131284916201116,0.571927374301676,80.0,2.5444444444444443,0.14444444444444443,29.056284755437986,0.16422222222222221,1.017783857729138,66,1.292362927432252,0.5539832971367327,0.6923629274322516,0.5217735775803545,1.0,Lloyd,0.0008884239574990715
rubble,Lloyd,90,800,0.02,0.05,0.2,,8,0.3,0.2,2.0,20,0,0.5432960893854749,0.5409567039106145,0.5733240223463687,100.0,3.022222222222222,0.03333333333333333,33.74683302793093,0.10711111111111112,1.0236842105263158,70,1.2629836399462564,0.5125797536391552,0.662983639946256,0.49222130726820834,0.9428571428571428,Lloyd,0.0008618448437505322
rubble,Lloyd,90,800,0.02,0.05,0.2,,9,0.3,0.2,2.0,20,0,0.5405027932960894,0.5179469273743016,0.5733240223463687,80.0,2.6777777777777776,0.3,31.30605850228616,0.13748611111111111,1.0157480314960632,68,1.2515953233857153,0.4553160533023228,0.6515953233857152,0.4796247073107154,1.0,Lloyd,0.0009035726562501622
rubble,Lloyd,90,800,0.02,0.05,0.2,,10,0.3,0.2,2.0,20,0,0.5523743016759777,0.5420740223463686,0.5782122905027933,60.0,2.3555555555555556,0.044444444444444446,30.87851280768198,0.14093055555555556,1.0925414364640884,66,1.2708329049109672,0.37868959272988595,0.6708329049109674,0.5385522048001168,0.9393939393939394,Lloyd,0.0009077259374998903
rubble,Lloyd,90,800,0.02,0.05,0.2,,12,0.3,0.2,2.0,20,0,0.571927374301676,0.570286312849162,0.5998603351955307,140.0,2.522222222222222,0.08888888888888889,32.15879551458405,0.13233333333333333,0.977326968973747,72,1.2250376526066473,0.4287804704085434,0.6250376526066477,0.5070591211725216,1.0,Lloyd,0.000946642604999397
rubble,Lloyd,90,800,0.02,0.05,0.2,,11,0.3,0.2,2.0,20,0,0.5691340782122905,0.5689594972067039,0.5858938547486033,140.0,2.922222222222222,0.1111111111111111,32.78662806154264,0.16679166666666667,1.001228501228501,80,1.182119401331285,0.46193036227692064,0.5821194013312849,0.46761096637775157,0.9,Lloyd,0.0009710797399998228
rubble,Lloyd,90,800,0.02,0.05,0.2,,13,0.3,0.2,2.0,20,0,0.5614525139664804,0.563477653631285,0.5935754189944135,140.0,2.2777777777777777,0.1,32.165145483768555,0.14995833333333333,0.9792935444579781,69,1.2508712882573514,0.3644788560391552,0.6508712882573515,0.5123930673487619,1.0,Lloyd,0.0009423550525002611
rubble,Lloyd,90,800,0.02,0.05,0.2,,14,0.3,0.2,2.0,20,0,0.5418994413407822,0.5414804469273742,0.5865921787709497,140.0,2.7333333333333334,0.03333333333333333,32.93179078477772,0.15836111111111112,0.9544895448954489,73,1.2092327727299501,0.5618467354539766,0.60923277272995,0.48982960299891765,0.9178082191780822,Lloyd,0.0009413090625002951
rubble,Lloyd,90,800,0.02,0.05,0.2,,15,0.3,0.2,2.0,20,0,0.5551675977653632,0.5547486033519553,0.5879888268156425,100.0,2.1222222222222222,0.044444444444444446,29.90952149309996,0.13191666666666665,0.9742647058823531,67,1.2359752576331497,0.382672508433876,0.6359752576331498,0.5295645616900403,1.0,Lloyd,0.0009169110412494774
rubble,Lloyd,90,800,0.02,0.05,0.2,,16,0.3,0.2,2.0,20,0,0.5740223463687151,0.5730446927374301,0.5900837988826816,140.0,2.3666666666666667,0.06666666666666667,32.35657248314189,0.1540138888888889,1.0148148148148148,79,1.1746479689068532,0.411650625313381,0.5746479689068532,0.4627598911288805,0.9620253164556962,Lloyd,0.0010357804687509996
rubble,Lloyd,90,800,0.02,0.05,0.2,,17,0.3,0.2,2.0,20,0,0.5754189944134078,0.5557960893854748,0.5914804469273743,80.0,2.566666666666667,0.03333333333333333,33.61290690763457,0.1083888888888889,1.0771241830065361,72,1.2533352232532364,0.3819240843366818,0.6533352232532363,0.5259754315075263,0.9722222222222222,Lloyd,0.0010287313537492083
rubble,Lloyd,90,800,0.02,0.05,0.2,,18,0.3,0.2,2.0,20,0,0.4993016759776536,0.49800977653631284,0.5439944134078212,60.0,2.966666666666667,0.1111111111111111,30.672206295102487,0.18168055555555557,0.99721059972106,72,1.1774679191312187,0.57365322671488,0.5774679191312189,0.47016791023007276,0.9027777777777778,Lloyd,0.0010539699999981167
rubble,Lloyd,90,800,0.02,0.05,0.2,,19,0.3,0.2,2.0,20,0,0.5439944134078212,0.5426675977653631,0.5796089385474861,80.0,3.033333333333333,0.07777777777777778,32.31260887246179,0.14179166666666668,1.0386666666666666,74,1.2324130334878838,0.5534804919701043,0.6324130334878836,0.4385009900081742,0.918918918918919,Lloyd,0.0010558761974994012
rubble,Lloyd,90,800,0.02,0.05,0.2,,21,0.3,0.2,2.0,20,0,0.5335195530726257,0.5280377094972066,0.5747206703910615,80.0,2.6333333333333333,0.07777777777777778,30.609623572724825,0.1728888888888889,1.0065876152832673,62,1.3554357035371243,0.5519808790406455,0.755435703537124,0.5420048503820887,1.0,Lloyd,0.0010217789587500191
rubble,Lloyd,90,800,0.02,0.05,0.2,,20,0.3,0.2,2.0,20,0,0.5572625698324022,0.5563198324022346,0.5810055865921788,180.0,2.8555555555555556,0.13333333333333333,33.04965134259018,0.1465,1.00251256281407,73,1.2181088387725738,0.39140239697899365,0.6181088387725742,0.4914234633972955,1.0,Lloyd,0.001038528177500666
rubble,Lloyd,90,800,0.02,0.05,0.2,,22,0.3,0.2,2.0,20,0,0.5663407821229051,0.5468226256983241,0.5914804469273743,100.0,2.811111111111111,0.07777777777777778,34.56746531954,0.1529861111111111,1.0304955527318933,77,1.1429543012901435,0.4078496336482477,0.5429543012901434,0.39349032347118296,0.948051948051948,Lloyd,0.0010408629174980888
rubble,Lloyd,90,800,0.02,0.05,0.2,,23,0.3,0.2,2.0,20,0,0.5614525139664804,0.5601256983240224,0.5893854748603352,120.0,3.2888888888888888,0.05555555555555555,33.184781862247405,0.12013888888888889,0.9828850855745722,69,1.2378020182801128,0.37795385489608774,0.6378020182801127,0.5663257687951494,0.9710144927536232,Lloyd,0.0010404170312517636
rubble,Lloyd,90,800,0.02,0.05,0.2,,24,0.3,0.2,2.0,20,0,0.5174581005586593,0.5174930167597764,0.5803072625698324,100.0,2.9555555555555557,0.03333333333333333,30.176149419794697,0.17854166666666665,0.9536679536679536,66,1.268661432551261,0.5833186238980875,0.6686614325512612,0.4574998725324063,0.9696969696969697,Lloyd,0.0010150321874994007
rubble,Lloyd,90,800,0.02,0.05,0.2,,25,0.3,0.2,2.0,20,0,0.5321229050279329,0.5337290502793297,0.5733240223463687,80.0,3.1444444444444444,0.044444444444444446,31.223769424719865,0.21763888888888888,1.0255720053835802,74,1.1595031663927022,0.6018548288012882,0.5595031663927024,0.35911392153507216,0.8243243243243243,Lloyd,0.0010954545312506525
rubble,Lloyd,90,800,0.02,0.05,0.2,,26,0.3,0.2,2.0,20,0,0.5090782122905028,0.5094622905027932,0.5698324022346368,80.0,3.033333333333333,0.15555555555555556,31.066419178178425,0.13527777777777777,0.9516971279373369,70,1.2212952961755934,0.6385101475594741,0.6212952961755936,0.36085970894401126,0.8571428571428571,Lloyd,0.0010584513537514795
rubble,Lloyd,90,800,0.02,0.05,0.2,,27,0.3,0.2,2.0,20,0,0.5286312849162011,0.5278980446927375,0.5684357541899442,60.0,2.688888888888889,0.044444444444444446,31.265855856892404,0.15580555555555556,1.0768136557610244,76,1.1951699712549682,0.6133284709256172,0.5951699712549682,0.4915413512682578,0.8947368421052632,Lloyd,0.0010657651050019013
rubble,Lloyd,90,800,0.02,0.05,0.2,,28,0.3,0.2,2.0,20,0,0.5740223463687151,0.5707751396648045,0.5886871508379888,120.0,2.5444444444444443,0.05555555555555555,32.40668350396208,0.14420833333333333,1.0300751879699248,78,1.181968464867907,0.38195561073776585,0.581968464867907,0.5287051894751308,1.0,Lloyd,0.0010507717187488196
rubble,Lloyd,90,800,0.02,0.05,0.2,,29,0.3,0.2,2.0,20,0,0.5635474860335196,0.5656075418994413,0.5865921787709497,160.0,3.2444444444444445,0.08888888888888889,33.65364314102091,0.14818055555555557,1.0024844720496895,75,1.213865230053235,0.4397902701279929,0.613865230053235,0.5105649302805507,1.0,Lloyd,0.0010824887500007208
rubble,Lloyd,120,800,0.02,0.05,0.2,,0,0.3,0.2,2.0,20,0,0.5747206703910615,0.5756284916201116,0.5942737430167597,80.0,3.0166666666666666,0.11666666666666667,31.274376401339616,0.17540625,0.9963680387409201,96,1.039321126674787,0.38124910489748837,0.439321126674787,0.3126519234700137,0.9479166666666666,Lloyd,0.0012400147399989692
rubble,Lloyd,120,800,0.02,0.05,0.2,,1,0.3,0.2,2.0,20,0,0.6522346368715084,0.6478351955307263,0.7039106145251397,320.0,3.175,0.058333333333333334,32.06684858244856,0.18523958333333335,0.9925611052072264,97,1.1190964755684287,0.6454809239613385,0.5190964755684286,0.3188940725675814,0.865979381443299,Lloyd,0.0012259303649989307
rubble,Lloyd,120,800,0.02,0.05,0.2,,2,0.3,0.2,2.0,20,0,0.5747206703910615,0.571159217877095,0.5914804469273743,200.0,3.1333333333333333,0.08333333333333333,29.431540618315037,0.24104166666666665,1.0313283208020052,94,1.0591435694468812,0.4028222385893102,0.4591435694468812,0.3331868071965692,0.9574468085106383,Lloyd,0.001236094738749216
rubble,Lloyd,120,800,0.02,0.05,0.2,,3,0.3,0.2,2.0,20,0,0.5370111731843575,0.5379888268156425,0.5803072625698324,120.0,4.033333333333333,0.4083333333333333,29.34590226858901,0.27967708333333335,0.9871630295250322,98,0.9969142009049531,0.5917877310847152,0.396914200904953,0.27489401338615327,0.7448979591836735,Lloyd,0.0012227378124998723
rubble,Lloyd,120,800,0.02,0.05,0.2,,5,0.3,0.2,2.0,20,0,0.5726256983240223,0.5684706703910616,0.5844972067039106,80.0,3.4833333333333334,0.175,29.324091351360043,0.285125,1.0288582183186952,98,1.0070437066739866,0.39910108267022537,0.4070437066739864,0.31652886279459524,0.8571428571428571,Lloyd,0.0011212646362514533
rubble,Lloyd,120,800,0.02,0.05,0.2,,4,0.3,0.2,2.0,20,0,0.5691340782122905,0.5670740223463686,0.5865921787709497,100.0,3.7333333333333334,0.11666666666666667,30.09606857937271,0.2768333333333333,1.0,101,0.9862985919728448,0.4677899056443651,0.3862985919728449,0.2735971402077645,0.8415841584158416,Lloyd,0.0011640399999987493
rubble,Lloyd,120,800,0.02,0.05,0.2,,6,0.3,0.2,2.0,20,0,0.6655027932960894,0.6116969273743017,0.7150837988826816,100.0,3.033333333333333,0.058333333333333334,30.5319242729912,0.25025,1.1912500000000001,97,1.1268246131562636,0.5882962240188416,0.5268246131562637,0.322600768035728,0.8556701030927835,Lloyd,0.001081002603750676
rubble,Lloyd,120,800,0.02,0.05,0.2,,7,0.3,0.2,2.0,20,0,0.5698324022346368,0.5693784916201117,0.5928770949720671,100.0,3.808333333333333,0.075,28.812671386807242,0.23607291666666666,0.9866989117291414,94,1.0397617711343665,0.45938227578235996,0.4397617711343667,0.32353523397579015,0.925531914893617,Lloyd,0.0010810315624985379
rubble,Lloyd,120,800,0.02,0.05,0.2,,8,0.3,0.2,2.0,20,0,0.5614525139664804,0.5625698324022346,0.5768156424581006,180.0,2.9833333333333334,0.14166666666666666,28.30798759162777,0.23551041666666667,0.9975186104218362,98,1.0172418442566808,0.4397155391297496,0.41724184425668115,0.3198617449407155,0.8979591836734694,Lloyd,0.001046394896250149
rubble,Lloyd,120,800,0.02,0.05,0.2,,9,0.3,0.2,2.0,20,0,0.5768156424581006,0.575,0.5879888268156425,80.0,3.075,0.05,30.628520815047448,0.24789583333333334,1.0036452004860268,101,0.9981691569775613,0.4726702254114273,0.3981691569775612,0.305093272779037,0.7623762376237624,Lloyd,0.0010572395824988234
rubble,Lloyd,120,800,0.02,0.05,0.2,,10,0.3,0.2,2.0,20,0,0.5782122905027933,0.5666201117318436,0.5949720670391061,100.0,3.7083333333333335,0.03333333333333333,30.79141700859336,0.21614583333333334,1.0337078651685394,96,1.052974327670906,0.48646098885840683,0.4529743276709062,0.322599480435628,0.8958333333333334,Lloyd,0.0010665136462512236
rubble,Lloyd,120,800,0.02,0.05,0.2,,12,0.3,0.2,2.0,20,0,0.547486033519553,0.5464036312849162,0.5893854748603352,120.0,2.941666666666667,0.08333333333333333,28.312645372298515,0.23852083333333332,0.9468599033816424,89,1.0753825923590026,0.5569994893401472,0.4753825923590025,0.34529179095947005,0.8314606741573034,Lloyd,0.0010873933337506969
rubble,Lloyd,120,800,0.02,0.05,0.2,,11,0.3,0.2,2.0,20,0,0.5698324022346368,0.5672136871508379,0.5935754189944135,100.0,3.2916666666666665,0.08333333333333333,29.94711211434466,0.21197916666666666,0.9843184559710493,97,1.0155646309968356,0.4006281770838067,0.4155646309968358,0.3264565706467405,0.8762886597938144,Lloyd,0.0011172502612498648
rubble,Lloyd,120,800,0.02,0.05,0.2,,13,0.3,0.2,2.0,20,0,0.6501396648044693,0.6072974860335196,0.7018156424581006,100.0,2.9916666666666667,0.09166666666666666,28.77754627935369,0.28192708333333333,1.1381418092909537,97,1.1410419228837483,0.722659480113659,0.5410419228837481,0.3104799622612908,0.8247422680412371,Lloyd,0.0011381146349981463
rubble,Lloyd,120,800,0.02,0.05,0.2,,14,0.3,0.2,2.0,20,0,0.5677374301675978,0.5678770949720671,0.5921787709497207,160.0,3.2333333333333334,0.05,29.34544053336554,0.246125,0.9854545454545455,98,0.9963203475134763,0.48873310981581214,0.3963203475134762,0.2816859080475162,0.8979591836734694,Lloyd,0.0011216465100005735
rubble,Lloyd,120,800,0.02,0.05,0.2,,15,0.3,0.2,2.0,20,0,0.5614525139664804,0.536941340782123,0.5858938547486033,60.0,3.75,0.075,28.456910237245918,0.3141041666666667,1.1182197496522948,94,1.0390964971381393,0.5304967797723809,0.4390964971381394,0.3268067915966868,0.7553191489361702,Lloyd,0.00118511604124933
rubble,Lloyd,120,800,0.02,0.05,0.2,,16,0.3,0.2,2.0,20,0,0.49511173184357543,0.49504189944134075,0.5509776536312849,60.0,3.3333333333333335,0.058333333333333334,27.547298439143102,0.315,1.0014124293785311,96,1.0142009020743437,0.7018052284395812,0.4142009020743435,0.2368573895530831,0.8333333333333334,Lloyd,0.001198768646249846
rubble,Lloyd,120,800,0.02,0.05,0.2,,17,0.3,0.2,2.0,20,0,0.651536312849162,0.6471717877094971,0.7108938547486033,300.0,3.275,0.08333333333333333,31.65096965853406,0.21358333333333332,1.0,100,1.1307626231543226,0.6791685951137788,0.5307626231543228,0.30559533642925407,0.88,Lloyd,0.0011938755212486285
rubble,Lloyd,120,800,0.02,0.05,0.2,,18,0.3,0.2,2.0,20,0,0.5621508379888268,0.5599511173184357,0.585195530726257,120.0,4.325,0.06666666666666667,30.609035069385737,0.28171875,0.9805115712545677,102,0.9851891989832546,0.49895247335394316,0.38518919898325465,0.25266896789611093,0.8333333333333334,Lloyd,0.0012703832812485415
rubble,Lloyd,120,800,0.02,0.05,0.2,,19,0.3,0.2,2.0,20,0,0.5754189944134078,0.5612430167597765,0.5872905027932961,80.0,3.075,0.05,29.641113912122588,0.24844791666666666,1.074315514993481,96,1.0267559624490736,0.432550138159645,0.42675596244907354,0.33209142755398974,0.84375,Lloyd,0.0012434989587495693
rubble,Lloyd,120,800,0.02,0.05,0.2,,20,0.3,0.2,2.0,20,0,0.5761173184357542,0.5746159217877096,0.590782122905028,280.0,3.5833333333333335,0.08333333333333333,29.566009399935282,0.2673333333333333,1.0,98,1.0259121648317335,0.4725557813206946,0.4259121648317335,0.2647682630422319,0.8775510204081632,Lloyd,0.0012206341137493838
rubble,Lloyd,120,800,0.02,0.05,0.2,,21,0.3,0.2,2.0,20,0,0.5656424581005587,0.543959497206704,0.590782122905028,120.0,3.275,0.075,29.87522143188423,0.2226875,1.0112359550561798,90,1.0893745102034873,0.40918220383782106,0.48937451020348727,0.33712708141948994,1.0,Lloyd,0.0012128833849988042
rubble,Lloyd,120,800,0.02,0.05,0.2,,22,0.3,0.2,2.0,20,0,0.571927374301676,0.5703910614525138,0.5879888268156425,80.0,4.5,0.175,32.32311789552278,0.23254166666666667,1.006142506142506,107,0.9775418263369319,0.47787409613880266,0.37754182633693195,0.26225737928240855,0.7757009345794392,Lloyd,0.001203241875000458
rubble,Lloyd,120,800,0.02,0.05,0.2,,23,0.3,0.2,2.0,20,0,0.5837988826815642,0.5759078212290504,0.5942737430167597,100.0,3.183333333333333,0.15,29.178299145842978,0.28925,1.0257668711656442,101,1.0147740682695843,0.36639046180298873,0.4147740682695846,0.3036635339143612,0.9801980198019802,Lloyd,0.0012008197925001695
rubble,Lloyd,120,800,0.02,0.05,0.2,,24,0.3,0.2,2.0,20,0,0.5614525139664804,0.5574022346368716,0.5914804469273743,100.0,2.183333333333333,0.4,27.107858250163897,0.26195833333333335,1.0138713745271122,89,1.070183694124958,0.4822458229882924,0.47018369412495803,0.3299975518683601,0.8202247191011236,Lloyd,0.0011129905200004942
rubble,Lloyd,120,800,0.02,0.05,0.2,,25,0.3,0.2,2.0,20,0,0.5747206703910615,0.5714385474860334,0.590782122905028,120.0,3.841666666666667,0.03333333333333333,29.65610045285025,0.24698958333333335,1.0073439412484702,94,1.0536485694291673,0.3998853845885938,0.4536485694291673,0.35302648721283647,0.8617021276595744,Lloyd,0.0011079722399995261
rubble,Lloyd,120,800,0.02,0.05,0.2,,26,0.3,0.2,2.0,20,0,0.5439944134078212,0.5352653631284916,0.5782122905027933,60.0,3.558333333333333,0.058333333333333334,29.675346763359606,0.21494791666666666,1.0116883116883115,91,1.0618757852901268,0.5951519010519662,0.4618757852901269,0.30217956766001697,0.9230769230769231,Lloyd,0.0010528334375021586
rubble,Lloyd,120,800,0.02,0.05,0.2,,27,0.3,0.2,2.0,20,0,0.5656424581005587,0.5659217877094972,0.5935754189944135,100.0,2.975,0.025,28.43897087737035,0.25326041666666665,0.9854014598540146,100,1.0271188876784085,0.5302311456865961,0.4271188876784086,0.30976414227522153,0.84,Lloyd,0.0009655592712488214
rubble,Lloyd,120,800,0.02,0.05,0.2,,28,0.3,0.2,2.0,20,0,0.577513966480447,0.5752793296089387,0.5921787709497207,80.0,3.808333333333333,0.09166666666666666,30.971830325639022,0.2711875,1.015970515970516,103,0.9779567325841337,0.42763587996097313,0.3779567325841338,0.28526884166529554,0.8058252427184466,Lloyd,0.0009541364062511093
rubble,Lloyd,120,800,0.02,0.05,0.2,,29,0.3,0.2,2.0,20,0,0.5831005586592178,0.5681215083798883,0.6012569832402235,60.0,2.975,0.16666666666666666,29.3891413988473,0.2537083333333333,1.1178045515394912,96,1.0817817455209395,0.4487653145650387,0.48178174552093966,0.339157224315262,0.875,Lloyd,0.0009069526562507235
