plan,controller,n_agents,steps,sway,sensor_noise,fail_frac,fail_step,seed,radius,vmax,cover_r,series_every,record_every,coverage,coverage_mean_2nd_half,explored,t90,collisions_per_agent,wall_hits_per_agent,path_per_agent,contact_frac,post_over_pre_fail,n_final,nn_mean,evenness_cv,gap_mean,gap_median,shyness,variant,sec_per_step
apartment,RW,60,800,0.0,0.05,0.2,,0,0.3,0.2,2.0,20,0,0.556640625,0.53662109375,0.93359375,340.0,5.983333333333333,0.6,52.92644406112966,0.17910416666666668,0.8541458541458541,44,1.5097194763921957,0.49768124662973157,0.909719476392196,0.677399538366597,1.0,RW,0.0009050211987482726
apartment,RW,60,800,0.0,0.05,0.2,,5,0.3,0.2,2.0,20,0,0.5833333333333334,0.5424479166666668,0.8795572916666666,380.0,6.533333333333333,0.8666666666666667,52.995485678458,0.1891875,0.9441517386722867,50,1.4261271312678871,0.6867087094318389,0.8261271312678875,0.4362254496515914,1.0,RW,0.0009045798437500708
apartment,RW,60,800,0.0,0.05,0.2,,2,0.3,0.2,2.0,20,0,0.5735677083333334,0.5429687500000001,0.9368489583333334,320.0,7.866666666666666,0.95,53.688567251700526,0.21077083333333332,1.066585956416465,46,1.5535659511267046,0.589190818974517,0.9535659511267048,0.7468697766297073,0.9565217391304348,RW,0.0009166556762488653
apartment,RW,60,800,0.0,0.05,0.2,,4,0.3,0.2,2.0,20,0,0.609375,0.5679036458333333,0.8912760416666666,280.0,8.016666666666667,0.9,56.58482143001477,0.21052083333333332,1.04,51,1.351471965842573,0.5013223873134839,0.7514719658425728,0.5903538289407085,0.9215686274509803,RW,0.0009151370837503236
apartment,RW,60,800,0.0,0.05,0.2,,3,0.3,0.2,2.0,20,0,0.5755208333333334,0.5079101562500001,0.8763020833333334,300.0,7.816666666666666,0.7166666666666667,56.323277560088876,0.212125,0.9505376344086022,53,1.574196815521383,0.7802337114051453,0.9741968155213827,0.4113777872872689,0.8679245283018868,RW,0.0009268928649998997
apartment,RW,60,800,0.0,0.05,0.2,,7,0.3,0.2,2.0,20,0,0.5813802083333334,0.5546549479166668,0.8333333333333334,300.0,7.083333333333333,0.6833333333333333,56.10287488156798,0.19239583333333332,0.9966517857142857,48,1.4689783353214902,0.7623116754131215,0.8689783353214903,0.3288384847415967,1.0,RW,0.0009103382812509154
apartment,RW,60,800,0.0,0.05,0.2,,6,0.3,0.2,2.0,20,0,0.4967447916666667,0.4769205729166667,0.822265625,260.0,7.733333333333333,0.5666666666666667,55.33070394810574,0.2045,0.981981981981982,48,1.4050724159188765,0.637927050140856,0.8050724159188766,0.3773404695530576,0.9583333333333334,RW,0.0009244658849979715
apartment,RW,60,800,0.0,0.05,0.2,,8,0.3,0.2,2.0,20,0,0.53125,0.5244140625000001,0.875,300.0,6.183333333333334,0.7833333333333333,52.45644586835213,0.176375,0.9251700680272109,43,1.3288380003397053,0.5970605424831649,0.7288380003397055,0.4488983704830757,0.9069767441860465,RW,0.0008991404162497929
apartment,RW,60,800,0.0,0.05,0.2,,1,0.3,0.2,2.0,20,0,0.5911458333333334,0.5559895833333334,0.9381510416666666,320.0,7.433333333333334,0.8166666666666667,51.58560409887922,0.20908333333333334,1.1596424010217115,49,1.3749651085116243,0.5446713841516935,0.7749651085116243,0.39916328994826467,0.9591836734693877,RW,0.0009464930212493527
apartment,RW,60,800,0.0,0.05,0.2,,9,0.3,0.2,2.0,20,0,0.4993489583333333,0.508984375,0.9205729166666666,300.0,6.783333333333333,0.8166666666666667,53.81457917899531,0.1775,0.8039832285115304,43,1.306118604140382,0.636522731583672,0.7061186041403821,0.3810296722476987,0.8604651162790697,RW,0.0005613981762485309
apartment,RW,60,800,0.0,0.05,0.2,,10,0.3,0.2,2.0,20,0,0.5279947916666666,0.5821940104166666,0.8815104166666666,260.0,6.233333333333333,0.6,52.98908394187103,0.20145833333333332,0.934331797235023,52,1.0176809759966579,0.5779113300187451,0.41768097599665777,0.16859852072741333,0.8461538461538461,RW,0.0005636436987492743
apartment,RW,60,800,0.0,0.05,0.2,,11,0.3,0.2,2.0,20,0,0.5625,0.5779947916666666,0.869140625,280.0,7.583333333333333,0.8,58.95681982896,0.1951875,0.9340540540540541,53,1.2103320590845907,0.5239225898193673,0.6103320590845909,0.422202217173678,0.9245283018867925,RW,0.0005774352074990929
apartment,RW,60,800,0.0,0.05,0.2,,12,0.3,0.2,2.0,20,0,0.5299479166666666,0.5152343750000001,0.9147135416666666,340.0,7.833333333333333,0.6166666666666667,54.403372737745585,0.20535416666666667,1.0356234096692112,50,1.2329741260065368,0.8055876761757786,0.6329741260065367,0.2481893321331332,0.92,RW,0.0005770770312506101
apartment,RW,60,800,0.0,0.05,0.2,,14,0.3,0.2,2.0,20,0,0.5540364583333334,0.5717122395833334,0.90234375,260.0,6.016666666666667,0.85,53.30176408838424,0.17227083333333335,0.9497767857142857,47,1.5425818767816395,0.6225219878943674,0.9425818767816394,0.6522228002668286,0.9574468085106383,RW,0.0005676708850000978
apartment,RW,60,800,0.0,0.05,0.2,,15,0.3,0.2,2.0,20,0,0.5364583333333334,0.5214518229166667,0.8834635416666666,300.0,6.766666666666667,0.7833333333333333,52.802055053189356,0.18739583333333334,1.0036540803897687,46,1.3534323581853491,0.5281182473960625,0.753432358185349,0.4287449166322793,1.0,RW,0.0005670836462513762
apartment,RW,60,800,0.0,0.05,0.2,,16,0.3,0.2,2.0,20,0,0.556640625,0.54658203125,0.955078125,240.0,7.933333333333334,0.8,54.055902944854225,0.19985416666666667,1.0276442307692308,48,1.3724124001027043,0.6632761427524592,0.7724124001027043,0.32039389472633795,0.9166666666666666,RW,0.0005671378637498492
apartment,RW,60,800,0.0,0.05,0.2,,13,0.3,0.2,2.0,20,0,0.5084635416666666,0.5279622395833332,0.9407552083333334,360.0,7.866666666666666,0.85,47.181676044119335,0.22239583333333332,0.9387019230769231,45,1.3716350266299764,0.7670297470556366,0.7716350266299767,0.30450614538408316,0.9555555555555556,RW,0.0005832823962509793
apartment,RW,60,800,0.0,0.05,0.2,,17,0.3,0.2,2.0,20,0,0.55078125,0.6036783854166667,0.9765625,300.0,6.983333333333333,0.7666666666666667,56.38473721267176,0.193375,0.9679633867276889,52,1.215535556689401,0.6518583993843978,0.6155355566894011,0.26299536053972855,0.8076923076923077,RW,0.0005860997924992262
apartment,RW,60,800,0.0,0.05,0.2,,19,0.3,0.2,2.0,20,0,0.5709635416666666,0.5513997395833334,0.8509114583333334,240.0,7.0,0.9833333333333333,55.518149156508386,0.188625,1.0894409937888199,47,1.509364299743966,0.532611394000204,0.9093642997439658,0.8149609968811612,0.9574468085106383,RW,0.0005498167699988699
apartment,RW,60,800,0.0,0.05,0.2,,18,0.3,0.2,2.0,20,0,0.4830729166666667,0.49918619791666663,0.826171875,300.0,8.033333333333333,0.7666666666666667,55.05140956163091,0.201,0.9561855670103092,47,1.1740936935649862,0.4819450318147403,0.5740936935649861,0.3158338846246056,1.0,RW,0.0005774981250010569
apartment,RW,60,800,0.0,0.05,0.2,,22,0.3,0.2,2.0,20,0,0.5436197916666666,0.5442708333333333,0.828125,280.0,7.8,0.8166666666666667,55.80771313092667,0.20954166666666665,1.001199040767386,50,1.1769710323735505,0.8102167237528654,0.5769710323735506,0.21739555875469674,0.86,RW,0.0005695287499997903
apartment,RW,60,800,0.0,0.05,0.2,,21,0.3,0.2,2.0,20,0,0.580078125,0.5295572916666667,0.9505208333333334,280.0,6.966666666666667,0.5,49.818060832248115,0.20904166666666665,1.1027227722772277,47,1.4977584563561044,0.6224312222984701,0.8977584563561046,0.7396302787565988,0.9574468085106383,RW,0.0005762959899993802
apartment,RW,60,800,0.0,0.05,0.2,,20,0.3,0.2,2.0,20,0,0.5716145833333334,0.507421875,0.91796875,220.0,7.4,0.75,49.09385493990121,0.2195625,1.1314432989690721,48,1.5932569015288358,0.70232908872468,0.9932569015288358,0.525170958299575,0.9166666666666666,RW,0.0005820508862484531
apartment,RW,60,800,0.0,0.05,0.2,,25,0.3,0.2,2.0,20,0,0.5221354166666666,0.5092447916666666,0.908203125,280.0,7.783333333333333,0.4166666666666667,53.8010924940318,0.205125,1.045632333767927,50,1.2893528043238502,0.5231809041525494,0.6893528043238502,0.40895758572485963,0.92,RW,0.0005719509900018238
apartment,RW,60,800,0.0,0.05,0.2,,24,0.3,0.2,2.0,20,0,0.615234375,0.54716796875,0.9192708333333334,340.0,7.116666666666666,0.65,53.2758441596152,0.19052083333333333,0.9978880675818373,46,1.520928966486009,0.6884329268948148,0.9209289664860091,0.4650611469881917,0.9565217391304348,RW,0.0005821063024995965
apartment,RW,60,800,0.0,0.05,0.2,,23,0.3,0.2,2.0,20,0,0.5944010416666666,0.4978515625,0.890625,280.0,7.966666666666667,0.6166666666666667,51.01922450397101,0.20358333333333334,1.1243842364532017,47,1.5668617102887474,0.7192551056103667,0.9668617102887478,0.41361883026270696,1.0,RW,0.000590060156250729
apartment,RW,60,800,0.0,0.05,0.2,,26,0.3,0.2,2.0,20,0,0.59375,0.57412109375,0.9817708333333334,260.0,6.3,0.6333333333333333,49.9208976339284,0.17375,0.9754010695187165,47,1.557645964840199,0.7604180621579029,0.9576459648401993,0.5774694869744502,0.9148936170212766,RW,0.0005856923950000236
apartment,RW,60,800,0.0,0.05,0.2,,27,0.3,0.2,2.0,20,0,0.4674479166666667,0.50498046875,0.8776041666666666,320.0,6.883333333333334,0.7,49.17423623002163,0.1863125,0.7319062181447503,45,1.1915272093843026,0.5487644550054064,0.5915272093843026,0.303588614360655,0.9111111111111111,RW,0.0005505296875003296
apartment,RW,60,800,0.0,0.05,0.2,,28,0.3,0.2,2.0,20,0,0.62109375,0.5919596354166667,0.896484375,380.0,7.066666666666666,0.85,55.34787789342373,0.1986875,0.9824922760041194,50,1.4459135945275527,0.6144743108917496,0.8459135945275529,0.46385975682670233,0.82,RW,0.0005767202087508849
apartment,RW,60,800,0.0,0.05,0.2,,29,0.3,0.2,2.0,20,0,0.5227864583333334,0.5305338541666667,0.8899739583333334,260.0,6.933333333333334,0.8333333333333334,56.05334350250493,0.17891666666666667,0.8728260869565218,47,1.4257962604260692,0.6324946794992226,0.8257962604260691,0.4514781203573047,0.9574468085106383,RW,0.0005731067700003223
apartment,RW,60,800,0.02,0.05,0.2,,1,0.3,0.2,2.0,20,0,0.580078125,0.5250325520833334,0.8958333333333334,220.0,8.316666666666666,0.5166666666666667,60.77439371714344,0.18977083333333333,1.0148063781321184,47,1.5898783563181507,0.6702722349378453,0.9898783563181502,0.842335263920705,0.8723404255319149,RW,0.0005846541149981022
apartment,RW,60,800,0.02,0.05,0.2,,0,0.3,0.2,2.0,20,0,0.607421875,0.56279296875,0.9641927083333334,260.0,7.466666666666667,0.5333333333333333,64.4269635959782,0.17297916666666666,0.9201183431952663,48,1.521210123346803,0.6074753315494755,0.9212101233468027,0.6599633545034105,0.9166666666666666,RW,0.0005911904687491187
apartment,RW,60,800,0.02,0.05,0.2,,4,0.3,0.2,2.0,20,0,0.6100260416666666,0.5844726562499999,0.9322916666666666,260.0,7.683333333333334,0.5833333333333334,63.44000912924113,0.19122916666666667,1.049272116461366,48,1.578345636975935,0.7316122226380295,0.978345636975935,0.4093226035680474,0.875,RW,0.000570232134998605
apartment,RW,60,800,0.02,0.05,0.2,,2,0.3,0.2,2.0,20,0,0.5657552083333334,0.5493489583333333,0.935546875,260.0,8.35,0.7833333333333333,63.23061300120535,0.19195833333333334,1.0546116504854368,49,1.2715008652702955,0.6688378470535661,0.6715008652702954,0.30383629901777787,0.8775510204081632,RW,0.0005840917712498595
apartment,RW,60,800,0.02,0.05,0.2,,3,0.3,0.2,2.0,20,0,0.595703125,0.6297526041666667,0.9759114583333334,340.0,7.716666666666667,0.7166666666666667,65.92511877381762,0.18729166666666666,1.0189309576837418,52,1.4736470207360362,0.6242589618931933,0.8736470207360363,0.7624941298116017,0.9230769230769231,RW,0.0005959171874997082
apartment,RW,60,800,0.02,0.05,0.2,,5,0.3,0.2,2.0,20,0,0.6022135416666666,0.5522786458333334,0.900390625,260.0,6.816666666666666,0.6,58.98332960970404,0.183375,1.0559360730593608,45,1.5593817344478007,0.6774616895841727,0.9593817344478006,0.6879310001668134,0.9555555555555556,RW,0.0005813285412500591
apartment,RW,60,800,0.02,0.05,0.2,,6,0.3,0.2,2.0,20,0,0.5598958333333334,0.5560872395833334,0.9427083333333334,340.0,7.783333333333333,0.55,57.54106700927938,0.19639583333333333,0.979498861047836,44,1.5680308223181476,0.7064726494174142,0.9680308223181474,0.7427705581832883,0.8181818181818182,RW,0.0005607015100008539
apartment,RW,60,800,0.02,0.05,0.2,,7,0.3,0.2,2.0,20,0,0.525390625,0.5185221354166667,0.9635416666666666,320.0,8.05,0.75,61.6091429210654,0.18395833333333333,0.8917127071823204,46,1.4130107657055857,0.5185886755172474,0.8130107657055857,0.6706528377557697,1.0,RW,0.0005693457300003502
apartment,RW,60,800,0.02,0.05,0.2,,8,0.3,0.2,2.0,20,0,0.5970052083333334,0.49189453125,0.8899739583333334,140.0,8.633333333333333,0.7,60.393365128667284,0.20072916666666665,1.2789400278940029,45,1.6348643030079817,0.5379553514959154,1.0348643030079818,0.9984130546311593,0.9111111111111111,RW,0.000572215884999423
apartment,RW,60,800,0.02,0.05,0.2,,10,0.3,0.2,2.0,20,0,0.58984375,0.51064453125,0.9049479166666666,320.0,7.9,0.4666666666666667,61.50838370194525,0.19408333333333333,1.0342465753424657,44,1.7188800421274366,0.6445710226224481,1.1188800421274365,0.7918861407222075,0.9090909090909091,RW,0.0005728589062505307
apartment,RW,60,800,0.02,0.05,0.2,,11,0.3,0.2,2.0,20,0,0.6145833333333334,0.6011067708333334,0.9029947916666666,280.0,7.533333333333333,0.7333333333333333,64.52694181067223,0.1735,1.024972855591748,49,1.4143004556981869,0.5449203427697018,0.814300455698187,0.5682144767901068,0.8979591836734694,RW,0.0005740844799993284
apartment,RW,60,800,0.02,0.05,0.2,,12,0.3,0.2,2.0,20,0,0.6106770833333334,0.58818359375,0.830078125,260.0,7.883333333333334,0.65,66.71885151149871,0.1870625,1.1113744075829386,51,1.3037758927461778,0.7675565224755453,0.7037758927461779,0.28284492895379887,0.8431372549019608,RW,0.0005820501562493519
apartment,RW,60,800,0.02,0.05,0.2,,9,0.3,0.2,2.0,20,0,0.5442708333333334,0.54501953125,0.8860677083333334,340.0,7.15,0.5333333333333333,61.931701994950934,0.16879166666666667,0.9609195402298851,45,1.5241215379903774,0.7086694783627804,0.9241215379903777,0.337907634227803,0.9555555555555556,RW,0.0005949278124990087
apartment,RW,60,800,0.02,0.05,0.2,,14,0.3,0.2,2.0,20,0,0.560546875,0.5431640625,0.8255208333333334,260.0,7.783333333333333,0.6166666666666667,62.08885922518888,0.18004166666666666,1.0436363636363637,46,1.4612195631634282,0.6302329878017917,0.8612195631634283,0.7318624807230215,0.9565217391304348,RW,0.0005736226037515735
apartment,RW,60,800,0.02,0.05,0.2,,13,0.3,0.2,2.0,20,0,0.623046875,0.6119466145833333,0.9576822916666666,360.0,7.183333333333334,0.6,61.8029396122228,0.18725,1.0924657534246576,49,1.4820220611769477,0.7192745094335791,0.8820220611769475,0.470575609525436,0.8571428571428571,RW,0.0005926984887491926
apartment,RW,60,800,0.02,0.05,0.2,,15,0.3,0.2,2.0,20,0,0.4622395833333333,0.48974609375,0.865234375,380.0,8.6,0.4666666666666667,57.8550480618511,0.1909375,0.8022598870056497,42,1.4581830929404924,0.6919147635953311,0.8581830929404923,0.49393085778222734,0.9047619047619048,RW,0.0005688171349993354
apartment,RW,60,800,0.02,0.05,0.2,,16,0.3,0.2,2.0,20,0,0.568359375,0.5566731770833333,0.916015625,220.0,7.733333333333333,0.6166666666666667,64.31985388057342,0.18591666666666667,1.0646341463414635,50,1.1410212155363373,0.5263052402473208,0.5410212155363372,0.23437616151136165,0.92,RW,0.0005835125000021435
apartment,RW,60,800,0.02,0.05,0.2,,19,0.3,0.2,2.0,20,0,0.5475260416666666,0.5117513020833332,0.8684895833333334,300.0,7.933333333333334,0.95,61.1433082793241,0.18070833333333333,0.9940898345153664,42,1.6272772386273442,0.7275978611881309,1.027277238627344,0.632153423620248,0.9047619047619048,RW,0.0005536034900001141
apartment,RW,60,800,0.02,0.05,0.2,,17,0.3,0.2,2.0,20,0,0.6282552083333334,0.5477864583333334,0.9140625,300.0,7.35,0.7666666666666667,58.91188492169114,0.1871875,1.0534934497816595,45,1.5989865481843828,0.6061861728059509,0.9989865481843826,0.5328181951260486,0.9111111111111111,RW,0.0005783110937500168
apartment,RW,60,800,0.02,0.05,0.2,,20,0.3,0.2,2.0,20,0,0.640625,0.5223307291666667,0.9661458333333334,300.0,7.066666666666666,0.45,59.81222540641434,0.181375,1.0848952590959207,43,1.951945846578002,0.5206998483060948,1.3519458465780019,1.3381733184384035,0.9069767441860465,RW,0.0005650110412489084
apartment,RW,60,800,0.02,0.05,0.2,,22,0.3,0.2,2.0,20,0,0.583984375,0.5600911458333333,0.9342447916666666,300.0,7.7,0.65,61.48133985827383,0.17877083333333332,0.9988864142538976,46,1.4563123087199412,0.6380061105454724,0.8563123087199412,0.5848666171701425,1.0,RW,0.0005667142187508035
apartment,RW,60,800,0.02,0.05,0.2,,21,0.3,0.2,2.0,20,0,0.5807291666666666,0.5633138020833333,0.892578125,340.0,6.85,0.5833333333333334,58.64518261334019,0.17414583333333333,0.9966480446927374,47,1.48496282983815,0.6514935939512941,0.8849628298381501,0.5406125328784307,0.9574468085106383,RW,0.0005804814062503283
apartment,RW,60,800,0.02,0.05,0.2,,18,0.3,0.2,2.0,20,0,0.6061197916666666,0.5703125,0.9537760416666666,320.0,7.25,0.6333333333333333,64.99068070612739,0.16966666666666666,0.9432624113475176,48,1.4835277112035286,0.4554577679252492,0.8835277112035289,0.7992447764515641,0.9583333333333334,RW,0.0006118075000017597
apartment,RW,60,800,0.02,0.05,0.2,,23,0.3,0.2,2.0,20,0,0.5227864583333334,0.5480143229166666,0.8619791666666666,340.0,7.566666666666666,0.8,63.0667078250519,0.178625,0.8690476190476191,48,1.2082193339554677,0.5935562198247424,0.6082193339554677,0.2888789225552862,0.875,RW,0.0005705815099986466
apartment,RW,60,800,0.02,0.05,0.2,,24,0.3,0.2,2.0,20,0,0.654296875,0.58076171875,0.86328125,280.0,8.4,0.7166666666666667,65.99917689762125,0.20752083333333332,1.2917737789203085,50,1.5671254328961757,0.6966283366984043,0.9671254328961758,0.6808185485366961,0.88,RW,0.0005673814062492965
apartment,RW,60,800,0.02,0.05,0.2,,25,0.3,0.2,2.0,20,0,0.5859375,0.5400390625,0.96484375,300.0,8.05,0.8,62.474247699991,0.1868125,0.9554140127388535,48,1.4856094838586589,0.6284565799387112,0.8856094838586586,0.41153459994761443,0.9583333333333334,RW,0.0005551869274995624
apartment,RW,60,800,0.02,0.05,0.2,,26,0.3,0.2,2.0,20,0,0.6145833333333334,0.5967773437500001,0.947265625,280.0,7.9,0.8166666666666667,65.60685746196617,0.18679166666666666,1.104093567251462,50,1.4861242677022828,0.5111280148175025,0.8861242677022828,0.7598592974928043,0.92,RW,0.0005651282287499271
apartment,RW,60,800,0.02,0.05,0.2,,27,0.3,0.2,2.0,20,0,0.61328125,0.57646484375,0.978515625,320.0,7.75,0.8,66.91820250191024,0.18014583333333334,0.9429429429429429,52,1.2434117949707466,0.5227322582547996,0.6434117949707464,0.40809865424589453,0.9230769230769231,RW,0.0005827599474991984
apartment,RW,60,800,0.02,0.05,0.2,,28,0.3,0.2,2.0,20,0,0.6569010416666666,0.6079427083333332,0.9563802083333334,280.0,7.566666666666666,0.7333333333333333,63.98136030675809,0.17983333333333335,1.2171290711700844,52,1.2916511443243617,0.5210828867601962,0.6916511443243615,0.4247650266524271,1.0,RW,0.0005723141662497256
apartment,RW,60,800,0.04,0.05,0.2,,1,0.3,0.2,2.0,20,0,0.60546875,0.5874023437500001,0.88671875,240.0,7.966666666666667,0.5333333333333333,72.54536200022318,0.16377083333333334,1.014176663031625,49,1.5298746984918037,0.6194603618461233,0.9298746984918038,0.5940774371455121,0.9591836734693877,RW,0.0005609913012494871
apartment,RW,60,800,0.04,0.05,0.2,,0,0.3,0.2,2.0,20,0,0.576171875,0.5736002604166667,0.916015625,380.0,8.566666666666666,0.6666666666666666,73.75844609303654,0.167625,0.9516129032258065,48,1.351132739585618,0.6070821907116768,0.7511327395856178,0.48365744555822976,0.9583333333333334,RW,0.0005748758849995284
apartment,RW,60,800,0.02,0.05,0.2,,29,0.3,0.2,2.0,20,0,0.5735677083333334,0.5720703125,0.923828125,240.0,7.3,0.7333333333333333,65.75167756317033,0.17808333333333334,0.9756367663344409,49,1.3358021764902543,0.5701531818696625,0.7358021764902545,0.4054017668011235,0.8775510204081632,RW,0.0005777881249991878
apartment,RW,60,800,0.04,0.05,0.2,,2,0.3,0.2,2.0,20,0,0.6028645833333334,0.5598958333333334,0.9420572916666666,180.0,7.933333333333334,0.7833333333333333,75.81799545492726,0.16002083333333333,0.9809322033898306,49,1.4369382885354693,0.5345390716688033,0.8369382885354691,0.7147124651976141,0.9183673469387755,RW,0.0005807150000009642
apartment,RW,60,800,0.04,0.05,0.2,,3,0.3,0.2,2.0,20,0,0.5989583333333334,0.5990885416666668,0.955078125,380.0,7.15,0.5833333333333334,70.44671283861233,0.15802083333333333,0.9218436873747495,47,1.5434900725159049,0.6296806955006903,0.943490072515905,0.6162050407505434,0.9574468085106383,RW,0.0005804836462493767
apartment,RW,60,800,0.04,0.05,0.2,,4,0.3,0.2,2.0,20,0,0.5748697916666666,0.5781575520833333,0.9817708333333334,380.0,8.833333333333334,0.5666666666666667,72.59012954353247,0.17391666666666666,1.040047114252061,49,1.4285466979077146,0.7596670160552433,0.8285466979077148,0.40358859694682503,0.9591836734693877,RW,0.0005834276562495689
apartment,RW,60,800,0.04,0.05,0.2,,5,0.3,0.2,2.0,20,0,0.603515625,0.5867513020833333,0.9986979166666666,220.0,7.383333333333334,0.65,73.1185761115809,0.15727083333333333,0.9799154334038056,47,1.643549350279371,0.5350830752356442,1.0435493502793707,1.0012739245784115,0.9574468085106383,RW,0.0005577619787504773
apartment,RW,60,800,0.04,0.05,0.2,,6,0.3,0.2,2.0,20,0,0.5911458333333334,0.5880859375,0.9596354166666666,360.0,7.466666666666667,0.5166666666666667,67.70084731908418,0.1645,0.9134808853118713,44,1.741538273637655,0.5355178927309396,1.141538273637655,1.016731217650562,0.9545454545454546,RW,0.0005563536462500451
apartment,RW,60,800,0.04,0.05,0.2,,7,0.3,0.2,2.0,20,0,0.5813802083333334,0.5691080729166667,0.9915364583333334,280.0,7.766666666666667,0.6166666666666667,66.83134381668064,0.1683125,1.0136208853575481,43,1.8539190550785714,0.7040521765382711,1.2539190550785713,0.6157573518453853,0.9069767441860465,RW,0.0005467073962518043
apartment,RW,60,800,0.04,0.05,0.2,,10,0.3,0.2,2.0,20,0,0.650390625,0.59150390625,0.900390625,300.0,7.65,0.6166666666666667,74.04315818910521,0.1634375,1.106312292358804,48,1.4417074268257302,0.5060487853364046,0.8417074268257299,0.703807948312725,0.875,RW,0.0005639943749997656
apartment,RW,60,800,0.04,0.05,0.2,,9,0.3,0.2,2.0,20,0,0.625,0.5745768229166667,0.8971354166666666,320.0,7.566666666666666,0.6833333333333333,73.25916754483059,0.16404166666666667,0.9716599190283401,48,1.455059727533812,0.6094570072184441,0.8550597275338117,0.49724760802612467,0.9583333333333334,RW,0.0005709418237483988
apartment,RW,60,800,0.04,0.05,0.2,,8,0.3,0.2,2.0,20,0,0.6471354166666666,0.6127929687499999,0.9720052083333334,280.0,7.566666666666666,0.7666666666666667,74.89640767269567,0.15604166666666666,1.0574468085106383,51,1.566753588571149,0.6500941942177523,0.966753588571149,0.5243854102030722,1.0,RW,0.0005774114062501212
apartment,RW,60,800,0.04,0.05,0.2,,11,0.3,0.2,2.0,20,0,0.5690104166666666,0.6369791666666667,0.9973958333333334,320.0,7.35,0.6833333333333333,70.34765792198155,0.1628125,0.8882113821138211,49,1.2758678395149512,0.6933432885234017,0.6758678395149512,0.3391708608588715,0.8775510204081632,RW,0.0005710026562496751
apartment,RW,60,800,0.04,0.05,0.2,,12,0.3,0.2,2.0,20,0,0.7135416666666666,0.6240234374999999,0.935546875,280.0,7.6,0.36666666666666664,74.57919413177544,0.17239583333333333,1.1597883597883598,52,1.6912086801125277,0.6844608295574758,1.0912086801125276,0.7061946850561924,0.8461538461538461,RW,0.0005942100524998751
apartment,RW,60,800,0.04,0.05,0.2,,14,0.3,0.2,2.0,20,0,0.5865885416666666,0.5765950520833334,0.986328125,300.0,8.216666666666667,0.6666666666666666,72.5896041003131,0.17697916666666666,0.9761646803900323,50,1.5503754618744785,0.5686857923148101,0.9503754618744784,0.7464052545392791,0.96,RW,0.0005667507812495387
apartment,RW,60,800,0.04,0.05,0.2,,16,0.3,0.2,2.0,20,0,0.544921875,0.5649414062500001,0.9055989583333334,360.0,8.166666666666666,0.7333333333333333,68.28914611506345,0.15966666666666668,0.8691588785046729,46,1.187425038423644,0.49601305515183775,0.5874250384236441,0.4101000482842878,0.8695652173913043,RW,0.0005607214062501953
apartment,RW,60,800,0.04,0.05,0.2,,15,0.3,0.2,2.0,20,0,0.564453125,0.5607747395833333,0.9772135416666666,340.0,8.633333333333333,0.6166666666666667,71.3407913229412,0.1649375,1.040816326530612,48,1.4787813450229625,0.5349793155263892,0.8787813450229623,0.6634169564395749,1.0,RW,0.000561417396249908
apartment,RW,60,800,0.04,0.05,0.2,,13,0.3,0.2,2.0,20,0,0.587890625,0.5766276041666666,0.9225260416666666,180.0,8.716666666666667,0.5333333333333333,72.83806835914449,0.18791666666666668,1.0123318385650224,51,1.3182597757662387,0.6839689609094934,0.7182597757662388,0.3930570558917872,0.9215686274509803,RW,0.0005966757287501423
apartment,RW,60,800,0.04,0.05,0.2,,18,0.3,0.2,2.0,20,0,0.6393229166666666,0.6132161458333333,0.9186197916666666,300.0,8.2,0.65,78.25379176790692,0.15789583333333335,1.0650759219088937,53,1.4057514331264598,0.58002951207216,0.8057514331264595,0.6738648066702385,0.9622641509433962,RW,0.0005676502599999367
apartment,RW,60,800,0.04,0.05,0.2,,17,0.3,0.2,2.0,20,0,0.5377604166666666,0.5204752604166666,0.8463541666666666,280.0,7.8,0.48333333333333334,71.12599268656398,0.16825,0.8480492813141682,47,1.6331314100622647,0.6753377990955283,1.0331314100622646,0.6563622277992031,0.9148936170212766,RW,0.0005770214587505506
apartment,RW,60,800,0.04,0.05,0.2,,19,0.3,0.2,2.0,20,0,0.654296875,0.6410481770833334,0.9778645833333334,220.0,7.933333333333334,0.7333333333333333,76.10941793680648,0.17047916666666665,1.1565017261219792,54,1.3497832943943342,0.7466062928599743,0.7497832943943341,0.4377310330288361,0.8888888888888888,RW,0.0005775773962500352
apartment,RW,60,800,0.04,0.05,0.2,,20,0.3,0.2,2.0,20,0,0.650390625,0.61328125,0.8912760416666666,320.0,7.85,0.5666666666666667,78.03734510994695,0.16141666666666668,1.1456422018348622,53,1.4296966900830421,0.6184035105271146,0.8296966900830421,0.40697882300926735,0.8490566037735849,RW,0.0005985366137520032
apartment,RW,60,800,0.04,0.05,0.2,,21,0.3,0.2,2.0,20,0,0.6471354166666666,0.6484049479166667,0.9967447916666666,360.0,7.05,0.7666666666666667,71.78687756172705,0.17095833333333332,0.925512104283054,50,1.3678312383618982,0.5287722969695646,0.7678312383618981,0.49417542342801213,1.0,RW,0.000593547238750034
apartment,RW,60,800,0.04,0.05,0.2,,22,0.3,0.2,2.0,20,0,0.6640625,0.5891927083333333,0.9967447916666666,240.0,7.8,0.7,72.70843694880675,0.1703125,1.1123227917121046,49,1.7257176582239653,0.6162706616540903,1.1257176582239652,0.7594493818823868,0.9591836734693877,RW,0.0005813963537502786
apartment,RW,60,800,0.04,0.05,0.2,,23,0.3,0.2,2.0,20,0,0.5859375,0.57109375,0.9283854166666666,220.0,7.55,0.7,73.60104943012473,0.16177083333333334,1.0452961672473868,51,1.4855643837078747,0.5534977684875496,0.8855643837078746,0.6325344292013148,0.9215686274509803,RW,0.0005784971362504621
apartment,RW,60,800,0.04,0.05,0.2,,25,0.3,0.2,2.0,20,0,0.6106770833333334,0.6085611979166667,0.9830729166666666,320.0,8.3,0.6,73.8068116379723,0.17220833333333332,0.9863301787592009,50,1.5296350669880905,0.6304893483541161,0.9296350669880907,0.6627881994018939,0.9,RW,0.0005805178125001476
apartment,RW,60,800,0.04,0.05,0.2,,24,0.3,0.2,2.0,20,0,0.5865885416666666,0.56396484375,0.9010416666666666,260.0,8.516666666666667,0.5833333333333334,73.54187363671329,0.19125,1.0842358604091455,51,1.3291408642330562,0.6915990578923374,0.7291408642330561,0.333349234726696,0.8235294117647058,RW,0.000615232656250555
apartment,RW,60,800,0.04,0.05,0.2,,27,0.3,0.2,2.0,20,0,0.576171875,0.5666341145833333,0.9036458333333334,340.0,7.833333333333333,0.5666666666666667,70.34925689795114,0.16035416666666666,1.0448642266824086,45,1.468064201661836,0.6383992045809279,0.8680642016618363,0.5804752831524912,0.9111111111111111,RW,0.0005742862500005686
apartment,RW,60,800,0.04,0.05,0.2,,28,0.3,0.2,2.0,20,0,0.65234375,0.6023763020833334,0.896484375,280.0,7.5,0.5,71.37153151645221,0.14977083333333333,0.9690522243713733,46,1.5469276356723012,0.4549806271525283,0.9469276356723013,0.9229002601784949,1.0,RW,0.0005827480200014179
apartment,RW,60,800,0.04,0.05,0.2,,26,0.3,0.2,2.0,20,0,0.642578125,0.6335611979166667,0.9876302083333334,380.0,7.85,0.5833333333333334,74.42707288602709,0.15708333333333332,0.996969696969697,51,1.3766276189830933,0.6681666181407067,0.7766276189830931,0.3693111962874017,0.8235294117647058,RW,0.0005976185937515765
apartment,RW,60,800,0.04,0.05,0.2,,29,0.3,0.2,2.0,20,0,0.5703125,0.5648763020833333,0.9505208333333334,260.0,7.466666666666667,0.6,68.18730505968892,0.15814583333333335,0.9668874172185431,44,1.3829271449987102,0.7015826745362046,0.7829271449987101,0.38329625921190696,0.8636363636363636,RW,0.0005660362499997972
apartment,RW,60,800,0.07,0.05,0.2,,0,0.3,0.2,2.0,20,0,0.6354166666666666,0.57763671875,0.9869791666666666,320.0,9.516666666666667,0.5166666666666667,84.98347362533049,0.15558333333333332,1.0198537095088818,50,1.303709361476966,0.6864578169988876,0.7037093614769659,0.36101191085614903,0.88,RW,0.0005969139062494832
apartment,RW,60,800,0.07,0.05,0.2,,2,0.3,0.2,2.0,20,0,0.5846354166666666,0.60849609375,0.91015625,340.0,8.983333333333333,0.5833333333333334,84.34012149004192,0.13608333333333333,0.9472573839662447,47,1.4258667269984004,0.5998670000098809,0.8258667269984008,0.43188857017646953,0.9574468085106383,RW,0.000566490417500063
apartment,RW,60,800,0.07,0.05,0.2,,1,0.3,0.2,2.0,20,0,0.69921875,0.6169270833333333,0.9700520833333334,360.0,9.266666666666667,0.7166666666666667,89.44068630878246,0.14704166666666665,1.1498929336188437,52,1.5529687688883613,0.5525055057196443,0.9529687688883617,0.6376421065388881,0.8846153846153846,RW,0.0005961679175015888
apartment,RW,60,800,0.07,0.05,0.2,,3,0.3,0.2,2.0,20,0,0.5983072916666666,0.6058593749999999,0.90234375,300.0,9.15,0.7833333333333333,87.99476349440337,0.13960416666666667,0.908102766798419,51,1.2990730495984733,0.6116651254346148,0.6990730495984733,0.5295882840702951,0.9215686274509803,RW,0.0005858763537503365
apartment,RW,60,800,0.07,0.05,0.2,,4,0.3,0.2,2.0,20,0,0.6484375,0.6322916666666667,0.943359375,300.0,8.816666666666666,0.7,88.1043501906322,0.13516666666666666,0.9431818181818182,50,1.4518025878893366,0.4932729300125718,0.8518025878893367,0.4564354633874822,0.96,RW,0.0006017298949996075
apartment,RW,60,800,0.07,0.05,0.2,,5,0.3,0.2,2.0,20,0,0.591796875,0.5943359375,0.984375,220.0,8.216666666666667,0.65,84.00451363558145,0.16289583333333332,0.9784714747039828,49,1.2372840142350618,0.5457524309372014,0.637284014235062,0.3217378683369009,0.8775510204081632,RW,0.0005868908324987387
apartment,RW,60,800,0.07,0.05,0.2,,7,0.3,0.2,2.0,20,0,0.6588541666666666,0.61142578125,0.9518229166666666,280.0,7.616666666666666,0.6333333333333333,81.10601295596312,0.12597916666666667,1.0140280561122244,44,1.7618308425929223,0.3967334883770282,1.161830842592922,1.0600508969821854,0.9545454545454546,RW,0.0005687442187490888
apartment,RW,60,800,0.07,0.05,0.2,,6,0.3,0.2,2.0,20,0,0.6490885416666666,0.5939778645833333,0.8541666666666666,340.0,8.916666666666666,0.4166666666666667,85.75009858687514,0.14570833333333333,1.055026455026455,49,1.5684931805389892,0.6512908576789309,0.9684931805389896,0.6848932533139597,0.9591836734693877,RW,0.0005926286449994222
apartment,RW,60,800,0.07,0.05,0.2,,8,0.3,0.2,2.0,20,0,0.654296875,0.6068359375,0.9420572916666666,320.0,8.766666666666667,0.8,86.86082765181882,0.13989583333333333,0.9824046920821115,49,1.5386350988556157,0.678945121727769,0.9386350988556155,0.5140234275055223,0.9183673469387755,RW,0.0006043320837488864
apartment,RW,60,800,0.07,0.05,0.2,,10,0.3,0.2,2.0,20,0,0.669921875,0.6404296875,0.9420572916666666,280.0,9.1,0.8166666666666667,88.03752770600336,0.14020833333333332,1.0674273858921162,51,1.3732292426249595,0.6443438664124598,0.7732292426249592,0.2755740595822088,0.9215686274509803,RW,0.0005813313550015664
apartment,RW,60,800,0.07,0.05,0.2,,12,0.3,0.2,2.0,20,0,0.6126302083333334,0.57421875,0.9993489583333334,340.0,8.8,0.7333333333333333,80.72045395998762,0.1334375,1.0432372505543237,42,1.6722107755511444,0.4490070281682891,1.0722107755511443,1.0276328522862737,1.0,RW,0.0005767891150003379
apartment,RW,60,800,0.07,0.05,0.2,,9,0.3,0.2,2.0,20,0,0.6171875,0.6087890624999999,0.9967447916666666,280.0,9.583333333333334,0.6166666666666667,84.98434948711724,0.16245833333333334,1.1245551601423487,50,1.4114905942820581,0.47174739223758055,0.811490594282058,0.5891960461210709,0.96,RW,0.0006140353125010734
apartment,RW,60,800,0.07,0.05,0.2,,11,0.3,0.2,2.0,20,0,0.6809895833333334,0.6347330729166668,0.998046875,220.0,9.45,0.8333333333333334,90.07852903128354,0.14283333333333334,1.0941422594142258,52,1.6163099465435495,0.6001334309790791,1.016309946543549,0.8690345474512197,0.9230769230769231,RW,0.0006051469274984811
apartment,RW,60,800,0.07,0.05,0.2,,15,0.3,0.2,2.0,20,0,0.6223958333333334,0.6381510416666667,0.93359375,340.0,9.25,0.6833333333333333,87.63431566728578,0.12829166666666666,0.8659420289855073,51,1.3591623794061498,0.4856012087983643,0.7591623794061496,0.4755044770962026,0.9215686274509803,RW,0.0005796651049990942
apartment,RW,60,800,0.07,0.05,0.2,,14,0.3,0.2,2.0,20,0,0.6608072916666666,0.6090494791666667,0.9869791666666666,280.0,9.066666666666666,0.8,85.576521907533,0.14814583333333334,1.080937167199148,49,1.6495871307299503,0.5654352051225914,1.04958713072995,0.9263688776470486,0.9591836734693877,RW,0.000581257448748147
apartment,RW,60,800,0.07,0.05,0.2,,13,0.3,0.2,2.0,20,0,0.615234375,0.5945963541666666,0.8951822916666666,280.0,9.35,0.5833333333333334,80.99384124250199,0.1465,0.9613428280773143,45,1.7143328814695735,0.5578716075720942,1.114332881469574,1.0696566654607662,1.0,RW,0.0005854423437494916
apartment,RW,60,800,0.07,0.05,0.2,,16,0.3,0.2,2.0,20,0,0.595703125,0.54765625,0.9010416666666666,320.0,9.75,0.55,83.334928987247,0.1520625,1.1437499999999998,45,1.618984232919017,0.6245502191920699,1.0189842329190173,0.6884420670334362,1.0,RW,0.0005778031775003
apartment,RW,60,800,0.07,0.05,0.2,,17,0.3,0.2,2.0,20,0,0.607421875,0.5762695312500001,0.8626302083333334,320.0,9.233333333333333,0.6666666666666666,86.77618463708583,0.15666666666666668,0.9893955461293744,51,1.4448212464895505,0.5105422892531224,0.8448212464895507,0.6169160784771711,0.9607843137254902,RW,0.0005978571875016314
apartment,RW,60,800,0.07,0.05,0.2,,18,0.3,0.2,2.0,20,0,0.5227864583333334,0.5581705729166666,0.9088541666666666,360.0,10.1,0.6166666666666667,85.07717292310743,0.14577083333333332,0.8932146829810901,48,1.298376630527579,0.5711030319007718,0.6983766305275791,0.4576596958729495,0.9166666666666666,RW,0.000599036145001719
apartment,RW,60,800,0.07,0.05,0.2,,20,0.3,0.2,2.0,20,0,0.6334635416666666,0.6177083333333333,1.0,360.0,7.966666666666667,0.75,83.24053753798384,0.1359375,0.9437439379243452,47,1.5406971513645094,0.5931763932217212,0.9406971513645088,0.5390245175139733,0.9574468085106383,RW,0.0005798586975015496
apartment,RW,60,800,0.07,0.05,0.2,,19,0.3,0.2,2.0,20,0,0.591796875,0.5670247395833334,0.94140625,360.0,8.716666666666667,0.65,81.72086637068936,0.14833333333333334,0.8799612778315586,46,1.4765750188203455,0.5931841392190588,0.8765750188203457,0.6089637273688993,0.9565217391304348,RW,0.0005926498437497685
apartment,RW,60,800,0.07,0.05,0.2,,21,0.3,0.2,2.0,20,0,0.6048177083333334,0.5802734375,0.9765625,320.0,9.683333333333334,0.7,83.21674619024262,0.15214583333333334,1.0497175141242938,47,1.5888891643502439,0.6433491314688783,0.9888891643502434,0.575025556930917,0.9148936170212766,RW,0.0005930340100007925
apartment,RW,60,800,0.07,0.05,0.2,,24,0.3,0.2,2.0,20,0,0.611328125,0.5813151041666667,0.947265625,320.0,8.966666666666667,0.6333333333333333,80.16289618551117,0.150125,0.9863445378151261,44,1.6022279610832413,0.4969239694948075,1.0022279610832414,0.746778991213938,1.0,RW,0.0005677189587504472
apartment,RW,60,800,0.07,0.05,0.2,,25,0.3,0.2,2.0,20,0,0.6471354166666666,0.6486002604166666,1.0,320.0,7.716666666666667,0.8666666666666667,85.15575490827904,0.13202083333333334,0.9870903674280038,48,1.4530413646498899,0.510651336809478,0.8530413646498899,0.714429294510283,0.875,RW,0.0005642938012510967
apartment,RW,60,800,0.07,0.05,0.2,,22,0.3,0.2,2.0,20,0,0.5846354166666666,0.5822591145833333,0.9700520833333334,240.0,8.966666666666667,0.5,81.69266395531355,0.13766666666666666,1.0158371040723981,46,1.4082770847249777,0.5343980280985247,0.808277084724978,0.5846940758352531,0.9130434782608695,RW,0.0005871574487491671
apartment,RW,60,800,0.07,0.05,0.2,,23,0.3,0.2,2.0,20,0,0.6536458333333334,0.5974609375000001,0.8893229166666666,320.0,10.083333333333334,0.6,85.30806020117903,0.146625,1.0795698924731183,49,1.6033257663759495,0.5359913051535208,1.0033257663759496,0.919256379060238,0.9591836734693877,RW,0.000603005676250632
apartment,RW,60,800,0.07,0.05,0.2,,26,0.3,0.2,2.0,20,0,0.5084635416666666,0.5522786458333334,0.9830729166666666,280.0,7.533333333333333,0.75,79.68377141110543,0.13133333333333333,0.7560503388189739,42,1.4388508676459535,0.6599866909465317,0.8388508676459535,0.565708415985271,0.9047619047619048,RW,0.0005774689062491234
apartment,RW,60,800,0.07,0.05,0.2,,27,0.3,0.2,2.0,20,0,0.57421875,0.6050455729166666,0.9016927083333334,300.0,8.166666666666666,0.5666666666666667,83.1839515144944,0.12629166666666666,0.8571428571428571,46,1.465837880881724,0.5227796239642153,0.8658378808817243,0.5763023910189397,1.0,RW,0.0005586496349997105
apartment,RW,60,800,0.07,0.05,0.2,,28,0.3,0.2,2.0,20,0,0.6256510416666666,0.5919921875,0.9537760416666666,320.0,8.933333333333334,0.8166666666666667,82.79341733704464,0.1434375,0.9746450304259634,45,1.9114374692321845,0.5900413212893052,1.3114374692321846,1.1201944633955656,1.0,RW,0.0005735875524987932
apartment,RW,60,800,0.07,0.05,0.2,,29,0.3,0.2,2.0,20,0,0.56640625,0.561328125,0.9778645833333334,260.0,9.333333333333334,0.6833333333333333,84.7701063885032,0.13783333333333334,1.0034602076124568,47,1.3639930790950934,0.5030920338061119,0.7639930790950934,0.628618408244359,0.9148936170212766,RW,0.0005799554687496311
apartment,RW,60,800,0.1,0.05,0.2,,1,0.3,0.2,2.0,20,0,0.5833333333333334,0.55478515625,0.9850260416666666,360.0,11.2,0.7666666666666667,95.67947377885973,0.13052083333333334,0.9114954221770092,45,1.7012091605556516,0.5944788346456955,1.1012091605556515,0.9684978611562712,0.9111111111111111,RW,0.0005528100000015001
apartment,RW,60,800,0.1,0.05,0.2,,2,0.3,0.2,2.0,20,0,0.609375,0.5459309895833335,0.8372395833333334,360.0,11.783333333333333,0.65,96.75800467110163,0.135125,1.0552423900789176,46,1.5210981709942981,0.529904084448663,0.9210981709942981,0.6328736386423206,1.0,RW,0.0005862166137490021
apartment,RW,60,800,0.1,0.05,0.2,,0,0.3,0.2,2.0,20,0,0.658203125,0.6483723958333333,0.986328125,300.0,10.65,0.7833333333333333,101.29927197016505,0.11975,1.0222446916076844,49,1.4924553444075268,0.4648023230722955,0.892455344407527,0.8121908296809731,0.8775510204081632,RW,0.000609204531249361
apartment,RW,60,800,0.1,0.05,0.2,,4,0.3,0.2,2.0,20,0,0.5983072916666666,0.58056640625,0.8697916666666666,280.0,11.883333333333333,0.9333333333333333,100.2751109165813,0.13529166666666667,1.0291153415453527,49,1.3526925786094732,0.5613703649578076,0.7526925786094735,0.5664031351073952,0.8775510204081632,RW,0.0005740459899993767
apartment,RW,60,800,0.1,0.05,0.2,,3,0.3,0.2,2.0,20,0,0.6087239583333334,0.5990234375,0.9303385416666666,340.0,12.5,0.85,102.70351642157028,0.15489583333333334,1.002143622722401,53,1.4931462703685876,0.5441065326672593,0.8931462703685877,0.7955699645456505,1.0,RW,0.0005985020312482448
apartment,RW,60,800,0.1,0.05,0.2,,5,0.3,0.2,2.0,20,0,0.6100260416666666,0.6016601562499999,0.9329427083333334,300.0,10.05,0.9,95.09459146465615,0.13116666666666665,0.9186274509803921,45,1.4811011213977063,0.6294983792450914,0.8811011213977064,0.6466992373421737,0.9111111111111111,RW,0.0005814870312519816
apartment,RW,60,800,0.1,0.05,0.2,,7,0.3,0.2,2.0,20,0,0.662109375,0.6097981770833334,0.9986979166666666,340.0,10.15,0.7666666666666667,96.38924696932129,0.12122916666666667,0.9854651162790697,44,1.6693879297528325,0.47122925099999197,1.0693879297528321,0.9805002119636815,0.9545454545454546,RW,0.0005673901037494034
apartment,RW,60,800,0.1,0.05,0.2,,6,0.3,0.2,2.0,20,0,0.611328125,0.6234049479166666,0.966796875,320.0,11.983333333333333,0.7833333333333333,103.78231510892914,0.131125,1.0053533190578159,52,1.372418185752066,0.5391551321651783,0.7724181857520662,0.5598990506875965,1.0,RW,0.0005913913537506232
apartment,RW,60,800,0.1,0.05,0.2,,9,0.3,0.2,2.0,20,0,0.6497395833333334,0.5715494791666667,1.0,340.0,12.016666666666667,0.95,98.60984417525215,0.129125,0.9861660079051384,48,1.5558681318671421,0.6072106386285628,0.9558681318671418,0.7868240687582545,0.9583333333333334,RW,0.0005754632812499949
apartment,RW,60,800,0.1,0.05,0.2,,8,0.3,0.2,2.0,20,0,0.5859375,0.57109375,0.9401041666666666,240.0,12.6,1.05,97.82082826282587,0.15341666666666667,0.9564293304994685,49,1.6636249632576967,0.6864462205481869,1.0636249632576966,0.8920474590545414,0.9591836734693877,RW,0.0005978500000014719
apartment,RW,60,800,0.1,0.05,0.2,,12,0.3,0.2,2.0,20,0,0.669921875,0.63955078125,0.998046875,380.0,11.483333333333333,0.8,101.89326939485156,0.12214583333333333,1.0117994100294985,49,1.5911421427098333,0.4912584270836588,0.9911421427098329,1.0922708584676446,1.0,RW,0.0005738241662493238
apartment,RW,60,800,0.1,0.05,0.2,,11,0.3,0.2,2.0,20,0,0.658203125,0.6377278645833334,0.9993489583333334,260.0,10.933333333333334,1.0166666666666666,98.00414323337237,0.12597916666666667,1.0253549695740365,47,1.690362283091484,0.4645918079377108,1.0903622830914839,0.9589905583176365,1.0,RW,0.0005868872924997959
apartment,RW,60,800,0.1,0.05,0.2,,10,0.3,0.2,2.0,20,0,0.611328125,0.5609375,0.9654947916666666,300.0,12.55,0.8333333333333334,96.07634414936948,0.1418125,1.0503355704697988,47,1.5907423647633663,0.605123725789287,0.9907423647633663,0.5672926871652441,1.0,RW,0.0005936594274999152
apartment,RW,60,800,0.1,0.05,0.2,,13,0.3,0.2,2.0,20,0,0.59765625,0.5979817708333333,0.8880208333333334,300.0,10.683333333333334,0.75,98.85055346431542,0.13420833333333335,1.0110132158590308,49,1.5609316310091883,0.45540344029026814,0.9609316310091881,0.8780039267153049,1.0,RW,0.0005833505737518862
apartment,RW,60,800,0.1,0.05,0.2,,14,0.3,0.2,2.0,20,0,0.6243489583333334,0.6074544270833334,0.9967447916666666,300.0,12.6,0.8,97.57257855132853,0.15108333333333332,1.2618421052631579,49,1.5178091434131213,0.6434616869258095,0.9178091434131217,0.6001639517457272,1.0,RW,0.0006250123962490761
apartment,RW,60,800,0.1,0.05,0.2,,15,0.3,0.2,2.0,20,0,0.6302083333333334,0.6012369791666667,0.9856770833333334,380.0,10.7,1.0,94.04723034891391,0.12075,0.9055191768007484,44,1.5171804189244604,0.5493412021977697,0.9171804189244603,0.8090572449309558,0.9090909090909091,RW,0.0005560911450015738
apartment,RW,60,800,0.1,0.05,0.2,,16,0.3,0.2,2.0,20,0,0.6438802083333334,0.6265299479166668,0.9934895833333334,360.0,10.966666666666667,0.7333333333333333,99.0527975107149,0.13575,0.9989898989898991,49,1.4855385316940586,0.6151398937936373,0.8855385316940585,0.649577809300088,1.0,RW,0.0005863025000007837
apartment,RW,60,800,0.1,0.05,0.2,,17,0.3,0.2,2.0,20,0,0.5930989583333334,0.5827473958333333,0.9036458333333334,240.0,10.966666666666667,0.8333333333333334,98.34689150038584,0.14683333333333334,1.0580720092915215,48,1.3761388283584413,0.5902059968594624,0.7761388283584413,0.35151686168439367,0.9583333333333334,RW,0.0006101435937489442
apartment,RW,60,800,0.1,0.05,0.2,,18,0.3,0.2,2.0,20,0,0.6041666666666666,0.5875651041666667,1.0,280.0,11.2,0.75,98.41405640124276,0.12410416666666667,1.0474040632054176,47,1.35821921210821,0.5727951205944588,0.7582192121082096,0.5742324417222332,1.0,RW,0.0006170548949990007
apartment,RW,60,800,0.1,0.05,0.2,,21,0.3,0.2,2.0,20,0,0.6647135416666666,0.6651367187499999,1.0,280.0,10.716666666666667,0.75,101.65755731868174,0.14408333333333334,1.0461065573770492,52,1.4882085472318947,0.5586176069115966,0.8882085472318946,0.7017894031001811,1.0,RW,0.0005732021874996462
apartment,RW,60,800,0.1,0.05,0.2,,19,0.3,0.2,2.0,20,0,0.6236979166666666,0.5784830729166666,0.9798177083333334,320.0,11.416666666666666,0.9,95.34561541095715,0.13491666666666666,1.029001074113856,45,1.5759348926959442,0.5444966648037353,0.9759348926959446,0.7289766588469092,1.0,RW,0.0006050095837508707
apartment,RW,60,800,0.1,0.05,0.2,,20,0.3,0.2,2.0,20,0,0.6119791666666666,0.5978515625,0.9967447916666666,300.0,10.966666666666667,0.5333333333333333,99.1664989346692,0.13835416666666667,1.0456062291434927,49,1.4510241075985513,0.5526022947674238,0.851024107598551,0.5048471598083487,0.9591836734693877,RW,0.0006163074999994933
apartment,RW,60,800,0.1,0.05,0.2,,22,0.3,0.2,2.0,20,0,0.7044270833333334,0.6423828125,0.9661458333333334,320.0,11.383333333333333,1.0666666666666667,98.15853150643787,0.14052083333333334,1.2309442548350398,50,1.7272961811565966,0.42760262982968344,1.127296181156597,0.9653874941338837,1.0,RW,0.0006123235412496797
apartment,RW,60,800,0.1,0.05,0.2,,23,0.3,0.2,2.0,20,0,0.5709635416666666,0.5488281249999999,0.9934895833333334,240.0,11.066666666666666,0.7833333333333333,90.95838673057041,0.127625,1.0245327102803738,40,1.7213832719481292,0.5279323169608995,1.1213832719481291,0.9685457310768133,0.95,RW,0.0005663386987498597
apartment,RW,60,800,0.1,0.05,0.2,,24,0.3,0.2,2.0,20,0,0.6783854166666666,0.622265625,0.9928385416666666,300.0,10.433333333333334,0.8333333333333334,100.22816918473663,0.13247916666666668,1.0899581589958158,49,1.515984931813527,0.5539607342060645,0.9159849318135268,0.6734204798544617,0.9591836734693877,RW,0.0006028436974997931
apartment,RW,60,800,0.1,0.05,0.2,,25,0.3,0.2,2.0,20,0,0.5611979166666666,0.5926432291666666,0.880859375,320.0,12.766666666666667,0.95,96.60640868818625,0.1481875,1.0748129675810474,47,1.485361143092565,0.43947969526529007,0.8853611430925646,0.789617958614193,0.9574468085106383,RW,0.0006111310937512826
apartment,RW,60,800,0.1,0.05,0.2,,26,0.3,0.2,2.0,20,0,0.5579427083333334,0.5694335937500001,0.9029947916666666,260.0,10.033333333333333,0.8166666666666667,93.41576941543217,0.11883333333333333,0.8862461220268874,41,1.6283971494166822,0.6889183924063746,1.028397149416682,0.5786207938350959,1.0,RW,0.0005723155724990648
apartment,RW,60,800,0.1,0.05,0.2,,28,0.3,0.2,2.0,20,0,0.7018229166666666,0.6475585937499999,0.9654947916666666,260.0,9.416666666666666,0.7833333333333333,101.030017745383,0.11966666666666667,1.0315789473684212,49,1.4632881431425357,0.5255306345744573,0.8632881431425359,0.7094553079981519,1.0,RW,0.0005821945837510611
apartment,RW,60,800,0.1,0.05,0.2,,27,0.3,0.2,2.0,20,0,0.6223958333333334,0.6146809895833333,1.0,300.0,11.483333333333333,0.7333333333333333,101.83090727239042,0.12675,1.0127118644067796,49,1.7115917321489054,0.6168391373685637,1.1115917321489055,0.7163610744841858,0.9591836734693877,RW,0.0006055558849993759
rubble,RW,60,800,0.0,0.05,0.2,,0,0.3,0.2,2.0,20,0,0.49441340782122906,0.4939594972067039,0.7590782122905028,200.0,6.416666666666667,1.35,42.67788196144845,0.178875,1.017241379310345,43,1.3208446287898197,0.6251712182490207,0.7208446287898197,0.41292725283854137,0.9069767441860465,RW,0.0005815264062493952
rubble,RW,60,800,0.0,0.05,0.2,,1,0.3,0.2,2.0,20,0,0.5230446927374302,0.5075768156424582,0.7688547486033519,380.0,7.8,1.9166666666666667,48.80887009355967,0.23025,0.9409547738693466,50,1.5097476634429718,0.7160632953295685,0.9097476634429722,0.5123604772135851,0.86,RW,0.000586658646250271
apartment,RW,60,800,0.1,0.05,0.2,,29,0.3,0.2,2.0,20,0,0.6653645833333334,0.64755859375,1.0,180.0,11.5,0.9666666666666667,105.03332418875745,0.125375,1.0757894736842106,51,1.663833277170611,0.6937701106436811,1.0638332771706107,0.5460282916401534,0.9607843137254902,RW,0.0006253971362502852
rubble,RW,60,800,0.0,0.05,0.2,,2,0.3,0.2,2.0,20,0,0.5279329608938548,0.507576815642458,0.8114525139664804,280.0,6.766666666666667,2.033333333333333,43.818097449291265,0.199875,0.9934296977660974,48,1.5289609892394456,0.7995206777292033,0.9289609892394459,0.4309490534415067,0.9583333333333334,RW,0.000594628281248788
rubble,RW,60,800,0.0,0.05,0.2,,3,0.3,0.2,2.0,20,0,0.520949720670391,0.5297835195530726,0.9420391061452514,340.0,7.083333333333333,2.0833333333333335,44.58018718779445,0.20004166666666667,0.9336670838548186,43,1.450433590444896,0.7399683674572112,0.8504335904448957,0.49019086441243964,0.7906976744186046,RW,0.0005700194787505098
rubble,RW,60,800,0.0,0.05,0.2,,4,0.3,0.2,2.0,20,0,0.5125698324022346,0.4969972067039107,0.8009776536312849,380.0,6.866666666666666,2.25,40.58040119301764,0.21714583333333334,0.880095923261391,43,1.6425584299683682,0.7272120732532952,1.042558429968368,0.6520009396705165,0.9534883720930233,RW,0.000573960051249287
rubble,RW,60,800,0.0,0.05,0.2,,5,0.3,0.2,2.0,20,0,0.5244413407821229,0.5062150837988826,0.7953910614525139,200.0,6.683333333333334,1.9,41.86350523751091,0.20797916666666666,1.0080536912751679,45,1.5190848173900835,0.6508674817257162,0.9190848173900834,0.7049553399952958,0.9111111111111111,RW,0.0005781683850000263
rubble,RW,60,800,0.0,0.05,0.2,,6,0.3,0.2,2.0,20,0,0.48812849162011174,0.4762220670391062,0.702513966480447,280.0,7.75,1.7833333333333334,41.23820139770037,0.23852083333333332,0.952316076294278,45,1.3665440008100602,0.5556899478497908,0.7665440008100604,0.5643775952016415,0.9555555555555556,RW,0.0005789362500013339
rubble,RW,60,800,0.0,0.05,0.2,,7,0.3,0.2,2.0,20,0,0.5391061452513967,0.5221717877094971,0.7751396648044693,260.0,7.683333333333334,1.9,41.99782972554156,0.22795833333333335,1.053206002728513,44,1.4479434523823438,0.5130956294527323,0.8479434523823439,0.5683198191183082,1.0,RW,0.0005804819787499582
rubble,RW,60,800,0.0,0.05,0.2,,8,0.3,0.2,2.0,20,0,0.5740223463687151,0.5358240223463687,0.7884078212290503,280.0,6.966666666666667,1.7833333333333334,46.68544547616365,0.22045833333333334,1.0123152709359604,50,1.6173795633299282,0.6081218266271983,1.0173795633299283,0.9631183825261014,0.92,RW,0.0005908664062508251
rubble,RW,60,800,0.0,0.05,0.2,,9,0.3,0.2,2.0,20,0,0.49162011173184356,0.5039455307262569,0.8840782122905028,300.0,7.9,1.7833333333333334,47.222328642361006,0.21947916666666667,1.0965732087227413,48,1.3153082566815515,0.8512453609581292,0.7153082566815515,0.31568710748717554,0.9166666666666666,RW,0.0005855379687500317
rubble,RW,60,800,0.0,0.05,0.2,,10,0.3,0.2,2.0,20,0,0.5991620111731844,0.5561103351955307,0.9301675977653632,240.0,7.466666666666667,1.6666666666666667,44.904627344752875,0.20922916666666666,1.0929936305732484,49,1.4738194807503062,0.5756105939732716,0.8738194807503064,0.6865413074241024,0.9591836734693877,RW,0.0005934893237485994
rubble,RW,60,800,0.0,0.05,0.2,,11,0.3,0.2,2.0,20,0,0.5551675977653632,0.5298533519553073,0.8701117318435754,300.0,7.366666666666666,1.7,44.836227803606775,0.21245833333333333,0.9949937421777223,49,1.446237886835025,0.6966482100033128,0.8462378868350248,0.5250858806078452,0.9183673469387755,RW,0.000575437083750785
rubble,RW,60,800,0.0,0.05,0.2,,12,0.3,0.2,2.0,20,0,0.5418994413407822,0.5151187150837988,0.7995810055865922,340.0,7.5,1.9166666666666667,46.32116163078376,0.20410416666666667,0.9797979797979798,48,1.2095336230693075,0.4885488324584679,0.6095336230693075,0.36657253843982635,0.9166666666666666,RW,0.0005765831775011066
rubble,RW,60,800,0.0,0.05,0.2,,13,0.3,0.2,2.0,20,0,0.5900837988826816,0.5855446927374302,0.8924581005586593,300.0,6.45,1.4333333333333333,42.33983650062759,0.21108333333333335,1.0279805352798055,49,1.622017302723962,0.6840632830862536,1.022017302723962,0.8508352329626262,0.9591836734693877,RW,0.0005777429687509539
rubble,RW,60,800,0.0,0.05,0.2,,14,0.3,0.2,2.0,20,0,0.5705307262569832,0.5304469273743015,0.8198324022346368,240.0,6.566666666666666,1.8833333333333333,44.481317534489264,0.21285416666666668,1.0460947503201024,45,1.549462668945156,0.5115697164358264,0.9494626689451566,0.9162592362755556,0.9111111111111111,RW,0.0005840148962488456
rubble,RW,60,800,0.0,0.05,0.2,,15,0.3,0.2,2.0,20,0,0.5691340782122905,0.5169692737430166,0.8603351955307262,320.0,6.65,1.9666666666666666,41.45329999461319,0.2076875,1.044871794871795,47,1.6102729623163496,0.5486852665923141,1.0102729623163496,0.9515140319363401,0.9148936170212766,RW,0.0005614749999995184
rubble,RW,60,800,0.0,0.05,0.2,,16,0.3,0.2,2.0,20,0,0.5537709497206704,0.5040851955307262,0.8254189944134078,220.0,6.316666666666666,1.6833333333333333,43.53490386997428,0.19747916666666668,1.0063451776649748,44,1.7823763661075605,0.6985060681928873,1.1823763661075604,0.8763915093895444,0.9545454545454546,RW,0.0005794899474994964
rubble,RW,60,800,0.0,0.05,0.2,,17,0.3,0.2,2.0,20,0,0.5789106145251397,0.5373603351955307,0.8575418994413407,220.0,7.55,1.8666666666666667,46.33954084791175,0.21554166666666666,1.1692524682651622,48,1.4982594242453484,0.7155475748131814,0.8982594242453485,0.5273214455710687,0.875,RW,0.0005728333337492586
rubble,RW,60,800,0.0,0.05,0.2,,18,0.3,0.2,2.0,20,0,0.5935754189944135,0.5132332402234637,0.7953910614525139,280.0,7.15,1.9333333333333333,43.88089769808101,0.24839583333333334,1.1169513797634694,50,1.5223427233501,0.6575343389673307,0.9223427233500999,0.6141368036889068,0.92,RW,0.0005918060412500381
rubble,RW,60,800,0.0,0.05,0.2,,19,0.3,0.2,2.0,20,0,0.5188547486033519,0.5309706703910615,0.86731843575419,280.0,6.983333333333333,2.0,41.89402157575441,0.22464583333333332,0.918417799752781,48,1.4603959924140353,0.7917386777709065,0.8603959924140354,0.37204106089378897,0.8333333333333334,RW,0.0005815831762492962
rubble,RW,60,800,0.0,0.05,0.2,,20,0.3,0.2,2.0,20,0,0.5656424581005587,0.5697974860335195,0.8736033519553073,220.0,7.65,1.9833333333333334,47.94730388067963,0.21939583333333335,1.0546875,51,1.287397203237324,0.5844292277211327,0.687397203237324,0.6288971258423549,0.9607843137254902,RW,0.0005852626562500518
rubble,RW,60,800,0.0,0.05,0.2,,21,0.3,0.2,2.0,20,0,0.5481843575418994,0.5552025139664805,0.8498603351955307,380.0,6.866666666666666,1.7,42.01293356010063,0.21045833333333333,0.8950969213226909,49,1.1115449874577439,0.5185881364048186,0.511544987457744,0.24725107831381032,0.8775510204081632,RW,0.0005831098437511173
rubble,RW,60,800,0.0,0.05,0.2,,22,0.3,0.2,2.0,20,0,0.5314245810055865,0.5295041899441342,0.9134078212290503,280.0,5.85,1.5833333333333333,42.23087788374731,0.174125,1.001315789473684,45,1.3726382169434763,0.6848251373106076,0.7726382169434763,0.35545472691899105,1.0,RW,0.0005656504687499364
rubble,RW,60,800,0.0,0.05,0.2,,23,0.3,0.2,2.0,20,0,0.5027932960893855,0.4815293296089386,0.8582402234636871,240.0,6.783333333333333,1.6333333333333333,41.102221465125496,0.2163125,1.0140845070422535,39,1.7761384305270673,0.7518770107153327,1.1761384305270677,0.7869540673087477,0.8974358974358975,RW,0.0005412508337485633
rubble,RW,60,800,0.0,0.05,0.2,,24,0.3,0.2,2.0,20,0,0.5118715083798883,0.4851606145251396,0.74231843575419,220.0,8.183333333333334,1.8666666666666667,41.91153406232453,0.25272916666666667,1.0940298507462687,48,1.4367255157850682,0.7111118957897961,0.8367255157850687,0.506294444564118,0.9583333333333334,RW,0.0005945058337511
rubble,RW,60,800,0.0,0.05,0.2,,25,0.3,0.2,2.0,20,0,0.526536312849162,0.5076466480446927,0.8568435754189944,240.0,6.566666666666666,1.3833333333333333,39.6197330782585,0.2073125,0.9117291414752116,42,1.7480365585267215,0.7669132410380475,1.1480365585267214,0.6205456434710245,0.9285714285714286,RW,0.0005729623437514419
rubble,RW,60,800,0.0,0.05,0.2,,26,0.3,0.2,2.0,20,0,0.5817039106145251,0.541026536312849,0.8701117318435754,360.0,6.866666666666666,1.8333333333333333,45.73618186201132,0.213375,1.006038647342995,50,1.6692438398020508,0.7338992298812393,1.0692438398020507,0.7124677921404617,1.0,RW,0.0005612982299999203
rubble,RW,60,800,0.0,0.05,0.2,,27,0.3,0.2,2.0,20,0,0.486731843575419,0.548149441340782,0.880586592178771,260.0,6.25,1.95,44.95799349814247,0.1699375,0.8258293838862559,47,1.3632547935961443,0.7099030852580535,0.7632547935961441,0.40405371270821144,0.9148936170212766,RW,0.0005449386462487382
rubble,RW,60,800,0.0,0.05,0.2,,28,0.3,0.2,2.0,20,0,0.5768156424581006,0.5199720670391061,0.8589385474860335,320.0,7.4,1.75,43.77254470364766,0.23902083333333332,1.0783289817232378,49,1.5900944335749707,0.8549006337634676,0.9900944335749708,0.6693739944098497,0.9591836734693877,RW,0.0005711398437483695
rubble,RW,60,800,0.0,0.05,0.2,,29,0.3,0.2,2.0,20,0,0.5349162011173184,0.5100209497206705,0.797486033519553,220.0,7.683333333333334,1.8833333333333333,44.35142593218564,0.2321875,1.0026178010471205,48,1.4180508809484198,0.8005794488550262,0.8180508809484198,0.5787218925546388,0.8333333333333334,RW,0.0005517362499995216
rubble,RW,60,800,0.02,0.05,0.2,,0,0.3,0.2,2.0,20,0,0.513268156424581,0.49343575418994423,0.8051675977653632,220.0,7.316666666666666,1.3666666666666667,50.88630016274492,0.189125,0.9722222222222222,45,1.2815581797756097,0.5712673593323296,0.6815581797756097,0.4111616470518532,0.8,RW,0.0005620619274986894
rubble,RW,60,800,0.02,0.05,0.2,,1,0.3,0.2,2.0,20,0,0.5977653631284916,0.5690293296089385,0.8582402234636871,300.0,7.666666666666667,1.6666666666666667,54.81781684482432,0.20575,1.0960307298335468,50,1.2914571048834846,0.6610597275415253,0.6914571048834846,0.3807887019572041,0.96,RW,0.000565687656251157
rubble,RW,60,800,0.02,0.05,0.2,,2,0.3,0.2,2.0,20,0,0.5384078212290503,0.5490921787709497,0.8575418994413407,280.0,7.466666666666667,1.7833333333333334,53.13240027646771,0.1775625,0.9577639751552796,46,1.4394145746830629,0.5703946909953951,0.8394145746830629,0.5837423193755183,0.9565217391304348,RW,0.0005706869799996639
rubble,RW,60,800,0.02,0.05,0.2,,3,0.3,0.2,2.0,20,0,0.5377094972067039,0.5654329608938548,0.9043296089385475,240.0,7.416666666666667,1.55,55.02670111544433,0.1794375,1.0013003901170352,49,1.3402237471026066,0.5974769154384123,0.7402237471026064,0.4572476259401127,1.0,RW,0.0005633912500002225
rubble,RW,60,800,0.02,0.05,0.2,,4,0.3,0.2,2.0,20,0,0.5481843575418994,0.5306913407821229,0.7960893854748603,220.0,7.3,1.7,50.94776070442537,0.20702083333333332,1.0452729693741678,46,1.735090826410843,0.6637178432124164,1.1350908264108428,0.9157836764874652,0.9565217391304348,RW,0.0005662805725000908
rubble,RW,60,800,0.02,0.05,0.2,,5,0.3,0.2,2.0,20,0,0.5181564245810056,0.5463337988826816,0.835195530726257,300.0,7.266666666666667,1.7833333333333334,52.715063207605255,0.21372916666666666,0.9525032092426189,50,1.3589940080117904,0.5564953125420261,0.7589940080117903,0.49807355283730603,1.0,RW,0.0005631891675011502
rubble,RW,60,800,0.02,0.05,0.2,,6,0.3,0.2,2.0,20,0,0.5405027932960894,0.5503840782122905,0.803072625698324,260.0,7.766666666666667,1.9,54.29313385100711,0.22070833333333334,1.0292553191489362,52,1.3987559068055242,0.6892000687942211,0.7987559068055238,0.48785782782890064,0.8076923076923077,RW,0.0005771782287501991
rubble,RW,60,800,0.02,0.05,0.2,,7,0.3,0.2,2.0,20,0,0.5593575418994413,0.5884078212290502,0.9483240223463687,280.0,6.816666666666666,1.8166666666666667,50.922795615076566,0.1864375,0.9154285714285714,49,1.380152095181735,0.6682309068806843,0.7801520951817352,0.5372612161038764,0.9183673469387755,RW,0.0005651946874991153
rubble,RW,60,800,0.02,0.05,0.2,,8,0.3,0.2,2.0,20,0,0.5712290502793296,0.5595670391061452,0.9113128491620112,260.0,7.833333333333333,1.7333333333333334,56.442684235930436,0.1956875,1.097986577181208,51,1.339790689017705,0.7166880597545425,0.739790689017705,0.25388158562602203,1.0,RW,0.0005681681775013204
rubble,RW,60,800,0.02,0.05,0.2,,9,0.3,0.2,2.0,20,0,0.5670391061452514,0.5653980446927375,0.9420391061452514,320.0,7.65,1.7166666666666666,53.26252485954241,0.18975,0.9914529914529916,49,1.59024734457273,0.7660615967170668,0.99024734457273,0.8550460836096428,0.9183673469387755,RW,0.0005645856774981439
rubble,RW,60,800,0.02,0.05,0.2,,11,0.3,0.2,2.0,20,0,0.5523743016759777,0.5440642458100559,0.8268156424581006,280.0,7.333333333333333,1.7,55.83045193655163,0.18941666666666668,0.9394299287410927,49,1.3577104950540142,0.45999520831724666,0.7577104950540146,0.6742173429803927,0.8775510204081632,RW,0.0005700563012510429
rubble,RW,60,800,0.02,0.05,0.2,,10,0.3,0.2,2.0,20,0,0.5712290502793296,0.5013268156424581,0.8582402234636871,320.0,7.6,1.5333333333333334,50.38036030888159,0.1953125,1.157001414427157,44,1.7991222949088068,0.7144268345600369,1.1991222949088065,0.8185699938518557,0.8636363636363636,RW,0.0005757995825001671
rubble,RW,60,800,0.02,0.05,0.2,,12,0.3,0.2,2.0,20,0,0.6005586592178771,0.5452863128491622,0.9085195530726257,220.0,7.066666666666666,1.9333333333333333,55.38303729896684,0.17985416666666668,1.1082474226804122,49,1.7087262584487521,0.7306838725647624,1.1087262584487525,0.8238116333627404,0.9183673469387755,RW,0.0005730115625010513
rubble,RW,60,800,0.02,0.05,0.2,,13,0.3,0.2,2.0,20,0,0.5279329608938548,0.503072625698324,0.8317039106145251,320.0,8.1,1.3833333333333333,49.573776491480594,0.23366666666666666,0.9606099110546379,43,1.482252374337948,0.8978579211810063,0.8822523743379482,0.35639309490474447,0.8604651162790697,RW,0.0005851427087486627
rubble,RW,60,800,0.02,0.05,0.2,,14,0.3,0.2,2.0,20,0,0.5439944134078212,0.5254539106145251,0.8198324022346368,240.0,7.433333333333334,1.6333333333333333,53.33104380503592,0.221375,1.0527027027027025,49,1.5378034502860978,0.6936525863910254,0.9378034502860978,0.663930919443051,0.9591836734693877,RW,0.000588796406250367
rubble,RW,60,800,0.02,0.05,0.2,,15,0.3,0.2,2.0,20,0,0.5670391061452514,0.5249650837988826,0.861731843575419,280.0,8.133333333333333,1.8333333333333333,56.56902103609481,0.2305625,1.0987821380243572,49,1.589260002858642,0.75086413836401,0.9892600028586421,0.7388746776775,0.9591836734693877,RW,0.0005696914587497304
rubble,RW,60,800,0.02,0.05,0.2,,16,0.3,0.2,2.0,20,0,0.4860335195530726,0.5103701117318437,0.8847765363128491,340.0,7.25,1.4333333333333333,49.8999131831116,0.21495833333333333,0.9109947643979058,42,1.6270133290699391,0.8162721862292273,1.0270133290699395,0.547266939723643,0.9047619047619048,RW,0.0005561883337486507
rubble,RW,60,800,0.02,0.05,0.2,,17,0.3,0.2,2.0,20,0,0.577513966480447,0.5475907821229049,0.8847765363128491,300.0,7.466666666666667,2.0,55.305792994503264,0.19591666666666666,1.0222496909765142,48,1.5318972374444673,0.7373621709358469,0.9318972374444673,0.45641498182734186,0.8333333333333334,RW,0.0005754438024996489
rubble,RW,60,800,0.02,0.05,0.2,,18,0.3,0.2,2.0,20,0,0.5879888268156425,0.5714734636871509,0.8400837988826816,300.0,7.25,1.6333333333333333,53.57122952310144,0.23545833333333333,1.0935064935064935,52,1.4832610971005145,0.5813945830146054,0.8832610971005145,0.8786411042245909,1.0,RW,0.0005678530737509391
rubble,RW,60,800,0.02,0.05,0.2,,19,0.3,0.2,2.0,20,0,0.5090782122905028,0.5099162011173182,0.8142458100558659,320.0,7.516666666666667,1.7333333333333334,53.19305757583534,0.18808333333333332,0.8762019230769229,44,1.567411881997534,0.7035746993939896,0.967411881997534,0.7148967989113121,1.0,RW,0.0005584617187514595
rubble,RW,60,800,0.02,0.05,0.2,,20,0.3,0.2,2.0,20,0,0.5831005586592178,0.5525488826815642,0.909217877094972,280.0,6.8,1.7333333333333334,54.59842095690859,0.20810416666666667,1.0108958837772397,49,1.4630028239319341,0.6637854323993271,0.8630028239319343,0.45085435626505943,0.9591836734693877,RW,0.0005753888012486641
rubble,RW,60,800,0.02,0.05,0.2,,21,0.3,0.2,2.0,20,0,0.5335195530726257,0.5266061452513966,0.854050279329609,280.0,8.433333333333334,1.6333333333333333,54.01615155122702,0.23995833333333333,1.0929899856938483,51,1.5940635939713172,0.8333668933637649,0.9940635939713175,0.5943650939590962,0.9215686274509803,RW,0.0006200836462494408
rubble,RW,60,800,0.02,0.05,0.2,,22,0.3,0.2,2.0,20,0,0.5370111731843575,0.5357541899441339,0.7702513966480447,300.0,7.783333333333333,1.7166666666666666,56.9735730903651,0.1990625,1.0171957671957672,51,1.3410522261913758,0.5861330509055317,0.7410522261913756,0.4536670106620543,0.8823529411764706,RW,0.0006088053124994985
rubble,RW,60,800,0.02,0.05,0.2,,23,0.3,0.2,2.0,20,0,0.48114525139664804,0.49392458100558645,0.8205307262569832,300.0,8.033333333333333,1.5333333333333334,50.097674957081544,0.21264583333333334,0.8788265306122449,42,1.451867939508703,0.6995045602307588,0.8518679395087029,0.3285576960422955,0.8809523809523809,RW,0.0006004344274992946
rubble,RW,60,800,0.02,0.05,0.2,,24,0.3,0.2,2.0,20,0,0.5300279329608939,0.5143505586592179,0.8854748603351955,280.0,7.816666666666666,1.45,53.46832176076189,0.22847916666666668,1.0425824175824177,46,1.6507159711422363,0.7368816359871744,1.0507159711422371,0.6918633434340816,0.9565217391304348,RW,0.0006026505212503253
rubble,RW,60,800,0.02,0.05,0.2,,25,0.3,0.2,2.0,20,0,0.6054469273743017,0.5665502793296089,0.8568435754189944,300.0,7.483333333333333,1.7666666666666666,51.384854296121574,0.20525,1.061199510403917,50,1.5927539819918197,0.623537418180023,0.9927539819918196,0.8371623192119714,0.96,RW,0.0006138137499988261
rubble,RW,60,800,0.02,0.05,0.2,,26,0.3,0.2,2.0,20,0,0.539804469273743,0.5167248603351956,0.7807262569832403,240.0,6.883333333333334,1.3833333333333333,53.14427375580523,0.1804375,0.9910256410256412,47,1.5257171691459757,0.734166379199592,0.9257171691459759,0.4849170601499394,0.8723404255319149,RW,0.0006134803124996324
rubble,RW,60,800,0.02,0.05,0.2,,27,0.3,0.2,2.0,20,0,0.5747206703910615,0.5740223463687151,0.914804469273743,280.0,6.983333333333333,1.8166666666666667,53.86137164740108,0.18414583333333334,1.0716145833333333,50,1.3891110860910771,0.5206132484907181,0.7891110860910772,0.6961134324636838,0.96,RW,0.0005954043749989068
rubble,RW,60,800,0.02,0.05,0.2,,29,0.3,0.2,2.0,20,0,0.5314245810055865,0.5240921787709497,0.8868715083798883,300.0,7.616666666666666,1.3666666666666667,50.42143824530487,0.20114583333333333,0.9768934531450577,44,1.7775290252511278,0.8810086692257079,1.1775290252511277,0.4993046340427799,0.9090909090909091,RW,0.000592963490000784
rubble,RW,60,800,0.02,0.05,0.2,,28,0.3,0.2,2.0,20,0,0.590782122905028,0.5525837988826817,0.7695530726256983,260.0,8.483333333333333,1.6833333333333333,54.34616071165041,0.22935416666666666,1.154160982264666,52,1.5356850287565864,0.867180577701288,0.9356850287565864,0.44545710263232297,0.8846153846153846,RW,0.0006376690624983894
rubble,RW,60,800,0.04,0.05,0.2,,2,0.3,0.2,2.0,20,0,0.5069832402234636,0.48599860335195527,0.9343575418994413,280.0,7.6,1.3666666666666667,60.602929728967446,0.166,0.8929889298892988,43,1.5370018574318065,0.6569565133746991,0.9370018574318064,0.6676251365869185,0.8604651162790697,RW,0.0005778745312500177
rubble,RW,60,800,0.04,0.05,0.2,,0,0.3,0.2,2.0,20,0,0.5837988826815642,0.5594622905027933,0.8505586592178771,260.0,8.183333333333334,1.4833333333333334,66.72221982730183,0.176375,1.0195121951219512,51,1.3477360761882007,0.550464806301474,0.7477360761882011,0.6863188779696409,0.8235294117647058,RW,0.0006138486462509717
rubble,RW,60,800,0.04,0.05,0.2,,1,0.3,0.2,2.0,20,0,0.5251396648044693,0.500768156424581,0.789804469273743,240.0,7.666666666666667,1.2833333333333334,60.264453497553504,0.17072916666666665,0.912621359223301,44,1.6473353678487994,0.6785599262366163,1.0473353678487998,0.5584052953969488,0.9545454545454546,RW,0.0006126186450001115
rubble,RW,60,800,0.04,0.05,0.2,,3,0.3,0.2,2.0,20,0,0.5649441340782123,0.583240223463687,0.9273743016759777,360.0,7.466666666666667,1.5,64.93025759443076,0.170375,0.9630952380952381,49,1.3782294985406573,0.7693510762123543,0.7782294985406574,0.4212995542117012,0.8367346938775511,RW,0.0006081747400003224
rubble,RW,60,800,0.04,0.05,0.2,,4,0.3,0.2,2.0,20,0,0.5991620111731844,0.5941340782122906,0.9427374301675978,240.0,7.3,1.5666666666666667,67.75672766698243,0.17614583333333333,1.0275449101796408,54,1.4106786171218249,0.7161785807295619,0.8106786171218249,0.5052786528318998,0.8888888888888888,RW,0.000598619687500559
rubble,RW,60,800,0.04,0.05,0.2,,5,0.3,0.2,2.0,20,0,0.5698324022346368,0.5439944134078213,0.8736033519553073,280.0,7.083333333333333,1.7,64.16203192477153,0.18741666666666668,1.0099009900990097,49,1.5220483872780843,0.762801412070262,0.9220483872780842,0.5073848512461555,1.0,RW,0.0006212294262513751
rubble,RW,60,800,0.04,0.05,0.2,,6,0.3,0.2,2.0,20,0,0.5020949720670391,0.4733240223463688,0.7667597765363129,260.0,7.616666666666666,1.3,61.29149791829762,0.18220833333333333,0.9055415617128463,43,1.5419326322600324,0.8302139417047724,0.9419326322600324,0.3224062435468622,0.7674418604651163,RW,0.0005844073962498441
rubble,RW,60,800,0.04,0.05,0.2,,7,0.3,0.2,2.0,20,0,0.5733240223463687,0.5520251396648044,0.8652234636871509,400.0,8.266666666666667,1.6666666666666667,63.60421511713072,0.20695833333333333,1.045859872611465,51,1.6931293221994812,0.8091769468266894,1.0931293221994813,0.5251915968274593,0.9607843137254902,RW,0.0005883716662515325
rubble,RW,60,800,0.04,0.05,0.2,,8,0.3,0.2,2.0,20,0,0.5356145251396648,0.5227653631284915,0.8142458100558659,200.0,7.85,1.4833333333333334,61.68214324896583,0.17629166666666668,1.0478142076502732,45,1.527430327535335,0.4971629876590953,0.927430327535335,0.8494413339740036,1.0,RW,0.0005763627074998112
rubble,RW,60,800,0.04,0.05,0.2,,9,0.3,0.2,2.0,20,0,0.5013966480446927,0.5197276536312849,0.8896648044692738,260.0,7.516666666666667,1.6166666666666667,63.42173994438038,0.168625,0.9169859514687102,44,1.5038800779146213,0.8518150371274583,0.9038800779146213,0.34585480448496725,0.9545454545454546,RW,0.0005697584375002406
rubble,RW,60,800,0.04,0.05,0.2,,11,0.3,0.2,2.0,20,0,0.5174581005586593,0.5611731843575419,0.8952513966480447,260.0,7.016666666666667,1.3,62.31436911739671,0.1555625,0.8769230769230769,43,1.4625349630284414,0.573144860890199,0.8625349630284412,0.7520631602888256,0.813953488372093,RW,0.000563510781248624
rubble,RW,60,800,0.04,0.05,0.2,,12,0.3,0.2,2.0,20,0,0.630586592178771,0.5797835195530726,0.8791899441340782,280.0,7.233333333333333,1.6333333333333333,63.207984399345136,0.16779166666666667,1.089264173703257,50,1.5324597209513928,0.6266067221595981,0.9324597209513926,0.6640499444259993,1.0,RW,0.0005662733337499048
rubble,RW,60,800,0.04,0.05,0.2,,13,0.3,0.2,2.0,20,0,0.5579608938547486,0.5581005586592178,0.9392458100558659,300.0,8.616666666666667,1.5333333333333334,63.877804446751945,0.20802083333333332,0.9007891770011274,48,1.3776401606068285,0.562202307321173,0.7776401606068282,0.585188877693171,0.9583333333333334,RW,0.0005866345312506383
rubble,RW,60,800,0.04,0.05,0.2,,14,0.3,0.2,2.0,20,0,0.6096368715083799,0.5856843575418995,0.9210893854748603,240.0,7.083333333333333,1.4,61.889515416196076,0.19872916666666668,1.0480192076830732,49,1.6158492552566066,0.6311250586828419,1.0158492552566067,0.8398123079110636,1.0,RW,0.0005764427612507461
rubble,RW,60,800,0.04,0.05,0.2,,10,0.3,0.2,2.0,20,0,0.5446927374301676,0.5434706703910615,0.8093575418994413,280.0,8.466666666666667,1.4166666666666667,66.4955866224788,0.192,1.0249671484888305,51,1.4873865831365578,0.7002781014638148,0.8873865831365574,0.6356648757229718,0.8823529411764706,RW,0.0007386382812501325
rubble,RW,60,800,0.04,0.05,0.2,,15,0.3,0.2,2.0,20,0,0.577513966480447,0.5685754189944134,0.9587988826815642,360.0,7.533333333333333,1.5,63.146625091490606,0.19308333333333333,0.9048140043763676,49,1.49550651511901,0.650419687114967,0.8955065151190098,0.7144575742724025,0.9591836734693877,RW,0.0005687416149999081
rubble,RW,60,800,0.04,0.05,0.2,,16,0.3,0.2,2.0,20,0,0.5921787709497207,0.5295740223463687,0.8708100558659218,320.0,8.266666666666667,1.6833333333333333,66.34045752617456,0.20452083333333335,1.0775095298602289,52,1.4433836524998789,0.7233173350487396,0.8433836524998792,0.4339353706451311,0.8461538461538461,RW,0.0005812955212491034
rubble,RW,60,800,0.04,0.05,0.2,,17,0.3,0.2,2.0,20,0,0.6396648044692738,0.5891410614525138,0.8987430167597765,300.0,9.216666666666667,1.25,68.9667273188357,0.1906875,1.085308056872038,55,1.5496126201594602,0.6279708606511804,0.94961262015946,0.692724529884377,0.9272727272727272,RW,0.0006208325524994507
rubble,RW,60,800,0.04,0.05,0.2,,18,0.3,0.2,2.0,20,0,0.5837988826815642,0.5206354748603352,0.8784916201117319,300.0,7.2,1.2,59.09451025066655,0.1893125,1.063613231552163,45,1.6499860613843105,0.7219535194911925,1.0499860613843104,0.4757526119680996,0.9555555555555556,RW,0.0005918204162480834
rubble,RW,60,800,0.04,0.05,0.2,,19,0.3,0.2,2.0,20,0,0.5935754189944135,0.5917946927374302,0.8903631284916201,240.0,7.3,1.8166666666666667,64.38349198050562,0.16225,1.0071090047393365,48,1.6206853504781533,0.6206873909827049,1.0206853504781537,0.647305797476534,0.9166666666666666,RW,0.0005811494787508309
rubble,RW,60,800,0.04,0.05,0.2,,20,0.3,0.2,2.0,20,0,0.5698324022346368,0.5517458100558659,0.7912011173184358,300.0,8.316666666666666,1.5166666666666666,64.3651167580935,0.21583333333333332,1.0434782608695652,53,1.3453253773268758,0.47405193989767774,0.745325377326876,0.7145818845352881,0.9622641509433962,RW,0.000598257136250595
rubble,RW,60,800,0.04,0.05,0.2,,21,0.3,0.2,2.0,20,0,0.5593575418994413,0.5271648044692737,0.9203910614525139,300.0,7.0,1.3,56.74436882702386,0.19014583333333332,0.9987531172069826,42,1.7556164070001563,0.7034617271265314,1.155616407000156,0.6945232646300176,0.9523809523809523,RW,0.0005738700524989326
rubble,RW,60,800,0.04,0.05,0.2,,22,0.3,0.2,2.0,20,0,0.5893854748603352,0.5891410614525141,0.9141061452513967,340.0,7.333333333333333,1.75,62.14959203055274,0.170875,1.0107784431137725,48,1.6649921674015788,0.6301030044246057,1.064992167401579,0.8277716125479633,0.9583333333333334,RW,0.0005851149999989503
rubble,RW,60,800,0.04,0.05,0.2,,23,0.3,0.2,2.0,20,0,0.5740223463687151,0.5405027932960895,0.8142458100558659,260.0,6.866666666666666,1.4166666666666667,64.3798705880617,0.16966666666666666,1.0185873605947955,47,1.527981625068996,0.49744347761326013,0.927981625068996,0.5663916083691015,0.9574468085106383,RW,0.0005558169787514089
rubble,RW,60,800,0.04,0.05,0.2,,24,0.3,0.2,2.0,20,0,0.5111731843575419,0.47908519553072626,0.8722067039106145,300.0,7.916666666666667,1.3833333333333333,56.91827976428693,0.20941666666666667,0.9825503355704699,40,1.7432647209454817,0.8802052346839406,1.1432647209454818,0.6119969166727133,0.85,RW,0.0005839480212489434
rubble,RW,60,800,0.04,0.05,0.2,,25,0.3,0.2,2.0,20,0,0.505586592178771,0.5071578212290503,0.8037709497206704,320.0,8.516666666666667,1.2833333333333334,59.937850609583634,0.2040625,0.9666221628838453,45,1.5565887931636468,0.43892829218647805,0.9565887931636474,0.8563012138742506,0.9555555555555556,RW,0.0005732297400004427
rubble,RW,60,800,0.04,0.05,0.2,,26,0.3,0.2,2.0,20,0,0.5223463687150838,0.5219972067039106,0.8400837988826816,240.0,6.783333333333333,1.3666666666666667,61.014794505716544,0.15454166666666666,0.9088699878493317,45,1.4167019793126083,0.6239279705623699,0.8167019793126085,0.4105503103636067,0.9555555555555556,RW,0.0005571810937499322
rubble,RW,60,800,0.04,0.05,0.2,,27,0.3,0.2,2.0,20,0,0.6208100558659218,0.5846019553072626,0.9811452513966481,200.0,8.15,1.5666666666666667,63.83640297094966,0.16747916666666668,1.0011261261261262,50,1.7186047951180365,0.5090433884637482,1.1186047951180367,0.9751690811167988,1.0,RW,0.0005738986450000993
rubble,RW,60,800,0.04,0.05,0.2,,28,0.3,0.2,2.0,20,0,0.5810055865921788,0.5826117318435754,0.9755586592178771,220.0,6.633333333333334,1.4833333333333334,62.85033954843968,0.18327083333333333,1.042606516290727,48,1.6127171588994607,0.6861057723177596,1.0127171588994608,0.7684586372668731,0.9583333333333334,RW,0.0005639930200004528
rubble,RW,60,800,0.07,0.05,0.2,,0,0.3,0.2,2.0,20,0,0.6159217877094972,0.5361382681564246,0.9266759776536313,280.0,9.983333333333333,1.3833333333333333,78.62216095525929,0.16179166666666667,1.1150442477876106,48,1.5730304102171873,0.538736778829479,0.9730304102171873,0.7383455227930492,0.9166666666666666,RW,0.0005739882812486031
rubble,RW,60,800,0.04,0.05,0.2,,29,0.3,0.2,2.0,20,0,0.6333798882681564,0.5817737430167598,0.8470670391061452,240.0,7.7,2.033333333333333,69.1824175181305,0.19827083333333334,1.1295143212951433,56,1.333522278450177,0.5727696522593364,0.7335222784501768,0.6253768346022752,0.8928571428571429,RW,0.0006037318225003219
rubble,RW,60,800,0.07,0.05,0.2,,1,0.3,0.2,2.0,20,0,0.5865921787709497,0.5689944134078212,0.9357541899441341,220.0,8.933333333333334,1.6666666666666667,77.96968577510394,0.154375,1.0894941634241244,48,1.4525508242164022,0.6569336063123319,0.8525508242164022,0.5258164935714368,1.0,RW,0.0005860154162496655
rubble,RW,60,800,0.07,0.05,0.2,,2,0.3,0.2,2.0,20,0,0.5642458100558659,0.5644203910614525,0.8666201117318436,240.0,8.683333333333334,1.5666666666666667,77.62545895499517,0.148125,1.0227848101265822,47,1.4334726143375747,0.7830017974790406,0.8334726143375746,0.3539856529852199,0.9148936170212766,RW,0.0005557648962485473
rubble,RW,60,800,0.07,0.05,0.2,,3,0.3,0.2,2.0,20,0,0.5782122905027933,0.5177025139664806,0.8896648044692738,280.0,8.616666666666667,1.35,73.74080363305022,0.153125,1.08519003931848,42,1.7322984992274504,0.5433334877383411,1.1322984992274503,0.7499343340791025,0.9523809523809523,RW,0.0005798642187482983
rubble,RW,60,800,0.07,0.05,0.2,,4,0.3,0.2,2.0,20,0,0.5377094972067039,0.5432960893854749,0.9106145251396648,240.0,8.683333333333334,1.4333333333333333,74.12303638871008,0.15875,0.9436274509803922,44,1.5517137882848102,0.6422642577428375,0.9517137882848103,0.5927917761001661,0.9545454545454546,RW,0.0005741910937513239
rubble,RW,60,800,0.07,0.05,0.2,,5,0.3,0.2,2.0,20,0,0.604050279329609,0.5578561452513967,0.895949720670391,360.0,9.633333333333333,1.5,77.36675093935345,0.19233333333333333,1.063960639606396,49,1.4685297628283696,0.5615695865126453,0.8685297628283697,0.6379175180884534,0.9591836734693877,RW,0.0005864776562498264
rubble,RW,60,800,0.07,0.05,0.2,,6,0.3,0.2,2.0,20,0,0.6096368715083799,0.5990921787709497,0.9427374301675978,300.0,8.316666666666666,1.95,78.34112939700518,0.16479166666666667,1.0,50,1.7398932830696332,0.5453173636668817,1.1398932830696333,0.9090836159713516,1.0,RW,0.0005713574474998496
rubble,RW,60,800,0.07,0.05,0.2,,7,0.3,0.2,2.0,20,0,0.5432960893854749,0.5466131284916201,0.8889664804469274,340.0,8.95,1.4,76.15800027706314,0.16897916666666668,0.8771138669673056,48,1.6580022283049105,0.53328542773639,1.0580022283049104,0.8715326553745704,0.9166666666666666,RW,0.000588895937498819
rubble,RW,60,800,0.07,0.05,0.2,,8,0.3,0.2,2.0,20,0,0.5621508379888268,0.5637918994413408,0.8938547486033519,220.0,8.416666666666666,1.6,76.52728034890954,0.15,0.9349593495934959,46,1.623325273777897,0.615318104576198,1.0233252737778962,0.7536257432086121,0.9347826086956522,RW,0.0005771697912496165
rubble,RW,60,800,0.07,0.05,0.2,,9,0.3,0.2,2.0,20,0,0.6361731843575419,0.6216480446927375,0.8952513966480447,220.0,9.75,1.95,84.24597809679527,0.15720833333333334,1.092326139088729,54,1.3862429092038435,0.5881472841044454,0.7862429092038435,0.4827051832868189,0.9259259259259259,RW,0.0005772218225001779
rubble,RW,60,800,0.07,0.05,0.2,,10,0.3,0.2,2.0,20,0,0.590782122905028,0.5559706703910614,0.9385474860335196,340.0,10.4,1.55,81.31692962990776,0.173,1.0071428571428571,52,1.4025969867460748,0.6275902296202416,0.802596986746075,0.560501686489788,0.8846153846153846,RW,0.0005904843237499335
rubble,RW,60,800,0.07,0.05,0.2,,11,0.3,0.2,2.0,20,0,0.5754189944134078,0.5603351955307263,0.9406424581005587,280.0,10.866666666666667,1.8333333333333333,81.59888536895764,0.18185416666666668,1.0645994832041343,51,1.3956147774933918,0.7327529547712199,0.7956147774933922,0.2951966566956834,0.8431372549019608,RW,0.0005915319800010366
rubble,RW,60,800,0.07,0.05,0.2,,12,0.3,0.2,2.0,20,0,0.5104748603351955,0.4970670391061452,0.9392458100558659,240.0,8.566666666666666,1.2666666666666666,74.62759921865259,0.13995833333333332,0.9580602883355177,42,1.5998749008145137,0.6923889939903335,0.9998749008145138,0.8378929378150551,0.9523809523809523,RW,0.0005462816149997706
rubble,RW,60,800,0.07,0.05,0.2,,13,0.3,0.2,2.0,20,0,0.6445530726256983,0.5465083798882682,0.8945530726256983,320.0,10.866666666666667,1.3833333333333333,74.50228747055267,0.20535416666666667,1.2128777923784495,49,1.5863200301280518,0.5386326413357392,0.9863200301280518,0.8067477680468921,0.9591836734693877,RW,0.0006000302074994579
rubble,RW,60,800,0.07,0.05,0.2,,14,0.3,0.2,2.0,20,0,0.6082402234636871,0.5671089385474859,0.848463687150838,300.0,8.916666666666666,1.65,77.34921175740814,0.18291666666666667,1.0583232077764277,48,1.823367525276052,0.6624678867809458,1.2233675252760519,0.8958094979799583,0.9583333333333334,RW,0.0005886676562499815
rubble,RW,60,800,0.07,0.05,0.2,,15,0.3,0.2,2.0,20,0,0.5768156424581006,0.5622206703910615,0.9001396648044693,300.0,9.383333333333333,1.65,78.27225551577764,0.1664375,0.9505178365937861,49,1.3257601502753655,0.6642244892308483,0.7257601502753653,0.3405349999019033,0.8367346938775511,RW,0.0005842674475002241
rubble,RW,60,800,0.07,0.05,0.2,,16,0.3,0.2,2.0,20,0,0.6033519553072626,0.5509427374301676,0.8666201117318436,280.0,8.45,1.9,77.32005915597479,0.15447916666666667,1.1566265060240966,48,1.693905070191448,0.47943693612302646,1.093905070191448,1.0116308007121972,0.9583333333333334,RW,0.0005769360937506463
rubble,RW,60,800,0.07,0.05,0.2,,17,0.3,0.2,2.0,20,0,0.5768156424581006,0.5990572625698323,0.994413407821229,300.0,8.15,1.5,77.42978083174992,0.14097916666666666,0.9167591564927857,47,1.6146384594715237,0.603878564455524,1.0146384594715236,0.7398041499969478,1.0,RW,0.0005764655200005109
rubble,RW,60,800,0.07,0.05,0.2,,18,0.3,0.2,2.0,20,0,0.590782122905028,0.556913407821229,0.9099162011173184,280.0,8.65,1.6333333333333333,76.3096296844315,0.185,1.053549190535492,49,1.4844617176079662,0.6237384196946468,0.884461717607966,0.5731144546330892,1.0,RW,0.0005898244800005159
rubble,RW,60,800,0.07,0.05,0.2,,19,0.3,0.2,2.0,20,0,0.5286312849162011,0.5386173184357543,0.880586592178771,320.0,9.933333333333334,1.7666666666666666,80.25247727974224,0.165125,0.9643312101910829,51,1.6579758242357843,0.8073280123661165,1.057975824235784,0.69889553185943,0.9215686274509803,RW,0.0005729261975011468
rubble,RW,60,800,0.07,0.05,0.2,,20,0.3,0.2,2.0,20,0,0.5970670391061452,0.5306564245810057,0.8736033519553073,260.0,9.0,1.3666666666666667,74.13572416993745,0.18697916666666667,1.1176470588235294,44,1.7615449839508386,0.6671333159653466,1.1615449839508387,0.8125003631490649,1.0,RW,0.0005905451562489361
rubble,RW,60,800,0.07,0.05,0.2,,21,0.3,0.2,2.0,20,0,0.6410614525139665,0.5514664804469274,0.9182960893854749,220.0,9.933333333333334,1.8666666666666667,80.17682067560045,0.203125,1.204724409448819,52,1.6029651086069125,0.6422709967675516,1.0029651086069125,0.799578741034727,1.0,RW,0.0006097929162478977
rubble,RW,60,800,0.07,0.05,0.2,,22,0.3,0.2,2.0,20,0,0.5272346368715084,0.5456354748603351,0.9608938547486033,300.0,8.666666666666666,1.5,79.02475436892233,0.1494375,0.8977407847800238,48,1.4110526083696087,0.6131299653028005,0.8110526083696087,0.662430707699105,0.9166666666666666,RW,0.0005787061462501696
rubble,RW,60,800,0.07,0.05,0.2,,23,0.3,0.2,2.0,20,0,0.5740223463687151,0.5429120111731843,0.9043296089385475,260.0,9.2,1.4833333333333334,76.79591911442733,0.16389583333333332,0.982078853046595,47,1.5373495767740808,0.6923193868379481,0.9373495767740812,0.530147179465498,0.8723404255319149,RW,0.0005853467187489513
rubble,RW,60,800,0.07,0.05,0.2,,25,0.3,0.2,2.0,20,0,0.5558659217877095,0.5009427374301676,0.8680167597765364,260.0,8.95,1.55,73.01210547526246,0.16379166666666667,1.0088719898605831,43,1.565065310232937,0.5912791925690687,0.9650653102329372,1.0151374401974835,0.9069767441860465,RW,0.0005915729687512795
rubble,RW,60,800,0.07,0.05,0.2,,24,0.3,0.2,2.0,20,0,0.5607541899441341,0.5106843575418993,0.8505586592178771,240.0,9.566666666666666,1.3666666666666667,73.28445090790943,0.1943125,1.163768115942029,45,1.590118787791649,0.6574907433368282,0.9901187877916491,0.6568132784729807,0.9111111111111111,RW,0.0006032459887501318
rubble,RW,60,800,0.07,0.05,0.2,,26,0.3,0.2,2.0,20,0,0.5488826815642458,0.5325768156424582,0.8142458100558659,200.0,8.616666666666667,1.8333333333333333,78.83579046116047,0.14660416666666667,0.9800498753117207,49,1.5159916897446513,0.587164150094329,0.9159916897446517,0.7023688180403712,1.0,RW,0.0005915166662498451
rubble,RW,60,800,0.07,0.05,0.2,,27,0.3,0.2,2.0,20,0,0.5034916201117319,0.48310055865921786,0.821927374301676,240.0,8.966666666666667,1.7833333333333334,71.60058984785337,0.14308333333333334,0.952443857331572,40,1.6400238947897983,0.7399836238202937,1.0400238947897982,0.7456906919390438,0.95,RW,0.0005815248962517216
rubble,RW,60,800,0.07,0.05,0.2,,28,0.3,0.2,2.0,20,0,0.547486033519553,0.5590782122905027,0.8379888268156425,260.0,9.216666666666667,1.75,76.12168166526433,0.17852083333333332,1.039787798408488,47,1.6748547311284299,0.7947386579221741,1.07485473112843,0.678638283735764,1.0,RW,0.0005846020837498145
rubble,RW,60,800,0.07,0.05,0.2,,29,0.3,0.2,2.0,20,0,0.577513966480447,0.5518156424581007,0.8938547486033519,240.0,9.133333333333333,1.6166666666666667,75.32636002365412,0.15983333333333333,1.017220172201722,46,1.563653673442563,0.593621808089701,0.9636536734425631,0.8382711522224062,0.8695652173913043,RW,0.0005899539587494473
rubble,RW,60,800,0.1,0.05,0.2,,0,0.3,0.2,2.0,20,0,0.5502793296089385,0.5282472067039107,0.8736033519553073,240.0,12.416666666666666,2.316666666666667,95.52115823611871,0.1409375,1.0563002680965148,48,1.4765110147803473,0.6052358542218633,0.8765110147803473,0.6893661364118181,0.9166666666666666,RW,0.0006004282812500605
rubble,RW,60,800,0.1,0.05,0.2,,1,0.3,0.2,2.0,20,0,0.5649441340782123,0.5980446927374301,0.9881284916201117,280.0,11.3,1.9333333333333333,95.4910238539942,0.14558333333333334,0.9853836784409258,52,1.3250861457474865,0.6767928565954145,0.7250861457474861,0.3921061535044832,0.9230769230769231,RW,0.0006148391150009047
rubble,RW,60,800,0.1,0.05,0.2,,2,0.3,0.2,2.0,20,0,0.6438547486033519,0.5984986033519553,0.9811452513966481,280.0,9.55,2.1,96.4552458871274,0.13410416666666666,1.1539424280350439,50,1.5271837056984037,0.5408170656366356,0.9271837056984037,0.7351117383710716,1.0,RW,0.0005890278650008441
rubble,RW,60,800,0.1,0.05,0.2,,3,0.3,0.2,2.0,20,0,0.5418994413407822,0.5178421787709497,0.8722067039106145,260.0,11.15,2.066666666666667,90.20106358336074,0.14514583333333334,0.9463414634146342,47,1.5897910307525949,0.7147898585320651,0.9897910307525951,0.6197137091924992,0.9574468085106383,RW,0.000599598750000041
rubble,RW,60,800,0.1,0.05,0.2,,4,0.3,0.2,2.0,20,0,0.6012569832402235,0.5794692737430166,0.9308659217877095,320.0,11.483333333333333,2.4,92.80887630382298,0.162125,1.0954198473282444,48,1.4228445073284213,0.5258937657413477,0.8228445073284214,0.6246315072872034,0.9166666666666666,RW,0.0006154908850021457
rubble,RW,60,800,0.1,0.05,0.2,,5,0.3,0.2,2.0,20,0,0.5488826815642458,0.5319483240223464,0.8763966480446927,260.0,9.6,2.066666666666667,88.16528466892981,0.15527083333333333,1.0155038759689923,45,1.4578106844464773,0.6591769046117982,0.857810684446477,0.5455719626589853,0.9333333333333333,RW,0.0005915013024991822
rubble,RW,60,800,0.1,0.05,0.2,,6,0.3,0.2,2.0,20,0,0.625,0.5447625698324023,0.9231843575418994,280.0,10.683333333333334,1.85,93.18664030600166,0.14385416666666667,1.138676844783715,49,1.5463836321598898,0.5133298611038276,0.9463836321598896,0.843969716853855,1.0,RW,0.0006037679162500353
rubble,RW,60,800,0.1,0.05,0.2,,7,0.3,0.2,2.0,20,0,0.5977653631284916,0.5495810055865922,0.9532122905027933,240.0,11.5,1.9666666666666666,89.01637706540558,0.16016666666666668,1.164625850340136,46,1.4956616761288155,0.5355174822755624,0.8956616761288153,0.8120007591021129,0.9565217391304348,RW,0.0006005304175005222
rubble,RW,60,800,0.1,0.05,0.2,,8,0.3,0.2,2.0,20,0,0.5635474860335196,0.5208449720670391,0.8798882681564246,340.0,12.483333333333333,1.8666666666666667,91.94171456760768,0.14922916666666666,1.0660501981505943,47,1.5062676669923531,0.713051243359011,0.906267666992353,0.42707963526025694,0.7872340425531915,RW,0.0005924797387501712
rubble,RW,60,800,0.1,0.05,0.2,,9,0.3,0.2,2.0,20,0,0.5928770949720671,0.5588337988826815,0.869413407821229,300.0,11.3,2.0166666666666666,95.27615232810189,0.1585625,1.0429975429975429,51,1.623806480772455,0.7170516567595082,1.0238064807724552,0.6225663350029825,1.0,RW,0.0006110437500001354
rubble,RW,60,800,0.1,0.05,0.2,,10,0.3,0.2,2.0,20,0,0.5831005586592178,0.5574022346368716,0.9594972067039106,360.0,11.566666666666666,1.8666666666666667,93.05194448447621,0.15672916666666667,0.9869976359338061,50,1.45656302531593,0.5334294800913785,0.8565630253159301,0.6766810898708423,0.92,RW,0.0006023659375000534
rubble,RW,60,800,0.1,0.05,0.2,,11,0.3,0.2,2.0,20,0,0.6103351955307262,0.5507332402234637,0.9057262569832403,240.0,12.116666666666667,1.5666666666666667,93.6666302105933,0.1611875,1.2105263157894735,49,1.4546894962653296,0.5441046128474315,0.8546894962653294,0.6135145061748019,0.9591836734693877,RW,0.0005905292187503619
rubble,RW,60,800,0.1,0.05,0.2,,12,0.3,0.2,2.0,20,0,0.611731843575419,0.5757332402234636,0.9720670391061452,280.0,10.816666666666666,2.0,95.21409673841016,0.1340625,1.0592503022974606,48,1.832974785869976,0.5982160203729462,1.232974785869976,0.8252003324169304,1.0,RW,0.0005957755200006431
rubble,RW,60,800,0.1,0.05,0.2,,13,0.3,0.2,2.0,20,0,0.5195530726256983,0.5119762569832401,0.9671787709497207,280.0,11.666666666666666,1.8166666666666667,90.95019144183607,0.17460416666666667,0.8920863309352518,48,1.2488976104429013,0.5609569301359684,0.6488976104429014,0.3936616876286807,1.0,RW,0.0006087657812486214
rubble,RW,60,800,0.1,0.05,0.2,,14,0.3,0.2,2.0,20,0,0.5181564245810056,0.5470321229050279,0.9120111731843575,280.0,11.266666666666667,2.3333333333333335,94.29129231300882,0.1749375,0.8929001203369434,51,1.3383535672720184,0.5038823058044336,0.7383535672720185,0.7264361553035444,1.0,RW,0.0006018878124996263
rubble,RW,60,800,0.1,0.05,0.2,,15,0.3,0.2,2.0,20,0,0.585195530726257,0.5520251396648044,0.9581005586592178,340.0,10.8,2.05,90.11104060672848,0.14939583333333334,0.9088937093275489,46,1.6507677869934185,0.6356329267955765,1.0507677869934189,0.8235176363015169,0.9347826086956522,RW,0.000587262343749444
rubble,RW,60,800,0.1,0.05,0.2,,16,0.3,0.2,2.0,20,0,0.571927374301676,0.5327863128491621,0.9420391061452514,240.0,11.166666666666666,1.9,92.5228493988383,0.14620833333333333,0.9831932773109244,46,1.4427988125020668,0.6431823357718119,0.8427988125020672,0.5467938929241964,0.9565217391304348,RW,0.0005922556774999066
rubble,RW,60,800,0.1,0.05,0.2,,17,0.3,0.2,2.0,20,0,0.5768156424581006,0.5434008379888269,0.9776536312849162,200.0,10.683333333333334,1.9666666666666666,92.95408109566473,0.13983333333333334,1.0248138957816377,47,1.4037442349765075,0.5025677749810112,0.8037442349765076,0.5314046660091613,1.0,RW,0.0005831210937503784
rubble,RW,60,800,0.1,0.05,0.2,,18,0.3,0.2,2.0,20,0,0.5970670391061452,0.5486033519553073,0.9539106145251397,220.0,12.25,1.7666666666666666,93.43612460311593,0.1646875,1.129458388375165,49,1.4064244807862083,0.6153224997580392,0.8064244807862085,0.5206626367780395,0.9183673469387755,RW,0.000587771457501276
rubble,RW,60,800,0.1,0.05,0.2,,19,0.3,0.2,2.0,20,0,0.5663407821229051,0.5529329608938547,0.9783519553072626,340.0,11.7,1.9666666666666666,93.70628141900764,0.148625,1.0331210191082802,49,1.632732735769921,0.6682391756275228,1.032732735769921,0.7357097435213108,1.0,RW,0.0005729268225013584
rubble,RW,60,800,0.1,0.05,0.2,,20,0.3,0.2,2.0,20,0,0.5565642458100558,0.5076117318435756,0.9336592178770949,240.0,9.883333333333333,1.6833333333333333,84.73807683909935,0.1399375,0.9863861386138613,40,1.965530020883526,0.6055478486698824,1.3655300208835262,1.1314632245412821,0.95,RW,0.0005641230724995694
rubble,RW,60,800,0.1,0.05,0.2,,21,0.3,0.2,2.0,20,0,0.5481843575418994,0.5254189944134078,0.8002793296089385,260.0,11.116666666666667,1.9666666666666666,85.52403838253235,0.1695625,1.094839609483961,41,1.6223032041082999,0.5212823346580051,1.0223032041083,0.8628137975157816,0.9024390243902439,RW,0.0006370329687501908
rubble,RW,60,800,0.1,0.05,0.2,,23,0.3,0.2,2.0,20,0,0.5837988826815642,0.56106843575419,0.9252793296089385,220.0,13.166666666666666,2.0833333333333335,99.1498053731524,0.1650625,1.052896725440806,55,1.418056813241683,0.558204765188675,0.8180568132416832,0.7037693043939447,0.9636363636363636,RW,0.0006856016662504772
rubble,RW,60,800,0.1,0.05,0.2,,22,0.3,0.2,2.0,20,0,0.5817039106145251,0.5400837988826815,0.7723463687150838,320.0,13.35,2.1166666666666667,94.06508238411215,0.16072916666666667,1.0860495436766622,50,1.4593733070133137,0.5846811812484299,0.8593733070133137,0.632501420724733,0.96,RW,0.0006905057287508498
rubble,RW,60,800,0.1,0.05,0.2,,24,0.3,0.2,2.0,20,0,0.6159217877094972,0.6143854748603352,0.9587988826815642,280.0,10.3,2.1333333333333333,95.7434028924989,0.1490625,1.0068493150684932,50,1.4921650373507653,0.6396129656210973,0.8921650373507652,0.5409415427684356,0.96,RW,0.0006774210412481808
rubble,RW,60,800,0.1,0.05,0.2,,25,0.3,0.2,2.0,20,0,0.6585195530726257,0.5982192737430168,0.9266759776536313,280.0,10.216666666666667,2.2666666666666666,92.18564852082444,0.14708333333333334,1.1627620221948212,47,1.7568814754206308,0.5877079135301672,1.1568814754206305,0.8761699019761874,1.0,RW,0.0006718559375008226
rubble,RW,60,800,0.1,0.05,0.2,,26,0.3,0.2,2.0,20,0,0.5656424581005587,0.5343575418994413,0.8205307262569832,260.0,12.266666666666667,2.5833333333333335,91.96511781594563,0.13897916666666665,1.0175879396984924,48,1.4908684949965056,0.5020339537264549,0.8908684949965054,0.7459280415659993,0.9583333333333334,RW,0.0006668130737489264
rubble,RW,60,800,0.1,0.05,0.2,,27,0.3,0.2,2.0,20,0,0.5900837988826816,0.521159217877095,0.835195530726257,240.0,14.016666666666667,2.066666666666667,93.02166085004772,0.167375,1.151226158038147,50,1.4471672847806416,0.5681750323057796,0.8471672847806415,0.584836290312381,0.96,RW,0.0007632516662511079
rubble,RW,60,800,0.1,0.05,0.2,,28,0.3,0.2,2.0,20,0,0.5928770949720671,0.6081354748603351,0.946927374301676,220.0,10.683333333333334,2.1166666666666667,95.40034623179668,0.1621875,1.0815286624203824,52,1.347146714763043,0.7004244567753746,0.7471467147630431,0.5097844053152509,0.8846153846153846,RW,0.0007105362499987678
rubble,RW,60,800,0.1,0.05,0.2,,29,0.3,0.2,2.0,20,0,0.571927374301676,0.5761522346368715,0.9804469273743017,320.0,11.1,2.05,93.80868700014625,0.15079166666666666,1.0123609394313966,48,1.4280991539423022,0.4740256069700882,0.8280991539423024,0.7915799178446282,0.9583333333333334,RW,0.0007137660425019021
apartment,A,60,800,0.0,0.05,0.2,,0,0.3,0.2,2.0,20,0,0.556640625,0.5029622395833333,0.8782552083333334,320.0,5.116666666666666,0.38333333333333336,53.54131266707502,0.1280625,1.1744505494505495,47,1.3737212567786639,0.6116065163249752,0.7737212567786641,0.5485595379525349,0.9574468085106383,A,0.0006488731762510724
apartment,A,60,800,0.0,0.05,0.2,,2,0.3,0.2,2.0,20,0,0.5299479166666666,0.4935872395833332,0.9010416666666666,260.0,5.383333333333334,0.38333333333333336,52.76227630439663,0.12772916666666667,0.996328029375765,53,1.434164897286826,0.7405179687756273,0.8341648972868255,0.3489519480556116,0.9245283018867925,A,0.0006251460937505727
apartment,A,60,800,0.0,0.05,0.2,,4,0.3,0.2,2.0,20,0,0.5052083333333334,0.4534830729166668,0.7955729166666666,280.0,5.45,0.31666666666666665,53.504525809814496,0.12329166666666666,1.0500676589986468,44,1.4353020423949918,0.7139204091764677,0.8353020423949921,0.45681698390291536,1.0,A,0.0005905860425013998
apartment,A,60,800,0.0,0.05,0.2,,3,0.3,0.2,2.0,20,0,0.5638020833333334,0.5207682291666668,0.849609375,300.0,5.566666666666666,0.5166666666666667,56.0379739699242,0.13202083333333334,1.1379763469119581,55,1.3797960998860925,0.7678319800594002,0.7797960998860923,0.394976522110843,0.9272727272727272,A,0.0006293906249993597
apartment,A,60,800,0.0,0.05,0.2,,1,0.3,0.2,2.0,20,0,0.4967447916666667,0.4579427083333333,0.7473958333333334,280.0,5.7,0.48333333333333334,52.53720991797068,0.12620833333333334,1.1811145510835914,46,1.4828744862686865,0.7357024485605499,0.8828744862686864,0.5568245649204205,0.9565217391304348,A,0.000661385521250395
apartment,A,60,800,0.0,0.05,0.2,,5,0.3,0.2,2.0,20,0,0.630859375,0.5973958333333333,0.869140625,400.0,5.2,0.5333333333333333,58.120602824848646,0.11127083333333333,0.970941883767535,51,1.4534255359453105,0.6149989418715681,0.8534255359453103,0.5328116676812659,0.9607843137254902,A,0.0006134117187502852
apartment,A,60,800,0.0,0.05,0.2,,7,0.3,0.2,2.0,20,0,0.486328125,0.5042317708333334,0.8333333333333334,300.0,4.816666666666666,0.5,52.31668545563736,0.10541666666666667,1.0094594594594595,45,1.2599483353351795,0.6960967236707449,0.6599483353351795,0.21841574290966093,0.8666666666666667,A,0.0005740206249993207
apartment,A,60,800,0.0,0.05,0.2,,8,0.3,0.2,2.0,20,0,0.525390625,0.4985026041666667,0.87890625,340.0,4.8,0.45,50.90602882962357,0.11391666666666667,0.9047085201793722,42,1.6936531423102705,0.6978651955666987,1.0936531423102707,0.6905691176768228,0.9523809523809523,A,0.0005912743225007943
apartment,A,60,800,0.0,0.05,0.2,,6,0.3,0.2,2.0,20,0,0.4856770833333333,0.50205078125,0.9225260416666666,220.0,4.6,0.38333333333333336,50.2198588677666,0.10660416666666667,0.8977135980746088,46,1.349729716917674,0.7735944919303708,0.7497297169176744,0.2754278658570136,0.9347826086956522,A,0.0006080555212497529
apartment,A,60,800,0.0,0.05,0.2,,9,0.3,0.2,2.0,20,0,0.541015625,0.5104492187499999,0.9205729166666666,260.0,4.35,0.4666666666666667,49.73843016716966,0.11375,1.1720733427362482,45,1.3490144020928798,0.5118724748040504,0.7490144020928798,0.5805483647502317,1.0,A,0.0006046559374999561
apartment,A,60,800,0.0,0.05,0.2,,12,0.3,0.2,2.0,20,0,0.6087239583333334,0.5616536458333334,0.8287760416666666,280.0,4.816666666666666,0.7166666666666667,53.340012184493254,0.11802083333333334,1.2190352020860498,50,1.3453461684575085,0.4306165575246231,0.7453461684575086,0.6444854655178377,0.96,A,0.000578541980000864
apartment,A,60,800,0.0,0.05,0.2,,10,0.3,0.2,2.0,20,0,0.5299479166666666,0.5131835937500001,0.8990885416666666,280.0,4.266666666666667,0.5333333333333333,51.71423494241784,0.11427083333333334,0.9633136094674555,43,1.572935376813343,0.6068356527675565,0.972935376813343,0.7669722297249811,1.0,A,0.0005958477087483516
apartment,A,60,800,0.0,0.05,0.2,,11,0.3,0.2,2.0,20,0,0.5110677083333334,0.5040039062500001,0.9342447916666666,300.0,5.016666666666667,0.3,51.254878742299,0.11629166666666667,1.0466666666666666,46,1.5251895792938708,0.7565500960888619,0.9251895792938702,0.5279999185048493,0.9130434782608695,A,0.0005981261462511611
apartment,A,60,800,0.0,0.05,0.2,,13,0.3,0.2,2.0,20,0,0.5169270833333334,0.4985351562500001,0.9420572916666666,360.0,4.566666666666666,0.43333333333333335,50.16124789590803,0.11566666666666667,0.9452380952380953,43,1.4601458488050032,0.8775728994921879,0.8601458488050029,0.37560899994528474,0.9069767441860465,A,0.0005870905725009834
apartment,A,60,800,0.0,0.05,0.2,,14,0.3,0.2,2.0,20,0,0.53515625,0.49153645833333337,0.9140625,260.0,4.95,0.43333333333333335,51.99764538008505,0.124625,1.0326633165829147,47,1.525335516952938,0.7020980128233221,0.9253355169529375,0.542194363527959,1.0,A,0.0005935108850007964
apartment,A,60,800,0.0,0.05,0.2,,15,0.3,0.2,2.0,20,0,0.5078125,0.5181640625,0.9075520833333334,260.0,4.383333333333334,0.4666666666666667,50.18006500432693,0.105625,0.9386281588447654,43,1.4598255782090916,0.6733545481108452,0.8598255782090919,0.49906576836949823,0.9069767441860465,A,0.0005655699475005349
apartment,A,60,800,0.0,0.05,0.2,,17,0.3,0.2,2.0,20,0,0.5748697916666666,0.4999023437499999,0.953125,320.0,5.166666666666667,0.6666666666666666,50.89839826431945,0.13029166666666667,1.319880418535127,47,1.369831957526175,0.619127838138708,0.7698319575261753,0.6019237641723315,0.8297872340425532,A,0.0005864170312497663
apartment,A,60,800,0.0,0.05,0.2,,16,0.3,0.2,2.0,20,0,0.6334635416666666,0.5695963541666667,0.90234375,260.0,4.966666666666667,0.5333333333333333,56.74635232653077,0.11785416666666666,1.213216957605985,53,1.2696639785703032,0.5628965286456883,0.6696639785703031,0.42807277762955,0.9622641509433962,A,0.0006058576562509189
apartment,A,60,800,0.0,0.05,0.2,,18,0.3,0.2,2.0,20,0,0.587890625,0.5142903645833333,0.9251302083333334,260.0,5.05,0.38333333333333336,53.64379874346985,0.1249375,1.1944444444444444,51,1.7062590639492525,0.7805580086318854,1.1062590639492522,0.5604422106824184,0.9215686274509803,A,0.0005815442712491858
apartment,A,60,800,0.0,0.05,0.2,,19,0.3,0.2,2.0,20,0,0.5533854166666666,0.56455078125,0.9303385416666666,300.0,4.866666666666666,0.4666666666666667,54.4142608116546,0.1180625,1.0167464114832534,47,1.4610423833308954,0.7107893030316882,0.8610423833308953,0.288656510747792,0.9148936170212766,A,0.0005712436462499682
apartment,A,60,800,0.0,0.05,0.2,,22,0.3,0.2,2.0,20,0,0.5358072916666666,0.49814453125,0.8763020833333334,340.0,4.316666666666666,0.45,51.40271354462545,0.112875,0.9762752075919335,43,1.4973565153716948,0.6671194134936529,0.8973565153716949,0.4578149608522154,0.9534883720930233,A,0.0005653787500000362
apartment,A,60,800,0.0,0.05,0.2,,20,0.3,0.2,2.0,20,0,0.60546875,0.6056640625,0.97265625,320.0,4.383333333333334,0.43333333333333335,54.857131160159206,0.11385416666666667,0.9789473684210526,52,1.3292181830247254,0.6125921829809226,0.7292181830247256,0.4105943019902035,0.9615384615384616,A,0.0005904252087520945
apartment,A,60,800,0.0,0.05,0.2,,23,0.3,0.2,2.0,20,0,0.5397135416666666,0.4931640624999999,0.8365885416666666,340.0,5.883333333333334,0.43333333333333335,55.260153950915424,0.13202083333333334,1.0752269779507133,50,1.2395273473155333,0.549534248568551,0.6395273473155334,0.328806037423162,0.96,A,0.0005809717187503338
apartment,A,60,800,0.0,0.05,0.2,,21,0.3,0.2,2.0,20,0,0.65234375,0.5989908854166668,0.919921875,340.0,4.933333333333334,0.45,56.16753790457043,0.12441666666666666,1.1412300683371297,55,1.3714089635551203,0.5986548314444435,0.7714089635551207,0.5029885984321573,0.8545454545454545,A,0.0007442551562508016
apartment,A,60,800,0.0,0.05,0.2,,24,0.3,0.2,2.0,20,0,0.607421875,0.6160481770833333,0.9505208333333334,360.0,4.95,0.5,58.7063877099267,0.12154166666666667,1.1547029702970297,55,1.312413316206273,0.6526568407195249,0.7124133162062731,0.3956364871297313,0.9454545454545454,A,0.000596598750000794
apartment,A,60,800,0.0,0.05,0.2,,25,0.3,0.2,2.0,20,0,0.4837239583333333,0.5298828125,0.8255208333333334,240.0,4.2,0.5,53.42736969043567,0.09897916666666666,0.8032432432432433,47,1.4594708453478211,0.7122708393856955,0.8594708453478211,0.44833831274633484,0.9574468085106383,A,0.0005785955724991254
apartment,A,60,800,0.0,0.05,0.2,,26,0.3,0.2,2.0,20,0,0.53125,0.55048828125,0.951171875,340.0,5.0,0.55,53.984849726040736,0.11077083333333333,0.9325714285714285,51,1.2865815554890698,0.43110299871142105,0.6865815554890697,0.5123778002135327,0.9607843137254902,A,0.0006042714587488262
apartment,A,60,800,0.0,0.05,0.2,,27,0.3,0.2,2.0,20,0,0.5338541666666666,0.4942057291666666,0.88671875,300.0,4.583333333333333,0.5333333333333333,53.017519945794575,0.115375,0.9534883720930232,46,1.3829406999577387,0.6628401500912687,0.7829406999577387,0.45376225193929665,0.9130434782608695,A,0.0005878929687492019
apartment,A,60,800,0.0,0.05,0.2,,28,0.3,0.2,2.0,20,0,0.5833333333333334,0.5585937500000001,0.87109375,320.0,5.266666666666667,0.4666666666666667,54.46165598529625,0.1181875,1.128463476070529,50,1.3439962740697284,0.7045331845274718,0.7439962740697283,0.3981048057401557,0.96,A,0.0005882593225010168
apartment,A,60,800,0.0,0.05,0.2,,29,0.3,0.2,2.0,20,0,0.5514322916666666,0.5145182291666666,0.9055989583333334,320.0,4.866666666666666,0.45,51.150238660786904,0.11295833333333333,1.0748730964467004,45,1.5987084036628778,0.6401865855160437,0.9987084036628778,0.5142401417107395,0.9555555555555556,A,0.0005980068224994284
apartment,A,60,800,0.02,0.05,0.2,,0,0.3,0.2,2.0,20,0,0.5677083333333334,0.5310872395833333,0.9635416666666666,220.0,5.816666666666666,0.5333333333333333,55.662630282165665,0.12925,1.092731829573935,47,1.513207072861212,0.8066213701020332,0.9132070728612116,0.35871951724483697,0.9148936170212766,A,0.0006042504687502515
apartment,A,60,800,0.02,0.05,0.2,,1,0.3,0.2,2.0,20,0,0.5149739583333334,0.4997721354166667,0.8639322916666666,220.0,4.9,0.4666666666666667,55.630379057098146,0.11835416666666666,0.9009111617312073,46,1.321283253709561,0.5130534170104156,0.7212832537095608,0.4994446963665852,0.9565217391304348,A,0.0005984000000012202
apartment,A,60,800,0.02,0.05,0.2,,2,0.3,0.2,2.0,20,0,0.5572916666666666,0.5763671875,0.94921875,400.0,5.433333333333334,0.4,59.61932560090831,0.11970833333333333,0.9617977528089886,53,1.448305423620844,0.651863252013748,0.848305423620844,0.6752554973770714,0.8679245283018868,A,0.0006107037500009938
apartment,A,60,800,0.02,0.05,0.2,,4,0.3,0.2,2.0,20,0,0.5546875,0.5436523437499999,0.9016927083333334,380.0,4.833333333333333,0.3333333333333333,54.76235720690868,0.11304166666666667,0.8693877551020408,44,1.4395651657614572,0.5222126834746432,0.8395651657614572,0.5706585185770652,0.9545454545454546,A,0.0005789901562502564
apartment,A,60,800,0.02,0.05,0.2,,3,0.3,0.2,2.0,20,0,0.611328125,0.6072265625000001,0.927734375,320.0,6.183333333333334,0.5,62.75472839158911,0.1348125,1.0140388768898487,55,1.2452429305929138,0.47475039197498886,0.6452429305929137,0.4911283552294764,0.8909090909090909,A,0.0006267591150003682
apartment,A,60,800,0.02,0.05,0.2,,5,0.3,0.2,2.0,20,0,0.6256510416666666,0.5758463541666666,0.9739583333333334,280.0,5.016666666666667,0.6333333333333333,57.0066934542201,0.1289375,1.2899328859060402,51,1.4844816087557933,0.6960810569441802,0.8844816087557936,0.48613179834225784,0.9607843137254902,A,0.0005848792187498475
apartment,A,60,800,0.02,0.05,0.2,,6,0.3,0.2,2.0,20,0,0.6048177083333334,0.5613932291666667,0.9733072916666666,320.0,5.666666666666667,0.4,55.15820361764364,0.126,1.1641604010025064,46,1.702860470516942,0.5377436438057505,1.102860470516942,1.0281483520563774,1.0,A,0.0005937393749991315
apartment,A,60,800,0.02,0.05,0.2,,7,0.3,0.2,2.0,20,0,0.5377604166666666,0.5416992187499999,0.9739583333333334,360.0,4.15,0.4,55.71678348034898,0.10327083333333334,0.8506694129763129,45,1.424111268576693,0.622427763005155,0.8241112685766929,0.6447915965224665,0.9555555555555556,A,0.0005846543749999
apartment,A,60,800,0.02,0.05,0.2,,8,0.3,0.2,2.0,20,0,0.5358072916666666,0.4927734374999999,0.8444010416666666,280.0,4.916666666666667,0.5666666666666667,52.79570427985352,0.116,1.0287499999999998,42,1.2510978885845727,0.3831090326477952,0.651097888584573,0.4777337839352753,1.0,A,0.0005779827600008502
apartment,A,60,800,0.02,0.05,0.2,,9,0.3,0.2,2.0,20,0,0.5436197916666666,0.5159830729166666,0.947265625,280.0,4.966666666666667,0.45,56.72989045455809,0.11035416666666667,1.029593094944513,45,1.4982127949668589,0.7571224123075424,0.898212794966859,0.35804245896272646,0.9555555555555556,A,0.0005843702087508973
apartment,A,60,800,0.02,0.05,0.2,,10,0.3,0.2,2.0,20,0,0.515625,0.4920247395833333,0.8899739583333334,320.0,5.85,0.5333333333333333,55.440487678743494,0.11577083333333334,1.036649214659686,43,1.608793768123821,0.6864323276913786,1.008793768123821,0.7323694679209279,0.9069767441860465,A,0.0005854132287504399
apartment,A,60,800,0.02,0.05,0.2,,11,0.3,0.2,2.0,20,0,0.5501302083333334,0.5337565104166668,0.8990885416666666,340.0,5.483333333333333,0.48333333333333334,56.41502385471225,0.11879166666666667,1.0292326431181487,46,1.6104335064978783,0.7542224325453529,1.0104335064978784,0.7161812503601189,0.9565217391304348,A,0.0005898410412510202
apartment,A,60,800,0.02,0.05,0.2,,13,0.3,0.2,2.0,20,0,0.552734375,0.5462565104166666,0.9049479166666666,280.0,4.483333333333333,0.36666666666666664,55.84221779604731,0.1115625,0.9198266522210183,43,1.4822659795634605,0.6943866523606316,0.8822659795634605,0.5467718106113767,0.9534883720930233,A,0.0005681440625016876
apartment,A,60,800,0.02,0.05,0.2,,12,0.3,0.2,2.0,20,0,0.576171875,0.5218749999999999,0.783203125,360.0,5.983333333333333,0.35,58.869939662496854,0.12589583333333335,1.2360335195530727,50,1.4801653624642284,0.6311528623995223,0.8801653624642286,0.3991307787549204,0.92,A,0.000596128437500738
apartment,A,60,800,0.02,0.05,0.2,,14,0.3,0.2,2.0,20,0,0.5690104166666666,0.5326171875,0.9264322916666666,320.0,5.2,0.5333333333333333,54.74753225942577,0.1120625,1.036773428232503,47,1.4787439450339714,0.6633656790341488,0.8787439450339714,0.4554434281549614,0.9574468085106383,A,0.0005762259887478649
apartment,A,60,800,0.02,0.05,0.2,,15,0.3,0.2,2.0,20,0,0.5208333333333334,0.5096354166666668,0.8912760416666666,300.0,5.416666666666667,0.2833333333333333,55.77081314531998,0.10547916666666667,0.8771929824561404,43,1.5727521233581219,0.6526467505779574,0.9727521233581218,0.594531328446931,1.0,A,0.0005670847912483623
apartment,A,60,800,0.02,0.05,0.2,,17,0.3,0.2,2.0,20,0,0.5930989583333334,0.5776692708333335,0.9602864583333334,300.0,5.05,0.35,58.417725389497974,0.1175,1.048331415420023,47,1.4126459521687311,0.608891592507173,0.8126459521687316,0.546740930581226,0.9574468085106383,A,0.0005488624487497873
apartment,A,60,800,0.02,0.05,0.2,,18,0.3,0.2,2.0,20,0,0.6041666666666666,0.5273763020833333,0.873046875,160.0,5.416666666666667,0.5333333333333333,61.447798888511606,0.1201875,1.1289537712895377,51,1.6238649523394588,0.5981243059410587,1.023864952339459,0.589579303092372,0.9607843137254902,A,0.0005668850000006386
apartment,A,60,800,0.02,0.05,0.2,,16,0.3,0.2,2.0,20,0,0.634765625,0.5467447916666666,0.904296875,240.0,5.75,0.4666666666666667,59.0901409194379,0.13039583333333332,1.1775362318840579,53,1.3370360536663128,0.4719710860793866,0.7370360536663131,0.6303961697187418,0.9622641509433962,A,0.000612210468750618
apartment,A,60,800,0.02,0.05,0.2,,19,0.3,0.2,2.0,20,0,0.5305989583333334,0.5184570312500001,0.8873697916666666,280.0,5.5,0.38333333333333336,56.70806872648132,0.12458333333333334,1.0074165636588381,47,1.5434172838339035,0.6867134511078088,0.9434172838339031,0.4977161596273273,1.0,A,0.0005674928650000765
apartment,A,60,800,0.02,0.05,0.2,,20,0.3,0.2,2.0,20,0,0.583984375,0.55732421875,0.9440104166666666,320.0,5.483333333333333,0.36666666666666664,58.03408233360369,0.13179166666666667,1.0653206650831353,52,1.2230917589174208,0.647080847053074,0.6230917589174209,0.26355424665657695,1.0,A,0.0005969361462484813
apartment,A,60,800,0.02,0.05,0.2,,22,0.3,0.2,2.0,20,0,0.5774739583333334,0.5205403645833334,0.833984375,360.0,5.2,0.4166666666666667,56.27824905154941,0.11991666666666667,1.0,43,1.6540531853958547,0.5586943130935919,1.0540531853958548,0.5793968913975364,0.9534883720930233,A,0.0005442190624989962
apartment,A,60,800,0.02,0.05,0.2,,21,0.3,0.2,2.0,20,0,0.6334635416666666,0.62578125,0.9609375,320.0,5.75,0.4666666666666667,62.60650271606625,0.12377083333333333,1.0969560315670799,55,1.4712831783792772,0.6608777276902625,0.8712831783792773,0.678962359155212,0.9272727272727272,A,0.000571906406250946
apartment,A,60,800,0.02,0.05,0.2,,23,0.3,0.2,2.0,20,0,0.6354166666666666,0.5302408854166665,0.904296875,280.0,5.8,0.5166666666666667,59.61505585159675,0.126125,1.2401524777636594,50,1.459605890255865,0.5524323103764258,0.8596058902558652,0.6391493283168712,1.0,A,0.0005868199475003166
apartment,A,60,800,0.02,0.05,0.2,,24,0.3,0.2,2.0,20,0,0.7037760416666666,0.6058919270833332,0.9720052083333334,280.0,5.516666666666667,0.5,61.3288927526149,0.12733333333333333,1.1905286343612334,55,1.4613396242013437,0.6480532300341151,0.861339624201344,0.5844368968767445,0.9272727272727272,A,0.0005761278125009994
apartment,A,60,800,0.02,0.05,0.2,,25,0.3,0.2,2.0,20,0,0.4895833333333333,0.5442057291666667,0.849609375,320.0,4.983333333333333,0.3,58.45111587357675,0.1104375,0.8815943728018758,47,1.4720284135747455,0.6060296247808055,0.8720284135747455,0.6301343512170402,0.8723404255319149,A,0.0005887272924996978
apartment,A,60,800,0.02,0.05,0.2,,26,0.3,0.2,2.0,20,0,0.5904947916666666,0.5818033854166667,0.9440104166666666,300.0,5.533333333333333,0.5,60.70342156789607,0.12004166666666667,1.0318543799772468,51,1.2714080028893395,0.5322140586103689,0.6714080028893396,0.5364860736323965,0.9215686274509803,A,0.0005693803124995611
apartment,A,60,800,0.02,0.05,0.2,,27,0.3,0.2,2.0,20,0,0.5279947916666666,0.5107096354166667,0.8763020833333334,220.0,4.933333333333334,0.38333333333333336,56.95240378312617,0.1134375,0.9724220623501199,46,1.1778194710116592,0.5743206380292193,0.5778194710116591,0.2831301460587741,0.9130434782608695,A,0.0005876910412484904
apartment,A,60,800,0.02,0.05,0.2,,28,0.3,0.2,2.0,20,0,0.5638020833333334,0.5756510416666667,0.8971354166666666,340.0,4.966666666666667,0.4,58.255324142093045,0.11960416666666666,1.0058072009291523,50,1.431236409412644,0.7180466048412437,0.831236409412644,0.5022760478737797,0.88,A,0.0005843390112499947
apartment,A,60,800,0.02,0.05,0.2,,29,0.3,0.2,2.0,20,0,0.53515625,0.5448567708333333,0.955078125,360.0,5.85,0.5,57.83840851531384,0.11008333333333334,0.845679012345679,45,1.4460717313230909,0.6526586442390058,0.8460717313230907,0.4522978653051474,0.9111111111111111,A,0.0005685690625000462
apartment,A,60,800,0.04,0.05,0.2,,0,0.3,0.2,2.0,20,0,0.5904947916666666,0.5858723958333334,0.9830729166666666,360.0,5.416666666666667,0.38333333333333336,63.606792465188306,0.11210416666666667,0.9428274428274427,47,1.4680756036787554,0.7028658167399164,0.8680756036787556,0.5716587767957314,1.0,A,0.0005630015624979024
apartment,A,60,800,0.04,0.05,0.2,,1,0.3,0.2,2.0,20,0,0.6048177083333334,0.55537109375,0.9453125,300.0,5.983333333333333,0.5,64.35382848636421,0.11535416666666666,1.0097826086956523,46,1.5987393865876505,0.6725410982449354,0.9987393865876509,0.6416476721888624,1.0,A,0.0005784486974994251
apartment,A,60,800,0.04,0.05,0.2,,2,0.3,0.2,2.0,20,0,0.5755208333333334,0.5709309895833334,0.8828125,360.0,6.75,0.5333333333333333,66.57059053684854,0.13510416666666666,0.997742663656885,53,1.4435900660671952,0.6331395093413329,0.8435900660671954,0.5475720078922673,0.9245283018867925,A,0.0005863601562509757
apartment,A,60,800,0.04,0.05,0.2,,3,0.3,0.2,2.0,20,0,0.6145833333333334,0.6001302083333334,0.9036458333333334,360.0,6.966666666666667,0.7333333333333333,67.19437350781747,0.13835416666666667,1.0328227571115973,55,1.2636470440514096,0.5996633732147288,0.6636470440514092,0.483794444939719,0.8181818181818182,A,0.0006164401562500643
apartment,A,60,800,0.04,0.05,0.2,,4,0.3,0.2,2.0,20,0,0.5403645833333334,0.5421549479166667,0.9837239583333334,320.0,6.183333333333334,0.35,61.627398611998665,0.12045833333333333,0.8992416034669556,44,1.738674169486385,0.6452848884617325,1.138674169486385,0.7330051299308104,0.9545454545454546,A,0.0005931248437514114
apartment,A,60,800,0.04,0.05,0.2,,5,0.3,0.2,2.0,20,0,0.58984375,0.5917317708333334,0.966796875,360.0,6.383333333333334,0.43333333333333335,66.6605356577475,0.12052083333333333,0.9179331306990881,51,1.3433404116427972,0.47633155416723905,0.7433404116427968,0.4913978348172464,0.9607843137254902,A,0.0005988337500002672
apartment,A,60,800,0.04,0.05,0.2,,6,0.3,0.2,2.0,20,0,0.453125,0.51484375,0.9010416666666666,340.0,6.416666666666667,0.3333333333333333,62.70760240337221,0.12158333333333333,0.8315412186379928,46,1.4721536479062638,0.8903189044441364,0.8721536479062639,0.38859919214602023,0.9565217391304348,A,0.0006093863024989332
apartment,A,60,800,0.04,0.05,0.2,,7,0.3,0.2,2.0,20,0,0.529296875,0.5290364583333333,0.92578125,340.0,6.7,0.4166666666666667,61.882980802544026,0.1233125,0.9531066822977726,45,1.7717042494224406,0.6775474119060559,1.1717042494224408,0.831158996045318,1.0,A,0.0005919722399994499
apartment,A,60,800,0.04,0.05,0.2,,8,0.3,0.2,2.0,20,0,0.537109375,0.5132486979166666,0.98046875,320.0,5.666666666666667,0.5,60.09081622099595,0.11497916666666666,0.8832976445396146,42,1.5423687427666994,0.6791571368102872,0.9423687427666991,0.5271335682526647,0.9523809523809523,A,0.000579549636252068
apartment,A,60,800,0.04,0.05,0.2,,9,0.3,0.2,2.0,20,0,0.6022135416666666,0.5594075520833334,0.9733072916666666,300.0,5.966666666666667,0.48333333333333334,64.27549572514026,0.11064583333333333,0.9496919917864475,45,1.4718413224112976,0.5746808761616882,0.8718413224112981,0.47526124311812945,1.0,A,0.0005708919262519884
apartment,A,60,800,0.04,0.05,0.2,,10,0.3,0.2,2.0,20,0,0.5338541666666666,0.4857096354166667,0.908203125,320.0,6.033333333333333,0.4666666666666667,60.01662053636086,0.1226875,0.9692671394799054,43,1.7901879370270024,0.793334590662153,1.1901879370270025,0.5145494530545293,1.0,A,0.0005793856250011231
apartment,A,60,800,0.04,0.05,0.2,,11,0.3,0.2,2.0,20,0,0.5833333333333334,0.5462565104166667,0.9029947916666666,340.0,6.266666666666667,0.43333333333333335,62.67556517674918,0.11795833333333333,1.0566037735849056,46,1.347642849757473,0.5529328596541847,0.747642849757473,0.4164336349532241,0.9565217391304348,A,0.0006018196874993009
apartment,A,60,800,0.04,0.05,0.2,,12,0.3,0.2,2.0,20,0,0.603515625,0.5616536458333333,0.90625,280.0,6.083333333333333,0.48333333333333334,64.63121875269317,0.12477083333333333,1.0931603773584906,50,1.542051982253408,0.5520532628581379,0.9420519822534078,0.7898268272302653,0.96,A,0.0005980206775006991
apartment,A,60,800,0.04,0.05,0.2,,13,0.3,0.2,2.0,20,0,0.5345052083333334,0.5559244791666667,0.955078125,220.0,6.466666666666667,0.2833333333333333,63.525812785792716,0.11145833333333334,0.9091915836101884,43,1.471408802665401,0.4382387114046298,0.8714088026654011,0.6512486401525014,0.9534883720930233,A,0.0005874260937503095
apartment,A,60,800,0.04,0.05,0.2,,14,0.3,0.2,2.0,20,0,0.5247395833333334,0.52919921875,0.8326822916666666,380.0,7.183333333333334,0.43333333333333335,65.64439598741136,0.13364583333333332,0.8638799571275456,47,1.4061779076084653,0.4986903147472481,0.8061779076084655,0.6197875977498529,1.0,A,0.0005903781774986783
apartment,A,60,800,0.04,0.05,0.2,,15,0.3,0.2,2.0,20,0,0.5201822916666666,0.4917968749999999,0.8990885416666666,360.0,6.55,0.4666666666666667,59.984480628883105,0.133375,0.9247685185185185,43,1.5554528053411703,0.5696400949918569,0.9554528053411704,0.7974962775581472,0.9302325581395349,A,0.0005941418237489415
apartment,A,60,800,0.04,0.05,0.2,,16,0.3,0.2,2.0,20,0,0.6158854166666666,0.5599283854166667,0.94140625,260.0,7.083333333333333,0.5666666666666667,69.37718205998726,0.13129166666666667,1.169344870210136,53,1.3905754694958958,0.5768825126253765,0.790575469495896,0.5208123767882012,0.9622641509433962,A,0.0006029357812508352
apartment,A,60,800,0.04,0.05,0.2,,17,0.3,0.2,2.0,20,0,0.62109375,0.5734700520833333,0.8990885416666666,340.0,6.866666666666666,0.48333333333333334,63.550631255035256,0.1301875,1.117096018735363,47,1.4763624191758247,0.45892198617200614,0.876362419175825,0.6921276808971765,0.9574468085106383,A,0.0006056352075006543
apartment,A,60,800,0.04,0.05,0.2,,18,0.3,0.2,2.0,20,0,0.5944010416666666,0.5265950520833333,0.8854166666666666,220.0,6.366666666666666,0.5,67.51471669544895,0.11845833333333333,1.129950495049505,51,1.4431957006980933,0.5277250110702787,0.8431957006980935,0.6605037578839835,0.9215686274509803,A,0.0006022112499999822
apartment,A,60,800,0.04,0.05,0.2,,19,0.3,0.2,2.0,20,0,0.5553385416666666,0.5223307291666666,0.970703125,220.0,7.2,0.36666666666666664,61.68145185773323,0.13639583333333333,1.1930069930069929,47,1.4397787845218615,0.6349962189709994,0.8397787845218616,0.4377606649634985,0.9148936170212766,A,0.0006008660937482091
apartment,A,60,800,0.04,0.05,0.2,,20,0.3,0.2,2.0,20,0,0.623046875,0.5778971354166667,0.9010416666666666,320.0,7.25,0.4666666666666667,68.07069446465053,0.12902083333333333,1.1063583815028903,52,1.3452681395634416,0.5091551211726992,0.7452681395634416,0.6944085030383264,0.9230769230769231,A,0.0005866252612509016
apartment,A,60,800,0.04,0.05,0.2,,22,0.3,0.2,2.0,20,0,0.546875,0.5345703125,0.9563802083333334,360.0,6.6,0.43333333333333335,60.75653920277887,0.12691666666666668,1.0579345088161207,43,1.4588314592240965,0.5011531764377976,0.8588314592240966,0.670587675436782,0.9302325581395349,A,0.00057462338500045
apartment,A,60,800,0.04,0.05,0.2,,21,0.3,0.2,2.0,20,0,0.634765625,0.5794270833333333,0.9622395833333334,280.0,7.116666666666666,0.38333333333333336,68.62877020264612,0.13620833333333332,1.231060606060606,55,1.3254746409504823,0.48923347097461073,0.7254746409504818,0.5097945009238075,0.9272727272727272,A,0.0006118713537512122
apartment,A,60,800,0.04,0.05,0.2,,23,0.3,0.2,2.0,20,0,0.6302083333333334,0.5888997395833334,0.9010416666666666,360.0,6.783333333333333,0.4166666666666667,66.84114570839803,0.128,1.0544662309368191,50,1.4149701767942873,0.4618319819065348,0.8149701767942871,0.7994743965552699,0.92,A,0.0005990132812507909
apartment,A,60,800,0.04,0.05,0.2,,25,0.3,0.2,2.0,20,0,0.587890625,0.5836263020833333,0.9459635416666666,300.0,5.45,0.48333333333333334,64.94094360013865,0.1043125,0.9280575539568345,47,1.6283792539722404,0.6560014741882894,1.0283792539722405,0.7077149745062509,0.9574468085106383,A,0.0005840186449995599
apartment,A,60,800,0.04,0.05,0.2,,24,0.3,0.2,2.0,20,0,0.6555989583333334,0.63828125,0.9401041666666666,320.0,6.266666666666667,0.5333333333333333,72.73768047203455,0.116625,1.0338809034907597,55,1.3828590544168837,0.5362531480387358,0.782859054416884,0.5656282408518173,1.0,A,0.0006166789587496169
apartment,A,60,800,0.04,0.05,0.2,,26,0.3,0.2,2.0,20,0,0.6458333333333334,0.6166341145833333,0.9674479166666666,340.0,6.433333333333334,0.5,65.6961028832708,0.1181875,1.0937155457552372,51,1.4340685590849522,0.4544484573103757,0.8340685590849524,0.6672602879757342,1.0,A,0.0005870111987496784
apartment,A,60,800,0.04,0.05,0.2,,27,0.3,0.2,2.0,20,0,0.6048177083333334,0.5785807291666668,0.8450520833333334,280.0,6.266666666666667,0.5,63.332735505660274,0.1126875,1.1454993834771887,46,1.708603125151195,0.5918821423123044,1.1086031251511954,0.882776876231549,1.0,A,0.000581547812498684
apartment,A,60,800,0.04,0.05,0.2,,28,0.3,0.2,2.0,20,0,0.61328125,0.5563802083333333,0.9544270833333334,320.0,7.1,0.5,67.69284500094504,0.13627083333333334,1.1349397590361445,50,1.5175204083500682,0.6080220667914412,0.9175204083500682,0.8091926821378937,0.96,A,0.0005926317187504537
apartment,A,60,800,0.04,0.05,0.2,,29,0.3,0.2,2.0,20,0,0.607421875,0.5786132812499999,0.8841145833333334,380.0,6.466666666666667,0.4666666666666667,62.99130642349658,0.12004166666666667,1.013029315960912,45,1.493303332435494,0.5350563137957798,0.8933033324354939,0.7643932582092824,0.9111111111111111,A,0.000594978593749147
apartment,A,60,800,0.07,0.05,0.2,,1,0.3,0.2,2.0,20,0,0.587890625,0.5705729166666668,0.8854166666666666,300.0,7.716666666666667,0.6166666666666667,77.9540424976883,0.11075,0.940625,46,1.5055267514759212,0.472425936377713,0.9055267514759208,0.6951116558579128,0.9565217391304348,A,0.0005731801050001196
apartment,A,60,800,0.07,0.05,0.2,,0,0.3,0.2,2.0,20,0,0.6015625,0.5774088541666667,0.94921875,320.0,8.716666666666667,0.43333333333333335,75.38576656567004,0.12702083333333333,1.0921985815602837,47,1.5190764625993212,0.4985640798011454,0.9190764625993214,0.6968776043632127,1.0,A,0.0005982702087499092
apartment,A,60,800,0.07,0.05,0.2,,2,0.3,0.2,2.0,20,0,0.630859375,0.5971028645833334,0.99609375,300.0,8.866666666666667,0.6333333333333333,80.84150272800596,0.1276875,1.1549463647199045,53,1.5140768437374108,0.6079428712926601,0.9140768437374107,0.515889978391442,0.9622641509433962,A,0.000616990677499416
apartment,A,60,800,0.07,0.05,0.2,,4,0.3,0.2,2.0,20,0,0.6048177083333334,0.5648763020833333,0.9576822916666666,340.0,8.266666666666667,0.55,74.19552074592562,0.11604166666666667,1.010881392818281,44,1.761877909141946,0.5866649855605518,1.1618779091419462,0.9308076952424039,1.0,A,0.000605235728748994
apartment,A,60,800,0.07,0.05,0.2,,3,0.3,0.2,2.0,20,0,0.6100260416666666,0.5847330729166667,0.8671875,340.0,10.0,0.6666666666666666,83.6147545292526,0.12858333333333333,1.0,55,1.3693469812460142,0.6247925443706627,0.7693469812460143,0.4658458487407885,0.9636363636363636,A,0.0006238095837511537
apartment,A,60,800,0.07,0.05,0.2,,5,0.3,0.2,2.0,20,0,0.5904947916666666,0.5637369791666667,0.9029947916666666,280.0,10.2,0.6333333333333333,77.17058038230351,0.1396875,1.1510152284263957,51,1.3078317051554629,0.516718879057521,0.7078317051554625,0.44043831917730436,1.0,A,0.000619351613750041
apartment,A,60,800,0.07,0.05,0.2,,6,0.3,0.2,2.0,20,0,0.5950520833333334,0.5497721354166667,0.876953125,360.0,8.616666666666667,0.5666666666666667,76.39684600012876,0.1219375,1.0200892857142858,46,1.5816123464671816,0.5514175966800329,0.9816123464671815,0.812276503468254,0.9130434782608695,A,0.0005985252612504155
apartment,A,60,800,0.07,0.05,0.2,,7,0.3,0.2,2.0,20,0,0.5123697916666666,0.4797200520833334,0.8893229166666666,260.0,9.666666666666666,0.48333333333333334,73.44161261549202,0.13683333333333333,1.0341655716162943,45,1.4793282762499789,0.672235542625242,0.8793282762499789,0.5962414213429795,1.0,A,0.0006129437499998858
apartment,A,60,800,0.07,0.05,0.2,,8,0.3,0.2,2.0,20,0,0.5266927083333334,0.5348958333333333,0.9140625,200.0,9.05,0.48333333333333334,71.48718794002473,0.1300625,0.9363425925925927,42,1.6808460013448914,0.6132990573872087,1.080846001344891,0.7660940386871083,0.9523809523809523,A,0.0005835633337505897
apartment,A,60,800,0.07,0.05,0.2,,9,0.3,0.2,2.0,20,0,0.6100260416666666,0.55546875,0.9641927083333334,300.0,8.05,0.5166666666666667,73.78160176538172,0.119,1.1275571600481347,45,1.7429461481780457,0.5170472016555038,1.1429461481780454,1.0076234111117084,0.9555555555555556,A,0.0005743422399996234
apartment,A,60,800,0.07,0.05,0.2,,10,0.3,0.2,2.0,20,0,0.498046875,0.5218424479166667,0.791015625,360.0,8.45,0.5166666666666667,75.07162776192826,0.11883333333333333,0.8129649309245484,43,1.3912553971513788,0.5762313891372352,0.7912553971513792,0.4808124818454226,1.0,A,0.0005911738024997248
apartment,A,60,800,0.07,0.05,0.2,,11,0.3,0.2,2.0,20,0,0.630859375,0.5559895833333334,0.8294270833333334,260.0,9.083333333333334,0.6166666666666667,75.72879321998195,0.1216875,1.1788321167883211,46,1.6110527845130231,0.5834217262755839,1.0110527845130233,0.6156272573192002,0.9565217391304348,A,0.0005919910937495842
apartment,A,60,800,0.07,0.05,0.2,,12,0.3,0.2,2.0,20,0,0.6380208333333334,0.5713216145833333,0.900390625,260.0,9.183333333333334,0.6166666666666667,78.86100193850702,0.12652083333333333,1.234256926952141,50,1.4422199869648653,0.5012871260806965,0.8422199869648656,0.760628468528241,1.0,A,0.000589854894999462
apartment,A,60,800,0.07,0.05,0.2,,13,0.3,0.2,2.0,20,0,0.5481770833333334,0.5308919270833333,0.9420572916666666,280.0,8.933333333333334,0.5166666666666667,71.15564764373158,0.13075,1.0343980343980346,43,1.4725246017091846,0.6014820701356643,0.8725246017091846,0.5266235721081535,0.9534883720930233,A,0.0005904651562491381
apartment,A,60,800,0.07,0.05,0.2,,14,0.3,0.2,2.0,20,0,0.580078125,0.5532552083333332,0.8997395833333334,380.0,8.783333333333333,0.5333333333333333,76.86885092064044,0.11747916666666666,1.064516129032258,47,1.461408156240128,0.5751345356186146,0.8614081562401278,0.6645114057508353,0.9574468085106383,A,0.0006001593750011125
apartment,A,60,800,0.07,0.05,0.2,,15,0.3,0.2,2.0,20,0,0.576171875,0.5730143229166668,0.998046875,300.0,8.133333333333333,0.48333333333333334,74.03613597191601,0.11385416666666667,0.9866220735785953,43,1.5503919908181834,0.708749813529353,0.9503919908181835,0.6773884651479881,0.9069767441860465,A,0.0005769447912507531
apartment,A,60,800,0.07,0.05,0.2,,16,0.3,0.2,2.0,20,0,0.6751302083333334,0.64072265625,1.0,320.0,9.016666666666667,0.7,81.7118608219139,0.12077083333333333,1.1704288939051921,53,1.4110580787560272,0.4792454162770909,0.8110580787560279,0.590038874172148,0.9245283018867925,A,0.0005784142187508223
apartment,A,60,800,0.07,0.05,0.2,,17,0.3,0.2,2.0,20,0,0.5904947916666666,0.5607096354166666,0.89453125,280.0,7.8,0.6166666666666667,77.28472407928165,0.12614583333333335,1.0746445497630333,47,1.500566857645133,0.5718204745641109,0.9005668576451333,0.49461512958805887,1.0,A,0.0006001213025001561
apartment,A,60,800,0.07,0.05,0.2,,18,0.3,0.2,2.0,20,0,0.6471354166666666,0.6019856770833334,0.94921875,340.0,8.866666666666667,0.48333333333333334,79.49114200458163,0.1148125,1.0839694656488548,51,1.428716632775272,0.5945741333934154,0.8287166327752717,0.46842155849969325,0.9215686274509803,A,0.0006015440112514625
apartment,A,60,800,0.07,0.05,0.2,,19,0.3,0.2,2.0,20,0,0.6295572916666666,0.5748697916666666,0.9212239583333334,320.0,7.9,0.5333333333333333,76.48097270256183,0.11908333333333333,1.2445302445302444,47,1.538785682492255,0.5648635761351246,0.9387856824922552,0.8333414229443471,0.9574468085106383,A,0.0005898145824994572
apartment,A,60,800,0.07,0.05,0.2,,20,0.3,0.2,2.0,20,0,0.5983072916666666,0.5892903645833333,0.8723958333333334,280.0,9.35,0.7166666666666667,79.30655542902603,0.13654166666666667,1.06242774566474,52,1.3036165237923294,0.46460174289627004,0.7036165237923295,0.46697197285107683,1.0,A,0.0006013895312503337
apartment,A,60,800,0.07,0.05,0.2,,22,0.3,0.2,2.0,20,0,0.568359375,0.5242513020833333,0.8958333333333334,300.0,8.316666666666666,0.4166666666666667,74.27024058330274,0.12491666666666666,1.0092485549132948,43,1.5212729233699862,0.6675384197760054,0.9212729233699863,0.5403882936537222,1.0,A,0.0006011527612508872
apartment,A,60,800,0.07,0.05,0.2,,21,0.3,0.2,2.0,20,0,0.712890625,0.6661783854166666,0.9993489583333334,220.0,9.216666666666667,0.6166666666666667,82.58070588012279,0.12235416666666667,1.1736334405144695,55,1.3467691177861416,0.5175196698875368,0.7467691177861414,0.6206836204589935,0.9090909090909091,A,0.0006172224474994437
apartment,A,60,800,0.07,0.05,0.2,,23,0.3,0.2,2.0,20,0,0.5950520833333334,0.5636393229166667,0.8834635416666666,300.0,8.733333333333333,0.55,78.28027459372727,0.12908333333333333,1.128395061728395,50,1.404302669285864,0.5708355615659985,0.8043026692858644,0.5986505168982674,0.96,A,0.0005949782287507332
apartment,A,60,800,0.07,0.05,0.2,,24,0.3,0.2,2.0,20,0,0.677734375,0.6468424479166667,0.9557291666666666,340.0,9.266666666666667,0.6833333333333333,82.50069289757415,0.125125,1.0787564766839377,55,1.4899778852050298,0.4622611153505587,0.8899778852050296,0.6287765911455386,1.0,A,0.0005869484900017597
apartment,A,60,800,0.07,0.05,0.2,,25,0.3,0.2,2.0,20,0,0.5397135416666666,0.5696614583333333,0.83984375,280.0,8.516666666666667,0.5833333333333334,77.02086831466096,0.11585416666666666,0.9474285714285713,47,1.4822288922795133,0.5793229596634414,0.8822288922795135,0.5159864068034913,0.851063829787234,A,0.0005844430199999806
apartment,A,60,800,0.07,0.05,0.2,,26,0.3,0.2,2.0,20,0,0.6263020833333334,0.5560546875000001,0.89453125,320.0,9.016666666666667,0.5166666666666667,77.83991066491018,0.13604166666666667,1.1108545034642032,51,1.535313255213203,0.4722060102454953,0.9353132552132027,0.7799965905658625,0.9215686274509803,A,0.0006076898437504496
apartment,A,60,800,0.07,0.05,0.2,,27,0.3,0.2,2.0,20,0,0.6119791666666666,0.5307942708333334,0.955078125,360.0,9.266666666666667,0.43333333333333335,73.14928257992601,0.12133333333333333,1.0829493087557605,46,1.7031363309450192,0.742065795880477,1.1031363309450197,0.7563565968575517,0.8695652173913043,A,0.000599183802501102
apartment,A,60,800,0.07,0.05,0.2,,28,0.3,0.2,2.0,20,0,0.55078125,0.5757161458333332,0.9114583333333334,360.0,9.183333333333334,0.6666666666666666,78.05811032766225,0.13104166666666667,0.8468468468468469,50,1.4019829369745258,0.5915709883346858,0.8019829369745259,0.5857935139718755,0.92,A,0.000644062083749759
apartment,A,60,800,0.07,0.05,0.2,,29,0.3,0.2,2.0,20,0,0.5455729166666666,0.5017252604166667,0.822265625,320.0,9.416666666666666,0.7833333333333333,74.74118628966951,0.13058333333333333,1.0194647201946472,45,1.579311731894405,0.49976220685039763,0.9793117318944048,1.0523788715990432,0.9555555555555556,A,0.00058324354125034
apartment,A,60,800,0.1,0.05,0.2,,1,0.3,0.2,2.0,20,0,0.5572916666666666,0.5278645833333332,0.90625,300.0,11.433333333333334,0.65,89.49867620609614,0.1253125,0.953229398663697,46,1.2786663165484786,0.5205154450574365,0.6786663165484785,0.45690473332385495,0.9565217391304348,A,0.00061184578124994
apartment,A,60,800,0.1,0.05,0.2,,0,0.3,0.2,2.0,20,0,0.5618489583333334,0.4850911458333334,0.880859375,280.0,14.533333333333333,0.6333333333333333,86.92495645720687,0.15710416666666666,1.180574555403557,47,1.795896559985851,0.7148626129819687,1.1958965599858509,0.6729392368831616,1.0,A,0.0006395108862511734
apartment,A,60,800,0.1,0.05,0.2,,2,0.3,0.2,2.0,20,0,0.5989583333333334,0.5634114583333334,0.845703125,360.0,14.066666666666666,0.65,96.027612533159,0.13833333333333334,1.0586881472957421,53,1.3362259088078716,0.48603527743470615,0.7362259088078714,0.5280275897569727,0.9245283018867925,A,0.0006084440112499579
apartment,A,60,800,0.1,0.05,0.2,,3,0.3,0.2,2.0,20,0,0.6451822916666666,0.5866861979166667,0.8704427083333334,380.0,13.333333333333334,0.7333333333333333,99.20929141711926,0.14095833333333332,1.084245076586433,55,1.5310165253358354,0.7088833837427981,0.9310165253358355,0.4559974480119965,0.9272727272727272,A,0.0006068830212507237
apartment,A,60,800,0.1,0.05,0.2,,4,0.3,0.2,2.0,20,0,0.5631510416666666,0.4847005208333333,0.9889322916666666,260.0,12.733333333333333,1.0,85.71524484692823,0.147375,1.1768707482993197,44,1.6207253813711822,0.5370612648775478,1.020725381371182,0.7526341162125164,1.0,A,0.0006215497924995362
apartment,A,60,800,0.1,0.05,0.2,,5,0.3,0.2,2.0,20,0,0.6041666666666666,0.53017578125,0.8912760416666666,200.0,14.283333333333333,0.7833333333333333,92.50238238359617,0.16147916666666667,1.354744525547445,51,1.4083777834525322,0.5222704903865133,0.8083777834525326,0.572407101668675,1.0,A,0.0006193631762494078
apartment,A,60,800,0.1,0.05,0.2,,6,0.3,0.2,2.0,20,0,0.6302083333333334,0.5827473958333333,0.9583333333333334,360.0,12.416666666666666,0.7833333333333333,90.27013232170569,0.12958333333333333,1.033084311632871,46,1.7765228711138115,0.5313314288742552,1.1765228711138114,0.893432981377279,1.0,A,0.0006254384899989418
apartment,A,60,800,0.1,0.05,0.2,,8,0.3,0.2,2.0,20,0,0.572265625,0.5273763020833333,0.9036458333333334,300.0,11.4,0.65,86.29553355492912,0.13133333333333333,1.0785276073619632,42,1.8585518322724237,0.5388583904734722,1.2585518322724236,0.9335705369611217,1.0,A,0.0005783562500005245
apartment,A,60,800,0.1,0.05,0.2,,7,0.3,0.2,2.0,20,0,0.4908854166666667,0.4694986979166666,0.9446614583333334,340.0,13.65,0.8333333333333334,85.37092582026919,0.14779166666666665,1.1203566121842496,45,1.4073786299659603,0.8599482038506931,0.8073786299659601,0.41766565998096306,1.0,A,0.0006142407299989828
apartment,A,60,800,0.1,0.05,0.2,,9,0.3,0.2,2.0,20,0,0.6178385416666666,0.5396484374999999,0.94921875,260.0,11.45,0.7833333333333333,88.15206547338921,0.133375,1.198232323232323,45,1.7096247947946717,0.44755649425825184,1.1096247947946714,0.8666539805401937,0.9555555555555556,A,0.0006011232812488743
apartment,A,60,800,0.1,0.05,0.2,,10,0.3,0.2,2.0,20,0,0.5729166666666666,0.4929361979166666,0.923828125,320.0,12.883333333333333,0.7333333333333333,84.6906320642971,0.140125,1.2790697674418603,43,1.725647562640826,0.6026669941423314,1.1256475626408262,0.8926806093809515,0.9534883720930233,A,0.0005941942187496352
apartment,A,60,800,0.1,0.05,0.2,,11,0.3,0.2,2.0,20,0,0.5592447916666666,0.5469075520833333,0.97265625,380.0,12.25,0.7333333333333333,90.29185529017104,0.1295625,1.027511961722488,46,1.5227711287253107,0.7224528733844225,0.922771128725311,0.44055476563310003,1.0,A,0.0006163118750009744
apartment,A,60,800,0.1,0.05,0.2,,12,0.3,0.2,2.0,20,0,0.634765625,0.60869140625,1.0,320.0,11.983333333333333,0.55,96.18967095973068,0.1213125,1.0103626943005182,50,1.5526915813059348,0.46606963081766306,0.9526915813059346,0.853291732800772,0.96,A,0.0006223763025013795
apartment,A,60,800,0.1,0.05,0.2,,13,0.3,0.2,2.0,20,0,0.5852864583333334,0.5678059895833334,0.9700520833333334,360.0,11.3,0.8333333333333334,85.15568024802573,0.129125,0.9966740576496674,43,1.6812155351681204,0.532658830894796,1.0812155351681203,0.8111459248810241,0.9534883720930233,A,0.0005951010937496903
apartment,A,60,800,0.1,0.05,0.2,,14,0.3,0.2,2.0,20,0,0.587890625,0.50830078125,0.9811197916666666,300.0,13.116666666666667,0.5833333333333334,90.42097172929822,0.14366666666666666,1.13727959697733,47,1.5615625084901879,0.6072654122223938,0.9615625084901878,0.6952993805129174,0.8297872340425532,A,0.0006114384374996007
apartment,A,60,800,0.1,0.05,0.2,,15,0.3,0.2,2.0,20,0,0.51171875,0.5122395833333333,0.9615885416666666,320.0,11.333333333333334,0.7,86.6661001905973,0.12627083333333333,0.8506493506493507,43,1.4103083811440862,0.59691500301128,0.8103083811440863,0.5005542044653551,0.8604651162790697,A,0.0006156873437498689
apartment,A,60,800,0.1,0.05,0.2,,16,0.3,0.2,2.0,20,0,0.6438802083333334,0.5819986979166667,0.9173177083333334,280.0,12.566666666666666,0.8333333333333334,96.40760432129122,0.12972916666666667,1.2194821208384712,53,1.5634518082775284,0.7148957925065952,0.9634518082775286,0.6642015736619497,0.9622641509433962,A,0.0006153225512503013
apartment,A,60,800,0.1,0.05,0.2,,17,0.3,0.2,2.0,20,0,0.60546875,0.5665364583333334,0.91796875,280.0,13.466666666666667,0.7833333333333333,90.24739587166574,0.15335416666666668,1.0242290748898677,47,1.6108243655925907,0.6708744752185605,1.0108243655925908,0.6814135616792248,0.9148936170212766,A,0.0006311089062501197
apartment,A,60,800,0.1,0.05,0.2,,18,0.3,0.2,2.0,20,0,0.544921875,0.49052734375,0.9069010416666666,300.0,13.9,0.65,92.56221663165994,0.13327083333333334,1.1513067400275103,51,1.4995133119668342,0.72242622163396,0.8995133119668342,0.5381099759321618,0.9215686274509803,A,0.0006347309900002074
apartment,A,60,800,0.1,0.05,0.2,,19,0.3,0.2,2.0,20,0,0.609375,0.5637695312500001,1.0,280.0,12.116666666666667,0.7166666666666667,88.42730790794079,0.14479166666666668,1.08584686774942,47,1.6376088822726191,0.5600282584979178,1.0376088822726193,0.9012719453522245,0.8723404255319149,A,0.0006237220825005352
apartment,A,60,800,0.1,0.05,0.2,,20,0.3,0.2,2.0,20,0,0.6529947916666666,0.56796875,0.9557291666666666,340.0,12.983333333333333,0.7333333333333333,92.32788738690743,0.15308333333333332,1.18698224852071,52,1.6239782710806479,0.52275905249151,1.0239782710806478,0.8762864405322834,0.9615384615384616,A,0.0006365714587491311
apartment,A,60,800,0.1,0.05,0.2,,21,0.3,0.2,2.0,20,0,0.6875,0.62294921875,1.0,320.0,13.983333333333333,0.85,98.27720369748378,0.1443125,1.2068571428571429,55,1.3871710426373818,0.4915430349415381,0.7871710426373818,0.5770128558601259,0.9636363636363636,A,0.0006199678650000351
apartment,A,60,800,0.1,0.05,0.2,,22,0.3,0.2,2.0,20,0,0.53125,0.5106770833333333,0.9850260416666666,300.0,12.266666666666667,0.6,85.03296675011308,0.13804166666666667,1.0625,43,1.5199527723982353,0.493433818341198,0.9199527723982355,0.8392461500372205,1.0,A,0.000593875105000734
apartment,A,60,800,0.1,0.05,0.2,,23,0.3,0.2,2.0,20,0,0.6796875,0.5931640625,0.9407552083333334,320.0,11.633333333333333,0.55,94.03199590248776,0.12554166666666666,1.2083333333333333,50,1.6235131445433597,0.6782513502835963,1.0235131445433603,0.7300968478895736,0.92,A,0.0006325626562511389
apartment,A,60,800,0.1,0.05,0.2,,25,0.3,0.2,2.0,20,0,0.5924479166666666,0.5449218749999999,0.884765625,360.0,11.816666666666666,0.95,90.65220864486108,0.12552083333333333,1.0340909090909092,47,1.5390168565884321,0.5689745948688999,0.9390168565884318,0.6742811950496069,0.9148936170212766,A,0.0006040280725005686
apartment,A,60,800,0.1,0.05,0.2,,24,0.3,0.2,2.0,20,0,0.6529947916666666,0.6281901041666665,0.998046875,300.0,12.833333333333334,0.9666666666666667,96.94637287658301,0.14270833333333333,1.0854978354978355,55,1.3508438537899565,0.3893616473508789,0.7508438537899562,0.5357777918669383,1.0,A,0.0006244164062513846
apartment,A,60,800,0.1,0.05,0.2,,26,0.3,0.2,2.0,20,0,0.603515625,0.5874674479166667,0.9895833333333334,320.0,12.666666666666666,0.5833333333333334,94.92542884480443,0.13535416666666666,1.1022592152199764,51,1.494482592434296,0.6160720979214527,0.8944825924342958,0.5512052080072695,1.0,A,0.0006041782812508245
apartment,A,60,800,0.1,0.05,0.2,,27,0.3,0.2,2.0,20,0,0.6927083333333334,0.6168294270833334,0.9837239583333334,360.0,11.833333333333334,0.65,90.96654380949568,0.12285416666666667,1.2104664391353812,46,1.7918854889078148,0.5301974958847159,1.1918854889078152,0.8534344068448038,0.9565217391304348,A,0.0005840508849996695
apartment,A,60,800,0.1,0.05,0.2,,28,0.3,0.2,2.0,20,0,0.5319010416666666,0.5431315104166667,0.9778645833333334,360.0,13.133333333333333,0.5,91.36188025975957,0.14339583333333333,0.9831528279181708,50,1.4141690973349454,0.7616545142280516,0.8141690973349456,0.5640585226384864,0.88,A,0.0006140804687493073
apartment,A,60,800,0.1,0.05,0.2,,29,0.3,0.2,2.0,20,0,0.576171875,0.5003255208333333,0.9713541666666666,280.0,14.033333333333333,0.6666666666666666,86.64429071452614,0.1383125,1.1216730038022813,45,1.6481593932430696,0.6461690159756956,1.0481593932430695,0.5703370639958011,0.9555555555555556,A,0.0006047456774990679
rubble,A,60,800,0.0,0.05,0.2,,0,0.3,0.2,2.0,20,0,0.5733240223463687,0.5524790502793296,0.8784916201117319,280.0,4.25,1.1833333333333333,45.80003314945405,0.1191875,1.0802631578947368,48,1.6502108223145886,0.7132913318912443,1.0502108223145885,0.7608905261045507,0.9583333333333334,A,0.0005724959899998794
rubble,A,60,800,0.0,0.05,0.2,,1,0.3,0.2,2.0,20,0,0.5439944134078212,0.5413756983240223,0.9029329608938548,380.0,4.616666666666666,0.95,43.45124246676574,0.12970833333333334,0.9823455233291297,46,1.484424761238075,0.6503322215226911,0.8844247612380751,0.4482462647998998,0.9565217391304348,A,0.0005938118237509115
rubble,A,60,800,0.0,0.05,0.2,,2,0.3,0.2,2.0,20,0,0.5258379888268156,0.5098463687150837,0.7646648044692738,200.0,4.366666666666666,1.0833333333333333,43.45638743073756,0.13170833333333334,1.1222056631892698,48,1.3524126444883617,0.5940718620756669,0.7524126444883619,0.4496828385592173,0.9583333333333334,A,0.0005701533862520591
rubble,A,60,800,0.0,0.05,0.2,,4,0.3,0.2,2.0,20,0,0.5439944134078212,0.5261173184357542,0.8791899441340782,240.0,4.266666666666667,1.2,44.1442342659016,0.1365625,0.97375,45,1.6584277157079628,0.8630678190118287,1.0584277157079625,0.6831026443996472,0.9555555555555556,A,0.0005618895312500172
rubble,A,60,800,0.0,0.05,0.2,,3,0.3,0.2,2.0,20,0,0.5921787709497207,0.5360684357541899,0.8442737430167597,300.0,4.483333333333333,1.0833333333333333,45.750394553847435,0.13291666666666666,1.2254335260115607,49,1.6096199767927895,0.5620200650153009,1.0096199767927896,0.8074787442000165,0.9591836734693877,A,0.0005848016662503142
rubble,A,60,800,0.0,0.05,0.2,,6,0.3,0.2,2.0,20,0,0.5733240223463687,0.5218575418994412,0.8016759776536313,280.0,4.583333333333333,1.1,46.16354451113047,0.155,1.1418636995827538,50,1.2767365043493029,0.3239138715501524,0.676736504349303,0.7208323035828114,1.0,A,0.0005782002075011406
rubble,A,60,800,0.0,0.05,0.2,,7,0.3,0.2,2.0,20,0,0.5230446927374302,0.5012220670391062,0.8226256983240223,260.0,4.65,0.9833333333333333,42.11861441697568,0.16010416666666666,1.0460893854748603,50,1.3157222653621934,0.9044295611124189,0.7157222653621935,0.4137560064971094,0.92,A,0.0005802958849994865
rubble,A,60,800,0.0,0.05,0.2,,5,0.3,0.2,2.0,20,0,0.5370111731843575,0.534776536312849,0.8372905027932961,360.0,4.95,0.9666666666666667,46.75153372096711,0.14954166666666666,1.0636237897648686,51,1.2311423760960722,0.5550834782698374,0.6311423760960725,0.30539679849247514,1.0,A,0.0007246775525004522
rubble,A,60,800,0.0,0.05,0.2,,8,0.3,0.2,2.0,20,0,0.5782122905027933,0.5050279329608938,0.8784916201117319,240.0,4.166666666666667,0.9833333333333333,43.212581279218234,0.13414583333333333,1.1484049930651872,47,1.5226397690565874,0.7893391633468744,0.9226397690565871,0.3813137967134357,0.9574468085106383,A,0.000572064113750912
rubble,A,60,800,0.0,0.05,0.2,,9,0.3,0.2,2.0,20,0,0.5761173184357542,0.4996857541899441,0.7611731843575419,280.0,4.2,1.2,43.05737789915144,0.13222916666666668,1.1870503597122304,47,1.5412253331117693,0.5464538609375519,0.9412253331117698,0.7638969173143103,0.9574468085106383,A,0.000587063437501456
rubble,A,60,800,0.0,0.05,0.2,,10,0.3,0.2,2.0,20,0,0.5251396648044693,0.5440642458100557,0.9099162011173184,280.0,3.8833333333333333,1.2666666666666666,42.97829437844901,0.1224375,0.8653624856156502,46,1.463238720457619,0.809347297193694,0.8632387204576183,0.31179837911344993,0.9565217391304348,A,0.000561366822500986
rubble,A,60,800,0.0,0.05,0.2,,11,0.3,0.2,2.0,20,0,0.5481843575418994,0.5174581005586593,0.8065642458100558,240.0,4.916666666666667,1.0166666666666666,45.51328510753619,0.15041666666666667,1.1578171091445428,52,1.5673059800434923,0.6478819670164915,0.9673059800434916,0.5968194889536859,0.9615384615384616,A,0.0005806071875008456
rubble,A,60,800,0.0,0.05,0.2,,12,0.3,0.2,2.0,20,0,0.5279329608938548,0.5141759776536313,0.75768156424581,260.0,4.45,1.2333333333333334,43.43533103281798,0.1265,1.0271739130434783,47,1.4285541431028574,0.5922423625876602,0.828554143102857,0.44661099831615025,1.0,A,0.0005724810937499569
rubble,A,60,800,0.0,0.05,0.2,,13,0.3,0.2,2.0,20,0,0.5789106145251397,0.5481843575418994,0.8861731843575419,300.0,4.7,1.1666666666666667,45.57155296209166,0.1458125,1.1172506738544474,49,1.549592208131218,0.6393004266715492,0.9495922081312178,0.6447103582887724,1.0,A,0.0005917745824990561
rubble,A,60,800,0.0,0.05,0.2,,14,0.3,0.2,2.0,20,0,0.6110335195530726,0.5464036312849162,0.8582402234636871,280.0,4.766666666666667,1.0833333333333333,44.41735805669627,0.1493125,1.1904761904761905,48,1.6758905106083215,0.6139810068051021,1.0758905106083214,0.6972027135302036,0.9166666666666666,A,0.0005954882812511642
rubble,A,60,800,0.0,0.05,0.2,,15,0.3,0.2,2.0,20,0,0.5509776536312849,0.5076466480446928,0.7793296089385475,360.0,5.333333333333333,0.9166666666666666,45.78112232474119,0.16708333333333333,1.1990881458966567,54,1.218420410364874,0.6111978920663972,0.618420410364874,0.44352254462495,0.9629629629629629,A,0.0005787617187502292
rubble,A,60,800,0.0,0.05,0.2,,16,0.3,0.2,2.0,20,0,0.4776536312849162,0.492213687150838,0.7562849162011173,280.0,4.133333333333334,1.0,42.597149407785565,0.1433125,0.8860103626943006,46,1.2973114472490015,0.6010558178303854,0.6973114472490017,0.5205368388897087,0.782608695652174,A,0.0005909494787510994
rubble,A,60,800,0.0,0.05,0.2,,17,0.3,0.2,2.0,20,0,0.5593575418994413,0.5326117318435754,0.8561452513966481,340.0,4.1,1.1166666666666667,47.604711748678696,0.13045833333333334,1.0037593984962407,49,1.582335503870518,0.6204456530967454,0.9823355038705179,0.8049275153718375,0.8979591836734694,A,0.0006004545824998786
rubble,A,60,800,0.0,0.05,0.2,,18,0.3,0.2,2.0,20,0,0.5628491620111732,0.5249650837988827,0.8282122905027933,360.0,4.65,0.9833333333333333,43.57094621352022,0.16591666666666666,1.0891891891891892,47,1.8452123200705335,0.6568354413358003,1.2452123200705336,0.9652327454430386,1.0,A,0.0005689184375000878
rubble,A,60,800,0.0,0.05,0.2,,19,0.3,0.2,2.0,20,0,0.5551675977653632,0.5231843575418995,0.8736033519553073,280.0,3.933333333333333,1.2166666666666666,43.86116757379925,0.13472916666666668,0.9754601226993866,47,1.4416966057873293,0.5341942270515115,0.8416966057873292,0.4955811550539818,1.0,A,0.0005855014062490227
rubble,A,60,800,0.0,0.05,0.2,,20,0.3,0.2,2.0,20,0,0.5607541899441341,0.52981843575419,0.8240223463687151,260.0,4.1,0.95,42.985297006946226,0.14647916666666666,0.9950433705080545,47,1.5393689531745838,0.6623542672258339,0.9393689531745839,0.5950957451406446,1.0,A,0.0005649980212501759
rubble,A,60,800,0.0,0.05,0.2,,21,0.3,0.2,2.0,20,0,0.5013966480446927,0.4996159217877095,0.7702513966480447,240.0,4.933333333333334,1.1666666666666667,42.817094286011866,0.14858333333333335,1.0141242937853108,45,1.4313170762828504,0.734443488289361,0.8313170762828506,0.5320778785005899,0.8666666666666667,A,0.0005781337500002337
rubble,A,60,800,0.0,0.05,0.2,,22,0.3,0.2,2.0,20,0,0.5328212290502793,0.4873603351955308,0.7506983240223464,200.0,4.283333333333333,1.2333333333333334,43.295887519510295,0.13425,1.1666666666666665,45,1.4216315499852807,0.5221962060295715,0.8216315499852809,0.6538352522708911,0.9555555555555556,A,0.0005801297912489644
rubble,A,60,800,0.0,0.05,0.2,,23,0.3,0.2,2.0,20,0,0.50768156424581,0.4977653631284917,0.8289106145251397,340.0,5.383333333333334,0.85,45.50688386577512,0.137875,0.9864314789687922,50,1.302526401601488,0.79333650455195,0.7025264016014877,0.3071288763522335,0.92,A,0.0005969623437499649
rubble,A,60,800,0.0,0.05,0.2,,24,0.3,0.2,2.0,20,0,0.5363128491620112,0.4770251396648044,0.7597765363128491,320.0,5.033333333333333,0.9,41.933415524119944,0.15639583333333335,1.0350404312668462,45,1.5837241741529469,0.607442568599104,0.9837241741529469,0.6690935739460401,0.9555555555555556,A,0.0005924127087496345
rubble,A,60,800,0.0,0.05,0.2,,25,0.3,0.2,2.0,20,0,0.49511173184357543,0.4859287709497206,0.7800279329608939,300.0,4.15,1.0333333333333334,39.95467974010564,0.13985416666666667,1.015759312320917,43,1.6323201950717365,0.7278532617290104,1.0323201950717364,0.6494573609076674,0.9069767441860465,A,0.0005837112500012154
rubble,A,60,800,0.0,0.05,0.2,,26,0.3,0.2,2.0,20,0,0.5377094972067039,0.4796787709497206,0.7772346368715084,280.0,4.283333333333333,1.0833333333333333,44.67357939524876,0.11735416666666666,1.0391363022941968,48,1.4801277941593989,0.6717963051008159,0.8801277941593987,0.5561156476128206,0.9166666666666666,A,0.0005891116150019116
rubble,A,60,800,0.0,0.05,0.2,,27,0.3,0.2,2.0,20,0,0.44273743016759776,0.4614175977653631,0.7472067039106145,200.0,4.833333333333333,0.9666666666666667,45.928935900090394,0.12877083333333333,0.9018492176386913,46,1.3328708453368214,0.7538511927728094,0.7328708453368217,0.41093188270997183,0.9565217391304348,A,0.000588665468749241
rubble,A,60,800,0.0,0.05,0.2,,28,0.3,0.2,2.0,20,0,0.5293296089385475,0.487709497206704,0.8666201117318436,220.0,5.016666666666667,1.25,43.54636984595522,0.14620833333333333,1.0937950937950938,46,1.3533193019700163,0.5709273948227077,0.7533193019700164,0.5215602717291393,1.0,A,0.0005848729162494237
rubble,A,60,800,0.0,0.05,0.2,,29,0.3,0.2,2.0,20,0,0.5607541899441341,0.5401187150837989,0.8128491620111732,300.0,4.266666666666667,1.2666666666666666,45.870048689803795,0.147125,1.110650069156293,49,1.4564766091467287,0.6284315911542245,0.856476609146729,0.5603165292836972,0.9591836734693877,A,0.0005991342187485315
rubble,A,60,800,0.02,0.05,0.2,,0,0.3,0.2,2.0,20,0,0.5509776536312849,0.5492667597765364,0.8659217877094972,340.0,5.15,1.0666666666666667,50.53218396014361,0.13158333333333333,0.9282352941176469,48,1.3593232688451693,0.5851235731956712,0.7593232688451698,0.5105142486706187,0.875,A,0.0005962872400004926
rubble,A,60,800,0.02,0.05,0.2,,1,0.3,0.2,2.0,20,0,0.4657821229050279,0.4986382681564246,0.8240223463687151,260.0,4.55,1.1333333333333333,47.13999577747784,0.11454166666666667,0.8730366492146597,46,1.339666087727251,0.5327949988890265,0.7396660877272511,0.4439586015230401,0.9565217391304348,A,0.0005864490112503517
rubble,A,60,800,0.02,0.05,0.2,,3,0.3,0.2,2.0,20,0,0.5418994413407822,0.5044692737430168,0.8100558659217877,320.0,4.966666666666667,1.1,50.61059845092793,0.12452083333333333,1.0291777188328912,49,1.7086307554910622,0.7887101798044482,1.1086307554910622,0.5674160952471147,1.0,A,0.0005833696874992711
rubble,A,60,800,0.02,0.05,0.2,,2,0.3,0.2,2.0,20,0,0.5600558659217877,0.5387569832402235,0.8372905027932961,220.0,4.45,1.1,48.42530342703996,0.1199375,1.0580474934036939,48,1.591843209747432,0.7390950613203077,0.991843209747432,0.5166475287923662,0.9583333333333334,A,0.0005956525524993594
rubble,A,60,800,0.02,0.05,0.2,,4,0.3,0.2,2.0,20,0,0.5279329608938548,0.5055516759776537,0.8708100558659218,280.0,5.783333333333333,0.9333333333333333,46.398390911415014,0.151625,0.9692307692307693,45,1.5600598619784403,0.6911961948907569,0.9600598619784401,0.6120793598707343,0.9555555555555556,A,0.0005899319274999471
rubble,A,60,800,0.02,0.05,0.2,,5,0.3,0.2,2.0,20,0,0.5097765363128491,0.5108240223463687,0.7346368715083799,280.0,5.566666666666666,1.3833333333333333,51.343233149689546,0.157125,0.9468223086900129,51,1.4133264136171013,0.7851595275541837,0.8133264136171011,0.5231103115301717,0.9607843137254902,A,0.0006089742712515545
rubble,A,60,800,0.02,0.05,0.2,,6,0.3,0.2,2.0,20,0,0.5314245810055865,0.48809357541899434,0.8065642458100558,220.0,5.566666666666666,1.2833333333333334,51.62096758373879,0.15645833333333334,1.1358208955223879,50,1.2706785322071366,0.38110870889059206,0.6706785322071365,0.6508144382550973,0.92,A,0.0006114948437493695
rubble,A,60,800,0.02,0.05,0.2,,7,0.3,0.2,2.0,20,0,0.5460893854748603,0.5193784916201117,0.7465083798882681,320.0,5.366666666666666,1.1,48.5591582942963,0.14872916666666666,1.0129533678756475,50,1.372829381616195,0.6608294821827266,0.7728293816161947,0.4326554227434821,0.92,A,0.0006282667712503099
rubble,A,60,800,0.02,0.05,0.2,,8,0.3,0.2,2.0,20,0,0.5789106145251397,0.5522346368715084,0.9266759776536313,280.0,5.25,1.2166666666666666,48.45658134525674,0.134125,1.0836601307189544,47,1.488577995632159,0.5749931656752527,0.8885779956321591,0.6357962465171351,1.0,A,0.0005925230212505994
rubble,A,60,800,0.02,0.05,0.2,,9,0.3,0.2,2.0,20,0,0.5439944134078212,0.5021298882681564,0.7828212290502793,220.0,5.566666666666666,1.3666666666666667,50.348745210433364,0.12770833333333334,1.1289855072463766,47,1.574654723537488,0.7460366920216523,0.974654723537488,0.4498255330631947,0.9148936170212766,A,0.0005892016675011292
rubble,A,60,800,0.02,0.05,0.2,,10,0.3,0.2,2.0,20,0,0.5977653631284916,0.5252793296089385,0.9106145251396648,300.0,5.233333333333333,1.05,48.167681149655635,0.12658333333333333,1.064676616915423,46,1.4070024475000915,0.5098756873972334,0.8070024475000913,0.4827706115154894,1.0,A,0.000603125520001413
rubble,A,60,800,0.02,0.05,0.2,,12,0.3,0.2,2.0,20,0,0.5579608938547486,0.4927374301675977,0.7465083798882681,340.0,5.216666666666667,0.9666666666666667,49.04970949601921,0.12708333333333333,1.0610889774236387,47,1.6665985722970957,0.7099490272090365,1.0665985722970956,0.93321953740378,0.9574468085106383,A,0.0005898775524997291
rubble,A,60,800,0.02,0.05,0.2,,11,0.3,0.2,2.0,20,0,0.5356145251396648,0.4940991620111731,0.7723463687150838,260.0,5.9,1.35,50.828690576353885,0.15004166666666666,1.1362962962962961,52,1.3041292406942195,0.7038471119039994,0.7041292406942197,0.3354863695847123,0.9230769230769231,A,0.0006125383850007893
rubble,A,60,800,0.02,0.05,0.2,,13,0.3,0.2,2.0,20,0,0.5670391061452514,0.525209497206704,0.8519553072625698,360.0,5.35,1.2166666666666666,48.93797213255903,0.14577083333333332,1.0884718498659518,49,1.52681964861717,0.5586213830278977,0.9268196486171699,0.8594696804242404,1.0,A,0.0006070546875002946
rubble,A,60,800,0.02,0.05,0.2,,14,0.3,0.2,2.0,20,0,0.5467877094972067,0.5305516759776535,0.8107541899441341,300.0,5.7,1.1833333333333333,49.518223976779694,0.16210416666666666,1.1028169014084506,48,1.3883434887073236,0.5165738324575377,0.7883434887073234,0.5440700564621758,1.0,A,0.0006236274474986203
rubble,A,60,800,0.02,0.05,0.2,,15,0.3,0.2,2.0,20,0,0.6277932960893855,0.5660265363128492,0.8344972067039106,280.0,5.383333333333334,1.2,52.96357610179891,0.15214583333333334,1.157014157014157,54,1.5698278889982593,0.577714385583,0.9698278889982593,0.5967699422496524,0.9629629629629629,A,0.0005933478637484769
rubble,A,60,800,0.02,0.05,0.2,,16,0.3,0.2,2.0,20,0,0.5013966480446927,0.46735335195530725,0.7960893854748603,260.0,5.283333333333333,0.9666666666666667,45.49184447929949,0.15264583333333334,1.1324921135646688,46,1.3479325522361043,0.7110304249814723,0.7479325522361043,0.40151238247784776,0.9565217391304348,A,0.0005796669787491737
rubble,A,60,800,0.02,0.05,0.2,,17,0.3,0.2,2.0,20,0,0.5593575418994413,0.5193435754189945,0.8666201117318436,260.0,5.316666666666666,1.1166666666666667,50.177407588480555,0.14170833333333333,1.1762114537444934,49,1.5904749295347995,0.7051254811795753,0.9904749295348001,0.5172165623042547,1.0,A,0.0005932019787496756
rubble,A,60,800,0.02,0.05,0.2,,18,0.3,0.2,2.0,20,0,0.5516759776536313,0.567213687150838,0.8896648044692738,280.0,5.35,1.2,47.75215907457708,0.15352083333333333,1.0313315926892952,47,1.4758125038423837,0.6665144771966007,0.8758125038423835,0.6217166551224896,0.9574468085106383,A,0.0006040431762494336
rubble,A,60,800,0.02,0.05,0.2,,19,0.3,0.2,2.0,20,0,0.5991620111731844,0.5361382681564246,0.8491620111731844,280.0,5.166666666666667,1.1833333333333333,48.8372347446772,0.13910416666666667,1.0833333333333333,47,1.56698769380536,0.5482802792479649,0.9669876938053598,0.7332329245619397,0.9574468085106383,A,0.000582728957499512
rubble,A,60,800,0.02,0.05,0.2,,20,0.3,0.2,2.0,20,0,0.5495810055865922,0.5278980446927376,0.8896648044692738,320.0,5.816666666666666,1.1333333333333333,48.983379383548346,0.1545625,1.0722070844686649,47,1.5204350997008536,0.6468158747577414,0.9204350997008538,0.5493097173991687,1.0,A,0.0005984964574986407
rubble,A,60,800,0.02,0.05,0.2,,21,0.3,0.2,2.0,20,0,0.5481843575418994,0.5340782122905028,0.8198324022346368,400.0,5.55,1.1,47.67430191383402,0.154125,0.9655596555965559,45,1.7450217953191696,0.8452685552653314,1.145021795319169,0.6989889917419111,0.9555555555555556,A,0.000579118646248844
rubble,A,60,800,0.02,0.05,0.2,,22,0.3,0.2,2.0,20,0,0.5607541899441341,0.5153282122905029,0.7814245810055865,320.0,5.05,1.2833333333333334,47.439363328967474,0.13004166666666667,1.026854219948849,45,1.5456653671110656,0.8215097868524702,0.9456653671110656,0.6375374545597242,1.0,A,0.0005750911449990781
rubble,A,60,800,0.02,0.05,0.2,,23,0.3,0.2,2.0,20,0,0.5942737430167597,0.5283868715083798,0.8722067039106145,320.0,5.866666666666666,1.0666666666666667,51.014630425882515,0.14822916666666666,1.2174535050071529,50,1.5007959232629955,0.6815317119729953,0.9007959232629952,0.5333553815482085,1.0,A,0.0006031401037489559
rubble,A,60,800,0.02,0.05,0.2,,24,0.3,0.2,2.0,20,0,0.5048882681564246,0.5097765363128491,0.7660614525139665,220.0,5.35,1.3,47.06384073651529,0.14658333333333334,0.991769547325103,45,1.5306192850023659,0.740698005509255,0.9306192850023656,0.44417906974499954,1.0,A,0.0005937725000012506
rubble,A,60,800,0.02,0.05,0.2,,25,0.3,0.2,2.0,20,0,0.5097765363128491,0.5156424581005586,0.7884078212290503,260.0,4.916666666666667,0.9333333333333333,43.081142580313745,0.148125,0.9959072305593452,43,1.5605876605543505,0.6601526716226286,0.9605876605543505,0.5591759572552862,1.0,A,0.0006200657287490685
rubble,A,60,800,0.02,0.05,0.2,,26,0.3,0.2,2.0,20,0,0.5761173184357542,0.5177025139664805,0.8128491620111732,260.0,5.083333333333333,1.2166666666666666,47.827109463077754,0.12591666666666668,1.2043795620437958,48,1.3444497055461488,0.4203719313064067,0.744449705546149,0.6441497196760425,1.0,A,0.0005985241137500452
rubble,A,60,800,0.02,0.05,0.2,,27,0.3,0.2,2.0,20,0,0.5977653631284916,0.4911662011173184,0.7730446927374302,260.0,5.183333333333334,1.55,49.371224478728884,0.13133333333333333,1.2228571428571429,46,1.695642385741146,0.494990241876584,1.095642385741146,0.8757781207974232,0.9130434782608695,A,0.0006116772912491796
rubble,A,60,800,0.02,0.05,0.2,,28,0.3,0.2,2.0,20,0,0.6236033519553073,0.5317388268156424,0.8317039106145251,300.0,5.15,1.0666666666666667,48.22126798408012,0.14522916666666666,1.2067567567567568,46,1.662239803786279,0.5641061694617829,1.062239803786279,0.8670124428714494,1.0,A,0.0006057396350001909
rubble,A,60,800,0.04,0.05,0.2,,0,0.3,0.2,2.0,20,0,0.5698324022346368,0.5661662011173185,0.9155027932960894,360.0,5.716666666666667,1.25,56.6901375354054,0.12072916666666667,1.0355329949238579,48,1.4138367440162496,0.5614791390412355,0.8138367440162496,0.4833175609104212,0.9583333333333334,A,0.0005743377087515
rubble,A,60,800,0.02,0.05,0.2,,29,0.3,0.2,2.0,20,0,0.5712290502793296,0.5420740223463688,0.8212290502793296,320.0,5.333333333333333,1.3,50.634962084373925,0.14116666666666666,1.0651041666666665,49,1.5297760936884428,0.5692929855841822,0.9297760936884428,0.7667495545575961,0.9591836734693877,A,0.0006030934887485273
rubble,A,60,800,0.04,0.05,0.2,,1,0.3,0.2,2.0,20,0,0.5328212290502793,0.5189245810055866,0.8058659217877095,220.0,6.266666666666667,1.0,56.923376690807764,0.12727083333333333,1.0437756497948016,46,1.4882105529994627,0.57368431885376,0.8882105529994625,0.629577611761176,0.9565217391304348,A,0.0005883479687508953
rubble,A,60,800,0.04,0.05,0.2,,2,0.3,0.2,2.0,20,0,0.6222067039106145,0.5753142458100559,0.9350558659217877,280.0,6.15,0.9666666666666667,58.9936235262336,0.12477083333333333,1.2584745762711864,48,1.6458206276095708,0.5544734242113815,1.0458206276095707,0.6665718392203904,1.0,A,0.0005562514062512491
rubble,A,60,800,0.04,0.05,0.2,,3,0.3,0.2,2.0,20,0,0.6054469273743017,0.5431913407821229,0.8547486033519553,340.0,6.3,0.9833333333333333,57.03215980619692,0.1315625,1.12015503875969,49,1.475965402458217,0.5239738787609293,0.8759654024582167,0.47956065269940795,1.0,A,0.0006067990625001585
rubble,A,60,800,0.04,0.05,0.2,,4,0.3,0.2,2.0,20,0,0.585195530726257,0.5730446927374301,0.9455307262569832,280.0,5.883333333333334,1.1333333333333333,57.48075986621201,0.13258333333333333,0.9577142857142857,45,1.5764129141904053,0.5262488045370034,0.9764129141904053,0.7450439045826952,1.0,A,0.0005649968750003609
rubble,A,60,800,0.04,0.05,0.2,,5,0.3,0.2,2.0,20,0,0.6068435754189944,0.5502094972067038,0.8917597765363129,200.0,6.066666666666666,0.9666666666666667,59.00430768904565,0.15022916666666666,1.1404199475065617,51,1.5283264379421855,0.7188292601896853,0.9283264379421855,0.5520427587937006,0.9607843137254902,A,0.0005763903124989156
rubble,A,60,800,0.04,0.05,0.2,,6,0.3,0.2,2.0,20,0,0.5307262569832403,0.5219972067039106,0.7786312849162011,260.0,7.366666666666666,0.9333333333333333,56.66396990114575,0.1529375,1.0644257703081235,50,1.238313284719668,0.574956699476025,0.6383132847196682,0.42274449594859875,0.96,A,0.000594244322501254
rubble,A,60,800,0.04,0.05,0.2,,7,0.3,0.2,2.0,20,0,0.5335195530726257,0.521159217877095,0.8631284916201117,340.0,7.5,1.0833333333333333,58.091086466509836,0.16975,0.9634300126103403,50,1.5798826381724567,0.7936628519138774,0.9798826381724567,0.45569913180093136,0.9,A,0.0006032239062506051
rubble,A,60,800,0.04,0.05,0.2,,8,0.3,0.2,2.0,20,0,0.5747206703910615,0.5467178770949721,0.8840782122905028,260.0,6.4,1.2,56.696072779518545,0.12810416666666666,0.9705188679245282,47,1.6198405211521947,0.6974377438736741,1.0198405211521946,0.6725786631088629,0.9574468085106383,A,0.0005790006250003899
rubble,A,60,800,0.04,0.05,0.2,,9,0.3,0.2,2.0,20,0,0.5754189944134078,0.5703561452513968,0.9168994413407822,380.0,6.033333333333333,1.15,57.20755101634695,0.1323125,0.9537037037037036,47,1.5788133319152664,0.5995387274514334,0.978813331915266,0.7540707975700639,0.9574468085106383,A,0.0005655580724987885
rubble,A,60,800,0.04,0.05,0.2,,10,0.3,0.2,2.0,20,0,0.5020949720670391,0.5363477653631287,0.9252793296089385,340.0,6.016666666666667,1.0333333333333334,57.13172273411383,0.12808333333333333,0.8800489596083232,46,1.4012178680201695,0.5327960260404879,0.8012178680201695,0.6084431082184855,0.9565217391304348,A,0.0005836582812503366
rubble,A,60,800,0.04,0.05,0.2,,11,0.3,0.2,2.0,20,0,0.5677374301675978,0.5286662011173184,0.7695530726256983,240.0,7.016666666666667,1.5,60.09030429722618,0.1556875,1.1851311953352772,52,1.382412624767937,0.6722201996625968,0.782412624767937,0.5279652032210942,0.9615384615384616,A,0.0005949856775009721
rubble,A,60,800,0.04,0.05,0.2,,12,0.3,0.2,2.0,20,0,0.4930167597765363,0.49804469273743013,0.7744413407821229,240.0,6.833333333333333,1.15,57.131273726153154,0.12979166666666667,0.9265091863517061,47,1.4055554638282235,0.6564362561311434,0.8055554638282236,0.5790824560936682,0.8723404255319149,A,0.0005715599475001908
rubble,A,60,800,0.04,0.05,0.2,,13,0.3,0.2,2.0,20,0,0.520949720670391,0.5059357541899441,0.7925977653631285,260.0,6.683333333333334,1.0333333333333334,57.80638594565054,0.15977083333333333,0.9700910273081924,49,1.427809371000366,0.7508480677186686,0.8278093710003659,0.5444966495735578,0.9591836734693877,A,0.0005837437499985754
rubble,A,60,800,0.04,0.05,0.2,,14,0.3,0.2,2.0,20,0,0.553072625698324,0.5293994413407821,0.7681564245810056,360.0,6.433333333333334,0.9,57.152516771069074,0.1538125,1.0393700787401576,48,1.5844987120792817,0.5380848207127819,0.9844987120792817,0.801519393046389,0.9583333333333334,A,0.0005920342712488491
rubble,A,60,800,0.04,0.05,0.2,,16,0.3,0.2,2.0,20,0,0.5600558659217877,0.5355796089385475,0.8491620111731844,320.0,6.666666666666667,1.0666666666666667,54.05313158496673,0.16002083333333333,1.072192513368984,46,1.4216884105981662,0.47878485583711067,0.8216884105981662,0.5700390851380522,0.9130434782608695,A,0.0005659918750006909
rubble,A,60,800,0.04,0.05,0.2,,15,0.3,0.2,2.0,20,0,0.5865921787709497,0.5356145251396647,0.8582402234636871,260.0,7.066666666666666,1.05,59.0954230333982,0.16447916666666668,1.118508655126498,54,1.353978090272873,0.5914793814609021,0.7539780902728727,0.4714293037027859,1.0,A,0.0005932897912498447
rubble,A,60,800,0.04,0.05,0.2,,17,0.3,0.2,2.0,20,0,0.5453910614525139,0.5315293296089386,0.8449720670391061,360.0,5.733333333333333,0.9,57.129139042469184,0.12329166666666666,0.9594594594594593,49,1.4635624249110382,0.5077694422995302,0.8635624249110384,0.5737535701683506,0.9591836734693877,A,0.0005675246350006091
rubble,A,60,800,0.04,0.05,0.2,,18,0.3,0.2,2.0,20,0,0.5684357541899442,0.5378840782122903,0.8107541899441341,360.0,7.633333333333334,1.0333333333333334,52.93335774520692,0.16777083333333334,1.0557717250324254,47,1.564520657767058,0.6437878375536181,0.9645206577670581,0.6922985438688009,1.0,A,0.0006158519799987516
rubble,A,60,800,0.04,0.05,0.2,,19,0.3,0.2,2.0,20,0,0.5377094972067039,0.5268505586592179,0.9141061452513967,320.0,6.333333333333333,0.9333333333333333,55.819291649037055,0.1345,0.9796437659033079,47,1.2491419857136343,0.7795892758526469,0.6491419857136346,0.30246276102687886,0.9148936170212766,A,0.0005831480737492711
rubble,A,60,800,0.04,0.05,0.2,,20,0.3,0.2,2.0,20,0,0.5789106145251397,0.5266061452513966,0.8331005586592178,260.0,6.966666666666667,1.1666666666666667,54.84424416415107,0.15708333333333332,1.187679083094556,47,1.5510483534825008,0.6543997570371001,0.9510483534825007,0.8215210894191799,0.9574468085106383,A,0.0005798795312489346
rubble,A,60,800,0.04,0.05,0.2,,21,0.3,0.2,2.0,20,0,0.5167597765363129,0.4887220670391061,0.8861731843575419,300.0,6.916666666666667,0.9666666666666667,56.165493951744466,0.1505,1.0393258426966294,45,1.5495108150765875,0.8175350929735179,0.9495108150765876,0.5062825688462073,0.8444444444444444,A,0.0006063509900013741
rubble,A,60,800,0.04,0.05,0.2,,22,0.3,0.2,2.0,20,0,0.5789106145251397,0.5286662011173184,0.88268156424581,280.0,6.45,1.05,53.884742750248684,0.12916666666666668,1.087926509186352,45,1.5300194993661351,0.7311378841908386,0.930019499366135,0.6245009432096441,0.9555555555555556,A,0.0005957943224984774
rubble,A,60,800,0.04,0.05,0.2,,23,0.3,0.2,2.0,20,0,0.5921787709497207,0.5307960893854748,0.8296089385474861,240.0,7.583333333333333,0.8166666666666667,56.31728891785192,0.1703125,1.1893408134642358,50,1.6383672849596593,0.6551939252682221,1.0383672849596595,0.8592119836593799,0.86,A,0.0006117798437503552
rubble,A,60,800,0.04,0.05,0.2,,25,0.3,0.2,2.0,20,0,0.5293296089385475,0.5290851955307263,0.9196927374301676,320.0,6.5,1.3666666666666667,52.54084367240519,0.15795833333333334,0.9960578186596585,43,1.6268284810866491,0.7546797283358447,1.026828481086649,0.6355201308874651,1.0,A,0.0005869645312509419
rubble,A,60,800,0.04,0.05,0.2,,24,0.3,0.2,2.0,20,0,0.5579608938547486,0.5073673184357542,0.8756983240223464,340.0,6.35,1.1,54.95405718551438,0.15695833333333334,1.1159217877094971,45,1.7441571777417133,0.6546840776026275,1.1441571777417137,0.8504755052232419,0.9111111111111111,A,0.0006106964574996709
rubble,A,60,800,0.04,0.05,0.2,,26,0.3,0.2,2.0,20,0,0.5453910614525139,0.5048533519553072,0.776536312849162,220.0,6.233333333333333,1.2666666666666666,55.64848503874768,0.12414583333333333,1.0568335588633286,48,1.5521381856790242,0.6685172497650638,0.9521381856790243,0.5892975877414736,0.9375,A,0.0005800974487510757
rubble,A,60,800,0.04,0.05,0.2,,27,0.3,0.2,2.0,20,0,0.5272346368715084,0.4971019553072626,0.8016759776536313,260.0,6.283333333333333,1.1,56.862942649585115,0.13491666666666666,1.0663841807909604,46,1.5066424612834424,0.7695679574515623,0.906642461283442,0.6941243964925214,0.9565217391304348,A,0.0005764924487493772
rubble,A,60,800,0.04,0.05,0.2,,28,0.3,0.2,2.0,20,0,0.5705307262569832,0.5459846368715084,0.8854748603351955,280.0,6.95,0.9666666666666667,54.342398828066614,0.1578125,1.0250941028858218,46,1.533077678296965,0.5456328218838793,0.9330776782969648,0.5580087558022155,0.9565217391304348,A,0.000586314479999146
rubble,A,60,800,0.04,0.05,0.2,,29,0.3,0.2,2.0,20,0,0.6145251396648045,0.5614874301675978,0.9483240223463687,320.0,7.25,1.1666666666666667,57.40368603959199,0.15827083333333333,1.1748998664886516,49,1.6054986394602653,0.5829498993800083,1.0054986394602654,0.5728994786579941,0.9591836734693877,A,0.0006042354687497208
rubble,A,60,800,0.07,0.05,0.2,,1,0.3,0.2,2.0,20,0,0.5991620111731844,0.5777932960893856,0.9245810055865922,220.0,8.733333333333333,1.65,70.93879663323507,0.12377083333333333,1.095785440613027,46,1.8050878795495275,0.6936873619971053,1.2050878795495275,0.9284866837730562,1.0,A,0.0005794088537504649
rubble,A,60,800,0.07,0.05,0.2,,0,0.3,0.2,2.0,20,0,0.6180167597765364,0.5778980446927374,0.9888268156424581,360.0,8.9,1.6833333333333333,73.26464264226694,0.124875,1.084558823529412,48,1.5980002151784543,0.48699234009830095,0.9980002151784543,0.9131535695636364,0.9166666666666666,A,0.0006112374999997883
rubble,A,60,800,0.07,0.05,0.2,,2,0.3,0.2,2.0,20,0,0.5886871508379888,0.5393156424581006,0.8386871508379888,340.0,9.15,1.4666666666666666,72.32097719957736,0.13472916666666668,1.1195219123505975,48,1.5338859879048259,0.5907206068617158,0.9338859879048256,0.5541904739801838,0.9583333333333334,A,0.0005972320312503144
rubble,A,60,800,0.07,0.05,0.2,,3,0.3,0.2,2.0,20,0,0.5286312849162011,0.5031075418994414,0.7660614525139665,260.0,8.583333333333334,1.35,72.20575333410291,0.12564583333333335,1.034153005464481,49,1.3893236237963016,0.6718214569669833,0.7893236237963014,0.3865645811931634,0.9183673469387755,A,0.0006095270312493995
rubble,A,60,800,0.07,0.05,0.2,,4,0.3,0.2,2.0,20,0,0.5544692737430168,0.49804469273743024,0.8715083798882681,320.0,8.916666666666666,1.2666666666666666,67.29219653677038,0.15641666666666668,0.9974874371859296,45,1.3244799449957914,0.454208650676175,0.7244799449957913,0.5367076765081978,0.9111111111111111,A,0.0006092288537502099
rubble,A,60,800,0.07,0.05,0.2,,5,0.3,0.2,2.0,20,0,0.5572625698324022,0.5477304469273742,0.9196927374301676,280.0,9.05,1.6666666666666667,73.54640087151428,0.15966666666666668,1.100689655172414,51,1.470458767161647,0.7936424134202695,0.8704587671616465,0.33053469478585207,0.9215686274509803,A,0.0006164560937486386
rubble,A,60,800,0.07,0.05,0.2,,6,0.3,0.2,2.0,20,0,0.6522346368715084,0.5745460893854749,0.9420391061452514,300.0,9.55,1.2833333333333334,71.58167915629195,0.1486875,1.2114137483787288,50,1.576544763155532,0.490660695833383,0.9765447631555325,0.8296993841366777,1.0,A,0.000614178437499504
rubble,A,60,800,0.07,0.05,0.2,,7,0.3,0.2,2.0,20,0,0.5865921787709497,0.5380237430167598,0.8812849162011173,340.0,9.833333333333334,1.4333333333333333,71.92362835239099,0.16697916666666668,1.0673443456162643,50,1.5705683885643893,0.5778660341759956,0.9705683885643893,0.6563067363141196,1.0,A,0.0006208585937497446
rubble,A,60,800,0.07,0.05,0.2,,8,0.3,0.2,2.0,20,0,0.5747206703910615,0.5164804469273743,0.8379888268156425,180.0,9.483333333333333,1.3,69.18202550337966,0.14185416666666667,1.2228826151560177,47,1.6682015168809086,0.5910634554796264,1.0682015168809085,0.6098255601045149,0.9574468085106383,A,0.0005982057300002452
rubble,A,60,800,0.07,0.05,0.2,,10,0.3,0.2,2.0,20,0,0.5223463687150838,0.493296089385475,0.7744413407821229,240.0,8.266666666666667,1.3333333333333333,69.34365262945292,0.12514583333333335,0.9739583333333333,46,1.5039016763767918,0.6452579837537707,0.9039016763767919,0.5826192048126239,1.0,A,0.000584686562499428
rubble,A,60,800,0.07,0.05,0.2,,9,0.3,0.2,2.0,20,0,0.5928770949720671,0.5531075418994414,0.922486033519553,340.0,8.116666666666667,1.5833333333333333,71.17358122265303,0.13035416666666666,1.0572851805728518,47,1.5571638620913004,0.7212316655085454,0.9571638620913003,0.526771975034254,1.0,A,0.0006023725512500277
rubble,A,60,800,0.07,0.05,0.2,,11,0.3,0.2,2.0,20,0,0.50768156424581,0.5027583798882682,0.8198324022346368,240.0,10.466666666666667,1.0833333333333333,73.28159610613673,0.1530625,0.9824324324324323,52,1.2494800605298855,0.7206715835375559,0.6494800605298856,0.338130754297727,0.9230769230769231,A,0.0006158661449990177
rubble,A,60,800,0.07,0.05,0.2,,12,0.3,0.2,2.0,20,0,0.5733240223463687,0.5364525139664804,0.9231843575418994,260.0,7.866666666666666,1.3333333333333333,72.19556651476871,0.12185416666666667,1.1371191135734071,47,1.6720489113150712,0.6802130137231978,1.0720489113150715,0.7203823332303124,1.0,A,0.0006021683862491045
rubble,A,60,800,0.07,0.05,0.2,,13,0.3,0.2,2.0,20,0,0.4993016759776536,0.509776536312849,0.7891061452513967,260.0,9.883333333333333,1.0833333333333333,69.45073106335661,0.16479166666666667,1.0392441860465116,49,1.4467440275085495,0.9790013841608752,0.8467440275085495,0.39988687095041797,0.9591836734693877,A,0.0006311519275004684
rubble,A,60,800,0.07,0.05,0.2,,14,0.3,0.2,2.0,20,0,0.5335195530726257,0.5291550279329609,0.8296089385474861,300.0,8.85,1.2833333333333334,69.35098205564123,0.1543125,0.9646464646464645,48,1.2737128837318357,0.5252552220801305,0.6737128837318357,0.37583207421453496,0.9583333333333334,A,0.0006050902087508803
rubble,A,60,800,0.07,0.05,0.2,,15,0.3,0.2,2.0,20,0,0.5844972067039106,0.5406075418994413,0.8065642458100558,320.0,11.6,1.3833333333333333,73.63855109085613,0.17645833333333333,1.1465753424657534,54,1.4594456040035086,0.7729689701752939,0.8594456040035086,0.5579644863125043,0.9259259259259259,A,0.0006267266662507609
rubble,A,60,800,0.07,0.05,0.2,,16,0.3,0.2,2.0,20,0,0.6082402234636871,0.5206354748603352,0.9252793296089385,260.0,10.133333333333333,1.15,70.08211290232911,0.1534375,1.2013793103448276,46,1.6990548338310008,0.5139158813409874,1.0990548338310002,1.2288763451195541,0.9130434782608695,A,0.0006147739574998923
rubble,A,60,800,0.07,0.05,0.2,,17,0.3,0.2,2.0,20,0,0.5251396648044693,0.5157821229050279,0.9273743016759777,220.0,9.05,1.5166666666666666,71.80850239300698,0.1378125,1.037241379310345,49,1.2357415828389207,0.4318091302842497,0.6357415828389207,0.4743883728036503,0.9591836734693877,A,0.0005824769275000108
rubble,A,60,800,0.07,0.05,0.2,,19,0.3,0.2,2.0,20,0,0.5516759776536313,0.5121857541899443,0.7325418994413407,260.0,9.466666666666667,1.6833333333333333,70.45194056298324,0.14822916666666666,1.0618279569892475,47,1.5228303379266224,0.5224979136745924,0.9228303379266223,0.8216358830151177,0.9574468085106383,A,0.0005834523962516869
rubble,A,60,800,0.07,0.05,0.2,,18,0.3,0.2,2.0,20,0,0.5537709497206704,0.5241270949720669,0.8966480446927374,320.0,9.583333333333334,1.1833333333333333,70.62768887304242,0.15658333333333332,1.0475561426684281,47,1.5287658951252125,0.7730464139579323,0.9287658951252127,0.66451598382561,1.0,A,0.0006082929162494111
rubble,A,60,800,0.07,0.05,0.2,,20,0.3,0.2,2.0,20,0,0.5698324022346368,0.5472067039106145,0.8680167597765364,320.0,8.966666666666667,1.2166666666666666,69.20592499757713,0.15729166666666666,1.1380753138075312,47,1.4628110842654443,0.6088057130937652,0.8628110842654443,0.5292445553138633,0.9574468085106383,A,0.0005992265100007899
rubble,A,60,800,0.07,0.05,0.2,,21,0.3,0.2,2.0,20,0,0.5768156424581006,0.5120111731843575,0.7988826815642458,340.0,8.983333333333333,1.0166666666666666,66.89095516752178,0.15183333333333332,1.0122549019607845,45,1.5327661975276268,0.45627844542764556,0.9327661975276268,0.6615646770951541,1.0,A,0.0005995601037488995
rubble,A,60,800,0.07,0.05,0.2,,22,0.3,0.2,2.0,20,0,0.5104748603351955,0.5199371508379886,0.8715083798882681,240.0,9.333333333333334,1.3666666666666667,69.0835578202619,0.13645833333333332,1.0609579100145137,45,1.5243484885488843,0.7036579369161223,0.9243484885488843,0.4800027773392913,0.9111111111111111,A,0.0006086848437507797
rubble,A,60,800,0.07,0.05,0.2,,23,0.3,0.2,2.0,20,0,0.5705307262569832,0.5140013966480447,0.8191340782122905,280.0,9.45,1.4833333333333334,70.59982768794447,0.151375,1.0764163372859024,50,1.5295237517279476,0.5237227997224433,0.9295237517279478,0.6772605038744033,1.0,A,0.0006248440624995055
rubble,A,60,800,0.07,0.05,0.2,,24,0.3,0.2,2.0,20,0,0.5691340782122905,0.5170041899441341,0.8798882681564246,300.0,10.55,1.1333333333333333,68.55501586098748,0.16277083333333334,1.1256906077348063,45,1.474216246078899,0.6841852831852291,0.8742162460788988,0.4711088970850362,0.9111111111111111,A,0.0006167418749987519
rubble,A,60,800,0.07,0.05,0.2,,25,0.3,0.2,2.0,20,0,0.6026536312849162,0.5556564245810057,0.986731843575419,340.0,9.166666666666666,0.9666666666666667,65.1371252699293,0.153875,1.0310633213859022,43,1.404296764812264,0.4625315813136015,0.8042967648122642,0.718962654274314,1.0,A,0.0006220070312519965
rubble,A,60,800,0.07,0.05,0.2,,26,0.3,0.2,2.0,20,0,0.5216480446927374,0.5060405027932962,0.8763966480446927,260.0,8.416666666666666,1.15,71.05479044926976,0.12695833333333334,0.9816031537450723,48,1.6427566686945596,0.8087641566950421,1.0427566686945597,0.6437606159847578,0.9583333333333334,A,0.0006102130212502743
rubble,A,60,800,0.07,0.05,0.2,,27,0.3,0.2,2.0,20,0,0.5488826815642458,0.5062150837988828,0.8924581005586593,220.0,8.416666666666666,1.5,70.84651255010381,0.121625,1.0708446866485013,46,1.715304775254485,0.987540662483974,1.1153047752544853,0.5470454634389162,0.9565217391304348,A,0.0005850150524997844
rubble,A,60,800,0.07,0.05,0.2,,28,0.3,0.2,2.0,20,0,0.5370111731843575,0.508763966480447,0.7702513966480447,300.0,9.166666666666666,1.5,68.26011481892803,0.15766666666666668,1.0815752461322081,46,1.5730725853509788,0.5005045243664312,0.9730725853509787,0.7644551101972916,0.9565217391304348,A,0.0006310858862480017
rubble,A,60,800,0.07,0.05,0.2,,29,0.3,0.2,2.0,20,0,0.5586592178770949,0.5234636871508379,0.7737430167597765,280.0,10.0,1.3666666666666667,69.58238089891326,0.16158333333333333,1.1173184357541899,49,1.3685666324139905,0.6012453057045738,0.7685666324139904,0.4542252784424675,0.9591836734693877,A,0.0006023446874996808
rubble,A,60,800,0.1,0.05,0.2,,0,0.3,0.2,2.0,20,0,0.5104748603351955,0.5003142458100558,0.8463687150837989,360.0,12.05,1.7166666666666666,86.88803368279544,0.13095833333333334,0.9851752021563341,48,1.5872820599483868,0.962487710622473,0.9872820599483868,0.5808926340383495,0.9583333333333334,A,0.0005962600525003836
rubble,A,60,800,0.1,0.05,0.2,,1,0.3,0.2,2.0,20,0,0.5300279329608939,0.4848463687150838,0.8687150837988827,280.0,12.533333333333333,1.8333333333333333,84.53547719133593,0.1474375,1.1552511415525115,46,1.518154477303333,0.5331395412492647,0.9181544773033334,0.6453319226983324,1.0,A,0.0006015830212504625
rubble,A,60,800,0.1,0.05,0.2,,2,0.3,0.2,2.0,20,0,0.49162011173184356,0.5247555865921789,0.7995810055865922,300.0,12.483333333333333,1.95,87.49308117857676,0.13877083333333334,0.9539295392953929,48,1.2659209117896342,0.5121441761563732,0.6659209117896342,0.3433881747393851,1.0,A,0.0005786566674987625
rubble,A,60,800,0.1,0.05,0.2,,3,0.3,0.2,2.0,20,0,0.5384078212290503,0.5366270949720671,0.861731843575419,300.0,11.95,2.0,88.61431284911906,0.1339375,1.0118110236220474,49,1.4230003521738182,0.9182988721055564,0.8230003521738182,0.463692791201766,1.0,A,0.0005785879162499441
rubble,A,60,800,0.1,0.05,0.2,,4,0.3,0.2,2.0,20,0,0.5216480446927374,0.49315642458100556,0.8449720670391061,280.0,12.216666666666667,1.7666666666666666,82.67520267578604,0.15764583333333335,1.0346260387811632,45,1.6545563529161376,0.6916195450052726,1.0545563529161377,0.8009878849534505,0.9555555555555556,A,0.0006017221875003997
rubble,A,60,800,0.1,0.05,0.2,,5,0.3,0.2,2.0,20,0,0.5844972067039106,0.534881284916201,0.8631284916201117,240.0,13.133333333333333,1.6333333333333333,86.6274091969904,0.1760625,1.08984375,51,1.3629180228908915,0.41791103322336787,0.7629180228908913,0.5985920577187082,0.9215686274509803,A,0.0006129266149991963
rubble,A,60,800,0.1,0.05,0.2,,6,0.3,0.2,2.0,20,0,0.5935754189944135,0.568086592178771,0.9622905027932961,300.0,12.016666666666667,1.9333333333333333,86.84400122950059,0.15602083333333333,1.0429447852760738,50,1.3958881531307332,0.43122466813161836,0.7958881531307332,0.687338286305364,1.0,A,0.0006201570312487092
rubble,A,60,800,0.1,0.05,0.2,,7,0.3,0.2,2.0,20,0,0.5824022346368715,0.5211592178770951,0.8777932960893855,300.0,14.05,1.7333333333333334,84.0600785047978,0.17697916666666666,1.1713483146067416,50,1.5103714628312854,0.6586232699509996,0.9103714628312859,0.6514925981086209,0.92,A,0.0006136055737511015
rubble,A,60,800,0.1,0.05,0.2,,8,0.3,0.2,2.0,20,0,0.48743016759776536,0.4691340782122905,0.7178770949720671,340.0,15.083333333333334,1.9333333333333333,83.93511884477807,0.1589375,1.082170542635659,47,1.4829612265134127,0.6342571596649585,0.8829612265134127,0.7415715610620207,1.0,A,0.0005915053650005575
rubble,A,60,800,0.1,0.05,0.2,,9,0.3,0.2,2.0,20,0,0.5321229050279329,0.4950069832402234,0.8994413407821229,320.0,14.2,1.5333333333333334,85.40952990503712,0.151,1.1424287856071964,47,1.4174806782482698,0.6119074166044848,0.8174806782482696,0.5070714064514535,0.9574468085106383,A,0.0005973668750016258
rubble,A,60,800,0.1,0.05,0.2,,10,0.3,0.2,2.0,20,0,0.6075418994413407,0.5289455307262568,0.8568435754189944,320.0,11.0,1.75,85.60731511516299,0.12825,1.141732283464567,46,1.8264735142545898,0.5356877833274059,1.2264735142545902,1.1131739910960197,0.9130434782608695,A,0.0006021225512517958
rubble,A,60,800,0.1,0.05,0.2,,11,0.3,0.2,2.0,20,0,0.5705307262569832,0.538826815642458,0.9113128491620112,320.0,14.8,1.8333333333333333,88.9461982129435,0.16341666666666665,1.1605113636363635,52,1.4917345096716659,0.8244363292620881,0.8917345096716661,0.5847296799266676,0.9615384615384616,A,0.0006106826037489554
rubble,A,60,800,0.1,0.05,0.2,,12,0.3,0.2,2.0,20,0,0.5181564245810056,0.5067737430167598,0.8847765363128491,260.0,12.4,2.0166666666666666,86.45400683409659,0.13820833333333332,1.023448275862069,47,1.6372123921807904,0.8714762047799501,1.0372123921807905,0.5614646018638164,0.9148936170212766,A,0.0005880675525008883
rubble,A,60,800,0.1,0.05,0.2,,13,0.3,0.2,2.0,20,0,0.585195530726257,0.5192388268156425,0.9078212290502793,280.0,13.666666666666666,1.5166666666666666,84.64497718582543,0.16929166666666667,1.1055408970976253,49,1.488293710259247,0.6286403757517597,0.8882937102592471,0.7379864693103956,0.9183673469387755,A,0.0006040605737484838
rubble,A,60,800,0.1,0.05,0.2,,14,0.3,0.2,2.0,20,0,0.4972067039106145,0.5212988826815641,0.9155027932960894,240.0,12.866666666666667,1.8,86.65030194763105,0.157125,0.948069241011984,48,1.6100337987409576,0.9436379545424924,1.010033798740958,0.5808418163241489,1.0,A,0.0006042013024989501
rubble,A,60,800,0.1,0.05,0.2,,15,0.3,0.2,2.0,20,0,0.5432960893854749,0.52981843575419,0.8016759776536313,320.0,14.183333333333334,2.05,91.59148831814247,0.16827083333333334,1.0513513513513513,54,1.314169629296449,0.5044767321634404,0.7141696292964491,0.6116084983607809,0.9629629629629629,A,0.0006264305725017039
rubble,A,60,800,0.1,0.05,0.2,,16,0.3,0.2,2.0,20,0,0.5886871508379888,0.5253840782122906,0.9113128491620112,320.0,11.55,1.6166666666666667,83.85323461787729,0.15920833333333334,1.09765625,46,1.8140701620152415,0.8608657873143468,1.214070162015242,0.7586863950609091,1.0,A,0.0006139510425009576
rubble,A,60,800,0.1,0.05,0.2,,17,0.3,0.2,2.0,20,0,0.5712290502793296,0.5260125698324022,0.9196927374301676,260.0,13.533333333333333,1.65,87.21843378943626,0.1428125,1.115961800818554,49,1.4801192189193,0.3951378447516096,0.8801192189192997,0.7336636321190654,1.0,A,0.0006081902087498747
rubble,A,60,800,0.1,0.05,0.2,,18,0.3,0.2,2.0,20,0,0.5258379888268156,0.547171787709497,0.9685754189944135,340.0,12.433333333333334,1.7333333333333334,85.41891214482843,0.15791666666666668,0.9483627204030226,47,1.3594248387947494,0.39080040577440545,0.7594248387947494,0.7039888772173631,0.9574468085106383,A,0.0006104724487499879
rubble,A,60,800,0.1,0.05,0.2,,19,0.3,0.2,2.0,20,0,0.5384078212290503,0.4838337988826815,0.854050279329609,140.0,12.866666666666667,1.8,86.2735972116116,0.144,1.1953488372093024,47,1.5826349481192703,0.9342274521403837,0.9826349481192702,0.6358087400510627,0.9574468085106383,A,0.0006124156762484745
rubble,A,60,800,0.1,0.05,0.2,,20,0.3,0.2,2.0,20,0,0.6061452513966481,0.5521648044692737,0.9692737430167597,300.0,11.5,1.6666666666666667,86.5614344019607,0.1521875,1.1466314398943198,47,1.7124392248633407,0.5524895469039635,1.1124392248633406,0.7628676991198163,1.0,A,0.0006085319787484878
rubble,A,60,800,0.1,0.05,0.2,,21,0.3,0.2,2.0,20,0,0.5782122905027933,0.5157122905027933,0.8065642458100558,280.0,13.083333333333334,1.6333333333333333,81.69473290971695,0.16047916666666667,1.1645569620253164,45,1.7309838383034724,0.5741609250529796,1.130983838303473,0.8362453374092363,1.0,A,0.0006059177612519306
rubble,A,60,800,0.1,0.05,0.2,,22,0.3,0.2,2.0,20,0,0.577513966480447,0.5550977653631285,0.8931564245810056,380.0,10.6,1.6166666666666667,84.53126834413428,0.12889583333333332,1.0184729064039408,45,1.6942411711491585,0.9284352243129049,1.0942411711491582,0.6748680790120155,0.9555555555555556,A,0.0005949230212490875
rubble,A,60,800,0.1,0.05,0.2,,23,0.3,0.2,2.0,20,0,0.5872905027932961,0.5752793296089386,0.9064245810055865,360.0,12.6,1.7166666666666666,87.86171944150479,0.1520625,1.0964797913950457,50,1.552156981482626,0.5585381356296479,0.9521569814826255,0.7368911568712896,1.0,A,0.0006136163537485118
rubble,A,60,800,0.1,0.05,0.2,,24,0.3,0.2,2.0,20,0,0.5677374301675978,0.5215782122905028,0.8107541899441341,260.0,12.016666666666667,1.95,82.64229787873644,0.1593125,1.0782493368700266,45,1.3931445743926045,0.6881873802113534,0.7931445743926047,0.42287598653386527,0.9111111111111111,A,0.0006035102074997667
rubble,A,60,800,0.1,0.05,0.2,,25,0.3,0.2,2.0,20,0,0.5684357541899442,0.518086592178771,0.8603351955307262,280.0,11.516666666666667,1.8,82.45836759519604,0.1373125,1.0810092961487385,43,1.7216205202690091,0.7364609216486805,1.1216205202690095,0.7072315411023199,0.9534883720930233,A,0.0006097272925012476
rubble,A,60,800,0.1,0.05,0.2,,26,0.3,0.2,2.0,20,0,0.5614525139664804,0.5320879888268157,0.9336592178770949,260.0,12.633333333333333,1.6333333333333333,86.71540836838962,0.13808333333333334,1.082099596231494,48,1.6516171500515842,0.6481885748878936,1.051617150051584,0.8682514296031552,0.9583333333333334,A,0.0006024467712495607
rubble,A,60,800,0.1,0.05,0.2,,27,0.3,0.2,2.0,20,0,0.5195530726256983,0.47527932960893854,0.7960893854748603,320.0,12.283333333333333,1.8166666666666667,84.89721000432877,0.13329166666666667,1.0659025787965615,46,1.233907353330203,0.5741008122044593,0.6339073533302028,0.45428130626846863,0.8695652173913043,A,0.0006175833337488257
rubble,A,60,800,0.1,0.05,0.2,,28,0.3,0.2,2.0,20,0,0.5593575418994413,0.5387918994413408,0.9762569832402235,360.0,12.216666666666667,1.3166666666666667,83.47072851915067,0.1511875,0.9925650557620818,46,1.5450904463265456,0.6500046183266566,0.9450904463265455,0.5355812700481798,0.8695652173913043,A,0.0006072122912496525
rubble,A,60,800,0.1,0.05,0.2,,29,0.3,0.2,2.0,20,0,0.5831005586592178,0.5609986033519554,0.9546089385474861,260.0,12.0,2.033333333333333,89.48739072484798,0.144875,1.0182926829268293,49,1.5644374748432586,0.5203380220103235,0.9644374748432586,0.7828940199389643,1.0,A,0.0005854651037498116
apartment,B,60,800,0.0,0.05,0.2,,0,0.3,0.2,2.0,20,0,0.9694010416666666,0.95048828125,0.9954427083333334,240.0,0.9666666666666667,0.3,42.46824378233064,0.0754375,1.0560283687943262,51,2.3020466341544585,0.11236046493908557,1.7020466341544582,1.7458368981239558,1.0,B,0.0014058182812505039
apartment,B,60,800,0.0,0.05,0.2,,1,0.3,0.2,2.0,20,0,0.9596354166666666,0.9288411458333335,0.994140625,260.0,0.9666666666666667,0.31666666666666665,42.38900490636434,0.0923125,1.0293296089385475,51,2.2896168243709383,0.1280571578962934,1.6896168243709382,1.6989571892513613,1.0,B,0.0013625247400000263
apartment,B,60,800,0.0,0.05,0.2,,2,0.3,0.2,2.0,20,0,0.9524739583333334,0.9325195312499999,0.9921875,240.0,0.6666666666666666,0.21666666666666667,41.27280430325818,0.0736875,1.0398009950248757,46,2.399943057768273,0.10698869729643114,1.7999430577682731,1.7883219081353356,1.0,B,0.0012467973437492218
apartment,B,60,800,0.0,0.05,0.2,,4,0.3,0.2,2.0,20,0,0.8567708333333334,0.84248046875,0.958984375,220.0,0.6666666666666666,0.2,38.116537545911775,0.06885416666666666,0.9406719085060758,39,2.488221584212877,0.08455484606139947,1.8882215842128767,1.8379518994404735,1.0,B,0.0012525401562493244
apartment,B,60,800,0.0,0.05,0.2,,3,0.3,0.2,2.0,20,0,0.9661458333333334,0.9406249999999998,0.9954427083333334,240.0,0.9666666666666667,0.31666666666666665,41.881369900010576,0.07858333333333334,1.0443349753694582,49,2.3381717648425226,0.08874842772732336,1.7381717648425223,1.7980672607575459,1.0,B,0.0013294373949997863
apartment,B,60,800,0.0,0.05,0.2,,5,0.3,0.2,2.0,20,0,0.935546875,0.9020507812500002,0.9817708333333334,240.0,0.8,0.3,41.344705917217894,0.07666666666666666,1.0084210526315789,49,2.2961642572757404,0.14218952958587222,1.6961642572757398,1.637062363121895,1.0,B,0.001337931875000322
apartment,B,60,800,0.0,0.05,0.2,,8,0.3,0.2,2.0,20,0,0.927734375,0.9121744791666666,0.9928385416666666,240.0,0.7,0.25,40.172689176826346,0.08064583333333333,0.979381443298969,43,2.5193656727424316,0.10496482297136402,1.9193656727424317,1.8635749008198879,1.0,B,0.0012448141150002811
apartment,B,60,800,0.0,0.05,0.2,,6,0.3,0.2,2.0,20,0,0.943359375,0.9468098958333334,0.990234375,220.0,0.7333333333333333,0.2833333333333333,42.25585129722139,0.08170833333333333,1.0402010050251256,52,2.2126298959444615,0.14281127673888006,1.6126298959444614,1.577083069709001,1.0,B,0.0013960740625020662
apartment,B,60,800,0.0,0.05,0.2,,7,0.3,0.2,2.0,20,0,0.939453125,0.9288736979166666,0.9908854166666666,260.0,0.8333333333333334,0.18333333333333332,42.21757006312604,0.06702083333333334,1.0183486238532111,49,2.371682069689877,0.11464869684065564,1.7716820696898765,1.7778727787860258,1.0,B,0.0013611676037521647
apartment,B,60,800,0.0,0.05,0.2,,9,0.3,0.2,2.0,20,0,0.9134114583333334,0.8940104166666665,0.974609375,240.0,0.9833333333333333,0.25,39.19759226184489,0.083375,1.003576537911302,45,2.378686574816664,0.09705143887943703,1.778686574816664,1.7906416773821086,1.0,B,0.0012879842699999244
apartment,B,60,800,0.0,0.05,0.2,,11,0.3,0.2,2.0,20,0,0.935546875,0.9196614583333333,0.990234375,240.0,1.0166666666666666,0.2,41.20505532184153,0.08602083333333334,1.0353025936599423,48,2.38159425506385,0.09870328604764893,1.78159425506385,1.8002960985183292,1.0,B,0.001294726093749432
apartment,B,60,800,0.0,0.05,0.2,,10,0.3,0.2,2.0,20,0,0.9798177083333334,0.96025390625,0.9993489583333334,260.0,0.8,0.3333333333333333,42.91197823030815,0.076125,1.042966042966043,52,2.294627309625135,0.10648488162922605,1.6946273096251347,1.6607176724556956,1.0,B,0.0013388575524982116
apartment,B,60,800,0.0,0.05,0.2,,13,0.3,0.2,2.0,20,0,0.9290364583333334,0.9222981770833332,0.9895833333333334,220.0,1.1333333333333333,0.3333333333333333,42.029314470953494,0.0696875,1.0185581727337616,49,2.273327474473562,0.11763735180392779,1.673327474473562,1.6323964125023984,1.0,B,0.0012785074475004875
apartment,B,60,800,0.0,0.05,0.2,,12,0.3,0.2,2.0,20,0,0.943359375,0.9181640625,0.9850260416666666,240.0,1.05,0.18333333333333332,42.56268891169473,0.0805625,1.0204225352112677,51,2.2850282252359713,0.14198669217197912,1.685028225235971,1.6441978798125025,1.0,B,0.0013749322912485695
apartment,B,60,800,0.0,0.05,0.2,,14,0.3,0.2,2.0,20,0,0.94140625,0.9276692708333332,0.990234375,260.0,0.8,0.21666666666666667,42.1812816227973,0.0830625,1.002079002079002,49,2.3416159834924466,0.10754544034330452,1.741615983492447,1.7205086873128153,1.0,B,0.0012896418225000162
apartment,B,60,800,0.0,0.05,0.2,,15,0.3,0.2,2.0,20,0,0.9388020833333334,0.9264973958333333,0.9915364583333334,220.0,0.9833333333333333,0.18333333333333332,41.953258853299864,0.074125,1.0062805303558968,49,2.3074118266488335,0.13477215897630968,1.7074118266488338,1.681367125205774,1.0,B,0.0012681164062496465
apartment,B,60,800,0.0,0.05,0.2,,16,0.3,0.2,2.0,20,0,0.9674479166666666,0.9281901041666668,0.9921875,220.0,1.15,0.2,42.84313954110382,0.08570833333333333,1.0768115942028984,54,2.2446043566169567,0.14352325116569037,1.6446043566169564,1.6986331901678127,1.0,B,0.0013281838537500335
apartment,B,60,800,0.0,0.05,0.2,,17,0.3,0.2,2.0,20,0,0.943359375,0.9192708333333334,0.9837239583333334,220.0,0.8833333333333333,0.2833333333333333,40.42283011092294,0.08441666666666667,1.0469653179190752,48,2.334374198664602,0.12698801610230565,1.734374198664602,1.8248094876149246,1.0,B,0.0013101602612505302
apartment,B,60,800,0.0,0.05,0.2,,18,0.3,0.2,2.0,20,0,0.9095052083333334,0.8890950520833334,0.9720052083333334,220.0,0.7,0.21666666666666667,39.8168183763831,0.08022916666666667,1.0028715003589377,45,2.3227064084980964,0.1405816937132271,1.7227064084980959,1.713989288574394,1.0,B,0.0012859168224986207
apartment,B,60,800,0.0,0.05,0.2,,19,0.3,0.2,2.0,20,0,0.9368489583333334,0.9333333333333333,0.9921875,260.0,0.9166666666666666,0.2,40.791035427738876,0.088875,0.9890034364261169,47,2.2709165716243773,0.1509632581407334,1.6709165716243781,1.6386570086046848,1.0,B,0.0012973557287500625
apartment,B,60,800,0.0,0.05,0.2,,20,0.3,0.2,2.0,20,0,0.9368489583333334,0.92529296875,0.9915364583333334,240.0,0.8333333333333334,0.3,41.42237387085335,0.083625,1.0227434257285004,48,2.3509552239650904,0.13954809038297086,1.7509552239650903,1.83678171628298,1.0,B,0.0013143127087482753
apartment,B,60,800,0.0,0.05,0.2,,21,0.3,0.2,2.0,20,0,0.923828125,0.9008138020833334,0.9837239583333334,200.0,1.1833333333333333,0.2833333333333333,40.223918824962304,0.0745,1.0260303687635575,44,2.4538019493672856,0.11455107476797012,1.8538019493672857,1.8781407814035849,1.0,B,0.0012888280199990733
apartment,B,60,800,0.0,0.05,0.2,,22,0.3,0.2,2.0,20,0,0.9407552083333334,0.9034505208333334,0.9811197916666666,180.0,0.7833333333333333,0.26666666666666666,41.36049010106725,0.08216666666666667,1.0433212996389891,48,2.3362972165762774,0.12924521130619304,1.7362972165762773,1.707835956208622,1.0,B,0.0012990660937498434
apartment,B,60,800,0.0,0.05,0.2,,23,0.3,0.2,2.0,20,0,0.9557291666666666,0.9428059895833334,0.9928385416666666,220.0,1.1333333333333333,0.3333333333333333,44.10470654072431,0.07947916666666667,1.0381895332390383,55,2.209376710957622,0.10642755487694253,1.609376710957622,1.585457893288711,1.0,B,0.0013953041674994893
apartment,B,60,800,0.0,0.05,0.2,,25,0.3,0.2,2.0,20,0,0.9075520833333334,0.8824544270833332,0.97265625,240.0,0.75,0.2,40.32209791857342,0.072,0.9872521246458924,45,2.369618302170748,0.10359875638276532,1.7696183021707486,1.8248918701455725,1.0,B,0.0012567454687518874
apartment,B,60,800,0.0,0.05,0.2,,24,0.3,0.2,2.0,20,0,0.9641927083333334,0.9399088541666666,0.9921875,220.0,0.8166666666666667,0.3333333333333333,43.53145969924147,0.0910625,1.0616487455197132,53,2.293989257677158,0.11296760479910556,1.6939892576771582,1.7187455890919119,1.0,B,0.0014063118224999017
apartment,B,60,800,0.0,0.05,0.2,,26,0.3,0.2,2.0,20,0,0.9466145833333334,0.9229166666666666,0.9889322916666666,220.0,0.8166666666666667,0.18333333333333332,41.1826707042537,0.08320833333333333,1.0334044065387349,48,2.378766704877681,0.09993259506596379,1.7787667048776807,1.805769758561114,1.0,B,0.0013045325000007324
apartment,B,60,800,0.0,0.05,0.2,,28,0.3,0.2,2.0,20,0,0.9153645833333334,0.8984700520833332,0.9837239583333334,200.0,0.9333333333333333,0.23333333333333334,39.889514109579956,0.0751875,1.018840579710145,45,2.4649070859806628,0.12125429601802676,1.8649070859806616,1.801851031588206,1.0,B,0.0012776466149989575
apartment,B,60,800,0.0,0.05,0.2,,27,0.3,0.2,2.0,20,0,0.92578125,0.8917317708333334,0.9811197916666666,200.0,0.75,0.3,39.77873186010801,0.07452083333333333,1.0128205128205128,45,2.387754124623218,0.11964266007270342,1.7877541246232183,1.8330530694348357,1.0,B,0.0013303917700000056
apartment,B,60,800,0.0,0.05,0.2,,29,0.3,0.2,2.0,20,0,0.9166666666666666,0.8978841145833332,0.9739583333333334,220.0,0.8,0.21666666666666667,40.69967614146832,0.0806875,0.9985815602836879,48,2.325497715750485,0.10217481676663867,1.7254977157504847,1.706718445315588,1.0,B,0.001310227916249005
apartment,B,60,800,0.02,0.05,0.2,,0,0.3,0.2,2.0,20,0,0.916015625,0.8788736979166668,0.9596354166666666,240.0,0.9333333333333333,0.2833333333333333,48.40638304645986,0.0808125,0.9985805535841021,47,2.3837900683817304,0.10448415790069553,1.7837900683817303,1.7883963078973637,1.0,B,0.001341025156248179
apartment,B,60,800,0.02,0.05,0.2,,1,0.3,0.2,2.0,20,0,0.93359375,0.9198893229166666,0.9889322916666666,220.0,1.0,0.2833333333333333,48.65486905202705,0.0790625,1.0235546038543897,46,2.378500020122741,0.17021669457223026,1.7785000201227403,1.8392169086557124,1.0,B,0.0012898521875013102
apartment,B,60,800,0.02,0.05,0.2,,2,0.3,0.2,2.0,20,0,0.947265625,0.9333658854166667,0.990234375,240.0,0.6666666666666666,0.2833333333333333,51.03974387715939,0.067375,1.0181945416375089,50,2.321805663497246,0.13115998075319607,1.7218056634972456,1.7390182207384648,1.0,B,0.001326640052500352
apartment,B,60,800,0.02,0.05,0.2,,4,0.3,0.2,2.0,20,0,0.9348958333333334,0.9169921874999998,0.9850260416666666,240.0,1.1666666666666667,0.3,48.704931087972234,0.0735,1.0048985304408677,47,2.337502668047659,0.13644125274610727,1.7375026680476588,1.7103923409952628,1.0,B,0.0013166660937508822
apartment,B,60,800,0.02,0.05,0.2,,3,0.3,0.2,2.0,20,0,0.904296875,0.8819661458333334,0.974609375,200.0,0.95,0.26666666666666666,49.18354198099626,0.07502083333333333,1.020573108008817,48,2.310213156403232,0.13216433276267398,1.710213156403232,1.7017261777945056,1.0,B,0.0013295021875001111
apartment,B,60,800,0.02,0.05,0.2,,5,0.3,0.2,2.0,20,0,0.9225260416666666,0.9136067708333332,0.984375,240.0,1.1166666666666667,0.26666666666666666,48.228724463538015,0.08245833333333333,1.0092592592592593,46,2.310435401696361,0.12702646095807887,1.7104354016963614,1.7350722543659856,1.0,B,0.0013341074475010828
apartment,B,60,800,0.02,0.05,0.2,,6,0.3,0.2,2.0,20,0,0.953125,0.933203125,0.9915364583333334,240.0,0.9166666666666666,0.3,50.39676630317881,0.06827083333333334,1.008959338387319,50,2.3738307665639358,0.12358549078607431,1.773830766563936,1.781317363922075,1.0,B,0.001312724271249408
apartment,B,60,800,0.02,0.05,0.2,,7,0.3,0.2,2.0,20,0,0.9407552083333334,0.9243815104166666,0.98046875,180.0,0.9833333333333333,0.3333333333333333,51.00718843590979,0.0640625,1.0284697508896798,51,2.3165798765363106,0.11793416140780516,1.7165798765363103,1.6733619055872877,1.0,B,0.0013260345312505707
apartment,B,60,800,0.02,0.05,0.2,,8,0.3,0.2,2.0,20,0,0.9127604166666666,0.8930013020833332,0.9791666666666666,220.0,1.0666666666666667,0.31666666666666665,48.77338470411325,0.0695625,1.0079079798705965,46,2.356262636508902,0.07470699228230743,1.756262636508902,1.7273028479205257,1.0,B,0.0012863936462508719
apartment,B,60,800,0.02,0.05,0.2,,9,0.3,0.2,2.0,20,0,0.931640625,0.9161783854166666,0.986328125,260.0,1.0166666666666666,0.2,49.34288788947476,0.0793125,1.0006993006993006,49,2.2916513169953148,0.1237433173244413,1.6916513169953147,1.6470976817020264,1.0,B,0.0013123558337497343
apartment,B,60,800,0.02,0.05,0.2,,10,0.3,0.2,2.0,20,0,0.9251302083333334,0.9078125,0.982421875,180.0,1.15,0.21666666666666667,48.743044800177444,0.0740625,1.0304568527918783,47,2.3691907971894426,0.13858901377307217,1.769190797189443,1.7791825942145665,1.0,B,0.001310705781249908
apartment,B,60,800,0.02,0.05,0.2,,11,0.3,0.2,2.0,20,0,0.947265625,0.9257161458333332,0.990234375,220.0,0.95,0.2833333333333333,49.45405162278605,0.07266666666666667,1.0422636103151863,49,2.3982913410210123,0.10105537465500619,1.7982913410210124,1.802290081272957,1.0,B,0.0013137664062492149
apartment,B,60,800,0.02,0.05,0.2,,12,0.3,0.2,2.0,20,0,0.9368489583333334,0.9166666666666666,0.9869791666666666,240.0,1.1,0.2833333333333333,48.0715216898273,0.0778125,1.0119549929676512,46,2.3802814768833653,0.1614076347948596,1.7802814768833655,1.8423918724189536,1.0,B,0.0012922629687500376
apartment,B,60,800,0.02,0.05,0.2,,13,0.3,0.2,2.0,20,0,0.9537760416666666,0.9365885416666666,0.9928385416666666,240.0,0.9166666666666666,0.25,51.35329787419134,0.07014583333333334,1.0368011323425337,52,2.2354051119746647,0.13712814106290294,1.6354051119746649,1.645529632093543,1.0,B,0.0013210879687494525
apartment,B,60,800,0.02,0.05,0.2,,14,0.3,0.2,2.0,20,0,0.908203125,0.881640625,0.9733072916666666,240.0,1.1,0.3333333333333333,48.29913093213006,0.078,1.0021551724137931,46,2.3068680344004187,0.11060693650494122,1.7068680344004183,1.7051455855582804,1.0,B,0.0013042223437491885
apartment,B,60,800,0.02,0.05,0.2,,15,0.3,0.2,2.0,20,0,0.9303385416666666,0.9169921875000002,0.98828125,220.0,1.0,0.3,47.96165794018064,0.08220833333333333,1.0453547915142647,49,2.274819583152051,0.1305073292331866,1.6748195831520507,1.6359618926680914,1.0,B,0.0013294648962482824
apartment,B,60,800,0.02,0.05,0.2,,16,0.3,0.2,2.0,20,0,0.9654947916666666,0.9437174479166666,0.9947916666666666,260.0,0.9,0.2833333333333333,49.49873290316061,0.07185416666666666,1.029146426092991,49,2.3932588108682267,0.11995744328061397,1.7932588108682266,1.901117063762531,1.0,B,0.0013247057812509411
apartment,B,60,800,0.02,0.05,0.2,,17,0.3,0.2,2.0,20,0,0.9420572916666666,0.92890625,0.990234375,220.0,0.95,0.31666666666666665,51.24655169949169,0.0814375,1.0006915629322268,51,2.292844092939725,0.14179089981109433,1.6928440929397244,1.6848516164969158,1.0,B,0.0013256299475006017
apartment,B,60,800,0.02,0.05,0.2,,18,0.3,0.2,2.0,20,0,0.9147135416666666,0.9018880208333334,0.9817708333333334,220.0,0.8,0.4166666666666667,49.27114128002741,0.0703125,1.0050071530758227,48,2.310932534409822,0.13981174396886606,1.7109325344098216,1.6895005176230413,1.0,B,0.001309159843751786
apartment,B,60,800,0.02,0.05,0.2,,19,0.3,0.2,2.0,20,0,0.9329427083333334,0.9128580729166667,0.9895833333333334,240.0,0.9333333333333333,0.36666666666666664,50.40518850096994,0.07435416666666667,1.0148725212464589,50,2.2415984638495705,0.1389887836799188,1.6415984638495704,1.624775548344279,1.0,B,0.0013131216150009096
apartment,B,60,800,0.02,0.05,0.2,,20,0.3,0.2,2.0,20,0,0.921875,0.8896809895833334,0.9778645833333334,240.0,0.9333333333333333,0.23333333333333334,48.57451544107645,0.0774375,0.9812889812889813,46,2.3882092721635964,0.12033335192743254,1.7882092721635967,1.7137844832306555,1.0,B,0.0012962236449993725
apartment,B,60,800,0.02,0.05,0.2,,21,0.3,0.2,2.0,20,0,0.9186197916666666,0.9058268229166666,0.9830729166666666,220.0,1.1,0.25,48.77233157503206,0.07610416666666667,0.9936619718309859,47,2.3813705696748366,0.12734780159554626,1.7813705696748365,1.7351687961181361,1.0,B,0.0013127278649994877
apartment,B,60,800,0.02,0.05,0.2,,23,0.3,0.2,2.0,20,0,0.9296875,0.9057291666666666,0.9817708333333334,240.0,1.0166666666666666,0.23333333333333334,46.937311072220474,0.07122916666666666,1.0163701067615658,45,2.407435537597591,0.11358999682299159,1.8074355375975903,1.80875779464811,1.0,B,0.0012910273962506835
apartment,B,60,800,0.02,0.05,0.2,,22,0.3,0.2,2.0,20,0,0.9505208333333334,0.9219726562499998,0.9915364583333334,200.0,0.9333333333333333,0.23333333333333334,49.85551699184099,0.07391666666666667,1.0480976310122039,49,2.287245700354722,0.14888998051763574,1.6872457003547223,1.811625567541146,1.0,B,0.0013608145837497431
apartment,B,60,800,0.02,0.05,0.2,,24,0.3,0.2,2.0,20,0,0.9498697916666666,0.9272135416666666,0.9928385416666666,260.0,1.0,0.21666666666666667,48.248189050811824,0.08277083333333334,1.0138985406532313,47,2.4117849440086876,0.1051980893863272,1.811784944008688,1.8418347665202996,1.0,B,0.001299403073751364
apartment,B,60,800,0.02,0.05,0.2,,25,0.3,0.2,2.0,20,0,0.9479166666666666,0.9430989583333333,0.9915364583333334,240.0,0.9833333333333333,0.23333333333333334,50.727078793378915,0.06939583333333334,1.0196078431372548,51,2.291656819189205,0.1122422646902592,1.6916568191892054,1.6794706536534632,1.0,B,0.0013506859899985102
apartment,B,60,800,0.02,0.05,0.2,,26,0.3,0.2,2.0,20,0,0.9817708333333334,0.9542643229166664,0.9947916666666666,240.0,1.0333333333333334,0.3,52.670989139726224,0.07922916666666667,1.060478199718706,55,2.2550138332089555,0.13559926884944287,1.6550138332089557,1.646854550787347,1.0,B,0.0013722657812513717
apartment,B,60,800,0.02,0.05,0.2,,28,0.3,0.2,2.0,20,0,0.9147135416666666,0.9022460937500002,0.982421875,240.0,1.0,0.25,48.773223681180525,0.06945833333333333,0.9818308874912648,46,2.3128379756124318,0.1429961134814486,1.7128379756124312,1.717109292818633,1.0,B,0.001261676667500069
apartment,B,60,800,0.02,0.05,0.2,,27,0.3,0.2,2.0,20,0,0.9264322916666666,0.9035156250000002,0.984375,260.0,1.1,0.23333333333333334,47.61127962008958,0.076625,1.0092198581560283,46,2.3524723139527137,0.10972616865008189,1.7524723139527136,1.7403034154414714,1.0,B,0.0013169273962512307
apartment,B,60,800,0.02,0.05,0.2,,29,0.3,0.2,2.0,20,0,0.9264322916666666,0.8964843750000002,0.986328125,220.0,1.1,0.25,48.402991709809676,0.07004166666666667,1.0085046066619419,46,2.410077780180325,0.11764760009467742,1.810077780180325,1.8692089509418626,1.0,B,0.0012665965099995446
apartment,B,60,800,0.04,0.05,0.2,,0,0.3,0.2,2.0,20,0,0.9388020833333334,0.923828125,0.986328125,240.0,1.05,0.3,60.17583796229188,0.06429166666666666,1.0069832402234637,48,2.3529004290464313,0.1274765071831055,1.752900429046431,1.7412975725647943,1.0,B,0.0012927246350000132
apartment,B,60,800,0.04,0.05,0.2,,1,0.3,0.2,2.0,20,0,0.978515625,0.9561523437499998,0.9934895833333334,220.0,1.0333333333333334,0.45,62.55229180526435,0.07158333333333333,1.0652019844082212,53,2.303347090285893,0.12572653323672897,1.703347090285893,1.6905672601779718,1.0,B,0.001346920000000864
apartment,B,60,800,0.04,0.05,0.2,,2,0.3,0.2,2.0,20,0,0.9348958333333334,0.9152669270833332,0.986328125,240.0,1.0666666666666667,0.2,58.46865946191191,0.0709375,1.0162774239207362,48,2.3239056425441365,0.17553594116258978,1.7239056425441361,1.791793484613272,1.0,B,0.0013659436974990057
apartment,B,60,800,0.04,0.05,0.2,,3,0.3,0.2,2.0,20,0,0.9368489583333334,0.9289388020833332,0.9915364583333334,220.0,1.25,0.2833333333333333,59.6679446008313,0.064375,1.0148095909732018,47,2.4009586375432894,0.09415167951930652,1.8009586375432887,1.7696094983960995,1.0,B,0.0012684572912507975
apartment,B,60,800,0.04,0.05,0.2,,4,0.3,0.2,2.0,20,0,0.9303385416666666,0.9180013020833335,0.990234375,220.0,1.1166666666666667,0.43333333333333335,60.09620090508462,0.06377083333333333,1.0007002801120448,49,2.3150023942373026,0.10160902190950506,1.7150023942373027,1.65876016446088,1.0,B,0.0012922406249981577
apartment,B,60,800,0.04,0.05,0.2,,5,0.3,0.2,2.0,20,0,0.9368489583333334,0.9035481770833332,0.990234375,180.0,1.25,0.31666666666666665,58.64549529662121,0.06689583333333333,1.0419985517740769,46,2.41198544141205,0.09539010867112098,1.81198544141205,1.7960747346046493,1.0,B,0.0012838809375011807
apartment,B,60,800,0.04,0.05,0.2,,6,0.3,0.2,2.0,20,0,0.9557291666666666,0.9413411458333336,0.9908854166666666,260.0,1.2166666666666666,0.5166666666666667,60.72118567825257,0.07035416666666666,1.0117160578911095,50,2.3341152035851693,0.11279353989133883,1.7341152035851686,1.6895229765092166,1.0,B,0.0012866005737510022
apartment,B,60,800,0.04,0.05,0.2,,7,0.3,0.2,2.0,20,0,0.9596354166666666,0.9324218750000002,0.9947916666666666,240.0,1.0833333333333333,0.31666666666666665,58.68613661201808,0.08785416666666666,1.0506058446186741,48,2.3726075578977306,0.12079821918862185,1.7726075578977305,1.796618059884123,1.0,B,0.001302339999999731
apartment,B,60,800,0.04,0.05,0.2,,8,0.3,0.2,2.0,20,0,0.865234375,0.8478515625,0.94140625,220.0,1.0666666666666667,0.3,55.5306454587967,0.064125,0.9554277498202731,41,2.4639516134614845,0.1776480202360698,1.863951613461484,1.855252507667088,1.0,B,0.0012299976562508163
apartment,B,60,800,0.04,0.05,0.2,,9,0.3,0.2,2.0,20,0,0.9544270833333334,0.9347981770833332,0.990234375,240.0,1.25,0.55,61.42254690134318,0.08097916666666667,1.0493915533285612,53,2.2462117551023177,0.12517472731183155,1.646211755102317,1.666835923163545,1.0,B,0.0013684339587484828
apartment,B,60,800,0.04,0.05,0.2,,11,0.3,0.2,2.0,20,0,0.9225260416666666,0.9072265625,0.9850260416666666,240.0,1.1666666666666667,0.11666666666666667,58.013347611466806,0.06279166666666666,1.0078236130867708,45,2.3965706939583225,0.14472401970168766,1.7965706939583224,1.7919620533273615,1.0,B,0.0012427205724998202
apartment,B,60,800,0.04,0.05,0.2,,10,0.3,0.2,2.0,20,0,0.9440104166666666,0.9196940104166668,0.9915364583333334,200.0,1.3166666666666667,0.2833333333333333,61.11960595352848,0.0706875,1.039426523297491,51,2.2567271227268475,0.15990785175212258,1.6567271227268479,1.7316024213723522,1.0,B,0.0013336444275000759
apartment,B,60,800,0.04,0.05,0.2,,12,0.3,0.2,2.0,20,0,0.9453125,0.9150390625,0.9895833333333334,220.0,1.3166666666666667,0.23333333333333334,59.208098134716,0.063375,1.0552325581395348,47,2.4224889114096597,0.10120239076130284,1.82248891140966,1.8735359831572547,1.0,B,0.0012936339587486145
apartment,B,60,800,0.04,0.05,0.2,,13,0.3,0.2,2.0,20,0,0.9127604166666666,0.8948242187500002,0.9876302083333334,240.0,1.15,0.2833333333333333,56.53435561844841,0.06764583333333334,0.9783670621074668,43,2.4263450776403266,0.11215363542614933,1.8263450776403263,1.8375365222744469,1.0,B,0.0012970171350002602
apartment,B,60,800,0.04,0.05,0.2,,14,0.3,0.2,2.0,20,0,0.9095052083333334,0.8944661458333334,0.9830729166666666,220.0,1.2,0.2,57.65739796323138,0.07220833333333333,1.0035919540229885,46,2.382768598324115,0.12257131068773634,1.7827685983241153,1.7923390018333842,1.0,B,0.0013230830212501133
apartment,B,60,800,0.04,0.05,0.2,,15,0.3,0.2,2.0,20,0,0.9361979166666666,0.8982421875,0.9830729166666666,220.0,1.0333333333333334,0.2833333333333333,59.32720772274772,0.067625,1.0345323741007195,49,2.362436138426336,0.1125845587540329,1.7624361384263358,1.8047684072963848,1.0,B,0.0013572520312482084
apartment,B,60,800,0.04,0.05,0.2,,16,0.3,0.2,2.0,20,0,0.955078125,0.9334635416666668,0.9915364583333334,220.0,1.1166666666666667,0.48333333333333334,60.5690953778608,0.07033333333333333,1.044871794871795,51,2.263088618437101,0.12090543043408591,1.6630886184371005,1.6510994484645365,1.0,B,0.0013811390625005516
apartment,B,60,800,0.04,0.05,0.2,,17,0.3,0.2,2.0,20,0,0.9088541666666666,0.9019856770833334,0.982421875,240.0,1.3,0.26666666666666666,57.25039233358813,0.0635625,0.9824067558057705,43,2.4072909779116065,0.1188556664411255,1.8072909779116058,1.7220042917130245,1.0,B,0.0012699016149986164
apartment,B,60,800,0.04,0.05,0.2,,18,0.3,0.2,2.0,20,0,0.9381510416666666,0.9251627604166666,0.9895833333333334,220.0,0.9833333333333333,0.4166666666666667,58.63247871373674,0.07297916666666666,1.041184971098266,48,2.4279567663315946,0.09302408641739296,1.8279567663315943,1.7877383615068791,1.0,B,0.0013215415112495066
apartment,B,60,800,0.04,0.05,0.2,,20,0.3,0.2,2.0,20,0,0.9479166666666666,0.91806640625,0.9876302083333334,200.0,1.1833333333333333,0.55,61.28512384971827,0.072375,1.0520231213872833,52,2.2737135510181377,0.15928391550691257,1.6737135510181378,1.705482160771767,1.0,B,0.0013819941662518431
apartment,B,60,800,0.04,0.05,0.2,,19,0.3,0.2,2.0,20,0,0.9518229166666666,0.934375,0.9934895833333334,220.0,1.1166666666666667,0.35,61.45462587799714,0.077375,1.0594202898550724,52,2.205580773303009,0.10077386596896666,1.6055807733030092,1.5811180968833844,1.0,B,0.0014259619787503652
apartment,B,60,800,0.04,0.05,0.2,,21,0.3,0.2,2.0,20,0,0.9401041666666666,0.9180338541666666,0.9908854166666666,240.0,1.2,0.26666666666666666,58.66762795065097,0.06670833333333333,1.029223093371347,47,2.3733052176368474,0.10868252023976838,1.773305217636846,1.7579208941522966,1.0,B,0.001328495207501419
apartment,B,60,800,0.04,0.05,0.2,,22,0.3,0.2,2.0,20,0,0.8971354166666666,0.8680013020833334,0.9654947916666666,240.0,1.05,0.18333333333333332,56.62543209200707,0.0701875,0.9745403111739745,43,2.4132910628188218,0.13006086960054544,1.8132910628188221,1.816304342251815,1.0,B,0.0012966567187504552
apartment,B,60,800,0.04,0.05,0.2,,23,0.3,0.2,2.0,20,0,0.9134114583333334,0.9028645833333332,0.9837239583333334,240.0,1.2333333333333334,0.3333333333333333,56.73338493220747,0.0760625,0.9831814996496145,45,2.3532456190461812,0.11379751465991933,1.7532456190461805,1.6495594566049907,1.0,B,0.0013247167187500964
apartment,B,60,800,0.04,0.05,0.2,,24,0.3,0.2,2.0,20,0,0.8997395833333334,0.8869466145833332,0.9772135416666666,220.0,1.3833333333333333,0.21666666666666667,55.772058885714294,0.074,0.9843304843304844,43,2.4904582892356824,0.09909183767839984,1.8904582892356823,1.8824161743457246,1.0,B,0.001274759843749962
apartment,B,60,800,0.04,0.05,0.2,,26,0.3,0.2,2.0,20,0,0.94921875,0.9318033854166666,0.9908854166666666,240.0,1.3833333333333333,0.35,58.65099858309597,0.07620833333333334,1.0362473347547974,48,2.3129513020290755,0.16159383165627939,1.7129513020290759,1.733312501600158,1.0,B,0.0013230649999991329
apartment,B,60,800,0.04,0.05,0.2,,25,0.3,0.2,2.0,20,0,0.9661458333333334,0.9380208333333332,0.99609375,220.0,1.2333333333333334,0.2833333333333333,62.46086444376217,0.072125,1.069164265129683,53,2.2602652636785225,0.1711343310536783,1.6602652636785225,1.6359733860293653,1.0,B,0.001371655677498893
apartment,B,60,800,0.04,0.05,0.2,,27,0.3,0.2,2.0,20,0,0.9459635416666666,0.9261067708333334,0.9856770833333334,240.0,1.25,0.3,59.1590406261165,0.0713125,1.0189340813464236,49,2.303188384570023,0.11558258355405576,1.7031883845700226,1.671508901819855,1.0,B,0.0013407016675000705
apartment,B,60,800,0.04,0.05,0.2,,29,0.3,0.2,2.0,20,0,0.94140625,0.925390625,0.9928385416666666,240.0,1.2333333333333334,0.15,58.58141416743702,0.06547916666666667,1.0027739251040222,46,2.3895265868821376,0.11701769713882253,1.7895265868821373,1.7735702376303852,1.0,B,0.0012806276562491803
apartment,B,60,800,0.04,0.05,0.2,,28,0.3,0.2,2.0,20,0,0.9446614583333334,0.9142252604166664,0.990234375,220.0,1.2666666666666666,0.4166666666666667,60.3489003683324,0.0721875,1.0379113018597999,51,2.345624671932843,0.1151135063609872,1.7456246719328428,1.8270934691118668,1.0,B,0.0013456927087486291
apartment,B,60,800,0.07,0.05,0.2,,0,0.3,0.2,2.0,20,0,0.9290364583333334,0.8997395833333333,0.9811197916666666,200.0,2.0166666666666666,0.5,79.00537359556593,0.057729166666666665,1.0393299344501092,50,2.2835637908044704,0.15173177040529595,1.6835637908044705,1.7130309862479631,1.0,B,0.001313474896248863
apartment,B,60,800,0.07,0.05,0.2,,1,0.3,0.2,2.0,20,0,0.90625,0.86064453125,0.9641927083333334,180.0,1.5833333333333333,0.4,76.21634262372864,0.06225,1.0537471612414837,47,2.3069595191583665,0.11390324044970877,1.7069595191583666,1.7129639082389172,1.0,B,0.0013589722925007664
apartment,B,60,800,0.07,0.05,0.2,,3,0.3,0.2,2.0,20,0,0.9290364583333334,0.90791015625,0.9837239583333334,200.0,1.8666666666666667,0.3,74.92895182732995,0.059104166666666666,1.0461876832844574,45,2.375724511408577,0.13818334493072476,1.7757245114085771,1.8954012479092572,1.0,B,0.001268128177498511
apartment,B,60,800,0.07,0.05,0.2,,2,0.3,0.2,2.0,20,0,0.8776041666666666,0.8619140625000001,0.9654947916666666,200.0,1.75,0.5166666666666667,72.66881562192324,0.059583333333333335,1.0014858841010401,43,2.338282879401001,0.09754734815591896,1.7382828794010003,1.7423638667419739,1.0,B,0.001277438906251973
apartment,B,60,800,0.07,0.05,0.2,,4,0.3,0.2,2.0,20,0,0.9342447916666666,0.90625,0.9850260416666666,220.0,2.033333333333333,0.5666666666666667,77.78255243861166,0.06516666666666666,1.0391020999275886,49,2.352529671459194,0.11996447985764082,1.7525296714591942,1.7449818289180232,1.0,B,0.001291295051250927
apartment,B,60,800,0.07,0.05,0.2,,5,0.3,0.2,2.0,20,0,0.9088541666666666,0.8913736979166668,0.984375,240.0,2.0166666666666666,0.31666666666666665,75.75970920408287,0.06620833333333333,0.9914772727272727,46,2.384137565116944,0.14707005336165427,1.7841375651169444,1.8681770727630065,1.0,B,0.0012703535424998336
apartment,B,60,800,0.07,0.05,0.2,,6,0.3,0.2,2.0,20,0,0.8990885416666666,0.88916015625,0.98046875,260.0,2.1333333333333333,0.45,73.20659199493618,0.06833333333333333,0.9885468861846813,44,2.4189904269210545,0.13871729389316081,1.818990426921055,1.7552839766516832,1.0,B,0.0013170782812517246
apartment,B,60,800,0.07,0.05,0.2,,7,0.3,0.2,2.0,20,0,0.9322916666666666,0.9121744791666668,0.9856770833333334,260.0,1.8333333333333333,0.55,78.2391361866417,0.05733333333333333,1.0250536864710091,49,2.367718023404441,0.13804802041611228,1.7677180234044412,1.7872414715340001,1.0,B,0.0013255451037480271
apartment,B,60,800,0.07,0.05,0.2,,8,0.3,0.2,2.0,20,0,0.8951822916666666,0.8673502604166666,0.9661458333333334,220.0,1.7,0.36666666666666664,74.288743222205,0.0645625,0.997822931785196,44,2.3489467440224576,0.1465184671435559,1.748946744022458,1.7312049441694821,1.0,B,0.001310199011250006
apartment,B,60,800,0.07,0.05,0.2,,9,0.3,0.2,2.0,20,0,0.8984375,0.87412109375,0.9817708333333334,220.0,1.8,0.35,74.07541566923906,0.05991666666666667,1.0058309037900874,44,2.38522575390583,0.1416086937325877,1.78522575390583,1.75658861204387,1.0,B,0.001310752187498565
apartment,B,60,800,0.07,0.05,0.2,,12,0.3,0.2,2.0,20,0,0.912109375,0.8969726562499998,0.982421875,220.0,1.9,0.5666666666666667,77.24252843586298,0.065,1.0301470588235295,48,2.3149908997612605,0.14486792782070726,1.7149908997612602,1.6720503297157676,1.0,B,0.0013410741150005378
apartment,B,60,800,0.07,0.05,0.2,,11,0.3,0.2,2.0,20,0,0.94140625,0.9121744791666666,0.9869791666666666,200.0,1.7833333333333334,0.4,78.4814306105231,0.06414583333333333,1.06480117820324,50,2.231851270590667,0.13396990346401702,1.631851270590667,1.6797034875376409,1.0,B,0.001397004791249401
apartment,B,60,800,0.07,0.05,0.2,,10,0.3,0.2,2.0,20,0,0.9446614583333334,0.9099934895833333,0.9921875,200.0,1.9,0.5333333333333333,82.33600883090055,0.06154166666666667,1.0522117476432198,55,2.155521746735763,0.13535925221037146,1.5555217467357625,1.622380549247786,1.0,B,0.0014290010937497754
apartment,B,60,800,0.07,0.05,0.2,,14,0.3,0.2,2.0,20,0,0.919921875,0.9010091145833334,0.9934895833333334,260.0,1.85,0.35,73.57314267670858,0.0590625,1.0049786628733997,43,2.3697285847996707,0.11727857755635257,1.7697285847996709,1.731711245477444,1.0,B,0.0012788255724990448
apartment,B,60,800,0.07,0.05,0.2,,13,0.3,0.2,2.0,20,0,0.947265625,0.9279622395833333,0.9928385416666666,260.0,1.7833333333333334,0.4,78.41698314483271,0.058895833333333335,1.028268551236749,49,2.3030605286973613,0.11642453148763308,1.7030605286973612,1.6681152797964018,1.0,B,0.0013378359900002579
apartment,B,60,800,0.07,0.05,0.2,,15,0.3,0.2,2.0,20,0,0.9381510416666666,0.9068684895833334,0.990234375,240.0,1.65,0.38333333333333336,78.22891696179842,0.059145833333333335,1.0603384841795438,49,2.2925953793797254,0.12602555143532898,1.6925953793797248,1.709982903581837,1.0,B,0.001336853906250326
apartment,B,60,800,0.07,0.05,0.2,,16,0.3,0.2,2.0,20,0,0.9459635416666666,0.9180013020833334,0.9817708333333334,180.0,1.8166666666666667,0.36666666666666664,79.36853509227541,0.0640625,1.1108562691131498,51,2.255346834667075,0.12118319765719193,1.6553468346670752,1.6443120551190566,1.0,B,0.0013931655200008209
apartment,B,60,800,0.07,0.05,0.2,,17,0.3,0.2,2.0,20,0,0.9375,0.9054036458333334,0.98828125,220.0,2.0,0.48333333333333334,76.44930221278469,0.06533333333333333,1.0472727272727274,47,2.398065377147685,0.10871785515745934,1.7980653771476844,1.8025132599713083,1.0,B,0.0013688885412511808
apartment,B,60,800,0.07,0.05,0.2,,18,0.3,0.2,2.0,20,0,0.9173177083333334,0.8986328125,0.9837239583333334,200.0,1.6,0.43333333333333335,79.70400432962953,0.05447916666666667,1.0217548948513415,51,2.1756942217810082,0.17577324475394054,1.5756942217810084,1.553398234340552,1.0,B,0.0013553511450004408
apartment,B,60,800,0.07,0.05,0.2,,19,0.3,0.2,2.0,20,0,0.8873697916666666,0.8840169270833333,0.9811197916666666,220.0,1.6166666666666667,0.36666666666666664,73.49755248358348,0.05925,0.9876811594202898,43,2.2746995960483276,0.15884771130908054,1.6746995960483275,1.6586859014159563,1.0,B,0.0012638866662496185
apartment,B,60,800,0.07,0.05,0.2,,20,0.3,0.2,2.0,20,0,0.9270833333333334,0.9128580729166668,0.98828125,260.0,2.05,0.4666666666666667,77.79407659781629,0.06372916666666667,1.0156918687589158,49,2.1984134241561337,0.1387514751356352,1.5984134241561339,1.5190890656768774,1.0,B,0.0013208315625001887
apartment,B,60,800,0.07,0.05,0.2,,22,0.3,0.2,2.0,20,0,0.912109375,0.8809244791666666,0.982421875,240.0,1.7333333333333334,0.43333333333333335,74.43491867758205,0.064375,0.9936170212765958,44,2.430811738713437,0.12306017500297259,1.8308117387134366,1.7732818643322643,1.0,B,0.0013005193237495404
apartment,B,60,800,0.07,0.05,0.2,,21,0.3,0.2,2.0,20,0,0.9505208333333334,0.9240885416666667,0.994140625,260.0,1.6166666666666667,0.6,78.51320307725918,0.06895833333333333,1.0533910533910533,50,2.319289037849781,0.13978532405484667,1.719289037849781,1.7437831165522848,1.0,B,0.0013824887500004479
apartment,B,60,800,0.07,0.05,0.2,,23,0.3,0.2,2.0,20,0,0.9446614583333334,0.9152018229166666,0.9889322916666666,220.0,1.6,0.4666666666666667,78.04510692100213,0.0649375,1.0386542591267,50,2.260910014648749,0.12622436148558933,1.6609100146487485,1.6064561471661136,1.0,B,0.0013429784375011877
apartment,B,60,800,0.07,0.05,0.2,,24,0.3,0.2,2.0,20,0,0.9016927083333334,0.8953450520833333,0.9869791666666666,220.0,1.8666666666666667,0.43333333333333335,75.34308565625913,0.0609375,0.9914101646385111,45,2.376400864513668,0.10759379534028905,1.776400864513668,1.7554748369725193,1.0,B,0.0012657485937506863
apartment,B,60,800,0.07,0.05,0.2,,25,0.3,0.2,2.0,20,0,0.900390625,0.8932291666666667,0.98046875,220.0,1.6666666666666667,0.4,77.22632513176964,0.058520833333333334,0.9899785254115963,47,2.3426529056142105,0.13384716531061763,1.7426529056142106,1.7681182704996616,1.0,B,0.0012882903125000667
apartment,B,60,800,0.07,0.05,0.2,,26,0.3,0.2,2.0,20,0,0.9088541666666666,0.8751953125,0.9680989583333334,200.0,2.066666666666667,0.4666666666666667,76.60661873225996,0.06810416666666666,1.0371471025260028,48,2.280447837868165,0.13116137576839496,1.680447837868165,1.6905267676035767,1.0,B,0.001361602187500921
apartment,B,60,800,0.07,0.05,0.2,,27,0.3,0.2,2.0,20,0,0.931640625,0.8874348958333333,0.9837239583333334,200.0,2.066666666666667,0.5333333333333333,78.48265907017687,0.06235416666666667,1.063150074294205,50,2.331031569209456,0.15253354418821607,1.731031569209456,1.7772513511873145,1.0,B,0.0013168966675016235
apartment,B,60,800,0.07,0.05,0.2,,28,0.3,0.2,2.0,20,0,0.9466145833333334,0.9237304687499999,0.990234375,220.0,1.9,0.4,77.16735479031514,0.06477083333333333,1.037089871611983,48,2.3397095585915078,0.12912921270818314,1.7397095585915079,1.7559052151634797,1.0,B,0.0013153304687489253
apartment,B,60,800,0.07,0.05,0.2,,29,0.3,0.2,2.0,20,0,0.92578125,0.9023763020833334,0.9915364583333334,200.0,1.7166666666666666,0.43333333333333335,76.59804242336115,0.06227083333333333,1.0455882352941177,47,2.302095303688356,0.14701798070172806,1.7020953036883568,1.7616753489781751,1.0,B,0.0012907290099997226
apartment,B,60,800,0.1,0.05,0.2,,0,0.3,0.2,2.0,20,0,0.935546875,0.9166341145833332,0.9921875,220.0,2.966666666666667,0.7,98.82258270077256,0.0585,1.054292002934703,50,2.2277277403730817,0.1458695460482094,1.6277277403730814,1.6171576253560858,1.0,B,0.0013475210425008299
apartment,B,60,800,0.1,0.05,0.2,,2,0.3,0.2,2.0,20,0,0.88671875,0.8744791666666666,0.9680989583333334,220.0,2.433333333333333,0.5,93.04021294146159,0.057125,0.9948867786705625,44,2.309475769906307,0.12509137609321652,1.7094757699063068,1.6472696812330474,1.0,B,0.0012971153124999547
apartment,B,60,800,0.1,0.05,0.2,,1,0.3,0.2,2.0,20,0,0.9251302083333334,0.9119791666666668,0.9850260416666666,220.0,2.75,0.6833333333333333,100.70523089180183,0.05452083333333333,1.0387426900584795,52,2.154697466848902,0.1955501991520357,1.5546974668489015,1.5026920807806747,1.0,B,0.0013959709375012607
apartment,B,60,800,0.1,0.05,0.2,,3,0.3,0.2,2.0,20,0,0.9537760416666666,0.9106119791666666,0.9908854166666666,220.0,2.7,0.65,102.31773202115892,0.0544375,1.097378277153558,55,2.068407208261456,0.1727015334223637,1.4684072082614557,1.4404797635356035,1.0,B,0.0014206132287495165
apartment,B,60,800,0.1,0.05,0.2,,4,0.3,0.2,2.0,20,0,0.9290364583333334,0.8980794270833334,0.9830729166666666,220.0,2.9166666666666665,0.45,96.90333920413642,0.05525,1.057037037037037,47,2.279513710307102,0.14961579382068388,1.679513710307102,1.6979448063639642,1.0,B,0.0013331939062504717
apartment,B,60,800,0.1,0.05,0.2,,5,0.3,0.2,2.0,20,0,0.912109375,0.8955403645833332,0.9876302083333334,220.0,2.7666666666666666,0.6166666666666667,95.17249747611964,0.056979166666666664,1.0064655172413792,45,2.3473541890153675,0.13375193327122825,1.7473541890153677,1.6591621633569553,1.0,B,0.0013174679162489156
apartment,B,60,800,0.1,0.05,0.2,,7,0.3,0.2,2.0,20,0,0.9010416666666666,0.884375,0.986328125,280.0,2.9166666666666665,0.6,93.3272874079214,0.05925,0.9935391241923905,44,2.378358633175161,0.12815775774095017,1.7783586331751613,1.7702261008789848,1.0,B,0.001302610624998124
apartment,B,60,800,0.1,0.05,0.2,,6,0.3,0.2,2.0,20,0,0.8932291666666666,0.8786783854166667,0.9680989583333334,240.0,2.9,0.6166666666666667,99.35765755163006,0.063125,1.0125461254612544,51,2.173301690093083,0.17749862593774599,1.5733016900930836,1.5833569670767802,1.0,B,0.0014494336462507818
apartment,B,60,800,0.1,0.05,0.2,,8,0.3,0.2,2.0,20,0,0.9466145833333334,0.9181640625,0.9908854166666666,220.0,2.5166666666666666,0.9,102.22346020516521,0.06091666666666667,1.0528602461984071,53,2.1335364470251394,0.1383033401661289,1.5335364470251402,1.590643369448455,1.0,B,0.001374983437501669
apartment,B,60,800,0.1,0.05,0.2,,9,0.3,0.2,2.0,20,0,0.9361979166666666,0.9156901041666667,0.9908854166666666,240.0,3.1,0.7333333333333333,99.39727179055737,0.056875,1.0390173410404624,49,2.3066418543850316,0.12227283065811026,1.706641854385031,1.7283083867093465,1.0,B,0.0013608286462499565
apartment,B,60,800,0.1,0.05,0.2,,10,0.3,0.2,2.0,20,0,0.9290364583333334,0.8979492187499998,0.9876302083333334,240.0,3.3833333333333333,0.65,98.11386791759931,0.060625,1.0454212454212455,50,2.195967502366369,0.13719916383135178,1.5959675023663684,1.6172418503503931,1.0,B,0.0013802262499984863
apartment,B,60,800,0.1,0.05,0.2,,11,0.3,0.2,2.0,20,0,0.9290364583333334,0.9141927083333332,0.9895833333333334,260.0,2.65,0.48333333333333334,97.6235462828499,0.06170833333333333,1.0484937545922115,49,2.226261018573267,0.11231731942422908,1.6262610185732664,1.6593651084118264,1.0,B,0.0014096530212509605
apartment,B,60,800,0.1,0.05,0.2,,12,0.3,0.2,2.0,20,0,0.9466145833333334,0.9087239583333332,0.9908854166666666,240.0,3.05,0.5,98.99549875853823,0.05622916666666666,1.0385714285714285,50,2.299414473181771,0.13403379508429678,1.6994144731817706,1.7467390927692885,1.0,B,0.0013611825512498399
apartment,B,60,800,0.1,0.05,0.2,,13,0.3,0.2,2.0,20,0,0.9309895833333334,0.9080729166666668,0.9889322916666666,220.0,2.6666666666666665,0.6833333333333333,99.47023373156746,0.06302083333333333,1.0407569141193596,50,2.1651151173296452,0.1854075032109655,1.5651151173296456,1.6502955822922496,1.0,B,0.0013896523950006666
apartment,B,60,800,0.1,0.05,0.2,,14,0.3,0.2,2.0,20,0,0.8717447916666666,0.8496744791666668,0.9479166666666666,220.0,3.033333333333333,0.6833333333333333,96.18775370883168,0.06022916666666667,1.0014958863126402,48,2.1834628768399167,0.24420024949755897,1.5834628768399164,1.514335359663797,1.0,B,0.0013842986462486806
apartment,B,60,800,0.1,0.05,0.2,,15,0.3,0.2,2.0,20,0,0.8548177083333334,0.8267903645833332,0.9466145833333334,240.0,2.55,0.5833333333333334,92.48330621210562,0.05875,0.9521392313270486,43,2.3333186888043613,0.20063192477172354,1.7333186888043615,1.6892301681537663,1.0,B,0.0012843449475008128
apartment,B,60,800,0.1,0.05,0.2,,16,0.3,0.2,2.0,20,0,0.921875,0.8962239583333332,0.9869791666666666,240.0,2.566666666666667,0.7833333333333333,96.51868416451201,0.052,1.0260869565217392,46,2.3611954408819202,0.14252758924918157,1.76119544088192,1.7401598118740114,1.0,B,0.00128858890624997
apartment,B,60,800,0.1,0.05,0.2,,17,0.3,0.2,2.0,20,0,0.9479166666666666,0.9205403645833334,0.990234375,220.0,2.85,0.6166666666666667,98.00549189961203,0.05404166666666667,1.061998541210795,49,2.293439705742554,0.1360284419165791,1.693439705742554,1.7138008742889461,1.0,B,0.0013108499474992642
apartment,B,60,800,0.1,0.05,0.2,,18,0.3,0.2,2.0,20,0,0.9173177083333334,0.8979817708333332,0.982421875,300.0,2.5833333333333335,0.7166666666666667,97.67959966739987,0.050333333333333334,1.0421597633136095,48,2.3156197467305994,0.13171463515440768,1.7156197467305996,1.6541264662253263,1.0,B,0.0013280302075008876
apartment,B,60,800,0.1,0.05,0.2,,19,0.3,0.2,2.0,20,0,0.9069010416666666,0.8841471354166666,0.9798177083333334,200.0,2.45,0.7333333333333333,97.36731250385593,0.05204166666666667,1.0553030303030302,48,2.24348202403523,0.18474829338460014,1.6434820240352301,1.5804139675161641,1.0,B,0.0014171809375011434
apartment,B,60,800,0.1,0.05,0.2,,20,0.3,0.2,2.0,20,0,0.9453125,0.9264973958333333,0.9889322916666666,240.0,2.8333333333333335,0.7166666666666667,100.939172822664,0.05727083333333333,1.0408602150537634,52,2.126266341382916,0.16750448808856044,1.5262663413829158,1.4806490889617097,1.0,B,0.001365217500001563
apartment,B,60,800,0.1,0.05,0.2,,21,0.3,0.2,2.0,20,0,0.908203125,0.8708333333333332,0.9674479166666666,200.0,2.8666666666666667,0.48333333333333334,97.99396445251244,0.055,1.0426008968609866,48,2.253979164158881,0.14804928164344974,1.6539791641588806,1.613514362342087,1.0,B,0.0013329713012490173
apartment,B,60,800,0.1,0.05,0.2,,22,0.3,0.2,2.0,20,0,0.9114583333333334,0.8829427083333334,0.9830729166666666,260.0,2.75,0.75,93.62394294911111,0.061875,1.0189228529839884,45,2.3924611238101567,0.12573100480531785,1.7924611238101562,1.6981073904949056,1.0,B,0.001287057968750105
apartment,B,60,800,0.1,0.05,0.2,,23,0.3,0.2,2.0,20,0,0.896484375,0.88037109375,0.98046875,220.0,3.283333333333333,0.55,93.69411601326262,0.05566666666666667,1.0162361623616236,44,2.312239587348037,0.14533750002945597,1.712239587348037,1.6920209269157351,1.0,B,0.0012662473437512745
apartment,B,60,800,0.1,0.05,0.2,,24,0.3,0.2,2.0,20,0,0.9192708333333334,0.8870442708333333,0.9778645833333334,220.0,2.6166666666666667,0.7,98.62910235977422,0.05520833333333333,1.0467012601927355,50,2.2148927057422774,0.19667895156445067,1.614892705742278,1.523328747916958,1.0,B,0.0013376420837494152
apartment,B,60,800,0.1,0.05,0.2,,25,0.3,0.2,2.0,20,0,0.9296875,0.9070963541666668,0.984375,240.0,2.4,0.6166666666666667,102.32103902347882,0.050125,1.0523212969786293,52,2.2066518247168045,0.17437852962153813,1.606651824716804,1.5527151686655185,1.0,B,0.0013702208862514454
apartment,B,60,800,0.1,0.05,0.2,,26,0.3,0.2,2.0,20,0,0.87890625,0.8573893229166666,0.9811197916666666,240.0,2.95,0.5166666666666667,92.48262764197248,0.05502083333333333,0.9811046511627907,43,2.3079811413774944,0.16332699898351183,1.7079811413774946,1.7215230029352835,1.0,B,0.0013012116662503104
apartment,B,60,800,0.1,0.05,0.2,,27,0.3,0.2,2.0,20,0,0.9303385416666666,0.91357421875,0.9876302083333334,240.0,2.75,0.6,97.42511916951678,0.0555625,1.0392727272727273,48,2.242666132617838,0.13315339262523004,1.6426661326178376,1.6529254155090698,1.0,B,0.00140471026124942
apartment,B,60,800,0.1,0.05,0.2,,28,0.3,0.2,2.0,20,0,0.8802083333333334,0.8677734375,0.9772135416666666,240.0,3.05,0.4666666666666667,95.86561344831043,0.059041666666666666,0.9875821767713661,47,2.2680583809485046,0.1696664134402472,1.6680583809485043,1.6803871114667372,1.0,B,0.0013555629687516558
apartment,B,60,800,0.1,0.05,0.2,,29,0.3,0.2,2.0,20,0,0.9407552083333334,0.9283528645833332,0.9967447916666666,220.0,2.6166666666666667,0.7333333333333333,102.23232650012397,0.050479166666666665,1.0440751445086707,53,2.1794691627846468,0.1395635535706182,1.579469162784646,1.637743643179932,1.0,B,0.0013831531775008443
rubble,B,60,800,0.0,0.05,0.2,,0,0.3,0.2,2.0,20,0,0.8303072625698324,0.8004888268156425,0.9120111731843575,300.0,1.0,0.5833333333333334,35.9747792275762,0.152625,1.0848540145985401,50,2.103817187799323,0.21973136659737397,1.503817187799323,1.4290473436480071,1.0,B,0.001409056249999594
rubble,B,60,800,0.0,0.05,0.2,,1,0.3,0.2,2.0,20,0,0.8261173184357542,0.7778980446927375,0.8833798882681564,280.0,0.8666666666666667,0.4166666666666667,36.29200741221521,0.12120833333333333,1.1170915958451368,50,2.042949744000974,0.2817140965456577,1.4429497440009735,1.4102939436703292,1.0,B,0.0014015461987492018
rubble,B,60,800,0.0,0.05,0.2,,2,0.3,0.2,2.0,20,0,0.7793296089385475,0.7282122905027933,0.875,320.0,1.0,0.48333333333333334,35.11393362134386,0.15366666666666667,1.0558183538315988,48,2.0617509934058824,0.2905493197161297,1.4617509934058823,1.3287271688004072,1.0,B,0.0014486434887498944
rubble,B,60,800,0.0,0.05,0.2,,3,0.3,0.2,2.0,20,0,0.7912011173184358,0.7192388268156426,0.8756983240223464,280.0,0.9666666666666667,0.6166666666666667,34.67640116408925,0.15145833333333333,1.0708884688090738,44,2.1313467436755693,0.2748677587082914,1.5313467436755694,1.5665768392594077,1.0,B,0.0014066183862496474
rubble,B,60,800,0.0,0.05,0.2,,5,0.3,0.2,2.0,20,0,0.7716480446927374,0.734217877094972,0.8463687150837989,260.0,1.0,0.8666666666666667,36.23001771878339,0.1300625,1.0533841754051478,49,2.005900621187128,0.21354270821571017,1.4059006211871277,1.4041041796040092,1.0,B,0.0013835456249989874
rubble,B,60,800,0.0,0.05,0.2,,4,0.3,0.2,2.0,20,0,0.8086592178770949,0.7689944134078213,0.9029329608938548,300.0,0.8833333333333333,0.5833333333333334,35.829328855330196,0.145375,1.0812324929971988,52,1.9484636833231148,0.2761296400078215,1.3484636833231152,1.1767890563025698,1.0,B,0.0014536340624999866
rubble,B,60,800,0.0,0.05,0.2,,6,0.3,0.2,2.0,20,0,0.7946927374301676,0.7519203910614525,0.8791899441340782,300.0,0.9333333333333333,0.5333333333333333,33.974772866997434,0.202625,1.0786729857819906,46,2.1688906531353784,0.24164901919282777,1.5688906531353783,1.4644997085711282,1.0,B,0.0014860525525000412
rubble,B,60,800,0.0,0.05,0.2,,7,0.3,0.2,2.0,20,0,0.7779329608938548,0.7199022346368715,0.8512569832402235,240.0,0.9833333333333333,0.6833333333333333,34.628425628379105,0.16885416666666667,1.144912641315519,49,2.0052105234991378,0.23400423916394367,1.4052105234991379,1.3636419846785026,1.0,B,0.0014255360412494156
rubble,B,60,800,0.0,0.05,0.2,,8,0.3,0.2,2.0,20,0,0.755586592178771,0.719518156424581,0.8680167597765364,320.0,0.7833333333333333,0.4666666666666667,35.296924911915056,0.15441666666666667,0.9836363636363636,46,2.087935002324678,0.21677035410342388,1.487935002324678,1.4565402599678023,1.0,B,0.0013881783337501474
rubble,B,60,800,0.0,0.05,0.2,,9,0.3,0.2,2.0,20,0,0.7863128491620112,0.7336941340782123,0.8854748603351955,260.0,0.8333333333333334,0.8166666666666667,35.45148160964937,0.11877083333333334,1.062264150943396,46,2.1323458967499818,0.2538737690924752,1.5323458967499821,1.5461822546854274,1.0,B,0.0013443245312487306
rubble,B,60,800,0.0,0.05,0.2,,10,0.3,0.2,2.0,20,0,0.8254189944134078,0.7847416201117318,0.9134078212290503,240.0,0.8666666666666667,0.5833333333333334,36.12440740630858,0.14766666666666667,1.1354466858789625,52,2.0319990874219,0.3480477030473052,1.431999087421899,1.3530979030908261,1.0,B,0.001426208437499099
rubble,B,60,800,0.0,0.05,0.2,,11,0.3,0.2,2.0,20,0,0.8365921787709497,0.7931564245810055,0.8917597765363129,260.0,1.1166666666666667,0.5333333333333333,36.66272320280431,0.13839583333333333,1.1453154875717015,52,2.100030917385173,0.21702180238836624,1.5000309173851731,1.4937768607197062,1.0,B,0.0014710977612503483
rubble,B,60,800,0.0,0.05,0.2,,12,0.3,0.2,2.0,20,0,0.7870111731843575,0.7618016759776537,0.8666201117318436,260.0,0.8333333333333334,0.4666666666666667,35.6075045771881,0.114125,1.0632075471698113,47,2.1460379723377816,0.23261819458567942,1.5460379723377815,1.5146361059204532,1.0,B,0.0013357847400016
rubble,B,60,800,0.0,0.05,0.2,,13,0.3,0.2,2.0,20,0,0.7695530726256983,0.7328910614525139,0.854050279329609,300.0,1.0666666666666667,0.45,35.554814563471815,0.13333333333333333,1.0045578851412944,47,2.0681669456064635,0.2848711538945679,1.4681669456064637,1.3552957094069984,1.0,B,0.0013717474487498294
rubble,B,60,800,0.0,0.05,0.2,,14,0.3,0.2,2.0,20,0,0.7667597765363129,0.7355097765363128,0.8708100558659218,300.0,0.95,0.5166666666666667,33.68236088932372,0.15404166666666666,1.0407582938388626,41,2.289281828344299,0.21136519349277214,1.6892818283442983,1.7359808959828658,1.0,B,0.0013501163537512184
rubble,B,60,800,0.0,0.05,0.2,,16,0.3,0.2,2.0,20,0,0.7723463687150838,0.7329608938547486,0.8575418994413407,300.0,0.8666666666666667,0.55,34.132627786928445,0.15745833333333334,1.1048951048951048,44,2.202111033813384,0.2668734055522668,1.6021110338133833,1.6149699143215743,1.0,B,0.001369482707498264
rubble,B,60,800,0.0,0.05,0.2,,15,0.3,0.2,2.0,20,0,0.7779329608938548,0.7109287709497207,0.8435754189944135,320.0,1.2166666666666666,0.55,33.99156583274202,0.16479166666666667,1.0660287081339712,46,2.1613982704929877,0.2258370706016423,1.5613982704929876,1.494428794565168,1.0,B,0.0014165514062483453
rubble,B,60,800,0.0,0.05,0.2,,17,0.3,0.2,2.0,20,0,0.8317039106145251,0.8003840782122904,0.8987430167597765,300.0,0.8833333333333333,0.5333333333333333,37.059461678115,0.12439583333333333,1.1353670162059104,52,2.0296850071332315,0.26224574048315463,1.4296850071332314,1.2703345750887458,1.0,B,0.0013776838537501136
rubble,B,60,800,0.0,0.05,0.2,,18,0.3,0.2,2.0,20,0,0.7863128491620112,0.7502793296089385,0.8687150837988827,280.0,0.9833333333333333,0.5,35.408903754392504,0.16022916666666667,1.0764818355640535,51,1.9983405156800917,0.2956982874844751,1.398340515680092,1.2388795771829537,1.0,B,0.001412846406249173
rubble,B,60,800,0.0,0.05,0.2,,19,0.3,0.2,2.0,20,0,0.7856145251396648,0.7541899441340781,0.888268156424581,300.0,0.9666666666666667,0.7166666666666667,35.06602259804759,0.13189583333333332,1.059322033898305,48,2.0794989849853485,0.27943625007617673,1.4794989849853486,1.286603308976021,1.0,B,0.0013597584375020233
rubble,B,60,800,0.0,0.05,0.2,,20,0.3,0.2,2.0,20,0,0.7611731843575419,0.7163407821229051,0.840782122905028,220.0,0.8666666666666667,0.35,35.291123652463476,0.15627083333333333,1.1318795430944963,47,2.1441082596357206,0.21695298175364164,1.5441082596357207,1.5425969712399281,1.0,B,0.0014146091150018948
rubble,B,60,800,0.0,0.05,0.2,,21,0.3,0.2,2.0,20,0,0.7548882681564246,0.6989175977653631,0.8903631284916201,260.0,0.9666666666666667,0.6166666666666667,34.524610495949915,0.1746875,1.02659069325736,46,2.0128112495237924,0.23788579889399636,1.4128112495237928,1.398876144939766,1.0,B,0.0014414844275006545
rubble,B,60,800,0.0,0.05,0.2,,22,0.3,0.2,2.0,20,0,0.8317039106145251,0.788372905027933,0.9162011173184358,260.0,0.8166666666666667,0.35,36.223694578976435,0.133375,1.131054131054131,49,2.1088179973034418,0.24452758661281873,1.5088179973034421,1.464704062190874,1.0,B,0.0013992799999982708
rubble,B,60,800,0.0,0.05,0.2,,23,0.3,0.2,2.0,20,0,0.8303072625698324,0.7943435754189944,0.8952513966480447,240.0,1.0666666666666667,0.6833333333333333,37.175159616815584,0.13725,1.1611328125,54,2.000141079161159,0.29682075946582276,1.4001410791611593,1.4292088114468358,1.0,B,0.0014032392700005403
rubble,B,60,800,0.0,0.05,0.2,,24,0.3,0.2,2.0,20,0,0.7597765363128491,0.7035265363128491,0.86731843575419,300.0,1.1166666666666667,0.5166666666666667,34.08348633581684,0.15835416666666666,1.0244821092278718,47,2.133808890640072,0.24222174135477234,1.5338088906400724,1.4062528930669456,1.0,B,0.0014606578124994486
rubble,B,60,800,0.0,0.05,0.2,,25,0.3,0.2,2.0,20,0,0.7395251396648045,0.6963337988826817,0.848463687150838,340.0,1.1166666666666667,0.4666666666666667,30.51120072476298,0.22222916666666667,0.9778393351800555,41,2.1842074582458575,0.22114038617818713,1.5842074582458576,1.504036122151578,1.0,B,0.0014614608337501522
rubble,B,60,800,0.0,0.05,0.2,,26,0.3,0.2,2.0,20,0,0.8086592178770949,0.772590782122905,0.8777932960893855,300.0,0.8666666666666667,0.6666666666666666,35.79942669892675,0.15114583333333334,1.1081339712918659,48,2.1438469064280308,0.210867794991213,1.5438469064280305,1.5171857223550873,1.0,B,0.0015247044274997279
rubble,B,60,800,0.0,0.05,0.2,,27,0.3,0.2,2.0,20,0,0.8086592178770949,0.7609287709497207,0.8743016759776536,280.0,0.85,0.6166666666666667,35.916795148069845,0.13875,1.130859375,47,2.2308017156768836,0.20555973087337645,1.630801715676883,1.468026317637516,1.0,B,0.001385116875001131
rubble,B,60,800,0.0,0.05,0.2,,28,0.3,0.2,2.0,20,0,0.8128491620111732,0.7820879888268155,0.9022346368715084,280.0,1.1666666666666667,0.6,36.13267655470903,0.14635416666666667,1.0698529411764706,51,2.0750055202533457,0.2810326176843967,1.4750055202533452,1.400301171997448,1.0,B,0.001440443646249605
rubble,B,60,800,0.0,0.05,0.2,,29,0.3,0.2,2.0,20,0,0.7716480446927374,0.7175977653631286,0.9127094972067039,340.0,0.8833333333333333,0.48333333333333334,33.84347618974595,0.134375,1.0193726937269374,45,2.1982283237268887,0.2466227426387974,1.5982283237268882,1.4402048327429213,1.0,B,0.0013949509374992885
rubble,B,60,800,0.02,0.05,0.2,,0,0.3,0.2,2.0,20,0,0.7674581005586593,0.7324371508379889,0.8596368715083799,300.0,0.95,0.5333333333333333,41.38511896197825,0.13308333333333333,1.040719696969697,51,2.030553141543646,0.3052232923448105,1.4305531415436459,1.2833895285133528,1.0,B,0.001430744894998952
rubble,B,60,800,0.02,0.05,0.2,,1,0.3,0.2,2.0,20,0,0.803072625698324,0.7365572625698323,0.880586592178771,280.0,0.9666666666666667,0.65,42.038981953381686,0.13195833333333334,1.074766355140187,47,2.1439702947471475,0.2257085726306762,1.543970294747148,1.4846569572910662,1.0,B,0.0013779363537491918
rubble,B,60,800,0.02,0.05,0.2,,2,0.3,0.2,2.0,20,0,0.8142458100558659,0.7642807262569834,0.8743016759776536,260.0,1.0166666666666666,0.5666666666666667,42.82226561693987,0.13985416666666667,1.1695085255767304,54,1.9922620939272848,0.2409637409939158,1.392262093927285,1.341390735608061,1.0,B,0.0014932954162486566
rubble,B,60,800,0.02,0.05,0.2,,4,0.3,0.2,2.0,20,0,0.8310055865921788,0.7857192737430168,0.8938547486033519,280.0,1.0166666666666666,0.5666666666666667,43.20614082873597,0.12822916666666667,1.0828025477707006,49,2.0572603356804215,0.2905772584209957,1.4572603356804221,1.5270138172901517,1.0,B,0.0013721485425003267
rubble,B,60,800,0.02,0.05,0.2,,3,0.3,0.2,2.0,20,0,0.8016759776536313,0.7513268156424582,0.86731843575419,240.0,1.1833333333333333,0.5833333333333334,42.96423706471919,0.13052083333333334,1.0891840607210626,50,2.0311956230425183,0.24035135358360285,1.4311956230425178,1.3488723005802428,1.0,B,0.0014291019787492586
rubble,B,60,800,0.02,0.05,0.2,,5,0.3,0.2,2.0,20,0,0.7716480446927374,0.7282122905027932,0.8770949720670391,320.0,1.0833333333333333,0.4666666666666667,39.309771755624936,0.1821875,1.0250463821892393,44,2.211164629681997,0.21450675946790346,1.6111646296819957,1.4935497075509474,1.0,B,0.0014528594787520887
rubble,B,60,800,0.02,0.05,0.2,,6,0.3,0.2,2.0,20,0,0.7932960893854749,0.7371159217877095,0.8701117318435754,300.0,1.05,0.6166666666666667,42.62358061267726,0.12235416666666667,1.081904761904762,50,2.065997627291162,0.27572680803638017,1.4659976272911615,1.3464089363512195,1.0,B,0.0014033200512494658
rubble,B,60,800,0.02,0.05,0.2,,7,0.3,0.2,2.0,20,0,0.8296089385474861,0.7840083798882682,0.8966480446927374,300.0,1.2166666666666666,0.7166666666666667,43.37999244836073,0.131125,1.0770625566636447,50,2.0467800402606184,0.22243430406644377,1.4467800402606181,1.345524667317348,1.0,B,0.0013781613012497473
rubble,B,60,800,0.02,0.05,0.2,,8,0.3,0.2,2.0,20,0,0.7967877094972067,0.7522346368715083,0.8931564245810056,280.0,1.0166666666666666,0.6666666666666666,41.684991129035936,0.13158333333333333,1.0825426944971537,49,2.0653519583447646,0.3130935814157713,1.465351958344765,1.334745301317434,1.0,B,0.001415082968749175
rubble,B,60,800,0.02,0.05,0.2,,9,0.3,0.2,2.0,20,0,0.8135474860335196,0.7701815642458101,0.8889664804469274,240.0,1.0666666666666667,0.6333333333333333,43.19464784896565,0.12722916666666667,1.1266924564796905,47,2.0276119187727346,0.23605589890876394,1.4276119187727345,1.3795904564108779,1.0,B,0.0013506017187478391
rubble,B,60,800,0.02,0.05,0.2,,10,0.3,0.2,2.0,20,0,0.8156424581005587,0.7682611731843575,0.9050279329608939,260.0,1.0833333333333333,0.55,42.111637894933764,0.1171875,1.0695970695970696,44,2.155088241469856,0.25094151738898446,1.5550882414698557,1.6120467564156078,1.0,B,0.0012873655737485024
rubble,B,60,800,0.02,0.05,0.2,,11,0.3,0.2,2.0,20,0,0.7814245810055865,0.7322974860335195,0.8708100558659218,300.0,1.1,0.48333333333333334,42.53316938615193,0.12416666666666666,1.0053908355795147,47,2.1403009674196083,0.2641074669642943,1.540300967419608,1.410792719956091,1.0,B,0.0013336575512516902
rubble,B,60,800,0.02,0.05,0.2,,12,0.3,0.2,2.0,20,0,0.7828212290502793,0.7346717877094973,0.8449720670391061,300.0,1.0166666666666666,0.7,41.30359488440518,0.1175625,1.1132075471698113,47,2.1670418397554445,0.2440068102173251,1.5670418397554444,1.5181200724289359,1.0,B,0.0013322869274998083
rubble,B,60,800,0.02,0.05,0.2,,13,0.3,0.2,2.0,20,0,0.8303072625698324,0.7645251396648045,0.895949720670391,240.0,1.1333333333333333,0.65,42.771706931157674,0.14816666666666667,1.179563492063492,53,2.0069222410744287,0.29069525134149093,1.4069222410744286,1.2896670443123464,1.0,B,0.001428437707500052
rubble,B,60,800,0.02,0.05,0.2,,15,0.3,0.2,2.0,20,0,0.8317039106145251,0.7986382681564246,0.901536312849162,280.0,1.1166666666666667,0.6833333333333333,42.34093426235564,0.14395833333333333,1.1172607879924954,47,2.2153470685755408,0.20536783533096362,1.61534706857554,1.6500878512826542,1.0,B,0.0013852121874992917
rubble,B,60,800,0.02,0.05,0.2,,14,0.3,0.2,2.0,20,0,0.7821229050279329,0.7159217877094972,0.869413407821229,260.0,1.2,0.55,42.01413067455521,0.1325,1.057601510859301,48,2.0000319785425966,0.2905398900671654,1.4000319785425965,1.3352362320863542,1.0,B,0.0014259182812497784
rubble,B,60,800,0.02,0.05,0.2,,16,0.3,0.2,2.0,20,0,0.8247206703910615,0.769972067039106,0.9113128491620112,240.0,1.1833333333333333,0.4166666666666667,41.84127430996753,0.1291875,1.126908396946565,47,2.203428945744058,0.19882457247716023,1.6034289457440574,1.554357032672809,1.0,B,0.0013867232287498154
rubble,B,60,800,0.02,0.05,0.2,,17,0.3,0.2,2.0,20,0,0.7772346368715084,0.7465432960893855,0.8819832402234636,220.0,1.1,0.6833333333333333,43.497651148098015,0.11325,1.06,52,1.891459089579102,0.3376709570559795,1.291459089579102,1.2105176234062824,1.0,B,0.001409314062498197
rubble,B,60,800,0.02,0.05,0.2,,19,0.3,0.2,2.0,20,0,0.8023743016759777,0.7703910614525139,0.8917597765363129,260.0,1.0666666666666667,0.5166666666666667,41.25953048141508,0.135625,1.0668523676880224,42,2.2651693546975764,0.16015772979146303,1.665169354697576,1.6380297904204721,1.0,B,0.0013435869787508637
rubble,B,60,800,0.02,0.05,0.2,,18,0.3,0.2,2.0,20,0,0.696927374301676,0.6693784916201119,0.7891061452513967,300.0,1.3,0.5166666666666667,38.27374324360114,0.14441666666666667,0.998998998998999,40,2.1919377308488825,0.3124191947475888,1.5919377308488827,1.404821616939377,1.0,B,0.001379892031250165
rubble,B,60,800,0.02,0.05,0.2,,20,0.3,0.2,2.0,20,0,0.8303072625698324,0.7968924581005585,0.9071229050279329,240.0,1.2666666666666666,0.65,42.514044179684944,0.18116666666666667,1.1101774042950514,51,2.067762574023009,0.2767333168265786,1.4677625740230094,1.4272153278041486,1.0,B,0.0014699426037486773
rubble,B,60,800,0.02,0.05,0.2,,21,0.3,0.2,2.0,20,0,0.8184357541899442,0.789699720670391,0.8903631284916201,280.0,1.1166666666666667,0.65,43.467262524783635,0.12577083333333333,1.096351730589336,49,2.0756701070533135,0.22006145624777135,1.475670107053313,1.360795377132733,1.0,B,0.001401334113750181
rubble,B,60,800,0.02,0.05,0.2,,22,0.3,0.2,2.0,20,0,0.7702513966480447,0.7263617318435756,0.848463687150838,280.0,1.05,0.5833333333333334,41.590449495639135,0.14283333333333334,1.0595581171950048,49,2.0107922938757783,0.3031515138136706,1.410792293875778,1.3831335586763527,1.0,B,0.001431486250000944
rubble,B,60,800,0.02,0.05,0.2,,24,0.3,0.2,2.0,20,0,0.7562849162011173,0.7376745810055866,0.8610335195530726,280.0,1.1,0.5166666666666667,41.50452258446051,0.12535416666666666,1.0363636363636362,43,2.1871182574614485,0.18704039135940087,1.5871182574614477,1.548824616299001,1.0,B,0.0013799468237516521
rubble,B,60,800,0.02,0.05,0.2,,23,0.3,0.2,2.0,20,0,0.7786312849162011,0.7446927374301676,0.8917597765363129,280.0,1.2166666666666666,0.6166666666666667,42.24171377231624,0.11283333333333333,1.0772946859903383,49,2.0589543444469056,0.2824355311546697,1.4589543444469057,1.4775065059906538,1.0,B,0.001392580781248398
rubble,B,60,800,0.02,0.05,0.2,,25,0.3,0.2,2.0,20,0,0.8184357541899442,0.7837988826815643,0.9022346368715084,280.0,1.2333333333333334,0.5,41.23706492405576,0.18947916666666667,1.10879848628193,50,2.1033603262331657,0.2418419625412049,1.5033603262331656,1.3984760580635267,1.0,B,0.0014900549999993019
rubble,B,60,800,0.02,0.05,0.2,,26,0.3,0.2,2.0,20,0,0.7821229050279329,0.74518156424581,0.8791899441340782,280.0,1.0833333333333333,0.6,40.451380362090134,0.115875,1.0516431924882628,42,2.2946010877862184,0.22631703437718212,1.6946010877862179,1.5574618305486363,1.0,B,0.001351691146248868
rubble,B,60,800,0.02,0.05,0.2,,27,0.3,0.2,2.0,20,0,0.8023743016759777,0.7808659217877094,0.8861731843575419,300.0,1.0666666666666667,0.7666666666666667,43.7462408489206,0.13460416666666666,1.0454959053685169,49,2.050348245863316,0.27538410537297486,1.4503482458633161,1.476662367272855,1.0,B,0.0014198156249995008
rubble,B,60,800,0.02,0.05,0.2,,28,0.3,0.2,2.0,20,0,0.770949720670391,0.7207751396648043,0.8708100558659218,240.0,1.1666666666666667,0.6666666666666666,41.16474191790313,0.15127083333333333,1.0584851390220518,49,2.06736398272626,0.25922622704967063,1.4673639827262601,1.492997683060155,1.0,B,0.0014762443237509614
rubble,B,60,800,0.02,0.05,0.2,,29,0.3,0.2,2.0,20,0,0.8128491620111732,0.7557262569832403,0.875,260.0,1.1666666666666667,0.6,42.83282944922031,0.1299375,1.0777777777777777,50,2.0540038526300304,0.27815591849231147,1.454003852630031,1.4237537078082534,1.0,B,0.0013987270312486545
rubble,B,60,800,0.04,0.05,0.2,,0,0.3,0.2,2.0,20,0,0.8233240223463687,0.7745111731843576,0.8896648044692738,320.0,1.2166666666666666,0.9833333333333333,51.830043572254,0.1071875,1.0977653631284916,49,2.0073224954408966,0.26167197923510815,1.4073224954408963,1.3295424734612582,1.0,B,0.0013504254687495632
rubble,B,60,800,0.04,0.05,0.2,,1,0.3,0.2,2.0,20,0,0.8016759776536313,0.7487779329608939,0.8994413407821229,300.0,1.0666666666666667,0.5666666666666667,51.84967561076771,0.08772916666666666,1.0639481000926785,46,2.1665802455287997,0.2600884008697339,1.5665802455287996,1.3373463997282897,1.0,B,0.0013162418749993775
rubble,B,60,800,0.04,0.05,0.2,,3,0.3,0.2,2.0,20,0,0.7939944134078212,0.7726606145251396,0.8987430167597765,300.0,1.1666666666666667,0.7833333333333333,49.97271396310726,0.12539583333333335,1.0828571428571427,46,2.1362169595865326,0.29612774289799776,1.5362169595865325,1.6136715080315551,1.0,B,0.0013652510937504302
rubble,B,60,800,0.04,0.05,0.2,,2,0.3,0.2,2.0,20,0,0.8163407821229051,0.7931913407821229,0.8903631284916201,280.0,1.0666666666666667,0.85,50.690012254109554,0.15110416666666668,1.122958693563881,49,2.1088303703964275,0.22598627352849335,1.5088303703964272,1.4826816163889012,1.0,B,0.0014470148437499119
rubble,B,60,800,0.04,0.05,0.2,,4,0.3,0.2,2.0,20,0,0.776536312849162,0.7480446927374302,0.8533519553072626,280.0,1.1666666666666667,0.9166666666666666,51.20639594836004,0.1193125,1.0682036503362151,47,2.078966037041915,0.2206484457805875,1.4789660370419149,1.3995193537023214,1.0,B,0.0013858507287500287
rubble,B,60,800,0.04,0.05,0.2,,5,0.3,0.2,2.0,20,0,0.7297486033519553,0.6883379888268156,0.8428770949720671,280.0,1.3166666666666667,0.7666666666666667,49.4520668866273,0.11685416666666666,1.00771456123433,46,2.1115594406036142,0.23323808758813092,1.5115594406036148,1.3634712092013634,1.0,B,0.001381385990000581
rubble,B,60,800,0.04,0.05,0.2,,6,0.3,0.2,2.0,20,0,0.8100558659217877,0.761627094972067,0.88268156424581,260.0,1.2,1.0,51.60259178494991,0.13572916666666668,1.1186113789778207,52,1.9948406663897496,0.27562407181931564,1.39484066638975,1.3892186921000038,1.0,B,0.0015020597925013135
rubble,B,60,800,0.04,0.05,0.2,,7,0.3,0.2,2.0,20,0,0.8303072625698324,0.8005237430167597,0.9057262569832403,280.0,1.4666666666666666,0.7333333333333333,54.44954379469398,0.12379166666666666,1.0918273645546375,53,2.010523061719089,0.2633579237726245,1.4105230617190887,1.2977149290679777,1.0,B,0.001435314531252061
rubble,B,60,800,0.04,0.05,0.2,,8,0.3,0.2,2.0,20,0,0.7960893854748603,0.7534217877094973,0.8903631284916201,300.0,1.1666666666666667,0.7166666666666667,51.44477497461438,0.10758333333333334,1.0624417520969245,48,2.0687870258519734,0.27937311935448816,1.4687870258519737,1.296378228325244,1.0,B,0.0014046231762495154
rubble,B,60,800,0.04,0.05,0.2,,9,0.3,0.2,2.0,20,0,0.8016759776536313,0.7473463687150839,0.8652234636871509,240.0,1.2,0.8,51.1678573783719,0.11445833333333333,1.0922930542340628,48,2.088314202915232,0.266073485560331,1.488314202915232,1.3088744249061608,1.0,B,0.0013905306774995552
rubble,B,60,800,0.04,0.05,0.2,,10,0.3,0.2,2.0,20,0,0.8135474860335196,0.7890013966480447,0.8812849162011173,320.0,1.25,0.55,51.99832438385036,0.1295625,1.076709796672828,52,2.0050372201210185,0.2525231287065905,1.4050372201210182,1.4011534057686206,1.0,B,0.001455461301250125
rubble,B,60,800,0.04,0.05,0.2,,11,0.3,0.2,2.0,20,0,0.8240223463687151,0.768645251396648,0.888268156424581,260.0,1.4333333333333333,0.65,52.25387506545091,0.14872916666666666,1.1467444120505343,53,1.9493481022529502,0.2806300239194262,1.3493481022529503,1.3182982393488394,1.0,B,0.0015353646362518702
rubble,B,60,800,0.04,0.05,0.2,,12,0.3,0.2,2.0,20,0,0.8107541899441341,0.7617667597765363,0.8896648044692738,300.0,1.2833333333333334,0.5666666666666667,51.41947947454112,0.1271875,1.1184971098265897,52,2.0102820401930774,0.30928632893883556,1.4102820401930778,1.1718208590906665,1.0,B,0.001517686822498945
rubble,B,60,800,0.04,0.05,0.2,,13,0.3,0.2,2.0,20,0,0.7912011173184358,0.7458798882681563,0.8854748603351955,260.0,1.2666666666666666,0.65,50.708653891066525,0.13047916666666667,1.0852490421455938,45,2.104945869069314,0.24305148978416277,1.5049458690693143,1.3515685626628269,1.0,B,0.0014139510937502564
rubble,B,60,800,0.04,0.05,0.2,,14,0.3,0.2,2.0,20,0,0.8079608938547486,0.7700418994413407,0.8889664804469274,300.0,1.3166666666666667,0.5833333333333334,51.357985022643064,0.1235,1.1628140703517589,49,2.11269666758837,0.24567500796182012,1.5126966675883702,1.4845349286606369,1.0,B,0.0014562051562506894
rubble,B,60,800,0.04,0.05,0.2,,15,0.3,0.2,2.0,20,0,0.7758379888268156,0.7382681564245811,0.8784916201117319,300.0,1.4833333333333334,0.6666666666666666,49.56637289063815,0.121125,1.086021505376344,45,2.151369017129888,0.2382021355045198,1.5513690171298882,1.5418704473268012,1.0,B,0.001421996197500448
rubble,B,60,800,0.04,0.05,0.2,,16,0.3,0.2,2.0,20,0,0.7905027932960894,0.714245810055866,0.8715083798882681,320.0,1.4666666666666666,0.7166666666666667,50.140037139285695,0.1275625,1.145748987854251,50,2.090963195259418,0.2615658115506707,1.4909631952594173,1.358248495702948,1.0,B,0.0014924356250003257
rubble,B,60,800,0.04,0.05,0.2,,17,0.3,0.2,2.0,20,0,0.7590782122905028,0.7300628491620111,0.8596368715083799,260.0,1.1666666666666667,0.85,51.08376124779849,0.1115625,1.022577610536218,48,2.036050478202695,0.23354962518857642,1.4360504782026953,1.3506311739399854,1.0,B,0.0014190919787506573
rubble,B,60,800,0.04,0.05,0.2,,18,0.3,0.2,2.0,20,0,0.8009776536312849,0.7629539106145252,0.8875698324022346,300.0,1.2833333333333334,0.65,48.12273661269842,0.1560625,1.0503663003663004,43,2.270146588074188,0.23777528069399267,1.670146588074188,1.6350618928887561,1.0,B,0.0014661288025013164
rubble,B,60,800,0.04,0.05,0.2,,19,0.3,0.2,2.0,20,0,0.8142458100558659,0.7672136871508379,0.888268156424581,300.0,1.25,0.7166666666666667,52.39296527481295,0.11747916666666666,1.1265700483091787,51,2.0979592266994134,0.27989637774801723,1.4979592266994137,1.3688530468282463,1.0,B,0.0015132235937494443
rubble,B,60,800,0.04,0.05,0.2,,21,0.3,0.2,2.0,20,0,0.8107541899441341,0.7606494413407822,0.8903631284916201,300.0,1.3,0.6333333333333333,50.60004038078206,0.12716666666666668,1.137120470127326,47,2.1111266468817136,0.2584436930022368,1.5111266468817137,1.4307515127226358,1.0,B,0.0014413076037499196
rubble,B,60,800,0.04,0.05,0.2,,20,0.3,0.2,2.0,20,0,0.7625698324022346,0.7094273743016759,0.848463687150838,320.0,1.2,0.9,49.61959769431314,0.15389583333333334,1.0737463126843658,53,1.906191733347758,0.27655285941914737,1.3061917333477584,1.255175086918368,1.0,B,0.0015295896874999925
rubble,B,60,800,0.04,0.05,0.2,,22,0.3,0.2,2.0,20,0,0.789804469273743,0.7455307262569834,0.8756983240223464,300.0,1.1333333333333333,0.75,52.50978553635346,0.10552083333333333,1.1164856860809478,51,1.9331480451273688,0.27548324600718604,1.333148045127369,1.3424130939597352,1.0,B,0.001447930103749968
rubble,B,60,800,0.04,0.05,0.2,,23,0.3,0.2,2.0,20,0,0.7912011173184358,0.7374650837988826,0.8903631284916201,220.0,1.2333333333333334,0.8666666666666667,51.037719184728104,0.12527083333333333,1.1296111665004986,51,2.0030351298383597,0.32101838465615584,1.4030351298383597,1.4084842050745157,1.0,B,0.0014762803650000933
rubble,B,60,800,0.04,0.05,0.2,,24,0.3,0.2,2.0,20,0,0.7939944134078212,0.7384427374301675,0.8819832402234636,300.0,1.5166666666666666,0.7333333333333333,50.031799500367654,0.131125,1.108187134502924,47,2.1348494445838573,0.23080748552884575,1.534849444583857,1.5019157723909329,1.0,B,0.0014395622912502404
rubble,B,60,800,0.04,0.05,0.2,,25,0.3,0.2,2.0,20,0,0.7932960893854749,0.7575069832402234,0.8980446927374302,320.0,1.3,0.6666666666666666,50.12348089499601,0.11754166666666667,1.0557620817843867,47,2.176778729697053,0.2748308541562561,1.5767787296970532,1.335307475372319,1.0,B,0.001420463541251138
rubble,B,60,800,0.04,0.05,0.2,,26,0.3,0.2,2.0,20,0,0.7087988826815642,0.6763966480446927,0.8149441340782123,300.0,1.1,0.4666666666666667,48.43241662039717,0.10591666666666667,0.9750240153698366,44,2.0995380955704737,0.3487407622165267,1.4995380955704731,1.4955146727209732,1.0,B,0.0013585477612491558
rubble,B,60,800,0.04,0.05,0.2,,27,0.3,0.2,2.0,20,0,0.7730446927374302,0.7082402234636873,0.8645251396648045,240.0,1.3,0.7833333333333333,49.6343220236955,0.12139583333333333,1.107,47,2.0623079304531,0.31036348360615534,1.4623079304531008,1.2992799401065436,1.0,B,0.0014242458849980722
rubble,B,60,800,0.04,0.05,0.2,,28,0.3,0.2,2.0,20,0,0.8086592178770949,0.7703212290502793,0.9036312849162011,300.0,1.4,0.75,51.95166226608617,0.12947916666666667,1.0517711171662125,49,2.1237090417519715,0.23353636729161842,1.5237090417519716,1.5807216758570073,1.0,B,0.0014186018750001494
rubble,B,60,800,0.04,0.05,0.2,,29,0.3,0.2,2.0,20,0,0.7625698324022346,0.7267458100558659,0.8365921787709497,280.0,1.1833333333333333,0.85,51.060393661585145,0.11597916666666666,1.069539666993144,48,2.048937333203877,0.27624341029646915,1.4489373332038766,1.3901189458640573,1.0,B,0.0013655154162506733
rubble,B,60,800,0.07,0.05,0.2,,0,0.3,0.2,2.0,20,0,0.7925977653631285,0.7444832402234637,0.8833798882681564,280.0,1.85,1.0666666666666667,66.86145430966813,0.0898125,1.1030126336248784,46,2.1522052612219427,0.2694256223537463,1.552205261221942,1.5712779046319183,1.0,B,0.0014381865625000502
rubble,B,60,800,0.07,0.05,0.2,,2,0.3,0.2,2.0,20,0,0.7779329608938548,0.7256983240223464,0.8819832402234636,320.0,1.8333333333333333,1.05,66.05691153380839,0.0874375,1.0559241706161138,44,2.263764274523027,0.22604817481257256,1.6637642745230272,1.5976343508757294,1.0,B,0.0013708707812497777
rubble,B,60,800,0.07,0.05,0.2,,1,0.3,0.2,2.0,20,0,0.8016759776536313,0.7711243016759777,0.8910614525139665,300.0,1.8,1.4666666666666666,67.40938666198636,0.09627083333333333,1.1113262342691193,49,2.223060192742738,0.272606624793161,1.6230601927427377,1.4125979422646346,1.0,B,0.0015513499999997293
rubble,B,60,800,0.07,0.05,0.2,,3,0.3,0.2,2.0,20,0,0.7751396648044693,0.7261173184357541,0.8596368715083799,260.0,1.8333333333333333,1.4666666666666666,66.79859550864705,0.0909375,1.168421052631579,49,1.9839274614189566,0.3290532399948151,1.3839274614189567,1.2463692664848218,1.0,B,0.0014260131250011909
rubble,B,60,800,0.07,0.05,0.2,,5,0.3,0.2,2.0,20,0,0.7569832402234636,0.6953561452513968,0.8743016759776536,320.0,1.8833333333333333,1.1333333333333333,65.66969176460054,0.1039375,1.0534499514091349,48,2.0913909243236506,0.2980105309574177,1.4913909243236505,1.4208481011044125,1.0,B,0.001459124062500905
rubble,B,60,800,0.07,0.05,0.2,,4,0.3,0.2,2.0,20,0,0.8072625698324022,0.7491620111731843,0.8938547486033519,280.0,1.9166666666666667,0.9666666666666667,68.45511814836853,0.10077083333333334,1.153692614770459,52,1.9939297076806655,0.2632316763892187,1.3939297076806647,1.4143919457627228,1.0,B,0.001509862240000075
rubble,B,60,800,0.07,0.05,0.2,,6,0.3,0.2,2.0,20,0,0.7807262569832403,0.7440642458100558,0.8952513966480447,340.0,1.95,1.0,65.84625720654786,0.09720833333333333,1.0698564593301436,44,2.09677761317683,0.271400808882692,1.4967776131768302,1.6331213887106062,1.0,B,0.0013930893225006001
rubble,B,60,800,0.07,0.05,0.2,,7,0.3,0.2,2.0,20,0,0.8044692737430168,0.7499301675977653,0.8833798882681564,260.0,2.0833333333333335,1.2833333333333334,67.55950764284903,0.09814583333333333,1.077642656688494,47,2.1779180370613647,0.2753092588506128,1.577918037061365,1.5339827482500135,1.0,B,0.0014368197912494906
rubble,B,60,800,0.07,0.05,0.2,,8,0.3,0.2,2.0,20,0,0.7946927374301676,0.747486033519553,0.8952513966480447,280.0,1.9833333333333334,1.2333333333333334,68.27021097926536,0.1045625,1.1200787401574803,50,2.0426847413102767,0.30236756538773474,1.4426847413102766,1.318086291678119,1.0,B,0.0014632498950004446
rubble,B,60,800,0.07,0.05,0.2,,9,0.3,0.2,2.0,20,0,0.7807262569832403,0.7273743016759776,0.895949720670391,300.0,2.033333333333333,1.05,67.1078460689118,0.09497916666666667,1.1157684630738525,48,2.0944268967840856,0.26172644258069766,1.4944268967840852,1.3972219620673942,1.0,B,0.0014184101562500473
rubble,B,60,800,0.07,0.05,0.2,,10,0.3,0.2,2.0,20,0,0.763268156424581,0.7035614525139666,0.8715083798882681,320.0,1.6666666666666667,1.2,66.69563918360879,0.1025,1.0715686274509804,49,2.0440031715209503,0.28311259746526185,1.4440031715209498,1.3184077496712043,1.0,B,0.0014620528124987687
rubble,B,60,800,0.07,0.05,0.2,,11,0.3,0.2,2.0,20,0,0.8016759776536313,0.7505586592178771,0.861731843575419,260.0,2.033333333333333,1.35,68.87346138503894,0.0950625,1.1457085828343314,53,1.9226252289956434,0.2851142149368437,1.3226252289956426,1.3924866221925565,1.0,B,0.0014876756774992827
rubble,B,60,800,0.07,0.05,0.2,,12,0.3,0.2,2.0,20,0,0.8002793296089385,0.7739175977653632,0.9008379888268156,280.0,1.8,1.25,68.80465055547623,0.091375,1.1051108968177434,50,1.9905645433967059,0.2601737231494385,1.3905645433967058,1.352494640016598,1.0,B,0.0014465530212487464
rubble,B,60,800,0.07,0.05,0.2,,13,0.3,0.2,2.0,20,0,0.7164804469273743,0.6779329608938547,0.8177374301675978,260.0,2.1666666666666665,1.0666666666666667,63.059765041505464,0.1053125,1.0555555555555556,43,2.101396240923703,0.23072438640488593,1.5013962409237034,1.4208232538803682,1.0,B,0.0014096952087516
rubble,B,60,800,0.07,0.05,0.2,,14,0.3,0.2,2.0,20,0,0.7925977653631285,0.7402932960893855,0.8645251396648045,240.0,1.55,1.2833333333333334,68.44390835132691,0.10733333333333334,1.0819828408007628,50,2.1240217749011534,0.24097991913285177,1.5240217749011533,1.4393516378332893,1.0,B,0.0014699531774999741
rubble,B,60,800,0.07,0.05,0.2,,15,0.3,0.2,2.0,20,0,0.7332402234636871,0.6956354748603351,0.8470670391061452,320.0,1.9333333333333333,1.3166666666666667,65.93473568208499,0.09854166666666667,1.0703363914373087,47,2.133079649046097,0.24716047353307422,1.5330796490460967,1.4590343435876911,1.0,B,0.001456211197501034
rubble,B,60,800,0.07,0.05,0.2,,16,0.3,0.2,2.0,20,0,0.763268156424581,0.7327513966480448,0.8596368715083799,260.0,1.9333333333333333,1.0833333333333333,66.99515606131519,0.0959375,1.0340586565752128,48,2.001596398549129,0.2540890288754091,1.4015963985491293,1.3899762111275284,1.0,B,0.0014163342187498529
rubble,B,60,800,0.07,0.05,0.2,,17,0.3,0.2,2.0,20,0,0.7318435754189944,0.6856843575418995,0.8344972067039106,280.0,1.75,1.0333333333333334,65.71529501044812,0.0899375,1.0737704918032787,45,2.120393348181553,0.31398060190944155,1.5203933481815528,1.350372086943766,1.0,B,0.0013880138537501808
rubble,B,60,800,0.07,0.05,0.2,,18,0.3,0.2,2.0,20,0,0.6668994413407822,0.6467527932960893,0.7681564245810056,260.0,1.8166666666666667,0.9333333333333333,61.44246419686494,0.10077083333333334,0.9774820880245652,41,2.0661762228463454,0.35632825183772243,1.466176222846345,1.4192108997418038,1.0,B,0.0013272933337498216
rubble,B,60,800,0.07,0.05,0.2,,20,0.3,0.2,2.0,20,0,0.7758379888268156,0.7539106145251396,0.8917597765363129,260.0,1.8666666666666667,1.25,67.49571489108938,0.10275,1.0672430355427474,48,2.0700754440479523,0.2666505618619997,1.4700754440479524,1.3924627854355196,1.0,B,0.0013838935937496898
rubble,B,60,800,0.07,0.05,0.2,,19,0.3,0.2,2.0,20,0,0.797486033519553,0.7395949720670392,0.8756983240223464,280.0,2.1333333333333333,1.1833333333333333,67.67932716220179,0.0994375,1.1465863453815262,50,1.99997036326046,0.3342433440945407,1.39997036326046,1.257571604322719,1.0,B,0.001465843749999749
rubble,B,60,800,0.07,0.05,0.2,,22,0.3,0.2,2.0,20,0,0.7276536312849162,0.6925279329608938,0.835195530726257,260.0,1.5,1.2166666666666666,64.70216137484022,0.08079166666666666,1.0077369439071568,42,2.2243660506792886,0.24982873736845224,1.6243660506792887,1.547872148553236,1.0,B,0.0012887856775000727
rubble,B,60,800,0.07,0.05,0.2,,21,0.3,0.2,2.0,20,0,0.8456703910614525,0.7679818435754189,0.9134078212290503,260.0,1.75,1.2666666666666666,69.20046702037962,0.11627083333333334,1.1884200196270853,53,2.006437725151406,0.27988260664837405,1.4064377251514064,1.4336241309464368,1.0,B,0.0014594255212500684
rubble,B,60,800,0.07,0.05,0.2,,23,0.3,0.2,2.0,20,0,0.7925977653631285,0.7481843575418995,0.8798882681564246,280.0,1.75,1.1333333333333333,67.46090670215249,0.0995625,1.0850860420650095,47,2.1799392141694875,0.24143498364974825,1.5799392141694875,1.4679583687239033,1.0,B,0.0013841789062507815
rubble,B,60,800,0.07,0.05,0.2,,24,0.3,0.2,2.0,20,0,0.7067039106145251,0.6554469273743017,0.8393854748603352,240.0,2.183333333333333,1.2,62.09966969363746,0.10852083333333333,0.9970443349753695,40,2.1277345897076905,0.28189734291705576,1.5277345897076906,1.5134002602620884,1.0,B,0.0013595090100011475
rubble,B,60,800,0.07,0.05,0.2,,25,0.3,0.2,2.0,20,0,0.672486033519553,0.6410963687150839,0.8149441340782123,300.0,2.0166666666666666,1.0666666666666667,61.7127692593737,0.09977083333333334,0.9601196410767696,40,2.25680789217925,0.2337793110216782,1.6568078921792497,1.550048795169022,1.0,B,0.0013515390112502246
rubble,B,60,800,0.07,0.05,0.2,,27,0.3,0.2,2.0,20,0,0.7730446927374302,0.7297835195530726,0.875,340.0,1.95,1.7166666666666666,64.3711564265083,0.08197916666666667,1.0404135338345863,40,2.2706690054366665,0.23017880197830468,1.670669005436666,1.6468882709389516,1.0,B,0.001305831927500094
rubble,B,60,800,0.07,0.05,0.2,,26,0.3,0.2,2.0,20,0,0.770949720670391,0.7415502793296089,0.8875698324022346,300.0,1.9666666666666666,1.2333333333333334,68.05011312476094,0.0888125,1.047438330170778,50,2.033513645775063,0.24165220827084943,1.4335136457750624,1.232182162726883,1.0,B,0.0014359916662488104
rubble,B,60,800,0.07,0.05,0.2,,28,0.3,0.2,2.0,20,0,0.8226256983240223,0.7705656424581007,0.9259776536312849,300.0,1.8166666666666667,1.3833333333333333,69.02919927131002,0.11204166666666666,1.111320754716981,53,1.9601576217384633,0.263103972536763,1.3601576217384637,1.3859647925800709,1.0,B,0.0014387657812494582
rubble,B,60,800,0.07,0.05,0.2,,29,0.3,0.2,2.0,20,0,0.8107541899441341,0.7569832402234637,0.8875698324022346,300.0,2.0,1.35,69.12792555063344,0.09802083333333333,1.1969072164948453,52,2.0456553433130464,0.27786730224449985,1.445655343313046,1.3639166305095187,1.0,B,0.001438442083749578
rubble,B,60,800,0.1,0.05,0.2,,0,0.3,0.2,2.0,20,0,0.7604748603351955,0.7,0.8896648044692738,300.0,2.5833333333333335,1.9166666666666667,85.46075268892042,0.06835416666666666,1.0739644970414202,46,2.1091985288659916,0.272309053583862,1.5091985288659917,1.464596516261441,1.0,B,0.001385698281249006
rubble,B,60,800,0.1,0.05,0.2,,1,0.3,0.2,2.0,20,0,0.7311452513966481,0.7043994413407821,0.8722067039106145,280.0,2.9833333333333334,1.75,85.73811522502233,0.0754375,1.0315270935960592,48,2.00822563357294,0.25226686531196135,1.4082256335729404,1.2786591037256312,1.0,B,0.0014220253650000813
rubble,B,60,800,0.1,0.05,0.2,,2,0.3,0.2,2.0,20,0,0.7681564245810056,0.6933310055865921,0.8589385474860335,300.0,3.05,1.6,86.56775867406104,0.08545833333333333,1.098901098901099,51,1.9124435819054817,0.3025205820298309,1.3124435819054814,1.2285147246120718,1.0,B,0.0014989248962501733
rubble,B,60,800,0.1,0.05,0.2,,3,0.3,0.2,2.0,20,0,0.8093575418994413,0.7409916201117318,0.901536312849162,240.0,3.05,1.85,88.23862785180023,0.0750625,1.1778455284552845,49,2.077386756157701,0.2836350174068758,1.477386756157701,1.3478756538916818,1.0,B,0.0014164335937493888
rubble,B,60,800,0.1,0.05,0.2,,4,0.3,0.2,2.0,20,0,0.7611731843575419,0.687744413407821,0.8763966480446927,220.0,2.9833333333333334,1.9833333333333334,85.38289723581372,0.0848125,1.1179487179487178,46,2.108786176346883,0.2643040599468406,1.508786176346883,1.3454585119463862,1.0,B,0.0014135773437487843
rubble,B,60,800,0.1,0.05,0.2,,5,0.3,0.2,2.0,20,0,0.7276536312849162,0.6637220670391063,0.7932960893854749,360.0,2.966666666666667,1.7833333333333334,85.02457055653447,0.08483333333333333,1.0979978925184406,47,1.97629262715821,0.2654009003009051,1.37629262715821,1.2987058468779313,1.0,B,0.0014209810937518342
rubble,B,60,800,0.1,0.05,0.2,,6,0.3,0.2,2.0,20,0,0.8093575418994413,0.7410265363128492,0.9029329608938548,340.0,2.45,1.8,86.8048916134838,0.07758333333333334,1.1475247524752474,49,2.0755378094848753,0.27540162686816916,1.475537809484876,1.3703214446648326,1.0,B,0.001465756615000373
rubble,B,60,800,0.1,0.05,0.2,,7,0.3,0.2,2.0,20,0,0.8100558659217877,0.7639315642458101,0.9050279329608939,220.0,2.5,2.1333333333333333,88.28399513619914,0.0796875,1.1153846153846154,48,2.0995600338855187,0.23573819975165036,1.4995600338855184,1.5544681465691452,1.0,B,0.0014031235412494424
rubble,B,60,800,0.1,0.05,0.2,,8,0.3,0.2,2.0,20,0,0.7953910614525139,0.7465083798882681,0.895949720670391,320.0,2.7666666666666666,1.65,87.98036966926173,0.07454166666666667,1.1090555014605645,48,2.03642658536751,0.30206328959020895,1.43642658536751,1.3403374789114337,1.0,B,0.0014237383849990692
rubble,B,60,800,0.1,0.05,0.2,,9,0.3,0.2,2.0,20,0,0.7032122905027933,0.6577164804469275,0.8163407821229051,340.0,2.65,1.7666666666666666,83.40979674455598,0.0715625,1.0171717171717172,44,2.094060324826569,0.2298420367298181,1.4940603248265694,1.451698949918192,1.0,B,0.0013785608850002972
rubble,B,60,800,0.1,0.05,0.2,,10,0.3,0.2,2.0,20,0,0.776536312849162,0.7415851955307263,0.8777932960893855,280.0,2.8333333333333335,1.7,84.74959266258307,0.0706875,1.1053677932405566,43,2.2188309052047615,0.22685437324711472,1.6188309052047616,1.589404306338619,1.0,B,0.001338183697500881
rubble,B,60,800,0.1,0.05,0.2,,11,0.3,0.2,2.0,20,0,0.770949720670391,0.723463687150838,0.8763966480446927,320.0,2.9833333333333334,1.95,86.61493762412766,0.08,1.1346351490236382,47,2.0619706214059748,0.253025346636788,1.4619706214059753,1.4635941117945808,1.0,B,0.0013934376049996899
rubble,B,60,800,0.1,0.05,0.2,,12,0.3,0.2,2.0,20,0,0.8233240223463687,0.7763617318435754,0.9036312849162011,300.0,2.8833333333333333,1.9666666666666666,89.0614046523307,0.074625,1.1719681908548707,51,2.0959740178902124,0.22636535900645813,1.4959740178902121,1.3557302249240122,1.0,B,0.00141051927000035
rubble,B,60,800,0.1,0.05,0.2,,13,0.3,0.2,2.0,20,0,0.7108938547486033,0.6746508379888267,0.8002793296089385,280.0,3.05,2.05,83.32472348000029,0.09322916666666667,1.0604166666666668,45,2.0575764390326325,0.36992425544170965,1.4575764390326325,1.336684894070804,1.0,B,0.001361785103749753
rubble,B,60,800,0.1,0.05,0.2,,14,0.3,0.2,2.0,20,0,0.8100558659217877,0.7518854748603353,0.8903631284916201,280.0,2.35,2.0,88.47298796153176,0.08883333333333333,1.157684630738523,50,2.163311983255037,0.2779485980996062,1.5633119832550373,1.4130195177091422,1.0,B,0.001412125156248294
rubble,B,60,800,0.1,0.05,0.2,,15,0.3,0.2,2.0,20,0,0.75,0.7096368715083798,0.8337988826815642,320.0,2.933333333333333,1.9333333333333333,84.84502277419945,0.07989583333333333,1.1026694045174537,46,1.9981797805608053,0.2435049123808006,1.3981797805608043,1.3734172074395785,1.0,B,0.0013713102600013372
rubble,B,60,800,0.1,0.05,0.2,,17,0.3,0.2,2.0,20,0,0.7849162011173184,0.7724162011173185,0.8966480446927374,300.0,2.683333333333333,1.8,87.44237370135453,0.082875,1.045581395348837,47,2.01722069792583,0.2700475456051999,1.4172206979258302,1.3460141216051085,1.0,B,0.001380215572501129
rubble,B,60,800,0.1,0.05,0.2,,16,0.3,0.2,2.0,20,0,0.7541899441340782,0.7159217877094972,0.8729050279329609,280.0,2.6666666666666665,2.033333333333333,87.32954554743172,0.08475,1.0315186246418337,49,2.032885509065022,0.23547413381021073,1.4328855090650225,1.2943609704268457,1.0,B,0.0014355720312482845
rubble,B,60,800,0.1,0.05,0.2,,19,0.3,0.2,2.0,20,0,0.7793296089385475,0.740223463687151,0.8708100558659218,280.0,3.05,2.0,88.88053763298136,0.07416666666666667,1.139938712972421,50,2.088283457592816,0.27530763921489565,1.4882834575928157,1.4664936125513168,1.0,B,0.0014003115099990283
rubble,B,60,800,0.1,0.05,0.2,,18,0.3,0.2,2.0,20,0,0.7527932960893855,0.7057262569832401,0.8358938547486033,300.0,3.15,1.8666666666666667,86.96887659721087,0.0901875,1.089989888776542,51,1.9942784804699245,0.25544181447157593,1.394278480469924,1.2918567626756916,1.0,B,0.001466016510000827
rubble,B,60,800,0.1,0.05,0.2,,20,0.3,0.2,2.0,20,0,0.7569832402234636,0.6947625698324023,0.8512569832402235,340.0,3.1,2.1333333333333333,83.99184115717544,0.09464583333333333,1.1095189355168884,48,2.032682107274861,0.2853423460563428,1.4326821072748608,1.2661049293414584,1.0,B,0.001426555937498506
rubble,B,60,800,0.1,0.05,0.2,,21,0.3,0.2,2.0,20,0,0.7744413407821229,0.7425977653631286,0.8917597765363129,280.0,3.0166666666666666,1.7833333333333334,85.99183937751735,0.0876875,1.0452403393025447,47,2.020022655939973,0.24289001538346025,1.4200226559399731,1.3260581199444474,1.0,B,0.0014229588025000339
rubble,B,60,800,0.1,0.05,0.2,,22,0.3,0.2,2.0,20,0,0.729050279329609,0.7050628491620111,0.8743016759776536,300.0,2.6166666666666667,1.6333333333333333,84.76906416369462,0.08245833333333333,1.0306021717670288,48,1.918120472127569,0.3065815324210904,1.3181204721275692,1.171759443256636,1.0,B,0.0014556958325010782
rubble,B,60,800,0.1,0.05,0.2,,23,0.3,0.2,2.0,20,0,0.8051675977653632,0.7685405027932961,0.8938547486033519,260.0,2.9833333333333334,2.1166666666666667,89.06983352535048,0.08266666666666667,1.1326129666011788,50,1.9914516407299903,0.18954408812491438,1.3914516407299902,1.3183394228474357,1.0,B,0.0014085358850002194
rubble,B,60,800,0.1,0.05,0.2,,24,0.3,0.2,2.0,20,0,0.7751396648044693,0.7372206703910613,0.895949720670391,240.0,2.933333333333333,1.7333333333333334,86.22147719198395,0.0904375,1.1326530612244898,49,2.0702348945877014,0.31452690121850135,1.4702348945877013,1.2807059585150573,1.0,B,0.001482149687499259
rubble,B,60,800,0.1,0.05,0.2,,25,0.3,0.2,2.0,20,0,0.7451117318435754,0.6998254189944134,0.8582402234636871,260.0,2.8833333333333333,1.9833333333333334,84.25897108436074,0.08239583333333333,1.0777777777777777,44,2.0540466416045198,0.26637937787516935,1.4540466416045197,1.3295095270627728,1.0,B,0.0013739473962505145
rubble,B,60,800,0.1,0.05,0.2,,26,0.3,0.2,2.0,20,0,0.8177374301675978,0.7611033519553073,0.8945530726256983,260.0,2.533333333333333,2.0166666666666666,87.64430362552854,0.0661875,1.1973415132924337,47,2.1556138013278217,0.2488518540525728,1.5556138013278218,1.6005621838194442,1.0,B,0.0013977685425015807
rubble,B,60,800,0.1,0.05,0.2,,27,0.3,0.2,2.0,20,0,0.7674581005586593,0.742108938547486,0.8763966480446927,300.0,2.566666666666667,1.7666666666666666,86.58217993098592,0.07552083333333333,1.0946215139442232,48,2.0039250942649254,0.2610510809234314,1.403925094264925,1.3202414781049208,1.0,B,0.001386979374999555
rubble,B,60,800,0.1,0.05,0.2,,28,0.3,0.2,2.0,20,0,0.8114525139664804,0.7572974860335197,0.8910614525139665,320.0,2.716666666666667,1.8833333333333333,89.1161993599247,0.08404166666666667,1.1857142857142857,52,2.0124817466355287,0.28623198000407,1.4124817466355286,1.2600842135943988,1.0,B,0.0014481146875004924
apartment,C,60,800,0.0,0.05,0.2,,0,0.3,0.2,2.0,20,0,0.958984375,0.9338867187500002,0.9915364583333334,220.0,1.0333333333333334,0.2833333333333333,44.51163508268484,0.034625,1.0491452991452992,52,2.2878786937752347,0.07211142785653961,1.6878786937752346,1.6691030968957747,1.0,C,0.0013378386450017387
rubble,B,60,800,0.1,0.05,0.2,,29,0.3,0.2,2.0,20,0,0.8079608938547486,0.7350907821229049,0.8994413407821229,260.0,3.1666666666666665,1.65,85.15187435765802,0.08539583333333334,1.1830265848670756,46,2.1720767555034883,0.26791069257084665,1.572076755503488,1.5451265417471531,1.0,B,0.0014191024999990988
apartment,C,60,800,0.0,0.05,0.2,,1,0.3,0.2,2.0,20,0,0.9401041666666666,0.925,0.978515625,220.0,1.0833333333333333,0.23333333333333334,43.11248843338584,0.035354166666666666,1.054014598540146,51,2.230204377662637,0.10903913009737577,1.6302043776626365,1.6318789294232596,1.0,C,0.0013554622387505332
apartment,C,60,800,0.0,0.05,0.2,,2,0.3,0.2,2.0,20,0,0.9348958333333334,0.90478515625,0.9811197916666666,200.0,0.8166666666666667,0.35,43.9711666546192,0.030833333333333334,1.0489408327246166,50,2.2772492913322204,0.12221081770704786,1.6772492913322208,1.6621124261199685,1.0,C,0.0013256055212491446
apartment,C,60,800,0.0,0.05,0.2,,3,0.3,0.2,2.0,20,0,0.8736979166666666,0.8705078125000002,0.9622395833333334,220.0,0.9333333333333333,0.18333333333333332,41.334033559991376,0.03220833333333333,0.9647735442127965,45,2.2618832934399444,0.1079281812587165,1.6618832934399443,1.648127124445113,1.0,C,0.0013222772400013128
apartment,C,60,800,0.0,0.05,0.2,,5,0.3,0.2,2.0,20,0,0.9049479166666666,0.8986979166666667,0.9811197916666666,220.0,0.95,0.18333333333333332,42.27104498178616,0.035541666666666666,0.9865152590489709,46,2.3351079770330916,0.10981967584679261,1.7351079770330915,1.7260712339894275,1.0,C,0.0012724233337485203
apartment,C,60,800,0.0,0.05,0.2,,4,0.3,0.2,2.0,20,0,0.9186197916666666,0.9018880208333334,0.98046875,220.0,0.8833333333333333,0.35,42.84068684264649,0.03241666666666667,1.0014194464158976,47,2.331075164856132,0.08976599133176803,1.7310751648561322,1.7101740910566674,1.0,C,0.0013330816675011193
apartment,C,60,800,0.0,0.05,0.2,,6,0.3,0.2,2.0,20,0,0.9388020833333334,0.9147786458333332,0.98828125,260.0,0.65,0.21666666666666667,42.03632045115104,0.03133333333333333,1.0162085976039466,46,2.4022440161430727,0.08695854426375992,1.8022440161430722,1.8164373664266626,1.0,C,0.0012749099999996361
apartment,C,60,800,0.0,0.05,0.2,,7,0.3,0.2,2.0,20,0,0.9270833333333334,0.9106770833333334,0.98046875,200.0,0.9,0.25,42.272583434097946,0.035125,1.0311368573497466,47,2.333462310885359,0.12427145975100244,1.7334623108853586,1.7326660435985843,1.0,C,0.001314946874999805
apartment,C,60,800,0.0,0.05,0.2,,8,0.3,0.2,2.0,20,0,0.9114583333333334,0.8969726562499998,0.974609375,220.0,0.8,0.3,43.556575341246784,0.0335,0.9915014164305949,49,2.2663321464142836,0.08477428329421267,1.6663321464142842,1.6390138247267019,1.0,C,0.0012939833849986825
apartment,C,60,800,0.0,0.05,0.2,,9,0.3,0.2,2.0,20,0,0.9375,0.9059244791666666,0.9791666666666666,220.0,0.8833333333333333,0.23333333333333334,43.229637458345245,0.0316875,1.0337401292175161,49,2.3372532312404224,0.10884755825239452,1.737253231240422,1.7430306356895682,1.0,C,0.0012815376562502934
apartment,C,60,800,0.0,0.05,0.2,,10,0.3,0.2,2.0,20,0,0.9147135416666666,0.88603515625,0.9700520833333334,200.0,0.8,0.36666666666666664,41.786997664291434,0.0338125,1.03690036900369,45,2.4126772784078305,0.09347939181794118,1.812677278407831,1.8165106951500807,1.0,C,0.0012887048949983182
apartment,C,60,800,0.0,0.05,0.2,,11,0.3,0.2,2.0,20,0,0.9479166666666666,0.9243489583333335,0.9876302083333334,220.0,1.2166666666666666,0.26666666666666666,44.26791262623923,0.0306875,1.0482361411087113,51,2.2427376658219877,0.11714734654293599,1.6427376658219874,1.6766544231329705,1.0,C,0.0013109946874988055
apartment,C,60,800,0.0,0.05,0.2,,12,0.3,0.2,2.0,20,0,0.927734375,0.9112630208333334,0.98046875,220.0,1.1,0.21666666666666667,43.112120184757224,0.03247916666666667,1.0178571428571428,46,2.36728453966368,0.12507949471349392,1.7672845396636792,1.8047018660902248,1.0,C,0.0012759148962481958
apartment,C,60,800,0.0,0.05,0.2,,13,0.3,0.2,2.0,20,0,0.8984375,0.8931640624999998,0.970703125,260.0,1.2166666666666666,0.16666666666666666,42.24053574332999,0.03804166666666667,0.9766454352441614,46,2.329519648441098,0.12252992962751398,1.7295196484410982,1.6817105590895585,1.0,C,0.001286342240000522
apartment,C,60,800,0.0,0.05,0.2,,14,0.3,0.2,2.0,20,0,0.9225260416666666,0.9135742187500002,0.9830729166666666,240.0,0.8166666666666667,0.16666666666666666,41.6167731072928,0.034625,1.002121640735502,45,2.318844971981795,0.11494412740120215,1.718844971981795,1.7730668914057364,1.0,C,0.0012968055737519535
apartment,C,60,800,0.0,0.05,0.2,,15,0.3,0.2,2.0,20,0,0.9654947916666666,0.9359700520833334,0.9869791666666666,220.0,1.0833333333333333,0.3,46.061460083727965,0.034604166666666665,1.0547652916073968,54,2.2336557703506927,0.10529757808520654,1.6336557703506924,1.6068319701940403,1.0,C,0.0013662208325013125
apartment,C,60,800,0.0,0.05,0.2,,16,0.3,0.2,2.0,20,0,0.9322916666666666,0.9177734375,0.98828125,220.0,1.0166666666666666,0.3,43.251051562501864,0.035708333333333335,1.0177683013503909,48,2.2701798941572866,0.11155436666309236,1.6701798941572863,1.7432389470903933,1.0,C,0.0012859790624997914
apartment,C,60,800,0.0,0.05,0.2,,18,0.3,0.2,2.0,20,0,0.9140625,0.90185546875,0.9798177083333334,240.0,0.8666666666666667,0.25,41.907828696255756,0.030083333333333333,1.0078966259870783,45,2.3262099500361897,0.10849520729030646,1.7262099500361892,1.7102259534296778,1.0,C,0.0013005820837497595
apartment,C,60,800,0.0,0.05,0.2,,17,0.3,0.2,2.0,20,0,0.9440104166666666,0.91923828125,0.98046875,220.0,1.0833333333333333,0.3333333333333333,45.42016161832091,0.04047916666666666,1.0545454545454545,55,2.23719058197889,0.11762000952203015,1.63719058197889,1.5932629645988996,1.0,C,0.0013920955212506669
apartment,C,60,800,0.0,0.05,0.2,,19,0.3,0.2,2.0,20,0,0.921875,0.8973632812499999,0.982421875,220.0,1.1,0.2833333333333333,42.322873122910515,0.0325,1.0007067137809187,46,2.3485046288939198,0.11841451845647279,1.7485046288939194,1.6784602477010437,1.0,C,0.0013364175512492692
apartment,C,60,800,0.0,0.05,0.2,,20,0.3,0.2,2.0,20,0,0.908203125,0.9048177083333334,0.9817708333333334,260.0,0.95,0.26666666666666666,40.990161109480006,0.035375,0.9823943661971831,44,2.3708268573065676,0.1025580225637596,1.7708268573065675,1.7383466531773144,1.0,C,0.0012844182812500548
apartment,C,60,800,0.0,0.05,0.2,,21,0.3,0.2,2.0,20,0,0.9231770833333334,0.907421875,0.98046875,240.0,1.1666666666666667,0.38333333333333336,43.96124845674468,0.0374375,1.0056737588652482,49,2.2975582253470987,0.08574305335993328,1.6975582253470987,1.6935635780133675,1.0,C,0.001371254531250088
apartment,C,60,800,0.0,0.05,0.2,,22,0.3,0.2,2.0,20,0,0.912109375,0.8950846354166668,0.9739583333333334,180.0,0.9333333333333333,0.36666666666666664,43.11568846689049,0.032916666666666664,1.02863436123348,48,2.2709859113049378,0.10752007373908422,1.670985911304938,1.6147236898670263,1.0,C,0.0014155771349987844
apartment,C,60,800,0.0,0.05,0.2,,23,0.3,0.2,2.0,20,0,0.9375,0.9261393229166668,0.9889322916666666,220.0,1.0,0.21666666666666667,42.36049061841552,0.035520833333333335,1.023454157782516,47,2.3277488089871827,0.1069883858276085,1.7277488089871826,1.7239670772046702,1.0,C,0.0013914379162497425
apartment,C,60,800,0.0,0.05,0.2,,25,0.3,0.2,2.0,20,0,0.9244791666666666,0.90224609375,0.9811197916666666,240.0,0.9166666666666666,0.23333333333333334,42.75692657723994,0.033875,0.9902370990237098,45,2.401554068997836,0.11980916890957437,1.801554068997836,1.8560141592965307,1.0,C,0.0013494889062508264
apartment,C,60,800,0.0,0.05,0.2,,24,0.3,0.2,2.0,20,0,0.8854166666666666,0.8789062500000002,0.9641927083333334,240.0,0.95,0.2833333333333333,40.86581257734299,0.03954166666666667,0.9883720930232557,45,2.301716135220682,0.0986514263452791,1.7017161352206824,1.6372559147438652,1.0,C,0.0013766304687487718
apartment,C,60,800,0.0,0.05,0.2,,26,0.3,0.2,2.0,20,0,0.9153645833333334,0.9037109374999999,0.974609375,220.0,0.8166666666666667,0.31666666666666665,43.61150270104197,0.035666666666666666,1.018840579710145,49,2.2108293115030095,0.08512019550790918,1.6108293115030097,1.6142501543722774,1.0,C,0.0013505546350006626
apartment,C,60,800,0.0,0.05,0.2,,27,0.3,0.2,2.0,20,0,0.935546875,0.9337890625,0.9895833333333334,260.0,0.8166666666666667,0.3,44.95059440565116,0.035166666666666666,1.0119718309859156,52,2.2185778658335997,0.11625256350532784,1.6185778658335996,1.6835509320625208,1.0,C,0.0013916947912480282
apartment,C,60,800,0.0,0.05,0.2,,28,0.3,0.2,2.0,20,0,0.9420572916666666,0.9201171875,0.9876302083333334,240.0,0.9333333333333333,0.23333333333333334,42.55852008041125,0.034104166666666665,1.0218926553672316,47,2.366925281087434,0.08744541637249445,1.7669252810874332,1.7862735739059925,1.0,C,0.0013073248962496109
apartment,C,60,800,0.0,0.05,0.2,,29,0.3,0.2,2.0,20,0,0.9544270833333334,0.9360677083333334,0.9915364583333334,220.0,0.8833333333333333,0.3,44.96191705401132,0.032125,1.0501432664756447,52,2.2592232049867658,0.10045022119277486,1.659223204986766,1.636731489276933,1.0,C,0.0013682460937502583
apartment,C,60,800,0.02,0.05,0.2,,0,0.3,0.2,2.0,20,0,0.9388020833333334,0.91298828125,0.98828125,240.0,0.9166666666666666,0.21666666666666667,50.223631366396354,0.03145833333333333,1.0248756218905473,45,2.375747685145236,0.07819512656614241,1.7757476851452363,1.813692793777323,1.0,C,0.0013177357812492118
apartment,C,60,800,0.02,0.05,0.2,,2,0.3,0.2,2.0,20,0,0.9049479166666666,0.8788736979166666,0.9661458333333334,220.0,0.8833333333333333,0.31666666666666665,50.94436248957991,0.030458333333333334,1.003610108303249,46,2.3363807492834927,0.08747239949187341,1.736380749283493,1.6994763557098396,1.0,C,0.0013263622399995257
apartment,C,60,800,0.02,0.05,0.2,,1,0.3,0.2,2.0,20,0,0.9375,0.9113932291666668,0.984375,220.0,1.25,0.38333333333333336,51.96223543218742,0.03841666666666667,1.023454157782516,48,2.2748335476415793,0.11242188514150823,1.6748335476415794,1.6827931783907961,1.0,C,0.001343110677498771
apartment,C,60,800,0.02,0.05,0.2,,3,0.3,0.2,2.0,20,0,0.9134114583333334,0.8947265624999998,0.9759114583333334,240.0,1.0,0.26666666666666666,49.859491194953016,0.03575,1.000713266761769,45,2.3551215963410095,0.09676902038290376,1.7551215963410098,1.6842254084076465,1.0,C,0.0012910598437497357
apartment,C,60,800,0.02,0.05,0.2,,4,0.3,0.2,2.0,20,0,0.9147135416666666,0.9103515625000002,0.982421875,220.0,1.1333333333333333,0.2833333333333333,51.706882975743675,0.035083333333333334,0.9957476966690291,48,2.2637603616951076,0.11119796497924797,1.6637603616951075,1.674954623411732,1.0,C,0.0013072137499989366
apartment,C,60,800,0.02,0.05,0.2,,5,0.3,0.2,2.0,20,0,0.9309895833333334,0.9184244791666666,0.9889322916666666,200.0,1.2,0.45,53.76153102529149,0.0398125,1.0332369942196533,51,2.2125143355454373,0.10683549349773855,1.6125143355454372,1.5995107913409434,1.0,C,0.001324996875000579
apartment,C,60,800,0.02,0.05,0.2,,6,0.3,0.2,2.0,20,0,0.9342447916666666,0.9165039062500002,0.9817708333333334,220.0,1.0666666666666667,0.2833333333333333,50.952522743804664,0.03947916666666667,1.039855072463768,48,2.313187556243113,0.11968944512662517,1.7131875562431134,1.7817819341706334,1.0,C,0.0012948221362512414
apartment,C,60,800,0.02,0.05,0.2,,7,0.3,0.2,2.0,20,0,0.9407552083333334,0.9128580729166667,0.9856770833333334,240.0,1.0,0.23333333333333334,52.27994978890508,0.035479166666666666,1.0240963855421688,49,2.25686749010634,0.11123149583119193,1.65686749010634,1.6153929082739316,1.0,C,0.0013342223437507528
apartment,C,60,800,0.02,0.05,0.2,,8,0.3,0.2,2.0,20,0,0.8834635416666666,0.8588216145833334,0.9518229166666666,200.0,1.2166666666666666,0.21666666666666667,48.59580229560882,0.037125,0.9804913294797688,42,2.426967951745859,0.0866085914993213,1.8269679517458584,1.9121529241043937,1.0,C,0.0012423585937494863
apartment,C,60,800,0.02,0.05,0.2,,9,0.3,0.2,2.0,20,0,0.8951822916666666,0.8784830729166668,0.97265625,200.0,0.9833333333333333,0.2833333333333333,49.186000338573315,0.035645833333333335,0.9970993473531544,44,2.3347185855571713,0.14327272466259633,1.7347185855571714,1.690007872781913,1.0,C,0.0012875905200007765
apartment,C,60,800,0.02,0.05,0.2,,10,0.3,0.2,2.0,20,0,0.935546875,0.9203776041666666,0.9856770833333334,220.0,1.15,0.5333333333333333,53.04932929593163,0.035604166666666666,1.0055983205038488,50,2.2631922321554954,0.10728535841315859,1.6631922321554953,1.6413043176838698,1.0,C,0.0012971890099993289
apartment,C,60,800,0.02,0.05,0.2,,11,0.3,0.2,2.0,20,0,0.9485677083333334,0.9116861979166666,0.98828125,200.0,0.9166666666666666,0.5166666666666667,53.28952157410815,0.033625,1.0436962750716334,51,2.31786889462621,0.09316709585212939,1.71786889462621,1.704195581708273,1.0,C,0.0013649036974993577
apartment,C,60,800,0.02,0.05,0.2,,12,0.3,0.2,2.0,20,0,0.85546875,0.8534830729166666,0.96875,240.0,1.25,0.23333333333333334,46.995266197621156,0.034479166666666665,0.9392423159399571,40,2.394628011663992,0.1344617535542641,1.7946280116639919,1.7939885702943927,1.0,C,0.001247429635000117
apartment,C,60,800,0.02,0.05,0.2,,13,0.3,0.2,2.0,20,0,0.9309895833333334,0.9109374999999998,0.9850260416666666,200.0,1.1333333333333333,0.18333333333333332,50.75563126957159,0.04075,1.0377358490566038,47,2.339542427775333,0.11260955179361738,1.7395424277753335,1.771295077252904,1.0,C,0.0013096278637499382
apartment,C,60,800,0.02,0.05,0.2,,15,0.3,0.2,2.0,20,0,0.9114583333333334,0.8897135416666666,0.962890625,200.0,0.8166666666666667,0.2833333333333333,51.274802857122104,0.035979166666666666,1.0294117647058825,48,2.2314599787090335,0.13007800393462216,1.6314599787090334,1.6993834525305287,1.0,C,0.001332401562499399
apartment,C,60,800,0.02,0.05,0.2,,14,0.3,0.2,2.0,20,0,0.9290364583333334,0.9053385416666666,0.9765625,220.0,1.0166666666666666,0.18333333333333332,52.05858310576678,0.03377083333333333,1.0200142959256613,48,2.358844995975082,0.09986336328457594,1.7588449959750818,1.73905067081962,1.0,C,0.0014523265625007297
apartment,C,60,800,0.02,0.05,0.2,,17,0.3,0.2,2.0,20,0,0.9361979166666666,0.9141927083333334,0.9811197916666666,240.0,1.0666666666666667,0.25,51.48483632274594,0.036375,1.004891684136967,46,2.3770806316235435,0.10402502095337438,1.7770806316235437,1.7940092429544017,1.0,C,0.0012778129162506957
apartment,C,60,800,0.02,0.05,0.2,,16,0.3,0.2,2.0,20,0,0.9290364583333334,0.9209309895833332,0.9876302083333334,240.0,1.1666666666666667,0.4,52.228129105864646,0.0349375,1.0142146410803128,48,2.322942818755043,0.09782518565511304,1.7229428187550428,1.7289081680855116,1.0,C,0.0012863449999986187
apartment,C,60,800,0.02,0.05,0.2,,18,0.3,0.2,2.0,20,0,0.9498697916666666,0.943359375,0.9889322916666666,220.0,1.0666666666666667,0.5166666666666667,54.97006896653072,0.0283125,1.0376955903271692,54,2.1432953776654036,0.14681615154899463,1.5432953776654033,1.5359304869636743,1.0,C,0.001376718125000025
apartment,C,60,800,0.02,0.05,0.2,,19,0.3,0.2,2.0,20,0,0.9427083333333334,0.9113606770833332,0.9856770833333334,260.0,1.1666666666666667,0.36666666666666664,52.711695150374354,0.0356875,1.0394831299353913,50,2.26055175743826,0.09930195730192565,1.6605517574382602,1.6489573509745146,1.0,C,0.0013551435412500724
apartment,C,60,800,0.02,0.05,0.2,,20,0.3,0.2,2.0,20,0,0.9153645833333334,0.8923502604166667,0.9791666666666666,240.0,1.25,0.31666666666666665,50.40742896775318,0.035833333333333335,1.0007117437722421,46,2.411331007073061,0.08730669960736537,1.8113310070730606,1.8764619282824113,1.0,C,0.0013142017712493726
apartment,C,60,800,0.02,0.05,0.2,,21,0.3,0.2,2.0,20,0,0.884765625,0.87177734375,0.9720052083333334,200.0,1.1333333333333333,0.26666666666666666,49.19566808100139,0.035333333333333335,0.9862119013062409,43,2.3520637502642816,0.12071069260246364,1.752063750264282,1.7862563284320427,1.0,C,0.0012589019787492362
apartment,C,60,800,0.02,0.05,0.2,,22,0.3,0.2,2.0,20,0,0.9212239583333334,0.912109375,0.9791666666666666,220.0,1.0833333333333333,0.23333333333333334,52.4448999517609,0.035666666666666666,1.0187185025197985,49,2.309285985959481,0.10402600278589627,1.709285985959481,1.7083951948347873,1.0,C,0.001348739738750737
apartment,C,60,800,0.02,0.05,0.2,,23,0.3,0.2,2.0,20,0,0.947265625,0.93505859375,0.9908854166666666,240.0,1.15,0.23333333333333334,54.95953419492705,0.03741666666666667,1.0260930888575457,53,2.1790176670698793,0.1175595290049229,1.5790176670698794,1.6130177682609834,1.0,C,0.0013777433324980847
apartment,C,60,800,0.02,0.05,0.2,,26,0.3,0.2,2.0,20,0,0.9459635416666666,0.92646484375,0.9869791666666666,200.0,0.9833333333333333,0.3,52.32562204174732,0.036291666666666667,1.0598103574033553,50,2.2572519798734976,0.1369912109510475,1.657251979873497,1.6412413399969177,1.0,C,0.0013157951562516245
apartment,C,60,800,0.02,0.05,0.2,,24,0.3,0.2,2.0,20,0,0.9329427083333334,0.9193033854166666,0.982421875,220.0,1.1333333333333333,0.4,52.112811358851665,0.03816666666666667,1.0257695060844667,49,2.2673234960835313,0.11707401643534061,1.6673234960835313,1.7493841283906875,1.0,C,0.0013598708337485732
apartment,C,60,800,0.02,0.05,0.2,,25,0.3,0.2,2.0,20,0,0.9342447916666666,0.919921875,0.9876302083333334,220.0,1.15,0.18333333333333332,52.23460490928553,0.0331875,1.0162889518413596,49,2.3068939295977784,0.10162511565783792,1.706893929597778,1.7284970050288595,1.0,C,0.0013386044274989216
apartment,C,60,800,0.02,0.05,0.2,,27,0.3,0.2,2.0,20,0,0.9010416666666666,0.8998046875,0.98046875,220.0,1.0666666666666667,0.23333333333333334,50.006053855033585,0.03202083333333333,0.9949676491732565,45,2.3815152046691637,0.10422083423462689,1.781515204669163,1.7326547474389984,1.0,C,0.0012810468225006844
apartment,C,60,800,0.02,0.05,0.2,,28,0.3,0.2,2.0,20,0,0.912109375,0.88349609375,0.9609375,240.0,1.0666666666666667,0.21666666666666667,51.58180912435834,0.03870833333333333,0.9992867332382311,47,2.3155083005807158,0.111978065845544,1.7155083005807168,1.7921841362404445,1.0,C,0.0013167930737517962
apartment,C,60,800,0.02,0.05,0.2,,29,0.3,0.2,2.0,20,0,0.9322916666666666,0.9299479166666667,0.9895833333333334,260.0,1.1166666666666667,0.31666666666666665,52.53495852847391,0.036041666666666666,0.9937543372657877,49,2.308249006887444,0.10395800274489482,1.7082490068874436,1.6891628756331425,1.0,C,0.0013357908850002787
apartment,C,60,800,0.04,0.05,0.2,,0,0.3,0.2,2.0,20,0,0.9296875,0.9068359375,0.98046875,220.0,1.25,0.2833333333333333,63.76993312259214,0.0336875,1.0423357664233577,50,2.276032592344219,0.12179976576716858,1.6760325923442183,1.6416121833573505,1.0,C,0.001322612134999872
apartment,C,60,800,0.04,0.05,0.2,,1,0.3,0.2,2.0,20,0,0.9342447916666666,0.924609375,0.9856770833333334,240.0,1.7833333333333334,0.2833333333333333,64.50840710837369,0.042,1.0184528034066713,51,2.1607934254705734,0.11455283386216522,1.5607934254705735,1.5413715635386236,1.0,C,0.001336150416250348
apartment,C,60,800,0.04,0.05,0.2,,2,0.3,0.2,2.0,20,0,0.892578125,0.87998046875,0.9615885416666666,200.0,1.1833333333333333,0.4,61.90043325516228,0.034104166666666665,0.9898916967509025,47,2.1965106691547773,0.13854887561151052,1.5965106691547768,1.6723194161706805,1.0,C,0.001295047656249153
apartment,C,60,800,0.04,0.05,0.2,,3,0.3,0.2,2.0,20,0,0.9049479166666666,0.89365234375,0.9791666666666666,180.0,1.7166666666666666,0.35,59.877573451495735,0.0391875,1.0326894502228825,44,2.391468355281042,0.1175758869546801,1.7914683552810418,1.7888127191739989,1.0,C,0.0012842270312512483
apartment,C,60,800,0.04,0.05,0.2,,4,0.3,0.2,2.0,20,0,0.94921875,0.9268229166666668,0.986328125,220.0,1.25,0.4166666666666667,63.86186490851105,0.043854166666666666,1.0474137931034482,50,2.247162798806157,0.11821834097610198,1.647162798806157,1.6620237252716983,1.0,C,0.0013363005725000221
apartment,C,60,800,0.04,0.05,0.2,,5,0.3,0.2,2.0,20,0,0.921875,0.8861328125,0.9720052083333334,200.0,1.5666666666666667,0.23333333333333334,62.380335906192286,0.049645833333333333,1.0465631929046564,48,2.3154775161321366,0.08633594947260273,1.7154775161321363,1.6925351806533768,1.0,C,0.0013315810425001474
apartment,C,60,800,0.04,0.05,0.2,,6,0.3,0.2,2.0,20,0,0.9095052083333334,0.8914388020833333,0.9733072916666666,220.0,1.3,0.23333333333333334,61.71410731219181,0.0346875,0.9971448965024983,45,2.346856539880638,0.10979628028570299,1.7468565398806377,1.7223492249343826,1.0,C,0.0012755058862489932
apartment,C,60,800,0.04,0.05,0.2,,8,0.3,0.2,2.0,20,0,0.8528645833333334,0.8461588541666666,0.9427083333333334,260.0,1.4833333333333334,0.36666666666666664,58.74552386594002,0.03964583333333333,0.9343794579172612,41,2.3681127570148033,0.17383299979499447,1.7681127570148032,1.688901467450198,1.0,C,0.001247254271249858
apartment,C,60,800,0.04,0.05,0.2,,7,0.3,0.2,2.0,20,0,0.953125,0.9121093750000002,0.9876302083333334,200.0,1.4166666666666667,0.5333333333333333,66.86209726698571,0.037145833333333336,1.0741012472487161,54,2.2091093105132678,0.14198003564122672,1.6091093105132683,1.6224717950698886,1.0,C,0.0013864913537508983
apartment,C,60,800,0.04,0.05,0.2,,9,0.3,0.2,2.0,20,0,0.90625,0.88857421875,0.9713541666666666,200.0,1.5666666666666667,0.2,62.30740761311587,0.039875,1.0273062730627305,49,2.176537076649177,0.12314487825212767,1.5765370766491769,1.6022922151435504,1.0,C,0.0013569777600014278
apartment,C,60,800,0.04,0.05,0.2,,10,0.3,0.2,2.0,20,0,0.884765625,0.862890625,0.97265625,240.0,1.5166666666666666,0.26666666666666666,58.76161635079653,0.04083333333333333,0.9672597864768684,42,2.4331789323669875,0.10166289250069803,1.8331789323669876,1.8686456678805172,1.0,C,0.0012960762500006239
apartment,C,60,800,0.04,0.05,0.2,,11,0.3,0.2,2.0,20,0,0.931640625,0.9097656250000001,0.9830729166666666,240.0,1.5166666666666666,0.26666666666666666,62.24413629306297,0.034958333333333334,1.0170575692963753,47,2.409111535086459,0.08899431102905579,1.80911153508646,1.790319864599943,1.0,C,0.0013235216662496896
apartment,C,60,800,0.04,0.05,0.2,,12,0.3,0.2,2.0,20,0,0.9329427083333334,0.9165690104166666,0.98828125,240.0,1.3833333333333333,0.26666666666666666,62.633854535384074,0.04145833333333333,1.0206552706552707,48,2.3403950734802237,0.09209474764092418,1.7403950734802234,1.7529686136157057,1.0,C,0.0013425152075001278
apartment,C,60,800,0.04,0.05,0.2,,13,0.3,0.2,2.0,20,0,0.91796875,0.9059895833333332,0.9856770833333334,220.0,1.5,0.18333333333333332,60.8199836196017,0.042958333333333334,1.0,44,2.421482401491939,0.09185832894311396,1.8214824014919382,1.7997675689207513,1.0,C,0.001300406615000611
apartment,C,60,800,0.04,0.05,0.2,,14,0.3,0.2,2.0,20,0,0.9459635416666666,0.9232747395833336,0.9837239583333334,240.0,1.8333333333333333,0.23333333333333334,64.0782620281272,0.043416666666666666,1.0415770609318995,52,2.216235627062653,0.0968330411559316,1.616235627062653,1.6226739209556698,1.0,C,0.0014079872924980918
apartment,C,60,800,0.04,0.05,0.2,,15,0.3,0.2,2.0,20,0,0.9453125,0.918359375,0.9869791666666666,200.0,1.6,0.45,65.30359419635836,0.037020833333333336,1.096676737160121,52,2.2395304199940775,0.10061999206626449,1.6395304199940774,1.5880649032138292,1.0,C,0.0013831092187501781
apartment,C,60,800,0.04,0.05,0.2,,16,0.3,0.2,2.0,20,0,0.8958333333333334,0.8681315104166666,0.9563802083333334,180.0,1.6166666666666667,0.23333333333333334,62.117643107568675,0.03825,1.007320644216691,47,2.212980775236615,0.12912385945269805,1.6129807752366152,1.628974124481478,1.0,C,0.0013158190624994858
apartment,C,60,800,0.04,0.05,0.2,,17,0.3,0.2,2.0,20,0,0.9401041666666666,0.91533203125,0.9856770833333334,240.0,1.45,0.43333333333333335,62.375690726257076,0.046375,1.0509461426491993,49,2.297197440428545,0.0946122902533738,1.6971974404285446,1.7294898500545304,1.0,C,0.0013646588537494608
apartment,C,60,800,0.04,0.05,0.2,,18,0.3,0.2,2.0,20,0,0.9641927083333334,0.9267578125,0.9895833333333334,220.0,1.3166666666666667,0.4166666666666667,66.59825348762689,0.03575,1.0608882521489973,55,2.1875775741581727,0.10963588465465887,1.5875775741581726,1.575836513391748,1.0,C,0.0013929666149988407
apartment,C,60,800,0.04,0.05,0.2,,19,0.3,0.2,2.0,20,0,0.9322916666666666,0.9083658854166667,0.9811197916666666,220.0,1.8666666666666667,0.35,63.39760417849811,0.037020833333333336,1.056047197640118,50,2.2929294152211903,0.11568350119019626,1.6929294152211898,1.7122862615878527,1.0,C,0.0013461635412500073
apartment,C,60,800,0.04,0.05,0.2,,20,0.3,0.2,2.0,20,0,0.94140625,0.88466796875,0.9778645833333334,220.0,1.4333333333333333,0.4,64.24641926013776,0.040125,1.0395398993529834,50,2.297242501425836,0.09245986892319377,1.6972425014258363,1.735216880395614,1.0,C,0.001310253854999246
apartment,C,60,800,0.04,0.05,0.2,,21,0.3,0.2,2.0,20,0,0.9368489583333334,0.92783203125,0.9895833333333334,260.0,1.6,0.4,63.10807120511417,0.0418125,1.0148095909732018,50,2.2684130819552912,0.11061765904806224,1.6684130819552914,1.6403705073619423,1.0,C,0.001326411406250827
apartment,C,60,800,0.04,0.05,0.2,,22,0.3,0.2,2.0,20,0,0.935546875,0.9040364583333333,0.9850260416666666,220.0,1.55,0.45,61.57626129046778,0.044145833333333336,1.083710407239819,49,2.3035761831364154,0.08841875398806251,1.7035761831364153,1.73160708122029,1.0,C,0.0013377547400000368
apartment,C,60,800,0.04,0.05,0.2,,23,0.3,0.2,2.0,20,0,0.9453125,0.9142903645833333,0.98046875,220.0,1.6666666666666667,0.45,64.99329731701698,0.042166666666666665,1.0614035087719298,53,2.23824185883139,0.09413146003757333,1.6382418588313894,1.6116353321912018,1.0,C,0.0013918325512509
apartment,C,60,800,0.04,0.05,0.2,,24,0.3,0.2,2.0,20,0,0.87109375,0.8619791666666667,0.9733072916666666,220.0,1.6,0.25,57.08049584281075,0.0386875,0.9632829373650108,40,2.4203910373270263,0.11788080832031476,1.8203910373270262,1.81399250911897,1.0,C,0.001237515365000945
apartment,C,60,800,0.04,0.05,0.2,,25,0.3,0.2,2.0,20,0,0.9407552083333334,0.9240559895833332,0.9869791666666666,200.0,1.6166666666666667,0.43333333333333335,62.776790004682994,0.036270833333333335,1.023371104815864,49,2.3189247356864584,0.08860080613952404,1.7189247356864579,1.6887557417387509,1.0,C,0.001318600781251007
apartment,C,60,800,0.04,0.05,0.2,,26,0.3,0.2,2.0,20,0,0.8873697916666666,0.8838216145833334,0.9609375,240.0,1.4666666666666666,0.48333333333333334,60.57058846877257,0.0364375,0.9666666666666667,44,2.3654413963559127,0.08113520464161976,1.7654413963559128,1.801738166773386,1.0,C,0.001261349011249422
apartment,C,60,800,0.04,0.05,0.2,,27,0.3,0.2,2.0,20,0,0.912109375,0.9010742187500002,0.9817708333333334,240.0,1.2,0.26666666666666666,61.535377921699165,0.037125,0.9992867332382311,47,2.308148346355044,0.10422754448064478,1.708148346355044,1.663637542730478,1.0,C,0.0013107705737502328
apartment,C,60,800,0.04,0.05,0.2,,28,0.3,0.2,2.0,20,0,0.947265625,0.9051432291666666,0.9798177083333334,280.0,1.35,0.38333333333333336,64.71349109491476,0.0423125,1.0467625899280577,52,2.2148253472827872,0.10310066652098092,1.614825347282787,1.5928554297984965,1.0,C,0.0013412639062494237
apartment,C,60,800,0.04,0.05,0.2,,29,0.3,0.2,2.0,20,0,0.92578125,0.9166666666666666,0.986328125,240.0,1.5,0.5666666666666667,64.41945931882854,0.035166666666666666,1.0341818181818183,50,2.2199631825872572,0.1124298564735869,1.619963182587257,1.6297401309812138,1.0,C,0.0012971002612516714
apartment,C,60,800,0.07,0.05,0.2,,0,0.3,0.2,2.0,20,0,0.9244791666666666,0.8882812500000001,0.9778645833333334,220.0,2.3333333333333335,0.48333333333333334,81.19553922668716,0.043,1.0380116959064327,48,2.305416651834606,0.13750435155402743,1.7054166518346061,1.6829969865364598,1.0,C,0.0013343708849993163
apartment,C,60,800,0.07,0.05,0.2,,1,0.3,0.2,2.0,20,0,0.9348958333333334,0.9176432291666666,0.9798177083333334,240.0,2.566666666666667,0.4,82.3107960143116,0.04460416666666667,1.0497076023391814,50,2.226833578002998,0.1351069547355907,1.6268335780029983,1.6223485297954343,1.0,C,0.0013535382812506214
apartment,C,60,800,0.07,0.05,0.2,,2,0.3,0.2,2.0,20,0,0.9453125,0.9277018229166668,0.98828125,220.0,1.8333333333333333,0.6166666666666667,84.83784359970824,0.036125,1.0408602150537634,51,2.186979320537888,0.18750315431968007,1.586979320537888,1.635301950828409,1.0,C,0.0013335952612510483
apartment,C,60,800,0.07,0.05,0.2,,3,0.3,0.2,2.0,20,0,0.94140625,0.9107421875,0.9856770833333334,240.0,3.0833333333333335,0.43333333333333335,83.73666807946161,0.04752083333333333,1.0593406593406594,52,2.194005624713924,0.14025620094305963,1.594005624713924,1.5575514666116312,1.0,C,0.0013883093225012999
apartment,C,60,800,0.07,0.05,0.2,,4,0.3,0.2,2.0,20,0,0.880859375,0.867578125,0.9375,220.0,2.6333333333333333,0.5333333333333333,77.70725659547257,0.04633333333333333,0.9754866618601298,44,2.3015469733966873,0.1920706639198046,1.7015469733966868,1.7144464195720466,1.0,C,0.0013052634374980698
apartment,C,60,800,0.07,0.05,0.2,,5,0.3,0.2,2.0,20,0,0.9244791666666666,0.9094401041666668,0.9869791666666666,260.0,2.3333333333333335,0.43333333333333335,80.28305134642078,0.05025,1.0049539985845717,47,2.3318664187522984,0.11887156645916919,1.7318664187522992,1.7822368278792622,1.0,C,0.001338402500000484
apartment,C,60,800,0.07,0.05,0.2,,6,0.3,0.2,2.0,20,0,0.9029947916666666,0.8726888020833334,0.962890625,220.0,3.0,0.5666666666666667,80.02763220659416,0.051208333333333335,1.0444277108433735,48,2.248782332599952,0.10728902444514017,1.6487823325999518,1.6154343214173745,1.0,C,0.0014170731249987512
apartment,C,60,800,0.07,0.05,0.2,,7,0.3,0.2,2.0,20,0,0.919921875,0.9068359375,0.9817708333333334,220.0,2.216666666666667,0.43333333333333335,82.4575819185315,0.04025,1.004264392324094,49,2.2225341424592577,0.08487943507547788,1.6225341424592576,1.5744597863969205,1.0,C,0.001324442863749482
apartment,C,60,800,0.07,0.05,0.2,,8,0.3,0.2,2.0,20,0,0.931640625,0.9140950520833334,0.984375,260.0,2.3833333333333333,0.6,80.24320625051178,0.04641666666666667,1.0243378668575518,47,2.3153677231839334,0.09354058866008425,1.7153677231839333,1.7286057760234064,1.0,C,0.0013798890099997153
apartment,C,60,800,0.07,0.05,0.2,,9,0.3,0.2,2.0,20,0,0.9420572916666666,0.9029947916666666,0.9817708333333334,220.0,2.4,0.5666666666666667,81.68447257073497,0.04416666666666667,1.0647534952170714,49,2.2537768896052195,0.11745395254822524,1.6537768896052196,1.645731510245402,1.0,C,0.001358901978751419
apartment,C,60,800,0.07,0.05,0.2,,10,0.3,0.2,2.0,20,0,0.94921875,0.91630859375,0.9908854166666666,220.0,2.783333333333333,0.6,84.72580322238284,0.04595833333333333,1.100377358490566,53,2.1969222714438152,0.15304051486758488,1.5969222714438158,1.633250084622897,1.0,C,0.0013807808337492134
apartment,C,60,800,0.07,0.05,0.2,,11,0.3,0.2,2.0,20,0,0.9140625,0.8983398437500002,0.9811197916666666,200.0,2.5166666666666666,0.6833333333333333,82.1217639072635,0.038,1.0588235294117647,50,2.2382031264333295,0.1172106402834441,1.6382031264333294,1.6088219923790863,1.0,C,0.0013854863537494566
apartment,C,60,800,0.07,0.05,0.2,,12,0.3,0.2,2.0,20,0,0.9303385416666666,0.90146484375,0.98046875,180.0,2.466666666666667,0.6166666666666667,83.43682815474645,0.0408125,1.0891768292682926,51,2.2163154127175275,0.14685046196722157,1.6163154127175274,1.5715410074877565,1.0,C,0.0014749160412497987
apartment,C,60,800,0.07,0.05,0.2,,13,0.3,0.2,2.0,20,0,0.916015625,0.89052734375,0.974609375,260.0,3.4166666666666665,0.5166666666666667,78.68814391763381,0.058208333333333334,1.0368459837877673,45,2.3131205215287727,0.12152441850538429,1.7131205215287726,1.76857007515519,1.0,C,0.0013387616149998394
apartment,C,60,800,0.07,0.05,0.2,,14,0.3,0.2,2.0,20,0,0.9283854166666666,0.8950846354166666,0.9733072916666666,220.0,2.6166666666666667,0.48333333333333334,82.16353572272807,0.052833333333333336,1.0378457059679767,50,2.238442574739643,0.1124095799520001,1.6384425747396427,1.568765709445584,1.0,C,0.0013933321875015281
apartment,C,60,800,0.07,0.05,0.2,,15,0.3,0.2,2.0,20,0,0.8561197916666666,0.8509765625000002,0.9661458333333334,240.0,3.066666666666667,0.5833333333333334,74.4968466071155,0.04747916666666667,0.9487734487734487,40,2.433345517896801,0.12604110007823677,1.833345517896801,1.8574998129708469,1.0,C,0.0012845398950003073
apartment,C,60,800,0.07,0.05,0.2,,16,0.3,0.2,2.0,20,0,0.8782552083333334,0.86181640625,0.9583333333333334,240.0,2.45,0.48333333333333334,79.5292042442812,0.04510416666666667,0.9656406585540444,45,2.28416893009035,0.09829951002872994,1.6841689300903495,1.6664746421413863,1.0,C,0.0012827832300013142
apartment,C,60,800,0.07,0.05,0.2,,17,0.3,0.2,2.0,20,0,0.8697916666666666,0.851953125,0.9361979166666666,240.0,2.3333333333333335,0.5,76.7404678556073,0.04604166666666667,0.9653179190751445,43,2.3248768700857223,0.195916360443419,1.7248768700857227,1.6996092022826068,1.0,C,0.001271427916249195
apartment,C,60,800,0.07,0.05,0.2,,18,0.3,0.2,2.0,20,0,0.9192708333333334,0.8923177083333332,0.974609375,220.0,2.4833333333333334,0.4666666666666667,82.57363578232591,0.037125,1.0299051787016777,50,2.216287987425541,0.1322063209801641,1.616287987425541,1.6248550348186208,1.0,C,0.0013366098437495567
apartment,C,60,800,0.07,0.05,0.2,,19,0.3,0.2,2.0,20,0,0.9095052083333334,0.8785807291666666,0.966796875,200.0,2.6166666666666667,0.7,80.4022661934978,0.04883333333333333,1.051166290443943,47,2.322734640047919,0.07829544312285945,1.7227346400479193,1.725100689346592,1.0,C,0.0012906844799999817
apartment,C,60,800,0.07,0.05,0.2,,20,0.3,0.2,2.0,20,0,0.9016927083333334,0.8725585937499998,0.9596354166666666,240.0,2.6,0.4166666666666667,80.42418760956276,0.04633333333333333,0.9971202303815695,47,2.3169466005333232,0.11512924657131625,1.7169466005333236,1.7098594222567227,1.0,C,0.0012931788537503053
apartment,C,60,800,0.07,0.05,0.2,,21,0.3,0.2,2.0,20,0,0.935546875,0.9235026041666666,0.9869791666666666,240.0,2.966666666666667,0.6333333333333333,82.83268622889771,0.051416666666666666,1.0443313953488371,51,2.276615450318391,0.0935200577705268,1.6766154503183917,1.6489817559879247,1.0,C,0.001394069582499924
apartment,C,60,800,0.07,0.05,0.2,,22,0.3,0.2,2.0,20,0,0.9283854166666666,0.9168294270833334,0.9817708333333334,260.0,2.8333333333333335,0.48333333333333334,83.09675238501748,0.04741666666666667,1.0200286123032904,51,2.213899694310746,0.1236050547945797,1.6138996943107455,1.6115581881493122,1.0,C,0.0013649883850007428
apartment,C,60,800,0.07,0.05,0.2,,23,0.3,0.2,2.0,20,0,0.9290364583333334,0.9069010416666667,0.984375,200.0,2.6166666666666667,0.5166666666666667,80.60965343220029,0.03933333333333333,1.037063953488372,47,2.3144732205578253,0.11578624228799635,1.714473220557826,1.6633170685836034,1.0,C,0.0012868344787511888
apartment,C,60,800,0.07,0.05,0.2,,24,0.3,0.2,2.0,20,0,0.8873697916666666,0.875,0.9733072916666666,240.0,2.566666666666667,0.38333333333333336,76.70728313496483,0.04722916666666667,0.9919941775836972,43,2.3274564711407093,0.1072527654868611,1.7274564711407094,1.8142667056552861,1.0,C,0.0013076473962496493
apartment,C,60,800,0.07,0.05,0.2,,25,0.3,0.2,2.0,20,0,0.9485677083333334,0.9288736979166666,0.984375,220.0,2.966666666666667,0.5666666666666667,85.32766949993213,0.044958333333333336,1.0635036496350365,53,2.2524230631217144,0.11489917552425488,1.652423063121715,1.637360863444849,1.0,C,0.0013930793750000703
apartment,C,60,800,0.07,0.05,0.2,,26,0.3,0.2,2.0,20,0,0.9127604166666666,0.8944986979166668,0.9759114583333334,220.0,2.683333333333333,0.38333333333333336,80.99523955311452,0.042583333333333334,1.0014285714285713,47,2.3296091885195485,0.09475960230496819,1.7296091885195481,1.7141830223930534,1.0,C,0.001320296562500971
apartment,C,60,800,0.07,0.05,0.2,,27,0.3,0.2,2.0,20,0,0.8561197916666666,0.8440429687500002,0.95703125,240.0,2.8333333333333335,0.4166666666666667,76.69143122948749,0.043541666666666666,0.9379457917261056,42,2.4019837645642306,0.18765082219683452,1.8019837645642307,1.7102662013918328,1.0,C,0.0012698454162500638
apartment,C,60,800,0.07,0.05,0.2,,28,0.3,0.2,2.0,20,0,0.912109375,0.88212890625,0.9759114583333334,200.0,2.466666666666667,0.5833333333333334,82.94831665191678,0.04808333333333333,1.0478683620044875,50,2.2351158330944725,0.1448729325218881,1.6351158330944724,1.6032052426222503,1.0,C,0.0013744210937488787
apartment,C,60,800,0.07,0.05,0.2,,29,0.3,0.2,2.0,20,0,0.943359375,0.9343424479166667,0.9915364583333334,240.0,3.2,0.6166666666666667,83.35078174697453,0.0515,1.0670103092783505,52,2.1642359703800294,0.13195435219316518,1.564235970380029,1.5228817411972972,1.0,C,0.0014006792700001825
apartment,C,60,800,0.1,0.05,0.2,,0,0.3,0.2,2.0,20,0,0.9375,0.9083984375,0.982421875,220.0,3.5166666666666666,0.8,103.11236213379316,0.04729166666666667,1.0534016093635699,50,2.2631674273672933,0.15505588236428816,1.6631674273672932,1.6930642284233988,1.0,C,0.001402044166250107
apartment,C,60,800,0.1,0.05,0.2,,1,0.3,0.2,2.0,20,0,0.9225260416666666,0.8931315104166666,0.9817708333333334,260.0,4.05,0.8,104.52972806596502,0.05241666666666667,1.054315476190476,52,2.136377456430653,0.17434405081498175,1.5363774564306523,1.49648114637085,1.0,C,0.0014417437499992048
apartment,C,60,800,0.1,0.05,0.2,,2,0.3,0.2,2.0,20,0,0.91796875,0.894140625,0.9850260416666666,240.0,4.4,0.5666666666666667,100.07189204061699,0.04572916666666667,1.051454138702461,48,2.231548927007329,0.13998449151141043,1.6315489270073293,1.6451934103755965,1.0,C,0.0014032287500003804
apartment,C,60,800,0.1,0.05,0.2,,3,0.3,0.2,2.0,20,0,0.9075520833333334,0.88486328125,0.966796875,240.0,4.733333333333333,0.5333333333333333,102.10124074034684,0.056541666666666664,1.063310450038139,50,2.1694340563566263,0.1272473190024631,1.569434056356626,1.5779623690395654,1.0,C,0.0014103588012494583
apartment,C,60,800,0.1,0.05,0.2,,4,0.3,0.2,2.0,20,0,0.9309895833333334,0.9219401041666666,0.9876302083333334,220.0,3.65,0.7666666666666667,108.5482014543105,0.04554166666666667,1.05379513633014,54,1.9931823027634252,0.13657048784369671,1.3931823027634256,1.3935512296333332,1.0,C,0.0014532657812515025
apartment,C,60,800,0.1,0.05,0.2,,6,0.3,0.2,2.0,20,0,0.8782552083333334,0.8605143229166666,0.96484375,240.0,4.083333333333333,0.7166666666666667,100.62346467691323,0.050354166666666665,1.0235204855842186,48,2.173013350037975,0.15649621589425017,1.5730133500379757,1.6329996323782094,1.0,C,0.0013733962500009512
apartment,C,60,800,0.1,0.05,0.2,,5,0.3,0.2,2.0,20,0,0.947265625,0.9136067708333334,0.9895833333333334,220.0,5.05,0.8333333333333334,106.53962874958388,0.06675,1.108149276466108,54,2.173757747298683,0.1428330220215646,1.5737577472986828,1.5187429241602384,1.0,C,0.0014663355212496754
apartment,C,60,800,0.1,0.05,0.2,,7,0.3,0.2,2.0,20,0,0.9342447916666666,0.9131510416666668,0.9850260416666666,260.0,4.266666666666667,0.9,106.03403922121377,0.05354166666666667,1.0653303637713436,53,2.1909264869806475,0.13918934523527687,1.5909264869806474,1.6016935686666245,1.0,C,0.0014065577087512794
apartment,C,60,800,0.1,0.05,0.2,,8,0.3,0.2,2.0,20,0,0.9368489583333334,0.8880533854166666,0.9720052083333334,240.0,4.35,0.7833333333333333,103.4447619161378,0.06329166666666666,1.1189735614307932,52,2.101633094023218,0.1694957102605395,1.5016330940232183,1.5380457804486776,1.0,C,0.0014640602087479238
apartment,C,60,800,0.1,0.05,0.2,,10,0.3,0.2,2.0,20,0,0.8723958333333334,0.8335611979166666,0.9322916666666666,220.0,3.7666666666666666,0.5166666666666667,97.773660987708,0.050541666666666665,1.0244648318042815,45,2.305482938585645,0.2135771520204477,1.705482938585645,1.6757676510216242,1.0,C,0.0013428253637493982
apartment,C,60,800,0.1,0.05,0.2,,9,0.3,0.2,2.0,20,0,0.927734375,0.8923502604166668,0.9791666666666666,240.0,4.783333333333333,0.6166666666666667,101.10778528642271,0.0635625,1.0754716981132075,49,2.278225634987856,0.1326575330388911,1.6782256349878557,1.637030938822912,1.0,C,0.001412326822498926
apartment,C,60,800,0.1,0.05,0.2,,11,0.3,0.2,2.0,20,0,0.8971354166666666,0.8792968750000002,0.9661458333333334,280.0,4.416666666666667,0.9166666666666666,99.55808525031277,0.05075,1.0222551928783383,47,2.226014848688596,0.108131548871523,1.6260148486885966,1.6320732084879053,1.0,C,0.001384363749998556
apartment,C,60,800,0.1,0.05,0.2,,12,0.3,0.2,2.0,20,0,0.9173177083333334,0.8895833333333334,0.9661458333333334,280.0,3.7666666666666666,0.6833333333333333,101.02501529537754,0.055375,1.0499254843517138,49,2.1919289737439605,0.12238792302102929,1.5919289737439604,1.615474121263277,1.0,C,0.0013865589574993465
apartment,C,60,800,0.1,0.05,0.2,,13,0.3,0.2,2.0,20,0,0.8893229166666666,0.852734375,0.9381510416666666,220.0,4.0,0.7333333333333333,102.03753677015051,0.05683333333333333,1.0364188163884673,50,2.1997780234896176,0.21116380541173627,1.599778023489617,1.5906583683940596,1.0,C,0.001376638541248667
apartment,C,60,800,0.1,0.05,0.2,,14,0.3,0.2,2.0,20,0,0.927734375,0.9001302083333333,0.982421875,220.0,3.95,0.8666666666666667,102.81319822869153,0.05372916666666667,1.0787282361847086,50,2.2739485462573326,0.10053500383129249,1.6739485462573327,1.6555457679371308,1.0,C,0.0013495713012503074
apartment,C,60,800,0.1,0.05,0.2,,15,0.3,0.2,2.0,20,0,0.9368489583333334,0.8925455729166666,0.9778645833333334,240.0,4.733333333333333,0.9,104.85777863669185,0.060375,1.0844009042954033,54,2.127649137061011,0.1497546945586861,1.5276491370610106,1.5320037660079215,1.0,C,0.0014323822912501783
apartment,C,60,800,0.1,0.05,0.2,,16,0.3,0.2,2.0,20,0,0.8528645833333334,0.8324544270833332,0.9303385416666666,240.0,4.85,0.5666666666666667,95.3473636532747,0.06175,0.9939301972685889,44,2.2775299231633257,0.2097952793968871,1.677529923163326,1.623612183576652,1.0,C,0.0013510252600008243
apartment,C,60,800,0.1,0.05,0.2,,17,0.3,0.2,2.0,20,0,0.8854166666666666,0.8599283854166668,0.9622395833333334,200.0,3.683333333333333,0.5333333333333333,99.38287737805818,0.05510416666666667,1.0413476263399695,46,2.215066242992651,0.1565299367010801,1.6150662429926512,1.5768681650408733,1.0,C,0.0013040012500005105
apartment,C,60,800,0.1,0.05,0.2,,18,0.3,0.2,2.0,20,0,0.8723958333333334,0.8720052083333332,0.9466145833333334,220.0,3.716666666666667,0.7,101.42796366734734,0.040125,0.9882005899705015,48,2.2657186006410837,0.18365832335306467,1.6657186006410836,1.6505438746639425,1.0,C,0.0013371135937495636
apartment,C,60,800,0.1,0.05,0.2,,19,0.3,0.2,2.0,20,0,0.91796875,0.8893880208333333,0.9837239583333334,220.0,4.55,0.8166666666666667,100.70992087636175,0.053875,1.0390567428150332,48,2.2150844289318186,0.11107057781772664,1.6150844289318185,1.5644331662757098,1.0,C,0.00136262781250025
apartment,C,60,800,0.1,0.05,0.2,,20,0.3,0.2,2.0,20,0,0.8899739583333334,0.8626953125,0.96875,240.0,3.55,0.6166666666666667,97.14777151181883,0.047625,1.0103473762010349,44,2.278646550297141,0.13143900782865703,1.678646550297141,1.7424759223791868,1.0,C,0.0013458623437486495
apartment,C,60,800,0.1,0.05,0.2,,21,0.3,0.2,2.0,20,0,0.83203125,0.8075846354166668,0.9309895833333334,240.0,4.366666666666666,0.4166666666666667,92.6646928290685,0.05502083333333333,0.9594594594594594,40,2.356175466912444,0.169266017365918,1.756175466912444,1.7295110222441066,1.0,C,0.001273078021249603
apartment,C,60,800,0.1,0.05,0.2,,22,0.3,0.2,2.0,20,0,0.9309895833333334,0.8971028645833332,0.98046875,240.0,3.8833333333333333,0.4666666666666667,103.24754078680988,0.05645833333333333,1.0866261398176291,51,2.1763863498771414,0.13633547714653385,1.5763863498771409,1.5379313521647298,1.0,C,0.001429449531251521
apartment,C,60,800,0.1,0.05,0.2,,23,0.3,0.2,2.0,20,0,0.9153645833333334,0.8952473958333332,0.982421875,240.0,3.183333333333333,0.55,98.64910303680603,0.043354166666666666,1.027777777777778,45,2.38600467125144,0.1581355220659065,1.7860046712514401,1.7486157889644174,1.0,C,0.0013241064062503938
apartment,C,60,800,0.1,0.05,0.2,,24,0.3,0.2,2.0,20,0,0.8391927083333334,0.8185546875,0.884765625,200.0,4.183333333333334,0.7166666666666667,97.25532271754773,0.058479166666666665,0.9992248062015504,45,2.2002902657549623,0.11790245262838041,1.6002902657549625,1.6347176437759736,1.0,C,0.0013794824999990851
apartment,C,60,800,0.1,0.05,0.2,,25,0.3,0.2,2.0,20,0,0.9140625,0.8875651041666668,0.9733072916666666,220.0,3.783333333333333,0.6833333333333333,103.86473689684819,0.045125,1.0446428571428572,51,2.1908329342678656,0.14885777796825272,1.5908329342678653,1.5476791023907368,1.0,C,0.0013970041662491894
apartment,C,60,800,0.1,0.05,0.2,,26,0.3,0.2,2.0,20,0,0.900390625,0.8969075520833334,0.9811197916666666,260.0,3.8833333333333333,0.6666666666666666,101.70457481059655,0.048,0.9971160778658976,48,2.169881218431063,0.1480257853577032,1.5698812184310629,1.6142172292730002,1.0,C,0.0013561324474994762
apartment,C,60,800,0.1,0.05,0.2,,27,0.3,0.2,2.0,20,0,0.9186197916666666,0.8982096354166668,0.98046875,220.0,4.35,0.65,102.08487602775577,0.050625,1.091260634184068,49,2.247919420030754,0.12261011249390745,1.6479194200307543,1.6512526851624743,1.0,C,0.0013868846349987508
apartment,C,60,800,0.1,0.05,0.2,,28,0.3,0.2,2.0,20,0,0.8984375,0.8816731770833334,0.9622395833333334,260.0,4.633333333333334,0.65,100.47689703548112,0.06322916666666667,1.0518292682926829,49,2.1510572950241222,0.15384607639266704,1.5510572950241226,1.5015190201651976,1.0,C,0.0014342282300003717
apartment,C,60,800,0.1,0.05,0.2,,29,0.3,0.2,2.0,20,0,0.9420572916666666,0.9154296875000002,0.9850260416666666,240.0,4.1,0.7,105.53504174915162,0.050916666666666666,1.0814648729446936,52,2.1482906385847915,0.13870338030506532,1.5482906385847917,1.5331681494008207,1.0,C,0.0014217094800005724
rubble,C,60,800,0.0,0.05,0.2,,0,0.3,0.2,2.0,20,0,0.7660614525139665,0.7353701117318436,0.8386871508379888,280.0,1.0666666666666667,0.8666666666666667,37.539784336740766,0.04925,1.0733855185909982,46,2.077283373496299,0.2593298879644139,1.4772833734962996,1.4887736090938053,1.0,C,0.0014164252087516616
rubble,C,60,800,0.0,0.05,0.2,,1,0.3,0.2,2.0,20,0,0.8254189944134078,0.784217877094972,0.8812849162011173,260.0,1.0,0.6833333333333333,39.36921725715612,0.04591666666666667,1.0964749536178107,52,2.0527705069289457,0.2026318163308037,1.4527705069289463,1.3808084024256555,1.0,C,0.001394180365000466
rubble,C,60,800,0.0,0.05,0.2,,2,0.3,0.2,2.0,20,0,0.8023743016759777,0.775558659217877,0.86731843575419,280.0,1.0,0.7666666666666667,38.62795435599701,0.0484375,1.036068530207394,48,2.1716994599397577,0.1935072801389834,1.5716994599397573,1.4557379391453136,1.0,C,0.0013924537499997315
rubble,C,60,800,0.0,0.05,0.2,,3,0.3,0.2,2.0,20,0,0.7835195530726257,0.7434008379888268,0.8729050279329609,300.0,0.95,0.65,37.94143340609665,0.049979166666666665,1.0181488203266789,46,2.0875810373293398,0.2195532337874535,1.487581037329339,1.508422559956592,1.0,C,0.001380517656250504
rubble,C,60,800,0.0,0.05,0.2,,4,0.3,0.2,2.0,20,0,0.723463687150838,0.7152583798882681,0.8491620111731844,300.0,1.2,0.55,35.8369062824289,0.05552083333333333,0.9392565729827743,40,2.289585952041981,0.3004770176182831,1.689585952041981,1.5232753884812678,1.0,C,0.0013877220312519967
rubble,C,60,800,0.0,0.05,0.2,,5,0.3,0.2,2.0,20,0,0.8526536312849162,0.812255586592179,0.9141061452513967,320.0,1.2666666666666666,0.7333333333333333,38.15837441195135,0.07008333333333333,1.0931065353625784,48,2.2103172370662127,0.23539178435210245,1.6103172370662129,1.4627755816763797,1.0,C,0.0014356493749983202
rubble,C,60,800,0.0,0.05,0.2,,6,0.3,0.2,2.0,20,0,0.8386871508379888,0.8001047486033519,0.888268156424581,260.0,1.0333333333333334,0.6833333333333333,38.55832357279463,0.071,1.112037037037037,51,2.085456997279173,0.23242813735140996,1.4854569972791731,1.473160725801923,1.0,C,0.0014640457812515706
rubble,C,60,800,0.0,0.05,0.2,,7,0.3,0.2,2.0,20,0,0.8044692737430168,0.7572625698324023,0.8638268156424581,260.0,1.2,0.75,37.37099806165555,0.07372916666666667,1.128305582761998,47,2.1841292901182623,0.1897644205439281,1.5841292901182624,1.5252719433589594,1.0,C,0.0014611972387501737
rubble,C,60,800,0.0,0.05,0.2,,8,0.3,0.2,2.0,20,0,0.8072625698324022,0.7598463687150837,0.8784916201117319,320.0,0.8333333333333334,0.7333333333333333,38.43080797773506,0.057729166666666665,1.0864661654135337,50,2.107857079998062,0.2317466511379948,1.507857079998062,1.4256201338352168,1.0,C,0.0014804359899994778
rubble,C,60,800,0.0,0.05,0.2,,9,0.3,0.2,2.0,20,0,0.789804469273743,0.7695530726256983,0.8659217877094972,300.0,1.15,0.75,37.40702206427624,0.05597916666666667,1.1044921875,48,2.1320016461571822,0.24112127980153972,1.5320016461571822,1.4878284640833708,1.0,C,0.001381872500001009
rubble,C,60,800,0.0,0.05,0.2,,10,0.3,0.2,2.0,20,0,0.8086592178770949,0.7986382681564244,0.8910614525139665,320.0,0.8333333333333334,0.6333333333333333,37.75273352628071,0.0696875,1.0302491103202847,47,2.168716847027812,0.2143647663559881,1.568716847027812,1.4784706102693317,1.0,C,0.0014399801037484395
rubble,C,60,800,0.0,0.05,0.2,,11,0.3,0.2,2.0,20,0,0.8317039106145251,0.8069483240223464,0.8770949720670391,280.0,1.1,0.6833333333333333,39.755814507004565,0.05422916666666667,1.1204139228598304,52,2.0637438499983145,0.18729219911849465,1.4637438499983146,1.4383771091965951,1.0,C,0.0014245957287494094
rubble,C,60,800,0.0,0.05,0.2,,12,0.3,0.2,2.0,20,0,0.797486033519553,0.7471019553072625,0.8715083798882681,260.0,0.8666666666666667,0.5833333333333334,37.53577489169825,0.04695833333333333,1.0824644549763034,44,2.281461248664439,0.20705536794845714,1.6814612486644385,1.6632793452526846,1.0,C,0.0013213309899992964
rubble,C,60,800,0.0,0.05,0.2,,13,0.3,0.2,2.0,20,0,0.7793296089385475,0.7427723463687151,0.8456703910614525,260.0,1.3833333333333333,0.7166666666666667,38.21275356179508,0.07995833333333334,1.157676348547718,51,1.9936354440686401,0.18503074896160202,1.39363544406864,1.3881054093126286,1.0,C,0.0015540748949979387
rubble,C,60,800,0.0,0.05,0.2,,14,0.3,0.2,2.0,20,0,0.8310055865921788,0.8055167597765364,0.8924581005586593,260.0,1.0333333333333334,0.7333333333333333,40.66127165435517,0.06191666666666667,1.0837887067395264,52,2.0849812773951424,0.18686233760480842,1.4849812773951419,1.4164205030685129,1.0,C,0.001453997394999078
rubble,C,60,800,0.0,0.05,0.2,,15,0.3,0.2,2.0,20,0,0.8163407821229051,0.7812150837988827,0.8763966480446927,280.0,1.3666666666666667,0.5666666666666667,37.89273618307989,0.06645833333333333,1.07346189164371,46,2.2066952294583224,0.22090963822476686,1.6066952294583217,1.4682277417606433,1.0,C,0.0014365345312489807
rubble,C,60,800,0.0,0.05,0.2,,17,0.3,0.2,2.0,20,0,0.7946927374301676,0.7789106145251397,0.8659217877094972,300.0,1.0,0.7166666666666667,37.78982592257914,0.058208333333333334,1.0364298724954462,49,2.0820835970127995,0.19840610775613804,1.4820835970127995,1.4094385117987862,1.0,C,0.0014437128125018718
rubble,C,60,800,0.0,0.05,0.2,,16,0.3,0.2,2.0,20,0,0.8051675977653632,0.7689594972067039,0.8736033519553073,320.0,0.9833333333333333,0.6333333333333333,38.20027700327062,0.07339583333333333,1.0960076045627378,52,2.0547729054275483,0.2631916770794476,1.4547729054275484,1.3707916794546562,1.0,C,0.0015545865100011725
rubble,C,60,800,0.0,0.05,0.2,,18,0.3,0.2,2.0,20,0,0.8289106145251397,0.7864525139664804,0.8931564245810056,260.0,1.1833333333333333,0.7,38.53064510067698,0.05608333333333333,1.0919963201471943,47,2.2371279618347657,0.17785619560151883,1.637127961834765,1.510460642926878,1.0,C,0.0014096378125009322
rubble,C,60,800,0.0,0.05,0.2,,21,0.3,0.2,2.0,20,0,0.7332402234636871,0.7124301675977653,0.8310055865921788,320.0,1.1,0.5,35.38953981420584,0.06852083333333334,0.9686346863468634,40,2.1630598424475767,0.15693465915380306,1.5630598424475768,1.5114559679784465,1.0,C,0.0013751478124981987
rubble,C,60,800,0.0,0.05,0.2,,19,0.3,0.2,2.0,20,0,0.8358938547486033,0.8,0.8924581005586593,260.0,1.0166666666666666,0.7166666666666667,39.05354105303389,0.0718125,1.125,52,2.078111288087015,0.20627002109786288,1.4781112880870155,1.4721286989525688,1.0,C,0.001528386927500378
rubble,C,60,800,0.0,0.05,0.2,,20,0.3,0.2,2.0,20,0,0.8331005586592178,0.8061452513966479,0.8924581005586593,300.0,1.1666666666666667,0.65,39.30659308364163,0.0615,1.0632798573975044,50,2.045023909832663,0.2549238888953926,1.4450239098326634,1.285592703304172,1.0,C,0.0014461365112492786
rubble,C,60,800,0.0,0.05,0.2,,22,0.3,0.2,2.0,20,0,0.7918994413407822,0.7680167597765363,0.875,280.0,0.7833333333333333,0.5833333333333334,37.25994126422385,0.06435416666666667,1.0882917466410749,51,2.004949852573007,0.223400082815597,1.4049498525730064,1.3817258502459717,1.0,C,0.0015136039587491724
rubble,C,60,800,0.0,0.05,0.2,,23,0.3,0.2,2.0,20,0,0.8729050279329609,0.8091131284916202,0.9127094972067039,280.0,1.3833333333333333,0.4166666666666667,38.059983257989515,0.0725,1.1848341232227488,51,2.2018559455390796,0.20312635401897605,1.6018559455390795,1.5932779480188923,1.0,C,0.0014685069275014939
rubble,C,60,800,0.0,0.05,0.2,,24,0.3,0.2,2.0,20,0,0.8100558659217877,0.7874650837988826,0.875,280.0,1.3,0.6666666666666666,38.363437996720265,0.069,1.0202286719437115,49,2.066811136947007,0.24019542564369795,1.4668111369470072,1.4548340257112766,1.0,C,0.0014830046874999426
rubble,C,60,800,0.0,0.05,0.2,,26,0.3,0.2,2.0,20,0,0.8212290502793296,0.7963687150837989,0.8910614525139665,280.0,0.9166666666666666,0.6833333333333333,37.11964507562059,0.05422916666666667,1.0575539568345322,45,2.2373226817639402,0.16963800879929825,1.637322681763941,1.557688884880132,1.0,C,0.001411536667501423
rubble,C,60,800,0.0,0.05,0.2,,25,0.3,0.2,2.0,20,0,0.8051675977653632,0.7551326815642458,0.880586592178771,280.0,1.1833333333333333,0.6666666666666666,35.64254558485051,0.07985416666666667,1.0705663881151346,45,2.2312832687690247,0.1868679427839485,1.6312832687690253,1.6280032741161907,1.0,C,0.0015409967712480465
rubble,C,60,800,0.0,0.05,0.2,,27,0.3,0.2,2.0,20,0,0.8645251396648045,0.8078910614525139,0.9238826815642458,300.0,0.8166666666666667,0.7833333333333333,40.063951726261664,0.058375,1.1591760299625469,53,2.109678718489583,0.2367986874305331,1.509678718489583,1.4285994048068056,1.0,C,0.0014915598949983178
rubble,C,60,800,0.0,0.05,0.2,,29,0.3,0.2,2.0,20,0,0.7821229050279329,0.7503142458100558,0.861731843575419,300.0,1.1,0.55,37.69122546218905,0.0578125,1.0536218250235183,47,2.126220575776118,0.2267736838349734,1.5262205757761187,1.5496939664777343,1.0,C,0.0013932232812499023
rubble,C,60,800,0.02,0.05,0.2,,0,0.3,0.2,2.0,20,0,0.8254189944134078,0.7911312849162011,0.8903631284916201,300.0,1.15,0.9,48.44318254676151,0.050270833333333334,1.0563002680965148,51,2.034783621005548,0.18574148659352094,1.434783621005548,1.3653582571971956,1.0,C,0.00139121093750191
rubble,C,60,800,0.0,0.05,0.2,,28,0.3,0.2,2.0,20,0,0.8093575418994413,0.7546787709497205,0.8666201117318436,300.0,1.4333333333333333,0.6833333333333333,38.25073575949161,0.0721875,1.0801491146318731,49,2.115583284723399,0.21609755220651733,1.5155832847233992,1.434640569453566,1.0,C,0.001425866926249455
rubble,C,60,800,0.02,0.05,0.2,,1,0.3,0.2,2.0,20,0,0.7583798882681564,0.7199720670391061,0.8756983240223464,240.0,1.1,0.6666666666666666,45.56389922918173,0.058083333333333334,1.0274361400189214,46,2.1189375359758027,0.18761106091402371,1.5189375359758017,1.4540046285999173,1.0,C,0.0013791490624998914
rubble,C,60,800,0.02,0.05,0.2,,2,0.3,0.2,2.0,20,0,0.8240223463687151,0.7792597765363128,0.8840782122905028,340.0,1.3166666666666667,0.7333333333333333,45.69213503863139,0.05445833333333333,1.0433244916003537,45,2.26695326374619,0.2047136395192704,1.6669532637461906,1.6311610767216167,1.0,C,0.0013457863550002003
rubble,C,60,800,0.02,0.05,0.2,,3,0.3,0.2,2.0,20,0,0.8023743016759777,0.7745810055865922,0.8854748603351955,260.0,1.4,0.8666666666666667,46.57846103568429,0.052458333333333336,1.0295698924731183,47,2.2149944817417424,0.20412406670483768,1.614994481741743,1.5121503531541727,1.0,C,0.0013384381762489284
rubble,C,60,800,0.02,0.05,0.2,,4,0.3,0.2,2.0,20,0,0.8100558659217877,0.7797835195530727,0.8791899441340782,300.0,1.45,0.8333333333333334,45.8682564476157,0.06602083333333333,1.061299176578225,45,2.2374408293620562,0.17610023979684025,1.6374408293620566,1.5562079214271773,1.0,C,0.0013588869787508884
rubble,C,60,800,0.02,0.05,0.2,,6,0.3,0.2,2.0,20,0,0.784217877094972,0.7718575418994412,0.8477653631284916,300.0,1.55,0.8333333333333334,45.615042363911726,0.07389583333333333,1.0255707762557078,46,2.154025136667538,0.18971456618450733,1.5540251366675382,1.4769099013600462,1.0,C,0.0014291789575008806
rubble,C,60,800,0.02,0.05,0.2,,5,0.3,0.2,2.0,20,0,0.8170391061452514,0.7989525139664806,0.8847765363128491,320.0,1.5833333333333333,0.6833333333333333,48.33977424041139,0.07147916666666666,1.0588235294117647,53,2.010026694752643,0.2520003407794744,1.4100266947526423,1.3605156554885736,1.0,C,0.0014759437500015337
rubble,C,60,800,0.02,0.05,0.2,,8,0.3,0.2,2.0,20,0,0.7255586592178771,0.7254539106145252,0.8310055865921788,280.0,1.1,0.55,44.66133960639967,0.051875,0.9792648444863337,44,2.1056292819621207,0.1742579893072498,1.505629281962121,1.5040929293534622,1.0,C,0.001371692812499532
rubble,C,60,800,0.02,0.05,0.2,,7,0.3,0.2,2.0,20,0,0.8456703910614525,0.8203561452513967,0.8945530726256983,320.0,1.4166666666666667,1.0666666666666667,47.14996662898793,0.07385416666666667,1.0697879858657242,50,2.117952990814432,0.18666013383247004,1.517952990814432,1.3913643633911015,1.0,C,0.0014519053649996749
rubble,C,60,800,0.02,0.05,0.2,,9,0.3,0.2,2.0,20,0,0.8065642458100558,0.7784217877094972,0.8847765363128491,300.0,1.4,0.7,47.8561821174916,0.0594375,1.0538321167883211,53,2.0758130739186034,0.2496815010938676,1.4758130739186028,1.4452405505414165,1.0,C,0.0014972210412497588
rubble,C,60,800,0.02,0.05,0.2,,11,0.3,0.2,2.0,20,0,0.8107541899441341,0.7905027932960893,0.8903631284916201,300.0,1.15,0.7166666666666667,45.43356789734492,0.0595625,1.027433628318584,44,2.256640303116744,0.21850798635515079,1.6566403031167447,1.623618639761229,1.0,C,0.0013668664587498825
rubble,C,60,800,0.02,0.05,0.2,,10,0.3,0.2,2.0,20,0,0.8051675977653632,0.760300279329609,0.8680167597765364,280.0,1.0833333333333333,0.7833333333333333,47.01253777961617,0.057541666666666665,1.08876298394712,50,2.0725173042956495,0.20265613257989695,1.4725173042956492,1.4014488921731827,1.0,C,0.00140221187500174
rubble,C,60,800,0.02,0.05,0.2,,12,0.3,0.2,2.0,20,0,0.8156424581005587,0.7679120111731843,0.8840782122905028,280.0,1.2833333333333334,0.8,46.83426951018605,0.0543125,1.0686184812442818,47,2.1714465862485826,0.23929830697223028,1.5714465862485822,1.5483286346756544,1.0,C,0.0014182552087504518
rubble,C,60,800,0.02,0.05,0.2,,13,0.3,0.2,2.0,20,0,0.8435754189944135,0.7954259776536313,0.8910614525139665,340.0,1.7666666666666666,0.9,47.84783487867863,0.08347916666666666,1.1581975071907957,55,2.0705781870045668,0.20768612710248363,1.4705781870045662,1.4347340120015697,1.0,C,0.0015848304687506242
rubble,C,60,800,0.02,0.05,0.2,,15,0.3,0.2,2.0,20,0,0.803072625698324,0.7595670391061453,0.8763966480446927,300.0,1.6,0.8333333333333334,46.51771560464557,0.06510416666666667,1.0531135531135531,48,2.066626958474942,0.23709196228420812,1.466626958474942,1.3250719387566523,1.0,C,0.0014665990625007909
rubble,C,60,800,0.02,0.05,0.2,,14,0.3,0.2,2.0,20,0,0.8205307262569832,0.8086592178770949,0.8861731843575419,320.0,1.4,0.75,46.5742481983478,0.08102083333333333,1.076007326007326,50,2.1032096451595907,0.1880617456209397,1.503209645159591,1.4089612312826485,1.0,C,0.0015140886974995737
rubble,C,60,800,0.02,0.05,0.2,,16,0.3,0.2,2.0,20,0,0.8121508379888268,0.7771648044692737,0.8903631284916201,320.0,1.45,0.75,46.19947966557253,0.06285416666666667,1.0228671943711523,48,2.1665473876741492,0.22335904728499403,1.5665473876741496,1.5431949954530533,1.0,C,0.0013921559374989556
rubble,C,60,800,0.02,0.05,0.2,,17,0.3,0.2,2.0,20,0,0.8086592178770949,0.7736382681564246,0.8680167597765364,300.0,1.1166666666666667,0.7,48.03351817937915,0.0505,1.0122377622377623,51,2.1418425180998746,0.2143095589772317,1.541842518099875,1.4353141607276219,1.0,C,0.0014115624474993638
rubble,C,60,800,0.02,0.05,0.2,,18,0.3,0.2,2.0,20,0,0.7793296089385475,0.7466131284916202,0.8708100558659218,260.0,1.4833333333333334,0.85,45.57872090911447,0.06075,1.013623978201635,45,2.106000425912169,0.1985988752371154,1.5060004259121689,1.504626595790143,1.0,C,0.0014206627075009238
rubble,C,60,800,0.02,0.05,0.2,,19,0.3,0.2,2.0,20,0,0.7953910614525139,0.75,0.8861731843575419,280.0,1.35,0.9833333333333333,47.377472170771576,0.06441666666666666,1.0252025202520252,48,2.075428968542339,0.15939520572258978,1.4754289685423387,1.4175368879842287,1.0,C,0.0014330026562493004
rubble,C,60,800,0.02,0.05,0.2,,20,0.3,0.2,2.0,20,0,0.7863128491620112,0.7687849162011173,0.8924581005586593,320.0,1.3333333333333333,0.8666666666666667,44.36535830640071,0.0763125,1.0236363636363635,46,2.0713876612507836,0.19286737574209595,1.4713876612507835,1.3759292496577145,1.0,C,0.0014426691137487068
rubble,C,60,800,0.02,0.05,0.2,,21,0.3,0.2,2.0,20,0,0.8135474860335196,0.7519203910614526,0.8729050279329609,280.0,1.6333333333333333,0.75,46.737586479787375,0.07089583333333334,1.0648994515539305,51,2.126508279023194,0.19346662949839508,1.5265082790231943,1.4122730274295772,1.0,C,0.0014644412500001635
rubble,C,60,800,0.02,0.05,0.2,,22,0.3,0.2,2.0,20,0,0.827513966480447,0.7879888268156425,0.9008379888268156,280.0,1.25,0.75,48.915320495649475,0.056479166666666664,1.0941828254847648,54,2.036318439799503,0.245938093051954,1.4363184397995032,1.560851895611529,1.0,C,0.0015590677612499348
rubble,C,60,800,0.02,0.05,0.2,,23,0.3,0.2,2.0,20,0,0.8470670391061452,0.8057262569832402,0.895949720670391,300.0,1.45,0.7333333333333333,47.555874811953394,0.06920833333333333,1.1007259528130673,50,2.212966505233546,0.18447033284190548,1.6129665052335458,1.4985998506284985,1.0,C,0.0015190746362509343
rubble,C,60,800,0.02,0.05,0.2,,24,0.3,0.2,2.0,20,0,0.8547486033519553,0.8116620111731843,0.9036312849162011,280.0,1.6,0.75,47.61616745354043,0.07433333333333333,1.137546468401487,54,2.0581761378789354,0.20719500077599495,1.458176137878935,1.4429238299006466,1.0,C,0.0016205968750000466
rubble,C,60,800,0.02,0.05,0.2,,25,0.3,0.2,2.0,20,0,0.8093575418994413,0.7744064245810056,0.875,300.0,1.6333333333333333,0.6333333333333333,44.417224557412105,0.07760416666666667,1.073148148148148,45,2.238123815090889,0.20289411332264215,1.6381238150908892,1.495888141677248,1.0,C,0.0014681670312506868
rubble,C,60,800,0.02,0.05,0.2,,26,0.3,0.2,2.0,20,0,0.7618715083798883,0.731913407821229,0.8610335195530726,280.0,1.05,0.7166666666666667,44.812650207890975,0.04716666666666667,1.0292452830188679,42,2.1525932550961,0.22021611089111262,1.5525932550961,1.4704271822445645,1.0,C,0.001388088957501168
rubble,C,60,800,0.02,0.05,0.2,,27,0.3,0.2,2.0,20,0,0.8086592178770949,0.795076815642458,0.8756983240223464,280.0,1.3166666666666667,0.6833333333333333,47.13121576681178,0.05658333333333333,1.0924528301886791,50,2.064273255876484,0.20942111096625515,1.4642732558764837,1.4214526663481313,1.0,C,0.0014763640099999975
rubble,C,60,800,0.02,0.05,0.2,,28,0.3,0.2,2.0,20,0,0.7527932960893855,0.7153282122905027,0.8505586592178771,280.0,1.7166666666666666,0.8666666666666667,45.738025845663664,0.071125,0.9935483870967743,47,2.068467982840068,0.2113322104505766,1.4684679828400675,1.4043840080983667,1.0,C,0.0014959229174996834
rubble,C,60,800,0.02,0.05,0.2,,29,0.3,0.2,2.0,20,0,0.7988826815642458,0.7672835195530726,0.8868715083798883,300.0,1.3333333333333333,0.6666666666666666,46.18645840334066,0.06516666666666666,1.0260089686098655,48,2.1018509258120823,0.22649471321310286,1.5018509258120822,1.5144169837702395,1.0,C,0.001583288906249436
rubble,C,60,800,0.04,0.05,0.2,,0,0.3,0.2,2.0,20,0,0.835195530726257,0.7877094972067038,0.8910614525139665,260.0,1.55,1.3,60.13620442162049,0.051604166666666666,1.1146318732525629,54,2.005565698675639,0.24813515274837922,1.4055656986756393,1.3700258613888316,1.0,C,0.001483664843749466
rubble,C,60,800,0.04,0.05,0.2,,1,0.3,0.2,2.0,20,0,0.7828212290502793,0.7472067039106146,0.8708100558659218,300.0,1.7,0.9166666666666666,56.67053287863994,0.05475,1.031278748850046,47,2.126930267793353,0.20849993834735275,1.5269302677933532,1.3924034282772437,1.0,C,0.001417476666249513
rubble,C,60,800,0.04,0.05,0.2,,3,0.3,0.2,2.0,20,0,0.7863128491620112,0.7680865921787708,0.8701117318435754,280.0,1.8166666666666667,0.9333333333333333,57.72009808077099,0.05447916666666667,1.019927536231884,47,2.0599766403620947,0.16177536434645348,1.4599766403620948,1.4418152844781784,1.0,C,0.0013497511462492184
rubble,C,60,800,0.04,0.05,0.2,,2,0.3,0.2,2.0,20,0,0.8261173184357542,0.8071578212290502,0.8938547486033519,240.0,1.9333333333333333,0.95,60.09479221071722,0.062,1.144100580270793,54,2.0225356971521298,0.24373395963862765,1.4225356971521304,1.389849139765274,1.0,C,0.0014693647912486084
rubble,C,60,800,0.04,0.05,0.2,,5,0.3,0.2,2.0,20,0,0.7625698324022346,0.7488477653631286,0.8449720670391061,300.0,2.2333333333333334,1.0333333333333334,55.214920563378705,0.07458333333333333,1.009242144177449,45,2.0805904762454053,0.20324696515049617,1.4805904762454054,1.397535913105485,1.0,C,0.0014386104687491752
rubble,C,60,800,0.04,0.05,0.2,,4,0.3,0.2,2.0,20,0,0.7856145251396648,0.7492318435754189,0.8652234636871509,240.0,1.8666666666666667,1.05,56.228755323884144,0.078125,1.097560975609756,49,2.035743041491487,0.23264330040897815,1.435743041491487,1.3378990183930068,1.0,C,0.0014578485937499863
rubble,C,60,800,0.04,0.05,0.2,,6,0.3,0.2,2.0,20,0,0.8226256983240223,0.7877094972067039,0.8980446927374302,280.0,2.183333333333333,0.9,56.69461173713568,0.07235416666666666,1.0787545787545787,47,2.1373452711870473,0.2090919008452231,1.5373452711870472,1.4564327724408357,1.0,C,0.001430137239999567
rubble,C,60,800,0.04,0.05,0.2,,7,0.3,0.2,2.0,20,0,0.7779329608938548,0.7554120111731846,0.8659217877094972,260.0,2.216666666666667,1.1833333333333333,55.65127984802541,0.0853125,1.059942911512845,49,2.1201781796763406,0.20828923494380644,1.5201781796763405,1.3926001894993254,1.0,C,0.0014876749475001816
rubble,C,60,800,0.04,0.05,0.2,,8,0.3,0.2,2.0,20,0,0.7821229050279329,0.7583100558659218,0.8631284916201117,280.0,1.8833333333333333,1.05,56.80423336461855,0.05627083333333333,1.09375,49,2.031868679462744,0.21533047659504298,1.4318686794627442,1.402241211796,1.0,C,0.0014073374475015044
rubble,C,60,800,0.04,0.05,0.2,,9,0.3,0.2,2.0,20,0,0.7946927374301676,0.7567039106145252,0.8917597765363129,280.0,1.5833333333333333,1.2,58.02373354288842,0.050104166666666665,1.018800358102059,48,2.112014073072896,0.21402491372675567,1.5120140730728966,1.4331447590585322,1.0,C,0.0013740552599983858
rubble,C,60,800,0.04,0.05,0.2,,10,0.3,0.2,2.0,20,0,0.770949720670391,0.741340782122905,0.8491620111731844,340.0,1.7166666666666666,0.8166666666666667,55.330400314246475,0.056979166666666664,1.0222222222222221,45,2.1481741506449517,0.2252799401350375,1.548174150644951,1.4496749178364703,1.0,C,0.0013994164062501114
rubble,C,60,800,0.04,0.05,0.2,,12,0.3,0.2,2.0,20,0,0.7395251396648045,0.7093575418994413,0.8666201117318436,280.0,1.4833333333333334,0.8666666666666667,53.650103859311166,0.04847916666666666,0.9644808743169399,42,2.184494171373851,0.27857755456475375,1.5844941713738512,1.4877431322256778,1.0,C,0.0013621870837505412
rubble,C,60,800,0.04,0.05,0.2,,11,0.3,0.2,2.0,20,0,0.8058659217877095,0.7741620111731844,0.8798882681564246,300.0,2.0833333333333335,1.1166666666666667,58.11769661321614,0.06383333333333334,1.0724907063197027,51,2.029955988962833,0.20977821162378651,1.429955988962833,1.3848889812106053,1.0,C,0.0014682259374990281
rubble,C,60,800,0.04,0.05,0.2,,13,0.3,0.2,2.0,20,0,0.8086592178770949,0.7902932960893854,0.8777932960893855,340.0,2.533333333333333,1.0166666666666666,56.98917908258813,0.08595833333333333,1.0441839495040577,48,2.126901088291792,0.21521902837646678,1.526901088291792,1.4314557988213639,1.0,C,0.0014837485412499518
rubble,C,60,800,0.04,0.05,0.2,,14,0.3,0.2,2.0,20,0,0.8051675977653632,0.780377094972067,0.8715083798882681,320.0,2.183333333333333,0.6,57.98386387214694,0.07533333333333334,1.052007299270073,51,2.058923632605333,0.20045759710386235,1.4589236326053325,1.4786068399136667,1.0,C,0.0014802122912487903
rubble,C,60,800,0.04,0.05,0.2,,15,0.3,0.2,2.0,20,0,0.8009776536312849,0.7702164804469274,0.8784916201117319,260.0,2.216666666666667,1.0,57.217460024055164,0.0696875,1.0719626168224299,48,2.1633550651111872,0.22744961163959662,1.5633550651111878,1.4166041205978037,1.0,C,0.0014368720312495497
rubble,C,60,800,0.04,0.05,0.2,,16,0.3,0.2,2.0,20,0,0.8086592178770949,0.7702513966480445,0.8715083798882681,320.0,2.2,0.9833333333333333,54.91687676813677,0.07358333333333333,1.093484419263456,46,2.163821748501691,0.23873718348052714,1.5638217485016903,1.479727270435731,1.0,C,0.001429910052499963
rubble,C,60,800,0.04,0.05,0.2,,17,0.3,0.2,2.0,20,0,0.7877094972067039,0.7286312849162011,0.8512569832402235,300.0,1.8,1.0166666666666666,58.10236225019934,0.06460416666666667,1.057169634489222,52,2.0041428963024353,0.22397945739763,1.4041428963024352,1.3409723485176708,1.0,C,0.001468984062501022
rubble,C,60,800,0.04,0.05,0.2,,18,0.3,0.2,2.0,20,0,0.8268156424581006,0.8143505586592177,0.9008379888268156,320.0,2.1666666666666665,1.1833333333333333,58.74165990583742,0.08045833333333334,1.0932594644506002,52,2.037804727908294,0.2084869310598247,1.4378047279082944,1.3169644678994317,1.0,C,0.0014452179687486932
rubble,C,60,800,0.04,0.05,0.2,,19,0.3,0.2,2.0,20,0,0.7995810055865922,0.7654329608938547,0.8715083798882681,300.0,1.6,0.9,57.35988782459592,0.06060416666666667,1.0371376811594204,49,2.0915283498787387,0.1734888683856876,1.491528349878739,1.488971154563341,1.0,C,0.0014223827087516839
rubble,C,60,800,0.04,0.05,0.2,,21,0.3,0.2,2.0,20,0,0.75768156424581,0.7288407821229052,0.8303072625698324,280.0,2.216666666666667,0.9333333333333333,56.62051060501269,0.07275,1.0284360189573458,47,2.1105700814206716,0.20199832924202013,1.510570081420671,1.4951180637225394,1.0,C,0.0014081703650003874
rubble,C,60,800,0.04,0.05,0.2,,20,0.3,0.2,2.0,20,0,0.8303072625698324,0.770391061452514,0.8875698324022346,300.0,2.6666666666666665,0.9333333333333333,57.61442436982927,0.08797916666666666,1.0878316559926808,52,2.1338530145285826,0.23897511952421466,1.5338530145285818,1.5133788244526605,1.0,C,0.0015350278124992656
rubble,C,60,800,0.04,0.05,0.2,,22,0.3,0.2,2.0,20,0,0.840782122905028,0.8036312849162013,0.8917597765363129,280.0,1.55,1.0,59.26405015515537,0.05502083333333333,1.1127541589648797,51,2.0736372594433194,0.20129923623378562,1.4736372594433196,1.4478900493355025,1.0,C,0.0014108924474999186
rubble,C,60,800,0.04,0.05,0.2,,23,0.3,0.2,2.0,20,0,0.755586592178771,0.735090782122905,0.8512569832402235,280.0,2.1166666666666667,0.9833333333333333,56.236787055601745,0.0695,1.0131086142322099,48,2.064306723142462,0.2198831186954971,1.464306723142462,1.3318885251440467,1.0,C,0.0014076891675017579
rubble,C,60,800,0.04,0.05,0.2,,24,0.3,0.2,2.0,20,0,0.7995810055865922,0.7740921787709498,0.901536312849162,280.0,2.85,0.8666666666666667,54.978405087194716,0.08135416666666667,1.09360076408787,45,2.1757648364524544,0.22866696591212587,1.575764836452454,1.557745677403414,1.0,C,0.001431818802500402
rubble,C,60,800,0.04,0.05,0.2,,25,0.3,0.2,2.0,20,0,0.7486033519553073,0.7353351955307262,0.8603351955307262,260.0,2.2,1.0666666666666667,56.746600444718524,0.06464583333333333,0.9825847846012832,48,1.961047189621146,0.2732542111845041,1.3610471896211458,1.4123739071003558,1.0,C,0.0014184816137480993
rubble,C,60,800,0.04,0.05,0.2,,26,0.3,0.2,2.0,20,0,0.8191340782122905,0.7856145251396648,0.9001396648044693,260.0,1.4833333333333334,1.0166666666666666,58.2128796638194,0.05460416666666667,1.1182078169685414,51,2.0576640801219312,0.2113168716749101,1.4576640801219312,1.4290754194852222,1.0,C,0.0014351555199982613
rubble,C,60,800,0.04,0.05,0.2,,27,0.3,0.2,2.0,20,0,0.7925977653631285,0.7509427374301676,0.8631284916201117,280.0,1.5333333333333334,0.9666666666666667,55.759441940883825,0.052625,1.1030126336248784,47,2.0710875513468956,0.26458330956822596,1.4710875513468955,1.4286006015348702,1.0,C,0.0013876092712484932
rubble,C,60,800,0.04,0.05,0.2,,28,0.3,0.2,2.0,20,0,0.8086592178770949,0.78697625698324,0.8938547486033519,320.0,2.2666666666666666,1.05,57.74370368676265,0.08672916666666666,1.0441839495040577,51,2.0205516322121797,0.2420171310748555,1.4205516322121796,1.4229137766544628,1.0,C,0.0015098565624998628
rubble,C,60,800,0.04,0.05,0.2,,29,0.3,0.2,2.0,20,0,0.75,0.7281424581005587,0.8596368715083799,320.0,2.216666666666667,1.2666666666666666,55.13337613794785,0.06939583333333334,0.9799270072992701,45,2.109485544474676,0.23092992331780132,1.509485544474675,1.419720031887711,1.0,C,0.0014310387499995158
rubble,C,60,800,0.07,0.05,0.2,,0,0.3,0.2,2.0,20,0,0.7590782122905028,0.7358589385474859,0.8372905027932961,280.0,3.1333333333333333,1.3,72.48649065373924,0.06164583333333333,1.051257253384913,46,2.0846489483560116,0.22720456493678665,1.4846489483560115,1.380827569541541,1.0,C,0.0014381835937501818
rubble,C,60,800,0.07,0.05,0.2,,1,0.3,0.2,2.0,20,0,0.8177374301675978,0.7471019553072626,0.8777932960893855,280.0,2.683333333333333,1.85,75.63463816490778,0.0616875,1.1961184882533198,50,2.0896056575257727,0.2437456715919647,1.4896056575257728,1.2588548138459148,1.0,C,0.0014175113012493057
rubble,C,60,800,0.07,0.05,0.2,,2,0.3,0.2,2.0,20,0,0.8310055865921788,0.784322625698324,0.8910614525139665,300.0,3.033333333333333,1.5,77.60560132081403,0.057125,1.103896103896104,52,2.0640548650733823,0.17668042876401704,1.4640548650733822,1.3738674251071366,1.0,C,0.0014437054687505223
rubble,C,60,800,0.07,0.05,0.2,,3,0.3,0.2,2.0,20,0,0.8128491620111732,0.7769203910614524,0.888268156424581,280.0,2.966666666666667,1.5,76.90148010754388,0.061,1.0970782280867106,51,2.0298614144507794,0.20751141068396264,1.4298614144507793,1.3559664682301302,1.0,C,0.0014765066137488248
rubble,C,60,800,0.07,0.05,0.2,,4,0.3,0.2,2.0,20,0,0.7967877094972067,0.7504888268156424,0.86731843575419,300.0,4.15,1.5666666666666667,73.94800089529618,0.0820625,1.081516587677725,49,2.0900132967954357,0.2043318956949712,1.4900132967954356,1.419886601648169,1.0,C,0.001500080573748619
rubble,C,60,800,0.07,0.05,0.2,,5,0.3,0.2,2.0,20,0,0.8233240223463687,0.7568784916201118,0.8903631284916201,260.0,3.716666666666667,1.5666666666666667,76.15343193500433,0.0811875,1.1143667296786388,50,2.1788655698886155,0.23902393570484853,1.5788655698886154,1.5044453250007817,1.0,C,0.0015008966662503553
rubble,C,60,800,0.07,0.05,0.2,,6,0.3,0.2,2.0,20,0,0.7960893854748603,0.7522695530726257,0.8896648044692738,340.0,3.95,1.25,72.3056389876021,0.08616666666666667,1.0115350488021295,44,2.1704140197341606,0.22045546735315386,1.570414019734161,1.5049956433113305,1.0,C,0.0014192835937501514
rubble,C,60,800,0.07,0.05,0.2,,7,0.3,0.2,2.0,20,0,0.7807262569832403,0.7599162011173184,0.8645251396648045,300.0,3.75,1.4,72.5413641233591,0.08208333333333333,1.0537229029217718,46,2.1733240449748816,0.24130002270042444,1.5733240449748813,1.536117368390915,1.0,C,0.0014588157812499957
rubble,C,60,800,0.07,0.05,0.2,,8,0.3,0.2,2.0,20,0,0.8009776536312849,0.7667248603351956,0.869413407821229,340.0,3.05,1.5833333333333333,76.53193469768148,0.0654375,1.0689655172413792,52,1.95469957527682,0.2576006815004393,1.3546995752768205,1.2771863028623476,1.0,C,0.0014559869275012716
rubble,C,60,800,0.07,0.05,0.2,,9,0.3,0.2,2.0,20,0,0.7625698324022346,0.6957402234636872,0.8526536312849162,320.0,3.8833333333333333,1.4,74.2149236585155,0.073125,1.0469798657718121,48,2.117541469936414,0.24183242222256993,1.517541469936414,1.3479587861755684,1.0,C,0.0014619367712498388
rubble,C,60,800,0.07,0.05,0.2,,11,0.3,0.2,2.0,20,0,0.75768156424581,0.7024441340782124,0.869413407821229,340.0,3.6,1.5166666666666666,72.47567057003184,0.06997916666666666,1.0187793427230045,45,2.0977734437131295,0.2289159842408178,1.4977734437131296,1.3777304657501341,1.0,C,0.0014084278125005767
rubble,C,60,800,0.07,0.05,0.2,,10,0.3,0.2,2.0,20,0,0.7751396648044693,0.7123254189944135,0.8610335195530726,280.0,2.9833333333333334,1.9333333333333333,75.97423842526814,0.06222916666666667,1.1044776119402986,52,1.9805155148319549,0.2669811985834779,1.3805155148319552,1.295122709264265,1.0,C,0.0014585535937499117
rubble,C,60,800,0.07,0.05,0.2,,12,0.3,0.2,2.0,20,0,0.7946927374301676,0.7472067039106145,0.8743016759776536,260.0,2.716666666666667,1.4166666666666667,73.79850191159137,0.049166666666666664,1.0440366972477064,44,2.2079885391855996,0.19148030408940733,1.6079885391855997,1.5291103915375457,1.0,C,0.0013431997912493898
rubble,C,60,800,0.07,0.05,0.2,,13,0.3,0.2,2.0,20,0,0.7988826815642458,0.7550977653631286,0.8784916201117319,260.0,4.083333333333333,1.5833333333333333,73.63869587338696,0.09252083333333333,1.0957854406130267,47,2.131712809030593,0.20807014885665703,1.5317128090305931,1.399859672058894,1.0,C,0.0014617377600006877
rubble,C,60,800,0.07,0.05,0.2,,14,0.3,0.2,2.0,20,0,0.8289106145251397,0.7965083798882683,0.9022346368715084,320.0,3.8333333333333335,1.45,76.46317977115004,0.0773125,1.099074074074074,52,2.025772706488156,0.23685712078081764,1.4257727064881558,1.3093162317901104,1.0,C,0.0014764973962496696
rubble,C,60,800,0.07,0.05,0.2,,15,0.3,0.2,2.0,20,0,0.803072625698324,0.7733938547486032,0.8931564245810056,260.0,3.816666666666667,1.6833333333333333,77.93375592229424,0.07104166666666667,1.0727611940298507,52,1.9247257460780172,0.24710365365823075,1.324725746078017,1.2476581703197906,1.0,C,0.0013999965624998368
rubble,C,60,800,0.07,0.05,0.2,,16,0.3,0.2,2.0,20,0,0.75,0.7200768156424582,0.8463687150837989,280.0,3.2333333333333334,1.5,72.5615891324381,0.06977083333333334,0.9972144846796657,45,2.0471502741707717,0.22970968157302724,1.447150274170772,1.3416007783024653,1.0,C,0.00143451687499919
rubble,C,60,800,0.07,0.05,0.2,,17,0.3,0.2,2.0,20,0,0.8065642458100558,0.7668296089385475,0.8854748603351955,260.0,2.4166666666666665,1.5666666666666667,75.78745262127673,0.054875,1.0906515580736542,48,2.1101780509871255,0.2290739350417781,1.5101780509871254,1.37572048765321,1.0,C,0.001415022863750437
rubble,C,60,800,0.07,0.05,0.2,,18,0.3,0.2,2.0,20,0,0.7472067039106145,0.7060055865921786,0.8212290502793296,280.0,4.766666666666667,1.4833333333333334,72.39732752036146,0.09627083333333333,1.0531496062992125,47,2.0551076239613493,0.19187308302527825,1.4551076239613487,1.4092675713213625,1.0,C,0.0015366920312499133
rubble,C,60,800,0.07,0.05,0.2,,19,0.3,0.2,2.0,20,0,0.8149441340782123,0.7784217877094972,0.8798882681564246,300.0,2.816666666666667,1.6833333333333333,77.06519372463188,0.05708333333333333,1.124277456647399,52,2.032077401889216,0.22845865820953679,1.4320774018892155,1.4170208332579848,1.0,C,0.0014729990625005484
rubble,C,60,800,0.07,0.05,0.2,,20,0.3,0.2,2.0,20,0,0.8065642458100558,0.7737081005586592,0.9141061452513967,340.0,4.083333333333333,1.75,71.25109247655912,0.0946875,0.9982713915298185,43,2.2427940271248015,0.2175197795017021,1.6427940271248014,1.5282055863709365,1.0,C,0.0014641020312501495
rubble,C,60,800,0.07,0.05,0.2,,21,0.3,0.2,2.0,20,0,0.7269553072625698,0.6861033519553073,0.8065642458100558,300.0,3.933333333333333,1.3666666666666667,70.28682514580042,0.09020833333333333,1.0720906282183316,45,2.036954673729484,0.25517947607461844,1.4369546737294838,1.4156344694752083,1.0,C,0.001521096198750911
rubble,C,60,800,0.07,0.05,0.2,,22,0.3,0.2,2.0,20,0,0.7604748603351955,0.7276187150837988,0.8379888268156425,260.0,2.5,1.6833333333333333,75.28543632507859,0.05410416666666667,1.0293005671077504,49,2.0060268917441832,0.24301735254995727,1.406026891744183,1.264352921834507,1.0,C,0.0014532824474986228
rubble,C,60,800,0.07,0.05,0.2,,23,0.3,0.2,2.0,20,0,0.8254189944134078,0.764036312849162,0.8931564245810056,320.0,4.15,1.2666666666666666,76.05571794836781,0.08264583333333334,1.0964749536178107,51,1.9990367994953397,0.21990289928298873,1.3990367994953399,1.3404537148521412,1.0,C,0.0015096147912504422
rubble,C,60,800,0.07,0.05,0.2,,24,0.3,0.2,2.0,20,0,0.8456703910614525,0.8018505586592178,0.9001396648044693,300.0,3.566666666666667,1.3333333333333333,75.85342574915458,0.0871875,1.1212962962962962,49,2.170293261899533,0.19482366784804583,1.5702932618995327,1.4721294689127489,1.0,C,0.00149291583250033
rubble,C,60,800,0.07,0.05,0.2,,26,0.3,0.2,2.0,20,0,0.7891061452513967,0.7369413407821229,0.8659217877094972,280.0,2.9833333333333334,1.6,73.80677940005467,0.060708333333333336,1.1133004926108374,49,2.0676039973886065,0.23650479929036206,1.4676039973886066,1.4234710565095576,1.0,C,0.001473087396250321
rubble,C,60,800,0.07,0.05,0.2,,25,0.3,0.2,2.0,20,0,0.8037709497206704,0.7631983240223462,0.8868715083798883,300.0,5.1,1.7333333333333334,72.38885352642384,0.09666666666666666,1.088930936613056,47,2.132258042692696,0.21520920399794455,1.532258042692695,1.4628404022754746,1.0,C,0.0015583493224994526
rubble,C,60,800,0.07,0.05,0.2,,28,0.3,0.2,2.0,20,0,0.7297486033519553,0.7091131284916202,0.8372905027932961,320.0,4.8,1.6166666666666667,69.83778565398568,0.10391666666666667,0.9739049394221808,42,2.1171157921690864,0.2724218942691494,1.517115792169086,1.387745332045906,1.0,C,0.0014469973962513904
rubble,C,60,800,0.07,0.05,0.2,,27,0.3,0.2,2.0,20,0,0.7870111731843575,0.7554120111731842,0.8756983240223464,300.0,2.45,1.6833333333333333,76.24182595417348,0.051104166666666666,1.0199095022624434,50,2.004673485880576,0.19747844584516414,1.4046734858805763,1.3440875544431785,1.0,C,0.001458288490000541
rubble,C,60,800,0.07,0.05,0.2,,29,0.3,0.2,2.0,20,0,0.8233240223463687,0.7599162011173185,0.8931564245810056,320.0,3.9166666666666665,1.4833333333333334,75.06113628820108,0.07425,1.1028999064546305,50,2.1040924090141235,0.240174550781029,1.5040924090141234,1.4596891037426052,1.0,C,0.0014976556250007888
rubble,C,60,800,0.1,0.05,0.2,,0,0.3,0.2,2.0,20,0,0.7388268156424581,0.7104050279329609,0.8463687150837989,300.0,4.433333333333334,2.0833333333333335,90.77464142524848,0.056979166666666664,0.9805375347544022,43,2.0544727741100544,0.2902559914087443,1.4544727741100538,1.3288884916685761,1.0,C,0.001411879323750327
rubble,C,60,800,0.1,0.05,0.2,,1,0.3,0.2,2.0,20,0,0.7674581005586593,0.7256284916201118,0.8645251396648045,280.0,4.3,2.2,95.31436721056508,0.06558333333333333,1.0785083415112857,50,1.973520195904515,0.233685172464811,1.3735201959045147,1.4236576252351203,1.0,C,0.0015861202599990066
rubble,C,60,800,0.1,0.05,0.2,,3,0.3,0.2,2.0,20,0,0.7534916201117319,0.7387918994413407,0.861731843575419,280.0,4.516666666666667,2.1666666666666665,94.35213539310271,0.06527083333333333,1.0295801526717558,48,2.0174138834827757,0.21084673784608302,1.4174138834827759,1.3802247671340657,1.0,C,0.0014398467187493225
rubble,C,60,800,0.1,0.05,0.2,,2,0.3,0.2,2.0,20,0,0.7856145251396648,0.7215782122905028,0.8763966480446927,340.0,4.533333333333333,2.25,94.56041482308449,0.06695833333333333,1.0880077369439072,51,1.9663014634814089,0.21214013349470903,1.3663014634814092,1.2695619732500636,1.0,C,0.001482588854998994
rubble,C,60,800,0.1,0.05,0.2,,4,0.3,0.2,2.0,20,0,0.7018156424581006,0.6444832402234637,0.7870111731843575,240.0,5.766666666666667,2.1666666666666665,90.21970507790842,0.08195833333333333,1.047966631908238,46,1.9308000494008313,0.32555083658102646,1.330800049400831,1.282052080043501,1.0,C,0.0014745414062485905
rubble,C,60,800,0.1,0.05,0.2,,5,0.3,0.2,2.0,20,0,0.7506983240223464,0.7224511173184357,0.8589385474860335,260.0,5.25,2.066666666666667,93.48545952547099,0.0919375,1.0717846460618146,49,1.955090859422002,0.24642127681192447,1.3550908594220017,1.3559938127617528,1.0,C,0.0014854302087496762
rubble,C,60,800,0.1,0.05,0.2,,7,0.3,0.2,2.0,20,0,0.7451117318435754,0.7038756983240224,0.8624301675977654,300.0,5.016666666666667,2.033333333333333,90.35474902635808,0.08316666666666667,1.0259615384615384,45,2.1208892195187734,0.2137445329481606,1.5208892195187729,1.384134206814874,1.0,C,0.001442361667500336
rubble,C,60,800,0.1,0.05,0.2,,8,0.3,0.2,2.0,20,0,0.763268156424581,0.7286312849162011,0.8526536312849162,280.0,3.9166666666666665,2.216666666666667,92.06771162593873,0.060395833333333336,1.0653021442495125,45,2.1275359967097183,0.18822489659697472,1.5275359967097188,1.4053117071569896,1.0,C,0.0013825573949998214
rubble,C,60,800,0.1,0.05,0.2,,6,0.3,0.2,2.0,20,0,0.7786312849162011,0.692108938547486,0.8561452513966481,300.0,5.383333333333334,2.4166666666666665,90.71575501045419,0.08458333333333333,1.183651804670913,47,2.095817947896868,0.20614591021909576,1.4958179478968683,1.4459252160383391,1.0,C,0.0014753088025008766
rubble,C,60,800,0.1,0.05,0.2,,9,0.3,0.2,2.0,20,0,0.8254189944134078,0.7596019553072625,0.914804469273743,340.0,4.816666666666666,2.216666666666667,94.60841522741289,0.06885416666666666,1.1026119402985075,50,2.0973519321722858,0.2642297649528715,1.4973519321722855,1.3101572952614284,1.0,C,0.0014545570824998323
rubble,C,60,800,0.1,0.05,0.2,,12,0.3,0.2,2.0,20,0,0.7674581005586593,0.715677374301676,0.8554469273743017,240.0,4.083333333333333,1.9166666666666667,92.57742997761815,0.0533125,1.0753424657534247,45,2.12015268254142,0.20861247015921341,1.5201526825414198,1.427417635458876,1.0,C,0.001432169115000761
rubble,C,60,800,0.1,0.05,0.2,,10,0.3,0.2,2.0,20,0,0.7304469273743017,0.6909217877094973,0.8519553072625698,340.0,5.0,2.2,91.0782271934248,0.0636875,1.0106280193236716,46,2.0581732981334393,0.2868645436717755,1.4581732981334397,1.460744812433533,1.0,C,0.001510347707501296
rubble,C,60,800,0.1,0.05,0.2,,11,0.3,0.2,2.0,20,0,0.6801675977653632,0.65481843575419,0.7786312849162011,360.0,5.266666666666667,2.0166666666666666,89.00850689283612,0.07591666666666666,0.9577187807276304,45,2.14733770289292,0.3918889963715921,1.5473377028929203,1.2873041126856988,1.0,C,0.0015207251037509194
rubble,C,60,800,0.1,0.05,0.2,,13,0.3,0.2,2.0,20,0,0.710195530726257,0.6617667597765363,0.8072625698324022,280.0,6.483333333333333,2.283333333333333,87.45467959954513,0.10008333333333333,1.043076923076923,43,2.0167197013110263,0.19055887874964578,1.4167197013110262,1.3069142491250338,1.0,C,0.0015891564587491303
rubble,C,60,800,0.1,0.05,0.2,,14,0.3,0.2,2.0,20,0,0.8198324022346368,0.7503142458100558,0.88268156424581,280.0,5.216666666666667,1.8,91.47762055957834,0.08854166666666667,1.1716566866267464,46,2.163486173396797,0.24052653572631036,1.5634861733967973,1.444010929311367,1.0,C,0.0016191178650001347
rubble,C,60,800,0.1,0.05,0.2,,16,0.3,0.2,2.0,20,0,0.7409217877094972,0.7089734636871509,0.875,280.0,5.566666666666666,2.066666666666667,88.53361558299495,0.08522916666666666,1.0047348484848486,42,2.0641974871114797,0.20208154292945163,1.4641974871114798,1.3496816823513436,1.0,C,0.0015675695312506832
rubble,C,60,800,0.1,0.05,0.2,,17,0.3,0.2,2.0,20,0,0.8023743016759777,0.7449371508379888,0.8743016759776536,340.0,5.016666666666667,2.466666666666667,95.14852521698353,0.06491666666666666,1.1048076923076924,49,2.06428554885001,0.23343848919345797,1.4642855488500097,1.3743152300763808,1.0,C,0.0015813163024995447
rubble,C,60,800,0.1,0.05,0.2,,15,0.3,0.2,2.0,20,0,0.7688547486033519,0.7414804469273744,0.8652234636871509,280.0,5.933333333333334,1.9666666666666666,90.95867510054359,0.08097916666666667,1.0868706811451134,46,2.0998426639034915,0.2853484795146318,1.4998426639034916,1.4805808609594266,1.0,C,0.0016410344262499166
rubble,C,60,800,0.1,0.05,0.2,,18,0.3,0.2,2.0,20,0,0.8282122905027933,0.7902932960893855,0.9141061452513967,280.0,5.366666666666666,1.7166666666666666,92.14911116942781,0.0853125,1.108411214953271,45,2.155166954695943,0.21727546896170175,1.555166954695943,1.3596837315934316,1.0,C,0.0015541570837513063
rubble,C,60,800,0.1,0.05,0.2,,19,0.3,0.2,2.0,20,0,0.7674581005586593,0.7167597765363128,0.8770949720670391,280.0,5.666666666666667,2.283333333333333,94.02290431403519,0.07458333333333333,1.0946215139442232,49,2.034170953162609,0.2877207405160094,1.4341709531626092,1.3378870047961655,1.0,C,0.0015442478125009985
rubble,C,60,800,0.1,0.05,0.2,,21,0.3,0.2,2.0,20,0,0.7856145251396648,0.7347416201117317,0.8582402234636871,280.0,5.916666666666667,1.6,92.37408377599247,0.092,1.145621181262729,47,2.145332212880564,0.1618172054587183,1.5453322128805644,1.4722990778123286,1.0,C,0.0015254073437517945
rubble,C,60,800,0.1,0.05,0.2,,20,0.3,0.2,2.0,20,0,0.8261173184357542,0.779713687150838,0.9001396648044693,280.0,6.1,2.1333333333333333,95.10947313930268,0.08989583333333333,1.1666666666666667,51,2.131419441450778,0.2061837702823427,1.5314194414507782,1.4442471376650325,1.0,C,0.0015780125512515042
rubble,C,60,800,0.1,0.05,0.2,,22,0.3,0.2,2.0,20,0,0.8184357541899442,0.7768854748603352,0.8910614525139665,240.0,4.0,2.2333333333333334,96.35967572050995,0.058458333333333334,1.1490196078431374,50,2.072286181728694,0.24647417566253474,1.4722861817286934,1.4660884857885659,1.0,C,0.0014023071874999004
rubble,C,60,800,0.1,0.05,0.2,,25,0.3,0.2,2.0,20,0,0.8191340782122905,0.7895251396648042,0.8931564245810056,280.0,4.616666666666666,2.0,95.81688017633077,0.06833333333333333,1.1289701636188643,50,2.0642279931125422,0.25477942695132993,1.4642279931125417,1.4992647484248531,1.0,C,0.0014286293750001278
rubble,C,60,800,0.1,0.05,0.2,,27,0.3,0.2,2.0,20,0,0.7625698324022346,0.7254189944134078,0.8603351955307262,280.0,4.05,2.0833333333333335,92.25974528095642,0.057125,1.0409914204003814,47,1.9875758324690767,0.2502457148039606,1.3875758324690766,1.307623201321059,1.0,C,0.0013961669787499887
rubble,C,60,800,0.1,0.05,0.2,,26,0.3,0.2,2.0,20,0,0.7800279329608939,0.729923184357542,0.8701117318435754,240.0,3.45,1.9333333333333333,93.8701511903972,0.051875,1.1539256198347108,48,2.036490832773509,0.24866750370173868,1.436490832773509,1.3236267175837004,1.0,C,0.0014289395837499797
rubble,C,60,800,0.1,0.05,0.2,,23,0.3,0.2,2.0,20,0,0.8205307262569832,0.7627444134078212,0.8994413407821229,340.0,5.933333333333334,2.1666666666666665,93.3899778225808,0.08927083333333333,1.165674603174603,49,2.0940409474711985,0.28104188337320096,1.4940409474711982,1.4082510100479286,1.0,C,0.0015304623962515507
rubble,C,60,800,0.1,0.05,0.2,,24,0.3,0.2,2.0,20,0,0.8184357541899442,0.7603351955307263,0.8931564245810056,280.0,6.05,2.183333333333333,95.34603534809588,0.099375,1.1204588910133844,53,2.067674982855507,0.22489750645938786,1.4676749828555076,1.3539396364018508,1.0,C,0.001526512603750234
apartment,PF,60,800,0.0,0.05,0.2,,0,0.3,0.2,2.0,20,0,0.837890625,0.8371744791666668,0.9147135416666666,180.0,1.2166666666666666,0.1,16.037280779256673,0.019520833333333334,0.99,44,2.3544981674630168,0.18673904930723287,1.7544981674630167,1.6501778574771357,1.0,PF,0.0010426852075011083
rubble,C,60,800,0.1,0.05,0.2,,28,0.3,0.2,2.0,20,0,0.7856145251396648,0.7571578212290503,0.8756983240223464,260.0,5.266666666666667,2.3333333333333335,96.30751187858989,0.09204166666666666,1.1261261261261262,52,1.9118097229391857,0.23701400575042736,1.3118097229391856,1.1719888550175737,1.0,C,0.0015360210937501507
rubble,C,60,800,0.1,0.05,0.2,,29,0.3,0.2,2.0,20,0,0.8233240223463687,0.7586941340782122,0.8819832402234636,260.0,5.833333333333333,2.15,97.30854277105844,0.07977083333333333,1.209230769230769,53,2.116057151174591,0.25711263530746625,1.5160571511745915,1.4970340068455434,1.0,C,0.0015249806249994435
apartment,PF,60,800,0.0,0.05,0.2,,1,0.3,0.2,2.0,20,0,0.8313802083333334,0.8118489583333333,0.8528645833333334,120.0,1.15,0.16666666666666666,17.154296632494383,0.020833333333333332,0.9922299922299923,51,2.1107218128500476,0.1216029151527401,1.5107218128500475,1.5409915425913963,1.0,PF,0.00114427348999925
apartment,PF,60,800,0.0,0.05,0.2,,3,0.3,0.2,2.0,20,0,0.8307291666666666,0.8236979166666668,0.857421875,160.0,1.2833333333333334,0.13333333333333333,16.60288590072422,0.019770833333333335,1.0063091482649842,47,2.293360103947257,0.1431386466197488,1.6933601039472566,1.630888204131331,1.0,PF,0.0010815889587502169
apartment,PF,60,800,0.0,0.05,0.2,,4,0.3,0.2,2.0,20,0,0.8561197916666666,0.8395833333333333,0.8828125,140.0,1.0,0.08333333333333333,16.688860681575207,0.01885416666666667,1.0362490149724193,48,2.2610883156115196,0.16183073184791572,1.6610883156115193,1.5653584523334771,1.0,PF,0.0010786116137501266
apartment,PF,60,800,0.0,0.05,0.2,,5,0.3,0.2,2.0,20,0,0.8828125,0.869140625,0.9361979166666666,200.0,0.8833333333333333,0.03333333333333333,16.918119800714333,0.019520833333333334,1.0218538055764883,48,2.3104532810815726,0.18243660094823372,1.7104532810815725,1.6098438675922684,1.0,PF,0.001058808906250306
apartment,PF,60,800,0.0,0.05,0.2,,2,0.3,0.2,2.0,20,0,0.83203125,0.83095703125,0.8541666666666666,140.0,0.9,0.03333333333333333,16.920656803779785,0.016666666666666666,1.0240384615384615,51,2.1212594420744217,0.1391621817299,1.5212594420744217,1.5117228571794055,1.0,PF,0.0011345243237497016
apartment,PF,60,800,0.0,0.05,0.2,,6,0.3,0.2,2.0,20,0,0.8313802083333334,0.8292643229166666,0.845703125,160.0,0.7166666666666667,0.1,16.98640962183676,0.017166666666666667,1.0248796147672552,50,2.2202370565171963,0.08144967385192264,1.6202370565171962,1.579184777901151,1.0,PF,0.0010919760937508727
apartment,PF,60,800,0.0,0.05,0.2,,7,0.3,0.2,2.0,20,0,0.8287760416666666,0.7973307291666667,0.845703125,120.0,0.95,0.11666666666666667,16.84532227455583,0.021770833333333333,1.06438127090301,51,2.1374276560309498,0.1004367504828643,1.5374276560309499,1.5297064466909869,1.0,PF,0.001115705312499813
apartment,PF,60,800,0.0,0.05,0.2,,8,0.3,0.2,2.0,20,0,0.8326822916666666,0.8273111979166666,0.8483072916666666,140.0,0.8166666666666667,0.06666666666666667,16.579113136320142,0.0190625,1.0166931637519874,45,2.2804072622044123,0.092624624138713,1.680407262204412,1.576891218581959,1.0,PF,0.0010917604162500537
apartment,PF,60,800,0.0,0.05,0.2,,9,0.3,0.2,2.0,20,0,0.8307291666666666,0.8251302083333334,0.85546875,160.0,0.9,0.11666666666666667,16.003969716073847,0.035708333333333335,1.0159235668789808,46,2.3082042999158996,0.10556005171243449,1.7082042999158993,1.7241447226644042,1.0,PF,0.0010992381250002836
apartment,PF,60,800,0.0,0.05,0.2,,10,0.3,0.2,2.0,20,0,0.8196614583333334,0.81904296875,0.8548177083333334,180.0,1.1166666666666667,0.1,16.806815772115655,0.024375,0.9737045630317093,47,2.1972038126383655,0.1311633176366681,1.5972038126383659,1.577505772188725,1.0,PF,0.0011077315099987572
apartment,PF,60,800,0.0,0.05,0.2,,11,0.3,0.2,2.0,20,0,0.8287760416666666,0.8211263020833334,0.8802083333333334,160.0,1.2166666666666666,0.16666666666666666,16.32988687643406,0.016875,0.9792307692307692,44,2.390886370253222,0.17882646270547936,1.7908863702532225,1.7313155963782267,1.0,PF,0.0010713444787506887
apartment,PF,60,800,0.0,0.05,0.2,,13,0.3,0.2,2.0,20,0,0.8235677083333334,0.8081705729166666,0.859375,180.0,1.3,0.05,16.431888037655114,0.0215,0.9641768292682927,44,2.3353717664791636,0.08968264686539344,1.7353717664791626,1.6807170872157802,1.0,PF,0.0010970036462481403
apartment,PF,60,800,0.0,0.05,0.2,,14,0.3,0.2,2.0,20,0,0.8170572916666666,0.8029296875,0.861328125,160.0,0.7666666666666667,0.13333333333333333,17.196384732145777,0.018458333333333334,0.9913112164296998,45,2.3110376797493215,0.2023697925636812,1.711037679749322,1.6041152271331516,1.0,PF,0.0010761493237509967
apartment,PF,60,800,0.0,0.05,0.2,,15,0.3,0.2,2.0,20,0,0.8235677083333334,0.8238932291666666,0.8671875,140.0,1.0,0.06666666666666667,16.151581948755386,0.024333333333333332,0.9867394695787832,43,2.4328891307880007,0.18227823517200203,1.8328891307880009,1.7859815514164064,1.0,PF,0.001061458697499802
apartment,PF,60,800,0.0,0.05,0.2,,12,0.3,0.2,2.0,20,0,0.8313802083333334,0.8104166666666666,0.8430989583333334,160.0,0.95,0.06666666666666667,16.23600542241698,0.018875,1.0273531777956557,47,2.23923377045239,0.09548180578506989,1.6392337704523903,1.5889749202148589,1.0,PF,0.001118513698750121
apartment,PF,60,800,0.0,0.05,0.2,,16,0.3,0.2,2.0,20,0,0.8053385416666666,0.79462890625,0.8274739583333334,160.0,1.0666666666666667,0.13333333333333333,16.897774890588874,0.0189375,1.000809061488673,48,2.1455606157902185,0.17047891619445255,1.5455606157902186,1.5352352127975761,1.0,PF,0.001126056509999671
apartment,PF,60,800,0.0,0.05,0.2,,18,0.3,0.2,2.0,20,0,0.83203125,0.8119466145833332,0.84375,160.0,0.7166666666666667,0.13333333333333333,16.423957817862423,0.014708333333333334,1.017515923566879,47,2.2315325952400795,0.09368775566356115,1.6315325952400799,1.6357351490927234,1.0,PF,0.0011014567712504687
apartment,PF,60,800,0.0,0.05,0.2,,17,0.3,0.2,2.0,20,0,0.8606770833333334,0.8562174479166667,0.8880208333333334,180.0,0.9833333333333333,0.15,17.108526311684773,0.0225,1.0053231939163498,51,2.1790580167606795,0.1391126538229682,1.5790580167606798,1.5592511388441697,1.0,PF,0.0011335678649993497
apartment,PF,60,800,0.0,0.05,0.2,,19,0.3,0.2,2.0,20,0,0.84765625,0.8199869791666666,0.8912760416666666,240.0,1.1333333333333333,0.13333333333333333,17.36555533596281,0.03054166666666667,1.0069605568445477,47,2.188937311996035,0.1697758418617489,1.5889373119960342,1.5492692510816783,1.0,PF,0.0011017645312495006
apartment,PF,60,800,0.0,0.05,0.2,,20,0.3,0.2,2.0,20,0,0.8209635416666666,0.8174479166666666,0.8619791666666666,160.0,0.8833333333333333,0.08333333333333333,16.43857566874626,0.0155625,0.9722436391673092,48,2.1994403941911003,0.1656493038450965,1.5994403941911004,1.540380654187835,1.0,PF,0.0010642108850015574
apartment,PF,60,800,0.0,0.05,0.2,,23,0.3,0.2,2.0,20,0,0.82421875,0.8211588541666666,0.8470052083333334,180.0,1.0333333333333334,0.11666666666666667,16.54103986919966,0.0185625,0.9937205651491365,49,2.187382138533902,0.10822220482716809,1.5873821385339024,1.5036450131531365,1.0,PF,0.0011222473437510416
apartment,PF,60,800,0.0,0.05,0.2,,22,0.3,0.2,2.0,20,0,0.8359375,0.8288736979166668,0.8567708333333334,160.0,0.85,0.05,17.624166691826506,0.020041666666666666,1.011820330969267,51,2.117808511162282,0.1180489075417036,1.517808511162282,1.5223927630273755,1.0,PF,0.0011316354687505737
apartment,PF,60,800,0.0,0.05,0.2,,24,0.3,0.2,2.0,20,0,0.8196614583333334,0.8141276041666667,0.8600260416666666,180.0,1.1833333333333333,0.13333333333333333,16.824702394785803,0.021270833333333333,0.9890023566378634,48,2.1987621801113697,0.20458971067853438,1.5987621801113694,1.5200279035259745,1.0,PF,0.0011200298437506718
apartment,PF,60,800,0.0,0.05,0.2,,21,0.3,0.2,2.0,20,0,0.83984375,0.82890625,0.8561197916666666,160.0,1.0666666666666667,0.08333333333333333,17.459780164786423,0.019770833333333335,1.0369774919614148,51,2.131788219348411,0.1335493029527725,1.5317882193484105,1.5118474363331522,1.0,PF,0.0011748626037501708
apartment,PF,60,800,0.0,0.05,0.2,,25,0.3,0.2,2.0,20,0,0.849609375,0.8471354166666668,0.88671875,200.0,0.9833333333333333,0.1,16.767224362404733,0.0220625,1.0030745580322828,47,2.27377562747827,0.10474674111318039,1.6737756274782696,1.60877688086352,1.0,PF,0.0010887704687502263
apartment,PF,60,800,0.0,0.05,0.2,,27,0.3,0.2,2.0,20,0,0.7994791666666666,0.7978841145833333,0.83203125,140.0,0.8,0.05,16.58045186245107,0.015979166666666666,0.9831865492393915,48,2.136904224768059,0.1706511603454644,1.5369042247680593,1.551167703142446,1.0,PF,0.0010702963025005375
apartment,PF,60,800,0.0,0.05,0.2,,26,0.3,0.2,2.0,20,0,0.8606770833333334,0.8395182291666666,0.8782552083333334,140.0,0.9833333333333333,0.11666666666666667,17.13987776916196,0.016770833333333332,1.0393081761006289,52,2.164110173093987,0.16396999959406958,1.564110173093987,1.4992387895947665,1.0,PF,0.001100449739999476
apartment,PF,60,800,0.0,0.05,0.2,,28,0.3,0.2,2.0,20,0,0.8307291666666666,0.8193359375,0.86328125,200.0,1.3,0.08333333333333333,17.063969600404988,0.020104166666666666,0.9960967993754879,48,2.2196541922863986,0.12934988794348154,1.6196541922863983,1.576336305543283,1.0,PF,0.0010789329162503236
apartment,PF,60,800,0.0,0.05,0.2,,29,0.3,0.2,2.0,20,0,0.82421875,0.818359375,0.8372395833333334,160.0,1.05,0.13333333333333333,16.53184565898625,0.01885416666666667,1.0144230769230769,51,2.1497709760264327,0.1484893383992647,1.5497709760264327,1.4968309842670489,1.0,PF,0.0010969144275009058
apartment,PF,60,800,0.02,0.05,0.2,,1,0.3,0.2,2.0,20,0,0.873046875,0.85859375,0.9381510416666666,140.0,1.1,0.15,29.316998774686162,0.019125,1.009789156626506,44,2.4709308584869927,0.1841686207771493,1.8709308584869928,1.841600279313044,1.0,PF,0.0010032823949995872
apartment,PF,60,800,0.02,0.05,0.2,,0,0.3,0.2,2.0,20,0,0.8391927083333334,0.82099609375,0.861328125,160.0,1.0166666666666666,0.06666666666666667,29.694067079341906,0.015291666666666667,0.9945987654320988,46,2.257105779102523,0.11493913546609072,1.6571057791025239,1.5531413352468584,1.0,PF,0.0010483962500006782
apartment,PF,60,800,0.02,0.05,0.2,,2,0.3,0.2,2.0,20,0,0.8671875,0.84638671875,0.9225260416666666,180.0,1.1333333333333333,0.15,30.755817775683642,0.0213125,1.0214723926380367,48,2.289564317534508,0.1804756183767377,1.6895643175345079,1.5749011042536574,1.0,PF,0.0011063465625011303
apartment,PF,60,800,0.02,0.05,0.2,,3,0.3,0.2,2.0,20,0,0.841796875,0.8421549479166668,0.869140625,140.0,1.0833333333333333,0.08333333333333333,30.58812721269009,0.017416666666666667,1.0062256809338521,49,2.199944465119913,0.10000242237664504,1.5999444651199126,1.5203196663579943,1.0,PF,0.0010807163025015143
apartment,PF,60,800,0.02,0.05,0.2,,4,0.3,0.2,2.0,20,0,0.8248697916666666,0.8064453125,0.8626302083333334,140.0,1.1833333333333333,0.1,31.33932961025344,0.02033333333333333,1.0284090909090908,53,2.1082418385791475,0.1587244655347161,1.5082418385791478,1.494493252006544,1.0,PF,0.0012320889062493734
apartment,PF,60,800,0.02,0.05,0.2,,6,0.3,0.2,2.0,20,0,0.830078125,0.8234375,0.853515625,160.0,1.0666666666666667,0.05,29.44888213329073,0.018416666666666668,1.0290556900726393,45,2.307984344448111,0.10900858679555084,1.7079843444481102,1.6734878209999002,1.0,PF,0.001086552603751443
apartment,PF,60,800,0.02,0.05,0.2,,5,0.3,0.2,2.0,20,0,0.8736979166666666,0.8694010416666668,0.9225260416666666,160.0,1.1833333333333333,0.1,30.902791320505766,0.015916666666666666,1.022086824067022,51,2.2234228009932955,0.18952336599450068,1.6234228009932956,1.5340415871704902,1.0,PF,0.001128951823748139
apartment,PF,60,800,0.02,0.05,0.2,,7,0.3,0.2,2.0,20,0,0.8873697916666666,0.8615559895833333,0.939453125,140.0,1.1333333333333333,0.1,30.54095706728681,0.019354166666666665,1.0404580152671754,49,2.330676411937946,0.1998824780288042,1.7306764119379459,1.6174758899135933,1.0,PF,0.0010949068237505345
apartment,PF,60,800,0.02,0.05,0.2,,9,0.3,0.2,2.0,20,0,0.826171875,0.8228841145833334,0.8782552083333334,180.0,1.0666666666666667,0.08333333333333333,29.660938797933643,0.020770833333333332,0.9541353383458647,45,2.310560418493685,0.09508227170865871,1.7105604184936851,1.6964085137506904,1.0,PF,0.0010704468750009255
apartment,PF,60,800,0.02,0.05,0.2,,8,0.3,0.2,2.0,20,0,0.8470052083333334,0.8436197916666666,0.8782552083333334,160.0,1.0833333333333333,0.18333333333333332,30.67668193754563,0.023416666666666665,0.9901065449010655,50,2.1958991591984374,0.11751032196370731,1.5958991591984368,1.5640062791828115,1.0,PF,0.0011225234375001492
apartment,PF,60,800,0.02,0.05,0.2,,10,0.3,0.2,2.0,20,0,0.84765625,0.8267578125,0.912109375,160.0,1.0833333333333333,0.08333333333333333,30.167197901380657,0.016958333333333332,1.0227808326787118,48,2.233324621036902,0.19808136540829058,1.633324621036902,1.5597250772758802,1.0,PF,0.0011088052087507095
apartment,PF,60,800,0.02,0.05,0.2,,12,0.3,0.2,2.0,20,0,0.8404947916666666,0.82392578125,0.9173177083333334,180.0,1.1166666666666667,0.18333333333333332,29.158266267516485,0.015416666666666667,0.9847444698703279,44,2.4209319329789394,0.19686186132865288,1.8209319329789395,1.758628512437868,1.0,PF,0.0010765925000009702
apartment,PF,60,800,0.02,0.05,0.2,,11,0.3,0.2,2.0,20,0,0.8678385416666666,0.8522460937500002,0.9348958333333334,200.0,1.0166666666666666,0.11666666666666667,30.797412973777213,0.020479166666666666,1.0230237912509594,49,2.270041817262344,0.19103545468925814,1.6700418172623441,1.68321012462357,1.0,PF,0.0011522887499995705
apartment,PF,60,800,0.02,0.05,0.2,,13,0.3,0.2,2.0,20,0,0.8873697916666666,0.88203125,0.939453125,180.0,1.05,0.13333333333333333,30.999375478464515,0.017416666666666667,1.0088823094004442,51,2.262294539726944,0.1890273900700602,1.662294539726944,1.6098383247074755,1.0,PF,0.001133444375000181
apartment,PF,60,800,0.02,0.05,0.2,,15,0.3,0.2,2.0,20,0,0.8990885416666666,0.8888671875,0.9537760416666666,160.0,1.0333333333333334,0.1,30.6145895550551,0.018375,1.023721275018532,49,2.273662205736061,0.10589719758659107,1.673662205736061,1.6640118956316394,1.0,PF,0.001089709792499889
apartment,PF,60,800,0.02,0.05,0.2,,14,0.3,0.2,2.0,20,0,0.8561197916666666,0.84619140625,0.8697916666666666,160.0,1.1666666666666667,0.21666666666666667,30.85072042527845,0.019291666666666665,1.024941543257989,49,2.1964653207334437,0.11484523631738709,1.5964653207334438,1.5244458039642224,1.0,PF,0.0011421747925010094
apartment,PF,60,800,0.02,0.05,0.2,,16,0.3,0.2,2.0,20,0,0.83984375,0.8279622395833333,0.8665364583333334,160.0,1.15,0.13333333333333333,31.058808126494885,0.018916666666666665,1.005455962587685,50,2.1497119535563503,0.10782067311273891,1.5497119535563502,1.551098774981432,1.0,PF,0.0011216731775016342
apartment,PF,60,800,0.02,0.05,0.2,,17,0.3,0.2,2.0,20,0,0.8509114583333334,0.8238932291666666,0.8912760416666666,160.0,1.0,0.1,31.045516868536755,0.021145833333333332,1.0195007800312013,51,2.181794435440268,0.19419650755292583,1.5817944354402673,1.4368057736854478,1.0,PF,0.0011587180199990144
apartment,PF,60,800,0.02,0.05,0.2,,18,0.3,0.2,2.0,20,0,0.8658854166666666,0.8440104166666667,0.9192708333333334,140.0,0.9166666666666666,0.13333333333333333,30.635367263365165,0.012291666666666666,1.0522151898734178,50,2.1919026326835724,0.19304455195250758,1.5919026326835728,1.481747321430144,1.0,PF,0.0011269902599997295
apartment,PF,60,800,0.02,0.05,0.2,,19,0.3,0.2,2.0,20,0,0.8489583333333334,0.8202473958333334,0.880859375,140.0,1.2333333333333334,0.16666666666666666,30.217282554516867,0.018666666666666668,1.0124223602484472,47,2.304848240155296,0.15693576282310445,1.7048482401552958,1.6909529704468458,1.0,PF,0.0010996651037521587
apartment,PF,60,800,0.02,0.05,0.2,,20,0.3,0.2,2.0,20,0,0.81640625,0.81376953125,0.8697916666666666,180.0,1.0833333333333333,0.15,29.385853640533377,0.019645833333333335,0.9623944742900998,45,2.2371922464430196,0.11057335586969443,1.63719224644302,1.58798154857624,1.0,PF,0.0010875707812510883
apartment,PF,60,800,0.02,0.05,0.2,,21,0.3,0.2,2.0,20,0,0.83984375,0.83662109375,0.9231770833333334,160.0,1.1333333333333333,0.11666666666666667,29.129604429048918,0.017895833333333333,0.9662921348314607,44,2.380251006459264,0.21471113217807117,1.7802510064592645,1.705644091775349,1.0,PF,0.0010574167187496642
apartment,PF,60,800,0.02,0.05,0.2,,22,0.3,0.2,2.0,20,0,0.8678385416666666,0.8628580729166668,0.9231770833333334,220.0,0.8166666666666667,0.11666666666666667,30.258082170840474,0.017,0.9992503748125936,47,2.367527455703205,0.1685839919573635,1.767527455703205,1.7035685618579377,1.0,PF,0.0011805115112497333
apartment,PF,60,800,0.02,0.05,0.2,,23,0.3,0.2,2.0,20,0,0.85546875,0.85107421875,0.9225260416666666,140.0,1.15,0.03333333333333333,30.075251074943065,0.017520833333333333,1.0107692307692309,47,2.2519421858746496,0.19702267202954205,1.6519421858746497,1.6128494679399408,1.0,PF,0.0010831759374991634
apartment,PF,60,800,0.02,0.05,0.2,,24,0.3,0.2,2.0,20,0,0.8326822916666666,0.8285481770833332,0.8567708333333334,140.0,1.1666666666666667,0.15,30.098714582743234,0.0188125,0.9899380804953559,48,2.1848886065054463,0.09297404606377746,1.5848886065054462,1.568072361716672,1.0,PF,0.0010952882287506326
apartment,PF,60,800,0.02,0.05,0.2,,25,0.3,0.2,2.0,20,0,0.8359375,0.8243815104166666,0.8665364583333334,140.0,0.95,0.11666666666666667,30.620632407328916,0.018395833333333333,1.009433962264151,49,2.2037149778667975,0.09336775279700493,1.6037149778667978,1.5852691449399043,1.0,PF,0.001084725728749163
apartment,PF,60,800,0.02,0.05,0.2,,26,0.3,0.2,2.0,20,0,0.84765625,0.8374348958333332,0.927734375,160.0,1.0166666666666666,0.16666666666666666,29.806025102113825,0.0178125,0.9908675799086758,46,2.324656560721821,0.17348948962483318,1.7246565607218205,1.6400597200295848,1.0,PF,0.0010632004687499829
apartment,PF,60,800,0.02,0.05,0.2,,28,0.3,0.2,2.0,20,0,0.8619791666666666,0.8562174479166668,0.9283854166666666,220.0,1.0666666666666667,0.15,30.990517478153865,0.017833333333333333,1.0184615384615385,50,2.1557294826304862,0.2087466350947521,1.5557294826304864,1.4964571742653257,1.0,PF,0.0010884567712514581
apartment,PF,60,800,0.02,0.05,0.2,,27,0.3,0.2,2.0,20,0,0.80078125,0.7970377604166667,0.8326822916666666,140.0,1.1666666666666667,0.11666666666666667,30.468793312081623,0.017729166666666667,0.9879518072289156,47,2.1689573433347826,0.16926513962230247,1.568957343334783,1.5239036825149306,1.0,PF,0.0011216042712499075
apartment,PF,60,800,0.02,0.05,0.2,,29,0.3,0.2,2.0,20,0,0.8678385416666666,0.84619140625,0.9290364583333334,160.0,1.2666666666666666,0.13333333333333333,31.032673150339008,0.0176875,1.0191131498470947,49,2.2534698622097755,0.21399234240299303,1.6534698622097752,1.5581375865852367,1.0,PF,0.0010901492712491745
apartment,PF,60,800,0.04,0.05,0.2,,0,0.3,0.2,2.0,20,0,0.8365885416666666,0.8220377604166667,0.8723958333333334,180.0,1.0166666666666666,0.13333333333333333,46.30367992940464,0.017666666666666667,0.9945820433436532,48,2.2090463567258487,0.11169400740130897,1.609046356725849,1.5936811393133579,1.0,PF,0.00110645927125006
apartment,PF,60,800,0.04,0.05,0.2,,1,0.3,0.2,2.0,20,0,0.8938802083333334,0.88515625,0.9407552083333334,160.0,1.1166666666666667,0.16666666666666666,47.882325663155136,0.017416666666666667,1.0417298937784523,51,2.265711900976942,0.17561609037168063,1.6657119009769414,1.5857921060957496,1.0,PF,0.001121853281249514
apartment,PF,60,800,0.04,0.05,0.2,,2,0.3,0.2,2.0,20,0,0.8880208333333334,0.8734700520833334,0.9381510416666666,140.0,1.2666666666666666,0.15,48.36693926151766,0.016916666666666667,1.0333333333333334,52,2.2239638654526384,0.15817396357762953,1.6239638654526385,1.6392702826868781,1.0,PF,0.0011100166662504308
apartment,PF,60,800,0.04,0.05,0.2,,3,0.3,0.2,2.0,20,0,0.8548177083333334,0.8341796875,0.8684895833333334,140.0,1.2666666666666666,0.23333333333333334,47.065623166808194,0.015145833333333334,1.0241809672386897,50,2.24255839684552,0.11652645333722764,1.6425583968455202,1.605500833762182,1.0,PF,0.0011584459375012556
apartment,PF,60,800,0.04,0.05,0.2,,4,0.3,0.2,2.0,20,0,0.818359375,0.8103515625,0.873046875,160.0,1.1,0.25,45.98615120320231,0.017291666666666667,0.9646968534151957,46,2.217248139259034,0.1050454130001419,1.6172481392590345,1.614013288270114,1.0,PF,0.0010923599474995172
apartment,PF,60,800,0.04,0.05,0.2,,5,0.3,0.2,2.0,20,0,0.8626302083333334,0.8616536458333333,0.93359375,160.0,1.4,0.11666666666666667,45.75584091326391,0.016958333333333332,1.0,46,2.3011530344139426,0.17326012709255334,1.701153034413943,1.6552801354946733,1.0,PF,0.0010831413537493973
apartment,PF,60,800,0.04,0.05,0.2,,7,0.3,0.2,2.0,20,0,0.8821614583333334,0.8726236979166666,0.939453125,160.0,1.0166666666666666,0.1,46.9866991959462,0.016729166666666666,1.0134629768137622,49,2.2859983108292603,0.1935998395732916,1.6859983108292604,1.6251251991272455,1.0,PF,0.0010971646349980802
apartment,PF,60,800,0.04,0.05,0.2,,6,0.3,0.2,2.0,20,0,0.8509114583333334,0.8435221354166667,0.8665364583333334,140.0,1.2333333333333334,0.2,47.83281491278776,0.01775,1.020296643247463,51,2.188419238869688,0.1227435573824189,1.5884192388696878,1.5808101965170502,1.0,PF,0.0011286632287487918
apartment,PF,60,800,0.04,0.05,0.2,,8,0.3,0.2,2.0,20,0,0.8444010416666666,0.8301432291666668,0.8658854166666666,160.0,1.1166666666666667,0.13333333333333333,45.55251935340506,0.016729166666666666,1.0069875776397517,45,2.2462318077813808,0.10151160830164262,1.646231807781381,1.623413521542291,1.0,PF,0.0011094075512505697
apartment,PF,60,800,0.04,0.05,0.2,,9,0.3,0.2,2.0,20,0,0.869140625,0.86181640625,0.935546875,140.0,1.1333333333333333,0.13333333333333333,47.15960963754092,0.016583333333333332,1.0152091254752853,50,2.2673648359569203,0.1918631704813716,1.6673648359569209,1.5994032946244903,1.0,PF,0.0011152588025015574
apartment,PF,60,800,0.04,0.05,0.2,,10,0.3,0.2,2.0,20,0,0.86328125,0.8411458333333333,0.9016927083333334,160.0,0.9833333333333333,0.13333333333333333,47.24984563363159,0.017541666666666667,1.0145371078806427,50,2.234629429352027,0.17175510829516097,1.6346294293520267,1.5713273507788963,1.0,PF,0.0011205267712489332
apartment,PF,60,800,0.04,0.05,0.2,,11,0.3,0.2,2.0,20,0,0.8795572916666666,0.8575520833333334,0.9368489583333334,140.0,1.0833333333333333,0.16666666666666666,47.63748199116204,0.0164375,1.0513618677042802,51,2.2485554333405378,0.18590878776582478,1.6485554333405377,1.6204344000989215,1.0,PF,0.001143711771251219
apartment,PF,60,800,0.04,0.05,0.2,,12,0.3,0.2,2.0,20,0,0.83984375,0.8386393229166668,0.8697916666666666,220.0,1.1,0.13333333333333333,48.27261116206935,0.018041666666666668,0.9907834101382489,52,2.076159655414845,0.13646038431246266,1.4761596554148453,1.4962784045333686,1.0,PF,0.0011860281249983019
apartment,PF,60,800,0.04,0.05,0.2,,14,0.3,0.2,2.0,20,0,0.8118489583333334,0.80810546875,0.8385416666666666,160.0,1.1666666666666667,0.16666666666666666,46.724106963717524,0.018979166666666665,0.9920445505171043,49,2.164250302275404,0.1685350118479121,1.5642503022754044,1.5100717930466097,1.0,PF,0.0011397903650004083
apartment,PF,60,800,0.04,0.05,0.2,,13,0.3,0.2,2.0,20,0,0.8561197916666666,0.8505208333333334,0.8841145833333334,160.0,1.2,0.2833333333333333,48.54737955592884,0.019520833333333334,0.9924528301886791,53,2.088043400565202,0.12726216519108735,1.488043400565202,1.3979133200709106,1.0,PF,0.0012002667187493898
apartment,PF,60,800,0.04,0.05,0.2,,16,0.3,0.2,2.0,20,0,0.8229166666666666,0.82705078125,0.869140625,160.0,1.1166666666666667,0.23333333333333334,44.401797938617,0.018416666666666668,0.9753086419753086,43,2.359922187680658,0.11941489654324619,1.7599221876806583,1.7895826050921673,1.0,PF,0.0010885569275001217
apartment,PF,60,800,0.04,0.05,0.2,,17,0.3,0.2,2.0,20,0,0.822265625,0.8007486979166668,0.927734375,180.0,1.0333333333333334,0.15,44.99881561413823,0.018645833333333334,0.9496240601503759,44,2.403410052264829,0.221562425485763,1.8034100522648289,1.638577545249215,1.0,PF,0.0010766031250000196
apartment,PF,60,800,0.04,0.05,0.2,,15,0.3,0.2,2.0,20,0,0.8561197916666666,0.8405598958333333,0.92578125,160.0,1.2,0.16666666666666666,47.025105893114166,0.018125,0.9894657637321294,49,2.2078699308055287,0.21490961881959703,1.6078699308055282,1.5331098504451903,1.0,PF,0.0011312483324991262
apartment,PF,60,800,0.04,0.05,0.2,,18,0.3,0.2,2.0,20,0,0.8268229166666666,0.8272786458333334,0.86328125,140.0,0.9833333333333333,0.1,45.201965054726834,0.012375,0.9806949806949806,45,2.2334157040673586,0.09154396092245132,1.6334157040673583,1.6272053979212657,1.0,PF,0.0010613656250006898
apartment,PF,60,800,0.04,0.05,0.2,,19,0.3,0.2,2.0,20,0,0.8756510416666666,0.8544921875000002,0.94140625,160.0,1.2166666666666666,0.13333333333333333,45.06124987657193,0.016979166666666667,1.0306513409961686,44,2.419578739734415,0.20873714558792408,1.8195787397344143,1.8671231125997325,1.0,PF,0.0010788663537505273
apartment,PF,60,800,0.04,0.05,0.2,,20,0.3,0.2,2.0,20,0,0.8658854166666666,0.8646158854166668,0.9296875,240.0,1.1666666666666667,0.1,47.34586628303655,0.016958333333333332,0.9917971662938105,50,2.215208720917943,0.2085502409123658,1.6152087209179424,1.5376962399438945,1.0,PF,0.001115427551249013
apartment,PF,60,800,0.04,0.05,0.2,,22,0.3,0.2,2.0,20,0,0.8138020833333334,0.8023111979166666,0.861328125,180.0,1.1333333333333333,0.05,43.37758847560609,0.016291666666666666,0.9682416731216112,40,2.3744160081082617,0.11247062024935504,1.7744160081082618,1.7801747162610204,1.0,PF,0.0010290476037494046
apartment,PF,60,800,0.04,0.05,0.2,,21,0.3,0.2,2.0,20,0,0.8951822916666666,0.8751302083333334,0.9375,140.0,1.05,0.16666666666666666,48.2834290062167,0.015395833333333333,1.048018292682927,52,2.2532509024137837,0.163967269216131,1.6532509024137834,1.58660720024989,1.0,PF,0.0011342653649990097
apartment,PF,60,800,0.04,0.05,0.2,,25,0.3,0.2,2.0,20,0,0.8548177083333334,0.8434244791666666,0.939453125,180.0,1.0166666666666666,0.1,45.444643991018644,0.016895833333333332,0.9820493642483171,45,2.3422919941474345,0.18154924408146617,1.7422919941474349,1.7091033196427166,1.0,PF,0.0010623793749982725
apartment,PF,60,800,0.04,0.05,0.2,,26,0.3,0.2,2.0,20,0,0.78515625,0.7809570312499999,0.8541666666666666,160.0,0.9,0.11666666666666667,43.44282481381514,0.016166666666666666,0.9436619718309859,40,2.310109840685885,0.11675992939610355,1.7101098406858852,1.7203261578408813,1.0,PF,0.0010375724475011339
apartment,PF,60,800,0.04,0.05,0.2,,23,0.3,0.2,2.0,20,0,0.8821614583333334,0.8595052083333332,0.9251302083333334,140.0,1.25,0.08333333333333333,48.61315234699623,0.014916666666666667,1.0463320463320462,53,2.172645545508559,0.19106331089758322,1.5726455455085586,1.46567052103241,1.0,PF,0.0011151083862500854
apartment,PF,60,800,0.04,0.05,0.2,,27,0.3,0.2,2.0,20,0,0.8033854166666666,0.79638671875,0.8372395833333334,140.0,1.3166666666666667,0.13333333333333333,44.73307372646385,0.015625,0.9911646586345381,44,2.244593988054107,0.15063170762126826,1.6445939880541074,1.5454991953106738,1.0,PF,0.0010556715625011748
apartment,PF,60,800,0.04,0.05,0.2,,24,0.3,0.2,2.0,20,0,0.8600260416666666,0.8580403645833334,0.927734375,160.0,1.2,0.15,46.97255957920576,0.017895833333333333,1.0352664576802508,49,2.257845281859651,0.20298326849224038,1.6578452818596503,1.5844847861250755,1.0,PF,0.0011136481774997264
apartment,PF,60,800,0.04,0.05,0.2,,28,0.3,0.2,2.0,20,0,0.8580729166666666,0.83994140625,0.9322916666666666,160.0,1.1,0.1,44.93499421430965,0.016104166666666666,0.9954682779456193,44,2.337928741572907,0.18315856080850298,1.7379287415729074,1.6960975024215865,1.0,PF,0.0010396728649993748
apartment,PF,60,800,0.04,0.05,0.2,,29,0.3,0.2,2.0,20,0,0.8326822916666666,0.8257161458333334,0.8580729166666666,120.0,1.0833333333333333,0.21666666666666667,47.46499207557455,0.016291666666666666,1.0223820943245403,50,2.1692918435972923,0.09609844105589127,1.5692918435972922,1.5249908535679784,1.0,PF,0.00109540749999951
apartment,PF,60,800,0.07,0.05,0.2,,0,0.3,0.2,2.0,20,0,0.8170572916666666,0.81669921875,0.869140625,160.0,1.65,0.23333333333333334,68.74755399754332,0.016520833333333332,0.9602142310635041,43,2.2913482580666558,0.10357828130298656,1.691348258066656,1.668635223394316,1.0,PF,0.0010134988024992709
apartment,PF,60,800,0.07,0.05,0.2,,1,0.3,0.2,2.0,20,0,0.814453125,0.8041015625,0.8541666666666666,160.0,1.2,0.1,67.02617153336412,0.018104166666666668,1.0024038461538463,41,2.2996050513550994,0.1131046047681417,1.6996050513550989,1.6929177532375452,1.0,PF,0.0010093771874994672
apartment,PF,60,800,0.07,0.05,0.2,,3,0.3,0.2,2.0,20,0,0.830078125,0.82333984375,0.8639322916666666,160.0,1.45,0.3333333333333333,70.63468859927902,0.016666666666666666,0.9837962962962963,46,2.1843011932553758,0.1404512612393241,1.584301193255376,1.4804982289453232,1.0,PF,0.0010590091674998804
apartment,PF,60,800,0.07,0.05,0.2,,4,0.3,0.2,2.0,20,0,0.8268229166666666,0.8255533854166668,0.8645833333333334,140.0,1.1,0.25,71.43804301846349,0.0174375,0.9860248447204969,47,2.1726920460341996,0.13410192379574176,1.5726920460342002,1.5561541160187238,1.0,PF,0.001084837343748859
apartment,PF,60,800,0.07,0.05,0.2,,5,0.3,0.2,2.0,20,0,0.8984375,0.8735677083333332,0.9440104166666666,160.0,1.4333333333333333,0.38333333333333336,73.82949855959188,0.018875,1.0438729198184569,51,2.1996123609773357,0.16083300912952922,1.5996123609773356,1.5294956954334435,1.0,PF,0.0011064426562506925
apartment,PF,60,800,0.07,0.05,0.2,,6,0.3,0.2,2.0,20,0,0.8971354166666666,0.8655924479166668,0.943359375,160.0,1.4666666666666666,0.2,74.5715754328768,0.015958333333333335,1.0583717357910907,52,2.203135579597423,0.17319891392838538,1.6031355795974231,1.5774921164838658,1.0,PF,0.0011040715624994846
apartment,PF,60,800,0.07,0.05,0.2,,2,0.3,0.2,2.0,20,0,0.892578125,0.86396484375,0.9329427083333334,160.0,1.4,0.25,74.97536341682925,0.0143125,1.0636152055857253,53,2.0872031848250554,0.20421950170221045,1.4872031848250555,1.4206227374424438,1.0,PF,0.0011543918749998738
apartment,PF,60,800,0.07,0.05,0.2,,7,0.3,0.2,2.0,20,0,0.8723958333333334,0.8522135416666666,0.8951822916666666,140.0,1.4333333333333333,0.3,73.7111920211269,0.018166666666666668,1.045241809672387,51,2.134078682980242,0.1411464524340424,1.534078682980242,1.5221245347287038,1.0,PF,0.0011436356762510513
apartment,PF,60,800,0.07,0.05,0.2,,8,0.3,0.2,2.0,20,0,0.8190104166666666,0.7877604166666667,0.93359375,180.0,1.3333333333333333,0.3,66.59482098319592,0.0199375,0.9388059701492536,40,2.286177322202956,0.12627996955342694,1.6861773222029561,1.6872864760341375,1.0,PF,0.0010550868749987785
apartment,PF,60,800,0.07,0.05,0.2,,9,0.3,0.2,2.0,20,0,0.8880208333333334,0.8690104166666666,0.9446614583333334,160.0,1.1333333333333333,0.2833333333333333,74.02062972424851,0.01825,1.038842345773039,51,2.222501342034848,0.19398799355628948,1.6225013420348482,1.5867302703776307,1.0,PF,0.0011306901562488747
apartment,PF,60,800,0.07,0.05,0.2,,10,0.3,0.2,2.0,20,0,0.8359375,0.8229166666666667,0.873046875,160.0,1.2,0.3333333333333333,72.42436071735365,0.017979166666666668,0.971990915972748,49,2.2123562315981617,0.09891950837896286,1.6123562315981617,1.6001303747886384,1.0,PF,0.0011189249474978168
apartment,PF,60,800,0.07,0.05,0.2,,11,0.3,0.2,2.0,20,0,0.9016927083333334,0.8745442708333332,0.9420572916666666,160.0,1.0,0.2,73.17845587032043,0.0156875,1.0596786534047438,50,2.200361432855279,0.181605279624299,1.6003614328552793,1.5498282707776303,1.0,PF,0.0011063293224992776
apartment,PF,60,800,0.07,0.05,0.2,,12,0.3,0.2,2.0,20,0,0.8743489583333334,0.86123046875,0.9348958333333334,160.0,1.2333333333333334,0.2833333333333333,72.5894296953776,0.015229166666666667,1.0244088482074754,49,2.248285708892521,0.21034607170284553,1.6482857088925207,1.576963751697853,1.0,PF,0.0011334241662507337
apartment,PF,60,800,0.07,0.05,0.2,,15,0.3,0.2,2.0,20,0,0.8411458333333334,0.8401041666666667,0.8684895833333334,160.0,1.4666666666666666,0.16666666666666666,69.99750784473403,0.0156875,1.003105590062112,45,2.2379856892901584,0.09279733278142951,1.6379856892901585,1.6626288719541518,1.0,PF,0.0011054809375013975
apartment,PF,60,800,0.07,0.05,0.2,,13,0.3,0.2,2.0,20,0,0.8600260416666666,0.8520182291666666,0.935546875,160.0,1.3666666666666667,0.25,72.46289797627495,0.017375,1.0091673032849504,48,2.2489877439033013,0.19197888607696567,1.648987743903301,1.555551327691994,1.0,PF,0.0011267602612520023
apartment,PF,60,800,0.07,0.05,0.2,,14,0.3,0.2,2.0,20,0,0.8776041666666666,0.8652669270833334,0.9440104166666666,180.0,1.4333333333333333,0.25,74.97034317008425,0.019708333333333335,1.0337423312883434,53,2.1817098152653758,0.23343367826531428,1.5817098152653764,1.476427355679978,1.0,PF,0.0011492894799994247
apartment,PF,60,800,0.07,0.05,0.2,,16,0.3,0.2,2.0,20,0,0.826171875,0.8213216145833332,0.8639322916666666,200.0,1.4833333333333334,0.2833333333333333,71.18280513351267,0.017854166666666667,0.9937353171495693,47,2.1790699490424963,0.1326905541442535,1.579069949042497,1.602246846534797,1.0,PF,0.0011383001037506802
apartment,PF,60,800,0.07,0.05,0.2,,17,0.3,0.2,2.0,20,0,0.8268229166666666,0.8217122395833334,0.8971354166666666,160.0,1.1833333333333333,0.21666666666666667,70.95209224164306,0.014270833333333333,0.959214501510574,46,2.2226239596431974,0.12000700810013137,1.6226239596431977,1.584586390753147,1.0,PF,0.0010963219275004121
apartment,PF,60,800,0.07,0.05,0.2,,19,0.3,0.2,2.0,20,0,0.8600260416666666,0.8438802083333334,0.9361979166666666,160.0,1.4333333333333333,0.25,67.5000174992237,0.017125,0.9984882842025699,42,2.4019441656348968,0.19469780946683407,1.8019441656348962,1.7607932209842805,1.0,PF,0.0010673581774995
apartment,PF,60,800,0.07,0.05,0.2,,18,0.3,0.2,2.0,20,0,0.87890625,0.85439453125,0.931640625,160.0,1.2833333333333334,0.3333333333333333,74.88875332227597,0.014291666666666666,1.040863531225906,52,2.156871413048457,0.19759076008975773,1.556871413048457,1.4793921117920976,1.0,PF,0.001141376406251311
apartment,PF,60,800,0.07,0.05,0.2,,20,0.3,0.2,2.0,20,0,0.84375,0.83408203125,0.8763020833333334,140.0,1.1333333333333333,0.13333333333333333,69.35454964017678,0.017791666666666667,0.9946277820414429,44,2.3007315201480485,0.11362828017284873,1.7007315201480486,1.7131763414304926,1.0,PF,0.001075804895001511
apartment,PF,60,800,0.07,0.05,0.2,,24,0.3,0.2,2.0,20,0,0.826171875,0.8141927083333333,0.8919270833333334,180.0,1.4333333333333333,0.31666666666666665,67.83307331473488,0.0170625,0.9555722891566265,42,2.409673023751588,0.19212101743533738,1.8096730237515877,1.7041887625140508,1.0,PF,0.0010774011974990572
apartment,PF,60,800,0.07,0.05,0.2,,23,0.3,0.2,2.0,20,0,0.89453125,0.8701497395833332,0.9459635416666666,140.0,1.6666666666666667,0.31666666666666665,73.66791480617238,0.0186875,1.0700934579439252,50,2.2575381862557022,0.18084222779342352,1.6575381862557022,1.5271728968119014,1.0,PF,0.0011223784375010836
apartment,PF,60,800,0.07,0.05,0.2,,22,0.3,0.2,2.0,20,0,0.837890625,0.8322916666666668,0.8697916666666666,140.0,1.2666666666666666,0.18333333333333332,71.48958389741142,0.0165,0.9930555555555556,47,2.236086631069284,0.11719629311571415,1.636086631069284,1.5320940547716675,1.0,PF,0.0011396602087506834
apartment,PF,60,800,0.07,0.05,0.2,,21,0.3,0.2,2.0,20,0,0.8821614583333334,0.8463541666666666,0.9329427083333334,140.0,1.4833333333333334,0.31666666666666665,75.1237161894933,0.0175,1.050387596899225,52,2.1256146563765905,0.20862436157078743,1.5256146563765907,1.4012264461764692,1.0,PF,0.0012229098949978834
apartment,PF,60,800,0.07,0.05,0.2,,25,0.3,0.2,2.0,20,0,0.8997395833333334,0.8869791666666667,0.9440104166666666,160.0,1.2,0.23333333333333334,71.60630169546396,0.019479166666666665,1.0573833205814842,48,2.2792233561610207,0.14390701378196033,1.6792233561610204,1.6561978801571,1.0,PF,0.0010844910937498752
apartment,PF,60,800,0.07,0.05,0.2,,26,0.3,0.2,2.0,20,0,0.80859375,0.8060546875,0.8704427083333334,160.0,1.1833333333333333,0.3,69.09293649524567,0.0169375,0.9531849577897161,44,2.2099474970565134,0.12368545422230141,1.6099474970565135,1.5496867875075742,1.0,PF,0.0010530277087491414
apartment,PF,60,800,0.07,0.05,0.2,,27,0.3,0.2,2.0,20,0,0.828125,0.8251302083333334,0.8665364583333334,160.0,1.3333333333333333,0.23333333333333334,68.52596854395246,0.017916666666666668,0.9852827265685515,43,2.2257369479615394,0.11400186056042537,1.62573694796154,1.5817360452395883,1.0,PF,0.0010356569262489756
apartment,PF,60,800,0.07,0.05,0.2,,28,0.3,0.2,2.0,20,0,0.8795572916666666,0.8755533854166666,0.94140625,160.0,1.45,0.25,71.87064211690299,0.018104166666666668,1.0281582952815829,48,2.265848188531058,0.1912523742273915,1.6658481885310579,1.5701649611800637,1.0,PF,0.0010691683337495305
apartment,PF,60,800,0.07,0.05,0.2,,29,0.3,0.2,2.0,20,0,0.8795572916666666,0.8634440104166667,0.939453125,140.0,1.3833333333333333,0.3333333333333333,75.15375450321602,0.017291666666666667,1.040030792917629,53,2.1374413314348613,0.21587420896709095,1.5374413314348616,1.5130364829052052,1.0,PF,0.001116823021250184
apartment,PF,60,800,0.1,0.05,0.2,,0,0.3,0.2,2.0,20,0,0.884765625,0.8570963541666666,0.9544270833333334,180.0,1.7833333333333334,0.48333333333333334,97.02229759942588,0.018208333333333333,1.0358231707317074,48,2.262465086413112,0.19525095788162303,1.662465086413112,1.5738317222147233,1.0,PF,0.0010998138025001935
apartment,PF,60,800,0.1,0.05,0.2,,2,0.3,0.2,2.0,20,0,0.8541666666666666,0.8439453125000002,0.884765625,160.0,1.5,0.48333333333333334,99.74680221535829,0.0170625,0.9909365558912386,50,2.110271353750371,0.17946696227185452,1.5102713537503707,1.4191341368387427,1.0,PF,0.0011121172912498878
apartment,PF,60,800,0.1,0.05,0.2,,1,0.3,0.2,2.0,20,0,0.8919270833333334,0.8562825520833333,0.9348958333333334,180.0,1.8666666666666667,0.5,101.70683426043146,0.020604166666666666,1.057098765432099,52,2.141759231642697,0.19732108255235745,1.5417592316426967,1.5255607671348534,1.0,PF,0.0011397948962508053
apartment,PF,60,800,0.1,0.05,0.2,,3,0.3,0.2,2.0,20,0,0.8502604166666666,0.8315755208333334,0.8763020833333334,180.0,1.7666666666666666,0.43333333333333335,97.43561415427007,0.018333333333333333,1.0195160031225605,48,2.0809834762551067,0.16676970533988641,1.4809834762551068,1.4537784203821706,1.0,PF,0.0011498935425015588
apartment,PF,60,800,0.1,0.05,0.2,,4,0.3,0.2,2.0,20,0,0.8912760416666666,0.8833984375000001,0.955078125,200.0,1.6166666666666667,0.5166666666666667,100.49284672285191,0.019166666666666665,1.0300978179082017,51,2.204949647789619,0.23003343940620016,1.6049496477896195,1.5740525334236564,1.0,PF,0.0011399845825008014
apartment,PF,60,800,0.1,0.05,0.2,,5,0.3,0.2,2.0,20,0,0.8834635416666666,0.8699869791666668,0.96484375,240.0,1.6166666666666667,0.25,97.75538983036968,0.02,1.0134428678118,48,2.1876473879465337,0.1258948713047791,1.5876473879465334,1.5936503176572598,1.0,PF,0.001099679948749781
apartment,PF,60,800,0.1,0.05,0.2,,6,0.3,0.2,2.0,20,0,0.849609375,0.8232096354166668,0.939453125,160.0,1.75,0.2833333333333333,92.83830927304176,0.01875,1.0,43,2.3524560289718828,0.2535583386950384,1.7524560289718827,1.669670189372105,1.0,PF,0.0010835723950003739
apartment,PF,60,800,0.1,0.05,0.2,,7,0.3,0.2,2.0,20,0,0.828125,0.8193033854166668,0.8717447916666666,160.0,1.6833333333333333,0.55,99.69550696982472,0.020520833333333332,0.9898832684824903,50,2.0250469828109887,0.13145648234800777,1.4250469828109888,1.3906612160079839,1.0,PF,0.0011042543749999823
apartment,PF,60,800,0.1,0.05,0.2,,8,0.3,0.2,2.0,20,0,0.8873697916666666,0.8722656250000002,0.9505208333333334,160.0,1.4333333333333333,0.43333333333333335,97.91834848486594,0.016416666666666666,1.0388719512195121,48,2.2589879352586117,0.20549004582005806,1.6589879352586117,1.511557634171748,1.0,PF,0.0010939220312502585
apartment,PF,60,800,0.1,0.05,0.2,,9,0.3,0.2,2.0,20,0,0.8977864583333334,0.8767903645833333,0.951171875,160.0,1.6,0.48333333333333334,98.8575156426227,0.018041666666666668,1.0624036979969183,50,2.2361774544604613,0.21130150689942478,1.6361774544604613,1.5406826981266093,1.0,PF,0.0011277508337502696
apartment,PF,60,800,0.1,0.05,0.2,,11,0.3,0.2,2.0,20,0,0.8782552083333334,0.860546875,0.9485677083333334,180.0,1.7,0.5,99.25126854726338,0.018770833333333334,1.0274181264280273,50,2.2236807949687436,0.19688252435983022,1.623680794968744,1.5426179649175829,1.0,PF,0.0011347138025007552
apartment,PF,60,800,0.1,0.05,0.2,,10,0.3,0.2,2.0,20,0,0.8450520833333334,0.8334309895833332,0.8912760416666666,180.0,1.6666666666666667,0.43333333333333335,98.30717275329343,0.01872916666666667,0.989329268292683,49,2.1409364089232272,0.14804765573336542,1.540936408923227,1.4537451187424826,1.0,PF,0.001153943593749318
apartment,PF,60,800,0.1,0.05,0.2,,12,0.3,0.2,2.0,20,0,0.83984375,0.8376627604166668,0.9459635416666666,180.0,1.6,0.36666666666666664,95.21061361952952,0.017666666666666667,0.9598214285714286,45,2.230685016803971,0.2239667059133432,1.630685016803971,1.5239601420779483,1.0,PF,0.0010981359375000466
apartment,PF,60,800,0.1,0.05,0.2,,13,0.3,0.2,2.0,20,0,0.8580729166666666,0.84814453125,0.8971354166666666,180.0,1.55,0.36666666666666664,99.49369219961,0.018041666666666668,0.982848620432513,50,2.1753036927623044,0.15431220848781613,1.575303692762304,1.619564858117505,1.0,PF,0.0011305431250002585
apartment,PF,60,800,0.1,0.05,0.2,,14,0.3,0.2,2.0,20,0,0.8190104166666666,0.8170572916666667,0.8645833333333334,180.0,1.75,0.4666666666666667,94.29552807121242,0.019375,0.9744384198295895,45,2.169347286353266,0.1322919307040409,1.5693472863532658,1.514196814388261,1.0,PF,0.0011011891662496963
apartment,PF,60,800,0.1,0.05,0.2,,15,0.3,0.2,2.0,20,0,0.9036458333333334,0.8875325520833333,0.966796875,200.0,1.9,0.38333333333333336,97.65227335382893,0.020166666666666666,1.0459683496608894,48,2.217487993361779,0.13458015816884022,1.6174879933617785,1.6412882652213576,1.0,PF,0.001140382551247967
apartment,PF,60,800,0.1,0.05,0.2,,16,0.3,0.2,2.0,20,0,0.85546875,0.8529947916666668,0.9479166666666666,200.0,2.033333333333333,0.45,102.75317737397903,0.020854166666666667,0.9962092494313873,53,2.117988953360803,0.2223008354893001,1.5179889533608022,1.4940313508565373,1.0,PF,0.0012080930199999784
apartment,PF,60,800,0.1,0.05,0.2,,17,0.3,0.2,2.0,20,0,0.8645833333333334,0.8500325520833332,0.8834635416666666,140.0,1.7166666666666666,0.38333333333333336,103.1120935736667,0.0208125,1.0278637770897834,54,2.010912738730519,0.1475149729745709,1.4109127387305185,1.375759292874958,1.0,PF,0.0011740804687497075
apartment,PF,60,800,0.1,0.05,0.2,,18,0.3,0.2,2.0,20,0,0.87890625,0.8498046875,0.955078125,200.0,1.2666666666666666,0.35,93.21993607197561,0.016583333333333332,1.0392609699769053,43,2.4045874808758705,0.2122261218412737,1.8045874808758704,1.7688892800832674,1.0,PF,0.001065514010001607
apartment,PF,60,800,0.1,0.05,0.2,,20,0.3,0.2,2.0,20,0,0.8307291666666666,0.8209635416666666,0.9479166666666666,180.0,1.8166666666666667,0.43333333333333335,89.87641178386707,0.020166666666666666,0.9550898203592815,40,2.4435186201768597,0.24354987254559615,1.8435186201768599,1.7697300308457218,1.0,PF,0.0010500683850000313
apartment,PF,60,800,0.1,0.05,0.2,,19,0.3,0.2,2.0,20,0,0.8307291666666666,0.81826171875,0.876953125,160.0,1.65,0.6,97.54516425707733,0.017729166666666667,0.9845679012345678,48,2.0971649624024304,0.1475820963407946,1.4971649624024306,1.443614928398798,1.0,PF,0.0011143534887492024
apartment,PF,60,800,0.1,0.05,0.2,,21,0.3,0.2,2.0,20,0,0.853515625,0.8591471354166668,0.9446614583333334,160.0,1.5166666666666666,0.4,101.98774859501418,0.0180625,1.0022935779816513,52,2.059410174639038,0.2031039046517268,1.4594101746390378,1.4208843449813786,1.0,PF,0.0011673862499992538
apartment,PF,60,800,0.1,0.05,0.2,,22,0.3,0.2,2.0,20,0,0.8580729166666666,0.8477864583333334,0.9524739583333334,200.0,1.6166666666666667,0.2833333333333333,90.36520055236245,0.016875,0.9880059970014992,40,2.4247000741206968,0.21174896686342248,1.8247000741206967,1.7347965571701192,1.0,PF,0.0010460316662511105
apartment,PF,60,800,0.1,0.05,0.2,,23,0.3,0.2,2.0,20,0,0.8977864583333334,0.8822916666666666,0.9576822916666666,180.0,1.65,0.45,105.00712234403099,0.017104166666666667,1.0944444444444446,56,1.9972364896628496,0.23595978817878274,1.3972364896628497,1.3412939313400423,1.0,PF,0.0012048186462516241
apartment,PF,60,800,0.1,0.05,0.2,,24,0.3,0.2,2.0,20,0,0.8177083333333334,0.8076171874999998,0.8723958333333334,180.0,2.1333333333333333,0.38333333333333336,95.87591666030436,0.022645833333333334,0.9751552795031057,47,2.1104953452568074,0.15419424844145,1.5104953452568073,1.49399692843151,1.0,PF,0.0011164476037492932
apartment,PF,60,800,0.1,0.05,0.2,,25,0.3,0.2,2.0,20,0,0.8567708333333334,0.8390625,0.9290364583333334,200.0,1.6833333333333333,0.31666666666666665,92.80629634219582,0.018645833333333334,1.0007604562737644,43,2.3284973367999506,0.18883938571297268,1.7284973367999505,1.6503008331246285,1.0,PF,0.0010735382812481476
apartment,PF,60,800,0.1,0.05,0.2,,26,0.3,0.2,2.0,20,0,0.8841145833333334,0.8506510416666666,0.9388020833333334,140.0,1.8,0.4166666666666667,100.60220668126034,0.019625,1.0609375,51,2.179809024705028,0.202456552909939,1.5798090247050276,1.4976582490594863,1.0,PF,0.00112912354125001
apartment,PF,60,800,0.1,0.05,0.2,,27,0.3,0.2,2.0,20,0,0.8782552083333334,0.8556966145833332,0.9381510416666666,160.0,1.7,0.4166666666666667,102.81702483136861,0.016625,1.0530835284933646,54,2.1251060371369115,0.19691470492482396,1.5251060371369112,1.472753352722567,1.0,PF,0.00117042744875107
apartment,PF,60,800,0.1,0.05,0.2,,28,0.3,0.2,2.0,20,0,0.8645833333333334,0.8303059895833332,0.9270833333333334,160.0,1.6166666666666667,0.43333333333333335,97.79218928230803,0.01725,1.0573248407643312,48,2.230900378082858,0.2297325386363502,1.630900378082858,1.4748178790210356,1.0,PF,0.0011452780724994227
apartment,PF,60,800,0.1,0.05,0.2,,29,0.3,0.2,2.0,20,0,0.8502604166666666,0.8348307291666666,0.8795572916666666,180.0,1.7166666666666666,0.36666666666666664,94.1264529235351,0.017770833333333333,1.0053887605850653,44,2.2608701832400273,0.15205508184638444,1.6608701832400279,1.5742591051994757,1.0,PF,0.0011117546362493158
rubble,PF,60,800,0.0,0.05,0.2,,0,0.3,0.2,2.0,20,0,0.7199720670391061,0.7168994413407821,0.7681564245810056,260.0,1.1333333333333333,0.15,16.092640733379515,0.023395833333333334,1.0009708737864078,47,2.0180768421511646,0.21129924443447948,1.4180768421511647,1.344182870737343,1.0,PF,0.001065576926250742
rubble,PF,60,800,0.0,0.05,0.2,,1,0.3,0.2,2.0,20,0,0.7311452513966481,0.7258729050279328,0.7807262569832403,240.0,1.0666666666666667,0.25,15.999891394619693,0.036145833333333335,1.0096432015429124,45,2.102881788874157,0.2330373819043857,1.5028817888741568,1.3498931404724015,1.0,PF,0.0010460079687481993
rubble,PF,60,800,0.0,0.05,0.2,,3,0.3,0.2,2.0,20,0,0.7283519553072626,0.7184706703910615,0.8051675977653632,240.0,1.3,0.18333333333333332,16.96735086619514,0.04060416666666666,0.9784240150093809,50,1.9687464703339537,0.21519396801484744,1.3687464703339536,1.2656927305013834,1.0,PF,0.001090324947499539
rubble,PF,60,800,0.0,0.05,0.2,,2,0.3,0.2,2.0,20,0,0.7458100558659218,0.7278980446927374,0.7953910614525139,180.0,1.0666666666666667,0.35,17.82251578018469,0.029958333333333333,1.0998970133882595,54,1.9730967366801169,0.24709293031807442,1.3730967366801166,1.2789522488528173,1.0,PF,0.0011207167187490086
rubble,PF,60,800,0.0,0.05,0.2,,4,0.3,0.2,2.0,20,0,0.6899441340782123,0.6831005586592178,0.7430167597765364,180.0,1.0166666666666666,0.21666666666666667,16.555047375332954,0.030958333333333334,1.0,50,2.0184161405148187,0.31809738115560166,1.418416140514819,1.306994680499368,1.0,PF,0.0011212856775000546
rubble,PF,60,800,0.0,0.05,0.2,,5,0.3,0.2,2.0,20,0,0.6466480446927374,0.642213687150838,0.702513966480447,180.0,0.9166666666666666,0.13333333333333333,15.835069768134547,0.023479166666666666,0.9665970772442589,42,2.1035792319961373,0.30739549447898484,1.503579231996137,1.35193519476963,1.0,PF,0.001054803072499908
rubble,PF,60,800,0.0,0.05,0.2,,6,0.3,0.2,2.0,20,0,0.6794692737430168,0.6745111731843576,0.7430167597765364,140.0,0.9833333333333333,0.23333333333333334,16.00988030996985,0.030395833333333334,1.0156576200417538,47,2.014724892957719,0.3065760597090722,1.414724892957719,1.2570651127423353,1.0,PF,0.0010966518225018263
rubble,PF,60,800,0.0,0.05,0.2,,7,0.3,0.2,2.0,20,0,0.7081005586592178,0.6923533519553072,0.7716480446927374,220.0,1.05,0.11666666666666667,15.936868278298244,0.024770833333333332,1.037871033776868,48,2.0355492574601928,0.3068674259443096,1.435549257460193,1.2138039470212685,1.0,PF,0.0011493124999992688
rubble,PF,60,800,0.0,0.05,0.2,,8,0.3,0.2,2.0,20,0,0.7087988826815642,0.703421787709497,0.7863128491620112,220.0,0.9666666666666667,0.3333333333333333,16.80496877274759,0.030875,0.992179863147605,51,1.9708913379312794,0.30509650552321177,1.3708913379312788,1.2525691045299494,1.0,PF,0.0011264727612501702
rubble,PF,60,800,0.0,0.05,0.2,,9,0.3,0.2,2.0,20,0,0.7297486033519553,0.7128840782122906,0.776536312849162,180.0,1.1166666666666667,0.26666666666666666,17.31249913043869,0.0291875,1.0965372507869884,53,1.903028698840359,0.2603169703497176,1.3030286988403585,1.1947006710336634,1.0,PF,0.0011870704174998536
rubble,PF,60,800,0.0,0.05,0.2,,10,0.3,0.2,2.0,20,0,0.6948324022346368,0.6939594972067039,0.7486033519553073,220.0,1.1,0.31666666666666665,16.413088291278267,0.027895833333333335,0.9812623274161736,48,2.034106216461417,0.2755085284892664,1.4341062164614176,1.32244510821261,1.0,PF,0.0011018031250000604
rubble,PF,60,800,0.0,0.05,0.2,,12,0.3,0.2,2.0,20,0,0.6899441340782123,0.680272346368715,0.7562849162011173,240.0,0.9166666666666666,0.23333333333333334,17.15403712745759,0.023583333333333335,1.0378151260504203,50,1.891975005798176,0.31304412266057113,1.2919750057981758,1.1377942784410533,1.0,PF,0.0011127909374999945
rubble,PF,60,800,0.0,0.05,0.2,,11,0.3,0.2,2.0,20,0,0.5991620111731844,0.5950768156424581,0.6934357541899442,200.0,1.1,0.2,16.48808008134035,0.024791666666666667,0.9069767441860466,44,1.9005215677815306,0.2035528652185445,1.3005215677815303,1.2724311658648058,1.0,PF,0.0011351891150002302
rubble,PF,60,800,0.0,0.05,0.2,,13,0.3,0.2,2.0,20,0,0.6627094972067039,0.6586243016759775,0.7094972067039106,200.0,1.3,0.18333333333333332,15.693681517390624,0.035833333333333335,0.9947589098532494,43,2.0835396478814965,0.23464067045600673,1.4835396478814966,1.332181245736455,1.0,PF,0.0010532782300015243
rubble,PF,60,800,0.0,0.05,0.2,,14,0.3,0.2,2.0,20,0,0.6564245810055865,0.6494413407821228,0.75768156424581,220.0,1.1666666666666667,0.26666666666666666,15.66902025261832,0.030666666666666665,0.9801876955161627,46,1.996049270476521,0.2507668382651019,1.396049270476521,1.2722971044762352,1.0,PF,0.00110853307249954
rubble,PF,60,800,0.0,0.05,0.2,,15,0.3,0.2,2.0,20,0,0.6564245810055865,0.6467877094972067,0.7402234636871509,220.0,1.4,0.16666666666666666,16.65588814325587,0.022833333333333334,0.9456740442655935,46,1.963206292072582,0.1906492066061278,1.363206292072582,1.2421696668001705,1.0,PF,0.0011093223437501365
rubble,PF,60,800,0.0,0.05,0.2,,16,0.3,0.2,2.0,20,0,0.6815642458100558,0.6791201117318437,0.7472067039106145,200.0,1.1166666666666667,0.21666666666666667,15.589957605361072,0.0290625,0.9848637739656911,43,2.0997677183960772,0.26077701953070487,1.4997677183960774,1.297012597314437,1.0,PF,0.0010673473437486792
rubble,PF,60,800,0.0,0.05,0.2,,17,0.3,0.2,2.0,20,0,0.6773743016759777,0.6732891061452513,0.75,240.0,1.0333333333333334,0.13333333333333333,16.31702321585006,0.021604166666666667,0.9758551307847083,48,1.9792953946415797,0.24728321990992716,1.3792953946415796,1.2612039703991482,1.0,PF,0.0011448920837506193
rubble,PF,60,800,0.0,0.05,0.2,,18,0.3,0.2,2.0,20,0,0.7164804469273743,0.7038756983240224,0.763268156424581,180.0,1.3333333333333333,0.25,15.468087144504974,0.03025,1.0311557788944725,44,2.128591572548832,0.23229133099864807,1.5285915725488317,1.3918344213219478,1.0,PF,0.0010555251562504963
rubble,PF,60,800,0.0,0.05,0.2,,19,0.3,0.2,2.0,20,0,0.6641061452513967,0.657122905027933,0.7653631284916201,240.0,1.0666666666666667,0.23333333333333334,16.70969429249938,0.029770833333333333,0.920619554695063,49,1.935654763468953,0.266133425486045,1.3356547634689528,1.286122600489887,1.0,PF,0.0011239391149979383
rubble,PF,60,800,0.0,0.05,0.2,,20,0.3,0.2,2.0,20,0,0.7164804469273743,0.7094972067039106,0.7583798882681564,180.0,1.1166666666666667,0.26666666666666666,16.236478490180616,0.0304375,1.0766002098635887,49,1.9833323642866203,0.2258934308608502,1.38333236428662,1.2656898272463168,1.0,PF,0.0011230767187498714
rubble,PF,60,800,0.0,0.05,0.2,,21,0.3,0.2,2.0,20,0,0.6682960893854749,0.6613128491620112,0.7053072625698324,200.0,1.0666666666666667,0.23333333333333334,17.19768007380236,0.030854166666666665,1.0126984126984129,52,1.860748150075499,0.26510449729251734,1.2607481500754991,1.1537300235887167,1.0,PF,0.0011768192712497693
rubble,PF,60,800,0.0,0.05,0.2,,22,0.3,0.2,2.0,20,0,0.7437150837988827,0.7382332402234637,0.7946927374301676,220.0,0.9666666666666667,0.21666666666666667,16.207201906463048,0.02660416666666667,1.0220729366602688,50,1.9968642354965136,0.24386824710844474,1.3968642354965133,1.2839526638498409,1.0,PF,0.0011245906762496817
rubble,PF,60,800,0.0,0.05,0.2,,23,0.3,0.2,2.0,20,0,0.7032122905027933,0.6744762569832402,0.7548882681564246,140.0,1.2,0.25,17.200628438819383,0.03204166666666667,1.1005464480874316,54,1.8854112429200696,0.2729892331537115,1.28541124292007,1.1230721988391215,1.0,PF,0.0011895210412490088
rubble,PF,60,800,0.0,0.05,0.2,,24,0.3,0.2,2.0,20,0,0.664804469273743,0.6467877094972068,0.7171787709497207,160.0,1.2666666666666666,0.26666666666666666,16.283573791327346,0.028229166666666666,1.0507726269315674,46,2.007786858583737,0.27557487948156323,1.4077868585837365,1.2627859398738965,1.0,PF,0.0011259583850005584
rubble,PF,60,800,0.0,0.05,0.2,,25,0.3,0.2,2.0,20,0,0.7004189944134078,0.691131284916201,0.755586592178771,260.0,1.2166666666666666,0.15,17.3661939935396,0.03025,1.0193089430894309,52,1.9214273269020892,0.31382742751828907,1.3214273269020893,1.2036934540575925,1.0,PF,0.0011542056249982124
rubble,PF,60,800,0.0,0.05,0.2,,26,0.3,0.2,2.0,20,0,0.6752793296089385,0.6783170391061452,0.7409217877094972,280.0,0.9166666666666666,0.16666666666666666,15.13087259773288,0.026708333333333334,0.9708835341365463,44,2.100974335763577,0.3486021246223499,1.5009743357635765,1.2384174529059027,1.0,PF,0.0010893757287499283
rubble,PF,60,800,0.0,0.05,0.2,,27,0.3,0.2,2.0,20,0,0.6375698324022346,0.6359287709497207,0.7227653631284916,180.0,0.85,0.3333333333333333,16.73637113237668,0.018916666666666665,0.9490644490644491,48,1.928199799191878,0.24422403138705695,1.3281997991918781,1.1154195948352459,1.0,PF,0.001110684427499109
rubble,PF,60,800,0.0,0.05,0.2,,28,0.3,0.2,2.0,20,0,0.7388268156424581,0.7133379888268156,0.7828212290502793,140.0,1.3666666666666667,0.3,16.50611425184078,0.031020833333333334,1.0975103734439835,49,1.992442102010213,0.1959461291184981,1.392442102010213,1.2805292928714915,1.0,PF,0.001104483697499745
rubble,PF,60,800,0.02,0.05,0.2,,0,0.3,0.2,2.0,20,0,0.6745810055865922,0.6736731843575419,0.7849162011173184,240.0,1.05,0.26666666666666666,30.61355375979928,0.019770833333333335,0.943359375,43,2.109654384108779,0.3086238044483985,1.5096543841087788,1.3069992720029897,1.0,PF,0.0010486817187506858
rubble,PF,60,800,0.0,0.05,0.2,,29,0.3,0.2,2.0,20,0,0.6934357541899442,0.6724162011173184,0.7346368715083799,160.0,1.0,0.15,17.091415215094905,0.0326875,1.0300829875518673,50,1.9189371088082425,0.26870654969296814,1.3189371088082424,1.1921898521714178,1.0,PF,0.0011272191662487785
rubble,PF,60,800,0.02,0.05,0.2,,1,0.3,0.2,2.0,20,0,0.6941340782122905,0.6904678770949719,0.7828212290502793,180.0,1.25,0.3,31.27055204226986,0.03625,0.9511961722488037,47,2.049628024052832,0.2747047812437783,1.449628024052832,1.3221981818809794,1.0,PF,0.001067554583751189
rubble,PF,60,800,0.02,0.05,0.2,,2,0.3,0.2,2.0,20,0,0.6801675977653632,0.6703910614525139,0.7660614525139665,240.0,1.35,0.25,31.96403788370923,0.02660416666666667,0.9521016617790812,49,1.9107964563825701,0.3183748007300248,1.31079645638257,1.1470119810003703,1.0,PF,0.0011031632812500902
rubble,PF,60,800,0.02,0.05,0.2,,3,0.3,0.2,2.0,20,0,0.7646648044692738,0.7523044692737431,0.8582402234636871,200.0,1.15,0.21666666666666667,30.557759781892077,0.033979166666666664,1.0233644859813085,44,2.1327429888295,0.17767014975956727,1.5327429888294999,1.431535991669928,1.0,PF,0.001063264062502185
rubble,PF,60,800,0.02,0.05,0.2,,4,0.3,0.2,2.0,20,0,0.7227653631284916,0.6916550279329609,0.7702513966480447,200.0,1.25,0.5333333333333333,33.26369174713338,0.027979166666666666,1.0894736842105264,53,1.8644646817139,0.23540476583507058,1.2644646817138998,1.2095080254126125,1.0,PF,0.0011612938024995855
rubble,PF,60,800,0.02,0.05,0.2,,5,0.3,0.2,2.0,20,0,0.7150837988826816,0.7024092178770949,0.8023743016759777,200.0,1.1833333333333333,0.2833333333333333,33.06380296366696,0.035604166666666666,1.0009775171065494,52,1.8777140256567135,0.19644796342543513,1.2777140256567137,1.1770692270525736,1.0,PF,0.0011482657300007303
rubble,PF,60,800,0.02,0.05,0.2,,6,0.3,0.2,2.0,20,0,0.7318435754189944,0.7120810055865922,0.7995810055865922,240.0,1.25,0.5,31.851514590308177,0.0255,1.0693877551020408,48,2.0370087677173223,0.21308602582263678,1.437008767717322,1.3711644368227205,1.0,PF,0.0011343733337503181
rubble,PF,60,800,0.02,0.05,0.2,,7,0.3,0.2,2.0,20,0,0.7046089385474861,0.6864525139664803,0.7688547486033519,160.0,1.3333333333333333,0.2833333333333333,31.572992732819614,0.0290625,1.0532359081419627,47,2.022975813132465,0.25448681332754686,1.4229758131324646,1.283613030298751,1.0,PF,0.001098262134999004
rubble,PF,60,800,0.02,0.05,0.2,,8,0.3,0.2,2.0,20,0,0.7171787709497207,0.7107891061452514,0.8037709497206704,300.0,1.1,0.5666666666666667,31.933122309085505,0.024395833333333332,0.9734597156398105,49,1.96922709069073,0.213399340238437,1.36922709069073,1.251984268656118,1.0,PF,0.0011405226562510506
rubble,PF,60,800,0.02,0.05,0.2,,9,0.3,0.2,2.0,20,0,0.6759776536312849,0.6589734636871509,0.7311452513966481,240.0,1.2833333333333334,0.3333333333333333,32.06609505976001,0.024979166666666667,1.0072840790842872,49,1.885848445870664,0.28616108072941254,1.2858484458706643,1.153226409667118,1.0,PF,0.0011408259899985751
rubble,PF,60,800,0.02,0.05,0.2,,10,0.3,0.2,2.0,20,0,0.7227653631284916,0.6973114525139664,0.770949720670391,220.0,1.0833333333333333,0.4,32.081287621066494,0.0300625,1.0038797284190106,49,1.9699881795450667,0.2506563510073877,1.3699881795450666,1.1839605116816596,1.0,PF,0.0011154016149998824
rubble,PF,60,800,0.02,0.05,0.2,,12,0.3,0.2,2.0,20,0,0.6990223463687151,0.6773393854748603,0.8002793296089385,260.0,1.15,0.4166666666666667,30.017732398807535,0.021229166666666667,1.0070422535211268,42,2.0903497504521034,0.21500075846756142,1.4903497504521037,1.323176111737619,1.0,PF,0.0010481516675008606
rubble,PF,60,800,0.02,0.05,0.2,,11,0.3,0.2,2.0,20,0,0.7150837988826816,0.686627094972067,0.7730446927374302,200.0,1.1333333333333333,0.35,31.99308970855459,0.026458333333333334,1.0427698574338087,47,2.061138486294774,0.207125848593892,1.4611384862947738,1.4015932266702236,1.0,PF,0.0010853168749986252
rubble,PF,60,800,0.02,0.05,0.2,,15,0.3,0.2,2.0,20,0,0.7039106145251397,0.6861033519553074,0.7779329608938548,260.0,1.4833333333333334,0.5166666666666667,31.768883664337555,0.0291875,0.9748549323017409,47,1.9645177389203803,0.15890698031792155,1.3645177389203802,1.2892130325788638,1.0,PF,0.00106168572875049
rubble,PF,60,800,0.02,0.05,0.2,,13,0.3,0.2,2.0,20,0,0.7430167597765364,0.721822625698324,0.8058659217877095,180.0,1.35,0.35,31.727358548299215,0.04039583333333333,1.0350194552529184,48,2.0277205692845626,0.20561020031285404,1.4277205692845623,1.3419269106188048,1.0,PF,0.001142206562501542
rubble,PF,60,800,0.02,0.05,0.2,,14,0.3,0.2,2.0,20,0,0.6990223463687151,0.6808659217877094,0.7597765363128491,240.0,1.1666666666666667,0.38333333333333336,32.135108618142915,0.029791666666666668,1.0427083333333333,48,1.9973191964229937,0.28229335939675543,1.3973191964229936,1.2552125050057863,1.0,PF,0.0011447578649995194
rubble,PF,60,800,0.02,0.05,0.2,,16,0.3,0.2,2.0,20,0,0.6927374301675978,0.6766061452513967,0.7416201117318436,160.0,1.3,0.4166666666666667,33.5168911783866,0.0295625,1.0269151138716357,53,1.8293631065237044,0.2159460311922284,1.229363106523704,1.1315722706585647,1.0,PF,0.0011584201050004593
rubble,PF,60,800,0.02,0.05,0.2,,19,0.3,0.2,2.0,20,0,0.6766759776536313,0.6624301675977653,0.7513966480446927,260.0,1.2666666666666666,0.38333333333333336,31.570230495509456,0.022145833333333333,0.96996996996997,45,2.009635333719601,0.252712327263491,1.4096353337196013,1.305634884641072,1.0,PF,0.0010851628124987655
rubble,PF,60,800,0.02,0.05,0.2,,18,0.3,0.2,2.0,20,0,0.7248603351955307,0.7079259776536313,0.8191340782122905,220.0,1.25,0.25,32.2795337970523,0.026375,1.0048402710551791,49,1.9601457597189484,0.20224211958572796,1.3601457597189484,1.2674825388989461,1.0,PF,0.0011164683849983702
rubble,PF,60,800,0.02,0.05,0.2,,17,0.3,0.2,2.0,20,0,0.7094972067039106,0.6931564245810055,0.7793296089385475,200.0,1.35,0.21666666666666667,32.77874400485371,0.0281875,1.0377936670071501,51,1.8910943273747274,0.21768229916728513,1.2910943273747273,1.1646687850345563,1.0,PF,0.001150123177499154
rubble,PF,60,800,0.02,0.05,0.2,,21,0.3,0.2,2.0,20,0,0.696927374301676,0.6877793296089385,0.7835195530726257,200.0,1.3333333333333333,0.23333333333333334,29.925133751923237,0.03264583333333333,0.955023923444976,43,2.143564628117509,0.2696307716618342,1.5435646281175088,1.3845623118463113,1.0,PF,0.0010240330212491244
rubble,PF,60,800,0.02,0.05,0.2,,20,0.3,0.2,2.0,20,0,0.7374301675977654,0.7160265363128492,0.8100558659217877,180.0,1.0833333333333333,0.26666666666666666,31.581319544245094,0.03302083333333333,1.0183220829315334,47,2.0098946032859977,0.22314124790103246,1.4098946032859971,1.3084650520278456,1.0,PF,0.0011012626562501282
rubble,PF,60,800,0.02,0.05,0.2,,23,0.3,0.2,2.0,20,0,0.678072625698324,0.6606843575418995,0.7185754189944135,200.0,1.2833333333333334,0.38333333333333336,31.582132052935503,0.02775,1.0083073727933543,48,1.9357068503044619,0.18984060877645262,1.3357068503044618,1.29036482308208,1.0,PF,0.0010987364062498273
rubble,PF,60,800,0.02,0.05,0.2,,22,0.3,0.2,2.0,20,0,0.6864525139664804,0.6840083798882681,0.7751396648044693,220.0,1.35,0.5166666666666667,32.177362028127604,0.029041666666666667,0.9703849950641659,51,1.8549994714588904,0.2073382484319683,1.2549994714588901,1.1980124058573307,1.0,PF,0.0011647123962507068
rubble,PF,60,800,0.02,0.05,0.2,,24,0.3,0.2,2.0,20,0,0.6906424581005587,0.6854050279329609,0.7597765363128491,240.0,1.3,0.3333333333333333,32.02899525556778,0.0309375,0.9801783944499505,49,1.9795011544483816,0.2888697529364822,1.3795011544483817,1.2668437429317128,1.0,PF,0.0011196008849992723
rubble,PF,60,800,0.02,0.05,0.2,,25,0.3,0.2,2.0,20,0,0.5977653631284916,0.5931913407821229,0.75,180.0,1.4333333333333333,0.26666666666666666,30.135415182113977,0.02475,0.8534396809571286,41,2.036829890179502,0.26749637699815476,1.436829890179502,1.3289504480879497,1.0,PF,0.001054151822499989
rubble,PF,60,800,0.02,0.05,0.2,,26,0.3,0.2,2.0,20,0,0.6871508379888268,0.6822625698324023,0.75768156424581,200.0,1.0333333333333334,0.3,30.754004265384957,0.027104166666666665,0.9723320158102767,45,2.1135387422078464,0.30624466014871066,1.5135387422078463,1.3270458022924498,1.0,PF,0.0010623147387491371
rubble,PF,60,800,0.02,0.05,0.2,,27,0.3,0.2,2.0,20,0,0.7136871508379888,0.6971717877094973,0.7639664804469274,240.0,1.05,0.35,31.943143311601826,0.024916666666666667,1.020979020979021,50,1.9742011655861291,0.2796753885277594,1.3742011655861297,1.282448400875647,1.0,PF,0.00108848979125014
rubble,PF,60,800,0.02,0.05,0.2,,28,0.3,0.2,2.0,20,0,0.6899441340782123,0.6839734636871508,0.7814245810055865,180.0,1.3666666666666667,0.31666666666666665,31.080582283638822,0.03685416666666667,0.9880000000000001,46,1.9978348617160122,0.22126687842711726,1.3978348617160123,1.3287476187223457,1.0,PF,0.0010744523962489439
rubble,PF,60,800,0.02,0.05,0.2,,29,0.3,0.2,2.0,20,0,0.6787709497206704,0.6387918994413407,0.7590782122905028,240.0,1.3,0.36666666666666664,32.13442937388728,0.0271875,0.972972972972973,49,1.9530559208370852,0.35967025158412713,1.3530559208370856,1.194589427340833,1.0,PF,0.0010919148437506009
rubble,PF,60,800,0.04,0.05,0.2,,0,0.3,0.2,2.0,20,0,0.7046089385474861,0.6844972067039106,0.8121508379888268,180.0,1.0166666666666666,0.48333333333333334,47.83946169198631,0.02420833333333333,1.0039800995024877,47,1.9793610569287847,0.22493907545653302,1.3793610569287842,1.329127221840173,1.0,PF,0.0010684713537489187
rubble,PF,60,800,0.04,0.05,0.2,,1,0.3,0.2,2.0,20,0,0.7046089385474861,0.6762220670391061,0.7884078212290503,260.0,1.0333333333333334,0.48333333333333334,47.420760005717135,0.027145833333333334,0.984390243902439,45,2.0994125575273386,0.2596602482099141,1.4994125575273387,1.3183643837196102,1.0,PF,0.0010558226562511664
rubble,PF,60,800,0.04,0.05,0.2,,2,0.3,0.2,2.0,20,0,0.7311452513966481,0.7143854748603351,0.7800279329608939,240.0,1.2666666666666666,0.5166666666666667,49.542693972798496,0.0235625,1.0438683948155534,50,1.9466614406671596,0.22307951630481207,1.3466614406671593,1.2250789702797387,1.0,PF,0.0010714891662496485
rubble,PF,60,800,0.04,0.05,0.2,,3,0.3,0.2,2.0,20,0,0.7185754189944135,0.6805865921787709,0.7877094972067039,220.0,1.2833333333333334,0.5,48.93083740837539,0.023770833333333335,1.0039024390243902,48,2.013645850239955,0.2673685129838992,1.413645850239955,1.3188500353374495,1.0,PF,0.0010984643224992397
rubble,PF,60,800,0.04,0.05,0.2,,4,0.3,0.2,2.0,20,0,0.6662011173184358,0.6367318435754189,0.7541899441340782,220.0,1.0333333333333334,0.5833333333333334,48.00810675825891,0.03025,0.9520958083832336,45,1.979815526264525,0.26123880804368593,1.3798155262645244,1.3034816351439176,1.0,PF,0.0010662736449990008
rubble,PF,60,800,0.04,0.05,0.2,,5,0.3,0.2,2.0,20,0,0.75768156424581,0.7308310055865921,0.8135474860335196,180.0,1.2166666666666666,0.55,48.341658880126644,0.03183333333333333,1.0575048732943468,48,2.0227935085255724,0.23202955717451562,1.4227935085255723,1.2036805009503504,1.0,PF,0.0010780345837497407
rubble,PF,60,800,0.04,0.05,0.2,,6,0.3,0.2,2.0,20,0,0.6836592178770949,0.6846019553072625,0.784217877094972,220.0,1.5333333333333334,0.5,46.85230305244848,0.033291666666666664,0.9413461538461538,45,2.085290108827715,0.32618489941187445,1.4852901088277153,1.2628063521247603,1.0,PF,0.0010651403125007163
rubble,PF,60,800,0.04,0.05,0.2,,7,0.3,0.2,2.0,20,0,0.74231843575419,0.7271648044692738,0.8282122905027933,220.0,1.3333333333333333,0.65,47.16453788250276,0.030583333333333334,1.075910931174089,45,2.0686577359973666,0.2319759806225832,1.468657735997367,1.391508743624886,1.0,PF,0.0010892004687502775
rubble,PF,60,800,0.04,0.05,0.2,,8,0.3,0.2,2.0,20,0,0.7513966480446927,0.7284217877094973,0.8282122905027933,220.0,1.0833333333333333,0.43333333333333335,48.538329795631405,0.025895833333333333,1.0912778904665315,48,1.9628830454531971,0.18365677880053077,1.362883045453197,1.2676649611327844,1.0,PF,0.001101216302499779
rubble,PF,60,800,0.04,0.05,0.2,,9,0.3,0.2,2.0,20,0,0.7562849162011173,0.7201117318435755,0.8303072625698324,240.0,1.0833333333333333,0.5666666666666667,51.528151440513405,0.021041666666666667,1.0565853658536584,54,1.9332847185807205,0.2701433357249973,1.33328471858072,1.2161668221498694,1.0,PF,0.001138099427500947
rubble,PF,60,800,0.04,0.05,0.2,,10,0.3,0.2,2.0,20,0,0.7479050279329609,0.7330656424581005,0.8247206703910615,220.0,1.25,0.48333333333333334,46.42213074337658,0.029520833333333333,1.0387972841901068,44,2.09421527138952,0.2276995655231647,1.4942152713895198,1.3206160196921062,1.0,PF,0.0010715321874999973
rubble,PF,60,800,0.04,0.05,0.2,,11,0.3,0.2,2.0,20,0,0.7269553072625698,0.7096717877094971,0.784217877094972,240.0,1.3166666666666667,0.48333333333333334,50.44530806940921,0.025979166666666668,1.0525783619817999,52,1.9431145155258396,0.2612921926100214,1.3431145155258402,1.2283029726428096,1.0,PF,0.001144398073749926
rubble,PF,60,800,0.04,0.05,0.2,,12,0.3,0.2,2.0,20,0,0.7143854748603352,0.6930167597765363,0.7800279329608939,180.0,1.3166666666666667,0.7333333333333333,48.55533178396942,0.0209375,1.0623052959501558,48,1.9793172925563443,0.21803335625694362,1.379317292556344,1.3033486806326298,1.0,PF,0.0011109860937517624
rubble,PF,60,800,0.04,0.05,0.2,,13,0.3,0.2,2.0,20,0,0.7486033519553073,0.7252094972067039,0.8212290502793296,200.0,1.3666666666666667,0.4666666666666667,49.30908453271873,0.03825,1.06454816285998,50,1.989479381673552,0.2686546280072465,1.389479381673552,1.2466893302585678,1.0,PF,0.0011077026049997585
rubble,PF,60,800,0.04,0.05,0.2,,14,0.3,0.2,2.0,20,0,0.7122905027932961,0.6913407821229051,0.7870111731843575,200.0,1.2666666666666666,0.36666666666666664,47.62987127271957,0.0290625,1.0029498525073746,46,2.1007288789390968,0.27901091343778006,1.5007288789390967,1.3795049895821212,1.0,PF,0.0011226511974996357
rubble,PF,60,800,0.04,0.05,0.2,,16,0.3,0.2,2.0,20,0,0.7388268156424581,0.7225907821229051,0.8016759776536313,200.0,1.25,0.48333333333333334,47.0736438859925,0.028791666666666667,1.0342130987292277,45,2.0729965105028367,0.2207074698712145,1.472996510502836,1.278780594350899,1.0,PF,0.001070841146249677
rubble,PF,60,800,0.04,0.05,0.2,,15,0.3,0.2,2.0,20,0,0.7604748603351955,0.7292946927374302,0.8212290502793296,240.0,1.3833333333333333,0.55,49.852699697931044,0.02625,1.0572815533980584,50,1.9976242326807279,0.23692666470701554,1.397624232680728,1.3243683301608005,1.0,PF,0.001111948749999101
rubble,PF,60,800,0.04,0.05,0.2,,17,0.3,0.2,2.0,20,0,0.715782122905028,0.6975209497206704,0.7918994413407822,280.0,1.0333333333333334,0.5333333333333333,49.33176664110315,0.024583333333333332,1.0311871227364187,49,1.9303630376831948,0.20275888101239642,1.3303630376831945,1.249692846696643,1.0,PF,0.0011028886974986563
rubble,PF,60,800,0.04,0.05,0.2,,18,0.3,0.2,2.0,20,0,0.75,0.7278282122905029,0.8156424581005587,240.0,1.2666666666666666,0.5666666666666667,48.12542403073745,0.0324375,1.0519098922624877,47,2.0544056776925035,0.2467818210019131,1.4544056776925036,1.329927197413872,1.0,PF,0.0011039270824994673
rubble,PF,60,800,0.04,0.05,0.2,,19,0.3,0.2,2.0,20,0,0.6843575418994413,0.6614175977653631,0.7381284916201117,240.0,1.1833333333333333,0.48333333333333334,48.53158873228565,0.024479166666666666,0.9939148073022311,47,2.0257044924655654,0.26562116598677404,1.4257044924655657,1.3122124780186515,1.0,PF,0.001115070000000742
rubble,PF,60,800,0.04,0.05,0.2,,21,0.3,0.2,2.0,20,0,0.6354748603351955,0.6382681564245809,0.7451117318435754,180.0,1.3166666666666667,0.5833333333333334,43.33834071603317,0.036,0.9201213346814964,37,2.13758625801159,0.30022530942094305,1.53758625801159,1.4053735378013847,1.0,PF,0.001021646718750162
rubble,PF,60,800,0.04,0.05,0.2,,20,0.3,0.2,2.0,20,0,0.7751396648044693,0.7604748603351955,0.8379888268156425,220.0,1.15,0.35,49.260088862926956,0.042125,1.0601719197707735,51,1.9422384272971707,0.21350607770050026,1.3422384272971708,1.2890422908570778,1.0,PF,0.0011460794262507078
rubble,PF,60,800,0.04,0.05,0.2,,22,0.3,0.2,2.0,20,0,0.6983240223463687,0.6818086592178771,0.7800279329608939,260.0,1.4166666666666667,0.5166666666666667,47.63976111391711,0.024375,0.9746588693957114,45,2.0806909721567455,0.27521422896999675,1.480690972156746,1.3104641672528627,1.0,PF,0.0010710232812516552
rubble,PF,60,800,0.04,0.05,0.2,,25,0.3,0.2,2.0,20,0,0.7318435754189944,0.7220321229050278,0.8156424581005587,240.0,1.5,0.4666666666666667,47.25216269444332,0.0309375,1.0274509803921568,46,2.0358883618068098,0.19957122292188534,1.4358883618068097,1.2945761262722877,1.0,PF,0.0010752571362490926
rubble,PF,60,800,0.04,0.05,0.2,,24,0.3,0.2,2.0,20,0,0.7276536312849162,0.6839036312849163,0.8016759776536313,200.0,1.4,0.7,48.158775266292906,0.03154166666666667,0.9886148007590133,47,1.9803421679747228,0.22213151510203968,1.3803421679747232,1.2557558172581,1.0,PF,0.001090473697499874
rubble,PF,60,800,0.04,0.05,0.2,,23,0.3,0.2,2.0,20,0,0.7032122905027933,0.6775139664804468,0.7891061452513967,220.0,1.2833333333333334,0.48333333333333334,48.97926213453075,0.028645833333333332,1.0511482254697286,49,1.996671002337363,0.2429417301934021,1.3966710023373634,1.3250369767409862,1.0,PF,0.0011183545837502606
rubble,PF,60,800,0.04,0.05,0.2,,26,0.3,0.2,2.0,20,0,0.702513966480447,0.6811801675977652,0.75768156424581,280.0,1.1166666666666667,0.7333333333333333,47.441172689058945,0.02225,1.024439918533605,45,2.0222436386972884,0.2615002294381334,1.422243638697289,1.255246147687651,1.0,PF,0.0010575432287487274
rubble,PF,60,800,0.04,0.05,0.2,,27,0.3,0.2,2.0,20,0,0.7171787709497207,0.699127094972067,0.7779329608938548,200.0,1.0333333333333334,0.48333333333333334,48.91570297619621,0.022875,1.0501022494887526,48,1.9907561437414862,0.19105819399938667,1.3907561437414862,1.4287461310352403,1.0,PF,0.0011321811975017226
rubble,PF,60,800,0.04,0.05,0.2,,29,0.3,0.2,2.0,20,0,0.715782122905028,0.7032821229050278,0.7939944134078212,240.0,1.2333333333333334,0.6666666666666666,48.11891717337564,0.030229166666666668,1.0270541082164328,47,2.0655494249423394,0.2861350376472107,1.4655494249423395,1.3167872390985416,1.0,PF,0.0010627291137484463
rubble,PF,60,800,0.04,0.05,0.2,,28,0.3,0.2,2.0,20,0,0.7430167597765364,0.7357541899441341,0.8128491620111732,240.0,1.3833333333333333,0.6,49.627815330756825,0.03241666666666667,1.041095890410959,51,1.9219138553178636,0.2244697759117773,1.3219138553178638,1.2566352524542554,1.0,PF,0.0011457442712503507
rubble,PF,60,800,0.07,0.05,0.2,,0,0.3,0.2,2.0,20,0,0.6822625698324022,0.6598463687150838,0.776536312849162,260.0,1.2333333333333334,1.4166666666666667,73.35707068868606,0.0245625,0.9711729622266401,46,1.9940535118890252,0.34554054655031624,1.3940535118890254,1.2078610669639271,1.0,PF,0.0011110468225001568
rubble,PF,60,800,0.07,0.05,0.2,,1,0.3,0.2,2.0,20,0,0.7339385474860335,0.7020949720670391,0.8093575418994413,200.0,1.2833333333333334,1.0166666666666666,74.07959862448436,0.0266875,1.044731610337972,48,2.0163215141539275,0.26022381122076266,1.4163215141539276,1.2542567672931846,1.0,PF,0.0011047044799988727
rubble,PF,60,800,0.07,0.05,0.2,,3,0.3,0.2,2.0,20,0,0.7325418994413407,0.7209846368715084,0.8240223463687151,320.0,1.3166666666666667,1.2,75.29782839805938,0.024354166666666666,1.0086538461538461,49,1.9801508093290647,0.24639029364681236,1.3801508093290642,1.2803033953647258,1.0,PF,0.0010731758862493734
rubble,PF,60,800,0.07,0.05,0.2,,2,0.3,0.2,2.0,20,0,0.7332402234636871,0.7032472067039105,0.8023743016759777,220.0,1.35,0.9666666666666667,72.32277349366262,0.028645833333333332,1.045816733067729,45,2.052390353428268,0.23156976334715088,1.4523903534282678,1.3510626319448482,1.0,PF,0.0011350139062506058
rubble,PF,60,800,0.07,0.05,0.2,,4,0.3,0.2,2.0,20,0,0.7381284916201117,0.710090782122905,0.8337988826815642,220.0,1.45,0.85,73.8264953447321,0.029083333333333333,1.0332355816226784,47,2.019930408448357,0.2704206813874884,1.4199304084483573,1.3107941505551768,1.0,PF,0.0011120669787487714
rubble,PF,60,800,0.07,0.05,0.2,,5,0.3,0.2,2.0,20,0,0.7185754189944135,0.6896298882681564,0.8023743016759777,240.0,1.1666666666666667,0.75,71.54626821437793,0.030833333333333334,1.0425531914893618,44,2.0705035843870943,0.20810098064109495,1.4705035843870946,1.3644428399978077,1.0,PF,0.001063022864998402
rubble,PF,60,800,0.07,0.05,0.2,,6,0.3,0.2,2.0,20,0,0.7891061452513967,0.7508030726256983,0.8568435754189944,260.0,1.45,1.1833333333333333,76.00040248679957,0.027791666666666666,1.1111111111111112,50,2.010677591253709,0.2518169034033806,1.4106775912537095,1.269435331603846,1.0,PF,0.0011164057287510333
rubble,PF,60,800,0.07,0.05,0.2,,7,0.3,0.2,2.0,20,0,0.7541899441340782,0.7455656424581005,0.8317039106145251,200.0,1.2333333333333334,1.1166666666666667,75.21125637759064,0.030291666666666668,1.064039408866995,50,1.9661620513766451,0.31469195892128954,1.366162051376645,1.1744094692009335,1.0,PF,0.001105930260000605
rubble,PF,60,800,0.07,0.05,0.2,,8,0.3,0.2,2.0,20,0,0.7311452513966481,0.7183659217877094,0.8128491620111732,260.0,1.3333333333333333,1.1,73.593060923733,0.02625,1.0184824902723735,47,1.9956429585538598,0.20829866189028665,1.39564295855386,1.2873563982184284,1.0,PF,0.0011090195312499418
rubble,PF,60,800,0.07,0.05,0.2,,9,0.3,0.2,2.0,20,0,0.7849162011173184,0.7513268156424581,0.8652234636871509,260.0,1.3333333333333333,0.8833333333333333,73.66572406368452,0.0250625,1.1019607843137254,47,2.07667665093472,0.23148142288026693,1.4766766509347204,1.4260275341462094,1.0,PF,0.0010629784375009877
rubble,PF,60,800,0.07,0.05,0.2,,10,0.3,0.2,2.0,20,0,0.7213687150837989,0.6972067039106145,0.8051675977653632,200.0,1.2166666666666666,1.3666666666666667,75.16287455162862,0.025770833333333333,1.0402819738167168,49,1.944847714723351,0.19825929513293977,1.3448477147233509,1.2885697160068692,1.0,PF,0.0011056484887512852
rubble,PF,60,800,0.07,0.05,0.2,,11,0.3,0.2,2.0,20,0,0.7185754189944135,0.6877793296089385,0.8268156424581006,180.0,1.3,1.0166666666666666,74.44836961912529,0.030395833333333334,1.0218470705064548,48,1.913765991109237,0.19925656998306865,1.313765991109237,1.1916304895332668,1.0,PF,0.0011416013537495929
rubble,PF,60,800,0.07,0.05,0.2,,12,0.3,0.2,2.0,20,0,0.7143854748603352,0.6951466480446927,0.8226256983240223,220.0,1.4166666666666667,1.15,73.46779312879382,0.025291666666666667,1.0118694362017804,47,1.9225387494014792,0.18221982374387233,1.3225387494014795,1.2840279229498828,1.0,PF,0.001129861457500283
rubble,PF,60,800,0.07,0.05,0.2,,13,0.3,0.2,2.0,20,0,0.7758379888268156,0.7459497206703911,0.8547486033519553,300.0,1.65,1.1166666666666667,73.18423094067671,0.034666666666666665,1.0570884871550905,47,2.0841504336787247,0.24309009433220355,1.484150433678725,1.407865712896398,1.0,PF,0.0011486644799992972
rubble,PF,60,800,0.07,0.05,0.2,,14,0.3,0.2,2.0,20,0,0.7067039106145251,0.6712988826815642,0.7835195530726257,220.0,1.25,0.9166666666666666,72.93312243153069,0.02825,0.9911851126346718,46,1.9784821901246399,0.2463658086214088,1.37848219012464,1.348622608322128,1.0,PF,0.001150577500000054
rubble,PF,60,800,0.07,0.05,0.2,,15,0.3,0.2,2.0,20,0,0.7618715083798883,0.7241969273743017,0.8400837988826816,260.0,1.4333333333333333,0.8833333333333333,72.82185434490863,0.02825,1.0823412698412698,46,2.0473544134890234,0.26651511853372517,1.4473544134890233,1.3067949177848308,1.0,PF,0.001129034010000396
rubble,PF,60,800,0.07,0.05,0.2,,17,0.3,0.2,2.0,20,0,0.7318435754189944,0.712290502793296,0.8205307262569832,240.0,1.4,1.3166666666666667,73.09275030440746,0.023708333333333335,1.0096339113680153,46,2.01160009903374,0.20166989698476628,1.4116000990337403,1.3373930616655707,1.0,PF,0.0011268358337520113
rubble,PF,60,800,0.07,0.05,0.2,,16,0.3,0.2,2.0,20,0,0.7646648044692738,0.7305865921787709,0.8240223463687151,200.0,1.3666666666666667,0.85,78.87343427248594,0.031229166666666665,1.1139369277721263,54,1.883763405670541,0.2357547812335373,1.2837634056705407,1.1849247440658246,1.0,PF,0.001229583176250344
rubble,PF,60,800,0.07,0.05,0.2,,18,0.3,0.2,2.0,20,0,0.7032122905027933,0.6743715083798884,0.7849162011173184,260.0,1.4333333333333333,0.95,73.49039819281634,0.0323125,0.9930966469428009,47,1.9567750081370743,0.1791773778568665,1.356775008137074,1.3227222456108287,1.0,PF,0.0011711703637502068
rubble,PF,60,800,0.07,0.05,0.2,,19,0.3,0.2,2.0,20,0,0.6850558659217877,0.6303421787709498,0.7541899441340782,260.0,1.1833333333333333,1.3833333333333333,77.5636119305493,0.025270833333333333,1.006153846153846,51,1.843414092466833,0.29694478411216646,1.243414092466833,1.0908403284707964,1.0,PF,0.0011932349999983671
rubble,PF,60,800,0.07,0.05,0.2,,20,0.3,0.2,2.0,20,0,0.6913407821229051,0.6877793296089385,0.7814245810055865,220.0,1.1833333333333333,0.8833333333333333,72.40128827054126,0.030416666666666668,1.0,45,1.93845040190459,0.22098991271882173,1.3384504019045902,1.292833460443919,1.0,PF,0.0011352963025001372
rubble,PF,60,800,0.07,0.05,0.2,,23,0.3,0.2,2.0,20,0,0.744413407821229,0.7262918994413408,0.8121508379888268,240.0,1.4833333333333334,0.8833333333333333,74.01180336146096,0.0299375,1.0628115653040877,48,2.0038130645330896,0.21093930309025735,1.4038130645330895,1.3222039850325507,1.0,PF,0.0011039416150015312
rubble,PF,60,800,0.07,0.05,0.2,,21,0.3,0.2,2.0,20,0,0.7625698324022346,0.7303770949720672,0.8477653631284916,260.0,1.3666666666666667,0.95,75.13910349145903,0.034083333333333334,1.0716388616290482,50,1.9624642734852225,0.22070042689859906,1.362464273485222,1.2574674971341588,1.0,PF,0.0011737530725008582
rubble,PF,60,800,0.07,0.05,0.2,,22,0.3,0.2,2.0,20,0,0.7639664804469274,0.7284217877094971,0.835195530726257,240.0,1.3166666666666667,1.4,76.05521501433144,0.0229375,1.0549662487945999,50,2.044485352357773,0.21891764189278942,1.4444853523577728,1.290652197646078,1.0,PF,0.00117532765624901
rubble,PF,60,800,0.07,0.05,0.2,,24,0.3,0.2,2.0,20,0,0.755586592178771,0.7343226256983242,0.8337988826815642,180.0,1.3333333333333333,0.7166666666666667,75.41541935159304,0.027166666666666665,1.063913470993117,50,1.9253627732781329,0.18983175705874822,1.3253627732781326,1.2552298980126422,1.0,PF,0.0011537647399995877
rubble,PF,60,800,0.07,0.05,0.2,,25,0.3,0.2,2.0,20,0,0.7297486033519553,0.6931564245810056,0.8079608938547486,220.0,1.4333333333333333,1.0833333333333333,74.74729695910925,0.0313125,1.0450000000000002,49,2.000275064809797,0.3105722410051061,1.4002750648097968,1.2696145329209507,1.0,PF,0.0011734633337505329
rubble,PF,60,800,0.07,0.05,0.2,,26,0.3,0.2,2.0,20,0,0.6410614525139665,0.6074371508379888,0.7625698324022346,260.0,1.1,1.6333333333333333,76.50524947755301,0.023770833333333335,0.907114624505929,50,1.8881809971536239,0.25535003373033,1.288180997153624,1.2114106408074046,1.0,PF,0.001161017708750478
rubble,PF,60,800,0.07,0.05,0.2,,27,0.3,0.2,2.0,20,0,0.7395251396648045,0.7160614525139665,0.8107541899441341,240.0,1.2166666666666666,1.5,76.1435158759156,0.024666666666666667,1.0547808764940239,50,1.968207813979471,0.18406450504915942,1.3682078139794702,1.223781931728179,1.0,PF,0.001161581198748536
rubble,PF,60,800,0.07,0.05,0.2,,28,0.3,0.2,2.0,20,0,0.7493016759776536,0.728945530726257,0.8324022346368715,300.0,1.45,1.0666666666666667,77.14049873578982,0.0323125,1.0499021526418786,52,1.908613805486995,0.23069363991667888,1.3086138054869945,1.1843428341277302,1.0,PF,0.0011665073437484353
rubble,PF,60,800,0.07,0.05,0.2,,29,0.3,0.2,2.0,20,0,0.6620111731843575,0.6400837988826814,0.7493016759776536,200.0,1.4166666666666667,0.9666666666666667,72.96278019336573,0.0291875,0.9713114754098361,46,2.0366462561774563,0.2908614057935614,1.4366462561774564,1.2847523480083896,1.0,PF,0.0011223474487496788
rubble,PF,60,800,0.1,0.05,0.2,,0,0.3,0.2,2.0,20,0,0.7053072625698324,0.6825768156424582,0.8205307262569832,200.0,1.3833333333333333,1.6833333333333333,97.25407579962454,0.0229375,1.0253807106598984,45,1.9288620856956356,0.17969704977326711,1.328862085695636,1.3419472252181017,1.0,PF,0.0011064265100003468
rubble,PF,60,800,0.1,0.05,0.2,,2,0.3,0.2,2.0,20,0,0.7039106145251397,0.6652583798882681,0.7960893854748603,340.0,1.85,1.8333333333333333,98.84435079087886,0.029520833333333333,0.9795918367346939,47,2.005289073589915,0.2960128302130161,1.4052890735899157,1.3538840026978591,1.0,PF,0.0011073629687484753
rubble,PF,60,800,0.1,0.05,0.2,,1,0.3,0.2,2.0,20,0,0.7171787709497207,0.6689594972067039,0.7905027932960894,280.0,1.55,1.8333333333333333,101.14284238910764,0.02814583333333333,1.028028028028028,50,1.8808010906759878,0.28867960975223567,1.280801090675988,1.1745179171350033,1.0,PF,0.0011729210412499925
rubble,PF,60,800,0.1,0.05,0.2,,3,0.3,0.2,2.0,20,0,0.755586592178771,0.7168296089385475,0.8344972067039106,180.0,1.7166666666666666,2.0166666666666666,107.30216322708569,0.0281875,1.1007121057985758,56,1.841980104520434,0.24721375304157164,1.2419801045204342,1.1359156274440376,1.0,PF,0.001216954843748681
rubble,PF,60,800,0.1,0.05,0.2,,4,0.3,0.2,2.0,20,0,0.7276536312849162,0.6982891061452513,0.8142458100558659,220.0,1.55,1.65,100.16372771136189,0.031229166666666665,1.0535894843276037,49,1.900335012458668,0.17709575060082003,1.3003350124586681,1.2586748753578592,1.0,PF,0.001187850259998413
rubble,PF,60,800,0.1,0.05,0.2,,5,0.3,0.2,2.0,20,0,0.7318435754189944,0.7146997206703911,0.8170391061452514,260.0,1.6,1.7166666666666666,102.19971257192631,0.03272916666666666,1.044865403788634,51,1.91340270188423,0.2449044904545378,1.31340270188423,1.1821860363380918,1.0,PF,0.0012036039062491
rubble,PF,60,800,0.1,0.05,0.2,,6,0.3,0.2,2.0,20,0,0.7269553072625698,0.6987779329608939,0.8226256983240223,280.0,1.55,1.7,98.95397737810922,0.034604166666666665,1.0205882352941176,48,1.96928398550063,0.2841712160777124,1.3692839855006305,1.2231008134020824,1.0,PF,0.0011729583324995474
rubble,PF,60,800,0.1,0.05,0.2,,7,0.3,0.2,2.0,20,0,0.776536312849162,0.7464036312849163,0.8512569832402235,200.0,1.65,1.25,101.12113899596802,0.0324375,1.1097804391217565,50,2.04151226962404,0.260191364390945,1.4415122696240399,1.3142690303250266,1.0,PF,0.0011558010412500153
rubble,PF,60,800,0.1,0.05,0.2,,8,0.3,0.2,2.0,20,0,0.7311452513966481,0.7104748603351956,0.8170391061452514,220.0,1.9333333333333333,1.8,101.67397608544282,0.027041666666666665,1.0165048543689321,50,1.90060582129954,0.23480674616659053,1.3006058212995404,1.1530412306188573,1.0,PF,0.0011896070837497065
rubble,PF,60,800,0.1,0.05,0.2,,9,0.3,0.2,2.0,20,0,0.6829608938547486,0.6622206703910614,0.7786312849162011,220.0,1.8666666666666667,1.8,100.42366624092496,0.02814583333333333,0.9908814589665653,49,1.8551919669543298,0.26939953761964136,1.2551919669543294,1.1453231604459577,1.0,PF,0.0011791216150004403
rubble,PF,60,800,0.1,0.05,0.2,,10,0.3,0.2,2.0,20,0,0.7241620111731844,0.7026885474860335,0.8198324022346368,240.0,1.4166666666666667,1.7833333333333334,94.89972099315834,0.027854166666666666,1.0087548638132295,43,2.0581623773304525,0.25656030717104567,1.458162377330452,1.35283104488878,1.0,PF,0.001122734271250465
rubble,PF,60,800,0.1,0.05,0.2,,11,0.3,0.2,2.0,20,0,0.7122905027932961,0.6848463687150838,0.7828212290502793,220.0,1.8833333333333333,1.4833333333333334,96.45088946730071,0.028854166666666667,1.069182389937107,45,1.9918793843638705,0.19334962578726383,1.3918793843638706,1.3218420953057555,1.0,PF,0.0011690327599990268
rubble,PF,60,800,0.1,0.05,0.2,,12,0.3,0.2,2.0,20,0,0.696927374301676,0.6637569832402236,0.7835195530726257,240.0,1.75,1.7166666666666666,93.92192790598875,0.025208333333333333,1.0142276422764227,42,2.1706809712849915,0.28509020866774853,1.570680971284992,1.4669960267292887,1.0,PF,0.0011611867700003131
rubble,PF,60,800,0.1,0.05,0.2,,13,0.3,0.2,2.0,20,0,0.7695530726256983,0.7355796089385473,0.8554469273743017,180.0,2.0,1.9333333333333333,98.76422559909643,0.035395833333333335,1.0699029126213593,48,2.0069091245698885,0.26186727374319424,1.4069091245698886,1.3036823058712734,1.0,PF,0.0011524199487507759
rubble,PF,60,800,0.1,0.05,0.2,,14,0.3,0.2,2.0,20,0,0.710195530726257,0.6883030726256982,0.8149441340782123,240.0,1.5166666666666666,1.5333333333333334,97.53596649102782,0.03258333333333333,1.0549792531120332,47,1.9424269423748723,0.33317231307664047,1.3424269423748723,1.1637945266753995,1.0,PF,0.0011714027600010014
rubble,PF,60,800,0.1,0.05,0.2,,15,0.3,0.2,2.0,20,0,0.7311452513966481,0.7137569832402235,0.840782122905028,240.0,1.8166666666666667,1.9666666666666666,101.55155938722906,0.03227083333333333,0.9830985915492958,51,1.8525051218122108,0.21336800871314798,1.2525051218122105,1.2047033261019888,1.0,PF,0.0011672376562501085
rubble,PF,60,800,0.1,0.05,0.2,,16,0.3,0.2,2.0,20,0,0.7185754189944135,0.6706005586592179,0.803072625698324,220.0,1.8333333333333333,1.6166666666666667,99.87660936858389,0.035354166666666666,1.0383451059535822,49,1.9885519435687504,0.2650063589506765,1.3885519435687503,1.2786227858254375,1.0,PF,0.0011551947387488325
rubble,PF,60,800,0.1,0.05,0.2,,17,0.3,0.2,2.0,20,0,0.7332402234636871,0.7137569832402233,0.8386871508379888,300.0,1.85,1.9666666666666666,96.03560574277782,0.030833333333333334,1.0375494071146245,45,2.009790091415255,0.2517669570739676,1.4097900914152555,1.2775540933216956,1.0,PF,0.0011361455212500005
rubble,PF,60,800,0.1,0.05,0.2,,19,0.3,0.2,2.0,20,0,0.7332402234636871,0.7069832402234637,0.8414804469273743,260.0,1.5666666666666667,1.8333333333333333,97.36781289879822,0.029833333333333333,1.010587102983638,46,2.015791959747931,0.24215948082939148,1.415791959747931,1.3194313669176108,1.0,PF,0.0011067833862512088
rubble,PF,60,800,0.1,0.05,0.2,,18,0.3,0.2,2.0,20,0,0.755586592178771,0.7165502793296089,0.8505586592178771,260.0,1.7333333333333334,1.7,98.26520151554655,0.0306875,1.0587084148727985,47,2.0798583212701227,0.29489335021902335,1.4798583212701228,1.3302456632525517,1.0,PF,0.0011268811450008797
rubble,PF,60,800,0.1,0.05,0.2,,20,0.3,0.2,2.0,20,0,0.75,0.7298184357541899,0.8296089385474861,220.0,1.6166666666666667,1.7,95.0765944773346,0.034083333333333334,1.0498533724340176,45,2.044398977223664,0.2225598417778093,1.4443989772236638,1.2580894748205158,1.0,PF,0.001092695781248949
rubble,PF,60,800,0.1,0.05,0.2,,21,0.3,0.2,2.0,20,0,0.672486033519553,0.6589734636871507,0.7953910614525139,260.0,1.7,1.5333333333333334,93.71443773528604,0.0333125,0.9582089552238805,42,2.074356109472091,0.28810603516364575,1.4743561094720903,1.3598463383445862,1.0,PF,0.001091821718750907
rubble,PF,60,800,0.1,0.05,0.2,,22,0.3,0.2,2.0,20,0,0.763268156424581,0.7400488826815643,0.8505586592178771,240.0,1.8166666666666667,2.0166666666666666,100.73258991732989,0.0284375,1.0736738703339883,49,2.0385459594856585,0.23814953628665375,1.4385459594856587,1.2913139388061419,1.0,PF,0.0011240151562492428
rubble,PF,60,800,0.1,0.05,0.2,,24,0.3,0.2,2.0,20,0,0.729050279329609,0.6969622905027933,0.8226256983240223,260.0,1.6333333333333333,2.283333333333333,99.82445763718096,0.035604166666666666,1.0346878097125867,49,1.943768805917719,0.22571979444316795,1.3437688059177184,1.2290835628750214,1.0,PF,0.001137954113748947
rubble,PF,60,800,0.1,0.05,0.2,,23,0.3,0.2,2.0,20,0,0.7479050279329609,0.7292946927374302,0.8568435754189944,220.0,2.033333333333333,1.6,101.2958744934542,0.0305,1.041828793774319,50,1.920760751091993,0.20903963654306854,1.3207607510919925,1.2611044779943537,1.0,PF,0.001172156874999928
rubble,PF,60,800,0.1,0.05,0.2,,25,0.3,0.2,2.0,20,0,0.736731843575419,0.7088687150837988,0.8261173184357542,220.0,1.9,1.95,99.42596313067057,0.0330625,1.0333006856023506,48,2.064858433845099,0.2901795251045417,1.4648584338450992,1.3168602702346552,1.0,PF,0.0011471424475007553
rubble,PF,60,800,0.1,0.05,0.2,,27,0.3,0.2,2.0,20,0,0.6717877094972067,0.6572625698324022,0.8310055865921788,200.0,1.6833333333333333,1.6333333333333333,95.73013481213907,0.023041666666666665,0.9422135161606268,44,1.9614976229207166,0.3854318709566131,1.3614976229207167,1.1345750818037683,1.0,PF,0.0010533063549996767
rubble,PF,60,800,0.1,0.05,0.2,,28,0.3,0.2,2.0,20,0,0.7416201117318436,0.6958100558659218,0.8331005586592178,260.0,1.8166666666666667,2.15,97.12097902265347,0.0348125,1.028073572120039,46,2.130460906099426,0.2786857797442047,1.5304609060994256,1.3537455998479442,1.0,PF,0.001085106093748891
rubble,PF,60,800,0.1,0.05,0.2,,26,0.3,0.2,2.0,20,0,0.7437150837988827,0.7217527932960894,0.8296089385474861,220.0,1.3666666666666667,1.7166666666666666,100.67037928780027,0.025895833333333333,1.0555004955401388,49,1.956354506409478,0.2867456802647952,1.356354506409478,1.20248834218468,1.0,PF,0.001113647136248801
rubble,PF,60,800,0.1,0.05,0.2,,29,0.3,0.2,2.0,20,0,0.7374301675977654,0.7210893854748603,0.8365921787709497,220.0,1.5833333333333333,1.4166666666666667,96.81022552464508,0.0359375,1.0507462686567164,46,1.999583324756371,0.23571638482627147,1.3995833247563716,1.2007258478975382,1.0,PF,0.001108947656248347
apartment,Boids,60,800,0.0,0.05,0.2,,0,0.3,0.2,2.0,20,0,0.77734375,0.7861328125,0.8567708333333334,120.0,1.1833333333333333,0.2,92.97193860477847,0.010020833333333333,0.9521531100478469,50,1.7889802474430363,0.12614102358756446,1.1889802474430362,1.1395642389385294,1.0,Boids,0.0011455861974991421
apartment,Boids,60,800,0.0,0.05,0.2,,1,0.3,0.2,2.0,20,0,0.7779947916666666,0.7718098958333334,0.865234375,120.0,1.1,0.2,91.94585309674557,0.011541666666666667,0.935054773082942,47,1.7910496991734746,0.12139601957662864,1.1910496991734745,1.1580129115662383,1.0,Boids,0.0011028613550001865
apartment,Boids,60,800,0.0,0.05,0.2,,2,0.3,0.2,2.0,20,0,0.798828125,0.7924804687499999,0.8743489583333334,120.0,1.0666666666666667,0.11666666666666667,92.06213622801071,0.011583333333333333,0.9511627906976744,47,1.9003405041424235,0.10882784096458004,1.3003405041424234,1.2951660151077333,1.0,Boids,0.0010850096874992232
apartment,Boids,60,800,0.0,0.05,0.2,,3,0.3,0.2,2.0,20,0,0.7994791666666666,0.7937174479166667,0.869140625,120.0,1.25,0.15,91.27126221899728,0.010916666666666667,0.9571317225253312,47,1.8182956993950128,0.12283374550011074,1.218295699395013,1.1447853130043635,1.0,Boids,0.0011139809900009823
apartment,Boids,60,800,0.0,0.05,0.2,,4,0.3,0.2,2.0,20,0,0.7994791666666666,0.7959960937499999,0.8671875,120.0,1.15,0.13333333333333333,92.98339334742064,0.012791666666666666,0.9646504320502749,51,1.730101913306369,0.16320511032413726,1.1301019133063692,1.0805526142410793,1.0,Boids,0.0011555168224981571
apartment,Boids,60,800,0.0,0.05,0.2,,6,0.3,0.2,2.0,20,0,0.75390625,0.7515299479166667,0.869140625,120.0,0.9833333333333333,0.15,87.56489641595017,0.0106875,0.900466562986003,42,1.875501094312583,0.18113180026930523,1.2755010943125826,1.257700073088814,1.0,Boids,0.0010696067187495827
apartment,Boids,60,800,0.0,0.05,0.2,,5,0.3,0.2,2.0,20,0,0.81640625,0.8129557291666668,0.8723958333333334,120.0,0.9833333333333333,0.06666666666666667,95.44535689785327,0.01125,0.9728471683475562,52,1.7641542190369675,0.10858491258757848,1.1641542190369676,1.1613908713681156,1.0,Boids,0.0011758052087498072
apartment,Boids,60,800,0.0,0.05,0.2,,7,0.3,0.2,2.0,20,0,0.8118489583333334,0.8087239583333332,0.8678385416666666,120.0,1.0,0.11666666666666667,94.39752110682096,0.010895833333333334,0.9912559618441972,52,1.7797570189054015,0.13959255036500015,1.1797570189054016,1.1404990246096447,1.0,Boids,0.0011771701562497583
apartment,Boids,60,800,0.0,0.05,0.2,,8,0.3,0.2,2.0,20,0,0.7903645833333334,0.7765950520833333,0.8723958333333334,120.0,0.9,0.1,90.6812895019668,0.012354166666666666,0.9484375,45,1.950808143012244,0.11941831802669996,1.350808143012244,1.317454801224915,1.0,Boids,0.0011130260937488856
apartment,Boids,60,800,0.0,0.05,0.2,,9,0.3,0.2,2.0,20,0,0.787109375,0.7796549479166666,0.8619791666666666,140.0,1.05,0.1,91.8612616279173,0.011291666666666667,0.9460093896713615,49,1.7469409673992438,0.11899918185648864,1.1469409673992437,1.1265131462864026,1.0,Boids,0.0011611868224986211
apartment,Boids,60,800,0.0,0.05,0.2,,10,0.3,0.2,2.0,20,0,0.7923177083333334,0.7837565104166666,0.8580729166666666,120.0,0.9666666666666667,0.13333333333333333,92.91447416180584,0.0113125,0.9689490445859873,50,1.814487837085417,0.14326893621344464,1.214487837085417,1.2337782924650988,1.0,Boids,0.001164750781249495
apartment,Boids,60,800,0.0,0.05,0.2,,11,0.3,0.2,2.0,20,0,0.7845052083333334,0.7828450520833333,0.8619791666666666,120.0,1.3333333333333333,0.05,92.9661397939056,0.010458333333333333,0.9465828750981933,49,1.7554650167550059,0.13712213960308192,1.1554650167550056,1.098318851942754,1.0,Boids,0.0011729463024994402
apartment,Boids,60,800,0.0,0.05,0.2,,12,0.3,0.2,2.0,20,0,0.8040364583333334,0.7934570312500001,0.869140625,120.0,1.1333333333333333,0.13333333333333333,92.36740792166592,0.0114375,0.9603421461897356,49,1.8282647209010243,0.07874353963864276,1.2282647209010242,1.219397738928881,1.0,Boids,0.0011554249999994682
apartment,Boids,60,800,0.0,0.05,0.2,,13,0.3,0.2,2.0,20,0,0.759765625,0.7587565104166667,0.873046875,120.0,1.2833333333333334,0.16666666666666666,87.70945903192008,0.012,0.9152941176470588,42,1.9555677030852687,0.1161321479116167,1.3555677030852689,1.3185855615086846,1.0,Boids,0.0010864744262494242
apartment,Boids,60,800,0.0,0.05,0.2,,15,0.3,0.2,2.0,20,0,0.7845052083333334,0.7758463541666668,0.8678385416666666,120.0,1.1833333333333333,0.15,90.60648376770223,0.010416666666666666,0.9518167456556083,45,1.8716047922038188,0.17298154632458074,1.2716047922038185,1.3171530880982951,1.0,Boids,0.0011057856762499796
apartment,Boids,60,800,0.0,0.05,0.2,,14,0.3,0.2,2.0,20,0,0.8046875,0.7992838541666667,0.8743489583333334,120.0,1.1666666666666667,0.16666666666666666,93.21916974888609,0.013854166666666667,0.9716981132075472,50,1.7685530358967636,0.15510175454074995,1.1685530358967635,1.0949418567345552,1.0,Boids,0.0011699253124993448
apartment,Boids,60,800,0.0,0.05,0.2,,16,0.3,0.2,2.0,20,0,0.77734375,0.7855468749999999,0.8645833333333334,120.0,1.2,0.03333333333333333,91.84330623919149,0.011895833333333333,0.944620253164557,47,1.7441672297267055,0.11321418883853053,1.1441672297267054,1.1476583057849945,1.0,Boids,0.0011403081775006286
apartment,Boids,60,800,0.0,0.05,0.2,,17,0.3,0.2,2.0,20,0,0.8072916666666666,0.8065104166666666,0.8736979166666666,140.0,1.1333333333333333,0.2,95.05928915814088,0.012375,0.985691573926868,52,1.782889906266437,0.07544460313112508,1.182889906266437,1.1597009858046894,1.0,Boids,0.0011864961974993094
apartment,Boids,60,800,0.0,0.05,0.2,,18,0.3,0.2,2.0,20,0,0.7740885416666666,0.7700520833333333,0.8645833333333334,120.0,0.9833333333333333,0.1,90.61407072346896,0.00725,0.9588709677419355,46,1.874297955898601,0.14001097133210533,1.2742979558986016,1.2182029920611872,1.0,Boids,0.001116517708749143
apartment,Boids,60,800,0.0,0.05,0.2,,19,0.3,0.2,2.0,20,0,0.8014322916666666,0.7983723958333333,0.8665364583333334,120.0,1.3,0.1,93.60077087227259,0.011145833333333334,0.96171875,50,1.7552106690007923,0.11961902453858653,1.1552106690007922,1.1534721196382374,1.0,Boids,0.001221497604999513
apartment,Boids,60,800,0.0,0.05,0.2,,20,0.3,0.2,2.0,20,0,0.7747395833333334,0.7664713541666667,0.8639322916666666,120.0,1.0166666666666666,0.1,90.41284816706512,0.012604166666666666,0.9392265193370166,46,1.8380250234160602,0.13114793178721687,1.2380250234160604,1.249817645855498,1.0,Boids,0.0011589104162499097
apartment,Boids,60,800,0.0,0.05,0.2,,21,0.3,0.2,2.0,20,0,0.77734375,0.7917643229166667,0.8684895833333334,140.0,1.3333333333333333,0.08333333333333333,92.22486115371179,0.011666666666666667,0.9438735177865613,49,1.7393754367939673,0.12054372028152698,1.139375436793967,1.1416410031859008,1.0,Boids,0.0011623554162497386
apartment,Boids,60,800,0.0,0.05,0.2,,22,0.3,0.2,2.0,20,0,0.8118489583333334,0.80556640625,0.8684895833333334,140.0,1.0833333333333333,0.1,94.89954659768136,0.012291666666666666,0.9896825396825397,53,1.7302327753515803,0.12368988939049413,1.1302327753515802,1.1054380995609918,1.0,Boids,0.0012366966150011648
apartment,Boids,60,800,0.0,0.05,0.2,,23,0.3,0.2,2.0,20,0,0.7682291666666666,0.7734049479166666,0.8678385416666666,120.0,1.1333333333333333,0.1,88.89837650934419,0.010979166666666667,0.9240407204385277,44,1.8735273965602643,0.12369128182217295,1.2735273965602643,1.2071651315500702,1.0,Boids,0.001148259374999725
apartment,Boids,60,800,0.0,0.05,0.2,,24,0.3,0.2,2.0,20,0,0.7962239583333334,0.7857096354166666,0.865234375,120.0,1.1666666666666667,0.08333333333333333,92.05849420359382,0.011083333333333334,0.9690966719492868,48,1.8209253545973387,0.09925695441220796,1.2209253545973386,1.2300479533240598,1.0,Boids,0.001204071355000451
apartment,Boids,60,800,0.0,0.05,0.2,,25,0.3,0.2,2.0,20,0,0.8385416666666666,0.8210286458333333,0.9361979166666666,120.0,1.05,0.13333333333333333,93.2210093552971,0.009708333333333333,0.9900076863950806,49,1.928665808707882,0.23382291316163092,1.3286658087078818,1.2853005299162885,1.0,Boids,0.001183465521251037
apartment,Boids,60,800,0.0,0.05,0.2,,26,0.3,0.2,2.0,20,0,0.7747395833333334,0.7763997395833333,0.869140625,120.0,1.3166666666666667,0.2,91.26183133290823,0.012104166666666666,0.9231962761830876,46,1.8198704727898616,0.12511541536905543,1.219870472789861,1.22337446811511,1.0,Boids,0.0011808132300006947
apartment,Boids,60,800,0.0,0.05,0.2,,27,0.3,0.2,2.0,20,0,0.7721354166666666,0.7657877604166666,0.8639322916666666,120.0,0.9666666666666667,0.11666666666666667,90.47001475067009,0.009958333333333333,0.9301960784313725,47,1.758554324766966,0.11091665249979395,1.158554324766966,1.1660410839049367,1.0,Boids,0.0011525161462486722
apartment,Boids,60,800,0.0,0.05,0.2,,28,0.3,0.2,2.0,20,0,0.7734375,0.7633463541666667,0.8658854166666666,120.0,1.1666666666666667,0.1,88.51909401717488,0.012083333333333333,0.9346970889063729,43,1.9262772319830266,0.11167203131480369,1.326277231983026,1.3522294537516863,1.0,Boids,0.0011482447912499083
apartment,Boids,60,800,0.0,0.05,0.2,,29,0.3,0.2,2.0,20,0,0.7408854166666666,0.7500325520833333,0.8665364583333334,120.0,1.15,0.11666666666666667,87.5447872723615,0.01175,0.9096722621902478,43,1.82419904726397,0.11139008832441384,1.2241990472639699,1.2287852581042027,1.0,Boids,0.0011232420312512659
apartment,Boids,60,800,0.02,0.05,0.2,,0,0.3,0.2,2.0,20,0,0.7923177083333334,0.7826497395833333,0.869140625,120.0,1.1666666666666667,0.08333333333333333,94.79838857241654,0.0115,0.9552590266875981,46,1.8347930402768657,0.1408149934905244,1.2347930402768659,1.2056433241449849,1.0,Boids,0.0011495048437495825
apartment,Boids,60,800,0.02,0.05,0.2,,1,0.3,0.2,2.0,20,0,0.7884114583333334,0.7807291666666668,0.869140625,120.0,1.3833333333333333,0.18333333333333332,94.03365268786762,0.012395833333333333,0.9468334636434715,45,1.8891772021058453,0.11123894862962005,1.2891772021058452,1.2627173124946514,1.0,Boids,0.00108529963500132
apartment,Boids,60,800,0.02,0.05,0.2,,2,0.3,0.2,2.0,20,0,0.7923177083333334,0.7923502604166666,0.8658854166666666,120.0,1.2,0.13333333333333333,96.85659127052719,0.01125,0.959022852639874,48,1.7991634951193973,0.11543028978598463,1.1991634951193975,1.2042576776959661,1.0,Boids,0.0011263923962496847
apartment,Boids,60,800,0.02,0.05,0.2,,4,0.3,0.2,2.0,20,0,0.7408854166666666,0.73369140625,0.865234375,120.0,1.35,0.11666666666666667,90.06254130805695,0.011333333333333334,0.8974763406940062,40,1.9314597846363672,0.09501791819487354,1.3314597846363672,1.3708648425005665,1.0,Boids,0.00104411234374993
apartment,Boids,60,800,0.02,0.05,0.2,,3,0.3,0.2,2.0,20,0,0.8248697916666666,0.8048828125,0.8704427083333334,140.0,1.0666666666666667,0.1,99.47434661206411,0.012083333333333333,0.9898437499999999,53,1.7356158593936277,0.13520843298514612,1.1356158593936279,1.1649552060442936,1.0,Boids,0.001184142500001144
apartment,Boids,60,800,0.02,0.05,0.2,,5,0.3,0.2,2.0,20,0,0.7799479166666666,0.7815104166666667,0.8717447916666666,120.0,1.25,0.16666666666666666,93.86056092353458,0.011625,0.9344773790951638,45,1.8714165592290246,0.16548773590851737,1.271416559229024,1.2052145965475694,1.0,Boids,0.0011187653124989083
apartment,Boids,60,800,0.02,0.05,0.2,,6,0.3,0.2,2.0,20,0,0.7858072916666666,0.7683268229166667,0.8606770833333334,120.0,1.2,0.11666666666666667,94.20240451205326,0.010666666666666666,0.9444444444444444,45,1.8648928987264326,0.1195030682256048,1.264892898726433,1.2146054970443454,1.0,Boids,0.0010879873950011643
apartment,Boids,60,800,0.02,0.05,0.2,,9,0.3,0.2,2.0,20,0,0.7708333333333334,0.7713216145833333,0.8678385416666666,120.0,1.0666666666666667,0.18333333333333332,93.75890240142066,0.011916666666666667,0.9264475743348983,45,1.8507868436100525,0.1380240619463116,1.2507868436100527,1.1653558825286154,1.0,Boids,0.0011249251037497743
apartment,Boids,60,800,0.02,0.05,0.2,,8,0.3,0.2,2.0,20,0,0.7955729166666666,0.7950520833333333,0.86328125,120.0,1.1833333333333333,0.15,98.5457190241962,0.012375,0.9629629629629629,52,1.7236675935550683,0.13522252479704058,1.1236675935550684,1.0785358588665985,1.0,Boids,0.0011811544274996776
apartment,Boids,60,800,0.02,0.05,0.2,,7,0.3,0.2,2.0,20,0,0.8092447916666666,0.80322265625,0.8658854166666666,120.0,1.45,0.25,98.35752631896852,0.012020833333333333,0.9756671899529041,52,1.7999132988864244,0.11342249007409856,1.199913298886424,1.190063379502237,1.0,Boids,0.001209850207501404
apartment,Boids,60,800,0.02,0.05,0.2,,10,0.3,0.2,2.0,20,0,0.7825520833333334,0.77998046875,0.8600260416666666,120.0,1.4666666666666666,0.1,96.87772803382767,0.0124375,0.9405320813771518,49,1.7832746293158475,0.1418398885110303,1.1832746293158476,1.161941959610398,1.0,Boids,0.001180187968748214
apartment,Boids,60,800,0.02,0.05,0.2,,11,0.3,0.2,2.0,20,0,0.7786458333333334,0.7803710937500001,0.859375,120.0,1.1,0.16666666666666666,96.0514952914376,0.0113125,0.9447077409162717,49,1.718128130858444,0.1463515390115088,1.1181281308584439,1.1271233475345768,1.0,Boids,0.001186163281249719
apartment,Boids,60,800,0.02,0.05,0.2,,12,0.3,0.2,2.0,20,0,0.759765625,0.7620442708333334,0.8639322916666666,140.0,1.05,0.18333333333333332,93.3376725954853,0.0113125,0.9203470031545741,44,1.8906630243467901,0.13041251848041188,1.2906630243467898,1.2253223975100387,1.0,Boids,0.0011466740099990603
apartment,Boids,60,800,0.02,0.05,0.2,,13,0.3,0.2,2.0,20,0,0.822265625,0.8150065104166666,0.9361979166666666,120.0,1.3,0.2,96.67858941514545,0.012833333333333334,0.9767981438515081,48,1.884771262262239,0.25928243170855125,1.284771262262239,1.249765908922691,1.0,Boids,0.0011276377087506262
apartment,Boids,60,800,0.02,0.05,0.2,,14,0.3,0.2,2.0,20,0,0.77734375,0.7787760416666667,0.869140625,120.0,1.2,0.06666666666666667,94.90621446205704,0.0123125,0.943127962085308,46,1.8971702435360016,0.11647687748864598,1.2971702435360015,1.3259783029927492,1.0,Boids,0.0011875628124994363
apartment,Boids,60,800,0.02,0.05,0.2,,15,0.3,0.2,2.0,20,0,0.7981770833333334,0.7913411458333334,0.87109375,120.0,1.3166666666666667,0.13333333333333333,95.52483429055908,0.011958333333333333,0.9489164086687306,47,1.7952632155060284,0.14046784286274086,1.195263215506029,1.2002427121454415,1.0,Boids,0.0011054581250004958
apartment,Boids,60,800,0.02,0.05,0.2,,17,0.3,0.2,2.0,20,0,0.7884114583333334,0.7771809895833334,0.8645833333333334,120.0,1.0833333333333333,0.18333333333333332,96.11062125059634,0.012791666666666666,0.94609375,49,1.7898225467896436,0.12773980848620475,1.1898225467896433,1.15393705421751,1.0,Boids,0.0011630440625003758
apartment,Boids,60,800,0.02,0.05,0.2,,16,0.3,0.2,2.0,20,0,0.8138020833333334,0.8047200520833332,0.8684895833333334,120.0,1.3,0.16666666666666666,98.13820413367225,0.013583333333333333,0.9881422924901185,52,1.795481922585598,0.11905808359354446,1.1954819225855977,1.1887147510645462,1.0,Boids,0.001186892968751181
apartment,Boids,60,800,0.02,0.05,0.2,,18,0.3,0.2,2.0,20,0,0.822265625,0.8126302083333332,0.8665364583333334,120.0,0.8833333333333333,0.2,99.71498614887511,0.008270833333333333,1.0063745019920318,53,1.762710490848723,0.13590043715437536,1.1627104908487225,1.1289272105134374,1.0,Boids,0.0011857738024991704
apartment,Boids,60,800,0.02,0.05,0.2,,19,0.3,0.2,2.0,20,0,0.7877604166666666,0.7753255208333334,0.8736979166666666,120.0,1.1333333333333333,0.08333333333333333,94.77649125151906,0.0114375,0.937984496124031,45,1.967110562186424,0.17401708517107453,1.3671105621864243,1.2759849220328991,1.0,Boids,0.0011017982812495575
apartment,Boids,60,800,0.02,0.05,0.2,,20,0.3,0.2,2.0,20,0,0.7858072916666666,0.7816406249999999,0.8619791666666666,120.0,1.4,0.13333333333333333,95.94172149021801,0.013583333333333333,0.9511426319936958,49,1.7568917320172917,0.098810864335378,1.1568917320172916,1.122222611322814,1.0,Boids,0.0011436904175002383
apartment,Boids,60,800,0.02,0.05,0.2,,21,0.3,0.2,2.0,20,0,0.7760416666666666,0.7802083333333332,0.8639322916666666,140.0,1.4166666666666667,0.15,96.53569498112282,0.012,0.9290724863600934,49,1.7585648634021795,0.13387518204990304,1.1585648634021795,1.1527683320922915,1.0,Boids,0.0011683156762501313
apartment,Boids,60,800,0.02,0.05,0.2,,22,0.3,0.2,2.0,20,0,0.7845052083333334,0.7787760416666667,0.8678385416666666,120.0,1.4166666666666667,0.13333333333333333,95.04817089154197,0.0123125,0.9624600638977636,47,1.8210596940102366,0.11980646271438783,1.2210596940102367,1.2231874789176271,1.0,Boids,0.0011237438025000302
apartment,Boids,60,800,0.02,0.05,0.2,,23,0.3,0.2,2.0,20,0,0.8138020833333334,0.79716796875,0.869140625,140.0,1.4333333333333333,0.18333333333333332,95.92084654712095,0.0131875,0.9811616954474097,48,1.9059681708309721,0.12265872355520989,1.305968170830972,1.3143232965316827,1.0,Boids,0.0011607721874997879
apartment,Boids,60,800,0.02,0.05,0.2,,24,0.3,0.2,2.0,20,0,0.783203125,0.7722330729166667,0.8658854166666666,120.0,1.3166666666666667,0.21666666666666667,94.87684129233791,0.012791666666666666,0.93984375,47,1.7882927173333452,0.14251006952426964,1.188292717333345,1.1825473888358622,1.0,Boids,0.0011398658862503907
apartment,Boids,60,800,0.02,0.05,0.2,,25,0.3,0.2,2.0,20,0,0.7682291666666666,0.7689778645833332,0.8645833333333334,120.0,1.1,0.11666666666666667,95.54040465709674,0.011020833333333334,0.929866036249015,48,1.7104199004177392,0.11552451212666032,1.110419900417739,1.0994664323261587,1.0,Boids,0.0011176647912498083
apartment,Boids,60,800,0.02,0.05,0.2,,26,0.3,0.2,2.0,20,0,0.74609375,0.7417643229166667,0.869140625,120.0,1.25,0.13333333333333333,92.03076790084505,0.012125,0.8842592592592593,43,1.9294854467597118,0.23604032466914593,1.3294854467597117,1.2533729490252985,1.0,Boids,0.001104707500001041
apartment,Boids,60,800,0.02,0.05,0.2,,27,0.3,0.2,2.0,20,0,0.783203125,0.7767578125,0.8697916666666666,120.0,1.3333333333333333,0.18333333333333332,95.52328846660849,0.011583333333333333,0.9413145539906104,47,1.8224913070385738,0.1419609751749821,1.2224913070385737,1.1681366612469346,1.0,Boids,0.0011506752612490344
apartment,Boids,60,800,0.02,0.05,0.2,,28,0.3,0.2,2.0,20,0,0.7838541666666666,0.77294921875,0.8600260416666666,120.0,1.1666666666666667,0.06666666666666667,94.55012573401066,0.012333333333333333,0.9647435897435896,47,1.7948749212419075,0.1343654879704824,1.1948749212419076,1.209466718782866,1.0,Boids,0.0011080360412506706
apartment,Boids,60,800,0.02,0.05,0.2,,29,0.3,0.2,2.0,20,0,0.7669270833333334,0.7587890624999999,0.8658854166666666,120.0,1.1666666666666667,0.11666666666666667,92.9771336557035,0.0118125,0.9210320562939798,44,1.8904458779514235,0.14743463689956152,1.2904458779514236,1.2329641938036517,1.0,Boids,0.0011007787500011545
apartment,Boids,60,800,0.04,0.05,0.2,,0,0.3,0.2,2.0,20,0,0.7884114583333334,0.7795572916666667,0.8639322916666666,120.0,1.3166666666666667,0.13333333333333333,102.46431341755843,0.012583333333333334,0.9483163664839468,49,1.725851369297811,0.12798028904744663,1.1258513692978112,1.1166353308239332,1.0,Boids,0.0011240533862496703
apartment,Boids,60,800,0.04,0.05,0.2,,1,0.3,0.2,2.0,20,0,0.783203125,0.7807291666666666,0.869140625,140.0,1.1833333333333333,0.15,101.02341644406219,0.012395833333333333,0.951740506329114,47,1.8243721666438628,0.1439170408602785,1.224372166643862,1.226356634799969,1.0,Boids,0.0011309542712501753
apartment,Boids,60,800,0.04,0.05,0.2,,2,0.3,0.2,2.0,20,0,0.7845052083333334,0.7840169270833333,0.869140625,120.0,1.3666666666666667,0.16666666666666666,99.93253351703007,0.011416666666666667,0.9428794992175275,45,1.8923506872820297,0.15778192531748533,1.2923506872820298,1.2987329543357329,1.0,Boids,0.0011134692187511064
apartment,Boids,60,800,0.04,0.05,0.2,,3,0.3,0.2,2.0,20,0,0.7916666666666666,0.7841145833333332,0.8671875,140.0,1.1833333333333333,0.15,100.21764596395482,0.0124375,0.9559748427672956,46,1.8595741162208628,0.15973879464432916,1.2595741162208625,1.2664066525869724,1.0,Boids,0.0011345263012503893
apartment,Boids,60,800,0.04,0.05,0.2,,5,0.3,0.2,2.0,20,0,0.79296875,0.7847005208333333,0.8697916666666666,120.0,1.55,0.2,101.05032099953405,0.01375,0.9590551181102362,47,1.7788320331762324,0.11072712192772688,1.1788320331762328,1.1814965821166505,1.0,Boids,0.0011186592187505085
apartment,Boids,60,800,0.04,0.05,0.2,,4,0.3,0.2,2.0,20,0,0.7779947916666666,0.7689453124999999,0.8619791666666666,140.0,1.3666666666666667,0.13333333333333333,101.75763851307697,0.012104166666666666,0.9379905808477236,48,1.722679569468653,0.14257488059568255,1.1226795694686529,1.1505303604055204,1.0,Boids,0.0011245552612513165
apartment,Boids,60,800,0.04,0.05,0.2,,6,0.3,0.2,2.0,20,0,0.802734375,0.8054361979166668,0.8717447916666666,120.0,1.15,0.13333333333333333,103.52839868150572,0.010479166666666666,0.9572981366459627,50,1.823131952840302,0.11361486604089646,1.223131952840302,1.2151836439223922,1.0,Boids,0.0011796271349999187
apartment,Boids,60,800,0.04,0.05,0.2,,7,0.3,0.2,2.0,20,0,0.7916666666666666,0.7957356770833333,0.8717447916666666,120.0,1.4666666666666666,0.18333333333333332,102.3659864137724,0.012020833333333333,0.9522317932654658,49,1.7456529349578827,0.10682073526239506,1.1456529349578823,1.1638741656133185,1.0,Boids,0.0011398748437500216
apartment,Boids,60,800,0.04,0.05,0.2,,8,0.3,0.2,2.0,20,0,0.775390625,0.7768229166666667,0.8704427083333334,120.0,1.2666666666666666,0.18333333333333332,100.25228026800383,0.012229166666666666,0.942246835443038,46,1.8396805427546892,0.1791193104328792,1.239680542754689,1.214791217524069,1.0,Boids,0.0011442382287509645
apartment,Boids,60,800,0.04,0.05,0.2,,9,0.3,0.2,2.0,20,0,0.8079427083333334,0.7942057291666667,0.869140625,120.0,1.2,0.06666666666666667,103.31598734562387,0.0130625,0.9710485133020345,50,1.7831733386443238,0.11580061307971726,1.1831733386443242,1.163511113769429,1.0,Boids,0.001157463593749526
apartment,Boids,60,800,0.04,0.05,0.2,,10,0.3,0.2,2.0,20,0,0.8020833333333334,0.7997395833333334,0.8665364583333334,120.0,1.4333333333333333,0.18333333333333332,104.40547239711265,0.012458333333333333,0.9731437598736178,52,1.7466063030673564,0.10825340279491968,1.1466063030673568,1.164505937622633,1.0,Boids,0.001171084531249562
apartment,Boids,60,800,0.04,0.05,0.2,,11,0.3,0.2,2.0,20,0,0.8216145833333334,0.81416015625,0.8723958333333334,140.0,1.4166666666666667,0.23333333333333334,105.3073199207899,0.0128125,0.9921383647798743,53,1.6930471318570617,0.12114581510065507,1.0930471318570614,1.0866692928973332,1.0,Boids,0.0012160231774987552
apartment,Boids,60,800,0.04,0.05,0.2,,12,0.3,0.2,2.0,20,0,0.7877604166666666,0.7873697916666667,0.8704427083333334,120.0,1.0166666666666666,0.11666666666666667,100.82907590663055,0.011041666666666667,0.937984496124031,47,1.77512440348826,0.14464774024432073,1.1751244034882602,1.2064814325347424,1.0,Boids,0.0011341851037491323
apartment,Boids,60,800,0.04,0.05,0.2,,14,0.3,0.2,2.0,20,0,0.794921875,0.7928059895833334,0.8671875,140.0,1.1666666666666667,0.15,102.57317347592839,0.0130625,0.9629337539432177,49,1.8210775018492287,0.13317094575068014,1.2210775018492284,1.215944868533457,1.0,Boids,0.001192025937498329
apartment,Boids,60,800,0.04,0.05,0.2,,13,0.3,0.2,2.0,20,0,0.8059895833333334,0.7985026041666667,0.8704427083333334,140.0,1.3166666666666667,0.13333333333333333,104.57198205396972,0.0130625,0.9778830963665087,51,1.7279479053906988,0.1284781539443938,1.127947905390699,1.1243136999912253,1.0,Boids,0.0012110995837497284
apartment,Boids,60,800,0.04,0.05,0.2,,15,0.3,0.2,2.0,20,0,0.7897135416666666,0.7828776041666666,0.8671875,120.0,1.1166666666666667,0.08333333333333333,102.11190585192303,0.0115,0.950626959247649,49,1.781551827280728,0.13514187289659618,1.181551827280728,1.1719996035543732,1.0,Boids,0.0012239895312495719
apartment,Boids,60,800,0.04,0.05,0.2,,16,0.3,0.2,2.0,20,0,0.8170572916666666,0.8104817708333334,0.8671875,140.0,1.4166666666666667,0.15,103.77807981840559,0.012729166666666666,0.9820031298904538,51,1.844058102836675,0.12032895649471935,1.2440581028366753,1.236998330224779,1.0,Boids,0.001186431511250703
apartment,Boids,60,800,0.04,0.05,0.2,,17,0.3,0.2,2.0,20,0,0.794921875,0.796875,0.8717447916666666,120.0,1.5,0.2,102.42014706519574,0.013520833333333333,0.967511885895404,49,1.8043882474672226,0.1120885876386422,1.2043882474672225,1.1674480810169006,1.0,Boids,0.0011529849474982256
apartment,Boids,60,800,0.04,0.05,0.2,,18,0.3,0.2,2.0,20,0,0.7701822916666666,0.7722981770833333,0.861328125,140.0,1.05,0.16666666666666666,100.08915944502654,0.008145833333333333,0.9486768243785083,46,1.8303593455450298,0.15401211600876272,1.2303593455450303,1.2381302696795369,1.0,Boids,0.0011494497925014003
apartment,Boids,60,800,0.04,0.05,0.2,,19,0.3,0.2,2.0,20,0,0.78515625,0.7781901041666666,0.861328125,120.0,1.1,0.2,101.56802720299935,0.012833333333333334,0.951854775059195,48,1.817246512984455,0.15353030883363164,1.2172465129844554,1.2184488228617532,1.0,Boids,0.0011551662500005478
apartment,Boids,60,800,0.04,0.05,0.2,,20,0.3,0.2,2.0,20,0,0.8053385416666666,0.79765625,0.865234375,120.0,1.3666666666666667,0.2,103.56187299233851,0.0123125,0.9778656126482212,50,1.8074577115169241,0.12833231641928347,1.207457711516924,1.1622855947395923,1.0,Boids,0.0011644339575013873
apartment,Boids,60,800,0.04,0.05,0.2,,21,0.3,0.2,2.0,20,0,0.8046875,0.8030598958333333,0.8736979166666666,120.0,1.2,0.15,103.83477527866098,0.012875,0.9817315329626688,51,1.7250653227619812,0.17309895416571766,1.1250653227619811,1.0882610636153434,1.0,Boids,0.0011933006762478726
apartment,Boids,60,800,0.04,0.05,0.2,,22,0.3,0.2,2.0,20,0,0.7493489583333334,0.73896484375,0.8658854166666666,120.0,1.3333333333333333,0.08333333333333333,95.21874983488684,0.0121875,0.9006259780907668,40,2.0025114164829914,0.11709817647359966,1.4025114164829913,1.3819859966973782,1.0,Boids,0.0010942081774987856
apartment,Boids,60,800,0.04,0.05,0.2,,23,0.3,0.2,2.0,20,0,0.8040364583333334,0.7916666666666667,0.8684895833333334,120.0,1.5166666666666666,0.16666666666666666,102.42875024228192,0.013208333333333334,0.9801587301587302,49,1.776265843059743,0.11386622920101734,1.1762658430597428,1.2021774884695744,1.0,Boids,0.0011653142187492448
apartment,Boids,60,800,0.04,0.05,0.2,,24,0.3,0.2,2.0,20,0,0.748046875,0.7578450520833333,0.8619791666666666,140.0,1.2833333333333334,0.13333333333333333,98.44764380319913,0.012416666666666666,0.916999201915403,44,1.773904487770443,0.15330821900460312,1.1739044877704428,1.167346689970415,1.0,Boids,0.0011287367187514973
apartment,Boids,60,800,0.04,0.05,0.2,,25,0.3,0.2,2.0,20,0,0.76953125,0.7739908854166667,0.8697916666666666,120.0,1.3333333333333333,0.13333333333333333,99.67825416316143,0.011708333333333333,0.935126582278481,45,1.8095755985694941,0.12875776982767206,1.2095755985694947,1.2219633802935852,1.0,Boids,0.0011059173962485148
apartment,Boids,60,800,0.04,0.05,0.2,,26,0.3,0.2,2.0,20,0,0.7578125,0.7615234375,0.869140625,120.0,1.3833333333333333,0.13333333333333333,96.51926541486485,0.01225,0.9136577708006279,42,1.9043022541633472,0.14243764352683205,1.3043022541633473,1.2378100565024652,1.0,Boids,0.001069124427499446
apartment,Boids,60,800,0.04,0.05,0.2,,27,0.3,0.2,2.0,20,0,0.7669270833333334,0.770703125,0.8626302083333334,120.0,1.3333333333333333,0.08333333333333333,99.2968684459199,0.011145833333333334,0.9253731343283583,45,1.8826152706173995,0.1312488681501793,1.2826152706173997,1.2784036050495802,1.0,Boids,0.0011393985412519213
apartment,Boids,60,800,0.04,0.05,0.2,,28,0.3,0.2,2.0,20,0,0.8287760416666666,0.82431640625,0.8723958333333334,120.0,1.3166666666666667,0.15,107.46891201582541,0.011916666666666667,1.0055292259083728,55,1.6934973894976033,0.15528234703112576,1.093497389497603,1.0819651370560939,1.0,Boids,0.0012074170312484965
apartment,Boids,60,800,0.04,0.05,0.2,,29,0.3,0.2,2.0,20,0,0.7916666666666666,0.79365234375,0.8678385416666666,140.0,1.1833333333333333,0.16666666666666666,101.98712356423935,0.0125,0.9477786438035852,48,1.7942837798582059,0.09662688466581679,1.1942837798582058,1.1498553090661932,1.0,Boids,0.0011381208337502358
apartment,Boids,60,800,0.07,0.05,0.2,,0,0.3,0.2,2.0,20,0,0.76953125,0.7619140625,0.8671875,120.0,1.5166666666666666,0.2,108.34455981602765,0.013708333333333333,0.9343873517786561,42,1.9153895215195704,0.15246409756177803,1.3153895215195701,1.2971171722632548,1.0,Boids,0.0010954892699987795
apartment,Boids,60,800,0.07,0.05,0.2,,1,0.3,0.2,2.0,20,0,0.7786458333333334,0.7805989583333334,0.8678385416666666,140.0,1.6666666666666667,0.16666666666666666,110.7993132427536,0.0168125,0.940251572327044,46,1.8518490128118292,0.1028140853450882,1.2518490128118294,1.286311613953406,1.0,Boids,0.0011277979687497463
apartment,Boids,60,800,0.07,0.05,0.2,,2,0.3,0.2,2.0,20,0,0.7747395833333334,0.781640625,0.869140625,160.0,1.7,0.13333333333333333,111.28110418450633,0.01425,0.9340659340659341,46,1.8015753067716633,0.14525032292609732,1.201575306771663,1.2047487196355504,1.0,Boids,0.0011183197399986966
apartment,Boids,60,800,0.07,0.05,0.2,,3,0.3,0.2,2.0,20,0,0.8040364583333334,0.8067057291666666,0.8743489583333334,140.0,1.5833333333333333,0.18333333333333332,116.94645943328382,0.014,0.9709119496855346,52,1.6972716766729705,0.12525094308134493,1.0972716766729702,1.0782970110745564,1.0,Boids,0.001205204427501485
apartment,Boids,60,800,0.07,0.05,0.2,,4,0.3,0.2,2.0,20,0,0.78515625,0.7727864583333334,0.8619791666666666,160.0,1.5,0.23333333333333334,113.5453720759552,0.014041666666666666,0.951854775059195,49,1.7436143250179827,0.154397999620627,1.1436143250179824,1.1195520628152327,1.0,Boids,0.001179511666250619
apartment,Boids,60,800,0.07,0.05,0.2,,5,0.3,0.2,2.0,20,0,0.8001302083333334,0.7983072916666667,0.865234375,120.0,1.5166666666666666,0.3,115.67233124415274,0.014041666666666666,0.9730799683293746,51,1.7212930021865716,0.13183016728661567,1.121293002186572,1.1289788388025057,1.0,Boids,0.0012069473437486523
apartment,Boids,60,800,0.07,0.05,0.2,,6,0.3,0.2,2.0,20,0,0.7884114583333334,0.7922200520833333,0.8723958333333334,140.0,1.45,0.18333333333333332,114.3327619461429,0.013020833333333334,0.9657097288676236,49,1.7539578207683137,0.10997193003256933,1.1539578207683134,1.154619275368367,1.0,Boids,0.001133246093750131
apartment,Boids,60,800,0.07,0.05,0.2,,7,0.3,0.2,2.0,20,0,0.7760416666666666,0.76162109375,0.8665364583333334,140.0,1.3333333333333333,0.3,111.79367463149052,0.013520833333333333,0.9319781078967944,47,1.8676946662192428,0.1870096468416794,1.2676946662192432,1.212278175536197,1.0,Boids,0.0011550041674991008
apartment,Boids,60,800,0.07,0.05,0.2,,9,0.3,0.2,2.0,20,0,0.7701822916666666,0.7762369791666667,0.869140625,140.0,1.5333333333333334,0.2833333333333333,111.55490767888732,0.014645833333333334,0.9411296738265712,46,1.8557787832263717,0.22385321266696456,1.2557787832263716,1.1774108164642019,1.0,Boids,0.0011523946350007464
apartment,Boids,60,800,0.07,0.05,0.2,,8,0.3,0.2,2.0,20,0,0.78125,0.7920247395833333,0.8678385416666666,140.0,1.6,0.21666666666666667,113.99845950352842,0.014333333333333333,0.9577015163607342,49,1.745060940713756,0.13490439071400506,1.145060940713756,1.1391108235254284,1.0,Boids,0.001218349999999191
apartment,Boids,60,800,0.07,0.05,0.2,,10,0.3,0.2,2.0,20,0,0.8001302083333334,0.8065429687499999,0.87109375,140.0,1.7333333333333334,0.23333333333333334,117.34447341529632,0.013145833333333334,0.957165109034268,52,1.6985990280617156,0.13647825280348277,1.0985990280617153,1.0551386327354653,1.0,Boids,0.0012152714062494852
apartment,Boids,60,800,0.07,0.05,0.2,,11,0.3,0.2,2.0,20,0,0.791015625,0.7893880208333335,0.8697916666666666,140.0,1.6166666666666667,0.25,116.24594397885998,0.013354166666666667,0.94921875,51,1.753973431942501,0.1281838116093263,1.1539734319425012,1.1302578854251308,1.0,Boids,0.0012070594274996439
apartment,Boids,60,800,0.07,0.05,0.2,,12,0.3,0.2,2.0,20,0,0.7884114583333334,0.7749023437500001,0.8684895833333334,160.0,1.5166666666666666,0.2,109.97553419916572,0.013416666666666667,0.9490595611285267,44,1.9269165850038261,0.1452528240159573,1.3269165850038258,1.3461232031072705,1.0,Boids,0.0011326858849997734
apartment,Boids,60,800,0.07,0.05,0.2,,13,0.3,0.2,2.0,20,0,0.7740885416666666,0.7804036458333333,0.8717447916666666,120.0,1.7166666666666666,0.2833333333333333,111.3637358356209,0.014791666666666667,0.9318181818181818,46,1.8314902926647805,0.12883654016162083,1.2314902926647802,1.2673448324917604,1.0,Boids,0.0011399418750011137
apartment,Boids,60,800,0.07,0.05,0.2,,14,0.3,0.2,2.0,20,0,0.77734375,0.769140625,0.8678385416666666,140.0,1.6,0.35,109.39845997700813,0.01625,0.944620253164557,44,1.799985412309252,0.15207281802071523,1.1999854123092524,1.169844815697417,1.0,Boids,0.0010927989062497546
apartment,Boids,60,800,0.07,0.05,0.2,,15,0.3,0.2,2.0,20,0,0.763671875,0.74716796875,0.8678385416666666,140.0,1.6666666666666667,0.2,106.97926404342722,0.013375,0.9243498817966903,41,1.959702298372702,0.11885184811429468,1.3597022983727016,1.4278423599785728,1.0,Boids,0.0010827845837502537
apartment,Boids,60,800,0.07,0.05,0.2,,16,0.3,0.2,2.0,20,0,0.78515625,0.7774739583333333,0.8645833333333334,140.0,1.9166666666666667,0.13333333333333333,112.86870777005812,0.015583333333333333,0.9609561752988048,48,1.8348047371636673,0.10019546784712677,1.2348047371636675,1.226870175197495,1.0,Boids,0.0011752405724996607
apartment,Boids,60,800,0.07,0.05,0.2,,17,0.3,0.2,2.0,20,0,0.8098958333333334,0.7967773437500001,0.8704427083333334,140.0,1.4166666666666667,0.26666666666666666,114.11237971973232,0.014333333333333333,0.9733959311424101,49,1.8608923520833947,0.12026644657410353,1.2608923520833948,1.2442090467355196,1.0,Boids,0.001177160051249757
apartment,Boids,60,800,0.07,0.05,0.2,,18,0.3,0.2,2.0,20,0,0.7858072916666666,0.7896809895833334,0.8600260416666666,160.0,1.35,0.18333333333333332,114.89688970523245,0.011083333333333334,0.9586973788721206,50,1.8084508516802367,0.12616674532164526,1.2084508516802366,1.20802470376612,1.0,Boids,0.0011844873437485148
apartment,Boids,60,800,0.07,0.05,0.2,,19,0.3,0.2,2.0,20,0,0.798828125,0.7846354166666667,0.8645833333333334,140.0,1.5,0.25,113.49172261850752,0.013375,0.964622641509434,49,1.7537574247326762,0.13736466221841512,1.153757424732676,1.073647431262839,1.0,Boids,0.0011797873437490126
apartment,Boids,60,800,0.07,0.05,0.2,,20,0.3,0.2,2.0,20,0,0.80078125,0.7932942708333334,0.8678385416666666,140.0,1.7166666666666666,0.23333333333333334,115.18161110266152,0.0131875,0.9609375,50,1.8019719665718477,0.12886379649406793,1.2019719665718478,1.188057610405478,1.0,Boids,0.0011816069275005247
apartment,Boids,60,800,0.07,0.05,0.2,,21,0.3,0.2,2.0,20,0,0.7259114583333334,0.71103515625,0.8639322916666666,120.0,1.6333333333333333,0.3,103.51927019490071,0.014604166666666666,0.8704137392661984,38,1.8403359490404425,0.14874228422723593,1.2403359490404426,1.2277623649115776,1.0,Boids,0.0011040842187503585
apartment,Boids,60,800,0.07,0.05,0.2,,22,0.3,0.2,2.0,20,0,0.8111979166666666,0.8030598958333334,0.8684895833333334,140.0,1.7,0.11666666666666667,118.73456578833961,0.015375,0.9803304484657749,54,1.6895776920996195,0.1283580304102532,1.0895776920996194,1.031199029551379,1.0,Boids,0.0012207605725006942
apartment,Boids,60,800,0.07,0.05,0.2,,23,0.3,0.2,2.0,20,0,0.7923177083333334,0.8011393229166666,0.8658854166666666,140.0,1.7833333333333334,0.18333333333333332,115.65815539373698,0.0141875,0.959022852639874,51,1.7334072076034517,0.15193751218963025,1.1334072076034516,1.1281115947760139,1.0,Boids,0.0011848832287500955
apartment,Boids,60,800,0.07,0.05,0.2,,24,0.3,0.2,2.0,20,0,0.7825520833333334,0.78076171875,0.861328125,120.0,1.65,0.25,111.78315032827,0.013083333333333334,0.9646869983948636,47,1.7629189915793413,0.125679850345201,1.1629189915793414,1.1940868565507508,1.0,Boids,0.00116901369874995
apartment,Boids,60,800,0.07,0.05,0.2,,25,0.3,0.2,2.0,20,0,0.77734375,0.78408203125,0.8678385416666666,140.0,1.4,0.15,112.49423368563104,0.01375,0.9277389277389277,47,1.7937716136254453,0.1597169078146603,1.1937716136254448,1.2330492968317497,1.0,Boids,0.0011280935424997551
apartment,Boids,60,800,0.07,0.05,0.2,,26,0.3,0.2,2.0,20,0,0.767578125,0.7585286458333333,0.8639322916666666,120.0,1.5666666666666667,0.23333333333333334,108.33046045047833,0.013104166666666667,0.9232576350822239,43,1.915260840436569,0.2066702059558011,1.3152608404365687,1.197856682170738,1.0,Boids,0.0011096058850012013
apartment,Boids,60,800,0.07,0.05,0.2,,27,0.3,0.2,2.0,20,0,0.806640625,0.7889973958333334,0.8671875,120.0,1.5166666666666666,0.2833333333333333,116.24759443773479,0.012645833333333334,0.9896166134185304,52,1.736233497487831,0.13653290219472677,1.1362334974878316,1.1475911966242527,1.0,Boids,0.0011745345824988361
apartment,Boids,60,800,0.07,0.05,0.2,,28,0.3,0.2,2.0,20,0,0.7942708333333334,0.7767903645833334,0.8639322916666666,140.0,1.6833333333333333,0.1,113.38735479385375,0.014729166666666666,0.9682539682539683,48,1.6893047642445593,0.18565559190873343,1.0893047642445592,1.0294319719349305,1.0,Boids,0.0011808151037507742
apartment,Boids,60,800,0.07,0.05,0.2,,29,0.3,0.2,2.0,20,0,0.8177083333333334,0.8189778645833332,0.8717447916666666,140.0,1.35,0.21666666666666667,118.35809201063883,0.012020833333333333,0.9843260188087776,53,1.7005428288576212,0.14485770563814393,1.1005428288576216,1.1270285531018143,1.0,Boids,0.0012378357812508512
apartment,Boids,60,800,0.1,0.05,0.2,,0,0.3,0.2,2.0,20,0,0.7877604166666666,0.7773111979166666,0.8697916666666666,140.0,2.35,0.38333333333333336,124.74926360110187,0.01775,0.971107544141252,45,1.8483890061848596,0.16609024676327,1.2483890061848593,1.2612237459617783,1.0,Boids,0.0012091198949997306
apartment,Boids,60,800,0.1,0.05,0.2,,1,0.3,0.2,2.0,20,0,0.7916666666666666,0.7830729166666666,0.873046875,160.0,1.9,0.25,127.34039893534296,0.01525,0.9666136724960255,47,1.8147836478021921,0.19158721508175747,1.2147836478021925,1.1200264326653957,1.0,Boids,0.0012045692187507484
apartment,Boids,60,800,0.1,0.05,0.2,,2,0.3,0.2,2.0,20,0,0.775390625,0.76943359375,0.8619791666666666,160.0,2.3833333333333333,0.36666666666666664,126.08772692771754,0.01675,0.9520383693045563,46,1.7748173971062793,0.16398051585511353,1.1748173971062785,1.1569591634463607,1.0,Boids,0.0011914278125004785
apartment,Boids,60,800,0.1,0.05,0.2,,3,0.3,0.2,2.0,20,0,0.7877604166666666,0.7733723958333332,0.859375,120.0,2.2,0.2833333333333333,128.30730262018474,0.017979166666666668,0.9679999999999999,48,1.7782332368902918,0.14327915554845363,1.1782332368902917,1.206745867754166,1.0,Boids,0.001230874896250498
apartment,Boids,60,800,0.1,0.05,0.2,,4,0.3,0.2,2.0,20,0,0.8157552083333334,0.8082682291666666,0.8717447916666666,140.0,2.0833333333333335,0.31666666666666665,134.10066005074128,0.018104166666666668,0.9984063745019921,53,1.6875920606258599,0.16085366249998684,1.0875920606258593,1.0226432696067684,1.0,Boids,0.0012600798437506456
apartment,Boids,60,800,0.1,0.05,0.2,,5,0.3,0.2,2.0,20,0,0.798828125,0.8060221354166668,0.8723958333333334,160.0,2.0,0.26666666666666666,132.63001805201813,0.017604166666666667,0.9623529411764706,52,1.6493778702933284,0.1803711707061813,1.049377870293328,1.057781916027598,1.0,Boids,0.001282027812499109
apartment,Boids,60,800,0.1,0.05,0.2,,6,0.3,0.2,2.0,20,0,0.80078125,0.7796223958333333,0.8697916666666666,160.0,2.2333333333333334,0.31666666666666665,126.5999745139186,0.016229166666666666,0.9662215239591516,46,1.8812650894861864,0.15199996493494913,1.281265089486187,1.2639959422978684,1.0,Boids,0.0011879687499981627
apartment,Boids,60,800,0.1,0.05,0.2,,7,0.3,0.2,2.0,20,0,0.8033854166666666,0.8030924479166666,0.873046875,160.0,2.15,0.3,131.4394951970507,0.0174375,0.9633099141295862,51,1.6931266661774702,0.16716029049231404,1.0931266661774701,1.1286019190407983,1.0,Boids,0.001209263386249404
apartment,Boids,60,800,0.1,0.05,0.2,,9,0.3,0.2,2.0,20,0,0.8014322916666666,0.7807942708333334,0.8606770833333334,140.0,2.15,0.2833333333333333,127.63406438450654,0.016854166666666667,0.9840127897681854,47,1.890432435691481,0.16550758900611914,1.2904324356914807,1.25115058251223,1.0,Boids,0.001190305625000292
apartment,Boids,60,800,0.1,0.05,0.2,,8,0.3,0.2,2.0,20,0,0.8040364583333334,0.805078125,0.8684895833333334,140.0,2.1666666666666665,0.2833333333333333,131.0807049141327,0.017895833333333333,0.9732072498029946,50,1.7189350701326833,0.2050288855373374,1.1189350701326832,1.1721896964752412,1.0,Boids,0.0012220690100002685
apartment,Boids,60,800,0.1,0.05,0.2,,10,0.3,0.2,2.0,20,0,0.7962239583333334,0.7824869791666667,0.8678385416666666,180.0,2.35,0.38333333333333336,127.65618754133202,0.018958333333333334,0.9815409309791333,47,1.8414213450140064,0.13274024207050614,1.2414213450140061,1.1813241510519261,1.0,Boids,0.001174789271251484
apartment,Boids,60,800,0.1,0.05,0.2,,11,0.3,0.2,2.0,20,0,0.7545572916666666,0.76748046875,0.87109375,140.0,2.15,0.18333333333333332,126.4132431857258,0.01575,0.9090196078431372,46,1.7247703499585803,0.14064773637439623,1.1247703499585806,1.12330372783611,1.0,Boids,0.0011458929162495224
apartment,Boids,60,800,0.1,0.05,0.2,,12,0.3,0.2,2.0,20,0,0.828125,0.8078125,0.931640625,160.0,1.8833333333333333,0.3,130.2108664062031,0.015770833333333335,0.9984301412872841,49,1.8007818723570899,0.3010406892610151,1.2007818723570898,1.1221966632250444,1.0,Boids,0.0011769940625003983
apartment,Boids,60,800,0.1,0.05,0.2,,13,0.3,0.2,2.0,20,0,0.8209635416666666,0.8104166666666666,0.8815104166666666,160.0,2.55,0.4166666666666667,131.65973863995896,0.019333333333333334,0.9820872274143302,51,1.808100846727935,0.19523435397984576,1.208100846727935,1.1703994002646092,1.0,Boids,0.00122448598875053
apartment,Boids,60,800,0.1,0.05,0.2,,14,0.3,0.2,2.0,20,0,0.7766927083333334,0.7666666666666667,0.8619791666666666,140.0,2.25,0.3333333333333333,124.34294709604747,0.019354166666666665,0.9590032154340836,45,1.7823139254711764,0.12776196313451885,1.1823139254711756,1.1766921615150197,1.0,Boids,0.00118177583249917
apartment,Boids,60,800,0.1,0.05,0.2,,15,0.3,0.2,2.0,20,0,0.7903645833333334,0.78984375,0.8697916666666666,140.0,1.8166666666666667,0.25,128.9977911154826,0.014875,0.9484375,48,1.7893513909618963,0.14619675449497402,1.1893513909618962,1.193807074972819,1.0,Boids,0.0011934552599996095
apartment,Boids,60,800,0.1,0.05,0.2,,16,0.3,0.2,2.0,20,0,0.7994791666666666,0.8029947916666668,0.8704427083333334,160.0,2.0833333333333335,0.38333333333333336,133.1657029932381,0.0165625,0.9927243330638642,52,1.6090364264430532,0.15697779768141068,1.0090364264430536,1.0081359250566964,1.0,Boids,0.001211185468750955
apartment,Boids,60,800,0.1,0.05,0.2,,18,0.3,0.2,2.0,20,0,0.7845052083333334,0.7755208333333333,0.8717447916666666,160.0,2.05,0.31666666666666665,127.4067419710856,0.013416666666666667,0.9406713505074161,46,1.8437202276309748,0.14773093235365992,1.2437202276309745,1.2545490144286449,1.0,Boids,0.0011763876037502996
apartment,Boids,60,800,0.1,0.05,0.2,,17,0.3,0.2,2.0,20,0,0.806640625,0.80419921875,0.9348958333333334,140.0,1.8333333333333333,0.2833333333333333,128.21505512354582,0.017958333333333333,0.9710031347962383,48,1.8231492008217678,0.2797266497536047,1.2231492008217677,1.2400653186536843,1.0,Boids,0.0011993400512483278
apartment,Boids,60,800,0.1,0.05,0.2,,20,0.3,0.2,2.0,20,0,0.7643229166666666,0.7667643229166666,0.86328125,160.0,2.1333333333333333,0.21666666666666667,125.2224963551554,0.018291666666666668,0.9229559748427673,45,1.7951462872340114,0.18479805024516016,1.1951462872340115,1.1100839177499857,1.0,Boids,0.0011703435937488393
apartment,Boids,60,800,0.1,0.05,0.2,,19,0.3,0.2,2.0,20,0,0.8372395833333334,0.8126627604166666,0.869140625,140.0,1.8833333333333333,0.21666666666666667,135.62966712580803,0.0150625,1.0214455917394758,54,1.6772767718253994,0.14310949159951689,1.0772767718253995,1.06052734198853,1.0,Boids,0.0012368465625013413
apartment,Boids,60,800,0.1,0.05,0.2,,21,0.3,0.2,2.0,20,0,0.7727864583333334,0.774609375,0.8658854166666666,160.0,2.3833333333333333,0.36666666666666664,127.34164172647411,0.017645833333333333,0.92734375,47,1.668227387566073,0.17406728166256222,1.0682273875660726,1.0608253380124246,1.0,Boids,0.001211504322500332
apartment,Boids,60,800,0.1,0.05,0.2,,22,0.3,0.2,2.0,20,0,0.7890625,0.7800130208333333,0.8736979166666666,140.0,2.25,0.21666666666666667,125.33781598471363,0.017125,0.9558359621451104,45,1.8547387739459322,0.1688930087908764,1.2547387739459321,1.2571835600907408,1.0,Boids,0.001121068228749209
apartment,Boids,60,800,0.1,0.05,0.2,,24,0.3,0.2,2.0,20,0,0.7897135416666666,0.7767578125,0.8704427083333334,140.0,2.033333333333333,0.3,125.1265792201147,0.018375,0.9476562499999999,45,1.91496608462109,0.1768498930752644,1.3149660846210898,1.298909520683539,1.0,Boids,0.001123272083750635
apartment,Boids,60,800,0.1,0.05,0.2,,23,0.3,0.2,2.0,20,0,0.80859375,0.8052734375,0.8736979166666666,160.0,2.0833333333333335,0.36666666666666664,134.08970384383989,0.017833333333333333,0.9756480754124117,53,1.7245069082695534,0.15063499366913563,1.1245069082695538,1.1025384649085122,1.0,Boids,0.0012505209375012782
apartment,Boids,60,800,0.1,0.05,0.2,,25,0.3,0.2,2.0,20,0,0.8307291666666666,0.8085286458333334,0.9192708333333334,160.0,1.8333333333333333,0.4,131.16471843744853,0.015083333333333334,1.0007843137254901,50,1.837846928662569,0.2809013290910521,1.2378469286625693,1.248302768615115,1.0,Boids,0.0011498482299998614
apartment,Boids,60,800,0.1,0.05,0.2,,27,0.3,0.2,2.0,20,0,0.7643229166666666,0.7731770833333332,0.8697916666666666,160.0,2.3666666666666667,0.3,124.95225185757273,0.015208333333333334,0.9143302180685358,44,1.8494289961089079,0.16720701252297096,1.2494289961089076,1.2853980151818236,1.0,Boids,0.0011132928125016405
apartment,Boids,60,800,0.1,0.05,0.2,,26,0.3,0.2,2.0,20,0,0.7688802083333334,0.7775716145833333,0.8665364583333334,160.0,1.85,0.25,124.99374765966334,0.015604166666666667,0.93879173290938,45,1.8364942169043088,0.14901229703826868,1.236494216904309,1.1821547215409067,1.0,Boids,0.0011273967187480595
apartment,Boids,60,800,0.1,0.05,0.2,,29,0.3,0.2,2.0,20,0,0.7779947916666666,0.7802408854166667,0.8736979166666666,140.0,1.8333333333333333,0.3,126.76401671610203,0.015145833333333334,0.946159936658749,46,1.7844069387265638,0.22814094784405461,1.1844069387265639,1.180454153627592,1.0,Boids,0.0011419952599999305
apartment,Boids,60,800,0.1,0.05,0.2,,28,0.3,0.2,2.0,20,0,0.8131510416666666,0.8028971354166667,0.8671875,140.0,2.15,0.31666666666666665,133.86184012912298,0.0189375,0.9819182389937107,53,1.6987761085533888,0.16351993591798028,1.098776108553389,1.098442132082948,1.0,Boids,0.0011972745312482402
rubble,Boids,60,800,0.0,0.05,0.2,,0,0.3,0.2,2.0,20,0,0.6319832402234636,0.611731843575419,0.7562849162011173,220.0,1.2333333333333334,0.35,63.354704562988445,0.012875,0.9187817258883249,42,1.6138294777932922,0.3896787630970676,1.0138294777932926,0.7836111679283597,1.0,Boids,0.001132793697499892
rubble,Boids,60,800,0.0,0.05,0.2,,1,0.3,0.2,2.0,20,0,0.7129888268156425,0.6930865921787711,0.797486033519553,240.0,1.1,0.25,68.17045989309972,0.013854166666666667,1.0313131313131312,48,1.6023679847598855,0.2690679883102955,1.0023679847598856,0.9338996681011462,1.0,Boids,0.0011955376562491438
rubble,Boids,60,800,0.0,0.05,0.2,,2,0.3,0.2,2.0,20,0,0.7430167597765364,0.7302025139664805,0.8240223463687151,220.0,1.1833333333333333,0.23333333333333334,68.96644627046155,0.014479166666666666,1.040078201368524,51,1.6153532546124267,0.23455640333531438,1.0153532546124269,0.9365170202005676,1.0,Boids,0.0012165016137510064
rubble,Boids,60,800,0.0,0.05,0.2,,3,0.3,0.2,2.0,20,0,0.7269553072625698,0.7112081005586592,0.8114525139664804,200.0,1.1833333333333333,0.2833333333333333,68.1166644149814,0.018208333333333333,1.0451807228915664,49,1.5868849051420353,0.2613443320551747,0.9868849051420355,0.9028162208064351,1.0,Boids,0.0011624510412502787
rubble,Boids,60,800,0.0,0.05,0.2,,6,0.3,0.2,2.0,20,0,0.6948324022346368,0.6899092178770949,0.7960893854748603,200.0,1.3,0.21666666666666667,67.15091299345866,0.020041666666666666,0.9548944337811899,48,1.5951850894331354,0.20077111545876655,0.9951850894331354,0.9693031588516237,1.0,Boids,0.0011801411974988697
rubble,Boids,60,800,0.0,0.05,0.2,,4,0.3,0.2,2.0,20,0,0.7506983240223464,0.7254539106145252,0.8205307262569832,220.0,1.2833333333333334,0.2,71.02658614343328,0.017979166666666668,1.063303659742829,54,1.5613340286532806,0.23089922300636892,0.9613340286532804,0.9170044668268199,1.0,Boids,0.0012698762499985606
rubble,Boids,60,800,0.0,0.05,0.2,,5,0.3,0.2,2.0,20,0,0.7304469273743017,0.7336941340782124,0.8226256983240223,200.0,1.1666666666666667,0.21666666666666667,68.15081965330545,0.024125,1.0077071290944124,48,1.626462358980741,0.25295033435431036,1.026462358980741,0.9648860318973665,1.0,Boids,0.0012166617712500737
rubble,Boids,60,800,0.0,0.05,0.2,,7,0.3,0.2,2.0,20,0,0.6787709497206704,0.6821927374301676,0.8072625698324022,200.0,1.2333333333333334,0.2833333333333333,66.3340370292207,0.016979166666666667,0.9633300297324083,46,1.6242499444756233,0.21748917652636232,1.024249944475623,0.9177909436122265,1.0,Boids,0.0011652473962499243
rubble,Boids,60,800,0.0,0.05,0.2,,8,0.3,0.2,2.0,20,0,0.7248603351955307,0.7176675977653632,0.8128491620111732,220.0,1.1,0.2833333333333333,68.8888113748604,0.0136875,1.0328358208955224,51,1.5386113803281165,0.22159480899162404,0.9386113803281162,0.9837226555169306,1.0,Boids,0.0011993297387516578
rubble,Boids,60,800,0.0,0.05,0.2,,9,0.3,0.2,2.0,20,0,0.7262569832402235,0.7153631284916201,0.8191340782122905,260.0,1.2333333333333334,0.21666666666666667,68.59043541655618,0.012604166666666666,1.018609206660137,50,1.608162714288714,0.2527275670739597,1.008162714288714,0.9260054839153886,1.0,Boids,0.0012074815099981607
rubble,Boids,60,800,0.0,0.05,0.2,,10,0.3,0.2,2.0,20,0,0.6976256983240223,0.6836941340782123,0.7960893854748603,220.0,1.2833333333333334,0.2,66.30508584938318,0.017104166666666667,0.9900891972249751,47,1.567871420830854,0.2904700170245661,0.9678714208308538,0.9050195016093204,1.0,Boids,0.0011720418750019235
rubble,Boids,60,800,0.0,0.05,0.2,,12,0.3,0.2,2.0,20,0,0.7304469273743017,0.715118715083799,0.8198324022346368,220.0,1.2666666666666666,0.3,67.41801499293224,0.0121875,1.0305418719211823,47,1.679377909714426,0.24410792914582652,1.0793779097144256,1.0373052796443734,1.0,Boids,0.001166968021248067
rubble,Boids,60,800,0.0,0.05,0.2,,11,0.3,0.2,2.0,20,0,0.7108938547486033,0.6833798882681564,0.789804469273743,260.0,1.3333333333333333,0.38333333333333336,68.68754978705122,0.015729166666666666,1.0419651995905834,51,1.5237501811349434,0.2399807935891199,0.9237501811349433,0.8556191461093604,1.0,Boids,0.0012294079162506932
rubble,Boids,60,800,0.0,0.05,0.2,,14,0.3,0.2,2.0,20,0,0.6738826815642458,0.6671787709497207,0.7835195530726257,220.0,1.4,0.15,64.66408436609427,0.017604166666666667,0.9526159921026653,43,1.6634445293937845,0.2858681361760857,1.0634445293937844,0.9536604516394144,1.0,Boids,0.0011560578124999664
rubble,Boids,60,800,0.0,0.05,0.2,,13,0.3,0.2,2.0,20,0,0.6710893854748603,0.6686801675977654,0.7758379888268156,220.0,1.4,0.35,63.313612100355876,0.023520833333333335,0.9697275479313824,41,1.6705315957759244,0.21631878063858323,1.0705315957759245,0.9740886856650551,1.0,Boids,0.0011657241137481833
rubble,Boids,60,800,0.0,0.05,0.2,,15,0.3,0.2,2.0,20,0,0.6920391061452514,0.6882332402234637,0.7946927374301676,160.0,1.4,0.3,66.28595100052955,0.0208125,0.9870517928286853,46,1.6009589189109088,0.2383839189116309,1.0009589189109087,0.9166864479388751,1.0,Boids,0.0011840567712488336
rubble,Boids,60,800,0.0,0.05,0.2,,16,0.3,0.2,2.0,20,0,0.7402234636871509,0.7198673184357542,0.821927374301676,260.0,1.2,0.2833333333333333,67.82758131267799,0.016125,1.06,49,1.6429092971295034,0.25212188788885187,1.0429092971295033,0.9722772804861094,1.0,Boids,0.0012085555199996634
rubble,Boids,60,800,0.0,0.05,0.2,,17,0.3,0.2,2.0,20,0,0.7185754189944135,0.7009427374301677,0.821927374301676,200.0,1.0833333333333333,0.2,68.22977890970729,0.0151875,0.9913294797687862,49,1.5776409004278655,0.202630446992257,0.9776409004278658,0.8706234648132506,1.0,Boids,0.0011966869787488578
rubble,Boids,60,800,0.0,0.05,0.2,,18,0.3,0.2,2.0,20,0,0.659217877094972,0.639350558659218,0.7479050279329609,160.0,1.3666666666666667,0.4166666666666667,65.6250116798921,0.019208333333333334,0.9812889812889812,47,1.5537159398429823,0.3229695150755617,0.9537159398429826,0.8398946939427075,1.0,Boids,0.0012098347400001331
rubble,Boids,60,800,0.0,0.05,0.2,,19,0.3,0.2,2.0,20,0,0.6843575418994413,0.6788756983240224,0.776536312849162,240.0,1.05,0.2833333333333333,68.84653790174315,0.012125,0.9879032258064515,51,1.512810563606036,0.221933896171147,0.9128105636060362,0.901880178244021,1.0,Boids,0.0012230453125016538
rubble,Boids,60,800,0.0,0.05,0.2,,21,0.3,0.2,2.0,20,0,0.6850558659217877,0.6772695530726256,0.7828212290502793,200.0,1.2666666666666666,0.21666666666666667,66.96950627303968,0.018541666666666668,0.9780658025922233,48,1.5320385203315503,0.2891221663339699,0.9320385203315501,0.8153376839742021,1.0,Boids,0.001169896093749685
rubble,Boids,60,800,0.0,0.05,0.2,,20,0.3,0.2,2.0,20,0,0.715782122905028,0.7121857541899442,0.803072625698324,180.0,1.15,0.18333333333333332,70.29427523522267,0.017291666666666667,1.0188866799204772,54,1.4778250691718586,0.20342110082622125,0.8778250691718588,0.874765057643172,1.0,Boids,0.0012206553124997298
rubble,Boids,60,800,0.0,0.05,0.2,,22,0.3,0.2,2.0,20,0,0.6948324022346368,0.6801675977653632,0.7828212290502793,200.0,1.1,0.25,67.09020939386436,0.0151875,1.0101522842639594,48,1.5946785907589252,0.26298487486026767,0.994678590758925,0.8659579871558961,1.0,Boids,0.0011603177087499716
rubble,Boids,60,800,0.0,0.05,0.2,,23,0.3,0.2,2.0,20,0,0.678072625698324,0.6573673184357542,0.7835195530726257,200.0,1.3166666666666667,0.23333333333333334,65.96148371329984,0.01875,0.9566502463054188,46,1.5990990934843663,0.32915664594304134,0.9990990934843664,0.8936872222881881,1.0,Boids,0.0011677780199988775
rubble,Boids,60,800,0.0,0.05,0.2,,24,0.3,0.2,2.0,20,0,0.6892458100558659,0.6823324022346368,0.8205307262569832,240.0,1.45,0.16666666666666666,68.5968793850577,0.021416666666666667,0.9293785310734463,51,1.5008325684719692,0.22158351705292512,0.9008325684719689,0.8729407030671769,1.0,Boids,0.0011924399999998058
rubble,Boids,60,800,0.0,0.05,0.2,,25,0.3,0.2,2.0,20,0,0.7241620111731844,0.705377094972067,0.803072625698324,260.0,1.5333333333333334,0.35,69.56216661260855,0.018520833333333334,1.0443101711983886,53,1.4939462229461402,0.21250294658056662,0.89394622294614,0.8314955268523511,1.0,Boids,0.0011838579687514538
rubble,Boids,60,800,0.0,0.05,0.2,,26,0.3,0.2,2.0,20,0,0.6976256983240223,0.6844622905027933,0.7953910614525139,240.0,1.2166666666666666,0.2833333333333333,66.67273883379787,0.012375,0.9930417495029821,46,1.5603524815319354,0.23125914287889107,0.9603524815319359,0.876923766293529,1.0,Boids,0.0011783235412485737
rubble,Boids,60,800,0.0,0.05,0.2,,27,0.3,0.2,2.0,20,0,0.6815642458100558,0.6639664804469275,0.7786312849162011,220.0,1.1666666666666667,0.43333333333333335,65.70243212229535,0.013520833333333333,0.9969356486210419,46,1.5831355350273768,0.24666253251038006,0.9831355350273769,0.8923434916513581,1.0,Boids,0.001130186875000163
rubble,Boids,60,800,0.0,0.05,0.2,,28,0.3,0.2,2.0,20,0,0.7074022346368715,0.6819483240223464,0.7870111731843575,220.0,1.4333333333333333,0.3,68.03596205019664,0.019875,0.9902248289345063,50,1.5519512142013765,0.2758089228827747,0.9519512142013764,0.8902975763758131,1.0,Boids,0.001160159218750323
rubble,Boids,60,800,0.0,0.05,0.2,,29,0.3,0.2,2.0,20,0,0.7004189944134078,0.6980097765363128,0.7988826815642458,240.0,1.2,0.23333333333333334,66.40834304535794,0.015104166666666667,0.9747327502429542,47,1.5408598699694045,0.25690916724997653,0.9408598699694045,0.8270308000730094,1.0,Boids,0.001148525520000021
rubble,Boids,60,800,0.02,0.05,0.2,,0,0.3,0.2,2.0,20,0,0.744413407821229,0.7226256983240222,0.8212290502793296,260.0,1.45,0.3333333333333333,78.52397410824408,0.013208333333333334,1.071356783919598,53,1.619309953767666,0.2631750977561105,1.0193099537676662,0.8643983564855889,1.0,Boids,0.0012004924475013468
rubble,Boids,60,800,0.02,0.05,0.2,,1,0.3,0.2,2.0,20,0,0.696927374301676,0.6979399441340782,0.8065642458100558,220.0,1.3166666666666667,0.3,74.77537044279538,0.014,0.9930348258706467,47,1.61235186641633,0.23171916104982457,1.01235186641633,1.0101672190241175,1.0,Boids,0.0011631711462496241
rubble,Boids,60,800,0.02,0.05,0.2,,2,0.3,0.2,2.0,20,0,0.6808659217877095,0.6805167597765363,0.7737430167597765,200.0,1.3333333333333333,0.25,75.2622079222538,0.013979166666666668,0.988843813387424,49,1.5567156058791662,0.20243881280041387,0.9567156058791662,0.9389704148340526,1.0,Boids,0.00119671427125013
rubble,Boids,60,800,0.02,0.05,0.2,,3,0.3,0.2,2.0,20,0,0.6731843575418994,0.6526536312849163,0.7730446927374302,200.0,1.4666666666666666,0.38333333333333336,72.96567970464956,0.017208333333333332,0.9836734693877551,45,1.6064080513475172,0.23056034422642604,1.006408051347517,0.910196451503635,1.0,Boids,0.0011677124487505352
rubble,Boids,60,800,0.02,0.05,0.2,,4,0.3,0.2,2.0,20,0,0.7185754189944135,0.697800279329609,0.8205307262569832,280.0,1.25,0.4166666666666667,72.66280591806441,0.0201875,0.9961277831558568,43,1.694330669250146,0.29528924930343026,1.0943306692501458,1.0137485340033296,1.0,Boids,0.001127220937498805
rubble,Boids,60,800,0.02,0.05,0.2,,5,0.3,0.2,2.0,20,0,0.6808659217877095,0.6665851955307263,0.8016759776536313,260.0,1.35,0.35,73.92432877490224,0.0193125,0.9294566253574834,46,1.6258890642218906,0.35978525842567793,1.025889064221891,0.9676282302314657,1.0,Boids,0.0011530736987492673
rubble,Boids,60,800,0.02,0.05,0.2,,6,0.3,0.2,2.0,20,0,0.6899441340782123,0.6815293296089384,0.7863128491620112,240.0,1.5666666666666667,0.35,73.72844469569198,0.019270833333333334,0.988988988988989,46,1.5310173111509566,0.25349733936941626,0.9310173111509568,0.8416559314623252,1.0,Boids,0.0011954086974992606
rubble,Boids,60,800,0.02,0.05,0.2,,7,0.3,0.2,2.0,20,0,0.7192737430167597,0.7018505586592181,0.8149441340782123,220.0,1.5666666666666667,0.25,74.78597633281689,0.020770833333333332,0.9726156751652502,47,1.6881581731587603,0.25375894002979477,1.0881581731587604,1.0181459769192398,1.0,Boids,0.0011924757287511056
rubble,Boids,60,800,0.02,0.05,0.2,,8,0.3,0.2,2.0,20,0,0.696927374301676,0.6930865921787709,0.7835195530726257,200.0,1.2833333333333334,0.26666666666666666,76.06924472899644,0.0155625,0.9960079840319361,50,1.5781044980612344,0.2144330938788422,0.9781044980612346,0.9278175634126845,1.0,Boids,0.001218861771249067
rubble,Boids,60,800,0.02,0.05,0.2,,9,0.3,0.2,2.0,20,0,0.6934357541899442,0.6882332402234637,0.797486033519553,240.0,1.3333333333333333,0.4666666666666667,74.63395358718529,0.015375,0.9631425800193988,47,1.6192169110387256,0.26579477436258764,1.019216911038725,0.9031048257159938,1.0,Boids,0.001149252238749341
rubble,Boids,60,800,0.02,0.05,0.2,,11,0.3,0.2,2.0,20,0,0.6801675977653632,0.6680516759776536,0.7786312849162011,240.0,1.4833333333333334,0.31666666666666665,74.19456392513338,0.016479166666666666,0.9779116465863456,47,1.5196482082998224,0.23961720734923175,0.9196482082998229,0.7983669645681567,1.0,Boids,0.0011988989062501787
rubble,Boids,60,800,0.02,0.05,0.2,,10,0.3,0.2,2.0,20,0,0.74231843575419,0.7246159217877095,0.8247206703910615,280.0,1.5833333333333333,0.21666666666666667,77.80777300818843,0.017354166666666667,1.0683417085427136,52,1.5804115057259458,0.22379731895933827,0.9804115057259455,0.8821145557026498,1.0,Boids,0.001256444531250054
rubble,Boids,60,800,0.02,0.05,0.2,,12,0.3,0.2,2.0,20,0,0.6836592178770949,0.6745111731843575,0.7730446927374302,280.0,1.3333333333333333,0.3333333333333333,75.45482361429087,0.012833333333333334,0.9859013091641489,50,1.5713348494953425,0.2078343297325197,0.9713348494953427,0.9075515918089115,1.0,Boids,0.0012220781762493972
rubble,Boids,60,800,0.02,0.05,0.2,,13,0.3,0.2,2.0,20,0,0.7060055865921788,0.6947974860335197,0.8023743016759777,220.0,1.6,0.31666666666666665,75.05507996409341,0.021604166666666667,0.9873046875,48,1.597769066831842,0.24339217429695262,0.9977690668318422,0.9438483106606413,1.0,Boids,0.0011759505212512523
rubble,Boids,60,800,0.02,0.05,0.2,,14,0.3,0.2,2.0,20,0,0.7416201117318436,0.7240572625698325,0.8184357541899442,220.0,1.35,0.25,79.10947824835083,0.01725,1.066265060240964,54,1.52108640668699,0.25407626712568054,0.9210864066869903,0.8622600302874988,1.0,Boids,0.001244440208749893
rubble,Boids,60,800,0.02,0.05,0.2,,15,0.3,0.2,2.0,20,0,0.6843575418994413,0.680481843575419,0.7870111731843575,240.0,1.6166666666666667,0.31666666666666665,72.0393757804576,0.020520833333333332,0.9819639278557114,43,1.628761377182781,0.24071144451951765,1.0287613771827806,0.9572893027945454,1.0,Boids,0.0011492014062491763
rubble,Boids,60,800,0.02,0.05,0.2,,16,0.3,0.2,2.0,20,0,0.702513966480447,0.696263966480447,0.7967877094972067,220.0,1.6,0.25,75.63541880842111,0.020791666666666667,1.0141129032258065,49,1.5497798416054742,0.24582615251470857,0.9497798416054741,0.788695402392748,1.0,Boids,0.0012164186974996482
rubble,Boids,60,800,0.02,0.05,0.2,,17,0.3,0.2,2.0,20,0,0.7018156424581006,0.6986033519553073,0.8037709497206704,240.0,1.3333333333333333,0.23333333333333334,74.6195579903019,0.0149375,1.006006006006006,48,1.611254130729354,0.2544157031559329,1.0112541307293539,0.975195984073833,1.0,Boids,0.0012003225000012207
rubble,Boids,60,800,0.02,0.05,0.2,,18,0.3,0.2,2.0,20,0,0.7353351955307262,0.7113826815642459,0.8100558659217877,260.0,1.6,0.4166666666666667,77.00325364424238,0.02027083333333333,1.026315789473684,52,1.6367209939203096,0.292281368901865,1.0367209939203095,0.9604317179312699,1.0,Boids,0.0012158891675017004
rubble,Boids,60,800,0.02,0.05,0.2,,19,0.3,0.2,2.0,20,0,0.6298882681564246,0.623358938547486,0.7569832402234636,220.0,1.2833333333333334,0.15,70.00900256676647,0.014125,0.9101917255297679,41,1.7105207855920246,0.372776039359247,1.1105207855920245,0.9453191310376236,1.0,Boids,0.0011733348437496715
rubble,Boids,60,800,0.02,0.05,0.2,,20,0.3,0.2,2.0,20,0,0.7472067039106145,0.7069483240223464,0.8212290502793296,240.0,1.3166666666666667,0.26666666666666666,76.3626791821231,0.01875,1.0358180058083253,50,1.653712183467579,0.28120966592967717,1.0537121834675789,0.8915661143094599,1.0,Boids,0.0011874991137483448
rubble,Boids,60,800,0.02,0.05,0.2,,21,0.3,0.2,2.0,20,0,0.6641061452513967,0.6668296089385475,0.7932960893854749,200.0,1.5333333333333334,0.2,72.3486131415964,0.019604166666666666,0.9369458128078818,43,1.6009535226921705,0.29109274415910275,1.0009535226921704,0.8676894158348657,1.0,Boids,0.001139954374998524
rubble,Boids,60,800,0.02,0.05,0.2,,22,0.3,0.2,2.0,20,0,0.7032122905027933,0.6995111731843575,0.7988826815642458,180.0,1.35,0.18333333333333332,74.71141545364549,0.015729166666666666,0.998017839444995,47,1.5655445953341114,0.2611946601417692,0.9655445953341112,0.8533597560617087,1.0,Boids,0.0011593923437499144
rubble,Boids,60,800,0.02,0.05,0.2,,23,0.3,0.2,2.0,20,0,0.696927374301676,0.6950768156424582,0.7960893854748603,280.0,1.5833333333333333,0.2833333333333333,75.84870066381488,0.017375,0.9559386973180076,50,1.5537654905508445,0.23022086365405808,0.9537654905508444,0.8670511152282333,1.0,Boids,0.0011812271874987346
rubble,Boids,60,800,0.02,0.05,0.2,,24,0.3,0.2,2.0,20,0,0.7115921787709497,0.6986033519553072,0.7995810055865922,200.0,1.6333333333333333,0.26666666666666666,74.51311237062507,0.0218125,1.0387359836901122,47,1.6073501441873077,0.3080502917206158,1.0073501441873076,0.8461720527451729,1.0,Boids,0.0011903094262493141
rubble,Boids,60,800,0.02,0.05,0.2,,25,0.3,0.2,2.0,20,0,0.7178770949720671,0.7027583798882682,0.8044692737430168,220.0,1.7166666666666666,0.31666666666666665,76.30004016289512,0.020791666666666667,1.00390625,50,1.5230810735271172,0.2522986859790636,0.9230810735271174,0.8279288145181193,1.0,Boids,0.001183805052498883
rubble,Boids,60,800,0.02,0.05,0.2,,26,0.3,0.2,2.0,20,0,0.6850558659217877,0.6683310055865923,0.7800279329608939,200.0,1.3,0.4166666666666667,74.4150713508222,0.0136875,0.98001998001998,47,1.6249600057159712,0.24277429534344044,1.0249600057159713,0.9195700494568727,1.0,Boids,0.0011701384375010094
rubble,Boids,60,800,0.02,0.05,0.2,,27,0.3,0.2,2.0,20,0,0.6962290502793296,0.6763617318435754,0.7925977653631285,260.0,1.4166666666666667,0.3333333333333333,73.92307516995706,0.013354166666666667,0.9726829268292682,46,1.5797999415516686,0.2108232220959256,0.9797999415516689,0.8965726721825343,1.0,Boids,0.0011551052087497738
rubble,Boids,60,800,0.04,0.05,0.2,,0,0.3,0.2,2.0,20,0,0.6927374301675978,0.6690293296089386,0.797486033519553,240.0,1.3166666666666667,0.43333333333333335,80.7112775079931,0.013416666666666667,0.9979879275653925,41,1.7214600777686282,0.23655413319907725,1.1214600777686283,1.0605435559679397,1.0,Boids,0.0011256168225008878
rubble,Boids,60,800,0.02,0.05,0.2,,28,0.3,0.2,2.0,20,0,0.7115921787709497,0.692213687150838,0.8058659217877095,180.0,1.3833333333333333,0.4,76.38785847654637,0.01975,1.0230923694779117,49,1.5852494453680719,0.2404438083862233,0.9852494453680716,0.9284191440498576,1.0,Boids,0.001187058958751095
rubble,Boids,60,800,0.02,0.05,0.2,,29,0.3,0.2,2.0,20,0,0.6976256983240223,0.6971717877094973,0.7967877094972067,220.0,1.35,0.26666666666666666,74.82718552743941,0.017666666666666667,1.0050301810865192,48,1.507227504521602,0.259385796926982,0.9072275045216021,0.8210299415359613,1.0,Boids,0.001174752916251691
rubble,Boids,60,800,0.04,0.05,0.2,,1,0.3,0.2,2.0,20,0,0.7053072625698324,0.6875698324022347,0.7960893854748603,220.0,1.4833333333333334,0.2,85.12631671652379,0.013729166666666667,1.0120240480961924,48,1.5133325044933816,0.2740552850906244,0.9133325044933818,0.8162767754423986,1.0,Boids,0.001184072343748994
rubble,Boids,60,800,0.04,0.05,0.2,,3,0.3,0.2,2.0,20,0,0.6920391061452514,0.6655377094972067,0.7849162011173184,200.0,1.35,0.3333333333333333,82.0651658147521,0.016541666666666666,1.025879917184265,44,1.637098010893402,0.32294216380104784,1.037098010893402,0.9472162865781552,1.0,Boids,0.001170698906250891
rubble,Boids,60,800,0.04,0.05,0.2,,2,0.3,0.2,2.0,20,0,0.7143854748603352,0.6936103351955307,0.8023743016759777,200.0,1.6833333333333333,0.45,87.48762512570315,0.0195,1.0481557377049182,52,1.503121987001354,0.2649018117155257,0.9031219870013538,0.805036095546675,1.0,Boids,0.001224096980001832
rubble,Boids,60,800,0.04,0.05,0.2,,4,0.3,0.2,2.0,20,0,0.7164804469273743,0.701536312849162,0.8051675977653632,240.0,1.35,0.4,83.56464213947736,0.019270833333333334,1.0009756097560976,46,1.7016121800937,0.24023065371963062,1.1016121800936998,0.9808438584856346,1.0,Boids,0.0011573708862488274
rubble,Boids,60,800,0.04,0.05,0.2,,5,0.3,0.2,2.0,20,0,0.6843575418994413,0.664909217877095,0.797486033519553,220.0,1.5833333333333333,0.55,84.53832514247146,0.0196875,0.9607843137254901,47,1.540464600279544,0.2254641472140002,0.9404646002795441,0.8739462141094806,1.0,Boids,0.0011895495837484305
rubble,Boids,60,800,0.04,0.05,0.2,,6,0.3,0.2,2.0,20,0,0.7046089385474861,0.6951117318435754,0.8072625698324022,220.0,1.7666666666666666,0.35,86.59245949910951,0.021020833333333332,0.9824732229795521,50,1.5243721842317541,0.3023271670959091,0.9243721842317543,0.8875522508681534,1.0,Boids,0.0012124773437494696
rubble,Boids,60,800,0.04,0.05,0.2,,8,0.3,0.2,2.0,20,0,0.6808659217877095,0.6754888268156425,0.7779329608938548,200.0,1.7,0.23333333333333334,83.33043677951795,0.015895833333333335,1.0051546391752577,46,1.6471065712118433,0.21276402790516843,1.047106571211843,1.0358628222111685,1.0,Boids,0.0011784135425000385
rubble,Boids,60,800,0.04,0.05,0.2,,7,0.3,0.2,2.0,20,0,0.6997206703910615,0.6681564245810055,0.7932960893854749,200.0,1.45,0.31666666666666665,82.89342530175706,0.019041666666666665,0.9970149253731343,45,1.7107718956278473,0.3186215206094148,1.1107718956278474,0.9883792286432197,1.0,Boids,0.0012169670312505332
rubble,Boids,60,800,0.04,0.05,0.2,,9,0.3,0.2,2.0,20,0,0.7046089385474861,0.6991620111731843,0.7891061452513967,200.0,1.45,0.2833333333333333,85.61272972775461,0.0145625,1.01001001001001,48,1.5652857369963702,0.2353903823005854,0.96528573699637,0.9039450498091351,1.0,Boids,0.0011960780212507416
rubble,Boids,60,800,0.04,0.05,0.2,,10,0.3,0.2,2.0,20,0,0.6312849162011173,0.6385824022346369,0.7541899441340782,260.0,1.4833333333333334,0.3333333333333333,80.58279280026785,0.016854166666666667,0.911290322580645,42,1.6621517726617279,0.3533137027130482,1.062151772661728,0.9385724885732545,1.0,Boids,0.0011623394275011379
rubble,Boids,60,800,0.04,0.05,0.2,,11,0.3,0.2,2.0,20,0,0.7667597765363129,0.7280027932960894,0.8191340782122905,280.0,1.65,0.31666666666666665,87.6127110531177,0.017833333333333333,1.0527325023969318,51,1.562626152333606,0.27141680184674777,0.9626261523336058,0.8920199600826396,1.0,Boids,0.0012168715112511564
rubble,Boids,60,800,0.04,0.05,0.2,,12,0.3,0.2,2.0,20,0,0.7094972067039106,0.6814944134078212,0.789804469273743,200.0,1.45,0.35,88.08809096567514,0.013833333333333333,1.0304259634888437,52,1.4802709577704658,0.24354790748915822,0.8802709577704657,0.8641174779055677,1.0,Boids,0.001236370885001179
rubble,Boids,60,800,0.04,0.05,0.2,,13,0.3,0.2,2.0,20,0,0.7087988826815642,0.7036312849162012,0.7995810055865922,200.0,1.8166666666666667,0.23333333333333334,86.45999509186467,0.025166666666666667,1.0,50,1.568443757167588,0.23221290812656004,0.9684437571675883,1.0349668684873454,1.0,Boids,0.0011856352087511368
rubble,Boids,60,800,0.04,0.05,0.2,,14,0.3,0.2,2.0,20,0,0.6892458100558659,0.6845670391061452,0.7800279329608939,280.0,1.6833333333333333,0.4166666666666667,85.10467601638555,0.0206875,0.9949596774193548,49,1.5387254161031314,0.20565008952984307,0.9387254161031311,0.9020830759317643,1.0,Boids,0.0012310928650003917
rubble,Boids,60,800,0.04,0.05,0.2,,15,0.3,0.2,2.0,20,0,0.6906424581005587,0.6841480446927375,0.7772346368715084,240.0,1.7,0.4166666666666667,85.58403447989465,0.020625,0.9969758064516129,49,1.571530328748731,0.2501578763996625,0.971530328748731,0.8922101122355731,1.0,Boids,0.0012205681249997725
rubble,Boids,60,800,0.04,0.05,0.2,,16,0.3,0.2,2.0,20,0,0.7185754189944135,0.7064944134078213,0.8135474860335196,240.0,1.8,0.5,86.50566045244861,0.019729166666666666,0.9961277831558568,50,1.6188579394604974,0.24246387664364885,1.0188579394604975,0.9720078793817802,1.0,Boids,0.0011932625525014372
rubble,Boids,60,800,0.04,0.05,0.2,,18,0.3,0.2,2.0,20,0,0.7004189944134078,0.690572625698324,0.7988826815642458,240.0,1.7666666666666666,0.36666666666666664,84.43565318299297,0.020666666666666667,0.9881773399014779,47,1.6187157110253132,0.24436098248163265,1.0187157110253138,0.9519326309814521,1.0,Boids,0.0011650420312503229
rubble,Boids,60,800,0.04,0.05,0.2,,17,0.3,0.2,2.0,20,0,0.755586592178771,0.7357891061452514,0.835195530726257,240.0,1.3,0.3333333333333333,89.97834925804827,0.014875,1.0576735092864125,54,1.5248170282804534,0.2297680569569396,0.9248170282804535,0.8625509036512827,1.0,Boids,0.001202229531249941
rubble,Boids,60,800,0.04,0.05,0.2,,19,0.3,0.2,2.0,20,0,0.6829608938547486,0.6797486033519553,0.7870111731843575,200.0,1.45,0.4,84.1332714525283,0.016104166666666666,0.9908814589665653,47,1.5660837921050121,0.2429566703941879,0.9660837921050123,0.8788876129114415,1.0,Boids,0.0011429697912490155
rubble,Boids,60,800,0.04,0.05,0.2,,21,0.3,0.2,2.0,20,0,0.7032122905027933,0.6945879888268157,0.8016759776536313,260.0,1.5666666666666667,0.35,86.55334200525222,0.018270833333333333,1.02441505595117,50,1.5423994033885429,0.22905235470735696,0.942399403388543,0.8796037658064777,1.0,Boids,0.001188532812500398
rubble,Boids,60,800,0.04,0.05,0.2,,20,0.3,0.2,2.0,20,0,0.7506983240223464,0.7284217877094974,0.8303072625698324,240.0,1.4833333333333334,0.5166666666666667,89.18808510004783,0.021020833333333332,1.059113300492611,54,1.6164150157325177,0.23310171292920737,1.0164150157325176,0.9349711457461153,1.0,Boids,0.001258157916249729
rubble,Boids,60,800,0.04,0.05,0.2,,22,0.3,0.2,2.0,20,0,0.6773743016759777,0.6460893854748603,0.7737430167597765,200.0,1.4833333333333334,0.48333333333333334,84.54505621995163,0.016125,0.992835209825998,48,1.546527547261676,0.17540423018217252,0.946527547261676,0.9425126449524267,1.0,Boids,0.0012014564062496902
rubble,Boids,60,800,0.04,0.05,0.2,,24,0.3,0.2,2.0,20,0,0.6941340782122905,0.694413407821229,0.797486033519553,220.0,1.7333333333333334,0.2833333333333333,84.03008343499025,0.020166666666666666,0.9870903674280038,46,1.5782591987275834,0.24406070289525128,0.9782591987275836,0.934255353482098,1.0,Boids,0.0011335438025002987
rubble,Boids,60,800,0.04,0.05,0.2,,23,0.3,0.2,2.0,20,0,0.7039106145251397,0.6718575418994414,0.7967877094972067,200.0,1.7,0.21666666666666667,85.69451288564687,0.0180625,1.0161290322580645,49,1.5032676862111716,0.26083350574907666,0.9032676862111713,0.7575803329756984,1.0,Boids,0.001160795104999579
rubble,Boids,60,800,0.04,0.05,0.2,,27,0.3,0.2,2.0,20,0,0.6990223463687151,0.6915153631284916,0.8016759776536313,240.0,1.4166666666666667,0.5333333333333333,84.92889443984359,0.014666666666666666,0.9891304347826088,47,1.5378606818272609,0.2273440070269736,0.9378606818272612,0.8959666376220533,1.0,Boids,0.0011726880212495417
rubble,Boids,60,800,0.04,0.05,0.2,,25,0.3,0.2,2.0,20,0,0.7241620111731844,0.7077513966480447,0.8170391061452514,220.0,1.45,0.38333333333333336,86.10484170669817,0.017916666666666668,1.052791878172589,50,1.6270502285898336,0.20100065015790144,1.0270502285898337,0.9643232201497108,1.0,Boids,0.0012136984375001702
rubble,Boids,60,800,0.04,0.05,0.2,,26,0.3,0.2,2.0,20,0,0.729050279329609,0.702513966480447,0.8100558659217877,200.0,1.3833333333333333,0.6166666666666667,87.23104703128735,0.013979166666666668,1.0631364562118126,51,1.5069700178220256,0.29917477343858834,0.9069700178220258,0.8690880060492575,1.0,Boids,0.0012127092712512421
rubble,Boids,60,800,0.04,0.05,0.2,,28,0.3,0.2,2.0,20,0,0.7506983240223464,0.7363128491620111,0.8212290502793296,220.0,1.5333333333333334,0.43333333333333335,88.86268381996123,0.018916666666666665,1.0467380720545276,52,1.5935323321909356,0.2487787258640725,0.9935323321909355,0.9293137561927323,1.0,Boids,0.0012381968749991755
rubble,Boids,60,800,0.07,0.05,0.2,,0,0.3,0.2,2.0,20,0,0.6906424581005587,0.6738128491620112,0.7918994413407822,240.0,1.5333333333333334,0.5166666666666667,97.85999433718248,0.014625,1.0010121457489878,43,1.577428550747453,0.2980110118755146,0.9774285507474525,0.7937969262241865,1.0,Boids,0.0011741479162492396
rubble,Boids,60,800,0.04,0.05,0.2,,29,0.3,0.2,2.0,20,0,0.7011173184357542,0.6797136871508381,0.7863128491620112,240.0,1.3,0.43333333333333335,84.88258851173607,0.018354166666666668,1.0,48,1.5896548637596923,0.23420832794615118,0.9896548637596924,0.8963889423455028,1.0,Boids,0.0012198106250002638
rubble,Boids,60,800,0.07,0.05,0.2,,1,0.3,0.2,2.0,20,0,0.7171787709497207,0.6917248603351955,0.8107541899441341,180.0,1.9666666666666666,0.6333333333333333,103.88219365522397,0.019083333333333334,1.0426395939086295,50,1.510693999525769,0.2980609392259147,0.9106939995257695,0.7947354881196581,1.0,Boids,0.00122659375000012
rubble,Boids,60,800,0.07,0.05,0.2,,3,0.3,0.2,2.0,20,0,0.6599162011173184,0.639245810055866,0.7681564245810056,240.0,1.7666666666666666,0.6333333333333333,98.04832954521518,0.0179375,0.9374999999999999,44,1.6309024348778918,0.309559150497033,1.0309024348778921,0.9054140333328244,1.0,Boids,0.0011978045312503126
rubble,Boids,60,800,0.07,0.05,0.2,,2,0.3,0.2,2.0,20,0,0.702513966480447,0.6806564245810056,0.7946927374301676,240.0,2.0166666666666666,0.75,101.56403177890323,0.018666666666666668,1.0029910269192424,48,1.5529442283567765,0.3062748043675446,0.9529442283567766,0.9077958420152623,1.0,Boids,0.0012418442712487376
rubble,Boids,60,800,0.07,0.05,0.2,,6,0.3,0.2,2.0,20,0,0.6864525139664804,0.6725907821229051,0.7960893854748603,220.0,1.7333333333333334,0.7666666666666667,98.42592033958726,0.0213125,0.9761668321747765,44,1.668800294224125,0.27022178671321556,1.0688002942241244,1.0073212346197427,1.0,Boids,0.0011918154175009476
rubble,Boids,60,800,0.07,0.05,0.2,,5,0.3,0.2,2.0,20,0,0.6871508379888268,0.6624650837988827,0.7779329608938548,240.0,1.7333333333333334,0.7333333333333333,100.42104234532503,0.025145833333333333,1.0154798761609907,47,1.6219753295859907,0.2495900908318999,1.0219753295859906,0.9415349442666373,1.0,Boids,0.0012454757299997254
rubble,Boids,60,800,0.07,0.05,0.2,,4,0.3,0.2,2.0,20,0,0.7241620111731844,0.7026536312849162,0.8170391061452514,260.0,1.8,0.5333333333333333,103.83801087701032,0.021583333333333333,1.0485338725985844,50,1.611589744653628,0.2759131641363011,1.011589744653628,0.911746204666308,1.0,Boids,0.0012902728637504879
rubble,Boids,60,800,0.07,0.05,0.2,,7,0.3,0.2,2.0,20,0,0.7479050279329609,0.7164106145251397,0.8135474860335196,300.0,1.8833333333333333,0.8666666666666667,106.79949691129178,0.022291666666666668,1.0677966101694916,53,1.6279653067579527,0.2543719016016674,1.0279653067579528,0.9698389305998977,1.0,Boids,0.001295217863751077
rubble,Boids,60,800,0.07,0.05,0.2,,8,0.3,0.2,2.0,20,0,0.7276536312849162,0.7003840782122905,0.8156424581005587,240.0,1.8333333333333333,0.7333333333333333,103.0673312698166,0.0171875,1.0327056491575817,49,1.5594104894021346,0.2581013078016379,0.9594104894021348,0.9006552313919173,1.0,Boids,0.001240927343749263
rubble,Boids,60,800,0.07,0.05,0.2,,9,0.3,0.2,2.0,20,0,0.7032122905027933,0.6750698324022346,0.7779329608938548,240.0,1.8,0.55,105.61759056004193,0.017916666666666668,1.0467775467775469,52,1.5091777451126644,0.2794713115790222,0.9091777451126646,0.8492644800748129,1.0,Boids,0.0012631845824989795
rubble,Boids,60,800,0.07,0.05,0.2,,10,0.3,0.2,2.0,20,0,0.7053072625698324,0.6729050279329609,0.7932960893854749,240.0,1.7333333333333334,0.6166666666666667,100.31868021984612,0.01633333333333333,1.0120240480961924,46,1.6543004188839388,0.253632387767237,1.0543004188839387,1.0148881212442873,1.0,Boids,0.0011846893749998344
rubble,Boids,60,800,0.07,0.05,0.2,,11,0.3,0.2,2.0,20,0,0.6710893854748603,0.6630237430167597,0.7660614525139665,180.0,2.0833333333333335,0.6166666666666667,101.33478856185735,0.018666666666666668,1.0010416666666666,47,1.610322423408602,0.21696247094623117,1.0103224234086021,0.9418095673642822,1.0,Boids,0.001198310677500558
rubble,Boids,60,800,0.07,0.05,0.2,,12,0.3,0.2,2.0,20,0,0.7318435754189944,0.7083798882681565,0.8177374301675978,300.0,1.6666666666666667,1.0666666666666667,105.69889478672432,0.015854166666666666,1.0522088353413654,52,1.5967841268811473,0.2613568768445386,0.9967841268811477,0.9132316139869792,1.0,Boids,0.0012580389062486574
rubble,Boids,60,800,0.07,0.05,0.2,,13,0.3,0.2,2.0,20,0,0.696927374301676,0.6908519553072625,0.8254189944134078,200.0,2.1333333333333333,0.5166666666666667,97.76064967642947,0.025395833333333333,0.9822834645669292,43,1.730481675385396,0.24053500151651214,1.1304816753853961,1.0657863683759325,1.0,Boids,0.0011592766662511167
rubble,Boids,60,800,0.07,0.05,0.2,,15,0.3,0.2,2.0,20,0,0.7053072625698324,0.6756284916201116,0.8009776536312849,220.0,2.1666666666666665,0.75,100.97272907183944,0.02325,0.9844054580896686,47,1.6301162897757362,0.26932445190565146,1.0301162897757363,0.8955357346694685,1.0,Boids,0.0011766145312503795
rubble,Boids,60,800,0.07,0.05,0.2,,14,0.3,0.2,2.0,20,0,0.6892458100558659,0.6800628491620111,0.7821229050279329,240.0,1.9333333333333333,0.5833333333333334,103.57359569486738,0.023625,0.9791666666666666,50,1.5671455098342562,0.2189132149858807,0.9671455098342558,0.8870831705362713,1.0,Boids,0.0012426805724999213
rubble,Boids,60,800,0.07,0.05,0.2,,16,0.3,0.2,2.0,20,0,0.729050279329609,0.7219972067039107,0.8303072625698324,260.0,1.9833333333333334,0.6166666666666667,101.7219015945238,0.021604166666666667,1.009671179883946,47,1.6887585802578235,0.2209296442351503,1.0887585802578235,0.9989059934235497,1.0,Boids,0.0011748136974983935
rubble,Boids,60,800,0.07,0.05,0.2,,18,0.3,0.2,2.0,20,0,0.6613128491620112,0.6627793296089385,0.7828212290502793,220.0,1.7333333333333334,0.48333333333333334,98.76721608803426,0.021979166666666668,0.9441674975074775,45,1.5706269670824058,0.2968431730798443,0.9706269670824061,0.8779395998304448,1.0,Boids,0.0011836402600010842
rubble,Boids,60,800,0.07,0.05,0.2,,17,0.3,0.2,2.0,20,0,0.7283519553072626,0.6949371508379889,0.8072625698324022,260.0,1.9,0.85,103.40991985698513,0.018458333333333334,1.041958041958042,49,1.6030534268476178,0.32097748444520263,1.003053426847618,0.9014127017550243,1.0,Boids,0.0012382488537491553
rubble,Boids,60,800,0.07,0.05,0.2,,19,0.3,0.2,2.0,20,0,0.6787709497206704,0.672695530726257,0.7863128491620112,200.0,1.7666666666666666,0.75,101.54510953999564,0.019083333333333334,0.9818181818181818,47,1.5569867535563455,0.23827163818998284,0.9569867535563454,0.9071085597959146,1.0,Boids,0.0011932526562486601
rubble,Boids,60,800,0.07,0.05,0.2,,20,0.3,0.2,2.0,20,0,0.6941340782122905,0.6927025139664804,0.8016759776536313,220.0,1.75,0.6333333333333333,100.38400242029708,0.0211875,1.002016129032258,46,1.6092230329618777,0.2638609605004737,1.0092230329618777,0.9058163912938224,1.0,Boids,0.001167496250000113
rubble,Boids,60,800,0.07,0.05,0.2,,21,0.3,0.2,2.0,20,0,0.702513966480447,0.7013617318435754,0.8037709497206704,240.0,1.85,0.6833333333333333,103.15408306956907,0.023916666666666666,1.0296827021494372,49,1.653451589495045,0.20728226727167187,1.0534515894950451,1.0351921059094265,1.0,Boids,0.0012276380200000859
rubble,Boids,60,800,0.07,0.05,0.2,,22,0.3,0.2,2.0,20,0,0.6717877094972067,0.6772346368715083,0.7905027932960894,200.0,1.7666666666666666,0.5,98.66600227720859,0.017354166666666667,0.9697580645161289,44,1.5142619896242926,0.27277037750927624,0.9142619896242927,0.8614456343153147,1.0,Boids,0.001147342812498664
rubble,Boids,60,800,0.07,0.05,0.2,,23,0.3,0.2,2.0,20,0,0.7018156424581006,0.6826117318435754,0.7863128491620112,200.0,1.8833333333333333,0.6833333333333333,103.73572087570828,0.020708333333333332,1.0286591606960083,50,1.6135860082097202,0.30532451716809444,1.0135860082097201,0.9109357464275324,1.0,Boids,0.001249828437501037
rubble,Boids,60,800,0.07,0.05,0.2,,24,0.3,0.2,2.0,20,0,0.672486033519553,0.6751396648044692,0.7856145251396648,260.0,2.033333333333333,0.6333333333333333,101.0740028652152,0.025604166666666667,0.9668674698795181,47,1.5102305695478158,0.2695091813147592,0.9102305695478158,0.8104436765869886,1.0,Boids,0.0012215316674996756
rubble,Boids,60,800,0.07,0.05,0.2,,25,0.3,0.2,2.0,20,0,0.6871508379888268,0.6753142458100558,0.7870111731843575,260.0,1.8833333333333333,0.5666666666666667,99.95203332387513,0.0238125,0.9713721618953604,46,1.587722235702747,0.2698240245349923,0.9877222357027473,0.8521019754323386,1.0,Boids,0.0011915101049999066
rubble,Boids,60,800,0.07,0.05,0.2,,27,0.3,0.2,2.0,20,0,0.7074022346368715,0.6733589385474861,0.7932960893854749,220.0,1.6833333333333333,0.6333333333333333,103.69833731197743,0.0146875,1.0263424518743667,49,1.5568521094791996,0.23841995670894206,0.9568521094791996,0.8525783305647047,1.0,Boids,0.0012029873437495553
rubble,Boids,60,800,0.07,0.05,0.2,,26,0.3,0.2,2.0,20,0,0.723463687150838,0.701187150837989,0.8086592178770949,260.0,1.9,0.7666666666666667,105.75204291843623,0.019833333333333335,1.036,52,1.589574157263725,0.255235316471688,0.9895741572637249,0.9937859078575931,1.0,Boids,0.0012601639062495452
rubble,Boids,60,800,0.07,0.05,0.2,,28,0.3,0.2,2.0,20,0,0.6927374301675978,0.6765712290502794,0.7828212290502793,200.0,2.033333333333333,0.6166666666666667,103.79665218075043,0.023166666666666665,1.0258531540847984,50,1.4587036639724529,0.24057516566733722,0.8587036639724525,0.8370204900219128,1.0,Boids,0.001244709635000163
rubble,Boids,60,800,0.07,0.05,0.2,,29,0.3,0.2,2.0,20,0,0.6759776536312849,0.6660963687150838,0.7849162011173184,280.0,1.9166666666666667,0.4166666666666667,94.70258509439408,0.0188125,0.979757085020243,40,1.6938851717352208,0.25861512518133367,1.0938851717352205,0.994987066545475,1.0,Boids,0.0011322634900011509
rubble,Boids,60,800,0.1,0.05,0.2,,0,0.3,0.2,2.0,20,0,0.6920391061452514,0.6718924581005586,0.7939944134078212,240.0,2.4833333333333334,0.7666666666666667,121.26886483084868,0.018958333333333334,1.022703818369453,48,1.642898601669465,0.26153561998590497,1.0428986016694652,0.9602836610787618,1.0,Boids,0.0012209289062479912
rubble,Boids,60,800,0.1,0.05,0.2,,1,0.3,0.2,2.0,20,0,0.7143854748603352,0.7057960893854749,0.8065642458100558,180.0,2.45,0.9666666666666667,124.4119369147395,0.021875,1.054639175257732,51,1.5736258686146534,0.2783274967078268,0.9736258686146533,0.8826558962892085,1.0,Boids,0.0012431278650001333
rubble,Boids,60,800,0.1,0.05,0.2,,3,0.3,0.2,2.0,20,0,0.630586592178771,0.631913407821229,0.776536312849162,220.0,2.6166666666666667,1.1333333333333333,112.20116872579737,0.022958333333333334,0.9204892966360857,40,1.7036725038667,0.41910595713148957,1.1036725038666997,0.9677875971913094,1.0,Boids,0.00119150546875062
rubble,Boids,60,800,0.1,0.05,0.2,,4,0.3,0.2,2.0,20,0,0.7178770949720671,0.6936103351955307,0.7988826815642458,240.0,2.6333333333333333,1.1666666666666667,122.5006365980215,0.026270833333333334,1.030060120240481,50,1.5544184377245662,0.20178315259135443,0.9544184377245662,0.896914317685016,1.0,Boids,0.0012455610412507668
rubble,Boids,60,800,0.1,0.05,0.2,,2,0.3,0.2,2.0,20,0,0.7346368715083799,0.7033170391061454,0.8086592178770949,260.0,2.8,1.2,127.31598850870314,0.024416666666666666,1.053053053053053,54,1.5263633117081445,0.3056242726983275,0.9263633117081453,0.8215473181694418,1.0,Boids,0.001342907552500492
rubble,Boids,60,800,0.1,0.05,0.2,,5,0.3,0.2,2.0,20,0,0.6990223463687151,0.6947276536312849,0.7960893854748603,240.0,2.4833333333333334,1.0166666666666666,121.40163123862446,0.028979166666666667,1.0080563947633434,49,1.5610546365444473,0.26556095381090217,0.9610546365444472,0.8363778385387878,1.0,Boids,0.001269616093750301
rubble,Boids,60,800,0.1,0.05,0.2,,6,0.3,0.2,2.0,20,0,0.7381284916201117,0.726641061452514,0.8331005586592178,240.0,2.5,1.1166666666666667,123.40792831203582,0.025729166666666668,1.039331366764995,50,1.5437578141041697,0.2784453345588613,0.9437578141041699,0.8544838579868202,1.0,Boids,0.001273937343748912
rubble,Boids,60,800,0.1,0.05,0.2,,8,0.3,0.2,2.0,20,0,0.7087988826815642,0.6879888268156426,0.8317039106145251,200.0,2.5,1.0,117.99307512052447,0.021604166666666667,1.0262891809908998,45,1.6219963073975783,0.2559971610393884,1.021996307397578,1.003895669969907,1.0,Boids,0.001214620312500756
rubble,Boids,60,800,0.1,0.05,0.2,,7,0.3,0.2,2.0,20,0,0.7241620111731844,0.7013966480446927,0.8156424581005587,300.0,3.25,0.9666666666666667,120.40157789564596,0.029041666666666667,1.0401203610832497,48,1.6088073657316606,0.2654162725412374,1.0088073657316607,0.9680902525497495,1.0,Boids,0.001244453697499921
rubble,Boids,60,800,0.1,0.05,0.2,,9,0.3,0.2,2.0,20,0,0.6578212290502793,0.6274790502793295,0.7716480446927374,240.0,2.4833333333333334,1.0666666666666667,118.80874980692934,0.021979166666666668,0.9467336683417086,46,1.6121514583640895,0.33867697509860484,1.0121514583640894,0.944978905725902,1.0,Boids,0.001243485468748986
rubble,Boids,60,800,0.1,0.05,0.2,,10,0.3,0.2,2.0,20,0,0.7039106145251397,0.6873952513966479,0.8163407821229051,240.0,2.45,1.2666666666666666,121.3163902949328,0.0233125,1.006993006993007,48,1.6170499514301142,0.30264462922871593,1.0170499514301143,0.9279944798064007,1.0,Boids,0.0012399904162498387
rubble,Boids,60,800,0.1,0.05,0.2,,11,0.3,0.2,2.0,20,0,0.6787709497206704,0.6516061452513966,0.7793296089385475,280.0,2.966666666666667,1.3,122.02714864680334,0.025770833333333333,0.997946611909651,49,1.4979168814776418,0.20438901811659188,0.8979168814776416,0.8458772958423894,1.0,Boids,0.0012821365100012371
rubble,Boids,60,800,0.1,0.05,0.2,,12,0.3,0.2,2.0,20,0,0.6801675977653632,0.6623254189944136,0.7793296089385475,280.0,2.4,0.8166666666666667,115.58469961330321,0.019791666666666666,1.0030895983522143,43,1.7184041723437327,0.30757450956586213,1.1184041723437324,0.9583942274734144,1.0,Boids,0.0011952493224998762
rubble,Boids,60,800,0.1,0.05,0.2,,13,0.3,0.2,2.0,20,0,0.6906424581005587,0.674441340782123,0.8002793296089385,240.0,3.15,1.0,118.05118880895492,0.029083333333333333,0.9782393669634025,46,1.5423107078433431,0.2522537265925388,0.9423107078433433,0.8836249546260292,1.0,Boids,0.001233439687500777
rubble,Boids,60,800,0.1,0.05,0.2,,15,0.3,0.2,2.0,20,0,0.6808659217877095,0.6582402234636872,0.7863128491620112,240.0,2.85,0.8833333333333333,115.43414680186969,0.025729166666666668,1.0145681581685746,43,1.6305664175946706,0.18837197685976143,1.0305664175946707,0.9637750448473544,1.0,Boids,0.0012071567187490473
rubble,Boids,60,800,0.1,0.05,0.2,,14,0.3,0.2,2.0,20,0,0.7304469273743017,0.7138966480446929,0.8163407821229051,240.0,2.933333333333333,1.0333333333333334,126.06972163548137,0.027041666666666665,1.0366699702675917,53,1.5677868703488969,0.27658540305488744,0.9677868703488967,0.8701120176406284,1.0,Boids,0.001271328645000267
rubble,Boids,60,800,0.1,0.05,0.2,,17,0.3,0.2,2.0,20,0,0.7297486033519553,0.7241969273743017,0.8296089385474861,260.0,2.4833333333333334,1.1666666666666667,123.07671505756359,0.020708333333333332,1.0534274193548387,50,1.629813689377154,0.2541502111226102,1.029813689377154,0.8924262246949579,1.0,Boids,0.0012156157812501078
rubble,Boids,60,800,0.1,0.05,0.2,,16,0.3,0.2,2.0,20,0,0.7185754189944135,0.6930167597765363,0.8065642458100558,300.0,2.7,0.9666666666666667,122.56772323518622,0.025333333333333333,1.0218470705064548,49,1.5552881020827354,0.28708617835755046,0.9552881020827353,0.8451478068010395,1.0,Boids,0.0012335110412504946
rubble,Boids,60,800,0.1,0.05,0.2,,18,0.3,0.2,2.0,20,0,0.7115921787709497,0.6858240223463687,0.8121508379888268,220.0,2.5833333333333335,1.1166666666666667,120.28984615750113,0.026583333333333334,1.0324214792299897,48,1.5339112095026062,0.31555492495634696,0.933911209502606,0.7545759980395713,1.0,Boids,0.0011823094800001855
rubble,Boids,60,800,0.1,0.05,0.2,,19,0.3,0.2,2.0,20,0,0.6906424581005587,0.6608938547486034,0.8037709497206704,220.0,2.533333333333333,0.9833333333333333,118.1458354394131,0.02175,1.0081549439347606,45,1.5393641799706899,0.27239591444855854,0.9393641799706899,0.7811819640126062,1.0,Boids,0.001181386406249203
rubble,Boids,60,800,0.1,0.05,0.2,,20,0.3,0.2,2.0,20,0,0.7074022346368715,0.6780377094972068,0.8093575418994413,260.0,2.566666666666667,1.25,119.5119590359078,0.0273125,1.0315682281059062,47,1.5942742938618637,0.2709341523166523,0.9942742938618641,0.9696991004679333,1.0,Boids,0.0012387770312511748
rubble,Boids,60,800,0.1,0.05,0.2,,21,0.3,0.2,2.0,20,0,0.6284916201117319,0.6086243016759776,0.7618715083798883,220.0,2.533333333333333,1.05,118.93607660395918,0.027270833333333334,0.9326424870466322,47,1.478245743077159,0.2593357066689757,0.8782457430771587,0.8390537825548247,1.0,Boids,0.0012475011987498875
rubble,Boids,60,800,0.1,0.05,0.2,,22,0.3,0.2,2.0,20,0,0.6899441340782123,0.6956703910614526,0.8009776536312849,260.0,3.0,1.05,124.93553191885258,0.021791666666666668,0.9969727547931382,51,1.4674233399194994,0.23315047742893533,0.8674233399194992,0.8626868766923249,1.0,Boids,0.001258709791250112
rubble,Boids,60,800,0.1,0.05,0.2,,23,0.3,0.2,2.0,20,0,0.7136871508379888,0.685509776536313,0.8100558659217877,280.0,2.783333333333333,1.1333333333333333,122.97224295682304,0.025770833333333333,1.094218415417559,50,1.598965708068246,0.2916240820352853,0.9989657080682458,0.8929289973585681,1.0,Boids,0.001248957917498501
rubble,Boids,60,800,0.1,0.05,0.2,,24,0.3,0.2,2.0,20,0,0.7178770949720671,0.7038756983240224,0.8205307262569832,220.0,2.9833333333333334,1.1666666666666667,123.6121125867641,0.027854166666666666,1.052200614124872,51,1.6108829688556874,0.2696660743151985,1.0108829688556877,0.9337542731300043,1.0,Boids,0.0012677524474997881
rubble,Boids,60,800,0.1,0.05,0.2,,26,0.3,0.2,2.0,20,0,0.6885474860335196,0.6709148044692738,0.8002793296089385,260.0,2.55,0.9666666666666667,118.35152620992875,0.019854166666666666,0.9909547738693468,45,1.6242226458280293,0.2902824801382995,1.0242226458280297,0.8903399846505943,1.0,Boids,0.0012233644275011103
rubble,Boids,60,800,0.1,0.05,0.2,,25,0.3,0.2,2.0,20,0,0.6836592178770949,0.6753491620111731,0.7877094972067039,260.0,2.8666666666666667,1.2,119.59901104053966,0.025708333333333333,0.9829317269076305,47,1.45776199804817,0.30560049277193274,0.8577619980481697,0.7940274432758069,1.0,Boids,0.0012419922912499715
apartment,Lloyd,60,800,0.0,0.05,0.2,,0,0.3,0.2,2.0,20,0,0.8444010416666666,0.8444661458333333,0.931640625,240.0,1.6,0.06666666666666667,22.553571472008453,0.05610416666666666,0.9508797653958944,47,2.103585180100253,0.2435819061224725,1.5035851801002533,1.5810205030530824,1.0,Lloyd,0.0006419813012507802
rubble,Boids,60,800,0.1,0.05,0.2,,27,0.3,0.2,2.0,20,0,0.715782122905028,0.6865572625698324,0.7981843575418994,280.0,2.8833333333333333,1.05,126.29980967865588,0.020875,1.0491299897645856,53,1.5101777226201885,0.30570407600761657,0.9101777226201883,0.8354022432718115,0.9622641509433962,Boids,0.001292474583749481
apartment,Lloyd,60,800,0.0,0.05,0.2,,1,0.3,0.2,2.0,20,0,0.8763020833333334,0.8753255208333333,0.9303385416666666,240.0,1.5666666666666667,0.016666666666666666,22.57245039035392,0.059166666666666666,0.9753623188405798,49,2.080032819495038,0.22782008947468163,1.4800328194950378,1.5471366413051428,1.0,Lloyd,0.0006708761462505209
rubble,Boids,60,800,0.1,0.05,0.2,,28,0.3,0.2,2.0,20,0,0.6997206703910615,0.6714734636871509,0.7870111731843575,240.0,2.75,1.15,117.11801971613893,0.02925,1.0481171548117154,45,1.682094449148496,0.30675479325054306,1.082094449148496,0.9424069888385193,1.0,Boids,0.0012568705724993379
apartment,Lloyd,60,800,0.0,0.05,0.2,,2,0.3,0.2,2.0,20,0,0.876953125,0.8767252604166668,0.9407552083333334,240.0,1.5166666666666666,0.08333333333333333,21.71576868789381,0.04975,0.9746743849493488,48,2.1416812138225385,0.22474139364771173,1.5416812138225386,1.7999999999999985,1.0,Lloyd,0.0006599298437504331
apartment,Lloyd,60,800,0.0,0.05,0.2,,3,0.3,0.2,2.0,20,0,0.8658854166666666,0.8665690104166666,0.927734375,220.0,1.8833333333333333,0.05,20.20325740385665,0.044125,0.9765051395007341,47,2.183983591200843,0.2473946462071872,1.583983591200843,1.6038889750211975,1.0,Lloyd,0.0006348662499999591
apartment,Lloyd,60,800,0.0,0.05,0.2,,4,0.3,0.2,2.0,20,0,0.8548177083333334,0.8514973958333332,0.9173177083333334,180.0,1.5833333333333333,0.03333333333333333,22.385795596960612,0.039875,0.9992389649923897,49,2.0837600687693825,0.2665822360448199,1.4837600687693828,1.5151010722990357,1.0,Lloyd,0.0006641285412479193
apartment,Lloyd,60,800,0.0,0.05,0.2,,5,0.3,0.2,2.0,20,0,0.83984375,0.8355143229166668,0.9283854166666666,280.0,1.25,0.0,20.111321798085196,0.08785416666666666,0.9780136467020469,44,2.204000124328014,0.262279966316398,1.604000124328013,1.5840329667841568,1.0,Lloyd,0.0006599047400004565
apartment,Lloyd,60,800,0.0,0.05,0.2,,6,0.3,0.2,2.0,20,0,0.8567708333333334,0.8559244791666666,0.939453125,180.0,1.4666666666666666,0.016666666666666666,22.70709343578492,0.035458333333333335,0.9550072568940494,46,2.2203896852219716,0.2622120790735834,1.6203896852219715,1.7271950555619358,1.0,Lloyd,0.000642571302498709
rubble,Boids,60,800,0.1,0.05,0.2,,29,0.3,0.2,2.0,20,0,0.710195530726257,0.7026536312849162,0.8156424581005587,220.0,2.716666666666667,1.0333333333333334,120.93605733956282,0.028354166666666666,1.0149700598802396,49,1.5985104661125573,0.2607096658785955,0.9985104661125572,0.9224433288325912,1.0,Boids,0.001409609271249792
apartment,Lloyd,60,800,0.0,0.05,0.2,,8,0.3,0.2,2.0,20,0,0.8470052083333334,0.84658203125,0.9192708333333334,200.0,1.1,0.03333333333333333,19.635122654433726,0.0446875,0.9608567208271788,49,2.10339449123309,0.3497848247974393,1.5033944912330903,1.4999999999999996,1.0,Lloyd,0.00064372171874993
apartment,Lloyd,60,800,0.0,0.05,0.2,,7,0.3,0.2,2.0,20,0,0.7747395833333334,0.7697265625,0.8854166666666666,220.0,1.2,0.016666666666666666,17.066754800780767,0.084875,0.9810387469084915,47,1.9441938549243567,0.40799663796365854,1.3441938549243562,1.279458807494588,0.9574468085106383,Lloyd,0.0007220797387503808
apartment,Lloyd,60,800,0.0,0.05,0.2,,9,0.3,0.2,2.0,20,0,0.8450520833333334,0.8430989583333334,0.9264322916666666,200.0,1.4333333333333333,0.03333333333333333,21.075905716489633,0.04008333333333333,0.9579335793357934,45,2.1747785000139896,0.2900926099222944,1.5747785000139893,1.7343328946781904,1.0,Lloyd,0.0006670489587486373
apartment,Lloyd,60,800,0.0,0.05,0.2,,11,0.3,0.2,2.0,20,0,0.8626302083333334,0.8593424479166666,0.931640625,220.0,1.65,0.03333333333333333,20.617173243085826,0.051541666666666666,0.9932533733133433,46,2.2145864402603563,0.23842200219170573,1.6145864402603565,1.7999999999999985,1.0,Lloyd,0.0006427067712502321
apartment,Lloyd,60,800,0.0,0.05,0.2,,10,0.3,0.2,2.0,20,0,0.78125,0.78212890625,0.919921875,240.0,1.4,0.016666666666666666,19.660842949768025,0.04760416666666667,0.9167303284950344,47,1.9758462731008934,0.39049861068721314,1.3758462731008938,0.9297058540778357,1.0,Lloyd,0.000670898749999651
apartment,Lloyd,60,800,0.0,0.05,0.2,,12,0.3,0.2,2.0,20,0,0.8723958333333334,0.8712565104166666,0.927734375,200.0,1.45,0.016666666666666666,20.81645399346743,0.04766666666666667,0.988929889298893,49,2.156808340385784,0.280931211372448,1.5568083403857844,1.5213203435596423,1.0,Lloyd,0.000661712031251227
apartment,Lloyd,60,800,0.0,0.05,0.2,,13,0.3,0.2,2.0,20,0,0.8190104166666666,0.8108072916666667,0.9108072916666666,200.0,1.7666666666666666,0.016666666666666666,20.68404292210688,0.058479166666666665,0.9858934169278997,46,2.0811909232131627,0.3216705693618116,1.4811909232131628,1.317768063223656,1.0,Lloyd,0.0006859356250015481
apartment,Lloyd,60,800,0.0,0.05,0.2,,14,0.3,0.2,2.0,20,0,0.798828125,0.7973958333333333,0.9192708333333334,180.0,1.5333333333333334,0.016666666666666666,18.17795941874029,0.051229166666666666,0.9593432369038312,43,2.1779935198491573,0.27656597874295846,1.5779935198491573,1.3781707386045303,1.0,Lloyd,0.0006605775524985802
apartment,Lloyd,60,800,0.0,0.05,0.2,,16,0.3,0.2,2.0,20,0,0.8424479166666666,0.8408528645833332,0.9244791666666666,240.0,1.7166666666666666,0.03333333333333333,19.995825168180833,0.04764583333333333,0.9736644093303235,47,2.0715701215867175,0.2936555875201308,1.471570121586717,1.5000000000000004,1.0,Lloyd,0.00066500968750006
apartment,Lloyd,60,800,0.0,0.05,0.2,,15,0.3,0.2,2.0,20,0,0.8717447916666666,0.8670572916666666,0.9407552083333334,200.0,1.75,0.06666666666666667,23.157067155402537,0.07402083333333333,1.0182509505703423,53,1.9536503743985922,0.3463285811971152,1.3536503743985924,1.2248287590894669,1.0,Lloyd,0.0007178308337506678
apartment,Lloyd,60,800,0.0,0.05,0.2,,17,0.3,0.2,2.0,20,0,0.8541666666666666,0.84638671875,0.9303385416666666,200.0,1.35,0.05,23.42264518574048,0.05427083333333333,0.9754646840148699,46,2.2465927328487765,0.2650818635917479,1.646592732848776,1.5473559196725903,1.0,Lloyd,0.0006678538024993941
apartment,Lloyd,60,800,0.0,0.05,0.2,,18,0.3,0.2,2.0,20,0,0.826171875,0.8226888020833334,0.94140625,240.0,1.2333333333333334,0.016666666666666666,19.986226010243943,0.03960416666666667,0.9613636363636363,52,1.9387409609920416,0.32579443399924235,1.3387409609920422,1.3971507960652854,1.0,Lloyd,0.0006959314062487465
apartment,Lloyd,60,800,0.0,0.05,0.2,,19,0.3,0.2,2.0,20,0,0.837890625,0.8374348958333334,0.9212239583333334,240.0,1.5166666666666666,0.016666666666666666,21.05959388734762,0.06802083333333334,0.9640449438202248,45,2.134393049668155,0.2554797116528054,1.5343930496681553,1.5213203435596419,1.0,Lloyd,0.0006683932287501193
apartment,Lloyd,60,800,0.0,0.05,0.2,,20,0.3,0.2,2.0,20,0,0.9127604166666666,0.9070638020833334,0.9485677083333334,260.0,1.5333333333333334,0.08333333333333333,20.6748662856044,0.04714583333333333,1.0256035113386979,52,2.0669627817397225,0.2512319894785555,1.4669627817397222,1.3954251920828797,1.0,Lloyd,0.0006519407287510149
apartment,Lloyd,60,800,0.0,0.05,0.2,,21,0.3,0.2,2.0,20,0,0.86328125,0.85654296875,0.9231770833333334,200.0,1.65,0.016666666666666666,20.567544016709288,0.044125,1.0037850113550342,49,2.10080629316408,0.2787046117560887,1.5008062931640804,1.4999999999999996,1.0,Lloyd,0.0006506759887497537
apartment,Lloyd,60,800,0.0,0.05,0.2,,22,0.3,0.2,2.0,20,0,0.7682291666666666,0.7666015625,0.8990885416666666,240.0,1.6166666666666667,0.05,20.88956571962657,0.0423125,0.9049079754601226,44,2.080643338527514,0.38446568484557125,1.4806433385275135,1.2662137663538502,1.0,Lloyd,0.0006701146349996634
apartment,Lloyd,60,800,0.0,0.05,0.2,,23,0.3,0.2,2.0,20,0,0.8580729166666666,0.85693359375,0.916015625,220.0,1.7333333333333334,0.0,19.55763316076433,0.06545833333333333,0.9947169811320754,46,2.16965554992628,0.20620495648357337,1.56965554992628,1.6047874072365507,1.0,Lloyd,0.0006354734900014591
apartment,Lloyd,60,800,0.0,0.05,0.2,,24,0.3,0.2,2.0,20,0,0.8606770833333334,0.8590494791666666,0.919921875,200.0,1.3666666666666667,0.016666666666666666,20.8055334267456,0.0478125,0.9947328818660648,45,2.176990918277459,0.26345313856712316,1.576990918277459,1.504965992474642,1.0,Lloyd,0.0006401551037515673
apartment,Lloyd,60,800,0.0,0.05,0.2,,25,0.3,0.2,2.0,20,0,0.7643229166666666,0.7557617187499999,0.9173177083333334,200.0,1.6833333333333333,0.05,20.59402250309724,0.04422916666666667,0.891419893697798,46,2.013875941453001,0.4944961666630881,1.4138759414530013,1.1076517158467045,1.0,Lloyd,0.000668001978749544
apartment,Lloyd,60,800,0.0,0.05,0.2,,26,0.3,0.2,2.0,20,0,0.8723958333333334,0.8716796875,0.94140625,220.0,1.9166666666666667,0.06666666666666667,21.39883798860428,0.060833333333333336,0.9682080924855492,52,2.020893994754527,0.2859204988112836,1.4208939947545267,1.2976256998796218,1.0,Lloyd,0.0006768812499990417
apartment,Lloyd,60,800,0.0,0.05,0.2,,28,0.3,0.2,2.0,20,0,0.8776041666666666,0.8743164062500002,0.9329427083333334,220.0,1.6833333333333333,0.03333333333333333,22.194885759382462,0.0515,1.0037230081906179,51,2.083012397195248,0.25986472438789493,1.4830123971952476,1.5931505234306287,1.0,Lloyd,0.0006423078637499202
apartment,Lloyd,60,800,0.0,0.05,0.2,,27,0.3,0.2,2.0,20,0,0.8470052083333334,0.84638671875,0.9114583333333334,260.0,1.1,0.016666666666666666,20.13827648993871,0.0815625,0.9901065449010655,52,1.9729596313055469,0.30807700372367663,1.372959631305547,1.5676991179873903,1.0,Lloyd,0.0006633791149988611
apartment,Lloyd,60,800,0.0,0.05,0.2,,29,0.3,0.2,2.0,20,0,0.7897135416666666,0.7879557291666667,0.9225260416666666,220.0,1.55,0.05,18.705400815577608,0.0475,0.9113448534936137,46,2.101127780874386,0.41544002730181145,1.5011277808743857,1.321899086750235,1.0,Lloyd,0.0006510333337496377
apartment,Lloyd,60,800,0.02,0.05,0.2,,0,0.3,0.2,2.0,20,0,0.85546875,0.8442057291666666,0.9329427083333334,200.0,2.0,0.05,37.30273871466461,0.06277083333333333,1.0,47,2.1685357511145504,0.30546600654557543,1.5685357511145503,1.7691396575580067,1.0,Lloyd,0.0006449408849994142
apartment,Lloyd,60,800,0.02,0.05,0.2,,1,0.3,0.2,2.0,20,0,0.8717447916666666,0.8647786458333334,0.94140625,320.0,2.0166666666666666,0.06666666666666667,38.40830992992788,0.06989583333333334,1.0339768339768338,49,2.1048220495356738,0.32333050943464736,1.5048220495356741,1.55398987635225,1.0,Lloyd,0.0006663980212488241
apartment,Lloyd,60,800,0.02,0.05,0.2,,2,0.3,0.2,2.0,20,0,0.880859375,0.8803385416666666,0.9309895833333334,240.0,1.75,0.11666666666666667,40.14648119969171,0.04816666666666667,1.0097014925373133,48,2.168373194193587,0.22577906894046837,1.568373194193587,1.6191471706260978,1.0,Lloyd,0.0006901332812503825
apartment,Lloyd,60,800,0.02,0.05,0.2,,3,0.3,0.2,2.0,20,0,0.833984375,0.8307942708333333,0.916015625,160.0,1.8166666666666667,0.03333333333333333,39.51097909761275,0.041791666666666664,0.9682539682539683,47,2.1913525133574527,0.26268142738538364,1.5913525133574529,1.4411143992444266,1.0,Lloyd,0.0006634462499982874
apartment,Lloyd,60,800,0.02,0.05,0.2,,4,0.3,0.2,2.0,20,0,0.892578125,0.8774088541666668,0.951171875,220.0,1.8,0.08333333333333333,39.74711927932306,0.05552083333333333,1.0627906976744186,49,2.1299314358470607,0.2943122613500878,1.5299314358470604,1.6365325868662794,1.0,Lloyd,0.0007015548437493635
apartment,Lloyd,60,800,0.02,0.05,0.2,,5,0.3,0.2,2.0,20,0,0.8046875,0.7994791666666666,0.93359375,220.0,2.1,0.4166666666666667,36.8225587636639,0.09525,0.9573973663826492,44,2.158955908008313,0.32843021806897604,1.558955908008314,1.4619568572526063,1.0,Lloyd,0.0006740927612486303
apartment,Lloyd,60,800,0.02,0.05,0.2,,6,0.3,0.2,2.0,20,0,0.8450520833333334,0.8370442708333332,0.9348958333333334,240.0,1.75,0.05,39.57061052759789,0.0435625,0.9629080118694363,46,2.1392902530324944,0.2923401177887838,1.5392902530324946,1.48768763559842,1.0,Lloyd,0.0006605929687498246
apartment,Lloyd,60,800,0.02,0.05,0.2,,7,0.3,0.2,2.0,20,0,0.8756510416666666,0.8717122395833334,0.9290364583333334,220.0,1.7833333333333334,0.03333333333333333,37.506245021738934,0.06210416666666667,1.001489203276247,47,2.1531116178768652,0.2421699453376046,1.5531116178768647,1.7676863578896875,1.0,Lloyd,0.00065831239624913
apartment,Lloyd,60,800,0.02,0.05,0.2,,8,0.3,0.2,2.0,20,0,0.8522135416666666,0.8443033854166668,0.921875,240.0,1.8166666666666667,0.15,39.159850747698485,0.07554166666666666,0.993925588458618,49,2.025234148893995,0.26660782730627175,1.4252341488939955,1.379322023614698,1.0,Lloyd,0.000685777500000313
apartment,Lloyd,60,800,0.02,0.05,0.2,,9,0.3,0.2,2.0,20,0,0.8274739583333334,0.8277669270833332,0.93359375,260.0,1.8666666666666667,0.016666666666666666,38.21324671072139,0.06022916666666667,0.9318181818181818,45,2.0970818473278072,0.23437718871587704,1.4970818473278071,1.506391391168993,1.0,Lloyd,0.0006706232287501734
apartment,Lloyd,60,800,0.02,0.05,0.2,,10,0.3,0.2,2.0,20,0,0.8333333333333334,0.8311848958333334,0.9388020833333334,280.0,1.9833333333333334,0.1,39.920093279510176,0.07175,0.9411764705882354,47,2.1228915499624095,0.30973199188245176,1.5228915499624094,1.291510985120242,1.0,Lloyd,0.0006890015625003798
apartment,Lloyd,60,800,0.02,0.05,0.2,,11,0.3,0.2,2.0,20,0,0.8587239583333334,0.85439453125,0.9361979166666666,240.0,1.8666666666666667,0.05,38.4671900471594,0.041291666666666664,0.9727138643067847,46,2.201129608002397,0.2568321846661341,1.601129608002397,1.431890844510297,1.0,Lloyd,0.0006320153124988792
apartment,Lloyd,60,800,0.02,0.05,0.2,,12,0.3,0.2,2.0,20,0,0.857421875,0.85458984375,0.9186197916666666,200.0,1.55,0.03333333333333333,37.19952981702141,0.050708333333333334,1.0068807339449541,49,2.0737123057427995,0.2633915327772134,1.4737123057427994,1.278614852186848,1.0,Lloyd,0.0006766256774994872
apartment,Lloyd,60,800,0.02,0.05,0.2,,13,0.3,0.2,2.0,20,0,0.8444010416666666,0.8382486979166666,0.93359375,240.0,1.75,0.05,37.66291427074248,0.06085416666666667,0.9773926149208741,46,2.173289355310695,0.3387752480939909,1.5732893553106952,1.8262539025567814,1.0,Lloyd,0.0006799334900006215
apartment,Lloyd,60,800,0.02,0.05,0.2,,14,0.3,0.2,2.0,20,0,0.794921875,0.7916666666666666,0.9290364583333334,240.0,1.7833333333333334,0.08333333333333333,37.822648126162974,0.043354166666666666,0.9285171102661597,43,2.2115419826301053,0.3308916128400343,1.6115419826301056,1.4685230032862027,1.0,Lloyd,0.0006734108849991571
apartment,Lloyd,60,800,0.02,0.05,0.2,,15,0.3,0.2,2.0,20,0,0.8678385416666666,0.8678385416666667,0.9466145833333334,240.0,1.8833333333333333,0.06666666666666667,40.683136443656466,0.059166666666666666,0.9638467100506146,53,1.9984841192603389,0.24239018612315877,1.3984841192603392,1.508635736442825,1.0,Lloyd,0.0006866189062498052
apartment,Lloyd,60,800,0.02,0.05,0.2,,16,0.3,0.2,2.0,20,0,0.8235677083333334,0.8223307291666666,0.9270833333333334,200.0,1.9,0.08333333333333333,38.02118771977802,0.058375,0.9738260200153965,47,2.0478336998392,0.32387080693870257,1.4478336998391996,1.5215602031657203,1.0,Lloyd,0.0006784749474991258
apartment,Lloyd,60,800,0.02,0.05,0.2,,17,0.3,0.2,2.0,20,0,0.8483072916666666,0.8419921875000002,0.9361979166666666,240.0,1.8,0.13333333333333333,39.60698296128964,0.0583125,0.9687732342007435,46,2.221768358199967,0.2583804328328094,1.621768358199968,1.6762691398592855,1.0,Lloyd,0.0006696478125013528
apartment,Lloyd,60,800,0.02,0.05,0.2,,18,0.3,0.2,2.0,20,0,0.865234375,0.8554036458333332,0.9348958333333334,200.0,1.5666666666666667,0.016666666666666666,41.125086305588745,0.03654166666666667,1.0098784194528876,52,2.040382836512453,0.377181255801895,1.440382836512452,1.2023145760857867,1.0,Lloyd,0.0006612510937497973
apartment,Lloyd,60,800,0.02,0.05,0.2,,19,0.3,0.2,2.0,20,0,0.8385416666666666,0.83583984375,0.9251302083333334,220.0,1.7333333333333334,0.05,38.720030042767014,0.058333333333333334,0.9561989606533036,45,2.1858247372784105,0.24791313142400206,1.585824737278411,1.5258681195585568,1.0,Lloyd,0.0006710664574984548
apartment,Lloyd,60,800,0.02,0.05,0.2,,20,0.3,0.2,2.0,20,0,0.8046875,0.8017903645833332,0.8873697916666666,180.0,1.8166666666666667,0.03333333333333333,40.14423558297531,0.058208333333333334,1.0073349633251834,52,1.988822570224928,0.38706164795586656,1.388822570224928,1.3051877087262351,1.0,Lloyd,0.0006896178124998187
apartment,Lloyd,60,800,0.02,0.05,0.2,,21,0.3,0.2,2.0,20,0,0.8828125,0.8728190104166668,0.9407552083333334,260.0,1.6166666666666667,0.03333333333333333,39.22026993307607,0.07772916666666667,1.0119402985074626,49,2.158769952531979,0.20583016570618745,1.5587699525319794,1.474820536021892,1.0,Lloyd,0.0007010643237481417
apartment,Lloyd,60,800,0.02,0.05,0.2,,22,0.3,0.2,2.0,20,0,0.8372395833333334,0.8291341145833334,0.9205729166666666,240.0,2.1333333333333333,0.05,38.651898619598164,0.04472916666666667,0.9683734939759037,44,2.2862952032900434,0.31823060363763983,1.6862952032900438,1.5764246105556414,1.0,Lloyd,0.0006694026050013235
apartment,Lloyd,60,800,0.02,0.05,0.2,,23,0.3,0.2,2.0,20,0,0.8522135416666666,0.8543945312500002,0.9401041666666666,220.0,1.7666666666666666,0.05,36.78537198213374,0.052958333333333336,0.9625,46,2.1623400838474467,0.2517160730108581,1.5623400838474466,1.5370506811973819,1.0,Lloyd,0.0006613459375012098
apartment,Lloyd,60,800,0.02,0.05,0.2,,24,0.3,0.2,2.0,20,0,0.8606770833333334,0.86015625,0.9401041666666666,260.0,1.65,0.0,38.77319181909874,0.0624375,0.9770879526977089,45,2.191460507557363,0.2766285015146891,1.5914605075573636,1.8310552396357966,1.0,Lloyd,0.0006784230212497277
apartment,Lloyd,60,800,0.02,0.05,0.2,,26,0.3,0.2,2.0,20,0,0.8489583333333334,0.8492513020833332,0.9290364583333334,300.0,2.216666666666667,0.0,41.040868536284734,0.05452083333333333,0.9644970414201184,52,1.9905923045050349,0.2715690380263639,1.3905923045050355,1.5507732398756435,1.0,Lloyd,0.0006815210937497796
apartment,Lloyd,60,800,0.02,0.05,0.2,,25,0.3,0.2,2.0,20,0,0.736328125,0.734375,0.9361979166666666,240.0,2.1666666666666665,0.05,40.058651148584424,0.0530625,0.8183791606367583,46,2.0422942403237077,0.49268661396661256,1.4422942403237073,1.239678790837714,1.0,Lloyd,0.0007216598950003572
apartment,Lloyd,60,800,0.02,0.05,0.2,,27,0.3,0.2,2.0,20,0,0.8684895833333334,0.8597981770833334,0.9361979166666666,220.0,1.8166666666666667,0.016666666666666666,39.92515068907975,0.044770833333333336,0.9947800149142432,52,2.031773010238702,0.29317189911989844,1.4317730102387027,1.3424989027520546,1.0,Lloyd,0.0006677725512508914
apartment,Lloyd,60,800,0.02,0.05,0.2,,28,0.3,0.2,2.0,20,0,0.8001302083333334,0.7974934895833334,0.921875,220.0,1.5666666666666667,0.05,37.22726071790554,0.065625,0.9669551534225019,51,1.9295461260368532,0.45147752761153875,1.329546126036853,1.1457626099751361,1.0,Lloyd,0.0006675084375001461
apartment,Lloyd,60,800,0.02,0.05,0.2,,29,0.3,0.2,2.0,20,0,0.86328125,0.8578125,0.9381510416666666,220.0,1.8333333333333333,0.05,38.733858745411226,0.05408333333333333,0.9643636363636364,46,2.1717309773506055,0.2722928427527227,1.571730977350606,1.5833791794291951,1.0,Lloyd,0.0006621994274996723
apartment,Lloyd,60,800,0.04,0.05,0.2,,0,0.3,0.2,2.0,20,0,0.8619791666666666,0.8496419270833334,0.9388020833333334,240.0,2.433333333333333,0.13333333333333333,58.652132344778735,0.0515625,0.9807407407407407,47,2.2273130324300614,0.21320209207300456,1.6273130324300609,1.5718650075028453,1.0,Lloyd,0.000701674738750171
apartment,Lloyd,60,800,0.04,0.05,0.2,,2,0.3,0.2,2.0,20,0,0.8958333333333334,0.8896484375,0.943359375,240.0,2.25,0.05,58.147516541394516,0.05616666666666666,0.9971014492753624,48,2.176053075625519,0.1831407711633876,1.5760530756255193,1.6580588306808113,1.0,Lloyd,0.0006799593224991441
apartment,Lloyd,60,800,0.04,0.05,0.2,,1,0.3,0.2,2.0,20,0,0.8860677083333334,0.8587890625,0.9453125,260.0,2.183333333333333,0.11666666666666667,58.63915719837736,0.060395833333333336,1.040519877675841,49,2.1728622338254446,0.2066635425639269,1.5728622338254445,1.419331438986302,1.0,Lloyd,0.0006862588537501324
apartment,Lloyd,60,800,0.04,0.05,0.2,,3,0.3,0.2,2.0,20,0,0.8971354166666666,0.8771809895833333,0.9498697916666666,260.0,2.4,0.15,58.73510717947884,0.04752083333333333,1.017725258493353,47,2.258671707909087,0.21019953944940212,1.6586717079090862,1.7004847673365457,1.0,Lloyd,0.0006537148437496398
apartment,Lloyd,60,800,0.04,0.05,0.2,,4,0.3,0.2,2.0,20,0,0.884765625,0.866015625,0.9446614583333334,240.0,2.1,0.08333333333333333,59.55474620944363,0.04772916666666667,1.0272108843537415,49,2.180705274737775,0.21135786113486918,1.5807052747377746,1.4234151357477116,1.0,Lloyd,0.0006646621362483529
apartment,Lloyd,60,800,0.04,0.05,0.2,,6,0.3,0.2,2.0,20,0,0.8391927083333334,0.8387369791666666,0.9375,240.0,2.033333333333333,0.11666666666666667,58.26110239184796,0.04602083333333333,0.9569413511507053,46,2.1414368231330223,0.24658161729303987,1.541436823133022,1.5305514634702364,1.0,Lloyd,0.0006647897912489498
apartment,Lloyd,60,800,0.04,0.05,0.2,,5,0.3,0.2,2.0,20,0,0.8489583333333334,0.8347005208333333,0.9401041666666666,300.0,2.283333333333333,0.16666666666666666,54.771395176600336,0.06891666666666667,0.9871309613928843,44,2.202957020626039,0.24519563444007597,1.6029570206260397,1.4663229589547582,1.0,Lloyd,0.0007019599999989623
apartment,Lloyd,60,800,0.04,0.05,0.2,,7,0.3,0.2,2.0,20,0,0.8665364583333334,0.8657552083333332,0.9440104166666666,220.0,2.2,0.1,57.28627655975014,0.06220833333333333,0.9750915750915752,47,2.2049793056951543,0.1896216142004363,1.6049793056951538,1.6468401062458171,1.0,Lloyd,0.0006800618237480194
apartment,Lloyd,60,800,0.04,0.05,0.2,,8,0.3,0.2,2.0,20,0,0.87890625,0.8652018229166668,0.939453125,240.0,2.45,0.06666666666666667,59.24125780099659,0.05985416666666667,0.9941089837997054,49,2.130240622955247,0.2518443467406364,1.5302406229552472,1.449909990899001,1.0,Lloyd,0.0006844439062501806
apartment,Lloyd,60,800,0.04,0.05,0.2,,9,0.3,0.2,2.0,20,0,0.857421875,0.83779296875,0.947265625,260.0,2.216666666666667,0.06666666666666667,56.573092102662535,0.059895833333333336,0.9648351648351648,45,2.22665648618131,0.23709161867400344,1.62665648618131,1.4978634459295672,1.0,Lloyd,0.000669403384999896
apartment,Lloyd,60,800,0.04,0.05,0.2,,11,0.3,0.2,2.0,20,0,0.8717447916666666,0.8578450520833334,0.9485677083333334,240.0,2.316666666666667,0.03333333333333333,58.1511666282631,0.05341666666666667,0.9766593727206418,46,2.239952155892666,0.24346909334009562,1.6399521558926664,1.5631249738174529,1.0,Lloyd,0.0006749890100013544
apartment,Lloyd,60,800,0.04,0.05,0.2,,10,0.3,0.2,2.0,20,0,0.8463541666666666,0.8209309895833332,0.9251302083333334,240.0,2.3333333333333335,0.08333333333333333,57.92010850565435,0.051541666666666666,0.9938837920489296,47,2.178429902848333,0.28558540645983177,1.5784299028483333,1.2666587016402948,1.0,Lloyd,0.0006838456762511669
apartment,Lloyd,60,800,0.04,0.05,0.2,,12,0.3,0.2,2.0,20,0,0.873046875,0.8583333333333334,0.9524739583333334,280.0,1.95,0.05,58.948114700389546,0.0539375,1.0007462686567163,49,2.1016749034700766,0.25045615263551074,1.5016749034700767,1.5673720594504257,1.0,Lloyd,0.0006655582812481953
apartment,Lloyd,60,800,0.04,0.05,0.2,,13,0.3,0.2,2.0,20,0,0.876953125,0.8661783854166668,0.94140625,260.0,2.25,0.08333333333333333,56.34698032040691,0.06389583333333333,0.9933628318584071,46,2.2263379645113965,0.20940692530834154,1.6263379645113958,1.4835390623789808,1.0,Lloyd,0.0006530120837487629
apartment,Lloyd,60,800,0.04,0.05,0.2,,14,0.3,0.2,2.0,20,0,0.8522135416666666,0.8370768229166666,0.94140625,260.0,2.466666666666667,0.08333333333333333,56.77367021595718,0.04429166666666667,0.9984744469870328,43,2.3637631258081937,0.2790242275155369,1.763763125808194,1.6792909058932328,1.0,Lloyd,0.0006666626037485912
apartment,Lloyd,60,800,0.04,0.05,0.2,,15,0.3,0.2,2.0,20,0,0.87890625,0.8718424479166668,0.943359375,280.0,2.45,0.06666666666666667,60.4788377417811,0.0671875,1.0180995475113122,53,2.0050662397671783,0.2524367487295725,1.4050662397671787,1.442103564147725,1.0,Lloyd,0.0006895696362516901
apartment,Lloyd,60,800,0.04,0.05,0.2,,16,0.3,0.2,2.0,20,0,0.8548177083333334,0.8475260416666666,0.9309895833333334,240.0,2.25,0.11666666666666667,58.234533317188394,0.051333333333333335,0.9969627942293091,47,2.162563302874915,0.22545478490150858,1.562563302874915,1.6493805200002627,1.0,Lloyd,0.0006754067187512192
apartment,Lloyd,60,800,0.04,0.05,0.2,,17,0.3,0.2,2.0,20,0,0.8756510416666666,0.8575846354166666,0.9453125,240.0,2.3333333333333335,0.06666666666666667,58.13777747410766,0.05454166666666667,1.0090022505626406,46,2.2420695845642267,0.2169686735741689,1.6420695845642266,1.5774874993016832,1.0,Lloyd,0.0006732776037483745
apartment,Lloyd,60,800,0.04,0.05,0.2,,18,0.3,0.2,2.0,20,0,0.873046875,0.86103515625,0.939453125,200.0,2.2,0.1,61.53168504624062,0.0329375,1.0037425149700598,52,2.070337959537672,0.2711661261553358,1.470337959537672,1.3221023200632982,1.0,Lloyd,0.0006609321350015307
apartment,Lloyd,60,800,0.04,0.05,0.2,,19,0.3,0.2,2.0,20,0,0.857421875,0.8486979166666666,0.94140625,200.0,2.35,0.11666666666666667,56.98816869528704,0.051041666666666666,0.9705232129697864,45,2.1802409390912434,0.2274517994654517,1.580240939091243,1.486557082140168,1.0,Lloyd,0.0006355331774989281
apartment,Lloyd,60,800,0.04,0.05,0.2,,20,0.3,0.2,2.0,20,0,0.9134114583333334,0.9090494791666666,0.9544270833333334,240.0,2.716666666666667,0.1,60.43335322175473,0.056,1.0079022988505748,52,2.1262060502686597,0.2079787838580708,1.5262060502686599,1.4241411494273073,1.0,Lloyd,0.00066246906249944
apartment,Lloyd,60,800,0.04,0.05,0.2,,21,0.3,0.2,2.0,20,0,0.8828125,0.8759114583333334,0.9453125,240.0,2.3,0.1,58.589803167947345,0.06414583333333333,1.0014771048744462,49,2.194454230389115,0.20679838134715328,1.5944542303891145,1.5671142702926244,1.0,Lloyd,0.000674457863749467
apartment,Lloyd,60,800,0.04,0.05,0.2,,22,0.3,0.2,2.0,20,0,0.8248697916666666,0.7963541666666667,0.9225260416666666,240.0,2.3333333333333335,0.15,56.93208264869926,0.05297916666666667,0.960576194086429,44,2.2370476543384332,0.2621291846390124,1.6370476543384334,1.5039004667206388,1.0,Lloyd,0.0006548143750001145
apartment,Lloyd,60,800,0.04,0.05,0.2,,23,0.3,0.2,2.0,20,0,0.87890625,0.8633463541666666,0.9576822916666666,260.0,2.2333333333333334,0.1,57.62080753115941,0.06260416666666667,0.9761388286334056,46,2.2793413166642926,0.21778783048155917,1.6793413166642928,1.6751022651570089,1.0,Lloyd,0.0006774159375004273
apartment,Lloyd,60,800,0.04,0.05,0.2,,24,0.3,0.2,2.0,20,0,0.873046875,0.87080078125,0.951171875,220.0,2.283333333333333,0.03333333333333333,56.90749034508383,0.058520833333333334,1.001493651979089,45,2.245478944199208,0.23629997017263818,1.6454789441992081,1.6927395521740558,1.0,Lloyd,0.0006736217712500547
apartment,Lloyd,60,800,0.04,0.05,0.2,,25,0.3,0.2,2.0,20,0,0.8268229166666666,0.8012369791666666,0.9388020833333334,240.0,2.2,0.11666666666666667,57.816332427222555,0.05397916666666667,0.9449404761904762,46,2.1268326355561302,0.2935110984087207,1.5268326355561304,1.2885156369739277,1.0,Lloyd,0.0006673003125001742
apartment,Lloyd,60,800,0.04,0.05,0.2,,26,0.3,0.2,2.0,20,0,0.896484375,0.8845377604166667,0.9505208333333334,260.0,2.183333333333333,0.08333333333333333,60.015114447155256,0.058770833333333335,1.022271714922049,52,2.115097248044647,0.30462369432544445,1.5150972480446472,1.4440707620364948,1.0,Lloyd,0.0006740356774980683
apartment,Lloyd,60,800,0.04,0.05,0.2,,27,0.3,0.2,2.0,20,0,0.8951822916666666,0.8813802083333334,0.9459635416666666,260.0,2.25,0.18333333333333332,61.20057400261237,0.05329166666666667,1.0253542132736764,52,2.059961919015002,0.20403207945407864,1.459961919015002,1.5047681250654166,1.0,Lloyd,0.0006601543224996931
apartment,Lloyd,60,800,0.04,0.05,0.2,,28,0.3,0.2,2.0,20,0,0.8717447916666666,0.8565104166666668,0.955078125,240.0,2.05,0.06666666666666667,59.139588266402185,0.060375,1.010566037735849,51,2.072430211832735,0.26682504759386527,1.4724302118327346,1.2903256939263805,1.0,Lloyd,0.0006752014587482336
apartment,Lloyd,60,800,0.04,0.05,0.2,,29,0.3,0.2,2.0,20,0,0.873046875,0.85849609375,0.9407552083333334,240.0,2.0833333333333335,0.03333333333333333,58.34444284651751,0.050166666666666665,0.9955456570155902,46,2.243941818533297,0.2188571396618978,1.6439418185332966,1.5812358968512727,1.0,Lloyd,0.0006682183862517377
apartment,Lloyd,60,800,0.07,0.05,0.2,,0,0.3,0.2,2.0,20,0,0.892578125,0.8536783854166666,0.9563802083333334,240.0,3.5,0.26666666666666666,85.49412480903788,0.042041666666666665,1.017817371937639,47,2.241743782954756,0.18717504259830944,1.6417437829547563,1.6448368484210754,1.0,Lloyd,0.0007021235937486381
apartment,Lloyd,60,800,0.07,0.05,0.2,,1,0.3,0.2,2.0,20,0,0.8899739583333334,0.8833984374999998,0.958984375,280.0,3.966666666666667,0.16666666666666666,86.40758228038992,0.052458333333333336,0.9963556851311954,49,2.1261478694362053,0.23396397423269458,1.5261478694362052,1.5234415789840212,1.0,Lloyd,0.0007236192699997446
apartment,Lloyd,60,800,0.07,0.05,0.2,,2,0.3,0.2,2.0,20,0,0.9029947916666666,0.8861979166666666,0.9563802083333334,240.0,3.15,0.2833333333333333,85.64391980273118,0.0501875,1.0266469282013324,48,2.2922176453151466,0.18784001787771087,1.6922176453151465,1.7692111391462384,1.0,Lloyd,0.0007064710412487329
apartment,Lloyd,60,800,0.07,0.05,0.2,,3,0.3,0.2,2.0,20,0,0.875,0.85048828125,0.9544270833333334,280.0,3.8,0.23333333333333334,85.26432517164736,0.043020833333333335,0.9696969696969697,47,2.2492396038411107,0.2326031285212734,1.6492396038411101,1.4642641471063902,1.0,Lloyd,0.0007029854687493753
apartment,Lloyd,60,800,0.07,0.05,0.2,,4,0.3,0.2,2.0,20,0,0.8880208333333334,0.8753580729166666,0.9583333333333334,280.0,3.816666666666667,0.2833333333333333,86.28846334088357,0.051333333333333335,1.0096225018504812,49,2.208682972095988,0.2218898966413426,1.6086829720959877,1.525492903402344,1.0,Lloyd,0.0007182684374993187
apartment,Lloyd,60,800,0.07,0.05,0.2,,5,0.3,0.2,2.0,20,0,0.8776041666666666,0.8619140625,0.9544270833333334,260.0,3.283333333333333,0.26666666666666666,81.81368990904846,0.0570625,0.9825072886297376,44,2.254969120815683,0.2057002132977034,1.6549691208156825,1.6946776533828327,1.0,Lloyd,0.0007142865624996375
apartment,Lloyd,60,800,0.07,0.05,0.2,,6,0.3,0.2,2.0,20,0,0.888671875,0.8724934895833332,0.955078125,260.0,3.6166666666666667,0.35,84.10371506140156,0.04591666666666667,1.0286360211002261,46,2.2899311111923106,0.21478742528761005,1.6899311111923108,1.7430424176498307,1.0,Lloyd,0.0007000002600011612
apartment,Lloyd,60,800,0.07,0.05,0.2,,7,0.3,0.2,2.0,20,0,0.869140625,0.8575846354166667,0.951171875,280.0,3.7333333333333334,0.3333333333333333,84.33156208069242,0.050083333333333334,1.0052710843373494,47,2.1829111511862127,0.20395691564012552,1.5829111511862128,1.54233473171519,1.0,Lloyd,0.0007149654175009346
apartment,Lloyd,60,800,0.07,0.05,0.2,,8,0.3,0.2,2.0,20,0,0.8938802083333334,0.8895833333333334,0.9583333333333334,260.0,3.4166666666666665,0.18333333333333332,86.35084214217804,0.05247916666666667,1.0043891733723482,49,2.1398301936983217,0.235577300220486,1.5398301936983214,1.5741125546803474,1.0,Lloyd,0.0007231664575010655
apartment,Lloyd,60,800,0.07,0.05,0.2,,9,0.3,0.2,2.0,20,0,0.896484375,0.86640625,0.978515625,220.0,3.8333333333333335,0.23333333333333334,83.45228890590145,0.05125,1.043972706595906,45,2.2620192392547414,0.21278782333173044,1.6620192392547413,1.7552778658086905,1.0,Lloyd,0.0007065064062499004
apartment,Lloyd,60,800,0.07,0.05,0.2,,10,0.3,0.2,2.0,20,0,0.8743489583333334,0.8542643229166664,0.9505208333333334,260.0,3.683333333333333,0.25,84.85117864131469,0.04645833333333333,1.04595015576324,47,2.225478200353617,0.19913691709478284,1.625478200353617,1.5575065815502311,1.0,Lloyd,0.0007278372399991895
apartment,Lloyd,60,800,0.07,0.05,0.2,,11,0.3,0.2,2.0,20,0,0.8834635416666666,0.8625000000000002,0.9602864583333334,240.0,3.2666666666666666,0.21666666666666667,84.44176528475575,0.04516666666666667,1.028030303030303,46,2.218268977269909,0.18572563032289005,1.6182689772699088,1.600983661833116,1.0,Lloyd,0.0006951544799994736
apartment,Lloyd,60,800,0.07,0.05,0.2,,12,0.3,0.2,2.0,20,0,0.8990885416666666,0.8855468750000002,0.9602864583333334,280.0,3.0,0.31666666666666665,86.64514464286948,0.04589583333333333,1.023721275018532,49,2.234861695908527,0.21209670465684477,1.6348616959085263,1.5974770295567016,1.0,Lloyd,0.0007147544787494553
apartment,Lloyd,60,800,0.07,0.05,0.2,,13,0.3,0.2,2.0,20,0,0.8723958333333334,0.8466471354166666,0.9459635416666666,240.0,3.45,0.16666666666666666,83.40350915130486,0.05410416666666667,1.0159211523881728,46,2.1554270263095225,0.18219042640403732,1.555427026309522,1.6246815956058507,1.0,Lloyd,0.000689417916248658
apartment,Lloyd,60,800,0.07,0.05,0.2,,14,0.3,0.2,2.0,20,0,0.880859375,0.841796875,0.9485677083333334,260.0,3.6666666666666665,0.3,81.49748265902849,0.0533125,1.0029651593773166,43,2.312331053364425,0.19543419180356544,1.712331053364425,1.7991195253564212,1.0,Lloyd,0.0006812430724994555
apartment,Lloyd,60,800,0.07,0.05,0.2,,15,0.3,0.2,2.0,20,0,0.8932291666666666,0.8777018229166668,0.9544270833333334,240.0,3.65,0.31666666666666665,89.14381736755527,0.058104166666666665,1.0315789473684212,53,2.0674710266709546,0.22045288336116126,1.4674710266709545,1.5151041447260676,1.0,Lloyd,0.0007442051562497908
apartment,Lloyd,60,800,0.07,0.05,0.2,,16,0.3,0.2,2.0,20,0,0.8821614583333334,0.8742838541666667,0.95703125,280.0,3.2666666666666666,0.2833333333333333,85.63043307790329,0.044125,1.0142215568862276,47,2.113352979268072,0.2122009612952114,1.513352979268071,1.4470388561798897,1.0,Lloyd,0.0007082297912506874
apartment,Lloyd,60,800,0.07,0.05,0.2,,17,0.3,0.2,2.0,20,0,0.8587239583333334,0.820703125,0.9537760416666666,240.0,3.533333333333333,0.2,83.8517500412231,0.0476875,0.9792130660727543,46,2.211199695860089,0.2770423168183358,1.6111996958600892,1.5519021150173093,1.0,Lloyd,0.000717298697500155
apartment,Lloyd,60,800,0.07,0.05,0.2,,18,0.3,0.2,2.0,20,0,0.9134114583333334,0.8693033854166666,0.958984375,240.0,2.9166666666666665,0.3,89.94399018466385,0.0341875,1.0525131282820706,52,2.110043514518751,0.21650845447647213,1.5100435145187503,1.549075527906937,1.0,Lloyd,0.0007196773949999624
apartment,Lloyd,60,800,0.07,0.05,0.2,,19,0.3,0.2,2.0,20,0,0.8795572916666666,0.8621744791666666,0.9602864583333334,260.0,3.1333333333333333,0.16666666666666666,82.68050753573135,0.0486875,1.0082089552238804,45,2.2725941630932875,0.21929539379606738,1.6725941630932875,1.545624010716741,1.0,Lloyd,0.0007161548437511555
apartment,Lloyd,60,800,0.07,0.05,0.2,,20,0.3,0.2,2.0,20,0,0.919921875,0.8925455729166666,0.9654947916666666,280.0,3.4166666666666665,0.26666666666666666,88.49406597297609,0.0478125,1.0608108108108107,52,2.1201300902294116,0.21273555695515137,1.5201300902294124,1.5773711374475745,1.0,Lloyd,0.0007131589062510102
apartment,Lloyd,60,800,0.07,0.05,0.2,,21,0.3,0.2,2.0,20,0,0.91796875,0.8884765625,0.96875,280.0,3.1,0.3333333333333333,85.8084241306578,0.0539375,1.0545998504113687,49,2.191215743621166,0.20383685977598703,1.5912157436211658,1.6808517085853762,1.0,Lloyd,0.0007188702612484122
apartment,Lloyd,60,800,0.07,0.05,0.2,,22,0.3,0.2,2.0,20,0,0.892578125,0.8481770833333334,0.958984375,260.0,3.433333333333333,0.4,83.41801023639525,0.04629166666666667,1.0133037694013303,44,2.3014322661560325,0.1982653842244995,1.7014322661560326,1.6252501982851333,1.0,Lloyd,0.0007135464587508977
apartment,Lloyd,60,800,0.07,0.05,0.2,,23,0.3,0.2,2.0,20,0,0.8697916666666666,0.8466145833333334,0.9446614583333334,240.0,3.85,0.2833333333333333,83.00171929288905,0.056875,1.0300693909020817,46,2.2361084561553026,0.16770199726561005,1.6361084561553023,1.7091884690044026,1.0,Lloyd,0.0007136175000005096
apartment,Lloyd,60,800,0.07,0.05,0.2,,24,0.3,0.2,2.0,20,0,0.8854166666666666,0.8666992187500002,0.9583333333333334,220.0,3.7666666666666666,0.18333333333333332,83.38263559303712,0.04816666666666667,1.0287443267776095,45,2.274019177766139,0.22918067753604324,1.6740191777661386,1.6102152187032068,1.0,Lloyd,0.0007107300524990023
apartment,Lloyd,60,800,0.07,0.05,0.2,,25,0.3,0.2,2.0,20,0,0.8704427083333334,0.8407552083333334,0.9505208333333334,240.0,2.9166666666666665,0.15,83.94982244979833,0.04677083333333333,0.9766252739225713,46,2.2135994757997492,0.23545355140832505,1.6135994757997485,1.5043436401893875,1.0,Lloyd,0.0007028143237494078
apartment,Lloyd,60,800,0.07,0.05,0.2,,26,0.3,0.2,2.0,20,0,0.9453125,0.9194661458333332,0.98828125,260.0,3.2,0.38333333333333336,88.78973059213315,0.05325,1.048375451263538,52,2.145477121628838,0.2015299706957844,1.5454771216288385,1.5561251747237808,1.0,Lloyd,0.0007005753637486123
apartment,Lloyd,60,800,0.07,0.05,0.2,,27,0.3,0.2,2.0,20,0,0.8932291666666666,0.8729492187500002,0.94921875,260.0,3.566666666666667,0.31666666666666665,89.6114609904606,0.04102083333333333,1.0409711684370258,52,2.0292971449287207,0.20507687478591943,1.429297144928721,1.3610625218078767,1.0,Lloyd,0.0007033391137497347
apartment,Lloyd,60,800,0.07,0.05,0.2,,28,0.3,0.2,2.0,20,0,0.9095052083333334,0.8887044270833332,0.9583333333333334,260.0,3.216666666666667,0.21666666666666667,86.94124296988964,0.05354166666666667,1.0249449743213501,51,2.06403894248023,0.2158712200859739,1.4640389424802291,1.458397298612116,1.0,Lloyd,0.0007072920312498354
apartment,Lloyd,60,800,0.07,0.05,0.2,,29,0.3,0.2,2.0,20,0,0.8639322916666666,0.8413736979166668,0.953125,260.0,3.316666666666667,0.2,84.08207733127793,0.049625,1.001509433962264,46,2.1884730628664695,0.24412984831685025,1.5884730628664696,1.4381365817671028,1.0,Lloyd,0.0006990106250009376
apartment,Lloyd,60,800,0.1,0.05,0.2,,0,0.3,0.2,2.0,20,0,0.8776041666666666,0.8388020833333332,0.9772135416666666,280.0,5.4,0.3,107.30043676168353,0.05266666666666667,1.037721324095458,47,2.1538525189795643,0.24425312647434322,1.5538525189795638,1.5837352172118364,1.0,Lloyd,0.0007280101562491836
apartment,Lloyd,60,800,0.1,0.05,0.2,,1,0.3,0.2,2.0,20,0,0.8932291666666666,0.87119140625,0.9609375,300.0,4.95,0.4166666666666667,109.5386792222244,0.052520833333333336,1.0449352627570447,49,2.1937720700784573,0.23077527743594198,1.5937720700784572,1.5260457453682692,1.0,Lloyd,0.0007229340625008263
apartment,Lloyd,60,800,0.1,0.05,0.2,,2,0.3,0.2,2.0,20,0,0.9127604166666666,0.8823242187500002,0.9817708333333334,260.0,4.666666666666667,0.4166666666666667,109.1791842327795,0.0505625,1.050974512743628,48,2.116388687531789,0.19077238730338508,1.516388687531789,1.534659124973871,1.0,Lloyd,0.0007149348950019885
apartment,Lloyd,60,800,0.1,0.05,0.2,,3,0.3,0.2,2.0,20,0,0.9088541666666666,0.8740885416666668,0.9661458333333334,280.0,5.533333333333333,0.25,107.89665382762432,0.046125,1.055177626606198,47,2.2240207331158848,0.2190987071862085,1.6240207331158851,1.5650995196229007,1.0,Lloyd,0.0007229540624985021
apartment,Lloyd,60,800,0.1,0.05,0.2,,4,0.3,0.2,2.0,20,0,0.8912760416666666,0.8703450520833333,0.958984375,300.0,5.166666666666667,0.4,109.113886361379,0.051104166666666666,1.0514592933947773,49,2.1006978356140276,0.2213842629631248,1.5006978356140273,1.435494331375259,1.0,Lloyd,0.0007366551037512181
apartment,Lloyd,60,800,0.1,0.05,0.2,,5,0.3,0.2,2.0,20,0,0.845703125,0.8188802083333332,0.9576822916666666,260.0,5.05,0.36666666666666664,103.25766431736773,0.06110416666666667,0.9811178247734139,44,2.234034873296174,0.2704591052556143,1.6340348732961743,1.5733256252098566,1.0,Lloyd,0.0007067653125000106
apartment,Lloyd,60,800,0.1,0.05,0.2,,6,0.3,0.2,2.0,20,0,0.8743489583333334,0.8463541666666664,0.95703125,320.0,5.466666666666667,0.4666666666666667,105.9443318619723,0.05445833333333333,1.04921875,46,2.2041676456061823,0.20661169294574053,1.6041676456061822,1.5419054365902376,1.0,Lloyd,0.0007099585424998622
apartment,Lloyd,60,800,0.1,0.05,0.2,,7,0.3,0.2,2.0,20,0,0.8821614583333334,0.8545247395833332,0.95703125,280.0,4.933333333333334,0.4,106.66867032479657,0.0538125,1.0577673692427791,47,2.1858472591620837,0.2158151325987434,1.5858472591620836,1.541246634520034,1.0,Lloyd,0.0007037494799988053
apartment,Lloyd,60,800,0.1,0.05,0.2,,8,0.3,0.2,2.0,20,0,0.8854166666666666,0.8622070312500002,0.9622395833333334,260.0,5.183333333333334,0.4166666666666667,109.13829634386222,0.0543125,1.0542635658914727,49,2.1012261852923864,0.23175236121347545,1.5012261852923867,1.4626311884630603,1.0,Lloyd,0.0007315761462518822
apartment,Lloyd,60,800,0.1,0.05,0.2,,9,0.3,0.2,2.0,20,0,0.8958333333333334,0.8416666666666666,0.9700520833333334,300.0,5.45,0.38333333333333336,105.6516802813073,0.0515,1.082612116443745,45,2.2613849782265056,0.24153227824422943,1.6613849782265055,1.57215091534129,1.0,Lloyd,0.0007233966662488455
apartment,Lloyd,60,800,0.1,0.05,0.2,,10,0.3,0.2,2.0,20,0,0.8541666666666666,0.8333333333333334,0.953125,300.0,5.066666666666666,0.3333333333333333,107.4622484513607,0.052270833333333336,1.0290196078431373,47,2.1008233237302147,0.2565339091587892,1.5008233237302142,1.4834162697137394,1.0,Lloyd,0.0007178135425010623
apartment,Lloyd,60,800,0.1,0.05,0.2,,11,0.3,0.2,2.0,20,0,0.8919270833333334,0.8477539062499998,0.9609375,300.0,5.7,0.4,105.63287068753567,0.057,1.0554699537750385,46,2.2175204159034876,0.21541313291290193,1.6175204159034882,1.4246465074639896,1.0,Lloyd,0.0007291697387495333
apartment,Lloyd,60,800,0.1,0.05,0.2,,12,0.3,0.2,2.0,20,0,0.884765625,0.8650390625,0.9622395833333334,300.0,5.6,0.4166666666666667,108.99103024008599,0.0539375,1.0494208494208495,49,2.1356709161979412,0.2180635724123719,1.535670916197941,1.5009030393065537,1.0,Lloyd,0.0007187567187497734
apartment,Lloyd,60,800,0.1,0.05,0.2,,13,0.3,0.2,2.0,20,0,0.8743489583333334,0.8280598958333332,0.9609375,260.0,5.583333333333333,0.25,105.48287038984664,0.058145833333333334,1.0197418375094913,46,2.1253561448898886,0.28418270494628556,1.5253561448898885,1.5449445610337906,1.0,Lloyd,0.0007418063024988441
apartment,Lloyd,60,800,0.1,0.05,0.2,,14,0.3,0.2,2.0,20,0,0.8528645833333334,0.8401041666666667,0.9557291666666666,260.0,5.566666666666666,0.4666666666666667,102.54636685922925,0.05658333333333333,1.0162916989914663,43,2.187791182421445,0.290098810393945,1.587791182421445,1.5071629078309163,1.0,Lloyd,0.0007325241662488225
apartment,Lloyd,60,800,0.1,0.05,0.2,,15,0.3,0.2,2.0,20,0,0.888671875,0.8712239583333334,0.96484375,280.0,5.866666666666666,0.35,113.3578029260666,0.0599375,1.0403963414634148,53,1.9729228734173987,0.25521721510003703,1.3729228734173984,1.2824022671378708,1.0,Lloyd,0.0007414577087502039
apartment,Lloyd,60,800,0.1,0.05,0.2,,16,0.3,0.2,2.0,20,0,0.8763020833333334,0.8547526041666667,0.955078125,300.0,5.016666666666667,0.31666666666666665,107.31041873591617,0.051291666666666666,1.0259146341463417,47,2.1174064974910096,0.2214351095202084,1.5174064974910095,1.400994014286284,1.0,Lloyd,0.0007321805199990195
apartment,Lloyd,60,800,0.1,0.05,0.2,,17,0.3,0.2,2.0,20,0,0.8736979166666666,0.8402669270833334,0.9602864583333334,280.0,5.283333333333333,0.23333333333333334,106.59297636039088,0.0515625,1.0120663650075414,46,2.125328429502098,0.22738813543767727,1.5253284295020986,1.3879796037350862,1.0,Lloyd,0.0007302456775005339
apartment,Lloyd,60,800,0.1,0.05,0.2,,18,0.3,0.2,2.0,20,0,0.875,0.8344075520833332,0.9544270833333334,300.0,5.033333333333333,0.3333333333333333,113.91653387806718,0.04041666666666666,1.058267716535433,52,2.0398631885117475,0.3158445990467879,1.4398631885117477,1.375945844843476,1.0,Lloyd,0.0007647012500001438
apartment,Lloyd,60,800,0.1,0.05,0.2,,19,0.3,0.2,2.0,20,0,0.8821614583333334,0.8581705729166667,0.9772135416666666,280.0,5.416666666666667,0.31666666666666665,104.50565933941316,0.0554375,1.0203313253012047,45,2.268880514836134,0.20769903035141887,1.6688805148361345,1.6995245044435774,1.0,Lloyd,0.0007268213537508927
apartment,Lloyd,60,800,0.1,0.05,0.2,,20,0.3,0.2,2.0,20,0,0.9114583333333334,0.8921875,0.96484375,280.0,5.15,0.5,112.08497526155783,0.0555625,1.0727969348659003,52,2.115559457134268,0.17801694872160823,1.5155594571342674,1.5772842335454489,1.0,Lloyd,0.0007426640099993165
apartment,Lloyd,60,800,0.1,0.05,0.2,,21,0.3,0.2,2.0,20,0,0.8723958333333334,0.8556966145833332,0.958984375,300.0,5.2,0.43333333333333335,108.7583337435737,0.05389583333333333,1.002994011976048,49,2.0504686488755035,0.2728420427106414,1.450468648875503,1.383482611765122,1.0,Lloyd,0.0007362761974991372
apartment,Lloyd,60,800,0.1,0.05,0.2,,22,0.3,0.2,2.0,20,0,0.873046875,0.8238606770833334,0.9557291666666666,260.0,5.233333333333333,0.4666666666666667,105.19640531887654,0.0498125,1.04765625,44,2.2896410816126367,0.2569172903846178,1.6896410816126368,1.6488344628686942,1.0,Lloyd,0.0007288813537479655
apartment,Lloyd,60,800,0.1,0.05,0.2,,23,0.3,0.2,2.0,20,0,0.8697916666666666,0.8385091145833334,0.9602864583333334,260.0,4.983333333333333,0.6,105.70281891945886,0.0538125,1.04375,46,2.2292313760333506,0.22169881615437295,1.6292313760333512,1.6173887282677393,1.0,Lloyd,0.0007381854162485979
apartment,Lloyd,60,800,0.1,0.05,0.2,,24,0.3,0.2,2.0,20,0,0.8665364583333334,0.8567057291666667,0.962890625,280.0,5.416666666666667,0.4,104.9191893998205,0.0571875,1.0060468631897204,45,2.215175798769917,0.2586001242167362,1.6151757987699167,1.574621841554721,1.0,Lloyd,0.0007274390100019446
apartment,Lloyd,60,800,0.1,0.05,0.2,,25,0.3,0.2,2.0,20,0,0.830078125,0.7989908854166666,0.9544270833333334,300.0,4.716666666666667,0.43333333333333335,105.51765753605902,0.05310416666666667,0.974025974025974,46,2.0491166359737094,0.29563218612295933,1.449116635973709,1.2507788480236566,1.0,Lloyd,0.0007509321874999841
apartment,Lloyd,60,800,0.1,0.05,0.2,,26,0.3,0.2,2.0,20,0,0.9283854166666666,0.8768880208333334,0.9869791666666666,260.0,4.916666666666667,0.4,112.7621652259465,0.051291666666666666,1.098613251155624,52,2.1546699915940932,0.29253121123093323,1.5546699915940936,1.672093990709382,0.9615384615384616,Lloyd,0.0007371805212505933
apartment,Lloyd,60,800,0.1,0.05,0.2,,27,0.3,0.2,2.0,20,0,0.8997395833333334,0.873046875,0.9576822916666666,300.0,6.016666666666667,0.48333333333333334,112.39274874941393,0.056416666666666664,1.04855842185129,52,2.0656023386880267,0.22543432540484729,1.465602338688027,1.3552506744709172,1.0,Lloyd,0.0007355551037494479
apartment,Lloyd,60,800,0.1,0.05,0.2,,28,0.3,0.2,2.0,20,0,0.8776041666666666,0.8416015625,0.9576822916666666,300.0,5.483333333333333,0.45,110.64505668823384,0.0575625,1.0555990602975724,51,2.09751592683872,0.2420028846159005,1.4975159268387201,1.4636885171371108,1.0,Lloyd,0.0007433663537494794
apartment,Lloyd,60,800,0.1,0.05,0.2,,29,0.3,0.2,2.0,20,0,0.853515625,0.84306640625,0.9479166666666666,240.0,5.483333333333333,0.6833333333333333,106.16757597281779,0.05429166666666667,0.9992378048780488,46,2.1356294435556267,0.2657663291320169,1.5356294435556266,1.4737035755120709,1.0,Lloyd,0.0007338692187499874
rubble,Lloyd,60,800,0.0,0.05,0.2,,0,0.3,0.2,2.0,20,0,0.5104748603351955,0.5085893854748602,0.5698324022346368,100.0,1.65,0.08333333333333333,18.04583266090956,0.022125,0.9631093544137022,46,1.5916046139904607,0.48646803985972403,0.9916046139904607,0.7402522354989018,1.0,Lloyd,0.0006834103649998724
rubble,Lloyd,60,800,0.0,0.05,0.2,,2,0.3,0.2,2.0,20,0,0.534217877094972,0.5340083798882682,0.5663407821229051,100.0,1.3166666666666667,0.03333333333333333,16.731614357231027,0.0299375,0.9973924380704041,54,1.4974823615744115,0.4768085152811524,0.8974823615744113,0.6853818317180299,1.0,Lloyd,0.0006591359900016869
rubble,Lloyd,60,800,0.0,0.05,0.2,,1,0.3,0.2,2.0,20,0,0.5272346368715084,0.5253840782122905,0.5656424581005587,80.0,1.85,0.03333333333333333,14.414169210304847,0.04533333333333334,1.0066666666666668,49,1.5088204258070355,0.4918382832570178,0.9088204258070357,0.6727922061357855,1.0,Lloyd,0.0007294846349986983
rubble,Lloyd,60,800,0.0,0.05,0.2,,3,0.3,0.2,2.0,20,0,0.5153631284916201,0.5153282122905027,0.5607541899441341,80.0,2.1166666666666667,0.05,13.701923174861816,0.0755625,1.020746887966805,44,1.655972789846067,0.4709019270624657,1.0559727898460674,0.7921980366149314,1.0,Lloyd,0.0006604227599996193
rubble,Lloyd,60,800,0.0,0.05,0.2,,5,0.3,0.2,2.0,20,0,0.505586592178771,0.5045391061452513,0.5607541899441341,80.0,1.3333333333333333,0.05,15.143081705809863,0.06685416666666667,0.9783783783783784,51,1.555625846743901,0.5457805722060026,0.955625846743901,0.6369316876852978,1.0,Lloyd,0.000670592291248795
rubble,Lloyd,60,800,0.0,0.05,0.2,,4,0.3,0.2,2.0,20,0,0.4972067039106145,0.4954259776536311,0.5677374301675978,80.0,1.8833333333333333,0.05,15.230420250792548,0.09808333333333333,0.9687074829931972,48,1.4978441999375385,0.5793898634739177,0.8978441999375383,0.5999999999999993,1.0,Lloyd,0.0007444458850000046
rubble,Lloyd,60,800,0.0,0.05,0.2,,6,0.3,0.2,2.0,20,0,0.5167597765363129,0.5149790502793297,0.5614525139664804,80.0,1.5666666666666667,0.1,15.310745276074929,0.072125,1.008174386920981,45,1.6647596598376588,0.4302252382673777,1.0647596598376587,0.9000000000000002,1.0,Lloyd,0.0006702580212504472
rubble,Lloyd,60,800,0.0,0.05,0.2,,7,0.3,0.2,2.0,20,0,0.5251396648044693,0.5228002793296089,0.5600558659217877,100.0,1.35,0.06666666666666667,16.007014200538784,0.05714583333333333,0.9973474801061007,50,1.5431042186929163,0.5125643013150406,0.9431042186929162,0.6369316876852981,1.0,Lloyd,0.0006707257812490753
rubble,Lloyd,60,800,0.0,0.05,0.2,,8,0.3,0.2,2.0,20,0,0.5216480446927374,0.5210893854748602,0.571927374301676,100.0,1.2,0.05,16.05504393359774,0.0339375,0.988095238095238,48,1.5649743468630561,0.5201222257851623,0.9649743468630564,0.6755926402569474,1.0,Lloyd,0.0006757595837484587
rubble,Lloyd,60,800,0.0,0.05,0.2,,9,0.3,0.2,2.0,20,0,0.5293296089385475,0.5245111731843577,0.5642458100558659,80.0,1.35,0.016666666666666666,16.516936068585707,0.06489583333333333,1.036935704514364,48,1.6139436670875196,0.48456762592419167,1.01394366708752,0.9,1.0,Lloyd,0.0006783781250010179
rubble,Lloyd,60,800,0.0,0.05,0.2,,10,0.3,0.2,2.0,20,0,0.534217877094972,0.5331005586592179,0.5677374301675978,80.0,1.2166666666666666,0.03333333333333333,17.093828383393582,0.042604166666666665,1.0351826792963463,49,1.6117542960046054,0.4477658293870564,1.0117542960046053,0.8254747560007746,1.0,Lloyd,0.0006783460937481322
rubble,Lloyd,60,800,0.0,0.05,0.2,,11,0.3,0.2,2.0,20,0,0.5111731843575419,0.511731843575419,0.5705307262569832,100.0,1.75,0.11666666666666667,17.291533193567254,0.03964583333333333,0.9682539682539681,54,1.4785327612185253,0.5226660451727623,0.8785327612185255,0.6369316876852981,1.0,Lloyd,0.0006907031775017458
rubble,Lloyd,60,800,0.0,0.05,0.2,,12,0.3,0.2,2.0,20,0,0.47695530726256985,0.4759427374301676,0.5167597765363129,60.0,0.9166666666666666,0.06666666666666667,14.670194887897122,0.04852083333333333,1.0118518518518518,49,1.4455732214262684,0.5339893117499153,0.8455732214262686,0.6008605931033232,1.0,Lloyd,0.0006850026037500356
rubble,Lloyd,60,800,0.0,0.05,0.2,,13,0.3,0.2,2.0,20,0,0.513268156424581,0.5065642458100559,0.5572625698324022,60.0,1.45,0.03333333333333333,15.626701948188092,0.068125,1.087278106508876,46,1.5848067416811606,0.4689752888236174,0.9848067416811608,0.8318135518477637,1.0,Lloyd,0.0006641895312486667
rubble,Lloyd,60,800,0.0,0.05,0.2,,14,0.3,0.2,2.0,20,0,0.5104748603351955,0.5121508379888269,0.5607541899441341,120.0,1.2333333333333334,0.016666666666666666,14.886310962768535,0.0955,0.9851752021563341,49,1.510016525583764,0.48551621240262005,0.9100165255837642,0.6727922061357859,1.0,Lloyd,0.0006817904687500231
rubble,Lloyd,60,800,0.0,0.05,0.2,,16,0.3,0.2,2.0,20,0,0.49022346368715086,0.4877444134078212,0.5635474860335196,100.0,1.1666666666666667,0.0,16.322874540423154,0.05341666666666667,0.9448183041722747,44,1.6378455929522624,0.4966493391473873,1.037845592952262,0.8999999999999996,1.0,Lloyd,0.0006204097387490037
rubble,Lloyd,60,800,0.0,0.05,0.2,,15,0.3,0.2,2.0,20,0,0.513268156424581,0.5106843575418994,0.5586592178770949,80.0,1.3666666666666667,0.03333333333333333,15.23544443408105,0.036645833333333336,1.0082304526748973,48,1.5299157024284458,0.4948989950092583,0.929915702428446,0.7309360735953487,1.0,Lloyd,0.0007147216662497157
rubble,Lloyd,60,800,0.0,0.05,0.2,,17,0.3,0.2,2.0,20,0,0.5230446927374302,0.5234636871508381,0.5586592178770949,80.0,1.5666666666666667,0.03333333333333333,16.32389824267123,0.064,0.9973368841544606,49,1.5642314562670498,0.5202667483498356,0.9642314562670496,0.6369316876852981,1.0,Lloyd,0.000679730416250095
rubble,Lloyd,60,800,0.0,0.05,0.2,,18,0.3,0.2,2.0,20,0,0.513268156424581,0.5111382681564247,0.5754189944134078,100.0,1.5166666666666666,0.0,13.820796349242828,0.080375,0.9633027522935781,43,1.6953914132919286,0.4865979852929718,1.0953914132919282,0.8999999999999998,1.0,Lloyd,0.0006529713012514549
rubble,Lloyd,60,800,0.0,0.05,0.2,,19,0.3,0.2,2.0,20,0,0.5216480446927374,0.5206354748603352,0.5754189944134078,80.0,1.7833333333333334,0.03333333333333333,15.697190620298466,0.033166666666666664,0.9713914174252275,51,1.5228521118160634,0.5421043140777209,0.9228521118160637,0.5494550335044582,1.0,Lloyd,0.0007030449474996203
rubble,Lloyd,60,800,0.0,0.05,0.2,,20,0.3,0.2,2.0,20,0,0.5223463687150838,0.5225558659217878,0.5642458100558659,80.0,1.3,0.06666666666666667,15.666858178083379,0.07710416666666667,1.002680965147453,47,1.5688621608281539,0.5045269384602799,0.9688621608281536,0.6842387035857284,0.9574468085106383,Lloyd,0.0006981776037514464
rubble,Lloyd,60,800,0.0,0.05,0.2,,21,0.3,0.2,2.0,20,0,0.5237430167597765,0.5234287709497207,0.5698324022346368,100.0,1.2833333333333334,0.03333333333333333,15.518805366620812,0.042104166666666665,0.9894459102902374,47,1.633513141489121,0.46596916023027746,1.033513141489121,0.7416407864998747,1.0,Lloyd,0.0006494722912498219
rubble,Lloyd,60,800,0.0,0.05,0.2,,22,0.3,0.2,2.0,20,0,0.520949720670391,0.5187150837988826,0.5579608938547486,80.0,1.4666666666666666,0.18333333333333332,15.905050940604756,0.026895833333333334,0.9907038512616201,47,1.585427157783296,0.4565548503006172,0.9854271577832956,0.8459326669868713,1.0,Lloyd,0.0006287647399994967
rubble,Lloyd,60,800,0.0,0.05,0.2,,23,0.3,0.2,2.0,20,0,0.5391061452513967,0.5338337988826816,0.5733240223463687,120.0,1.3166666666666667,0.016666666666666666,16.78665648670583,0.057895833333333334,1.0503401360544218,44,1.666671114025524,0.4060962400157932,1.066671114025524,0.9297058540778355,1.0,Lloyd,0.0006309664587502085
rubble,Lloyd,60,800,0.0,0.05,0.2,,24,0.3,0.2,2.0,20,0,0.5160614525139665,0.5159567039106145,0.5614525139664804,80.0,1.4333333333333333,0.06666666666666667,16.02645255635656,0.06302083333333333,1.0109439124487005,48,1.6165869960373958,0.44979910273457707,1.0165869960373959,0.7994676090680947,1.0,Lloyd,0.0006707205212501321
rubble,Lloyd,60,800,0.0,0.05,0.2,,25,0.3,0.2,2.0,20,0,0.5083798882681564,0.5083798882681563,0.5614525139664804,80.0,1.4166666666666667,0.08333333333333333,16.661651605768093,0.07239583333333334,0.9851150202976995,51,1.5195108453442605,0.46560658737244387,0.9195108453442602,0.6727922061357859,1.0,Lloyd,0.0006437050525005361
rubble,Lloyd,60,800,0.0,0.05,0.2,,26,0.3,0.2,2.0,20,0,0.486731843575419,0.48523044692737427,0.5328212290502793,60.0,1.4333333333333333,0.016666666666666666,14.875757548593677,0.026895833333333334,0.998567335243553,50,1.440191558567589,0.5749312629292476,0.840191558567589,0.6311595304571669,1.0,Lloyd,0.0006920647400011148
rubble,Lloyd,60,800,0.0,0.05,0.2,,27,0.3,0.2,2.0,20,0,0.5223463687150838,0.5198324022346369,0.5726256983240223,100.0,1.2166666666666666,0.06666666666666667,15.195733125248784,0.021708333333333333,0.9739583333333333,41,1.7315918186143473,0.437748087896322,1.1315918186143477,0.9129144462879818,1.0,Lloyd,0.0006670726562492745
rubble,Lloyd,60,800,0.0,0.05,0.2,,28,0.3,0.2,2.0,20,0,0.5041899441340782,0.4994064245810056,0.5593575418994413,60.0,1.5333333333333334,0.016666666666666666,15.557183933451693,0.07447916666666667,1.0373563218390807,53,1.4591516703497445,0.5653260252376976,0.8591516703497442,0.6388969920252033,1.0,Lloyd,0.0007230165624991969
rubble,Lloyd,60,800,0.02,0.05,0.2,,0,0.3,0.2,2.0,20,0,0.5544692737430168,0.553282122905028,0.5893854748603352,140.0,1.8333333333333333,0.11666666666666667,34.93623275981925,0.044895833333333336,0.9863354037267081,46,1.6117417984986055,0.3364368753004826,1.0117417984986061,0.7700774021684748,1.0,Lloyd,0.0006422846874988863
rubble,Lloyd,60,800,0.0,0.05,0.2,,29,0.3,0.2,2.0,20,0,0.5167597765363129,0.5160614525139665,0.5579608938547486,100.0,1.55,0.03333333333333333,16.206389805439965,0.08939583333333333,1.0068027210884354,52,1.5056862603012984,0.500754604411336,0.9056862603012982,0.8213334978986689,1.0,Lloyd,0.0007279758849995233
rubble,Lloyd,60,800,0.02,0.05,0.2,,1,0.3,0.2,2.0,20,0,0.5286312849162011,0.5268854748603352,0.5726256983240223,100.0,1.8,0.06666666666666667,34.12624364618771,0.05520833333333333,0.9908376963350787,49,1.5870061556524195,0.4420270944643998,0.9870061556524196,0.8695795119505195,1.0,Lloyd,0.0006650856250007564
rubble,Lloyd,60,800,0.02,0.05,0.2,,2,0.3,0.2,2.0,20,0,0.5335195530726257,0.5333100558659218,0.5726256983240223,100.0,2.1333333333333333,0.1,37.15046700699681,0.048541666666666664,1.0119205298013243,54,1.455439628826258,0.4365937779257718,0.8554396288262582,0.6538407676566309,1.0,Lloyd,0.0006767499487500572
rubble,Lloyd,60,800,0.02,0.05,0.2,,3,0.3,0.2,2.0,20,0,0.4790502793296089,0.4800977653631285,0.5551675977653632,80.0,1.95,0.5666666666666667,34.06534921754127,0.051,0.9436038514442916,44,1.6058487482271169,0.5115650202870629,1.005848748227117,0.8012472964426229,1.0,Lloyd,0.0006743861974996435
rubble,Lloyd,60,800,0.02,0.05,0.2,,4,0.3,0.2,2.0,20,0,0.5083798882681564,0.5056215083798883,0.5649441340782123,80.0,1.8833333333333333,0.06666666666666667,34.36775436398873,0.06847916666666666,0.9972602739726028,48,1.5504672065432217,0.5100902930080347,0.9504672065432215,0.6561043321286038,1.0,Lloyd,0.0007114378124992982
rubble,Lloyd,60,800,0.02,0.05,0.2,,5,0.3,0.2,2.0,20,0,0.5607541899441341,0.561522346368715,0.5865921787709497,200.0,1.75,0.1,37.43712454859773,0.08070833333333334,0.9950433705080545,51,1.5242564049595781,0.34734435930188656,0.9242564049595784,0.8989136421710492,1.0,Lloyd,0.0006929343225010598
rubble,Lloyd,60,800,0.02,0.05,0.2,,6,0.3,0.2,2.0,20,0,0.5607541899441341,0.5589036312849162,0.5831005586592178,200.0,1.7666666666666666,0.11666666666666667,35.24346120785003,0.06847916666666666,0.985276073619632,45,1.6770406242041793,0.2703846464921124,1.0770406242041795,0.9498106183432767,1.0,Lloyd,0.0006707123962496553
rubble,Lloyd,60,800,0.02,0.05,0.2,,7,0.3,0.2,2.0,20,0,0.5523743016759777,0.5493016759776534,0.5858938547486033,120.0,1.8833333333333333,0.05,36.29354232428598,0.059625,0.9801734820322181,50,1.5679111837425261,0.3129292333380345,0.9679111837425265,0.7856329942508459,1.0,Lloyd,0.0006748685412480881
rubble,Lloyd,60,800,0.02,0.05,0.2,,8,0.3,0.2,2.0,20,0,0.5314245810055865,0.5319134078212291,0.571927374301676,120.0,2.033333333333333,0.016666666666666666,35.09045810437166,0.07054166666666667,0.9986876640419947,48,1.5773638580788596,0.445596958698567,0.9773638580788596,0.6582272725669528,1.0,Lloyd,0.0006753821350002909
rubble,Lloyd,60,800,0.02,0.05,0.2,,9,0.3,0.2,2.0,20,0,0.5027932960893855,0.5022695530726258,0.5481843575418994,80.0,1.9166666666666667,0.06666666666666667,35.84408188179503,0.07639583333333333,0.9944751381215469,48,1.5284039656214896,0.47360561787535105,0.9284039656214897,0.7364528005288029,1.0,Lloyd,0.0006993361449985968
rubble,Lloyd,60,800,0.02,0.05,0.2,,10,0.3,0.2,2.0,20,0,0.5237430167597765,0.5242318435754191,0.5810055865921788,120.0,1.7,0.05,36.485626721473864,0.042,0.929368029739777,49,1.6083940066090063,0.4894072754245278,1.0083940066090062,0.7817600975156053,1.0,Lloyd,0.0006880513537498701
rubble,Lloyd,60,800,0.02,0.05,0.2,,11,0.3,0.2,2.0,20,0,0.5405027932960894,0.540782122905028,0.5768156424581006,140.0,2.066666666666667,0.1,36.719604855541434,0.05708333333333333,1.010443864229765,54,1.4354638447084835,0.38395401943669866,0.8354638447084837,0.6664365675947062,1.0,Lloyd,0.0006784075512518939
rubble,Lloyd,60,800,0.02,0.05,0.2,,12,0.3,0.2,2.0,20,0,0.5097765363128491,0.5091480446927373,0.5684357541899442,100.0,1.9166666666666667,0.03333333333333333,37.30308117902008,0.045083333333333336,0.9759358288770054,49,1.5502113382800264,0.5241659210376802,0.9502113382800264,0.7872967378329426,0.9591836734693877,Lloyd,0.000706956562501091
rubble,Lloyd,60,800,0.02,0.05,0.2,,13,0.3,0.2,2.0,20,0,0.5195530726256983,0.5212290502793295,0.571927374301676,120.0,2.0166666666666666,0.08333333333333333,35.60540337864598,0.08333333333333333,0.9802371541501974,46,1.6606991020286421,0.5011600786900234,1.060699102028642,0.7757549593031692,1.0,Lloyd,0.0006790663012498044
rubble,Lloyd,60,800,0.02,0.05,0.2,,14,0.3,0.2,2.0,20,0,0.5167597765363129,0.5171089385474861,0.5635474860335196,80.0,1.9166666666666667,0.13333333333333333,34.90375269892927,0.06110416666666667,1.0150891632373116,49,1.5644045521699015,0.4628769568827217,0.9644045521699016,0.6472387375325023,1.0,Lloyd,0.0006790659374996721
rubble,Lloyd,60,800,0.02,0.05,0.2,,15,0.3,0.2,2.0,20,0,0.5293296089385475,0.5261173184357543,0.5677374301675978,100.0,2.35,0.08333333333333333,35.741985803630556,0.0611875,1.0631136044880787,48,1.589642142913549,0.43468925316400947,0.989642142913549,0.7141835311721138,1.0,Lloyd,0.0006797585412482476
rubble,Lloyd,60,800,0.02,0.05,0.2,,16,0.3,0.2,2.0,20,0,0.5041899441340782,0.4997905027932961,0.5621508379888268,100.0,1.5666666666666667,0.08333333333333333,36.00734794241777,0.05560416666666667,0.9756756756756757,44,1.665625859010892,0.4391703538269802,1.0656258590108922,0.7949887593936374,1.0,Lloyd,0.0006661005212504279
rubble,Lloyd,60,800,0.02,0.05,0.2,,18,0.3,0.2,2.0,20,0,0.526536312849162,0.5243016759776535,0.5761173184357542,100.0,1.9833333333333334,0.1,34.5781327015803,0.06475,0.9960369881109643,43,1.6753879725726708,0.41569190269023953,1.0753879725726707,0.9125847505679671,1.0,Lloyd,0.000637969843751307
rubble,Lloyd,60,800,0.02,0.05,0.2,,17,0.3,0.2,2.0,20,0,0.571927374301676,0.5664455307262571,0.5886871508379888,100.0,1.65,0.1,36.64263619499416,0.0425,1.0581395348837208,49,1.5530932691131274,0.2514434498747371,0.9530932691131274,0.8786895991355722,1.0,Lloyd,0.0006838763012501658
rubble,Lloyd,60,800,0.02,0.05,0.2,,19,0.3,0.2,2.0,20,0,0.5328212290502793,0.5333798882681564,0.5824022346368715,100.0,1.6166666666666667,0.05,34.84012516312442,0.042645833333333334,0.9819819819819818,51,1.5199620995391747,0.4617639396256983,0.9199620995391747,0.6849464286164325,1.0,Lloyd,0.0006791718750014297
rubble,Lloyd,60,800,0.02,0.05,0.2,,20,0.3,0.2,2.0,20,0,0.526536312849162,0.5261173184357542,0.5768156424581006,120.0,1.7666666666666666,0.11666666666666667,34.478333650448135,0.062125,0.9729032258064516,47,1.6772155454465352,0.4764611111579551,1.077215545446535,0.8620984664402503,1.0,Lloyd,0.0006585805200006689
rubble,Lloyd,60,800,0.02,0.05,0.2,,21,0.3,0.2,2.0,20,0,0.5272346368715084,0.5262569832402234,0.5726256983240223,100.0,1.9833333333333334,0.16666666666666666,33.84672864825831,0.08233333333333333,1.012064343163539,47,1.6258889015380484,0.41724503844035726,1.025888901538048,0.8879543481331565,1.0,Lloyd,0.0006839748437505477
rubble,Lloyd,60,800,0.02,0.05,0.2,,22,0.3,0.2,2.0,20,0,0.5062849162011173,0.5027583798882682,0.5607541899441341,80.0,1.95,0.18333333333333332,34.79147440168993,0.06904166666666667,0.9823848238482383,47,1.5615351962976571,0.5382573064912195,0.9615351962976572,0.645253816832679,1.0,Lloyd,0.0006647992187481577
rubble,Lloyd,60,800,0.02,0.05,0.2,,23,0.3,0.2,2.0,20,0,0.5314245810055865,0.521054469273743,0.571927374301676,80.0,1.8166666666666667,0.016666666666666666,32.87404914392983,0.12754166666666666,1.080965909090909,44,1.6862828637498033,0.45429806389685323,1.0862828637498032,0.8420601424706662,1.0,Lloyd,0.0007089201562507696
rubble,Lloyd,60,800,0.02,0.05,0.2,,24,0.3,0.2,2.0,20,0,0.5062849162011173,0.5017108938547488,0.5565642458100558,80.0,1.75,0.08333333333333333,36.0142802503131,0.06089583333333334,1.0431654676258992,48,1.5596927725887557,0.524658121967471,0.9596927725887557,0.6700770669221342,1.0,Lloyd,0.0006905378124997697
rubble,Lloyd,60,800,0.02,0.05,0.2,,27,0.3,0.2,2.0,20,0,0.5146648044692738,0.5114525139664804,0.571927374301676,100.0,1.8666666666666667,0.08333333333333333,35.302873898835585,0.03866666666666667,0.9748677248677249,41,1.7132863921457389,0.4648605004734578,1.113286392145739,0.9300579681309337,1.0,Lloyd,0.0006438831250011389
rubble,Lloyd,60,800,0.02,0.05,0.2,,25,0.3,0.2,2.0,20,0,0.48463687150837986,0.48271648044692733,0.5446927374301676,80.0,2.7666666666666666,0.2,35.04568451638043,0.0885,1.0,51,1.4825202987040618,0.5894332783069972,0.8825202987040621,0.6632649178477817,1.0,Lloyd,0.0007272847912486213
rubble,Lloyd,60,800,0.02,0.05,0.2,,26,0.3,0.2,2.0,20,0,0.5118715083798883,0.5103351955307263,0.5614525139664804,100.0,1.9166666666666667,0.06666666666666667,35.98806217803027,0.05610416666666666,1.0367751060820367,50,1.5207473638771682,0.5041103799979764,0.9207473638771687,0.688853421058753,1.0,Lloyd,0.0007151156775012168
rubble,Lloyd,60,800,0.02,0.05,0.2,,28,0.3,0.2,2.0,20,0,0.5237430167597765,0.5198673184357543,0.5837988826815642,100.0,2.066666666666667,0.05,33.49541074551606,0.1271875,0.9881422924901184,53,1.5105871686220562,0.509140426224422,0.9105871686220566,0.8563389870793557,0.9433962264150944,Lloyd,0.0007564530212493992
rubble,Lloyd,60,800,0.02,0.05,0.2,,29,0.3,0.2,2.0,20,0,0.5006983240223464,0.5008379888268156,0.5544692737430168,100.0,2.316666666666667,0.4166666666666667,33.20238523627163,0.14914583333333334,0.9986072423398329,52,1.4861767847966367,0.5538970749644196,0.8861767847966362,0.6752767772730873,0.9423076923076923,Lloyd,0.0007278076562488423
rubble,Lloyd,60,800,0.04,0.05,0.2,,0,0.3,0.2,2.0,20,0,0.5761173184357542,0.5665502793296089,0.5942737430167597,140.0,2.066666666666667,0.23333333333333334,56.134241204255986,0.033229166666666664,1.0048721071863582,46,1.6406381121727573,0.22202422518213863,1.0406381121727575,0.9939370108793438,1.0,Lloyd,0.0006660947387513261
rubble,Lloyd,60,800,0.04,0.05,0.2,,1,0.3,0.2,2.0,20,0,0.5768156424581006,0.5726606145251397,0.6012569832402235,180.0,2.466666666666667,0.36666666666666664,57.14752176806794,0.042041666666666665,0.9963811821471652,49,1.5838207517935654,0.3168099625174388,0.9838207517935654,0.8856763169126393,1.0,Lloyd,0.0006576113025016639
rubble,Lloyd,60,800,0.04,0.05,0.2,,3,0.3,0.2,2.0,20,0,0.5425977653631285,0.5331703910614525,0.5893854748603352,100.0,2.15,0.36666666666666664,53.596937117484124,0.0455,1.0130378096479793,44,1.7317184295029926,0.44069599250499464,1.1317184295029925,0.9111022217102407,1.0,Lloyd,0.0006373043237499587
rubble,Lloyd,60,800,0.04,0.05,0.2,,2,0.3,0.2,2.0,20,0,0.5726256983240223,0.5541899441340783,0.5970670391061452,100.0,2.1666666666666665,0.18333333333333332,58.72325186428376,0.0461875,1.0691003911342893,54,1.527459720155161,0.2969169656481935,0.9274597201551609,0.8238025318052316,1.0,Lloyd,0.00070649734375138
rubble,Lloyd,60,800,0.04,0.05,0.2,,4,0.3,0.2,2.0,20,0,0.5600558659217877,0.5465083798882683,0.598463687150838,120.0,2.45,0.23333333333333334,55.49334761198598,0.05725,1.032175032175032,48,1.601673534646461,0.2701357430796445,1.001673534646461,0.8313070965129757,1.0,Lloyd,0.0006729776037514057
rubble,Lloyd,60,800,0.04,0.05,0.2,,5,0.3,0.2,2.0,20,0,0.5803072625698324,0.5502094972067039,0.5991620111731844,200.0,2.7666666666666666,0.18333333333333332,55.88225173110718,0.0788125,1.0934210526315788,51,1.5465953180117828,0.26218229194309123,0.9465953180117829,0.8018569281729798,1.0,Lloyd,0.0006921618749993286
rubble,Lloyd,60,800,0.04,0.05,0.2,,6,0.3,0.2,2.0,20,0,0.5314245810055865,0.5306913407821229,0.5914804469273743,140.0,2.4,0.23333333333333334,54.34838848748893,0.059166666666666666,0.9706632653061223,45,1.6719641034249726,0.40432935149136895,1.0719641034249723,0.8790541213024844,1.0,Lloyd,0.0006634581250000338
rubble,Lloyd,60,800,0.04,0.05,0.2,,7,0.3,0.2,2.0,20,0,0.5705307262569832,0.5670041899441342,0.6005586592178771,200.0,2.2333333333333334,0.35,57.18235956981768,0.04689583333333333,0.9951278928136419,50,1.5285954700340554,0.30744150074480453,0.9285954700340555,0.7528199078734267,1.0,Lloyd,0.0006495053649996407
rubble,Lloyd,60,800,0.04,0.05,0.2,,8,0.3,0.2,2.0,20,0,0.5747206703910615,0.5632332402234637,0.5998603351955307,220.0,2.3,0.11666666666666667,56.02431228933724,0.051729166666666666,1.008578431372549,48,1.617865616866067,0.3069993728732554,1.0178656168660674,0.9154397789562595,1.0,Lloyd,0.0006396235937495475
rubble,Lloyd,60,800,0.04,0.05,0.2,,9,0.3,0.2,2.0,20,0,0.5642458100558659,0.5615223463687152,0.5928770949720671,160.0,1.9666666666666666,0.23333333333333334,56.398988285708306,0.0395625,0.9914110429447854,48,1.570011960150018,0.2531490819277686,0.970011960150018,0.9127391423643285,1.0,Lloyd,0.000616844582500562
rubble,Lloyd,60,800,0.04,0.05,0.2,,10,0.3,0.2,2.0,20,0,0.5621508379888268,0.5587988826815643,0.5914804469273743,140.0,2.6333333333333333,0.13333333333333333,56.67387920372445,0.04435416666666667,1.0075093867334168,49,1.562167762094012,0.26172189288587633,0.962167762094012,0.8572021325825289,1.0,Lloyd,0.0006625499474989738
rubble,Lloyd,60,800,0.04,0.05,0.2,,12,0.3,0.2,2.0,20,0,0.5803072625698324,0.5525139664804468,0.598463687150838,100.0,2.0166666666666666,0.21666666666666667,56.032930589712,0.03166666666666667,1.0694980694980696,49,1.598578415350797,0.3371032407508538,0.9985784153507968,0.8819230976150844,1.0,Lloyd,0.0006283215625012417
rubble,Lloyd,60,800,0.04,0.05,0.2,,11,0.3,0.2,2.0,20,0,0.5726256983240223,0.572800279329609,0.5935754189944135,160.0,2.15,0.36666666666666664,58.864154807723985,0.03875,1.0061349693251533,54,1.5017970565396834,0.26712522089796736,0.9017970565396836,0.7541199766969212,1.0,Lloyd,0.000652806613750272
rubble,Lloyd,60,800,0.04,0.05,0.2,,13,0.3,0.2,2.0,20,0,0.5279329608938548,0.5226955307262571,0.590782122905028,140.0,2.216666666666667,0.16666666666666666,53.317450957965704,0.06054166666666667,0.9742268041237113,46,1.6368446958459721,0.49448756032841956,1.036844695845972,0.8054540899097978,1.0,Lloyd,0.0006543853649986886
rubble,Lloyd,60,800,0.04,0.05,0.2,,15,0.3,0.2,2.0,20,0,0.5803072625698324,0.5775139664804468,0.6005586592178771,160.0,2.433333333333333,0.15,55.30759367819501,0.05414583333333333,1.0,48,1.666671399039496,0.22502568193786704,1.066671399039496,0.9773117652156295,1.0,Lloyd,0.000638520208749469
rubble,Lloyd,60,800,0.04,0.05,0.2,,14,0.3,0.2,2.0,20,0,0.5600558659217877,0.549685754189944,0.5893854748603352,140.0,2.5833333333333335,0.36666666666666664,56.17234826864066,0.06164583333333333,1.0361757105943152,49,1.5916123896186725,0.3036114143602042,0.9916123896186725,0.8582532756676416,1.0,Lloyd,0.000675812292502087
rubble,Lloyd,60,800,0.04,0.05,0.2,,16,0.3,0.2,2.0,20,0,0.5747206703910615,0.568191340782123,0.6019553072625698,160.0,2.433333333333333,0.4166666666666667,54.60372959338523,0.04070833333333333,1.002436053593179,44,1.7456812338795729,0.24564027771556526,1.145681233879573,1.0173539478888167,1.0,Lloyd,0.0006182668225005728
rubble,Lloyd,60,800,0.04,0.05,0.2,,17,0.3,0.2,2.0,20,0,0.5733240223463687,0.571717877094972,0.598463687150838,160.0,1.8833333333333333,0.21666666666666667,56.8242521039999,0.03779166666666667,0.9903498190591072,49,1.6159878903171827,0.2933076960032463,1.0159878903171828,0.9134660978591965,1.0,Lloyd,0.0006367653124993922
rubble,Lloyd,60,800,0.04,0.05,0.2,,18,0.3,0.2,2.0,20,0,0.553072625698324,0.5544692737430167,0.5879888268156425,180.0,2.7,0.13333333333333333,53.501136354070226,0.057604166666666665,0.9705882352941178,43,1.6844978542351112,0.2736104464918561,1.084497854235111,0.9344238085100253,1.0,Lloyd,0.0006286679162508335
rubble,Lloyd,60,800,0.04,0.05,0.2,,19,0.3,0.2,2.0,20,0,0.5656424581005587,0.5613477653631285,0.5956703910614525,160.0,2.15,0.21666666666666667,58.14524788009303,0.035625,0.9963099630996309,51,1.5764768221018335,0.25468042893047244,0.9764768221018335,0.9379161650686559,1.0,Lloyd,0.000665053801249087
rubble,Lloyd,60,800,0.04,0.05,0.2,,21,0.3,0.2,2.0,20,0,0.5691340782122905,0.5593575418994413,0.5963687150837989,160.0,1.9666666666666666,0.26666666666666666,55.072574935809776,0.0519375,1.0162094763092269,47,1.6791070647229276,0.29786379404198154,1.0791070647229277,0.8763852395658883,1.0,Lloyd,0.0006540084887501507
rubble,Lloyd,60,800,0.04,0.05,0.2,,20,0.3,0.2,2.0,20,0,0.5670391061452514,0.5658170391061452,0.598463687150838,140.0,2.5166666666666666,0.18333333333333332,55.61073359662046,0.0509375,1.0423620025673943,47,1.6401514598391669,0.3076485241654908,1.040151459839167,0.8318653439344216,1.0,Lloyd,0.0006828101037490342
rubble,Lloyd,60,800,0.04,0.05,0.2,,22,0.3,0.2,2.0,20,0,0.5698324022346368,0.5539804469273742,0.6033519553072626,120.0,2.283333333333333,0.23333333333333334,55.909428740541806,0.035854166666666666,1.0381679389312977,47,1.6328026697805103,0.2626440342421374,1.0328026697805102,0.9226027856612719,1.0,Lloyd,0.0006545796875002452
rubble,Lloyd,60,800,0.04,0.05,0.2,,23,0.3,0.2,2.0,20,0,0.5768156424581006,0.5701466480446927,0.598463687150838,160.0,2.566666666666667,0.23333333333333334,53.76479397458387,0.04720833333333333,1.0122549019607845,44,1.6754078888280068,0.21867127054305258,1.0754078888280072,1.0724599247005326,1.0,Lloyd,0.000636221562499486
rubble,Lloyd,60,800,0.04,0.05,0.2,,24,0.3,0.2,2.0,20,0,0.5460893854748603,0.538163407821229,0.5893854748603352,140.0,2.6166666666666667,0.2,55.700692728690726,0.06114583333333334,0.9987228607918263,48,1.667767224880316,0.3813556240991239,1.067767224880316,0.8573580252913061,1.0,Lloyd,0.0006801741149979534
rubble,Lloyd,60,800,0.04,0.05,0.2,,27,0.3,0.2,2.0,20,0,0.5544692737430168,0.5436103351955308,0.5991620111731844,180.0,2.1,0.3333333333333333,53.143812046021964,0.03202083333333333,0.9659367396593674,41,1.7732902071314316,0.2883178053352725,1.1732902071314313,1.1237854344987772,1.0,Lloyd,0.0006125242187499679
rubble,Lloyd,60,800,0.04,0.05,0.2,,25,0.3,0.2,2.0,20,0,0.5824022346368715,0.5768854748603351,0.6026536312849162,200.0,2.4166666666666665,0.2,57.441946626729575,0.061,1.0158343483556638,51,1.586195730544582,0.2082364175350283,0.986195730544582,0.9109154053951135,1.0,Lloyd,0.0006872668749997501
rubble,Lloyd,60,800,0.04,0.05,0.2,,26,0.3,0.2,2.0,20,0,0.5726256983240223,0.5668645251396648,0.5998603351955307,120.0,2.2,0.2,56.369752401354326,0.04516666666666667,1.0621761658031088,50,1.5945050772220077,0.24341930735191727,0.9945050772220075,0.9267074476824929,1.0,Lloyd,0.0006664434887511562
rubble,Lloyd,60,800,0.04,0.05,0.2,,28,0.3,0.2,2.0,20,0,0.5656424581005587,0.5630586592178772,0.5928770949720671,200.0,2.316666666666667,0.36666666666666664,57.81168394398927,0.05260416666666667,0.9963099630996309,53,1.4789395228890514,0.24708000032681812,0.8789395228890512,0.8122315285316829,1.0,Lloyd,0.0006616045837495221
rubble,Lloyd,60,800,0.04,0.05,0.2,,29,0.3,0.2,2.0,20,0,0.571927374301676,0.5626745810055865,0.5949720670391061,100.0,2.283333333333333,0.25,57.32702142509945,0.0478125,1.060880829015544,52,1.5472624869176106,0.2974984299440257,0.9472624869176107,0.7884933308479302,1.0,Lloyd,0.0006834142187494762
rubble,Lloyd,60,800,0.07,0.05,0.2,,0,0.3,0.2,2.0,20,0,0.5733240223463687,0.5662011173184357,0.6033519553072626,140.0,3.3833333333333333,0.7166666666666667,82.98694724181661,0.035645833333333335,1.0579896907216493,46,1.7131732765807517,0.2945557818875067,1.1131732765807514,0.960938908144756,1.0,Lloyd,0.0007033334375000777
rubble,Lloyd,60,800,0.07,0.05,0.2,,2,0.3,0.2,2.0,20,0,0.7206703910614525,0.6745810055865921,0.7946927374301676,160.0,3.033333333333333,0.65,89.02910148914266,0.0363125,1.2359281437125749,54,1.7532908903207927,0.34680502090272997,1.1532908903207928,0.9346385099683966,1.0,Lloyd,0.0006945657812480021
rubble,Lloyd,60,800,0.07,0.05,0.2,,1,0.3,0.2,2.0,20,0,0.5817039106145251,0.5735335195530726,0.6047486033519553,180.0,3.566666666666667,0.7166666666666667,85.00634869056154,0.03966666666666667,1.0024067388688325,49,1.5909254187373458,0.2569492026739551,0.9909254187373455,0.9181336366695473,1.0,Lloyd,0.000712954531250034
rubble,Lloyd,60,800,0.07,0.05,0.2,,3,0.3,0.2,2.0,20,0,0.571927374301676,0.5519553072625698,0.6068435754189944,120.0,3.3333333333333335,0.9166666666666666,81.05615281785481,0.043083333333333335,1.0622568093385214,44,1.6706758740803034,0.2647001756004329,1.070675874080303,1.0030706224221015,1.0,Lloyd,0.000693517500001235
rubble,Lloyd,60,800,0.07,0.05,0.2,,4,0.3,0.2,2.0,20,0,0.6354748603351955,0.5834148044692737,0.702513966480447,180.0,3.283333333333333,0.6833333333333333,83.99671026778654,0.04779166666666667,1.103030303030303,48,1.7730744355671089,0.4960172725032567,1.1730744355671086,0.9103374994162016,1.0,Lloyd,0.0006878370312483639
rubble,Lloyd,60,800,0.07,0.05,0.2,,6,0.3,0.2,2.0,20,0,0.6180167597765364,0.5672835195530725,0.7032122905027933,160.0,3.2,0.7166666666666667,81.78780021685272,0.04679166666666667,1.1273885350318473,45,1.852026710358312,0.5475312240505374,1.2520267103583116,0.9394783911354249,1.0,Lloyd,0.0006743093749992113
rubble,Lloyd,60,800,0.07,0.05,0.2,,5,0.3,0.2,2.0,20,0,0.6850558659217877,0.6657472067039106,0.7590782122905028,200.0,3.183333333333333,0.7333333333333333,86.24504655680401,0.049,1.1122448979591837,51,1.785546844118308,0.43765679104172545,1.1855468441183077,0.9433273517345498,1.0,Lloyd,0.0006911355725014801
rubble,Lloyd,60,800,0.07,0.05,0.2,,7,0.3,0.2,2.0,20,0,0.6641061452513967,0.6137569832402235,0.7339385474860335,180.0,3.6666666666666665,0.48333333333333334,85.55969032212822,0.0505625,1.1348448687350836,50,1.7777522250803615,0.4277454218627068,1.1777522250803614,0.9653552059850776,1.0,Lloyd,0.0006880890625006941
rubble,Lloyd,60,800,0.07,0.05,0.2,,8,0.3,0.2,2.0,20,0,0.5831005586592178,0.5613826815642458,0.604050279329609,120.0,3.05,0.5666666666666667,84.17647912298027,0.04089583333333333,1.0732647814910024,48,1.6639822310494885,0.28366816574183235,1.0639822310494884,0.9883738270491724,1.0,Lloyd,0.0006945287500002451
rubble,Lloyd,60,800,0.07,0.05,0.2,,9,0.3,0.2,2.0,20,0,0.6689944134078212,0.6207053072625698,0.7332402234636871,160.0,3.1166666666666667,0.8333333333333334,84.66301876285904,0.044020833333333335,1.1528279181708783,48,1.7958522687186056,0.33950649058297655,1.1958522687186055,0.9631323113564687,1.0,Lloyd,0.000680820833749749
rubble,Lloyd,60,800,0.07,0.05,0.2,,10,0.3,0.2,2.0,20,0,0.6410614525139665,0.6280027932960895,0.7143854748603352,140.0,4.033333333333333,0.5333333333333333,85.47938685376612,0.043104166666666666,1.120879120879121,49,1.7499008413762684,0.43659408884104534,1.1499008413762684,0.9812026856555894,1.0,Lloyd,0.0006901672925005187
rubble,Lloyd,60,800,0.07,0.05,0.2,,11,0.3,0.2,2.0,20,0,0.6270949720670391,0.5730097765363129,0.6906424581005587,140.0,3.2,0.6166666666666667,88.64690279343792,0.04847916666666666,1.119700748129676,54,1.6268188269686974,0.49749583313067014,1.0268188269686975,0.775747136850737,1.0,Lloyd,0.000697766875000525
rubble,Lloyd,60,800,0.07,0.05,0.2,,12,0.3,0.2,2.0,20,0,0.6529329608938548,0.6319832402234636,0.7143854748603352,220.0,3.3,0.6833333333333333,85.7267230995968,0.0355,1.0722477064220184,49,1.7650557738691435,0.47485680004399244,1.1650557738691436,0.9034916698325107,1.0,Lloyd,0.0006934245312481835
rubble,Lloyd,60,800,0.07,0.05,0.2,,13,0.3,0.2,2.0,20,0,0.577513966480447,0.5509078212290502,0.6033519553072626,180.0,3.2333333333333334,0.5666666666666667,81.63731222070588,0.054,1.0521628498727735,46,1.6356910720113225,0.2780085483127605,1.0356910720113224,0.978990543408273,1.0,Lloyd,0.00067718765625159
rubble,Lloyd,60,800,0.07,0.05,0.2,,14,0.3,0.2,2.0,20,0,0.645949720670391,0.6427025139664804,0.7129888268156425,200.0,3.55,0.8666666666666667,83.60774688315642,0.057166666666666664,1.10381861575179,49,1.818031105877583,0.4297922624970624,1.2180311058775832,1.018368504565748,1.0,Lloyd,0.0006989760937494793
rubble,Lloyd,60,800,0.07,0.05,0.2,,15,0.3,0.2,2.0,20,0,0.5803072625698324,0.5665153631284915,0.6061452513966481,120.0,3.4,0.8666666666666667,83.6675915936249,0.053375,1.0559085133418045,48,1.5814517747326675,0.3096061082031558,0.9814517747326673,1.0217568140022173,1.0,Lloyd,0.0006987498437501927
rubble,Lloyd,60,800,0.07,0.05,0.2,,16,0.3,0.2,2.0,20,0,0.5705307262569832,0.5657821229050279,0.6019553072625698,160.0,3.6333333333333333,0.43333333333333335,80.88013780002653,0.0450625,0.9963414634146341,44,1.6704302631850625,0.2711357295707913,1.0704302631850624,0.9694967678363148,1.0,Lloyd,0.000676991823750086
rubble,Lloyd,60,800,0.07,0.05,0.2,,18,0.3,0.2,2.0,20,0,0.625,0.5789106145251397,0.7185754189944135,200.0,3.5,0.65,79.45737536583505,0.057291666666666664,1.0770156438026472,43,1.911443884256395,0.5354491530767979,1.3114438842563951,1.0774432985385332,1.0,Lloyd,0.000685079427501023
rubble,Lloyd,60,800,0.07,0.05,0.2,,17,0.3,0.2,2.0,20,0,0.6466480446927374,0.6212639664804469,0.715782122905028,160.0,3.55,0.48333333333333334,85.47787459357247,0.0428125,1.1237864077669901,49,1.7754054737145246,0.4300228698831134,1.1754054737145248,0.9989554488292843,1.0,Lloyd,0.0007165312500001164
rubble,Lloyd,60,800,0.07,0.05,0.2,,19,0.3,0.2,2.0,20,0,0.6696927374301676,0.6202513966480446,0.7353351955307262,120.0,3.25,0.7,86.93213086022543,0.03833333333333333,1.1540312876052947,51,1.6748404056252635,0.39479507697729904,1.0748404056252636,0.8430094497536392,1.0,Lloyd,0.0006961471349995918
rubble,Lloyd,60,800,0.07,0.05,0.2,,20,0.3,0.2,2.0,20,0,0.6480446927374302,0.6416550279329609,0.715782122905028,160.0,3.533333333333333,0.7833333333333333,82.90927933711536,0.0489375,1.1060786650774732,47,1.8430106836780333,0.4301407693026493,1.2430106836780335,1.0903891621866486,1.0,Lloyd,0.0007112163024999063
rubble,Lloyd,60,800,0.07,0.05,0.2,,21,0.3,0.2,2.0,20,0,0.5733240223463687,0.5561801675977653,0.6005586592178771,140.0,3.433333333333333,0.5,83.08812737246247,0.04675,1.0405576679340938,47,1.6167785505918193,0.306618093702287,1.0167785505918197,0.8672978707442572,1.0,Lloyd,0.0006749163025006055
rubble,Lloyd,60,800,0.07,0.05,0.2,,22,0.3,0.2,2.0,20,0,0.5782122905027933,0.5732891061452514,0.604050279329609,160.0,3.283333333333333,0.65,84.17195282463695,0.037270833333333336,1.0012091898428053,47,1.5891848931487655,0.2789100923676934,0.989184893148766,0.9005391433492554,1.0,Lloyd,0.0006964689062488105
rubble,Lloyd,60,800,0.07,0.05,0.2,,23,0.3,0.2,2.0,20,0,0.6431564245810056,0.615572625698324,0.7136871508379888,160.0,3.2,0.6,81.24035798202877,0.0458125,1.1190765492102066,44,1.920410473809317,0.4052640946302415,1.3204104738093176,1.190122046812296,1.0,Lloyd,0.0006584324999994351
rubble,Lloyd,60,800,0.07,0.05,0.2,,24,0.3,0.2,2.0,20,0,0.5663407821229051,0.5543296089385474,0.6054469273743017,140.0,3.35,0.6,83.75222811099844,0.048979166666666664,0.983030303030303,48,1.561274852357479,0.3256805588215201,0.9612748523574791,0.8517047032459303,1.0,Lloyd,0.0006760604162514027
rubble,Lloyd,60,800,0.07,0.05,0.2,,25,0.3,0.2,2.0,20,0,0.645949720670391,0.6155027932960894,0.7213687150837989,200.0,4.466666666666667,0.8166666666666667,86.0230268592943,0.05627083333333333,1.1131167268351383,51,1.7479397696452674,0.4550652378381423,1.1479397696452673,0.9292650562778783,1.0,Lloyd,0.0007142444787496061
rubble,Lloyd,60,800,0.07,0.05,0.2,,27,0.3,0.2,2.0,20,0,0.6263966480446927,0.6178421787709497,0.7115921787709497,180.0,3.466666666666667,0.48333333333333334,78.77035143845445,0.043020833333333335,1.0742514970059882,41,2.010389456231074,0.4311251163558891,1.4103894562310733,1.0588986355650931,1.0,Lloyd,0.0006492216150013519
rubble,Lloyd,60,800,0.07,0.05,0.2,,26,0.3,0.2,2.0,20,0,0.645949720670391,0.6401187150837989,0.7185754189944135,280.0,3.1,0.5666666666666667,85.99062885210907,0.041041666666666664,1.0559360730593608,50,1.7135713963470836,0.45333216763441897,1.113571396347083,0.918452688594858,1.0,Lloyd,0.0006884848962499746
rubble,Lloyd,60,800,0.07,0.05,0.2,,28,0.3,0.2,2.0,20,0,0.5782122905027933,0.5689594972067039,0.6019553072625698,180.0,3.75,0.6666666666666666,87.00853384503498,0.06054166666666667,1.0072992700729928,53,1.4734856587063465,0.27099147014685254,0.8734856587063465,0.7960143154990288,1.0,Lloyd,0.0006933291137488595
rubble,Lloyd,60,800,0.07,0.05,0.2,,29,0.3,0.2,2.0,20,0,0.6934357541899442,0.6523393854748603,0.7472067039106145,220.0,3.4166666666666665,0.8333333333333334,87.47583092210311,0.048625,1.1033333333333333,52,1.666470953649524,0.34633137257960217,1.0664709536495243,0.9776831482461158,1.0,Lloyd,0.000671887500000139
rubble,Lloyd,60,800,0.1,0.05,0.2,,0,0.3,0.2,2.0,20,0,0.638268156424581,0.5917946927374302,0.7262569832402235,200.0,5.4,1.1333333333333333,106.00671307344255,0.04797916666666667,1.1453634085213034,46,1.8455637928723205,0.4977121587609253,1.24556379287232,0.9804871220513954,1.0,Lloyd,0.0007004315099993619
rubble,Lloyd,60,800,0.1,0.05,0.2,,3,0.3,0.2,2.0,20,0,0.5726256983240223,0.5710893854748603,0.6054469273743017,220.0,5.266666666666667,1.15,103.17285977316664,0.050333333333333334,0.9975669099756691,44,1.6487484718610352,0.25679189530356183,1.0487484718610351,1.0059863715231656,1.0,Lloyd,0.0007012780212494363
rubble,Lloyd,60,800,0.1,0.05,0.2,,1,0.3,0.2,2.0,20,0,0.5837988826815642,0.5726256983240224,0.604050279329609,180.0,5.516666666666667,1.0833333333333333,108.50863538516136,0.04841666666666666,1.0072289156626504,49,1.5577135124186414,0.2814617590251069,0.9577135124186413,0.9763891999708781,0.9591836734693877,Lloyd,0.0007294434899995394
rubble,Lloyd,60,800,0.1,0.05,0.2,,2,0.3,0.2,2.0,20,0,0.63268156424581,0.6236731843575419,0.723463687150838,180.0,5.033333333333333,1.15,112.91591802217218,0.049708333333333334,1.1116564417177914,54,1.5770779325405735,0.487883436847016,0.9770779325405735,0.8031965728477012,1.0,Lloyd,0.0007361695312488336
rubble,Lloyd,60,800,0.1,0.05,0.2,,4,0.3,0.2,2.0,20,0,0.6333798882681564,0.6064594972067038,0.7171787709497207,180.0,5.85,0.9666666666666667,106.7857143401191,0.056916666666666664,1.1239157372986368,48,1.7295415373472027,0.5200771853497451,1.1295415373472026,0.7560627356779349,1.0,Lloyd,0.000724704114998076
rubble,Lloyd,60,800,0.1,0.05,0.2,,6,0.3,0.2,2.0,20,0,0.6766759776536313,0.6343226256983241,0.7493016759776536,180.0,5.116666666666666,1.35,103.30653846602644,0.059625,1.1549463647199048,45,1.9013684970154783,0.3878085344595308,1.3013684970154784,1.06068035231185,1.0,Lloyd,0.0006815629687503133
rubble,Lloyd,60,800,0.1,0.05,0.2,,5,0.3,0.2,2.0,20,0,0.5782122905027933,0.5710195530726259,0.6159217877094972,140.0,4.683333333333334,1.2,109.15416630836313,0.06085416666666667,1.0909090909090908,51,1.4260343620208817,0.3117689315437546,0.8260343620208818,0.758369519174476,1.0,Lloyd,0.0007265931762503897
rubble,Lloyd,60,800,0.1,0.05,0.2,,8,0.3,0.2,2.0,20,0,0.5789106145251397,0.5724860335195532,0.6138268156424581,160.0,5.25,1.2166666666666666,107.41100708497304,0.0493125,1.0024183796856108,48,1.5693217366425796,0.2519820142319472,0.9693217366425794,0.9597231826472693,1.0,Lloyd,0.0007081111987486111
rubble,Lloyd,60,800,0.1,0.05,0.2,,7,0.3,0.2,2.0,20,0,0.6256983240223464,0.5798533519553074,0.7185754189944135,160.0,5.216666666666667,1.1333333333333333,108.89794897969391,0.05375,1.095354523227384,50,1.682996042760605,0.5839941869206061,1.082996042760605,0.8414881687578032,0.96,Lloyd,0.0007288854687499224
rubble,Lloyd,60,800,0.1,0.05,0.2,,9,0.3,0.2,2.0,20,0,0.6312849162011173,0.6248952513966481,0.7283519553072626,280.0,5.216666666666667,1.15,107.65309705327925,0.0459375,1.0355097365406642,48,1.8229010288192218,0.4759336243645399,1.2229010288192221,0.847318080359948,1.0,Lloyd,0.0007313075525007662
rubble,Lloyd,60,800,0.1,0.05,0.2,,10,0.3,0.2,2.0,20,0,0.6689944134078212,0.6233240223463687,0.7465083798882681,180.0,5.3,1.05,108.6158615892311,0.048791666666666664,1.1528279181708783,49,1.7884678626185326,0.3324589049218048,1.1884678626185325,1.051917078874526,1.0,Lloyd,0.0007311445825007467
rubble,Lloyd,60,800,0.1,0.05,0.2,,11,0.3,0.2,2.0,20,0,0.6333798882681564,0.5892108938547486,0.7304469273743017,160.0,5.4,1.3166666666666667,113.04917862013386,0.050291666666666665,1.1856209150326797,54,1.6224604761143326,0.5678926401371083,1.022460476114332,0.7172756155894319,1.0,Lloyd,0.0007327364062507514
rubble,Lloyd,60,800,0.1,0.05,0.2,,12,0.3,0.2,2.0,20,0,0.6208100558659218,0.6012918994413409,0.7164804469273743,200.0,4.883333333333334,1.05,108.84911743296394,0.042125,1.0828258221680878,49,1.7394975892622075,0.5577023863829302,1.139497589262208,0.8616588093393106,1.0,Lloyd,0.0007231101562501863
rubble,Lloyd,60,800,0.1,0.05,0.2,,13,0.3,0.2,2.0,20,0,0.6061452513966481,0.5537360335195531,0.6815642458100558,160.0,5.85,1.4333333333333333,103.51399279387049,0.06602083333333333,1.1316818774445894,46,1.8437471635236466,0.4743371297766859,1.2437471635236466,0.9615663327889267,1.0,Lloyd,0.0007054640100000142
rubble,Lloyd,60,800,0.1,0.05,0.2,,14,0.3,0.2,2.0,20,0,0.6319832402234636,0.5722067039106146,0.7094972067039106,220.0,6.316666666666666,1.25,106.78224365369336,0.0636875,1.1455696202531644,49,1.7734988131264016,0.5412170438999829,1.173498813126402,0.8665097572511048,1.0,Lloyd,0.0007427016149995324
rubble,Lloyd,60,800,0.1,0.05,0.2,,15,0.3,0.2,2.0,20,0,0.5593575418994413,0.5528980446927374,0.6019553072625698,160.0,5.7,1.25,106.27196133686975,0.059270833333333335,1.0308880308880308,48,1.5223818919068763,0.3508928035936251,0.9223818919068761,0.6919344263517283,1.0,Lloyd,0.0007460577087499587
rubble,Lloyd,60,800,0.1,0.05,0.2,,16,0.3,0.2,2.0,20,0,0.5684357541899442,0.5366270949720671,0.6208100558659218,200.0,5.133333333333334,1.2666666666666666,103.27485111508652,0.050729166666666665,0.9795427196149218,44,1.6031638637147017,0.2685179924281696,1.0031638637147016,0.9306835210298182,1.0,Lloyd,0.0007243458862490115
rubble,Lloyd,60,800,0.1,0.05,0.2,,17,0.3,0.2,2.0,20,0,0.6431564245810056,0.6078561452513969,0.7255586592178771,180.0,5.05,1.1666666666666667,108.72941849929116,0.04639583333333333,1.141263940520446,49,1.677690623164315,0.5142016488650314,1.077690623164315,0.9709395348950228,0.9591836734693877,Lloyd,0.0007249588025001686
rubble,Lloyd,60,800,0.1,0.05,0.2,,18,0.3,0.2,2.0,20,0,0.5600558659217877,0.5625349162011173,0.6082402234636871,240.0,5.566666666666666,0.8833333333333333,100.89075831892039,0.06229166666666667,0.9780487804878049,43,1.6718331294932118,0.30954283863610604,1.071833129493212,1.006337091063802,1.0,Lloyd,0.0007146496349992048
rubble,Lloyd,60,800,0.1,0.05,0.2,,20,0.3,0.2,2.0,20,0,0.6368715083798883,0.6011173184357543,0.715782122905028,180.0,5.733333333333333,1.25,104.88561500498787,0.059520833333333335,1.0987951807228915,47,1.8274907661508055,0.514331610031205,1.2274907661508054,0.9953537571547194,1.0,Lloyd,0.0007072781774991199
rubble,Lloyd,60,800,0.1,0.05,0.2,,21,0.3,0.2,2.0,20,0,0.5963687150837989,0.5696927374301677,0.7087988826815642,200.0,5.216666666666667,0.95,105.35056096629117,0.059145833333333335,1.0326481257557436,47,1.6913215539170092,0.5938300633731549,1.0913215539170096,0.8807579227982275,1.0,Lloyd,0.0007340556762505912
rubble,Lloyd,60,800,0.1,0.05,0.2,,19,0.3,0.2,2.0,20,0,0.5782122905027933,0.5695530726256984,0.6054469273743017,200.0,5.283333333333333,1.3,110.20651326688649,0.049479166666666664,1.006075334143378,51,1.5164557033357295,0.33316897434127046,0.9164557033357295,0.8297916424411979,1.0,Lloyd,0.0007393197387500549
rubble,Lloyd,60,800,0.1,0.05,0.2,,22,0.3,0.2,2.0,20,0,0.571927374301676,0.5719972067039106,0.6089385474860335,140.0,4.516666666666667,1.1333333333333333,106.74016392369803,0.045145833333333336,1.0123609394313966,47,1.5675971192636626,0.337175568840941,0.9675971192636631,0.8257187644994269,1.0,Lloyd,0.0007155256762484897
rubble,Lloyd,60,800,0.1,0.05,0.2,,23,0.3,0.2,2.0,20,0,0.6263966480446927,0.6199022346368717,0.7325418994413407,240.0,5.683333333333334,0.7666666666666667,103.03908733991027,0.0535625,1.0286697247706422,44,1.8363037425282476,0.5227061835762704,1.236303742528247,0.9345010274215274,1.0,Lloyd,0.0006935113024997008
rubble,Lloyd,60,800,0.1,0.05,0.2,,24,0.3,0.2,2.0,20,0,0.6634078212290503,0.6365572625698325,0.7730446927374302,340.0,4.733333333333333,1.0833333333333333,106.3539466019822,0.057875,1.0314875135722041,48,1.7341251945444165,0.528113942391218,1.1341251945444164,0.9112657760520732,1.0,Lloyd,0.0006844882287487053
rubble,Lloyd,60,800,0.1,0.05,0.2,,25,0.3,0.2,2.0,20,0,0.638268156424581,0.5981843575418995,0.7220670391061452,260.0,5.466666666666667,1.2833333333333334,109.81299167839946,0.05622916666666666,1.0972388955582233,51,1.7012499034915265,0.4758366265419801,1.1012499034915266,0.8770572002757534,1.0,Lloyd,0.00065095854250103
rubble,Lloyd,60,800,0.1,0.05,0.2,,26,0.3,0.2,2.0,20,0,0.6403631284916201,0.58463687150838,0.7150837988826816,220.0,4.8,1.4,109.70832132795778,0.04466666666666667,1.0638051044083527,50,1.7538762601547706,0.5133075130200109,1.15387626015477,0.8979770507876454,1.0,Lloyd,0.0006480566662480669
rubble,Lloyd,60,800,0.1,0.05,0.2,,27,0.3,0.2,2.0,20,0,0.553072625698324,0.546822625698324,0.6026536312849162,180.0,4.916666666666667,0.85,99.7152635439789,0.04485416666666667,0.974169741697417,41,1.718908454032962,0.31663865536438274,1.118908454032962,0.993277213225542,1.0,Lloyd,0.0006154644274988641
rubble,Lloyd,60,800,0.1,0.05,0.2,,28,0.3,0.2,2.0,20,0,0.6166201117318436,0.5642108938547487,0.6983240223463687,220.0,5.433333333333334,1.0666666666666667,110.28282106173216,0.0634375,1.1009975062344142,53,1.6469444119898455,0.5092131036299641,1.0469444119898454,0.7870347336262652,1.0,Lloyd,0.0006078548962500463
rubble,Lloyd,60,800,0.1,0.05,0.2,,29,0.3,0.2,2.0,20,0,0.6201117318435754,0.5771298882681564,0.6948324022346368,180.0,5.016666666666667,1.25,110.79819244466259,0.052020833333333336,1.0829268292682928,52,1.5971974348820213,0.4943349888116734,0.9971974348820214,0.7795413925702126,1.0,Lloyd,0.0005939818237516193
