plan,controller,n_agents,steps,sway,sensor_noise,fail_frac,fail_step,seed,radius,vmax,cover_r,series_every,record_every,coverage,coverage_mean_2nd_half,explored,t90,collisions_per_agent,wall_hits_per_agent,path_per_agent,contact_frac,post_over_pre_fail,n_final,nn_mean,evenness_cv,gap_mean,gap_median,shyness,variant,sec_per_step
apartment,RW,60,800,0.02,0.05,0.0,,3,0.3,0.2,2.0,20,0,0.6822916666666666,0.6161458333333333,0.9049479166666666,380.0,9.116666666666667,0.6833333333333333,71.51320366178079,0.21360416666666668,,60,1.296558439457313,0.6034477052363872,0.6965584394573132,0.3440391560893636,0.8666666666666667,RW,0.0012939816137509297
apartment,RW,60,800,0.02,0.05,0.0,,4,0.3,0.2,2.0,20,0,0.6796875,0.6313802083333334,0.869140625,620.0,8.333333333333334,0.7666666666666667,70.43506450501152,0.213125,,60,1.2958481547023792,0.5428796165091984,0.695848154702379,0.42575754549955735,0.9333333333333333,RW,0.0013082564062506209
apartment,RW,60,800,0.02,0.05,0.0,,1,0.3,0.2,2.0,20,0,0.7005208333333334,0.63251953125,0.89453125,520.0,9.3,0.75,70.14620207422833,0.2106875,,60,1.315107578629507,0.4599499857873042,0.7151075786295069,0.6369001471737683,0.9,RW,0.0013489497912496518
apartment,RW,60,800,0.02,0.05,0.0,,7,0.3,0.2,2.0,20,0,0.6920572916666666,0.6422200520833333,0.9895833333333334,320.0,8.65,0.95,70.86243272496975,0.204875,,60,1.3037517648394554,0.5981073274489374,0.7037517648394559,0.46654455523183047,0.9,RW,0.001323348646251361
apartment,RW,60,800,0.02,0.05,0.0,,2,0.3,0.2,2.0,20,0,0.6529947916666666,0.6070638020833334,0.9661458333333334,680.0,9.316666666666666,0.6833333333333333,70.35647822115966,0.2176875,,60,1.2085831607185802,0.5153253406416949,0.6085831607185802,0.42409773877492285,0.9333333333333333,RW,0.0013601470312505626
apartment,RW,60,800,0.02,0.05,0.0,,5,0.3,0.2,2.0,20,0,0.6875,0.624609375,0.97265625,480.0,8.483333333333333,0.7333333333333333,69.99192534975077,0.216,,60,1.4034542476090544,0.685320073318478,0.8034542476090543,0.35200423893812316,0.85,RW,0.0013598166662495714
apartment,RW,60,800,0.02,0.05,0.0,,0,0.3,0.2,2.0,20,0,0.7135416666666666,0.66630859375,0.998046875,400.0,8.866666666666667,0.6666666666666666,73.28437618747168,0.19779166666666667,,60,1.474051441126502,0.5903675731460372,0.8740514411265017,0.7106397562246886,0.9,RW,0.0013786331775008875
apartment,RW,60,800,0.02,0.05,0.0,,6,0.3,0.2,2.0,20,0,0.615234375,0.5871744791666667,0.9036458333333334,460.0,9.816666666666666,0.5833333333333334,71.11127204181942,0.2368125,,60,1.2054863023496556,0.4959596746625036,0.6054863023496555,0.38825473521691317,0.9,RW,0.0013725319787499758
apartment,RW,60,800,0.02,0.05,0.0,,8,0.3,0.2,2.0,20,0,0.6002604166666666,0.5664713541666667,0.9446614583333334,560.0,9.916666666666666,0.65,69.74205526761652,0.23852083333333332,,60,1.3945863487194603,0.6587576236120569,0.7945863487194603,0.5886813627701558,0.9333333333333333,RW,0.0014114902599999368
apartment,RW,60,800,0.02,0.05,0.0,,9,0.3,0.2,2.0,20,0,0.6640625,0.6456380208333334,0.94140625,540.0,8.366666666666667,0.55,71.64876457820857,0.195375,,60,1.3647738920052481,0.6818429972844047,0.764773892005248,0.443816240739192,0.9333333333333333,RW,0.0007246173949988588
apartment,RW,60,800,0.02,0.05,0.0,,12,0.3,0.2,2.0,20,0,0.6497395833333334,0.6349609375,0.9778645833333334,600.0,8.85,0.7666666666666667,74.71995797674768,0.20722916666666666,,60,1.2963228082153824,0.5770784032467292,0.6963228082153824,0.51234476502372,1.0,RW,0.0006844426562497574
apartment,RW,60,800,0.02,0.05,0.0,,10,0.3,0.2,2.0,20,0,0.681640625,0.6380208333333333,0.98046875,540.0,8.283333333333333,0.55,70.35188940492917,0.21602083333333333,,60,1.48466397674787,0.594726447454751,0.88466397674787,0.6688182160499555,0.9666666666666667,RW,0.0007444321349998973
apartment,RW,60,800,0.02,0.05,0.0,,16,0.3,0.2,2.0,20,0,0.6145833333333334,0.6259440104166667,0.8834635416666666,460.0,8.066666666666666,0.7333333333333333,71.61712451535361,0.2028125,,60,1.3747716421850846,0.6548381268061914,0.774771642185084,0.3892208602754436,0.9,RW,0.0006888682287512893
apartment,RW,60,800,0.02,0.05,0.0,,11,0.3,0.2,2.0,20,0,0.7063802083333334,0.6461263020833333,0.9283854166666666,600.0,8.75,0.65,72.53035628049552,0.194625,,60,1.3191859002996535,0.5167135360216725,0.719185900299654,0.39398624376830116,0.9666666666666667,RW,0.0007206439062497339
apartment,RW,60,800,0.02,0.05,0.0,,13,0.3,0.2,2.0,20,0,0.6647135416666666,0.6202799479166667,0.9537760416666666,420.0,8.333333333333334,0.65,71.22678511927104,0.21447916666666667,,60,1.3150311836436306,0.5249525141960438,0.7150311836436306,0.4567795684874886,0.9,RW,0.0007129076037517734
apartment,RW,60,800,0.02,0.05,0.0,,14,0.3,0.2,2.0,20,0,0.6783854166666666,0.6119791666666666,0.904296875,600.0,9.25,0.8833333333333333,71.56784806462889,0.21072916666666666,,60,1.4761846754762478,0.5614080835709806,0.8761846754762478,0.6418373185692593,0.9666666666666667,RW,0.0007183934375007084
apartment,RW,60,800,0.02,0.05,0.0,,15,0.3,0.2,2.0,20,0,0.6608072916666666,0.6239257812499999,0.9459635416666666,420.0,9.716666666666667,0.5833333333333334,70.4393768591424,0.21595833333333334,,60,1.1364220486108116,0.529708293067962,0.5364220486108119,0.28775700303989277,0.8333333333333334,RW,0.0007163934900017921
apartment,RW,60,800,0.02,0.05,0.0,,17,0.3,0.2,2.0,20,0,0.5774739583333334,0.601171875,0.859375,680.0,8.866666666666667,0.6166666666666667,71.17196676775153,0.21891666666666668,,60,1.2623292191113147,0.6566625622361238,0.6623292191113145,0.41438094704274164,0.9333333333333333,RW,0.000724075312500645
apartment,RW,60,800,0.02,0.05,0.0,,24,0.3,0.2,2.0,20,0,0.6236979166666666,0.6277018229166667,0.919921875,500.0,8.866666666666667,0.7666666666666667,69.16284409202827,0.225875,,60,1.2987981561974273,0.7344587629688097,0.6987981561974271,0.33930071573165416,0.8833333333333333,RW,0.0006512245312501364
apartment,RW,60,800,0.02,0.05,0.0,,19,0.3,0.2,2.0,20,0,0.5852864583333334,0.62216796875,0.9283854166666666,520.0,9.683333333333334,0.8833333333333333,74.27220956707818,0.21458333333333332,,60,1.2714461862718436,0.7058953594295708,0.6714461862718434,0.3065357338066892,0.9,RW,0.0007224544787482046
apartment,RW,60,800,0.02,0.05,0.0,,18,0.3,0.2,2.0,20,0,0.705078125,0.6439127604166667,0.9537760416666666,380.0,8.2,0.7,72.02980351970527,0.18645833333333334,,60,1.2069349069798343,0.4766072917503035,0.6069349069798342,0.41256933759053693,0.9333333333333333,RW,0.0007367999999996755
apartment,RW,60,800,0.02,0.05,0.0,,23,0.3,0.2,2.0,20,0,0.7493489583333334,0.6548177083333334,0.904296875,640.0,8.133333333333333,0.9833333333333333,71.44868617992944,0.1968125,,60,1.379437527949126,0.4126607558535702,0.7794375279491261,0.832475513461907,0.9,RW,0.0007208275525022145
apartment,RW,60,800,0.02,0.05,0.0,,20,0.3,0.2,2.0,20,0,0.720703125,0.63681640625,0.9375,600.0,7.9,0.6333333333333333,70.77330634534916,0.2055625,,60,1.3688877787034306,0.6615078726593879,0.7688877787034302,0.4405457578569999,0.9,RW,0.0007368425524987288
apartment,RW,60,800,0.02,0.05,0.0,,25,0.3,0.2,2.0,20,0,0.6959635416666666,0.6610677083333333,0.9466145833333334,580.0,8.266666666666667,0.8833333333333333,72.41807953002095,0.19822916666666668,,60,1.363235826716,0.7101780531432825,0.7632358267160003,0.3553280357869927,0.9333333333333333,RW,0.0007174629175005975
apartment,RW,60,800,0.02,0.05,0.0,,22,0.3,0.2,2.0,20,0,0.6783854166666666,0.6109049479166667,0.9368489583333334,660.0,8.9,0.65,70.37683853662797,0.20835416666666667,,60,1.279215670076031,0.5902727878723648,0.679215670076031,0.4873884745849776,0.85,RW,0.0007382422912496623
apartment,RW,60,800,0.02,0.05,0.0,,21,0.3,0.2,2.0,20,0,0.6744791666666666,0.6444661458333333,0.9420572916666666,460.0,7.8,0.9166666666666666,70.45504939181825,0.19377083333333334,,60,1.2669769495869663,0.5265426925440887,0.6669769495869662,0.40889751031376054,0.9666666666666667,RW,0.0007504056774996571
apartment,RW,60,800,0.02,0.05,0.0,,26,0.3,0.2,2.0,20,0,0.6412760416666666,0.6197591145833333,0.88671875,540.0,9.133333333333333,0.6833333333333333,70.67300726699449,0.2063125,,60,1.3418291912208138,0.6945717333194875,0.7418291912208143,0.35136984945858296,0.8666666666666667,RW,0.000737259583750074
apartment,RW,60,800,0.02,0.05,0.0,,27,0.3,0.2,2.0,20,0,0.6731770833333334,0.6548177083333334,0.9498697916666666,540.0,7.666666666666667,0.7666666666666667,72.36385853236673,0.181,,60,1.2486498970246178,0.5597543388437877,0.6486498970246178,0.2958340839554628,0.9,RW,0.0006189051037517857
apartment,RW,60,800,0.02,0.05,0.0,,29,0.3,0.2,2.0,20,0,0.666015625,0.6264648437500001,0.8776041666666666,380.0,8.283333333333333,0.8666666666666667,72.86260806387709,0.19927083333333334,,60,1.3352569280617457,0.6698390822053171,0.7352569280617459,0.3922004337857138,0.9166666666666666,RW,0.0006243490625001868
apartment,RW,60,800,0.02,0.05,0.0,,28,0.3,0.2,2.0,20,0,0.6881510416666666,0.61064453125,0.9811197916666666,560.0,8.733333333333333,0.9333333333333333,70.20857850854883,0.20670833333333333,,60,1.3679391116555488,0.7220335872068671,0.7679391116555488,0.28452962609069304,0.9333333333333333,RW,0.000632179740000538
apartment,RW,60,800,0.02,0.05,0.2,,0,0.3,0.2,2.0,20,0,0.607421875,0.56279296875,0.9641927083333334,260.0,7.466666666666667,0.5333333333333333,64.4269635959782,0.17297916666666666,0.9201183431952663,48,1.521210123346803,0.6074753315494755,0.9212101233468027,0.6599633545034105,0.9166666666666666,RW,0.0006200619275000463
apartment,RW,60,800,0.02,0.05,0.2,,2,0.3,0.2,2.0,20,0,0.5657552083333334,0.5493489583333333,0.935546875,260.0,8.35,0.7833333333333333,63.23061300120535,0.19195833333333334,1.0546116504854368,49,1.2715008652702955,0.6688378470535661,0.6715008652702954,0.30383629901777787,0.8775510204081632,RW,0.0006158196874980604
apartment,RW,60,800,0.02,0.05,0.2,,1,0.3,0.2,2.0,20,0,0.580078125,0.5250325520833334,0.8958333333333334,220.0,8.316666666666666,0.5166666666666667,60.77439371714344,0.18977083333333333,1.0148063781321184,47,1.5898783563181507,0.6702722349378453,0.9898783563181502,0.842335263920705,0.8723404255319149,RW,0.000631484271248155
apartment,RW,60,800,0.02,0.05,0.2,,3,0.3,0.2,2.0,20,0,0.595703125,0.6297526041666667,0.9759114583333334,340.0,7.716666666666667,0.7166666666666667,65.92511877381762,0.18729166666666666,1.0189309576837418,52,1.4736470207360362,0.6242589618931933,0.8736470207360363,0.7624941298116017,0.9230769230769231,RW,0.0006249114062507033
apartment,RW,60,800,0.02,0.05,0.2,,4,0.3,0.2,2.0,20,0,0.6100260416666666,0.5844726562499999,0.9322916666666666,260.0,7.683333333333334,0.5833333333333334,63.44000912924113,0.19122916666666667,1.049272116461366,48,1.578345636975935,0.7316122226380295,0.978345636975935,0.4093226035680474,0.875,RW,0.0006313744275007594
apartment,RW,60,800,0.02,0.05,0.2,,5,0.3,0.2,2.0,20,0,0.6022135416666666,0.5522786458333334,0.900390625,260.0,6.816666666666666,0.6,58.98332960970404,0.183375,1.0559360730593608,45,1.5593817344478007,0.6774616895841727,0.9593817344478006,0.6879310001668134,0.9555555555555556,RW,0.0006044303124986073
apartment,RW,60,800,0.02,0.05,0.2,,7,0.3,0.2,2.0,20,0,0.525390625,0.5185221354166667,0.9635416666666666,320.0,8.05,0.75,61.6091429210654,0.18395833333333333,0.8917127071823204,46,1.4130107657055857,0.5185886755172474,0.8130107657055857,0.6706528377557697,1.0,RW,0.0006488361974993495
apartment,RW,60,800,0.02,0.05,0.2,,6,0.3,0.2,2.0,20,0,0.5598958333333334,0.5560872395833334,0.9427083333333334,340.0,7.783333333333333,0.55,57.54106700927938,0.19639583333333333,0.979498861047836,44,1.5680308223181476,0.7064726494174142,0.9680308223181474,0.7427705581832883,0.8181818181818182,RW,0.0006848723437497029
apartment,RW,60,800,0.02,0.05,0.2,,8,0.3,0.2,2.0,20,0,0.5970052083333334,0.49189453125,0.8899739583333334,140.0,8.633333333333333,0.7,60.393365128667284,0.20072916666666665,1.2789400278940029,45,1.6348643030079817,0.5379553514959154,1.0348643030079818,0.9984130546311593,0.9111111111111111,RW,0.0006913955725008236
apartment,RW,60,800,0.02,0.05,0.2,,10,0.3,0.2,2.0,20,0,0.58984375,0.51064453125,0.9049479166666666,320.0,7.9,0.4666666666666667,61.50838370194525,0.19408333333333333,1.0342465753424657,44,1.7188800421274366,0.6445710226224481,1.1188800421274365,0.7918861407222075,0.9090909090909091,RW,0.0006808607299990399
apartment,RW,60,800,0.02,0.05,0.2,,9,0.3,0.2,2.0,20,0,0.5442708333333334,0.54501953125,0.8860677083333334,340.0,7.15,0.5333333333333333,61.931701994950934,0.16879166666666667,0.9609195402298851,45,1.5241215379903774,0.7086694783627804,0.9241215379903777,0.337907634227803,0.9555555555555556,RW,0.0006927984899994044
apartment,RW,60,800,0.02,0.05,0.2,,13,0.3,0.2,2.0,20,0,0.623046875,0.6119466145833333,0.9576822916666666,360.0,7.183333333333334,0.6,61.8029396122228,0.18725,1.0924657534246576,49,1.4820220611769477,0.7192745094335791,0.8820220611769475,0.470575609525436,0.8571428571428571,RW,0.0006704986449994977
apartment,RW,60,800,0.02,0.05,0.2,,12,0.3,0.2,2.0,20,0,0.6106770833333334,0.58818359375,0.830078125,260.0,7.883333333333334,0.65,66.71885151149871,0.1870625,1.1113744075829386,51,1.3037758927461778,0.7675565224755453,0.7037758927461779,0.28284492895379887,0.8431372549019608,RW,0.0006943461974992715
apartment,RW,60,800,0.02,0.05,0.2,,11,0.3,0.2,2.0,20,0,0.6145833333333334,0.6011067708333334,0.9029947916666666,280.0,7.533333333333333,0.7333333333333333,64.52694181067223,0.1735,1.024972855591748,49,1.4143004556981869,0.5449203427697018,0.814300455698187,0.5682144767901068,0.8979591836734694,RW,0.0007106002087516572
apartment,RW,60,800,0.02,0.05,0.2,,14,0.3,0.2,2.0,20,0,0.560546875,0.5431640625,0.8255208333333334,260.0,7.783333333333333,0.6166666666666667,62.08885922518888,0.18004166666666666,1.0436363636363637,46,1.4612195631634282,0.6302329878017917,0.8612195631634283,0.7318624807230215,0.9565217391304348,RW,0.0006803380212500088
apartment,RW,60,800,0.02,0.05,0.2,,15,0.3,0.2,2.0,20,0,0.4622395833333333,0.48974609375,0.865234375,380.0,8.6,0.4666666666666667,57.8550480618511,0.1909375,0.8022598870056497,42,1.4581830929404924,0.6919147635953311,0.8581830929404923,0.49393085778222734,0.9047619047619048,RW,0.0006400733850000506
apartment,RW,60,800,0.02,0.05,0.2,,16,0.3,0.2,2.0,20,0,0.568359375,0.5566731770833333,0.916015625,220.0,7.733333333333333,0.6166666666666667,64.31985388057342,0.18591666666666667,1.0646341463414635,50,1.1410212155363373,0.5263052402473208,0.5410212155363372,0.23437616151136165,0.92,RW,0.0006981905737507077
apartment,RW,60,800,0.02,0.05,0.2,,17,0.3,0.2,2.0,20,0,0.6282552083333334,0.5477864583333334,0.9140625,300.0,7.35,0.7666666666666667,58.91188492169114,0.1871875,1.0534934497816595,45,1.5989865481843828,0.6061861728059509,0.9989865481843826,0.5328181951260486,0.9111111111111111,RW,0.0006737496875007309
apartment,RW,60,800,0.02,0.05,0.2,,18,0.3,0.2,2.0,20,0,0.6061197916666666,0.5703125,0.9537760416666666,320.0,7.25,0.6333333333333333,64.99068070612739,0.16966666666666666,0.9432624113475176,48,1.4835277112035286,0.4554577679252492,0.8835277112035289,0.7992447764515641,0.9583333333333334,RW,0.0006876406774995303
apartment,RW,60,800,0.02,0.05,0.2,,19,0.3,0.2,2.0,20,0,0.5475260416666666,0.5117513020833332,0.8684895833333334,300.0,7.933333333333334,0.95,61.1433082793241,0.18070833333333333,0.9940898345153664,42,1.6272772386273442,0.7275978611881309,1.027277238627344,0.632153423620248,0.9047619047619048,RW,0.0006827043750013218
apartment,RW,60,800,0.02,0.05,0.2,,21,0.3,0.2,2.0,20,0,0.5807291666666666,0.5633138020833333,0.892578125,340.0,6.85,0.5833333333333334,58.64518261334019,0.17414583333333333,0.9966480446927374,47,1.48496282983815,0.6514935939512941,0.8849628298381501,0.5406125328784307,0.9574468085106383,RW,0.0006775567712497832
apartment,RW,60,800,0.02,0.05,0.2,,20,0.3,0.2,2.0,20,0,0.640625,0.5223307291666667,0.9661458333333334,300.0,7.066666666666666,0.45,59.81222540641434,0.181375,1.0848952590959207,43,1.951945846578002,0.5206998483060948,1.3519458465780019,1.3381733184384035,0.9069767441860465,RW,0.0007015958862507432
apartment,RW,60,800,0.02,0.05,0.2,,22,0.3,0.2,2.0,20,0,0.583984375,0.5600911458333333,0.9342447916666666,300.0,7.7,0.65,61.48133985827383,0.17877083333333332,0.9988864142538976,46,1.4563123087199412,0.6380061105454724,0.8563123087199412,0.5848666171701425,1.0,RW,0.0006948741149994931
apartment,RW,60,800,0.02,0.05,0.2,,23,0.3,0.2,2.0,20,0,0.5227864583333334,0.5480143229166666,0.8619791666666666,340.0,7.566666666666666,0.8,63.0667078250519,0.178625,0.8690476190476191,48,1.2082193339554677,0.5935562198247424,0.6082193339554677,0.2888789225552862,0.875,RW,0.0006652414587506427
apartment,RW,60,800,0.02,0.05,0.2,,24,0.3,0.2,2.0,20,0,0.654296875,0.58076171875,0.86328125,280.0,8.4,0.7166666666666667,65.99917689762125,0.20752083333333332,1.2917737789203085,50,1.5671254328961757,0.6966283366984043,0.9671254328961758,0.6808185485366961,0.88,RW,0.0007072592187500958
apartment,RW,60,800,0.02,0.05,0.2,,25,0.3,0.2,2.0,20,0,0.5859375,0.5400390625,0.96484375,300.0,8.05,0.8,62.474247699991,0.1868125,0.9554140127388535,48,1.4856094838586589,0.6284565799387112,0.8856094838586586,0.41153459994761443,0.9583333333333334,RW,0.0006841038537504573
apartment,RW,60,800,0.02,0.05,0.2,,26,0.3,0.2,2.0,20,0,0.6145833333333334,0.5967773437500001,0.947265625,280.0,7.9,0.8166666666666667,65.60685746196617,0.18679166666666666,1.104093567251462,50,1.4861242677022828,0.5111280148175025,0.8861242677022828,0.7598592974928043,0.92,RW,0.000689614218749739
apartment,RW,60,800,0.02,0.05,0.2,,27,0.3,0.2,2.0,20,0,0.61328125,0.57646484375,0.978515625,320.0,7.75,0.8,66.91820250191024,0.18014583333333334,0.9429429429429429,52,1.2434117949707466,0.5227322582547996,0.6434117949707464,0.40809865424589453,0.9230769230769231,RW,0.0006931945837504827
apartment,RW,60,800,0.02,0.05,0.2,,29,0.3,0.2,2.0,20,0,0.5735677083333334,0.5720703125,0.923828125,240.0,7.3,0.7333333333333333,65.75167756317033,0.17808333333333334,0.9756367663344409,49,1.3358021764902543,0.5701531818696625,0.7358021764902545,0.4054017668011235,0.8775510204081632,RW,0.0006829079687508965
apartment,RW,60,800,0.02,0.05,0.2,,28,0.3,0.2,2.0,20,0,0.6569010416666666,0.6079427083333332,0.9563802083333334,280.0,7.566666666666666,0.7333333333333333,63.98136030675809,0.17983333333333335,1.2171290711700844,52,1.2916511443243617,0.5210828867601962,0.6916511443243615,0.4247650266524271,1.0,RW,0.0006961465624999619
apartment,RW,60,800,0.02,0.05,0.4,,1,0.3,0.2,2.0,20,0,0.466796875,0.4554036458333333,0.9290364583333334,220.0,7.033333333333333,0.5666666666666667,50.84801688293217,0.16758333333333333,0.8166287015945329,35,1.7191440728650111,0.8475436478492574,1.119144072865011,0.26261012287565455,1.0,RW,0.0006641475524997986
apartment,RW,60,800,0.02,0.05,0.4,,0,0.3,0.2,2.0,20,0,0.4381510416666667,0.4945638020833332,0.9596354166666666,260.0,7.016666666666667,0.45,59.176945444797816,0.16322916666666668,0.6637080867850099,40,1.6655869175349252,0.897063305928439,1.0655869175349253,0.323985177920612,0.9,RW,0.0006841825524998058
apartment,RW,60,800,0.02,0.05,0.4,,2,0.3,0.2,2.0,20,0,0.42578125,0.4571289062500001,0.9075520833333334,260.0,7.516666666666667,0.6166666666666667,54.71855545452529,0.1755625,0.7936893203883495,36,1.194777692874343,0.5621753410719265,0.5947776928743429,0.2957796150138745,0.8888888888888888,RW,0.0006653169275000437
apartment,RW,60,800,0.02,0.05,0.4,,3,0.3,0.2,2.0,20,0,0.5729166666666666,0.5331054687499999,0.94140625,340.0,7.1,0.6166666666666667,58.18127405558456,0.17366666666666666,0.9799554565701559,42,1.7184432624842632,0.5596944913596121,1.1184432624842637,0.9779309268395229,0.9047619047619048,RW,0.0006675427074992513
apartment,RW,60,800,0.02,0.05,0.4,,4,0.3,0.2,2.0,20,0,0.5579427083333334,0.5124674479166667,0.8639322916666666,260.0,6.983333333333333,0.48333333333333334,57.60298768004835,0.17897916666666666,0.9596864501679732,38,1.8765967765665175,0.5529599212128008,1.2765967765665176,1.1513483167336942,0.9473684210526315,RW,0.0006364548437500162
apartment,RW,60,800,0.02,0.05,0.4,,5,0.3,0.2,2.0,20,0,0.453125,0.4570963541666667,0.9114583333333334,260.0,6.133333333333334,0.5333333333333333,52.54667669722951,0.17145833333333332,0.7945205479452054,35,1.5926579377493901,0.7855427688924976,0.9926579377493898,0.3805786997607341,0.8285714285714286,RW,0.0006355248437512274
apartment,RW,60,800,0.02,0.05,0.4,,6,0.3,0.2,2.0,20,0,0.4661458333333333,0.4574544270833334,0.9140625,340.0,7.15,0.38333333333333336,52.25394574448833,0.18410416666666668,0.8154897494305239,35,1.765157965185803,0.7722942526605168,1.165157965185803,0.8980135632149183,0.8857142857142857,RW,0.0006081010412503929
apartment,RW,60,800,0.02,0.05,0.4,,8,0.3,0.2,2.0,20,0,0.509765625,0.4432291666666666,0.8658854166666666,140.0,7.983333333333333,0.55,54.816257488979666,0.187,1.0920502092050208,36,1.8382537304411142,0.6566452888287903,1.2382537304411143,0.8038484235756128,0.9444444444444444,RW,0.0006132761975004542
apartment,RW,60,800,0.02,0.05,0.4,,7,0.3,0.2,2.0,20,0,0.4173177083333333,0.4120768229166666,0.9635416666666666,320.0,6.916666666666667,0.7166666666666667,53.3212119957568,0.16541666666666666,0.7082872928176794,31,1.9035753738597039,0.6550644584743347,1.303575373859704,0.6936346337302787,1.0,RW,0.000620293125000444
apartment,RW,60,800,0.02,0.05,0.4,,9,0.3,0.2,2.0,20,0,0.4583333333333333,0.4572591145833333,0.9876302083333334,340.0,6.383333333333334,0.43333333333333335,53.289499316801134,0.15452083333333333,0.8091954022988506,35,1.7840819598708457,0.7825114738848586,1.1840819598708459,0.6163572884416063,1.0,RW,0.0006325199475008958
apartment,RW,60,800,0.02,0.05,0.4,,10,0.3,0.2,2.0,20,0,0.5266927083333334,0.4350911458333334,0.892578125,320.0,7.016666666666667,0.43333333333333335,53.798398584600086,0.180875,0.9235159817351599,34,1.9652852353850898,0.4950966740736197,1.3652852353850893,0.9749420379938408,1.0,RW,0.0006396881775003749
apartment,RW,60,800,0.02,0.05,0.4,,11,0.3,0.2,2.0,20,0,0.4654947916666667,0.4874348958333334,0.9231770833333334,280.0,7.183333333333334,0.55,55.13626103420575,0.15708333333333332,0.7763300760043431,37,1.6784158894553654,0.7320726203500127,1.0784158894553655,0.6612941267818121,0.9459459459459459,RW,0.0006418777600015346
apartment,RW,60,800,0.02,0.05,0.4,,12,0.3,0.2,2.0,20,0,0.4915364583333333,0.5011067708333334,0.9069010416666666,260.0,7.35,0.6333333333333333,58.260950302280854,0.16914583333333333,0.8945497630331753,39,1.578493535144317,0.7725809628647357,0.9784935351443169,0.2758968900295732,0.8974358974358975,RW,0.0005560985937518126
apartment,RW,60,800,0.02,0.05,0.4,,13,0.3,0.2,2.0,20,0,0.4967447916666667,0.4712890624999999,0.9518229166666666,360.0,6.2,0.55,51.293732976357994,0.16764583333333333,0.8710045662100457,35,1.592025184603243,0.7575640834681316,0.9920251846032426,0.4511624063391041,1.0,RW,0.0005650139062504423
apartment,RW,60,800,0.02,0.05,0.4,,14,0.3,0.2,2.0,20,0,0.4967447916666667,0.4749999999999999,0.8899739583333334,260.0,7.383333333333334,0.65,56.5382560446286,0.1695625,0.9248484848484849,36,1.6907358126208527,0.6688365442445715,1.0907358126208526,0.8108995360309383,0.9444444444444444,RW,0.0005708873962498728
apartment,RW,60,800,0.02,0.05,0.4,,16,0.3,0.2,2.0,20,0,0.453125,0.4675130208333334,0.8828125,220.0,6.833333333333333,0.5,55.88500991920168,0.16835416666666667,0.8487804878048781,38,1.4236816254552431,0.7908618579818409,0.8236816254552431,0.4701165302019822,0.9473684210526315,RW,0.0005635401037511656
apartment,RW,60,800,0.02,0.05,0.4,,15,0.3,0.2,2.0,20,0,0.4420572916666667,0.45478515624999993,0.8743489583333334,380.0,7.633333333333334,0.35,50.74597260422605,0.17025,0.7672316384180792,32,1.877202270739155,0.7133277520186385,1.2772022707391548,0.6860201857252364,0.9375,RW,0.0005791808337494331
apartment,RW,60,800,0.02,0.05,0.4,,17,0.3,0.2,2.0,20,0,0.4290364583333333,0.45094401041666676,0.875,300.0,6.266666666666667,0.55,50.74991652667397,0.1698125,0.7194323144104804,32,1.8197214921685507,0.5901027971012202,1.2197214921685506,1.1089571360283093,1.0,RW,0.0005723470825000731
apartment,RW,60,800,0.02,0.05,0.4,,18,0.3,0.2,2.0,20,0,0.4205729166666667,0.4233723958333332,0.9361979166666666,320.0,6.133333333333334,0.4666666666666667,50.789996468692266,0.14252083333333335,0.6545086119554205,31,1.7529663201203307,0.5734250266324503,1.1529663201203306,0.8715273543816836,1.0,RW,0.0005696328125009132
apartment,RW,60,800,0.02,0.05,0.4,,20,0.3,0.2,2.0,20,0,0.412109375,0.3713216145833333,0.8372395833333334,300.0,5.933333333333334,0.5166666666666667,48.19909298288638,0.15772916666666667,0.6979051819184124,27,2.4100186597048965,0.6041832264082677,1.8100186597048964,1.3345028830272536,1.0,RW,0.0005529131250000318
apartment,RW,60,800,0.02,0.05,0.4,,19,0.3,0.2,2.0,20,0,0.4036458333333333,0.39016927083333336,0.8118489583333334,300.0,7.416666666666667,0.7166666666666667,51.973023288212325,0.16547916666666668,0.7328605200945626,30,2.1596559799611117,0.6523582319822279,1.559655979961112,1.0755526497601502,1.0,RW,0.000573420000000624
apartment,RW,60,800,0.02,0.05,0.4,,21,0.3,0.2,2.0,20,0,0.4817708333333333,0.4812174479166667,0.880859375,340.0,5.883333333333334,0.4666666666666667,50.87781951015186,0.1555625,0.8268156424581006,34,1.799422186293362,0.6043940108445736,1.1994221862933618,0.9448475419080021,0.9411764705882353,RW,0.0005684576049998214
apartment,RW,60,800,0.02,0.05,0.4,,22,0.3,0.2,2.0,20,0,0.494140625,0.4529622395833333,0.90234375,300.0,7.183333333333334,0.55,52.816823946743575,0.16308333333333333,0.8452115812917596,34,1.8339824749770681,0.5614506988038322,1.233982474977068,1.004101958474125,1.0,RW,0.0005723582287487261
apartment,RW,60,800,0.02,0.05,0.4,,23,0.3,0.2,2.0,20,0,0.4934895833333333,0.4749348958333333,0.8736979166666666,340.0,6.816666666666666,0.6666666666666666,55.43952986786713,0.15672916666666667,0.8203463203463203,35,1.7069505873784658,0.5943957329039659,1.1069505873784657,0.6783271091381436,0.9428571428571428,RW,0.0005832798962501328
apartment,RW,60,800,0.02,0.05,0.4,,25,0.3,0.2,2.0,20,0,0.5143229166666666,0.5081705729166666,0.9420572916666666,300.0,6.683333333333334,0.7333333333333333,58.580656159342524,0.162375,0.8386411889596602,38,1.7277179622804915,0.6206940536219503,1.1277179622804916,0.8572377208365252,0.9473684210526315,RW,0.0005985257812494638
apartment,RW,60,800,0.02,0.05,0.4,,26,0.3,0.2,2.0,20,0,0.4622395833333333,0.4634765625,0.908203125,280.0,7.433333333333334,0.6166666666666667,55.16287426101096,0.1675625,0.8304093567251462,35,1.6821673938755815,0.5488769137835576,1.0821673938755818,1.0421356911595994,0.8857142857142857,RW,0.000632073281249177
apartment,RW,60,800,0.02,0.05,0.4,,29,0.3,0.2,2.0,20,0,0.4739583333333333,0.4416341145833334,0.931640625,240.0,6.016666666666667,0.5166666666666667,52.051945838087974,0.15183333333333332,0.8062015503875969,32,2.226084496038672,0.6841620386624132,1.626084496038672,1.0520588889894738,1.0,RW,0.000602839322498312
apartment,RW,60,800,0.02,0.05,0.4,,27,0.3,0.2,2.0,20,0,0.55078125,0.5637044270833333,0.9134114583333334,320.0,6.416666666666667,0.6333333333333333,61.13866200708479,0.156125,0.8468468468468469,44,1.581490626319379,0.7078838516030193,0.9814906263193787,0.44889562425351237,0.9545454545454546,RW,0.000633681197500664
apartment,RW,60,800,0.02,0.05,0.4,,24,0.3,0.2,2.0,20,0,0.466796875,0.4544921875,0.8548177083333334,280.0,7.516666666666667,0.5833333333333334,54.81389062585331,0.18722916666666667,0.9215938303341903,37,1.4366184614291255,0.652875023953613,0.8366184614291254,0.38961835276325363,0.8378378378378378,RW,0.0006747066150001046
apartment,RW,60,800,0.02,0.05,0.4,,28,0.3,0.2,2.0,20,0,0.46875,0.4641276041666667,0.9309895833333334,280.0,7.116666666666666,0.5833333333333334,58.05992021555866,0.17429166666666668,0.8685162846803378,40,1.393964634126744,0.7868706949027973,0.7939646341267441,0.3391131531027908,0.9,RW,0.000635369480000918
apartment,RW,60,800,0.02,0.05,0.6,,0,0.3,0.2,2.0,20,0,0.3483072916666667,0.3717122395833333,0.912109375,260.0,6.2,0.4,48.87606312641628,0.144,0.5276134122287969,25,1.8221169632679308,0.7106688614265354,1.222116963267931,0.7470700557204505,0.92,RW,0.0006149632812503114
apartment,RW,60,800,0.02,0.05,0.6,,1,0.3,0.2,2.0,20,0,0.4361979166666667,0.32893880208333337,0.9244791666666666,220.0,6.966666666666667,0.5166666666666667,44.69060492660914,0.157625,0.7630979498861048,24,2.6038883963818,0.5661496256030821,2.0038883963817997,2.036527197528847,1.0,RW,0.0006363934375008284
apartment,RW,60,800,0.02,0.05,0.6,,2,0.3,0.2,2.0,20,0,0.3079427083333333,0.3515950520833333,0.9283854166666666,260.0,6.766666666666667,0.5666666666666667,47.778033373746986,0.15958333333333333,0.5740291262135921,25,1.7756991813210545,0.775867800606996,1.1756991813210544,0.8319205177064203,0.92,RW,0.0006394864062508531
apartment,RW,60,800,0.02,0.05,0.6,,3,0.3,0.2,2.0,20,0,0.3704427083333333,0.3536458333333333,0.8430989583333334,340.0,5.966666666666667,0.48333333333333334,45.12457241675357,0.15033333333333335,0.6336302895322939,23,2.354322230042097,0.549456857358862,1.7543222300420975,1.1846125769985627,1.0,RW,0.0006193371875019693
apartment,RW,60,800,0.02,0.05,0.6,,4,0.3,0.2,2.0,20,0,0.3984375,0.4005208333333333,0.9205729166666666,260.0,6.3,0.48333333333333334,47.94157570402044,0.16460416666666666,0.6853303471444568,28,2.0124623962798682,0.633704164248338,1.4124623962798686,1.0669189105971881,1.0,RW,0.0006183963537500859
apartment,RW,60,800,0.02,0.05,0.6,,5,0.3,0.2,2.0,20,0,0.33203125,0.35690104166666664,0.8828125,260.0,5.816666666666666,0.5833333333333334,46.419428399675034,0.1604375,0.5821917808219178,24,2.1422414153557865,0.7188391063484166,1.5422414153557866,1.2441663903545717,1.0,RW,0.0006233460425005432
apartment,RW,60,800,0.02,0.05,0.6,,6,0.3,0.2,2.0,20,0,0.2877604166666667,0.31376953125,0.8984375,340.0,6.633333333333334,0.36666666666666664,43.47603071648849,0.17077083333333334,0.5034168564920274,21,2.098922167178241,0.9604398670165036,1.4989221671782402,0.6312840556938263,1.0,RW,0.0006322016137505671
apartment,RW,60,800,0.02,0.05,0.6,,7,0.3,0.2,2.0,20,0,0.3515625,0.3177408854166667,0.939453125,320.0,6.366666666666666,0.6,47.65062254176783,0.15410416666666665,0.5966850828729281,22,2.6868022330584522,0.6813980708548042,2.086802233058452,1.559783347765815,0.9090909090909091,RW,0.0006259470837494519
apartment,RW,60,800,0.02,0.05,0.6,,8,0.3,0.2,2.0,20,0,0.4036458333333333,0.3568684895833333,0.8294270833333334,140.0,7.416666666666667,0.4,48.69784671317803,0.17677083333333332,0.8647140864714086,28,2.094695453205423,0.7569640859087898,1.4946954532054229,0.8637245324285906,1.0,RW,0.0006354067187498913
apartment,RW,60,800,0.02,0.05,0.6,,9,0.3,0.2,2.0,20,0,0.3001302083333333,0.31083984375,0.9270833333333334,340.0,5.733333333333333,0.3,43.3007300960676,0.13891666666666666,0.5298850574712644,22,2.346294714842389,0.6187601738777035,1.7462947148423889,1.3575831475739901,1.0,RW,0.0006291534899992257
apartment,RW,60,800,0.02,0.05,0.6,,10,0.3,0.2,2.0,20,0,0.396484375,0.38053385416666663,0.869140625,320.0,6.533333333333333,0.31666666666666665,49.029103291137645,0.17004166666666667,0.6952054794520548,28,2.531486455160563,0.697448404958087,1.9314864551605633,1.4311864872951228,1.0,RW,0.0006838558862500576
apartment,RW,60,800,0.02,0.05,0.6,,12,0.3,0.2,2.0,20,0,0.39453125,0.3912434895833333,0.9485677083333334,260.0,6.35,0.48333333333333334,48.50240265403803,0.15160416666666668,0.7180094786729858,27,1.8565177292713073,0.6882211691750948,1.2565177292713072,0.9251057243510207,1.0,RW,0.0006371640625002328
apartment,RW,60,800,0.02,0.05,0.6,,11,0.3,0.2,2.0,20,0,0.3509114583333333,0.3579752604166667,0.830078125,280.0,6.65,0.5666666666666667,48.4392418782943,0.1451875,0.5852334419109663,27,1.987263531867392,0.7601458561651223,1.3872635318673918,0.8570625667933679,1.0,RW,0.0006813156249995699
apartment,RW,60,800,0.02,0.05,0.6,,13,0.3,0.2,2.0,20,0,0.3307291666666667,0.3437825520833334,0.8697916666666666,360.0,6.016666666666667,0.43333333333333335,45.20746600271247,0.15972916666666667,0.5799086757990868,23,1.8138803633417389,0.6936195330095083,1.213880363341739,0.3537769259957022,1.0,RW,0.0006305614587495256
apartment,RW,60,800,0.02,0.05,0.6,,15,0.3,0.2,2.0,20,0,0.3131510416666667,0.2913736979166667,0.833984375,380.0,7.216666666666667,0.31666666666666665,43.045241617042784,0.16016666666666668,0.5435028248587571,19,2.5672847736760986,0.6642333869194654,1.967284773676098,1.539029345171412,1.0,RW,0.0006071467712513368
apartment,RW,60,800,0.02,0.05,0.6,,17,0.3,0.2,2.0,20,0,0.296875,0.30660807291666664,0.8678385416666666,300.0,5.883333333333334,0.45,44.79913954965679,0.1615625,0.49781659388646293,21,2.287759632184336,0.6951738033420712,1.6877596321843358,1.310709688178037,1.0,RW,0.000607902291251321
apartment,RW,60,800,0.02,0.05,0.6,,14,0.3,0.2,2.0,20,0,0.341796875,0.39160156249999994,0.8763020833333334,260.0,6.716666666666667,0.45,49.16153329550197,0.155375,0.6363636363636364,26,1.7067382741802393,0.8118178396828257,1.1067382741802394,0.2663594665552649,1.0,RW,0.0006529489587501303
apartment,RW,60,800,0.02,0.05,0.6,,16,0.3,0.2,2.0,20,0,0.3736979166666667,0.3751302083333334,0.8580729166666666,220.0,6.466666666666667,0.45,48.429543669895565,0.15589583333333334,0.7000000000000001,27,1.8608617342208882,0.517775937227882,1.2608617342208879,1.2739311532669926,0.9259259259259259,RW,0.0006495783324999138
apartment,RW,60,800,0.02,0.05,0.6,,18,0.3,0.2,2.0,20,0,0.2975260416666667,0.2979817708333333,0.9752604166666666,320.0,5.783333333333333,0.4166666666666667,43.846774203355054,0.13260416666666666,0.4630192502532928,20,2.6582112270576044,0.6811103574877788,2.0582112270576043,1.3634583936637439,1.0,RW,0.000630345730000954
apartment,RW,60,800,0.02,0.05,0.6,,20,0.3,0.2,2.0,20,0,0.2825520833333333,0.25735677083333336,0.93359375,300.0,5.716666666666667,0.4666666666666667,41.730552499856735,0.14927083333333332,0.4785005512679162,16,4.005746291215677,0.513701823612768,3.4057462912156766,2.7447127714002395,1.0,RW,0.0005806895312503002
apartment,RW,60,800,0.02,0.05,0.6,,19,0.3,0.2,2.0,20,0,0.337890625,0.30654296875,0.869140625,300.0,6.733333333333333,0.55,46.60252186006313,0.15295833333333334,0.6134751773049646,20,3.162194193323271,0.5807963164491378,2.5621941933232715,2.233402856562388,1.0,RW,0.0006081753637499787
apartment,RW,60,800,0.02,0.05,0.6,,21,0.3,0.2,2.0,20,0,0.34375,0.3546549479166667,0.9329427083333334,340.0,5.4,0.4666666666666667,43.29585093852745,0.14358333333333334,0.5899441340782123,23,2.139456735900311,0.793301784403023,1.5394567359003122,0.6482392065878998,0.9130434782608695,RW,0.0006383199474998947
apartment,RW,60,800,0.02,0.05,0.6,,22,0.3,0.2,2.0,20,0,0.3756510416666667,0.31956380208333335,0.875,300.0,6.916666666666667,0.55,48.01870268138534,0.15920833333333334,0.6425389755011136,26,2.1455458811007904,0.6180496120729143,1.5455458811007907,1.6120022143935278,0.8461538461538461,RW,0.0006504392187503072
apartment,RW,60,800,0.02,0.05,0.6,,25,0.3,0.2,2.0,20,0,0.3893229166666667,0.36142578125,0.8893229166666666,300.0,6.05,0.55,48.54812445053006,0.14691666666666667,0.634819532908705,26,2.606858910944501,0.5760333509199035,2.006858910944502,2.0132320725871358,1.0,RW,0.0006184759887491964
apartment,RW,60,800,0.02,0.05,0.6,,23,0.3,0.2,2.0,20,0,0.41796875,0.4141927083333334,0.92578125,340.0,6.283333333333333,0.6833333333333333,48.709318176701125,0.14514583333333334,0.6948051948051948,28,1.8111372378783364,0.590936990535678,1.211137237878336,1.1759593161692607,0.8571428571428571,RW,0.0006656938025003001
apartment,RW,60,800,0.02,0.05,0.6,,26,0.3,0.2,2.0,20,0,0.39453125,0.39788411458333334,0.91015625,280.0,6.866666666666666,0.48333333333333334,49.423978656706616,0.15766666666666668,0.7087719298245614,27,2.0218909822919184,0.6160405844857673,1.4218909822919181,1.1936923815069256,0.9259259259259259,RW,0.0006398930724981256
apartment,RW,60,800,0.02,0.05,0.6,,24,0.3,0.2,2.0,20,0,0.4420572916666667,0.4231119791666666,0.8626302083333334,280.0,6.7,0.4666666666666667,48.242333888903254,0.17452083333333332,0.872750642673522,31,1.8553933041867137,0.5341971935939354,1.2553933041867134,1.1311262999160858,0.9354838709677419,RW,0.0006729547912482304
apartment,RW,60,800,0.02,0.05,0.6,,27,0.3,0.2,2.0,20,0,0.4186197916666667,0.3888020833333333,0.9186197916666666,320.0,5.933333333333334,0.45,49.86027562245212,0.14239583333333333,0.6436436436436437,30,1.865213783365384,0.8214441205045142,1.2652137833653838,0.5826408071452408,0.9,RW,0.0006752993750001224
apartment,RW,60,800,0.02,0.05,0.6,,28,0.3,0.2,2.0,20,0,0.3079427083333333,0.3149739583333333,0.9153645833333334,280.0,6.083333333333333,0.48333333333333334,45.09293973543988,0.14770833333333333,0.5705669481302774,21,2.126156553525528,0.9317952317742162,1.5261565535255281,0.49386986166836133,0.9047619047619048,RW,0.0006259719274999043
apartment,RW,60,800,0.02,0.05,0.6,,29,0.3,0.2,2.0,20,0,0.3404947916666667,0.3817057291666667,0.87109375,240.0,5.65,0.55,47.84331798752325,0.14133333333333334,0.5791805094130675,25,2.1842291876285587,0.8149678077776239,1.5842291876285588,1.0943786681897372,0.92,RW,0.0006264383337497748
rubble,RW,60,800,0.02,0.05,0.0,,2,0.3,0.2,2.0,20,0,0.6263966480446927,0.5960893854748603,0.8770949720670391,540.0,8.733333333333333,2.4,63.20993621956452,0.2105625,,60,1.3819817362285365,0.8277445014676762,0.7819817362285363,0.20159176561900904,0.8,RW,0.0006798580724989734
rubble,RW,60,800,0.02,0.05,0.0,,0,0.3,0.2,2.0,20,0,0.6361731843575419,0.5942737430167597,0.888268156424581,700.0,8.366666666666667,1.6,61.42416208734759,0.21895833333333334,,60,1.2676104647783,0.7481783961036459,0.6676104647782997,0.3010644675615221,0.9333333333333333,RW,0.0007050790112498362
rubble,RW,60,800,0.02,0.05,0.0,,3,0.3,0.2,2.0,20,0,0.604050279329609,0.5796089385474861,0.8491620111731844,440.0,8.716666666666667,1.95,63.24229371539918,0.21116666666666667,,60,1.3374113068816087,0.7718437473062536,0.7374113068816087,0.33738475826085995,0.8,RW,0.0006914848437486399
rubble,RW,60,800,0.02,0.05,0.0,,4,0.3,0.2,2.0,20,0,0.6494413407821229,0.5879888268156425,0.8456703910614525,520.0,8.933333333333334,1.95,59.578669542898155,0.24045833333333333,,60,1.2733465202054233,0.5660623771621719,0.673346520205423,0.48370628889162837,0.7666666666666667,RW,0.0006801343225015443
rubble,RW,60,800,0.02,0.05,0.0,,5,0.3,0.2,2.0,20,0,0.6277932960893855,0.6158519553072626,0.8777932960893855,440.0,8.833333333333334,1.9666666666666666,59.59880557451093,0.23814583333333333,,60,1.2386138544909202,0.4955352859637728,0.6386138544909199,0.4310238346786973,0.9,RW,0.0006730679174984289
rubble,RW,60,800,0.02,0.05,0.0,,1,0.3,0.2,2.0,20,0,0.5705307262569832,0.5807960893854749,0.7835195530726257,360.0,8.416666666666666,1.7,59.781902728988634,0.2295,,60,1.1978713172019566,0.5654844137489589,0.5978713172019564,0.4174113859168268,0.8833333333333333,RW,0.0007349570824999319
rubble,RW,60,800,0.02,0.05,0.0,,7,0.3,0.2,2.0,20,0,0.6703910614525139,0.6487779329608939,0.9238826815642458,440.0,7.55,1.7666666666666666,57.3353214763362,0.20314583333333333,,60,1.2953704540482958,0.5565921287966066,0.6953704540482958,0.4523198835475458,0.8666666666666667,RW,0.0006120031762498002
rubble,RW,60,800,0.02,0.05,0.0,,6,0.3,0.2,2.0,20,0,0.5670391061452514,0.5464385474860335,0.7758379888268156,400.0,9.116666666666667,1.7333333333333334,61.161507946316576,0.24372916666666666,,60,1.1528060460065717,0.5113103845202529,0.5528060460065716,0.39273756878679916,0.8166666666666667,RW,0.0006294918749995304
rubble,RW,60,800,0.02,0.05,0.0,,8,0.3,0.2,2.0,20,0,0.6689944134078212,0.5886522346368717,0.8987430167597765,640.0,8.766666666666667,2.2333333333333334,63.42404715565763,0.218625,,60,1.2749947985228984,0.45681980855462795,0.6749947985228987,0.4605575761314583,0.9333333333333333,RW,0.0006237063024991584
rubble,RW,60,800,0.02,0.05,0.0,,9,0.3,0.2,2.0,20,0,0.6361731843575419,0.6073673184357541,0.9294692737430168,500.0,9.016666666666667,1.8333333333333333,61.160975201178104,0.21895833333333334,,60,1.276214784234529,0.5317833894768085,0.6762147842345289,0.37852768720931873,0.8666666666666667,RW,0.0006178422400012096
rubble,RW,60,800,0.02,0.05,0.0,,10,0.3,0.2,2.0,20,0,0.5865921787709497,0.5819832402234637,0.8819832402234636,500.0,8.533333333333333,1.7,59.10244339943879,0.2246875,,60,1.370618363169979,0.7366853551855096,0.770618363169979,0.42139769784681447,0.8666666666666667,RW,0.0006196595837491259
rubble,RW,60,800,0.02,0.05,0.0,,12,0.3,0.2,2.0,20,0,0.6291899441340782,0.5990223463687152,0.8791899441340782,640.0,8.216666666666667,2.3666666666666667,61.54609698904028,0.20220833333333332,,60,1.4151612722104379,0.7566856540150436,0.8151612722104379,0.41121520447160625,0.8666666666666667,RW,0.0005932318750001286
rubble,RW,60,800,0.02,0.05,0.0,,11,0.3,0.2,2.0,20,0,0.645949720670391,0.6016759776536313,0.8526536312849162,400.0,7.3,2.1166666666666667,61.91092203059333,0.2073125,,60,1.439589681957001,0.6566955327210426,0.8395896819570009,0.5370612226434065,0.9666666666666667,RW,0.0006014209900013157
rubble,RW,60,800,0.02,0.05,0.0,,14,0.3,0.2,2.0,20,0,0.6215083798882681,0.5973463687150838,0.8344972067039106,460.0,7.833333333333333,2.066666666666667,60.02505373079013,0.2381875,,60,1.274820813903509,0.6832527561018484,0.6748208139035089,0.27936277583831143,0.9666666666666667,RW,0.0006213723437485896
rubble,RW,60,800,0.02,0.05,0.0,,13,0.3,0.2,2.0,20,0,0.6396648044692738,0.5576466480446929,0.8379888268156425,580.0,9.5,1.7,58.141209975526344,0.2649375,,60,1.4711846427133077,0.7563997675992282,0.8711846427133078,0.6165354588540747,0.9333333333333333,RW,0.0006297349474994007
rubble,RW,60,800,0.02,0.05,0.0,,15,0.3,0.2,2.0,20,0,0.6103351955307262,0.5771648044692739,0.8554469273743017,420.0,8.366666666666667,1.8333333333333333,60.462018273751745,0.24541666666666667,,60,1.4445983361636863,0.800516059427676,0.8445983361636863,0.5134939317422992,0.8666666666666667,RW,0.0006478839587498442
rubble,RW,60,800,0.02,0.05,0.0,,17,0.3,0.2,2.0,20,0,0.6201117318435754,0.6038756983240223,0.8659217877094972,460.0,8.233333333333333,2.1333333333333333,62.001883825360395,0.21808333333333332,,60,1.2916108810346894,0.526596011363069,0.6916108810346895,0.5528431517412266,0.8,RW,0.0006373104162503295
rubble,RW,60,800,0.02,0.05,0.0,,16,0.3,0.2,2.0,20,0,0.590782122905028,0.5768505586592179,0.8421787709497207,480.0,8.716666666666667,1.8,59.88103672940045,0.2535833333333333,,60,1.2257179985173672,0.5597155981389151,0.6257179985173672,0.33567136739886816,0.8833333333333333,RW,0.0006613216149980872
rubble,RW,60,800,0.02,0.05,0.0,,19,0.3,0.2,2.0,20,0,0.625,0.592108938547486,0.9085195530726257,440.0,8.766666666666667,2.0166666666666666,61.15100250611424,0.21727083333333333,,60,1.2946555798903854,0.6744525934265811,0.6946555798903854,0.35851342663306424,0.8333333333333334,RW,0.0006579353125016496
rubble,RW,60,800,0.02,0.05,0.0,,18,0.3,0.2,2.0,20,0,0.6417597765363129,0.6370460893854748,0.9134078212290503,520.0,7.416666666666667,1.7333333333333334,57.913266364804855,0.24645833333333333,,60,1.3851892321277282,0.5100957563709817,0.7851892321277281,0.6903210464955338,0.9333333333333333,RW,0.0006696804162515946
rubble,RW,60,800,0.02,0.05,0.0,,20,0.3,0.2,2.0,20,0,0.6976256983240223,0.6186103351955308,0.9252793296089385,580.0,7.566666666666666,2.033333333333333,61.79833065841049,0.225,,60,1.3745253097247019,0.5218193808439074,0.7745253097247018,0.6735731897277787,0.9,RW,0.0006609189574987795
rubble,RW,60,800,0.02,0.05,0.0,,22,0.3,0.2,2.0,20,0,0.5754189944134078,0.5857192737430168,0.7730446927374302,300.0,8.3,2.0833333333333335,63.53217829787287,0.21508333333333332,,60,1.0716523922696448,0.5262264717512309,0.47165239226964484,0.37713258182634624,0.9333333333333333,RW,0.0006565472387501359
rubble,RW,60,800,0.02,0.05,0.0,,21,0.3,0.2,2.0,20,0,0.571927374301676,0.5513966480446927,0.8058659217877095,600.0,9.416666666666666,1.7333333333333334,59.19856669291626,0.2631875,,60,1.1546222676668636,0.5342418189481433,0.5546222676668632,0.3723584642189203,0.9,RW,0.0007008820824989926
rubble,RW,60,800,0.02,0.05,0.0,,23,0.3,0.2,2.0,20,0,0.630586592178771,0.5851256983240224,0.8596368715083799,420.0,9.2,1.7333333333333334,58.823017152695506,0.24541666666666667,,60,1.4274842491862811,0.8085638483946795,0.8274842491862813,0.36159841709042706,0.9,RW,0.0006940160937506334
rubble,RW,60,800,0.02,0.05,0.0,,25,0.3,0.2,2.0,20,0,0.6682960893854749,0.6499301675977653,0.9329608938547486,420.0,8.4,1.8333333333333333,57.98140011632684,0.22579166666666667,,60,1.3239758146440843,0.48031317150855285,0.7239758146440842,0.616986708908471,0.9333333333333333,RW,0.0007034721349987194
rubble,RW,60,800,0.02,0.05,0.0,,24,0.3,0.2,2.0,20,0,0.5886871508379888,0.5568784916201117,0.8023743016759777,600.0,8.8,1.6666666666666667,59.19211480246976,0.25658333333333333,,60,1.2151626848121555,0.6500728109633309,0.6151626848121553,0.3046924006692213,0.9,RW,0.0007427003125008014
rubble,RW,60,800,0.02,0.05,0.0,,26,0.3,0.2,2.0,20,0,0.5914804469273743,0.5778282122905029,0.8917597765363129,600.0,8.083333333333334,1.4833333333333334,59.932779590162255,0.20916666666666667,,60,1.2718182821092634,0.7328520127788694,0.6718182821092635,0.3688693405221217,0.8833333333333333,RW,0.0007319668750005804
rubble,RW,60,800,0.02,0.05,0.2,,1,0.3,0.2,2.0,20,0,0.5977653631284916,0.5690293296089385,0.8582402234636871,300.0,7.666666666666667,1.6666666666666667,54.81781684482432,0.20575,1.0960307298335468,50,1.2914571048834846,0.6610597275415253,0.6914571048834846,0.3807887019572041,0.96,RW,0.0005918460937505188
rubble,RW,60,800,0.02,0.05,0.0,,27,0.3,0.2,2.0,20,0,0.5460893854748603,0.5691689944134077,0.7458100558659218,320.0,7.683333333333334,1.8,60.52521632550452,0.20654166666666668,,60,1.195179919231129,0.6420619210719313,0.5951799192311291,0.37136730585496536,0.9,RW,0.0007081055737489805
rubble,RW,60,800,0.02,0.05,0.2,,0,0.3,0.2,2.0,20,0,0.513268156424581,0.49343575418994423,0.8051675977653632,220.0,7.316666666666666,1.3666666666666667,50.88630016274492,0.189125,0.9722222222222222,45,1.2815581797756097,0.5712673593323296,0.6815581797756097,0.4111616470518532,0.8,RW,0.0006804057812519204
rubble,RW,60,800,0.02,0.05,0.0,,29,0.3,0.2,2.0,20,0,0.6187150837988827,0.5746159217877095,0.8652234636871509,320.0,9.033333333333333,1.7333333333333334,59.43790008678339,0.23541666666666666,,60,1.452475151809058,0.8405477943534676,0.8524751518090582,0.48571379608274223,0.85,RW,0.0007236059375009063
rubble,RW,60,800,0.02,0.05,0.0,,28,0.3,0.2,2.0,20,0,0.6340782122905028,0.5952863128491619,0.8009776536312849,460.0,8.716666666666667,2.1666666666666665,59.630185969116305,0.24385416666666668,,60,1.2499550258103578,0.5844729656522126,0.6499550258103578,0.43798670794468886,0.8333333333333334,RW,0.0007495249999988118
rubble,RW,60,800,0.02,0.05,0.2,,2,0.3,0.2,2.0,20,0,0.5384078212290503,0.5490921787709497,0.8575418994413407,280.0,7.466666666666667,1.7833333333333334,53.13240027646771,0.1775625,0.9577639751552796,46,1.4394145746830629,0.5703946909953951,0.8394145746830629,0.5837423193755183,0.9565217391304348,RW,0.0007064664587505831
rubble,RW,60,800,0.02,0.05,0.2,,3,0.3,0.2,2.0,20,0,0.5377094972067039,0.5654329608938548,0.9043296089385475,240.0,7.416666666666667,1.55,55.02670111544433,0.1794375,1.0013003901170352,49,1.3402237471026066,0.5974769154384123,0.7402237471026064,0.4572476259401127,1.0,RW,0.0006948417700004939
rubble,RW,60,800,0.02,0.05,0.2,,4,0.3,0.2,2.0,20,0,0.5481843575418994,0.5306913407821229,0.7960893854748603,220.0,7.3,1.7,50.94776070442537,0.20702083333333332,1.0452729693741678,46,1.735090826410843,0.6637178432124164,1.1350908264108428,0.9157836764874652,0.9565217391304348,RW,0.0006916451562506154
rubble,RW,60,800,0.02,0.05,0.2,,5,0.3,0.2,2.0,20,0,0.5181564245810056,0.5463337988826816,0.835195530726257,300.0,7.266666666666667,1.7833333333333334,52.715063207605255,0.21372916666666666,0.9525032092426189,50,1.3589940080117904,0.5564953125420261,0.7589940080117903,0.49807355283730603,1.0,RW,0.0007248493237511866
rubble,RW,60,800,0.02,0.05,0.2,,6,0.3,0.2,2.0,20,0,0.5405027932960894,0.5503840782122905,0.803072625698324,260.0,7.766666666666667,1.9,54.29313385100711,0.22070833333333334,1.0292553191489362,52,1.3987559068055242,0.6892000687942211,0.7987559068055238,0.48785782782890064,0.8076923076923077,RW,0.0007053093750005245
rubble,RW,60,800,0.02,0.05,0.2,,7,0.3,0.2,2.0,20,0,0.5593575418994413,0.5884078212290502,0.9483240223463687,280.0,6.816666666666666,1.8166666666666667,50.922795615076566,0.1864375,0.9154285714285714,49,1.380152095181735,0.6682309068806843,0.7801520951817352,0.5372612161038764,0.9183673469387755,RW,0.0006713269787496756
rubble,RW,60,800,0.02,0.05,0.2,,8,0.3,0.2,2.0,20,0,0.5712290502793296,0.5595670391061452,0.9113128491620112,260.0,7.833333333333333,1.7333333333333334,56.442684235930436,0.1956875,1.097986577181208,51,1.339790689017705,0.7166880597545425,0.739790689017705,0.25388158562602203,1.0,RW,0.0006693804687506599
rubble,RW,60,800,0.02,0.05,0.2,,9,0.3,0.2,2.0,20,0,0.5670391061452514,0.5653980446927375,0.9420391061452514,320.0,7.65,1.7166666666666666,53.26252485954241,0.18975,0.9914529914529916,49,1.59024734457273,0.7660615967170668,0.99024734457273,0.8550460836096428,0.9183673469387755,RW,0.0006631309375006822
rubble,RW,60,800,0.02,0.05,0.2,,10,0.3,0.2,2.0,20,0,0.5712290502793296,0.5013268156424581,0.8582402234636871,320.0,7.6,1.5333333333333334,50.38036030888159,0.1953125,1.157001414427157,44,1.7991222949088068,0.7144268345600369,1.1991222949088065,0.8185699938518557,0.8636363636363636,RW,0.0006828825000002325
rubble,RW,60,800,0.02,0.05,0.2,,11,0.3,0.2,2.0,20,0,0.5523743016759777,0.5440642458100559,0.8268156424581006,280.0,7.333333333333333,1.7,55.83045193655163,0.18941666666666668,0.9394299287410927,49,1.3577104950540142,0.45999520831724666,0.7577104950540146,0.6742173429803927,0.8775510204081632,RW,0.0006825561975006167
rubble,RW,60,800,0.02,0.05,0.2,,12,0.3,0.2,2.0,20,0,0.6005586592178771,0.5452863128491622,0.9085195530726257,220.0,7.066666666666666,1.9333333333333333,55.38303729896684,0.17985416666666668,1.1082474226804122,49,1.7087262584487521,0.7306838725647624,1.1087262584487525,0.8238116333627404,0.9183673469387755,RW,0.0007004640099989956
rubble,RW,60,800,0.02,0.05,0.2,,13,0.3,0.2,2.0,20,0,0.5279329608938548,0.503072625698324,0.8317039106145251,320.0,8.1,1.3833333333333333,49.573776491480594,0.23366666666666666,0.9606099110546379,43,1.482252374337948,0.8978579211810063,0.8822523743379482,0.35639309490474447,0.8604651162790697,RW,0.0007043661974989845
rubble,RW,60,800,0.02,0.05,0.2,,14,0.3,0.2,2.0,20,0,0.5439944134078212,0.5254539106145251,0.8198324022346368,240.0,7.433333333333334,1.6333333333333333,53.33104380503592,0.221375,1.0527027027027025,49,1.5378034502860978,0.6936525863910254,0.9378034502860978,0.663930919443051,0.9591836734693877,RW,0.000699961615000575
rubble,RW,60,800,0.02,0.05,0.2,,15,0.3,0.2,2.0,20,0,0.5670391061452514,0.5249650837988826,0.861731843575419,280.0,8.133333333333333,1.8333333333333333,56.56902103609481,0.2305625,1.0987821380243572,49,1.589260002858642,0.75086413836401,0.9892600028586421,0.7388746776775,0.9591836734693877,RW,0.0006989197912503186
rubble,RW,60,800,0.02,0.05,0.2,,16,0.3,0.2,2.0,20,0,0.4860335195530726,0.5103701117318437,0.8847765363128491,340.0,7.25,1.4333333333333333,49.8999131831116,0.21495833333333333,0.9109947643979058,42,1.6270133290699391,0.8162721862292273,1.0270133290699395,0.547266939723643,0.9047619047619048,RW,0.000678429634999702
rubble,RW,60,800,0.02,0.05,0.2,,17,0.3,0.2,2.0,20,0,0.577513966480447,0.5475907821229049,0.8847765363128491,300.0,7.466666666666667,2.0,55.305792994503264,0.19591666666666666,1.0222496909765142,48,1.5318972374444673,0.7373621709358469,0.9318972374444673,0.45641498182734186,0.8333333333333334,RW,0.0006950505737495405
rubble,RW,60,800,0.02,0.05,0.2,,18,0.3,0.2,2.0,20,0,0.5879888268156425,0.5714734636871509,0.8400837988826816,300.0,7.25,1.6333333333333333,53.57122952310144,0.23545833333333333,1.0935064935064935,52,1.4832610971005145,0.5813945830146054,0.8832610971005145,0.8786411042245909,1.0,RW,0.0007046953124995526
rubble,RW,60,800,0.02,0.05,0.2,,19,0.3,0.2,2.0,20,0,0.5090782122905028,0.5099162011173182,0.8142458100558659,320.0,7.516666666666667,1.7333333333333334,53.19305757583534,0.18808333333333332,0.8762019230769229,44,1.567411881997534,0.7035746993939896,0.967411881997534,0.7148967989113121,1.0,RW,0.0006852407812493765
rubble,RW,60,800,0.02,0.05,0.2,,20,0.3,0.2,2.0,20,0,0.5831005586592178,0.5525488826815642,0.909217877094972,280.0,6.8,1.7333333333333334,54.59842095690859,0.20810416666666667,1.0108958837772397,49,1.4630028239319341,0.6637854323993271,0.8630028239319343,0.45085435626505943,0.9591836734693877,RW,0.0006982631250002668
rubble,RW,60,800,0.02,0.05,0.2,,21,0.3,0.2,2.0,20,0,0.5335195530726257,0.5266061452513966,0.854050279329609,280.0,8.433333333333334,1.6333333333333333,54.01615155122702,0.23995833333333333,1.0929899856938483,51,1.5940635939713172,0.8333668933637649,0.9940635939713175,0.5943650939590962,0.9215686274509803,RW,0.0006489304687511321
rubble,RW,60,800,0.02,0.05,0.2,,22,0.3,0.2,2.0,20,0,0.5370111731843575,0.5357541899441339,0.7702513966480447,300.0,7.783333333333333,1.7166666666666666,56.9735730903651,0.1990625,1.0171957671957672,51,1.3410522261913758,0.5861330509055317,0.7410522261913756,0.4536670106620543,0.8823529411764706,RW,0.0006451176037512596
rubble,RW,60,800,0.02,0.05,0.2,,23,0.3,0.2,2.0,20,0,0.48114525139664804,0.49392458100558645,0.8205307262569832,300.0,8.033333333333333,1.5333333333333334,50.097674957081544,0.21264583333333334,0.8788265306122449,42,1.451867939508703,0.6995045602307588,0.8518679395087029,0.3285576960422955,0.8809523809523809,RW,0.0006200290099991435
rubble,RW,60,800,0.02,0.05,0.2,,24,0.3,0.2,2.0,20,0,0.5300279329608939,0.5143505586592179,0.8854748603351955,280.0,7.816666666666666,1.45,53.46832176076189,0.22847916666666668,1.0425824175824177,46,1.6507159711422363,0.7368816359871744,1.0507159711422371,0.6918633434340816,0.9565217391304348,RW,0.0006065203125012886
rubble,RW,60,800,0.02,0.05,0.2,,25,0.3,0.2,2.0,20,0,0.6054469273743017,0.5665502793296089,0.8568435754189944,300.0,7.483333333333333,1.7666666666666666,51.384854296121574,0.20525,1.061199510403917,50,1.5927539819918197,0.623537418180023,0.9927539819918196,0.8371623192119714,0.96,RW,0.0006078844787498383
rubble,RW,60,800,0.02,0.05,0.2,,26,0.3,0.2,2.0,20,0,0.539804469273743,0.5167248603351956,0.7807262569832403,240.0,6.883333333333334,1.3833333333333333,53.14427375580523,0.1804375,0.9910256410256412,47,1.5257171691459757,0.734166379199592,0.9257171691459759,0.4849170601499394,0.8723404255319149,RW,0.0005917043225008456
rubble,RW,60,800,0.02,0.05,0.2,,27,0.3,0.2,2.0,20,0,0.5747206703910615,0.5740223463687151,0.914804469273743,280.0,6.983333333333333,1.8166666666666667,53.86137164740108,0.18414583333333334,1.0716145833333333,50,1.3891110860910771,0.5206132484907181,0.7891110860910772,0.6961134324636838,0.96,RW,0.0006029245312493003
rubble,RW,60,800,0.02,0.05,0.2,,28,0.3,0.2,2.0,20,0,0.590782122905028,0.5525837988826817,0.7695530726256983,260.0,8.483333333333333,1.6833333333333333,54.34616071165041,0.22935416666666666,1.154160982264666,52,1.5356850287565864,0.867180577701288,0.9356850287565864,0.44545710263232297,0.8846153846153846,RW,0.0006066821350009377
rubble,RW,60,800,0.02,0.05,0.2,,29,0.3,0.2,2.0,20,0,0.5314245810055865,0.5240921787709497,0.8868715083798883,300.0,7.616666666666666,1.3666666666666667,50.42143824530487,0.20114583333333333,0.9768934531450577,44,1.7775290252511278,0.8810086692257079,1.1775290252511277,0.4993046340427799,0.9090909090909091,RW,0.0005877875524993215
rubble,RW,60,800,0.02,0.05,0.4,,0,0.3,0.2,2.0,20,0,0.4490223463687151,0.43240223463687144,0.8331005586592178,220.0,6.833333333333333,1.2,45.92737935011693,0.17427083333333335,0.8505291005291005,34,1.8343878303497283,0.8115137388473708,1.2343878303497284,0.5929497211615193,1.0,RW,0.0005534338537518124
rubble,RW,60,800,0.02,0.05,0.4,,2,0.3,0.2,2.0,20,0,0.38477653631284914,0.41613128491620105,0.7548882681564246,280.0,6.583333333333333,1.5,43.991869227802326,0.15879166666666666,0.684472049689441,30,1.9278598768869022,0.7833638443164429,1.3278598768869023,0.7700245585188658,1.0,RW,0.0005516890099988813
rubble,RW,60,800,0.02,0.05,0.4,,1,0.3,0.2,2.0,20,0,0.5020949720670391,0.48756983240223456,0.8708100558659218,300.0,7.1,1.3666666666666667,49.707918097230646,0.19239583333333332,0.9206145966709348,42,1.6331722101220305,0.6808348286477875,1.0331722101220304,0.7771102745003359,0.9285714285714286,RW,0.0005744077600002129
rubble,RW,60,800,0.02,0.05,0.4,,5,0.3,0.2,2.0,20,0,0.4748603351955307,0.5111033519553072,0.8812849162011173,300.0,6.583333333333333,1.7333333333333334,48.015683510156244,0.1965,0.8729139922978179,41,1.3775966819152037,0.5972819024770338,0.7775966819152036,0.4582357213378686,0.8536585365853658,RW,0.0005585888024984342
rubble,RW,60,800,0.02,0.05,0.4,,4,0.3,0.2,2.0,20,0,0.4643854748603352,0.46312849162011177,0.8638268156424581,220.0,6.75,1.25,44.50899194548587,0.19260416666666666,0.885486018641811,35,1.9973536114824604,0.6715549177135222,1.3973536114824596,1.0508620633462442,0.8285714285714286,RW,0.0005800544275007269
rubble,RW,60,800,0.02,0.05,0.4,,7,0.3,0.2,2.0,20,0,0.5677374301675978,0.5284916201117318,0.8763966480446927,280.0,6.316666666666666,1.65,49.11327794829595,0.18064583333333334,0.9291428571428573,42,1.6902344623311103,0.5335778941540099,1.0902344623311102,0.9338668451264028,0.9523809523809523,RW,0.0005582320312510091
rubble,RW,60,800,0.02,0.05,0.4,,6,0.3,0.2,2.0,20,0,0.5677374301675978,0.5031424581005588,0.8610335195530726,260.0,7.383333333333334,1.6166666666666667,48.944480536642445,0.20997916666666666,1.081117021276596,43,1.8393158035899417,0.5710673036410548,1.2393158035899419,0.9144748952670255,0.9534883720930233,RW,0.0005842075512509837
rubble,RW,60,800,0.02,0.05,0.4,,8,0.3,0.2,2.0,20,0,0.5111731843575419,0.4653282122905028,0.8393854748603352,260.0,7.516666666666667,1.5666666666666667,50.44478771237113,0.18208333333333335,0.9825503355704699,39,1.5862959022854617,0.6474335944619998,0.9862959022854616,0.6418896638895996,0.9487179487179487,RW,0.0005530478125001536
rubble,RW,60,800,0.02,0.05,0.4,,3,0.3,0.2,2.0,20,0,0.5160614525139665,0.4819832402234637,0.8729050279329609,240.0,6.916666666666667,1.4833333333333334,50.42596585034094,0.1754375,0.9609882964889468,40,1.6549281576477992,0.6346173313070731,1.0549281576477993,0.6075372131473712,0.95,RW,0.0007385556774988799
rubble,RW,60,800,0.02,0.05,0.4,,9,0.3,0.2,2.0,20,0,0.34217877094972066,0.37803770949720666,0.9189944134078212,320.0,6.766666666666667,1.2666666666666666,43.15112857554782,0.166625,0.5982905982905983,26,2.075929667349819,0.8213662504850076,1.4759296673498183,0.80614343782077,1.0,RW,0.0006452043237504768
rubble,RW,60,800,0.02,0.05,0.4,,10,0.3,0.2,2.0,20,0,0.4594972067039106,0.40024441340782124,0.8414804469273743,320.0,7.033333333333333,1.3666666666666667,45.07280601402473,0.18252083333333333,0.9306930693069306,34,2.1166616276339276,0.8255702798070731,1.5166616276339278,0.8954262830683631,0.8823529411764706,RW,0.0006304433324999081
rubble,RW,60,800,0.02,0.05,0.4,,11,0.3,0.2,2.0,20,0,0.5446927374301676,0.5007332402234637,0.7981843575418994,280.0,6.5,1.5666666666666667,49.25759886784014,0.1695625,0.9263657957244654,40,1.7708165193095797,0.5092130874025935,1.1708165193095799,1.0635165618501377,1.0,RW,0.0006370465625013821
rubble,RW,60,800,0.02,0.05,0.4,,12,0.3,0.2,2.0,20,0,0.46787709497206703,0.47416201117318435,0.8952513966480447,220.0,5.966666666666667,1.6,46.81528040166874,0.158,0.86340206185567,36,1.5825809371800617,0.7163569841373228,0.9825809371800615,0.7094917248861966,0.8888888888888888,RW,0.0006266936462498052
rubble,RW,60,800,0.02,0.05,0.4,,13,0.3,0.2,2.0,20,0,0.4476256983240223,0.43990921787709497,0.909217877094972,320.0,7.516666666666667,1.3,42.922897954166366,0.21433333333333332,0.8144853875476493,32,1.8097700541901536,0.6492662627201616,1.2097700541901535,0.9501830329460573,1.0,RW,0.0006673179162521592
rubble,RW,60,800,0.02,0.05,0.4,,14,0.3,0.2,2.0,20,0,0.46019553072625696,0.4479399441340782,0.7744413407821229,240.0,6.183333333333334,1.55,44.94818156504142,0.1905,0.8905405405405404,35,1.74036821450575,0.7892487763169512,1.14036821450575,0.7140302024867863,0.8857142857142857,RW,0.0006535778124998615
rubble,RW,60,800,0.02,0.05,0.4,,15,0.3,0.2,2.0,20,0,0.4231843575418994,0.4613477653631285,0.8498603351955307,280.0,6.433333333333334,1.5166666666666666,45.758232031552026,0.19858333333333333,0.8200270635994586,35,1.887602909228609,0.8619906951954536,1.2876029092286096,0.6928983232932805,0.9428571428571428,RW,0.0006525756774999536
rubble,RW,60,800,0.02,0.05,0.4,,16,0.3,0.2,2.0,20,0,0.48463687150837986,0.41871508379888267,0.7276536312849162,340.0,6.583333333333333,1.3166666666666667,43.71042031767555,0.2003125,0.9083769633507853,31,2.245102099125298,0.5161102276379123,1.6451020991252976,1.9040640846722372,1.0,RW,0.000630036823752107
rubble,RW,60,800,0.02,0.05,0.4,,17,0.3,0.2,2.0,20,0,0.41410614525139666,0.42587290502793296,0.8400837988826816,300.0,6.466666666666667,1.4833333333333334,44.656523030571336,0.1705625,0.7330037082818294,34,1.655719630218333,0.6553631438914617,1.055719630218333,0.6701827654388498,0.9411764705882353,RW,0.0006796251562491307
rubble,RW,60,800,0.02,0.05,0.4,,19,0.3,0.2,2.0,20,0,0.3784916201117318,0.40230446927374297,0.8233240223463687,320.0,6.283333333333333,1.5666666666666667,42.29044299529808,0.16185416666666666,0.6514423076923076,27,1.9410643880817688,0.7400469085242457,1.3410643880817688,0.8230230179937307,0.9259259259259259,RW,0.0006378896362480191
rubble,RW,60,800,0.02,0.05,0.4,,20,0.3,0.2,2.0,20,0,0.40083798882681565,0.42615223463687146,0.8191340782122905,280.0,5.483333333333333,1.3666666666666667,43.00282603691425,0.17539583333333333,0.6949152542372882,31,2.035098124663092,0.7888332277155546,1.4350981246630918,0.9324385257566451,0.9354838709677419,RW,0.0006530456249993221
rubble,RW,60,800,0.02,0.05,0.4,,18,0.3,0.2,2.0,20,0,0.4490223463687151,0.49371508379888274,0.8519553072625698,300.0,6.35,1.45,47.75140297478851,0.2145625,0.8350649350649351,40,1.479381768146959,0.5885079109886838,0.8793817681469591,0.7273429842999622,0.95,RW,0.0006957320825017632
rubble,RW,60,800,0.02,0.05,0.4,,21,0.3,0.2,2.0,20,0,0.46089385474860334,0.44448324022346364,0.7995810055865922,280.0,7.916666666666667,1.7166666666666666,50.06252268130808,0.23002083333333334,0.944206008583691,43,1.639431985652387,1.1516535898533256,1.0394319856523866,0.45351075563874,1.0,RW,0.0006718393237497367
rubble,RW,60,800,0.02,0.05,0.4,,23,0.3,0.2,2.0,20,0,0.4092178770949721,0.4309008379888269,0.8400837988826816,300.0,7.416666666666667,1.3666666666666667,45.87746559122004,0.2025,0.7474489795918368,33,1.9770183534664447,0.9764215078688542,1.3770183534664446,0.4693380888830013,0.9393939393939394,RW,0.000640937708749334
rubble,RW,60,800,0.02,0.05,0.4,,22,0.3,0.2,2.0,20,0,0.49231843575418993,0.4532472067039106,0.7716480446927374,300.0,6.816666666666666,1.5,48.35346282093493,0.17560416666666667,0.9325396825396824,39,1.6761747601192956,0.6718006089536147,1.0761747601192955,0.7212947936545325,1.0,RW,0.0006774975512507808
rubble,RW,60,800,0.02,0.05,0.4,,25,0.3,0.2,2.0,20,0,0.45391061452513964,0.48997905027932953,0.9155027932960894,300.0,6.733333333333333,1.35,44.587620610723654,0.1881875,0.795593635250918,37,1.8108639431112006,0.7662412467478434,1.2108639431112003,0.8567744953694135,0.9459459459459459,RW,0.0006501586462491105
rubble,RW,60,800,0.02,0.05,0.4,,24,0.3,0.2,2.0,20,0,0.46019553072625696,0.43732541899441335,0.8575418994413407,280.0,6.6,1.1166666666666667,44.97322498703231,0.20952083333333332,0.9052197802197802,35,2.024238512824699,0.8020022233210038,1.4242385128246995,0.8800436551145207,1.0,RW,0.0006592553125005907
rubble,RW,60,800,0.02,0.05,0.4,,26,0.3,0.2,2.0,20,0,0.4448324022346369,0.45314245810055864,0.6927374301675978,240.0,6.266666666666667,1.4666666666666666,46.79590775439298,0.16433333333333333,0.8166666666666668,37,1.6894219406057234,0.71098848797322,1.0894219406057235,0.8696530391516727,1.0,RW,0.0006558383850006066
rubble,RW,60,800,0.02,0.05,0.4,,29,0.3,0.2,2.0,20,0,0.46997206703910616,0.43268156424581006,0.8121508379888268,300.0,7.083333333333333,1.3666666666666667,43.46881805714784,0.18714583333333334,0.8639281129653403,33,1.8321343347615202,0.6665591925016813,1.2321343347615203,0.7377852390928553,0.9393939393939394,RW,0.0006134101562497563
rubble,RW,60,800,0.02,0.05,0.4,,27,0.3,0.2,2.0,20,0,0.5153631284916201,0.5223812849162012,0.9308659217877095,280.0,6.266666666666667,1.6,45.78993450883963,0.1653125,0.9609375000000001,40,1.548040359028062,0.6195355724687868,0.9480403590280619,0.8214742695880312,0.95,RW,0.0006651867187497374
rubble,RW,60,800,0.02,0.05,0.4,,28,0.3,0.2,2.0,20,0,0.5146648044692738,0.4608938547486033,0.755586592178771,260.0,7.283333333333333,1.5,44.343768930567286,0.20191666666666666,1.0054570259208733,37,1.8751495213676295,0.47355840059274934,1.2751495213676296,1.1664769450958516,0.9459459459459459,RW,0.0006685612499995841
rubble,RW,60,800,0.02,0.05,0.6,,0,0.3,0.2,2.0,20,0,0.276536312849162,0.2986731843575419,0.8393854748603352,220.0,6.283333333333333,1.0666666666666667,39.31651823878051,0.162125,0.5238095238095238,21,2.3157960365409465,1.183789692320124,1.7157960365409464,1.0618992605593096,1.0,RW,0.0006238216675001241
rubble,RW,60,800,0.02,0.05,0.6,,3,0.3,0.2,2.0,20,0,0.4057262569832402,0.3780027932960893,0.8680167597765364,240.0,6.483333333333333,1.3166666666666667,44.27303979833938,0.15879166666666666,0.7555266579973993,27,2.173710174258296,0.7018125999875402,1.573710174258296,0.9641314941756493,1.0,RW,0.0006235669262491683
rubble,RW,60,800,0.02,0.05,0.6,,2,0.3,0.2,2.0,20,0,0.2702513966480447,0.30087290502793296,0.7046089385474861,280.0,6.533333333333333,1.2333333333333334,38.95594562062583,0.15522916666666667,0.48074534161490684,23,1.6667642704097738,1.084832166642158,1.0667642704097737,0.3493578127489755,0.9130434782608695,RW,0.0006269351562491466
rubble,RW,60,800,0.02,0.05,0.6,,4,0.3,0.2,2.0,20,0,0.3470670391061452,0.3424930167597765,0.7241620111731844,220.0,6.25,1.1833333333333333,38.57410892202392,0.18172916666666666,0.6617842876165113,26,1.893136680435296,0.8234395088184769,1.293136680435296,0.750166081304439,0.9230769230769231,RW,0.0006270148437488388
rubble,RW,60,800,0.02,0.05,0.6,,1,0.3,0.2,2.0,20,0,0.3959497206703911,0.3788058659217878,0.8470670391061452,300.0,6.316666666666666,1.15,41.22209714185234,0.1723125,0.7259923175416134,25,2.573883063154526,0.8616808501536187,1.9738830631545263,1.416948404108223,0.92,RW,0.0006544616137512094
rubble,RW,60,800,0.02,0.05,0.6,,5,0.3,0.2,2.0,20,0,0.3526536312849162,0.3417597765363129,0.75,300.0,6.116666666666666,1.4166666666666667,39.09125230916611,0.18060416666666668,0.6482670089858794,25,2.042576796682052,0.730033974634003,1.4425767966820517,0.7942082637436311,0.92,RW,0.0006531844262508457
rubble,RW,60,800,0.02,0.05,0.6,,7,0.3,0.2,2.0,20,0,0.3959497206703911,0.39249301675977655,0.9134078212290503,280.0,5.966666666666667,1.4,40.402010160215056,0.1655625,0.648,26,1.8338203338625252,0.7354042148742297,1.233820333862525,0.7655102066143122,1.0,RW,0.000645181613749628
rubble,RW,60,800,0.02,0.05,0.6,,6,0.3,0.2,2.0,20,0,0.3680167597765363,0.3438896648044693,0.7730446927374302,260.0,6.983333333333333,1.1833333333333333,41.19581314339391,0.1890625,0.7007978723404256,27,1.8278352640012723,0.8338468278173463,1.2278352640012722,0.5931270434733168,1.0,RW,0.0006558857812501628
rubble,RW,60,800,0.02,0.05,0.6,,8,0.3,0.2,2.0,20,0,0.4057262569832402,0.40659916201117313,0.7716480446927374,260.0,6.6,1.5,42.969419402419796,0.16166666666666665,0.7798657718120806,28,1.8489161252791368,0.6198107331693271,1.2489161252791365,1.0459015779652303,0.9285714285714286,RW,0.0006358342187490961
rubble,RW,60,800,0.02,0.05,0.6,,9,0.3,0.2,2.0,20,0,0.263268156424581,0.27733938547486037,0.7835195530726257,320.0,6.666666666666667,1.2,37.729254550381214,0.15704166666666666,0.46031746031746035,19,2.59345647277221,0.5472205703469039,1.9934564727722095,1.7351948678005233,1.0,RW,0.0006126910937496177
rubble,RW,60,800,0.02,0.05,0.6,,12,0.3,0.2,2.0,20,0,0.3240223463687151,0.34699720670391054,0.75,220.0,6.016666666666667,1.4,42.15669517671656,0.14870833333333333,0.5979381443298969,25,2.2511821593012318,0.666808899469809,1.6511821593012317,1.3732492576327417,1.0,RW,0.0005975243237503491
rubble,RW,60,800,0.02,0.05,0.6,,11,0.3,0.2,2.0,20,0,0.35963687150837986,0.3364175977653632,0.755586592178771,280.0,5.966666666666667,1.4,41.401621168395856,0.15683333333333332,0.6116389548693586,23,2.4097762895387644,0.5638536203726827,1.8097762895387641,1.6344592547151167,1.0,RW,0.0006139139574997899
rubble,RW,60,800,0.02,0.05,0.6,,13,0.3,0.2,2.0,20,0,0.2842178770949721,0.30726256983240224,0.7730446927374302,320.0,6.966666666666667,0.9666666666666667,34.89327965856025,0.20116666666666666,0.51715374841169,20,2.435840625201931,0.7590683334533858,1.835840625201931,1.4270330830508096,1.0,RW,0.0006022151562501677
rubble,RW,60,800,0.02,0.05,0.6,,10,0.3,0.2,2.0,20,0,0.3756983240223464,0.3706005586592179,0.7416201117318436,320.0,6.616666666666666,1.3666666666666667,41.25316789346463,0.172625,0.7609618104667609,28,1.7090245615596833,0.6742551001793569,1.1090245615596832,0.7721017058770755,1.0,RW,0.0006250293750008495
rubble,RW,60,800,0.02,0.05,0.6,,14,0.3,0.2,2.0,20,0,0.29608938547486036,0.31211592178770947,0.7744413407821229,240.0,5.816666666666666,1.1666666666666667,37.790374309326204,0.17977083333333332,0.572972972972973,21,2.875259091789278,1.017004924537031,2.275259091789278,1.2701683181943673,0.9047619047619048,RW,0.0006135273962490828
rubble,RW,60,800,0.02,0.05,0.6,,16,0.3,0.2,2.0,20,0,0.3023743016759777,0.282227653631285,0.6962290502793296,340.0,6.383333333333334,1.0833333333333333,37.688876220688755,0.19204166666666667,0.5667539267015708,20,2.3280536512577408,0.6960691534021817,1.7280536512577402,1.6692091461802956,0.9,RW,0.0005496799999991708
rubble,RW,60,800,0.02,0.05,0.6,,17,0.3,0.2,2.0,20,0,0.308659217877095,0.30282821229050283,0.8114525139664804,300.0,6.066666666666666,1.3166666666666667,39.455147137902244,0.1613125,0.546353522867738,21,2.409730469522896,0.6735589780803521,1.8097304695228953,1.8906280601024408,0.9047619047619048,RW,0.0005342170312496819
rubble,RW,60,800,0.02,0.05,0.6,,15,0.3,0.2,2.0,20,0,0.33379888268156427,0.3329958100558659,0.8121508379888268,280.0,5.816666666666666,1.2833333333333334,40.00948074412031,0.18652083333333333,0.6468200270635994,22,2.6113637785773083,0.5249541924064268,2.011363778577308,1.8582756441789854,1.0,RW,0.0005844256775003486
rubble,RW,60,800,0.02,0.05,0.6,,20,0.3,0.2,2.0,20,0,0.2842178770949721,0.2532472067039106,0.848463687150838,280.0,5.15,1.15,34.31695463058404,0.16320833333333334,0.49273607748184023,16,4.0554711416197975,0.624361560581153,3.455471141619797,3.4359879372456574,1.0,RW,0.0005199316149992228
rubble,RW,60,800,0.02,0.05,0.6,,18,0.3,0.2,2.0,20,0,0.33100558659217877,0.342213687150838,0.8128491620111732,300.0,6.0,1.1666666666666667,38.62787819999531,0.20177083333333334,0.6155844155844156,26,1.9912267027267858,0.8539428942498599,1.3912267027267862,0.632129450295815,0.7692307692307693,RW,0.0005791701037492203
rubble,RW,60,800,0.02,0.05,0.6,,19,0.3,0.2,2.0,20,0,0.28212290502793297,0.2888966480446927,0.8303072625698324,320.0,5.983333333333333,1.1666666666666667,36.002454762379706,0.15239583333333334,0.4855769230769231,19,2.6137440589529404,0.8102023668256133,2.013744058952941,1.5370301631544443,1.0,RW,0.0005328315625001778
rubble,RW,60,800,0.02,0.05,0.6,,21,0.3,0.2,2.0,20,0,0.32053072625698326,0.33987430167597765,0.7276536312849162,280.0,6.966666666666667,1.1,38.572050987901505,0.19916666666666666,0.6566523605150215,25,1.7723285711632735,0.939350971407469,1.1723285711632736,0.9356513663579787,1.0,RW,0.0005592925525002102
rubble,RW,60,800,0.02,0.05,0.6,,22,0.3,0.2,2.0,20,0,0.3931564245810056,0.40876396648044694,0.827513966480447,300.0,6.466666666666667,1.3833333333333333,45.66093273084885,0.16789583333333333,0.7447089947089947,32,1.5544644227428261,0.5682162494609521,0.9544644227428262,0.7366571177816595,1.0,RW,0.0005729090625004574
rubble,RW,60,800,0.02,0.05,0.6,,23,0.3,0.2,2.0,20,0,0.3023743016759777,0.2912360335195531,0.7786312849162011,300.0,6.883333333333334,1.2166666666666666,37.37985630791815,0.18391666666666667,0.552295918367347,20,2.151163960961597,0.5586680516520005,1.5511639609615973,1.692343258930928,0.9,RW,0.0005398270312502973
rubble,RW,60,800,0.02,0.05,0.6,,25,0.3,0.2,2.0,20,0,0.31564245810055863,0.35188547486033517,0.9050279329608939,300.0,6.35,1.25,37.37096055494752,0.17579166666666668,0.5532435740514076,23,2.5679183825679033,0.7917189951137903,1.9679183825679027,1.5960306404189364,0.9130434782608695,RW,0.0005424415099992075
rubble,RW,60,800,0.02,0.05,0.6,,24,0.3,0.2,2.0,20,0,0.3407821229050279,0.35453910614525147,0.8177374301675978,280.0,6.3,1.0833333333333333,38.57992065253531,0.195625,0.6703296703296703,25,2.26606365713571,0.7579749694589312,1.66606365713571,1.0094239714848956,0.84,RW,0.0005776352087491433
rubble,RW,60,800,0.02,0.05,0.6,,26,0.3,0.2,2.0,20,0,0.32751396648044695,0.31173184357541894,0.7430167597765364,240.0,5.7,1.0666666666666667,39.855270053901044,0.1494375,0.6012820512820514,22,2.3065482123387806,1.1489892100374703,1.7065482123387807,0.8992184199738356,0.9090909090909091,RW,0.0005511061974993936
rubble,RW,60,800,0.02,0.05,0.6,,29,0.3,0.2,2.0,20,0,0.24022346368715083,0.29556564245810063,0.7437150837988827,300.0,6.45,1.0833333333333333,34.693265322068704,0.17014583333333333,0.44159178433889607,19,1.99526520711765,0.9914400407488386,1.3952652071176501,0.880092699745365,1.0,RW,0.0005283006774993737
rubble,RW,60,800,0.02,0.05,0.6,,28,0.3,0.2,2.0,20,0,0.30726256983240224,0.31386173184357535,0.7032122905027933,260.0,6.733333333333333,1.1,35.1118535150379,0.18510416666666665,0.6002728512960437,22,2.423271753892139,0.7816298176639466,1.823271753892139,1.2005708550276228,0.9090909090909091,RW,0.0005375815112506643
rubble,RW,60,800,0.02,0.05,0.6,,27,0.3,0.2,2.0,20,0,0.36941340782122906,0.3724511173184358,0.7625698324022346,280.0,5.866666666666666,1.2833333333333334,40.13528669884711,0.156125,0.6888020833333334,26,2.1820839581335307,0.8088371201570005,1.5820839581335309,1.258538400589582,0.9230769230769231,RW,0.0005569053124986567
apartment,A,60,800,0.02,0.05,0.0,,0,0.3,0.2,2.0,20,0,0.5865885416666666,0.5463216145833333,0.9674479166666666,520.0,6.816666666666666,0.6,62.01744413532791,0.15079166666666666,,60,1.2957574966975862,0.7621211638696432,0.6957574966975862,0.34515149614263707,0.9333333333333333,A,0.0006714110937514306
apartment,A,60,800,0.02,0.05,0.0,,1,0.3,0.2,2.0,20,0,0.6985677083333334,0.6487955729166666,0.9303385416666666,580.0,5.466666666666667,0.45,64.70389961731561,0.12872916666666667,,60,1.2907107007813188,0.483391742324961,0.6907107007813184,0.4505820416274906,0.9333333333333333,A,0.0006639528124992467
apartment,A,60,800,0.02,0.05,0.0,,2,0.3,0.2,2.0,20,0,0.5885416666666666,0.6172526041666666,0.9010416666666666,480.0,5.783333333333333,0.6,64.41822562556726,0.1281875,,60,1.0965250661114574,0.6223809342282974,0.4965250661114575,0.2595908376622311,1.0,A,0.0006716728125002191
apartment,A,60,800,0.02,0.05,0.0,,3,0.3,0.2,2.0,20,0,0.712890625,0.6658203125,0.9505208333333334,540.0,6.166666666666667,0.5333333333333333,65.48846055430617,0.1365,,60,1.3813604447717083,0.7303198987910376,0.7813604447717085,0.33131143331487156,0.9666666666666667,A,0.0006845641149993753
apartment,A,60,800,0.02,0.05,0.0,,4,0.3,0.2,2.0,20,0,0.6959635416666666,0.6469726562499999,0.96875,500.0,5.716666666666667,0.45,64.70894263904448,0.1301875,,60,1.329062739907784,0.38366483349735475,0.7290627399077839,0.7147310569627162,1.0,A,0.0006780135412486743
apartment,A,60,800,0.02,0.05,0.0,,7,0.3,0.2,2.0,20,0,0.6653645833333334,0.6392252604166667,0.951171875,360.0,5.0,0.5333333333333333,66.2836527631051,0.11897916666666666,,60,1.3256613528998893,0.6582502868091287,0.7256613528998892,0.46099882183978524,0.9,A,0.0006771884899990255
apartment,A,60,800,0.02,0.05,0.0,,5,0.3,0.2,2.0,20,0,0.6490885416666666,0.5972981770833333,0.9733072916666666,720.0,5.783333333333333,0.5333333333333333,62.39758961887813,0.14227083333333335,,60,1.1787039641714627,0.5713673405788944,0.5787039641714625,0.25183020499947406,0.8333333333333334,A,0.0007032152087504073
apartment,A,60,800,0.02,0.05,0.0,,6,0.3,0.2,2.0,20,0,0.6549479166666666,0.59736328125,0.8756510416666666,520.0,6.5,0.65,61.999003173938235,0.1434375,,60,1.2078805581285321,0.40471618923258623,0.6078805581285319,0.5103825117804531,0.9333333333333333,A,0.0007036253650016988
apartment,A,60,800,0.02,0.05,0.0,,8,0.3,0.2,2.0,20,0,0.6490885416666666,0.6001627604166666,0.9563802083333334,500.0,5.7,0.4666666666666667,63.41419940367474,0.1360625,,60,1.4014742771691198,0.7529456430296904,0.8014742771691201,0.44595653811520186,0.8666666666666667,A,0.000703084947501793
apartment,A,60,800,0.02,0.05,0.0,,9,0.3,0.2,2.0,20,0,0.6595052083333334,0.6222981770833333,0.9921875,500.0,5.733333333333333,0.43333333333333335,65.13211243087727,0.12714583333333335,,60,1.2314722654177324,0.5188726569578755,0.6314722654177324,0.2989949123870571,0.9666666666666667,A,0.0007292630212486984
apartment,A,60,800,0.02,0.05,0.0,,10,0.3,0.2,2.0,20,0,0.6048177083333334,0.5729817708333333,0.9010416666666666,340.0,6.483333333333333,0.5666666666666667,63.252711161461,0.1325,,60,1.404720887927207,0.6921267575191342,0.8047208879272071,0.6769229084678671,1.0,A,0.0007306294787508704
apartment,A,60,800,0.02,0.05,0.0,,11,0.3,0.2,2.0,20,0,0.6315104166666666,0.6044270833333333,0.8268229166666666,500.0,6.116666666666666,0.5666666666666667,65.00941351404589,0.13585416666666666,,60,1.4796298626137498,0.6205172881704546,0.8796298626137501,0.5617296455876436,0.9333333333333333,A,0.0007350679175010554
apartment,A,60,800,0.02,0.05,0.0,,12,0.3,0.2,2.0,20,0,0.6282552083333334,0.5806966145833334,0.9186197916666666,500.0,5.85,0.45,62.98780792124176,0.13758333333333334,,60,1.4560466738883848,0.7629184433059824,0.8560466738883847,0.4274096177899747,0.9333333333333333,A,0.0007320798949990604
apartment,A,60,800,0.02,0.05,0.0,,13,0.3,0.2,2.0,20,0,0.6647135416666666,0.6283528645833334,0.8704427083333334,500.0,5.783333333333333,0.48333333333333334,66.59698919159527,0.13025,,60,1.5534579929142358,0.5280926728082477,0.953457992914236,0.8586872707941705,0.85,A,0.0007459726037518521
apartment,A,60,800,0.02,0.05,0.0,,16,0.3,0.2,2.0,20,0,0.7389322916666666,0.6235677083333332,0.94140625,680.0,6.3,0.38333333333333336,62.586522314562636,0.13420833333333335,,60,1.5064622983472526,0.5810389962988446,0.9064622983472531,0.6808723549500536,0.9,A,0.0007352474999993319
apartment,A,60,800,0.02,0.05,0.0,,17,0.3,0.2,2.0,20,0,0.6360677083333334,0.6252604166666667,0.9427083333333334,460.0,5.983333333333333,0.35,66.73854925760209,0.13414583333333333,,60,1.198308971455541,0.4244984472986076,0.5983089714555409,0.3731797613174493,1.0,A,0.0007164088537501812
apartment,A,60,800,0.02,0.05,0.0,,15,0.3,0.2,2.0,20,0,0.650390625,0.64384765625,0.9733072916666666,520.0,5.733333333333333,0.5833333333333334,67.06890811058821,0.12070833333333333,,60,1.3706805733052576,0.7729500988607847,0.7706805733052574,0.41161174583869553,0.9,A,0.0007484824487505648
apartment,A,60,800,0.02,0.05,0.0,,14,0.3,0.2,2.0,20,0,0.6686197916666666,0.6378255208333332,0.94921875,460.0,5.85,0.48333333333333334,64.48691378363877,0.12435416666666667,,60,1.3551319569366849,0.7129589054554014,0.755131956936685,0.38540610101232964,0.9666666666666667,A,0.0007754184374994111
apartment,A,60,800,0.02,0.05,0.0,,18,0.3,0.2,2.0,20,0,0.67578125,0.6154622395833333,0.9049479166666666,640.0,5.616666666666666,0.6833333333333333,65.77560073311183,0.1233125,,60,1.3821744632564652,0.46706279776760884,0.7821744632564654,0.6015955773488585,0.9666666666666667,A,0.0007191180737481773
apartment,A,60,800,0.02,0.05,0.0,,19,0.3,0.2,2.0,20,0,0.6302083333333334,0.5871419270833333,0.90234375,540.0,6.083333333333333,0.4,62.824641752157426,0.1421875,,60,1.3212886807062887,0.5559385742037961,0.7212886807062887,0.39803797398504415,1.0,A,0.0007506173437514008
apartment,A,60,800,0.02,0.05,0.0,,20,0.3,0.2,2.0,20,0,0.6595052083333334,0.6209635416666666,0.9479166666666666,520.0,5.516666666666667,0.38333333333333336,63.40887305999869,0.1360625,,60,1.3329403444587806,0.6505594795486547,0.7329403444587805,0.4415426035523071,1.0,A,0.0007475829687496116
apartment,A,60,800,0.02,0.05,0.0,,21,0.3,0.2,2.0,20,0,0.578125,0.61708984375,0.8997395833333334,420.0,5.566666666666666,0.4666666666666667,65.14852263762745,0.13022916666666667,,60,1.2979110953145705,0.6582129693697758,0.6979110953145702,0.4838325099275754,0.9666666666666667,A,0.0007171361462496861
apartment,A,60,800,0.02,0.05,0.0,,24,0.3,0.2,2.0,20,0,0.6595052083333334,0.59794921875,0.9895833333333334,560.0,5.616666666666666,0.65,62.77949055107304,0.13558333333333333,,60,1.4378485885180663,0.6384938802338229,0.8378485885180662,0.5832001410108887,0.9333333333333333,A,0.0007189145837492106
apartment,A,60,800,0.02,0.05,0.0,,22,0.3,0.2,2.0,20,0,0.62890625,0.5837565104166667,0.837890625,560.0,6.116666666666666,0.48333333333333334,63.92628575037728,0.14064583333333333,,60,1.2902902249738009,0.5135346461164564,0.6902902249738009,0.43345299617689037,0.9666666666666667,A,0.0007427964062503633
apartment,A,60,800,0.02,0.05,0.0,,25,0.3,0.2,2.0,20,0,0.634765625,0.6168294270833333,0.8502604166666666,320.0,5.783333333333333,0.48333333333333334,65.5526822063388,0.122625,,60,1.2961107770723481,0.6455223106915063,0.6961107770723483,0.41002340544842036,0.9666666666666667,A,0.0007381553649997841
apartment,A,60,800,0.02,0.05,0.0,,26,0.3,0.2,2.0,20,0,0.6940104166666666,0.6697916666666666,0.9837239583333334,480.0,6.166666666666667,0.65,65.92337558726035,0.12764583333333332,,60,1.1680173159357634,0.5139542398810782,0.5680173159357633,0.3023253937858585,0.9333333333333333,A,0.0007249607299991113
apartment,A,60,800,0.02,0.05,0.0,,23,0.3,0.2,2.0,20,0,0.6516927083333334,0.6049479166666667,0.9700520833333334,440.0,6.333333333333333,0.5666666666666667,65.02188992722571,0.13733333333333334,,60,1.3053989210064831,0.6317869721004494,0.7053989210064834,0.3364257135321149,0.9666666666666667,A,0.0007597988024986079
apartment,A,60,800,0.02,0.05,0.0,,27,0.3,0.2,2.0,20,0,0.6907552083333334,0.6098307291666668,0.9518229166666666,660.0,5.566666666666666,0.55,65.29394133403983,0.1285625,,60,1.4362982650934135,0.6922736654482767,0.8362982650934135,0.390381689556849,0.9666666666666667,A,0.0007227291150002201
apartment,A,60,800,0.02,0.05,0.0,,28,0.3,0.2,2.0,20,0,0.68359375,0.6332031249999999,0.87890625,580.0,5.333333333333333,0.5666666666666667,66.31675867027421,0.13016666666666668,,60,1.3723066233924757,0.5775247990141833,0.7723066233924757,0.4573050320385178,0.95,A,0.0007221463537507588
apartment,A,60,800,0.02,0.05,0.0,,29,0.3,0.2,2.0,20,0,0.7018229166666666,0.6429036458333333,0.966796875,620.0,5.966666666666667,0.5666666666666667,65.27162238471425,0.12129166666666667,,60,1.3007636530062567,0.5409857880934069,0.7007636530062568,0.3857359368831609,0.8666666666666667,A,0.0007396450525016008
apartment,A,60,800,0.02,0.05,0.2,,0,0.3,0.2,2.0,20,0,0.5677083333333334,0.5310872395833333,0.9635416666666666,220.0,5.816666666666666,0.5333333333333333,55.662630282165665,0.12925,1.092731829573935,47,1.513207072861212,0.8066213701020332,0.9132070728612116,0.35871951724483697,0.9148936170212766,A,0.0006970646875015518
apartment,A,60,800,0.02,0.05,0.2,,1,0.3,0.2,2.0,20,0,0.5149739583333334,0.4997721354166667,0.8639322916666666,220.0,4.9,0.4666666666666667,55.630379057098146,0.11835416666666666,0.9009111617312073,46,1.321283253709561,0.5130534170104156,0.7212832537095608,0.4994446963665852,0.9565217391304348,A,0.0006856349999998201
apartment,A,60,800,0.02,0.05,0.2,,2,0.3,0.2,2.0,20,0,0.5572916666666666,0.5763671875,0.94921875,400.0,5.433333333333334,0.4,59.61932560090831,0.11970833333333333,0.9617977528089886,53,1.448305423620844,0.651863252013748,0.848305423620844,0.6752554973770714,0.8679245283018868,A,0.0006923009375009315
apartment,A,60,800,0.02,0.05,0.2,,3,0.3,0.2,2.0,20,0,0.611328125,0.6072265625000001,0.927734375,320.0,6.183333333333334,0.5,62.75472839158911,0.1348125,1.0140388768898487,55,1.2452429305929138,0.47475039197498886,0.6452429305929137,0.4911283552294764,0.8909090909090909,A,0.0006880576037497122
apartment,A,60,800,0.02,0.05,0.2,,4,0.3,0.2,2.0,20,0,0.5546875,0.5436523437499999,0.9016927083333334,380.0,4.833333333333333,0.3333333333333333,54.76235720690868,0.11304166666666667,0.8693877551020408,44,1.4395651657614572,0.5222126834746432,0.8395651657614572,0.5706585185770652,0.9545454545454546,A,0.0006885247387504024
apartment,A,60,800,0.02,0.05,0.2,,5,0.3,0.2,2.0,20,0,0.6256510416666666,0.5758463541666666,0.9739583333333334,280.0,5.016666666666667,0.6333333333333333,57.0066934542201,0.1289375,1.2899328859060402,51,1.4844816087557933,0.6960810569441802,0.8844816087557936,0.48613179834225784,0.9607843137254902,A,0.0006879148962502768
apartment,A,60,800,0.02,0.05,0.2,,6,0.3,0.2,2.0,20,0,0.6048177083333334,0.5613932291666667,0.9733072916666666,320.0,5.666666666666667,0.4,55.15820361764364,0.126,1.1641604010025064,46,1.702860470516942,0.5377436438057505,1.102860470516942,1.0281483520563774,1.0,A,0.0006579129174997434
apartment,A,60,800,0.02,0.05,0.2,,7,0.3,0.2,2.0,20,0,0.5377604166666666,0.5416992187499999,0.9739583333333334,360.0,4.15,0.4,55.71678348034898,0.10327083333333334,0.8506694129763129,45,1.424111268576693,0.622427763005155,0.8241112685766929,0.6447915965224665,0.9555555555555556,A,0.0006398890624996057
apartment,A,60,800,0.02,0.05,0.2,,8,0.3,0.2,2.0,20,0,0.5358072916666666,0.4927734374999999,0.8444010416666666,280.0,4.916666666666667,0.5666666666666667,52.79570427985352,0.116,1.0287499999999998,42,1.2510978885845727,0.3831090326477952,0.651097888584573,0.4777337839352753,1.0,A,0.0006145639587498408
apartment,A,60,800,0.02,0.05,0.2,,9,0.3,0.2,2.0,20,0,0.5436197916666666,0.5159830729166666,0.947265625,280.0,4.966666666666667,0.45,56.72989045455809,0.11035416666666667,1.029593094944513,45,1.4982127949668589,0.7571224123075424,0.898212794966859,0.35804245896272646,0.9555555555555556,A,0.0005805157287500151
apartment,A,60,800,0.02,0.05,0.2,,11,0.3,0.2,2.0,20,0,0.5501302083333334,0.5337565104166668,0.8990885416666666,340.0,5.483333333333333,0.48333333333333334,56.41502385471225,0.11879166666666667,1.0292326431181487,46,1.6104335064978783,0.7542224325453529,1.0104335064978784,0.7161812503601189,0.9565217391304348,A,0.000575490000001082
apartment,A,60,800,0.02,0.05,0.2,,10,0.3,0.2,2.0,20,0,0.515625,0.4920247395833333,0.8899739583333334,320.0,5.85,0.5333333333333333,55.440487678743494,0.11577083333333334,1.036649214659686,43,1.608793768123821,0.6864323276913786,1.008793768123821,0.7323694679209279,0.9069767441860465,A,0.0006021938012486317
apartment,A,60,800,0.02,0.05,0.2,,13,0.3,0.2,2.0,20,0,0.552734375,0.5462565104166666,0.9049479166666666,280.0,4.483333333333333,0.36666666666666664,55.84221779604731,0.1115625,0.9198266522210183,43,1.4822659795634605,0.6943866523606316,0.8822659795634605,0.5467718106113767,0.9534883720930233,A,0.0005782668224992448
apartment,A,60,800,0.02,0.05,0.2,,12,0.3,0.2,2.0,20,0,0.576171875,0.5218749999999999,0.783203125,360.0,5.983333333333333,0.35,58.869939662496854,0.12589583333333335,1.2360335195530727,50,1.4801653624642284,0.6311528623995223,0.8801653624642286,0.3991307787549204,0.92,A,0.0006041824475005342
apartment,A,60,800,0.02,0.05,0.2,,14,0.3,0.2,2.0,20,0,0.5690104166666666,0.5326171875,0.9264322916666666,320.0,5.2,0.5333333333333333,54.74753225942577,0.1120625,1.036773428232503,47,1.4787439450339714,0.6633656790341488,0.8787439450339714,0.4554434281549614,0.9574468085106383,A,0.0006047558862496772
apartment,A,60,800,0.02,0.05,0.2,,15,0.3,0.2,2.0,20,0,0.5208333333333334,0.5096354166666668,0.8912760416666666,300.0,5.416666666666667,0.2833333333333333,55.77081314531998,0.10547916666666667,0.8771929824561404,43,1.5727521233581219,0.6526467505779574,0.9727521233581218,0.594531328446931,1.0,A,0.0005761370837490176
apartment,A,60,800,0.02,0.05,0.2,,16,0.3,0.2,2.0,20,0,0.634765625,0.5467447916666666,0.904296875,240.0,5.75,0.4666666666666667,59.0901409194379,0.13039583333333332,1.1775362318840579,53,1.3370360536663128,0.4719710860793866,0.7370360536663131,0.6303961697187418,0.9622641509433962,A,0.0005899815624979965
apartment,A,60,800,0.02,0.05,0.2,,17,0.3,0.2,2.0,20,0,0.5930989583333334,0.5776692708333335,0.9602864583333334,300.0,5.05,0.35,58.417725389497974,0.1175,1.048331415420023,47,1.4126459521687311,0.608891592507173,0.8126459521687316,0.546740930581226,0.9574468085106383,A,0.0005938679687483273
apartment,A,60,800,0.02,0.05,0.2,,18,0.3,0.2,2.0,20,0,0.6041666666666666,0.5273763020833333,0.873046875,160.0,5.416666666666667,0.5333333333333333,61.447798888511606,0.1201875,1.1289537712895377,51,1.6238649523394588,0.5981243059410587,1.023864952339459,0.589579303092372,0.9607843137254902,A,0.0006376606250000805
apartment,A,60,800,0.02,0.05,0.2,,22,0.3,0.2,2.0,20,0,0.5774739583333334,0.5205403645833334,0.833984375,360.0,5.2,0.4166666666666667,56.27824905154941,0.11991666666666667,1.0,43,1.6540531853958547,0.5586943130935919,1.0540531853958548,0.5793968913975364,0.9534883720930233,A,0.0005817330212494198
apartment,A,60,800,0.02,0.05,0.2,,19,0.3,0.2,2.0,20,0,0.5305989583333334,0.5184570312500001,0.8873697916666666,280.0,5.5,0.38333333333333336,56.70806872648132,0.12458333333333334,1.0074165636588381,47,1.5434172838339035,0.6867134511078088,0.9434172838339031,0.4977161596273273,1.0,A,0.0006331427087502561
apartment,A,60,800,0.02,0.05,0.2,,20,0.3,0.2,2.0,20,0,0.583984375,0.55732421875,0.9440104166666666,320.0,5.483333333333333,0.36666666666666664,58.03408233360369,0.13179166666666667,1.0653206650831353,52,1.2230917589174208,0.647080847053074,0.6230917589174209,0.26355424665657695,1.0,A,0.0006256897399998706
apartment,A,60,800,0.02,0.05,0.2,,21,0.3,0.2,2.0,20,0,0.6334635416666666,0.62578125,0.9609375,320.0,5.75,0.4666666666666667,62.60650271606625,0.12377083333333333,1.0969560315670799,55,1.4712831783792772,0.6608777276902625,0.8712831783792773,0.678962359155212,0.9272727272727272,A,0.0006449874999998428
apartment,A,60,800,0.02,0.05,0.2,,23,0.3,0.2,2.0,20,0,0.6354166666666666,0.5302408854166665,0.904296875,280.0,5.8,0.5166666666666667,59.61505585159675,0.126125,1.2401524777636594,50,1.459605890255865,0.5524323103764258,0.8596058902558652,0.6391493283168712,1.0,A,0.0006349919274998684
apartment,A,60,800,0.02,0.05,0.2,,25,0.3,0.2,2.0,20,0,0.4895833333333333,0.5442057291666667,0.849609375,320.0,4.983333333333333,0.3,58.45111587357675,0.1104375,0.8815943728018758,47,1.4720284135747455,0.6060296247808055,0.8720284135747455,0.6301343512170402,0.8723404255319149,A,0.0006346302599990849
apartment,A,60,800,0.02,0.05,0.2,,24,0.3,0.2,2.0,20,0,0.7037760416666666,0.6058919270833332,0.9720052083333334,280.0,5.516666666666667,0.5,61.3288927526149,0.12733333333333333,1.1905286343612334,55,1.4613396242013437,0.6480532300341151,0.861339624201344,0.5844368968767445,0.9272727272727272,A,0.0006783883862499352
apartment,A,60,800,0.02,0.05,0.2,,26,0.3,0.2,2.0,20,0,0.5904947916666666,0.5818033854166667,0.9440104166666666,300.0,5.533333333333333,0.5,60.70342156789607,0.12004166666666667,1.0318543799772468,51,1.2714080028893395,0.5322140586103689,0.6714080028893396,0.5364860736323965,0.9215686274509803,A,0.0007048821875014255
apartment,A,60,800,0.02,0.05,0.2,,27,0.3,0.2,2.0,20,0,0.5279947916666666,0.5107096354166667,0.8763020833333334,220.0,4.933333333333334,0.38333333333333336,56.95240378312617,0.1134375,0.9724220623501199,46,1.1778194710116592,0.5743206380292193,0.5778194710116591,0.2831301460587741,0.9130434782608695,A,0.0007017072387498046
apartment,A,60,800,0.02,0.05,0.2,,28,0.3,0.2,2.0,20,0,0.5638020833333334,0.5756510416666667,0.8971354166666666,340.0,4.966666666666667,0.4,58.255324142093045,0.11960416666666666,1.0058072009291523,50,1.431236409412644,0.7180466048412437,0.831236409412644,0.5022760478737797,0.88,A,0.0006895134900014454
apartment,A,60,800,0.02,0.05,0.4,,0,0.3,0.2,2.0,20,0,0.44140625,0.40849609375,0.921875,220.0,4.933333333333334,0.43333333333333335,45.59248030238775,0.11370833333333333,0.849624060150376,31,1.776120517554309,0.6206540398867512,1.176120517554309,0.7406994106943648,1.0,A,0.0006763986974988257
apartment,A,60,800,0.02,0.05,0.2,,29,0.3,0.2,2.0,20,0,0.53515625,0.5448567708333333,0.955078125,360.0,5.85,0.5,57.83840851531384,0.11008333333333334,0.845679012345679,45,1.4460717313230909,0.6526586442390058,0.8460717313230907,0.4522978653051474,0.9111111111111111,A,0.0006888704687503378
apartment,A,60,800,0.02,0.05,0.4,,1,0.3,0.2,2.0,20,0,0.5091145833333334,0.45680338541666676,0.896484375,220.0,4.683333333333334,0.21666666666666667,49.555525138766114,0.10864583333333333,0.8906605922551253,35,1.7626818104394726,0.5349409004325343,1.1626818104394725,0.9750422032955178,1.0,A,0.0006690685937496709
apartment,A,60,800,0.02,0.05,0.4,,2,0.3,0.2,2.0,20,0,0.5494791666666666,0.5274414062499999,0.9303385416666666,400.0,5.066666666666666,0.4,56.896091884976045,0.1124375,0.9483146067415729,46,1.3447229394450215,0.5416002365664365,0.7447229394450213,0.561937677440875,0.9565217391304348,A,0.0006896544787491621
apartment,A,60,800,0.02,0.05,0.4,,4,0.3,0.2,2.0,20,0,0.4381510416666667,0.4166666666666667,0.8828125,380.0,4.7,0.2833333333333333,47.16839469955824,0.10610416666666667,0.686734693877551,31,1.6488869867975777,0.5265597147016788,1.0488869867975776,1.0148707540632,1.0,A,0.0006678354162499999
apartment,A,60,800,0.02,0.05,0.4,,3,0.3,0.2,2.0,20,0,0.4947916666666667,0.4609700520833332,0.8541666666666666,320.0,5.483333333333333,0.45,55.10464307353659,0.12566666666666668,0.8207343412526997,43,1.5684348712906153,0.6650365834809182,0.9684348712906155,0.5882553970235803,0.9534883720930233,A,0.0006873577612509507
apartment,A,60,800,0.02,0.05,0.4,,5,0.3,0.2,2.0,20,0,0.505859375,0.4862955729166666,0.8645833333333334,280.0,4.55,0.5333333333333333,49.474175902522205,0.11897916666666666,1.042953020134228,39,1.5343872239453646,0.5901516987693034,0.9343872239453646,0.7535807500331521,0.9487179487179487,A,0.0007288385937499698
apartment,A,60,800,0.02,0.05,0.4,,6,0.3,0.2,2.0,20,0,0.4010416666666667,0.4107747395833333,0.9231770833333334,320.0,5.183333333333334,0.31666666666666665,45.77483010895882,0.11641666666666667,0.7719298245614036,32,1.6449916259500754,0.8066801530234637,1.0449916259500753,0.6471442659367374,0.9375,A,0.0006499103650003235
apartment,A,60,800,0.02,0.05,0.4,,9,0.3,0.2,2.0,20,0,0.373046875,0.40517578125,0.9407552083333334,280.0,4.616666666666666,0.3333333333333333,49.65606653734847,0.10147916666666666,0.7065351418002467,32,1.6906709232691366,0.6812727065761649,1.0906709232691367,0.7731164723969371,1.0,A,0.000654194843748428
apartment,A,60,800,0.02,0.05,0.4,,10,0.3,0.2,2.0,20,0,0.4296875,0.38922526041666666,0.880859375,320.0,5.166666666666667,0.48333333333333334,46.97792571712209,0.1025625,0.8638743455497383,29,1.9938101503909822,0.7424590537011387,1.3938101503909825,0.7145402786311065,0.9310344827586207,A,0.000646895677498378
apartment,A,60,800,0.02,0.05,0.4,,8,0.3,0.2,2.0,20,0,0.4485677083333333,0.4139973958333334,0.8795572916666666,280.0,4.516666666666667,0.48333333333333334,48.82732115365498,0.11245833333333333,0.8612499999999998,33,1.8500449346977532,0.5933115284645732,1.2500449346977531,0.9725897304699332,0.9393939393939394,A,0.0006616957287496916
apartment,A,60,800,0.02,0.05,0.4,,7,0.3,0.2,2.0,20,0,0.380859375,0.4171875,0.9348958333333334,360.0,3.8833333333333333,0.31666666666666665,48.601779374331386,0.09725,0.6024716786817713,34,1.6098086087327412,0.9414091145128356,1.0098086087327414,0.35928466281324195,1.0,A,0.0006817028649993517
apartment,A,60,800,0.02,0.05,0.4,,11,0.3,0.2,2.0,20,0,0.4602864583333333,0.4533854166666666,0.9368489583333334,340.0,4.9,0.4,49.00130085532796,0.10670833333333334,0.861144945188794,34,1.6620786011357562,0.6121360095234343,1.0620786011357564,0.748406077341597,1.0,A,0.0006655096875010713
apartment,A,60,800,0.02,0.05,0.4,,13,0.3,0.2,2.0,20,0,0.4986979166666667,0.49169921875,0.8841145833333334,280.0,4.433333333333334,0.26666666666666666,53.495788838005936,0.11089583333333333,0.8299024918743229,39,1.592337941954726,0.5809340903771459,0.9923379419547262,0.6928627426289072,0.8461538461538461,A,0.0006774908337501983
apartment,A,60,800,0.02,0.05,0.4,,12,0.3,0.2,2.0,20,0,0.5703125,0.4639322916666667,0.908203125,360.0,4.933333333333334,0.55,52.46109262440522,0.11402083333333334,1.223463687150838,39,1.9246297608201028,0.6794456190126358,1.3246297608201028,0.9432078729620411,0.9487179487179487,A,0.0006901460412495908
apartment,A,60,800,0.02,0.05,0.4,,14,0.3,0.2,2.0,20,0,0.5221354166666666,0.5069010416666666,0.8756510416666666,320.0,4.7,0.4166666666666667,53.64671471759755,0.107,0.9513641755634638,41,1.6108474900673124,0.6597555366352773,1.0108474900673123,0.6756944778063408,0.9024390243902439,A,0.0006997760937497333
apartment,A,60,800,0.02,0.05,0.4,,15,0.3,0.2,2.0,20,0,0.3828125,0.4157552083333334,0.8658854166666666,300.0,4.516666666666667,0.23333333333333334,47.82509635873534,0.09358333333333334,0.6447368421052632,29,1.8027864605455908,0.69204029759008,1.202786460545591,0.5931656147367524,0.9310344827586207,A,0.0006359433849979723
apartment,A,60,800,0.02,0.05,0.4,,17,0.3,0.2,2.0,20,0,0.5169270833333334,0.4525065104166667,0.935546875,300.0,4.583333333333333,0.3,49.54247051622756,0.1105,0.9136939010356732,33,1.967745449726429,0.4399411451145963,1.3677454497264292,1.441206288896248,1.0,A,0.0006354116149987021
apartment,A,60,800,0.02,0.05,0.4,,19,0.3,0.2,2.0,20,0,0.4459635416666667,0.42594401041666663,0.9186197916666666,280.0,4.933333333333334,0.36666666666666664,47.940064786884086,0.11020833333333334,0.8467243510506798,33,1.7929294889508607,0.6439238779917532,1.1929294889508606,1.027732461466028,1.0,A,0.0006379507812494012
apartment,A,60,800,0.02,0.05,0.4,,18,0.3,0.2,2.0,20,0,0.474609375,0.4611002604166667,0.8567708333333334,160.0,4.416666666666667,0.55,53.67881447713949,0.10495833333333333,0.8868613138686131,39,1.8338815048571881,0.6350610968641824,1.2338815048571876,0.8947943835489586,1.0,A,0.0006738956250001138
apartment,A,60,800,0.02,0.05,0.4,,16,0.3,0.2,2.0,20,0,0.564453125,0.4951497395833334,0.900390625,240.0,5.3,0.4,51.88135759835442,0.11608333333333333,1.0471014492753623,41,1.7918992428439333,0.5663976551783731,1.1918992428439332,0.9657656238308282,0.9512195121951219,A,0.0006840098962493358
apartment,A,60,800,0.02,0.05,0.4,,20,0.3,0.2,2.0,20,0,0.5696614583333334,0.5452799479166668,0.9016927083333334,320.0,5.083333333333333,0.35,56.344774396902004,0.12560416666666666,1.0391923990498813,46,1.3344116523731393,0.5492085227232689,0.7344116523731392,0.28707820826832775,0.9130434782608695,A,0.0006924317712491756
apartment,A,60,800,0.02,0.05,0.4,,22,0.3,0.2,2.0,20,0,0.4479166666666667,0.4378906249999999,0.8723958333333334,360.0,4.733333333333333,0.3333333333333333,49.229620734835294,0.11154166666666666,0.7756482525366404,32,1.8938037604270428,0.7269287456871678,1.2938037604270427,0.667305849377183,0.9375,A,0.000667317395000282
apartment,A,60,800,0.02,0.05,0.4,,21,0.3,0.2,2.0,20,0,0.5852864583333334,0.5857421875,0.9954427083333334,320.0,4.45,0.35,54.17473713190915,0.1066875,1.0135287485907554,43,1.6236558784883355,0.5713848985764625,1.0236558784883356,1.0231592214092067,0.9534883720930233,A,0.0006820023962495725
apartment,A,60,800,0.02,0.05,0.4,,23,0.3,0.2,2.0,20,0,0.5013020833333334,0.4753255208333334,0.9049479166666666,280.0,5.083333333333333,0.4166666666666667,50.92349441069512,0.1119375,0.9783989834815757,36,1.5678903570049358,0.6243765306904714,0.9678903570049362,0.6751071357348525,0.8333333333333334,A,0.000673409634998734
apartment,A,60,800,0.02,0.05,0.4,,24,0.3,0.2,2.0,20,0,0.5162760416666666,0.534765625,0.8990885416666666,280.0,4.833333333333333,0.4166666666666667,54.231536942542974,0.11479166666666667,0.8733480176211452,42,1.5705043757968826,0.6846765378431823,0.9705043757968825,0.4872003684876033,0.9523809523809523,A,0.0006552673437499834
apartment,A,60,800,0.02,0.05,0.4,,25,0.3,0.2,2.0,20,0,0.4876302083333333,0.4740234375,0.83984375,320.0,4.416666666666667,0.4166666666666667,51.980429417136776,0.0973125,0.8780773739742087,34,1.6966341978728194,0.6233508644829905,1.0966341978728191,0.590513862409833,1.0,A,0.0006428034900000057
apartment,A,60,800,0.02,0.05,0.4,,26,0.3,0.2,2.0,20,0,0.56640625,0.5406575520833333,0.9069010416666666,300.0,4.983333333333333,0.48333333333333334,54.66887731650935,0.11158333333333334,0.9897610921501706,42,1.5911635591687014,0.6279065103896306,0.9911635591687016,0.661902504704284,0.9523809523809523,A,0.0006512351037508779
apartment,A,60,800,0.02,0.05,0.4,,27,0.3,0.2,2.0,20,0,0.443359375,0.4228515625,0.892578125,220.0,4.216666666666667,0.36666666666666664,47.70748646015857,0.10116666666666667,0.8165467625899281,32,1.8726383900206098,0.7280157118558302,1.2726383900206097,0.5048946172236496,1.0,A,0.000655931458750274
apartment,A,60,800,0.02,0.05,0.4,,28,0.3,0.2,2.0,20,0,0.4342447916666667,0.4670247395833333,0.837890625,340.0,4.416666666666667,0.31666666666666665,53.14950058539795,0.11283333333333333,0.7746806039488967,40,1.3433571465582208,0.7720200463827477,0.7433571465582208,0.45116030773629745,0.875,A,0.0006504440100002284
apartment,A,60,800,0.02,0.05,0.4,,29,0.3,0.2,2.0,20,0,0.556640625,0.4862630208333333,0.91796875,360.0,4.966666666666667,0.48333333333333334,51.01160383936558,0.098375,0.8796296296296297,35,2.202845538582915,0.5364377223782093,1.6028455385829155,1.6618777481533948,1.0,A,0.0006360241662491717
apartment,A,60,800,0.02,0.05,0.6,,0,0.3,0.2,2.0,20,0,0.2701822916666667,0.26663411458333336,0.8125,220.0,4.416666666666667,0.38333333333333336,38.60723050534282,0.10704166666666666,0.5200501253132832,17,2.525592268435067,0.6189162283406325,1.9255922684350675,1.2229398789281523,1.0,A,0.0005420085937498698
apartment,A,60,800,0.02,0.05,0.6,,1,0.3,0.2,2.0,20,0,0.4231770833333333,0.3726888020833333,0.890625,220.0,4.1,0.18333333333333332,43.18851571470189,0.10020833333333333,0.7403189066059225,26,2.154117674942679,0.48333469307411675,1.5541176749426786,1.6203908739798027,1.0,A,0.0005623703125002067
apartment,A,60,800,0.02,0.05,0.6,,2,0.3,0.2,2.0,20,0,0.34765625,0.3495768229166667,0.9225260416666666,400.0,4.433333333333334,0.3333333333333333,44.071734554749014,0.09839583333333334,0.6,25,2.2506221588363213,0.6882429540885395,1.6506221588363215,1.066189171600898,1.0,A,0.0005345148962510394
apartment,A,60,800,0.02,0.05,0.6,,3,0.3,0.2,2.0,20,0,0.4466145833333333,0.4349283854166667,0.8802083333333334,320.0,4.816666666666666,0.4666666666666667,48.80015053349284,0.11275,0.7408207343412526,32,1.7724382372113112,0.7262120326459266,1.1724382372113111,0.428973031417218,1.0,A,0.0005468940099990504
apartment,A,60,800,0.02,0.05,0.6,,4,0.3,0.2,2.0,20,0,0.4192708333333333,0.3621744791666667,0.8919270833333334,380.0,4.2,0.26666666666666666,44.032386794884225,0.099375,0.657142857142857,24,2.347356300712683,0.5162901636335713,1.7473563007126833,1.184428212266996,1.0,A,0.0005446839575006379
apartment,A,60,800,0.02,0.05,0.6,,5,0.3,0.2,2.0,20,0,0.3151041666666667,0.34104817708333335,0.8411458333333334,280.0,4.283333333333333,0.5,42.53693409065033,0.11135416666666667,0.6496644295302013,26,1.5219650911255396,0.9005246728564801,0.9219650911255397,0.38295453563387355,1.0,A,0.0005501808849999179
apartment,A,60,800,0.02,0.05,0.6,,6,0.3,0.2,2.0,20,0,0.28125,0.2670247395833333,0.8639322916666666,320.0,4.8,0.25,38.44845516867307,0.10939583333333333,0.5413533834586466,20,2.7429838439653715,0.7047159787097116,2.1429838439653714,1.3655991556513263,1.0,A,0.000531092916248781
apartment,A,60,800,0.02,0.05,0.6,,7,0.3,0.2,2.0,20,0,0.388671875,0.36735026041666663,0.90234375,360.0,3.433333333333333,0.31666666666666665,45.900245482226644,0.09204166666666666,0.6148300720906282,28,2.091954313531078,0.7585847081232502,1.4919543135310778,0.5090645280562023,1.0,A,0.0005534959374995196
apartment,A,60,800,0.02,0.05,0.6,,9,0.3,0.2,2.0,20,0,0.2766927083333333,0.2899088541666667,0.9420572916666666,280.0,3.9833333333333334,0.2,40.30708243874273,0.09210416666666667,0.5240443896424167,18,2.5010889192779455,0.8087764823298565,1.9010889192779463,1.1390484738666797,0.8888888888888888,A,0.000511499011251999
apartment,A,60,800,0.02,0.05,0.6,,8,0.3,0.2,2.0,20,0,0.2688802083333333,0.2796223958333333,0.8365885416666666,280.0,3.8833333333333333,0.3333333333333333,40.0028993664602,0.10245833333333333,0.5162499999999999,20,2.096553544178897,0.9707592676133614,1.4965535441788969,0.6535862450036775,1.0,A,0.0005483995312488332
apartment,A,60,800,0.02,0.05,0.6,,10,0.3,0.2,2.0,20,0,0.3177083333333333,0.2923177083333333,0.7877604166666666,320.0,4.883333333333334,0.45,42.002895885044225,0.09727083333333333,0.6387434554973822,19,2.4550598721965398,0.5698506385766982,1.85505987219654,1.2262712230850186,1.0,A,0.0005454356762515999
apartment,A,60,800,0.02,0.05,0.6,,11,0.3,0.2,2.0,20,0,0.3860677083333333,0.3780924479166667,0.7981770833333334,340.0,4.516666666666667,0.4,44.23223003776275,0.10177083333333334,0.7222898903775882,25,2.1465160401779353,0.5794769480968457,1.5465160401779352,1.7303682152062922,1.0,A,0.0005704045312495509
apartment,A,60,800,0.02,0.05,0.6,,12,0.3,0.2,2.0,20,0,0.4609375,0.37041015625000007,0.8391927083333334,360.0,4.633333333333334,0.3,46.68375856471264,0.10735416666666667,0.9888268156424581,28,2.021317193310052,0.5585353970151954,1.4213171933100521,1.3570774852259644,1.0,A,0.0005897752612509066
apartment,A,60,800,0.02,0.05,0.6,,13,0.3,0.2,2.0,20,0,0.3606770833333333,0.38105468750000004,0.8697916666666666,280.0,3.7666666666666666,0.3,44.20787907461767,0.09891666666666667,0.6002166847237269,25,2.0693814612812416,0.6291681425520227,1.4693814612812413,0.9735196259637499,0.92,A,0.0005684437500008243
apartment,A,60,800,0.02,0.05,0.6,,14,0.3,0.2,2.0,20,0,0.4134114583333333,0.3939127604166667,0.8893229166666666,320.0,4.216666666666667,0.4166666666666667,44.279862308408866,0.09433333333333334,0.7532621589561092,26,2.435396851219504,0.5235310193619506,1.835396851219504,1.7085715918384514,1.0,A,0.0005551179687495278
apartment,A,60,800,0.02,0.05,0.6,,15,0.3,0.2,2.0,20,0,0.27734375,0.3143229166666667,0.8860677083333334,300.0,4.216666666666667,0.3,43.6027136532942,0.09102083333333333,0.46710526315789475,22,1.6860907971766905,0.8653089241362033,1.0860907971766907,0.3078054107615911,0.9090909090909091,A,0.0005794150512497254
apartment,A,60,800,0.02,0.05,0.6,,16,0.3,0.2,2.0,20,0,0.435546875,0.40494791666666663,0.873046875,240.0,4.783333333333333,0.3333333333333333,45.04622139475957,0.10652083333333333,0.8079710144927537,30,1.934441126946099,0.6743321680668456,1.3344411269460987,1.1122800535730428,0.9333333333333333,A,0.0006062453649997223
apartment,A,60,800,0.02,0.05,0.6,,17,0.3,0.2,2.0,20,0,0.3528645833333333,0.2987630208333333,0.9270833333333334,300.0,4.183333333333334,0.18333333333333332,40.69258190380125,0.101875,0.623705408515535,21,2.740271207635087,0.6803864937062839,2.1402712076350863,1.9282113259518314,1.0,A,0.0005951038537500608
apartment,A,60,800,0.02,0.05,0.6,,18,0.3,0.2,2.0,20,0,0.3515625,0.33616536458333335,0.7936197916666666,160.0,3.75,0.36666666666666664,44.04412835546987,0.09116666666666666,0.656934306569343,23,2.3319257361722534,0.7082500533938311,1.7319257361722538,1.3265545276241766,1.0,A,0.0005891829162487738
apartment,A,60,800,0.02,0.05,0.6,,19,0.3,0.2,2.0,20,0,0.3014322916666667,0.2942057291666667,0.900390625,280.0,4.416666666666667,0.2833333333333333,41.648327303792875,0.10454166666666667,0.5723114956736712,21,2.4007339398884207,0.6570573792399435,1.8007339398884208,1.7403271565526435,1.0,A,0.0005803514062495196
apartment,A,60,800,0.02,0.05,0.6,,20,0.3,0.2,2.0,20,0,0.4375,0.39401041666666664,0.921875,320.0,4.25,0.25,44.562947153895394,0.11022916666666667,0.7980997624703088,27,2.0476836011445276,0.6337202469629614,1.4476836011445275,1.296110956522185,1.0,A,0.0006504865624992817
apartment,A,60,800,0.02,0.05,0.6,,22,0.3,0.2,2.0,20,0,0.2903645833333333,0.27067057291666663,0.8151041666666666,360.0,4.266666666666667,0.25,38.96973755581565,0.10222916666666666,0.5028184892897406,18,2.355288524267891,0.6972235284940759,1.7552885242678913,0.8937757955165374,1.0,A,0.000605095207499744
apartment,A,60,800,0.02,0.05,0.6,,23,0.3,0.2,2.0,20,0,0.314453125,0.34990234375000007,0.890625,280.0,4.616666666666666,0.3,43.134039083908384,0.1028125,0.613722998729352,24,2.4090444480681463,0.6893817662836984,1.8090444480681462,1.0563635845542712,0.9166666666666666,A,0.0006046970825013886
apartment,A,60,800,0.02,0.05,0.6,,21,0.3,0.2,2.0,20,0,0.4075520833333333,0.38437499999999997,0.828125,320.0,4.25,0.2833333333333333,45.55896174522062,0.09991666666666667,0.7057497181510709,28,2.2478317609416174,0.6570971670828651,1.6478317609416173,1.3547972547883018,1.0,A,0.0006430216150010892
apartment,A,60,800,0.02,0.05,0.6,,24,0.3,0.2,2.0,20,0,0.3528645833333333,0.3816731770833333,0.9055989583333334,280.0,4.3,0.38333333333333336,44.98278976876159,0.10514583333333333,0.5969162995594713,26,1.925057748936278,0.6993815007866238,1.3250577489362778,0.8646809838373296,1.0,A,0.0006391285412496472
apartment,A,60,800,0.02,0.05,0.6,,25,0.3,0.2,2.0,20,0,0.33984375,0.3470703125,0.8391927083333334,320.0,3.8833333333333333,0.26666666666666666,43.044017057219165,0.08977083333333333,0.6119577960140681,23,1.7987774234769724,0.6581831328270202,1.1987774234769721,0.5842713248411714,1.0,A,0.0005990686974996606
apartment,A,60,800,0.02,0.05,0.6,,27,0.3,0.2,2.0,20,0,0.365234375,0.3330078125,0.8704427083333334,220.0,3.783333333333333,0.3,41.79823742709824,0.09316666666666666,0.6726618705035972,22,2.2683105832111603,0.5748295255007302,1.66831058321116,1.648874577827994,1.0,A,0.0006399808324999868
apartment,A,60,800,0.02,0.05,0.6,,26,0.3,0.2,2.0,20,0,0.4192708333333333,0.4238606770833334,0.8483072916666666,300.0,4.6,0.4666666666666667,48.32959219115565,0.10489583333333333,0.732650739476678,31,1.8095490730800874,0.5757943500899464,1.209549073080088,0.9536075584359428,1.0,A,0.0006427883337505591
apartment,A,60,800,0.02,0.05,0.6,,28,0.3,0.2,2.0,20,0,0.3671875,0.39469401041666663,0.822265625,340.0,4.05,0.31666666666666665,46.555948314391024,0.10477083333333333,0.6550522648083623,31,1.8823173838653269,0.8059887587756883,1.282317383865327,0.34616391137525415,1.0,A,0.0006613184375009951
apartment,A,60,800,0.02,0.05,0.6,,29,0.3,0.2,2.0,20,0,0.26171875,0.27392578125,0.92578125,360.0,4.433333333333334,0.2833333333333333,41.51446877809061,0.09091666666666667,0.41358024691358025,18,2.410531077212746,0.6794669380361404,1.8105310772127459,1.4571561335150456,1.0,A,0.0006105773437502649
rubble,A,60,800,0.02,0.05,0.0,,1,0.3,0.2,2.0,20,0,0.6166201117318436,0.5676326815642458,0.8680167597765364,580.0,5.216666666666667,1.0666666666666667,52.57157009478702,0.1320625,,60,1.3900210242578956,0.586207932563766,0.7900210242578954,0.45301585858340443,0.9666666666666667,A,0.0007213835937500334
rubble,A,60,800,0.02,0.05,0.0,,0,0.3,0.2,2.0,20,0,0.61731843575419,0.5885125698324021,0.8205307262569832,400.0,5.966666666666667,1.2,55.50355502748381,0.1455,,60,1.3662959940519366,0.5358063398901206,0.7662959940519367,0.6699179085989135,0.95,A,0.0007542891674984276
rubble,A,60,800,0.02,0.05,0.0,,2,0.3,0.2,2.0,20,0,0.61731843575419,0.5589734636871507,0.7939944134078212,540.0,5.933333333333334,1.0833333333333333,55.613209651817215,0.140625,,60,1.255620263983786,0.6446383309954727,0.6556202639837861,0.37181910840550186,0.9333333333333333,A,0.0007409545312498267
rubble,A,60,800,0.02,0.05,0.0,,3,0.3,0.2,2.0,20,0,0.6005586592178771,0.5715083798882681,0.8051675977653632,500.0,5.55,1.0666666666666667,56.757384446642,0.13470833333333335,,60,1.3792916218399578,0.7096764021665698,0.7792916218399579,0.6459913616010212,0.9333333333333333,A,0.0007493128124997383
rubble,A,60,800,0.02,0.05,0.0,,4,0.3,0.2,2.0,20,0,0.6585195530726257,0.6184706703910615,0.9490223463687151,560.0,6.133333333333334,0.8666666666666667,53.654075389224865,0.15914583333333332,,60,1.248137175305361,0.6055588514821807,0.6481371753053611,0.3505530543166071,0.9333333333333333,A,0.000745977656249579
rubble,A,60,800,0.02,0.05,0.0,,6,0.3,0.2,2.0,20,0,0.6005586592178771,0.5739874301675977,0.8596368715083799,540.0,6.316666666666666,1.5333333333333334,56.17579422811163,0.16170833333333334,,60,1.3867580642771986,0.9097848207782967,0.7867580642771989,0.47153910731091464,0.9666666666666667,A,0.0007291939587480556
rubble,A,60,800,0.02,0.05,0.0,,5,0.3,0.2,2.0,20,0,0.5949720670391061,0.5693086592178771,0.9210893854748603,420.0,5.9,1.2833333333333334,53.81584370671381,0.16504166666666667,,60,1.3447367658066074,0.552189018542079,0.7447367658066073,0.6240165473972356,0.9,A,0.0007489641662505165
rubble,A,60,800,0.02,0.05,0.0,,7,0.3,0.2,2.0,20,0,0.6333798882681564,0.5915153631284916,0.8645251396648045,600.0,5.75,1.1,53.41973980234942,0.15570833333333334,,60,1.3478298317265995,0.5907015775086996,0.7478298317265996,0.43464130591306627,1.0,A,0.0007617064062515055
rubble,A,60,800,0.02,0.05,0.0,,8,0.3,0.2,2.0,20,0,0.6082402234636871,0.5899790502793294,0.9420391061452514,480.0,5.733333333333333,1.3333333333333333,54.95413891994009,0.14852083333333332,,60,1.3179315951668238,0.6202410972548246,0.717931595166824,0.4098887997292179,0.9666666666666667,A,0.0007633737500009375
rubble,A,60,800,0.02,0.05,0.0,,9,0.3,0.2,2.0,20,0,0.6222067039106145,0.5632681564245811,0.8170391061452514,540.0,6.033333333333333,1.2,57.32022260027625,0.14008333333333334,,60,1.2939359248822335,0.500479369715777,0.6939359248822335,0.49301957266694385,0.9666666666666667,A,0.0007269670837513331
rubble,A,60,800,0.02,0.05,0.0,,10,0.3,0.2,2.0,20,0,0.5949720670391061,0.6013966480446926,0.869413407821229,480.0,5.766666666666667,1.3666666666666667,56.708278563378,0.142625,,60,1.33256114011881,0.670316832309595,0.7325611401188101,0.4562542578156865,0.9666666666666667,A,0.00072710104125008
rubble,A,60,800,0.02,0.05,0.0,,11,0.3,0.2,2.0,20,0,0.6033519553072626,0.5408868715083799,0.8421787709497207,620.0,6.1,1.2666666666666666,55.171666664850804,0.15995833333333334,,60,1.3290363322622545,0.6204045173438554,0.7290363322622542,0.5596540995980658,0.9666666666666667,A,0.000721980051250739
rubble,A,60,800,0.02,0.05,0.0,,13,0.3,0.2,2.0,20,0,0.6229050279329609,0.6000349162011173,0.9587988826815642,560.0,5.716666666666667,1.4333333333333333,54.798331764684576,0.15639583333333335,,60,1.3618268095807202,0.6152346601604429,0.7618268095807204,0.42556747375518633,0.9333333333333333,A,0.0007171132300004501
rubble,A,60,800,0.02,0.05,0.0,,12,0.3,0.2,2.0,20,0,0.590782122905028,0.5531424581005586,0.7835195530726257,580.0,5.783333333333333,1.1,55.05545720108319,0.1373125,,60,1.5170496220337062,0.7522471476848523,0.9170496220337061,0.4214037021974484,0.9333333333333333,A,0.0007327704175008876
rubble,A,60,800,0.02,0.05,0.0,,15,0.3,0.2,2.0,20,0,0.5691340782122905,0.565013966480447,0.7695530726256983,400.0,6.2,1.25,56.682370239882054,0.16172916666666667,,60,1.0618537051636805,0.4294157986335714,0.4618537051636805,0.3902527645617454,1.0,A,0.0007470320312495459
rubble,A,60,800,0.02,0.05,0.0,,14,0.3,0.2,2.0,20,0,0.5900837988826816,0.5501745810055866,0.821927374301676,600.0,6.466666666666667,1.2833333333333334,55.91791821510227,0.1795625,,60,1.3738086789109514,0.6891947197347372,0.7738086789109513,0.5886621076703928,0.9666666666666667,A,0.0007699745824993442
rubble,A,60,800,0.02,0.05,0.0,,16,0.3,0.2,2.0,20,0,0.5712290502793296,0.5359986033519554,0.6829608938547486,520.0,6.316666666666666,1.25,53.9524885974309,0.17083333333333334,,60,1.3520756058961665,0.6624373001627427,0.7520756058961665,0.4518978298949844,0.9333333333333333,A,0.000729760259998784
rubble,A,60,800,0.02,0.05,0.0,,17,0.3,0.2,2.0,20,0,0.5509776536312849,0.5672486033519554,0.9210893854748603,640.0,6.166666666666667,1.5,55.472690453407104,0.1558125,,60,1.32339873069976,0.7254996510401116,0.72339873069976,0.4837179784711424,0.8666666666666667,A,0.0007231162500011124
rubble,A,60,800,0.02,0.05,0.0,,18,0.3,0.2,2.0,20,0,0.5824022346368715,0.5872555865921788,0.880586592178771,440.0,6.533333333333333,1.1666666666666667,54.513478267697025,0.17058333333333334,,60,1.3204778407968936,0.5542226268081145,0.7204778407968935,0.5644677728720741,0.9333333333333333,A,0.0006929978125003799
rubble,A,60,800,0.02,0.05,0.0,,19,0.3,0.2,2.0,20,0,0.6599162011173184,0.6070530726256983,0.9371508379888268,440.0,5.633333333333334,1.2833333333333334,54.09739979895245,0.15077083333333333,,60,1.441818456734548,0.6860522964297846,0.8418184567345482,0.4470662753118383,0.9666666666666667,A,0.0006746761975000481
rubble,A,60,800,0.02,0.05,0.0,,20,0.3,0.2,2.0,20,0,0.6005586592178771,0.5494064245810056,0.848463687150838,360.0,6.35,1.1166666666666667,54.059721158180054,0.172125,,60,1.3863740408406342,0.5303218264051998,0.7863740408406338,0.7040944221310746,0.9333333333333333,A,0.0006813248437492803
rubble,A,60,800,0.02,0.05,0.0,,21,0.3,0.2,2.0,20,0,0.6026536312849162,0.5839385474860335,0.9050279329608939,480.0,6.666666666666667,1.25,55.67738834119455,0.17633333333333334,,60,1.3746331093741528,0.6825926931365467,0.7746331093741528,0.3759859577674679,0.9333333333333333,A,0.000662592916248741
rubble,A,60,800,0.02,0.05,0.0,,22,0.3,0.2,2.0,20,0,0.6815642458100558,0.610963687150838,0.9050279329608939,640.0,5.833333333333333,1.3833333333333333,57.17287387443543,0.14529166666666668,,60,1.3789666978284174,0.7072145431539075,0.7789666978284174,0.4427904891213058,1.0,A,0.0006773876037505034
rubble,A,60,800,0.02,0.05,0.0,,24,0.3,0.2,2.0,20,0,0.6082402234636871,0.5727653631284916,0.8107541899441341,520.0,6.35,1.3333333333333333,55.382152742555704,0.16727083333333334,,60,1.4613515482978376,0.8102099349505406,0.861351548297838,0.5523124893940629,0.9333333333333333,A,0.0006412862500019401
rubble,A,60,800,0.02,0.05,0.0,,23,0.3,0.2,2.0,20,0,0.6710893854748603,0.5793296089385477,0.8547486033519553,680.0,6.333333333333333,1.2166666666666666,55.640090500544794,0.159375,,60,1.4798500179420686,0.5554863706327267,0.8798500179420684,0.654479509414221,1.0,A,0.000659672239999054
rubble,A,60,800,0.02,0.05,0.0,,25,0.3,0.2,2.0,20,0,0.598463687150838,0.585300279329609,0.8435754189944135,500.0,5.916666666666667,1.0,52.69743268320563,0.1735,,60,1.2542896921106212,0.7266972199610524,0.654289692110621,0.40616347423638877,1.0,A,0.0006387500524988355
rubble,A,60,800,0.02,0.05,0.0,,26,0.3,0.2,2.0,20,0,0.6298882681564246,0.5761871508379888,0.8365921787709497,600.0,5.516666666666667,1.0833333333333333,53.252487465949486,0.13558333333333333,,60,1.2082520975650783,0.5157269527056056,0.6082520975650778,0.4833145545262091,0.9333333333333333,A,0.0006063374475002093
rubble,A,60,800,0.02,0.05,0.0,,28,0.3,0.2,2.0,20,0,0.571927374301676,0.5551326815642458,0.8358938547486033,380.0,5.983333333333333,1.35,55.19072730095761,0.16564583333333333,,60,1.4759681183826343,0.8242526701331818,0.8759681183826346,0.49402376173885176,0.9666666666666667,A,0.0006061267699988093
rubble,A,60,800,0.02,0.05,0.0,,27,0.3,0.2,2.0,20,0,0.6236033519553073,0.5574720670391061,0.8317039106145251,620.0,6.1,1.5166666666666666,56.151793271817304,0.15141666666666667,,60,1.362715039829663,0.6537379527001606,0.762715039829663,0.40891755056683593,0.9333333333333333,A,0.0006114316674984366
rubble,A,60,800,0.02,0.05,0.0,,29,0.3,0.2,2.0,20,0,0.6361731843575419,0.5957402234636872,0.9141061452513967,600.0,5.383333333333334,1.3,54.586140157095066,0.1551875,,60,1.3884824772455964,0.6909675485235912,0.7884824772455968,0.6200439414046782,0.9666666666666667,A,0.0006154702599997108
rubble,A,60,800,0.02,0.05,0.2,,0,0.3,0.2,2.0,20,0,0.5509776536312849,0.5492667597765364,0.8659217877094972,340.0,5.15,1.0666666666666667,50.53218396014361,0.13158333333333333,0.9282352941176469,48,1.3593232688451693,0.5851235731956712,0.7593232688451698,0.5105142486706187,0.875,A,0.000588433437499134
rubble,A,60,800,0.02,0.05,0.2,,1,0.3,0.2,2.0,20,0,0.4657821229050279,0.4986382681564246,0.8240223463687151,260.0,4.55,1.1333333333333333,47.13999577747784,0.11454166666666667,0.8730366492146597,46,1.339666087727251,0.5327949988890265,0.7396660877272511,0.4439586015230401,0.9565217391304348,A,0.0005878333337500408
rubble,A,60,800,0.02,0.05,0.2,,2,0.3,0.2,2.0,20,0,0.5600558659217877,0.5387569832402235,0.8372905027932961,220.0,4.45,1.1,48.42530342703996,0.1199375,1.0580474934036939,48,1.591843209747432,0.7390950613203077,0.991843209747432,0.5166475287923662,0.9583333333333334,A,0.0005930235937512407
rubble,A,60,800,0.02,0.05,0.2,,3,0.3,0.2,2.0,20,0,0.5418994413407822,0.5044692737430168,0.8100558659217877,320.0,4.966666666666667,1.1,50.61059845092793,0.12452083333333333,1.0291777188328912,49,1.7086307554910622,0.7887101798044482,1.1086307554910622,0.5674160952471147,1.0,A,0.0005900281775006989
rubble,A,60,800,0.02,0.05,0.2,,4,0.3,0.2,2.0,20,0,0.5279329608938548,0.5055516759776537,0.8708100558659218,280.0,5.783333333333333,0.9333333333333333,46.398390911415014,0.151625,0.9692307692307693,45,1.5600598619784403,0.6911961948907569,0.9600598619784401,0.6120793598707343,0.9555555555555556,A,0.0005823374999999941
rubble,A,60,800,0.02,0.05,0.2,,5,0.3,0.2,2.0,20,0,0.5097765363128491,0.5108240223463687,0.7346368715083799,280.0,5.566666666666666,1.3833333333333333,51.343233149689546,0.157125,0.9468223086900129,51,1.4133264136171013,0.7851595275541837,0.8133264136171011,0.5231103115301717,0.9607843137254902,A,0.0006321995312487161
rubble,A,60,800,0.02,0.05,0.2,,7,0.3,0.2,2.0,20,0,0.5460893854748603,0.5193784916201117,0.7465083798882681,320.0,5.366666666666666,1.1,48.5591582942963,0.14872916666666666,1.0129533678756475,50,1.372829381616195,0.6608294821827266,0.7728293816161947,0.4326554227434821,0.92,A,0.0006569306774986217
rubble,A,60,800,0.02,0.05,0.2,,8,0.3,0.2,2.0,20,0,0.5789106145251397,0.5522346368715084,0.9266759776536313,280.0,5.25,1.2166666666666666,48.45658134525674,0.134125,1.0836601307189544,47,1.488577995632159,0.5749931656752527,0.8885779956321591,0.6357962465171351,1.0,A,0.0006547288549995755
rubble,A,60,800,0.02,0.05,0.2,,6,0.3,0.2,2.0,20,0,0.5314245810055865,0.48809357541899434,0.8065642458100558,220.0,5.566666666666666,1.2833333333333334,51.62096758373879,0.15645833333333334,1.1358208955223879,50,1.2706785322071366,0.38110870889059206,0.6706785322071365,0.6508144382550973,0.92,A,0.0006808036987513333
rubble,A,60,800,0.02,0.05,0.2,,9,0.3,0.2,2.0,20,0,0.5439944134078212,0.5021298882681564,0.7828212290502793,220.0,5.566666666666666,1.3666666666666667,50.348745210433364,0.12770833333333334,1.1289855072463766,47,1.574654723537488,0.7460366920216523,0.974654723537488,0.4498255330631947,0.9148936170212766,A,0.0006568256250011473
rubble,A,60,800,0.02,0.05,0.2,,10,0.3,0.2,2.0,20,0,0.5977653631284916,0.5252793296089385,0.9106145251396648,300.0,5.233333333333333,1.05,48.167681149655635,0.12658333333333333,1.064676616915423,46,1.4070024475000915,0.5098756873972334,0.8070024475000913,0.4827706115154894,1.0,A,0.0006768403649994071
rubble,A,60,800,0.02,0.05,0.2,,11,0.3,0.2,2.0,20,0,0.5356145251396648,0.4940991620111731,0.7723463687150838,260.0,5.9,1.35,50.828690576353885,0.15004166666666666,1.1362962962962961,52,1.3041292406942195,0.7038471119039994,0.7041292406942197,0.3354863695847123,0.9230769230769231,A,0.0006709690100001353
rubble,A,60,800,0.02,0.05,0.2,,12,0.3,0.2,2.0,20,0,0.5579608938547486,0.4927374301675977,0.7465083798882681,340.0,5.216666666666667,0.9666666666666667,49.04970949601921,0.12708333333333333,1.0610889774236387,47,1.6665985722970957,0.7099490272090365,1.0665985722970956,0.93321953740378,0.9574468085106383,A,0.0006738170825019552
rubble,A,60,800,0.02,0.05,0.2,,13,0.3,0.2,2.0,20,0,0.5670391061452514,0.525209497206704,0.8519553072625698,360.0,5.35,1.2166666666666666,48.93797213255903,0.14577083333333332,1.0884718498659518,49,1.52681964861717,0.5586213830278977,0.9268196486171699,0.8594696804242404,1.0,A,0.0007417220312504469
rubble,A,60,800,0.02,0.05,0.2,,14,0.3,0.2,2.0,20,0,0.5467877094972067,0.5305516759776535,0.8107541899441341,300.0,5.7,1.1833333333333333,49.518223976779694,0.16210416666666666,1.1028169014084506,48,1.3883434887073236,0.5165738324575377,0.7883434887073234,0.5440700564621758,1.0,A,0.0007038806774994555
rubble,A,60,800,0.02,0.05,0.2,,15,0.3,0.2,2.0,20,0,0.6277932960893855,0.5660265363128492,0.8344972067039106,280.0,5.383333333333334,1.2,52.96357610179891,0.15214583333333334,1.157014157014157,54,1.5698278889982593,0.577714385583,0.9698278889982593,0.5967699422496524,0.9629629629629629,A,0.0006835565625010531
rubble,A,60,800,0.02,0.05,0.2,,16,0.3,0.2,2.0,20,0,0.5013966480446927,0.46735335195530725,0.7960893854748603,260.0,5.283333333333333,0.9666666666666667,45.49184447929949,0.15264583333333334,1.1324921135646688,46,1.3479325522361043,0.7110304249814723,0.7479325522361043,0.40151238247784776,0.9565217391304348,A,0.0006958700525001404
rubble,A,60,800,0.02,0.05,0.2,,17,0.3,0.2,2.0,20,0,0.5593575418994413,0.5193435754189945,0.8666201117318436,260.0,5.316666666666666,1.1166666666666667,50.177407588480555,0.14170833333333333,1.1762114537444934,49,1.5904749295347995,0.7051254811795753,0.9904749295348001,0.5172165623042547,1.0,A,0.000709907135001231
rubble,A,60,800,0.02,0.05,0.2,,18,0.3,0.2,2.0,20,0,0.5516759776536313,0.567213687150838,0.8896648044692738,280.0,5.35,1.2,47.75215907457708,0.15352083333333333,1.0313315926892952,47,1.4758125038423837,0.6665144771966007,0.8758125038423835,0.6217166551224896,0.9574468085106383,A,0.0007183050524986357
rubble,A,60,800,0.02,0.05,0.2,,19,0.3,0.2,2.0,20,0,0.5991620111731844,0.5361382681564246,0.8491620111731844,280.0,5.166666666666667,1.1833333333333333,48.8372347446772,0.13910416666666667,1.0833333333333333,47,1.56698769380536,0.5482802792479649,0.9669876938053598,0.7332329245619397,0.9574468085106383,A,0.0007069742700014103
rubble,A,60,800,0.02,0.05,0.2,,20,0.3,0.2,2.0,20,0,0.5495810055865922,0.5278980446927376,0.8896648044692738,320.0,5.816666666666666,1.1333333333333333,48.983379383548346,0.1545625,1.0722070844686649,47,1.5204350997008536,0.6468158747577414,0.9204350997008538,0.5493097173991687,1.0,A,0.0006994099487519634
rubble,A,60,800,0.02,0.05,0.2,,21,0.3,0.2,2.0,20,0,0.5481843575418994,0.5340782122905028,0.8198324022346368,400.0,5.55,1.1,47.67430191383402,0.154125,0.9655596555965559,45,1.7450217953191696,0.8452685552653314,1.145021795319169,0.6989889917419111,0.9555555555555556,A,0.0006911106250004196
rubble,A,60,800,0.02,0.05,0.2,,22,0.3,0.2,2.0,20,0,0.5607541899441341,0.5153282122905029,0.7814245810055865,320.0,5.05,1.2833333333333334,47.439363328967474,0.13004166666666667,1.026854219948849,45,1.5456653671110656,0.8215097868524702,0.9456653671110656,0.6375374545597242,1.0,A,0.0006861984887495964
rubble,A,60,800,0.02,0.05,0.2,,23,0.3,0.2,2.0,20,0,0.5942737430167597,0.5283868715083798,0.8722067039106145,320.0,5.866666666666666,1.0666666666666667,51.014630425882515,0.14822916666666666,1.2174535050071529,50,1.5007959232629955,0.6815317119729953,0.9007959232629952,0.5333553815482085,1.0,A,0.0007010959887497847
rubble,A,60,800,0.02,0.05,0.2,,24,0.3,0.2,2.0,20,0,0.5048882681564246,0.5097765363128491,0.7660614525139665,220.0,5.35,1.3,47.06384073651529,0.14658333333333334,0.991769547325103,45,1.5306192850023659,0.740698005509255,0.9306192850023656,0.44417906974499954,1.0,A,0.0006757370312493549
rubble,A,60,800,0.02,0.05,0.2,,25,0.3,0.2,2.0,20,0,0.5097765363128491,0.5156424581005586,0.7884078212290503,260.0,4.916666666666667,0.9333333333333333,43.081142580313745,0.148125,0.9959072305593452,43,1.5605876605543505,0.6601526716226286,0.9605876605543505,0.5591759572552862,1.0,A,0.0006789747924995027
rubble,A,60,800,0.02,0.05,0.2,,26,0.3,0.2,2.0,20,0,0.5761173184357542,0.5177025139664805,0.8128491620111732,260.0,5.083333333333333,1.2166666666666666,47.827109463077754,0.12591666666666668,1.2043795620437958,48,1.3444497055461488,0.4203719313064067,0.744449705546149,0.6441497196760425,1.0,A,0.0006941981775003115
rubble,A,60,800,0.02,0.05,0.2,,28,0.3,0.2,2.0,20,0,0.6236033519553073,0.5317388268156424,0.8317039106145251,300.0,5.15,1.0666666666666667,48.22126798408012,0.14522916666666666,1.2067567567567568,46,1.662239803786279,0.5641061694617829,1.062239803786279,0.8670124428714494,1.0,A,0.0006704325000009703
rubble,A,60,800,0.02,0.05,0.2,,27,0.3,0.2,2.0,20,0,0.5977653631284916,0.4911662011173184,0.7730446927374302,260.0,5.183333333333334,1.55,49.371224478728884,0.13133333333333333,1.2228571428571429,46,1.695642385741146,0.494990241876584,1.095642385741146,0.8757781207974232,0.9130434782608695,A,0.0007145841662509156
rubble,A,60,800,0.02,0.05,0.4,,0,0.3,0.2,2.0,20,0,0.49022346368715086,0.4819832402234637,0.8812849162011173,340.0,4.45,1.0,43.346299778555085,0.1189375,0.8258823529411764,37,1.6357408936117082,0.5662109825332692,1.0357408936117078,0.7051319310181109,1.0,A,0.0006671758850006882
rubble,A,60,800,0.02,0.05,0.2,,29,0.3,0.2,2.0,20,0,0.5712290502793296,0.5420740223463688,0.8212290502793296,320.0,5.333333333333333,1.3,50.634962084373925,0.14116666666666666,1.0651041666666665,49,1.5297760936884428,0.5692929855841822,0.9297760936884428,0.7667495545575961,0.9591836734693877,A,0.0007119701562510272
rubble,A,60,800,0.02,0.05,0.4,,1,0.3,0.2,2.0,20,0,0.4378491620111732,0.4266759776536313,0.8163407821229051,260.0,4.35,0.7666666666666667,41.71578623305603,0.10579166666666667,0.8206806282722514,36,1.4464364380573285,0.64921416622494,0.8464364380573285,0.6019585478506524,1.0,A,0.0006493519274999926
rubble,A,60,800,0.02,0.05,0.4,,2,0.3,0.2,2.0,20,0,0.526536312849162,0.4574720670391062,0.8156424581005587,220.0,4.3,0.75,44.38091047946153,0.11447916666666667,0.9947229551451187,40,2.0367781750891294,0.7013979720627628,1.4367781750891293,1.0893319023289982,0.95,A,0.0006625035425008719
rubble,A,60,800,0.02,0.05,0.4,,4,0.3,0.2,2.0,20,0,0.44972067039106145,0.42650139664804454,0.848463687150838,280.0,5.133333333333334,0.6333333333333333,39.99203605890617,0.13608333333333333,0.8256410256410257,33,2.0956252263192865,0.5622641888788869,1.4956252263192866,0.9216145481459671,1.0,A,0.0006625645312510642
rubble,A,60,800,0.02,0.05,0.4,,3,0.3,0.2,2.0,20,0,0.513268156424581,0.4696927374301677,0.8435754189944135,320.0,4.333333333333333,0.8833333333333333,43.89215060844388,0.1088125,0.9748010610079575,36,1.706374773012292,0.5921969299379084,1.1063747730122921,0.9952199964420618,0.9444444444444444,A,0.0006937127612513905
rubble,A,60,800,0.02,0.05,0.4,,5,0.3,0.2,2.0,20,0,0.4727653631284916,0.47946927374301673,0.8079608938547486,280.0,5.066666666666666,1.1333333333333333,46.18952930563818,0.144625,0.8780804150453956,39,1.4040951108095252,0.7810591963655755,0.8040951108095253,0.6103211435997496,0.9487179487179487,A,0.000685590156251692
rubble,A,60,800,0.02,0.05,0.4,,6,0.3,0.2,2.0,20,0,0.4727653631284916,0.4340432960893855,0.8002793296089385,220.0,5.1,1.1666666666666667,44.02306081568153,0.13866666666666666,1.01044776119403,37,1.477941725781937,1.029150902262434,0.877941725781937,0.5542271086703571,1.0,A,0.0006790731775004133
rubble,A,60,800,0.02,0.05,0.4,,7,0.3,0.2,2.0,20,0,0.5,0.49759078212290503,0.8708100558659218,320.0,4.833333333333333,0.9833333333333333,43.94751150312002,0.13489583333333333,0.927461139896373,40,1.6113119638914513,0.6553128869937426,1.0113119638914514,0.5700104675565038,0.95,A,0.0007123459887520767
rubble,A,60,800,0.02,0.05,0.4,,8,0.3,0.2,2.0,20,0,0.5481843575418994,0.49186452513966483,0.922486033519553,280.0,5.066666666666666,0.9666666666666667,44.64413588966001,0.12558333333333332,1.0261437908496733,38,1.8449073925958774,0.4488425313996712,1.2449073925958778,1.2468642082928312,0.8947368421052632,A,0.0006673443749991748
rubble,A,60,800,0.02,0.05,0.4,,9,0.3,0.2,2.0,20,0,0.4504189944134078,0.42248603351955316,0.8512569832402235,220.0,4.716666666666667,1.0833333333333333,43.47931552027793,0.1155625,0.9347826086956522,35,1.6215433924718619,0.9647880018292186,1.0215433924718615,0.482083360318759,0.9428571428571428,A,0.0006839313537489034
rubble,A,60,800,0.02,0.05,0.4,,10,0.3,0.2,2.0,20,0,0.5691340782122905,0.5171089385474861,0.8016759776536313,300.0,4.833333333333333,0.9666666666666667,47.072662214796466,0.1223125,1.013681592039801,42,1.5817648509438542,0.5398057063836038,0.9817648509438541,0.6554015093627903,1.0,A,0.0006881753125003343
rubble,A,60,800,0.02,0.05,0.4,,11,0.3,0.2,2.0,20,0,0.4979050279329609,0.45118715083798877,0.7786312849162011,260.0,5.283333333333333,1.3,46.51647514953425,0.13754166666666667,1.0562962962962963,40,1.67632619347137,0.9162316828781383,1.07632619347137,0.7596332987306648,0.9,A,0.0006273351562481366
rubble,A,60,800,0.02,0.05,0.4,,12,0.3,0.2,2.0,20,0,0.4441340782122905,0.43812849162011175,0.8023743016759777,340.0,4.716666666666667,0.95,43.51354210345474,0.110375,0.8446215139442231,35,1.829943646097427,0.8036082904559175,1.2299436460974271,0.6799457776236372,1.0,A,0.0005838814575008655
rubble,A,60,800,0.02,0.05,0.4,,13,0.3,0.2,2.0,20,0,0.5244413407821229,0.5167946927374303,0.9071229050279329,360.0,4.666666666666667,1.0666666666666667,44.14181508648869,0.13197916666666668,1.0067024128686328,39,1.50196409432742,0.7180047956287499,0.9019640943274195,0.3333643940189165,0.9487179487179487,A,0.0005790793750020385
rubble,A,60,800,0.02,0.05,0.4,,14,0.3,0.2,2.0,20,0,0.4818435754189944,0.4721019553072625,0.8847765363128491,300.0,5.166666666666667,0.8833333333333333,43.3687505678633,0.14964583333333334,0.9718309859154929,38,1.6765783389759241,0.6800536944416886,1.0765783389759243,0.8296583500722922,0.9473684210526315,A,0.0005954163012506797
rubble,A,60,800,0.02,0.05,0.4,,15,0.3,0.2,2.0,20,0,0.5146648044692738,0.4873952513966479,0.7206703910614525,280.0,4.933333333333334,1.1166666666666667,45.546545529524096,0.13889583333333333,0.9485199485199485,41,1.3791533549129942,0.46280826031351663,0.7791533549129941,0.6057044380755993,1.0,A,0.0006183314062514
rubble,A,60,800,0.02,0.05,0.4,,16,0.3,0.2,2.0,20,0,0.42877094972067037,0.4244762569832402,0.8037709497206704,260.0,4.616666666666666,0.8333333333333334,40.274437353051084,0.13747916666666668,0.9684542586750788,33,1.8097749354277481,0.8170086831379517,1.209774935427748,0.7632005400617722,0.9393939393939394,A,0.0005719139587495192
rubble,A,60,800,0.02,0.05,0.4,,17,0.3,0.2,2.0,20,0,0.420391061452514,0.4107192737430168,0.8428770949720671,260.0,5.133333333333334,0.9833333333333333,46.33921290766304,0.13554166666666667,0.8839941262848752,37,1.6021197066015562,0.6107382466288998,1.0021197066015564,0.6516097759137524,1.0,A,0.0006108527599985791
rubble,A,60,800,0.02,0.05,0.4,,18,0.3,0.2,2.0,20,0,0.4958100558659218,0.48523044692737427,0.8652234636871509,280.0,5.1,0.9166666666666666,44.09661905906021,0.14772916666666666,0.926892950391645,37,1.7342856720222912,0.6526023810309581,1.1342856720222914,0.7531567577748158,1.0,A,0.0005678242187514115
rubble,A,60,800,0.02,0.05,0.4,,19,0.3,0.2,2.0,20,0,0.4818435754189944,0.44860335195530715,0.8261173184357542,280.0,4.35,0.9833333333333333,41.46826745475529,0.12310416666666667,0.8712121212121212,33,2.121877317434317,0.4526280854888098,1.521877317434317,1.475166651499336,1.0,A,0.0005698335937495358
rubble,A,60,800,0.02,0.05,0.4,,20,0.3,0.2,2.0,20,0,0.46019553072625696,0.4481494413407822,0.8421787709497207,320.0,5.016666666666667,0.85,43.12878655107216,0.14216666666666666,0.8978201634877384,36,1.8248815729161214,0.6690815531792603,1.2248815729161213,0.9236746630575755,1.0,A,0.0005963722399997095
rubble,A,60,800,0.02,0.05,0.4,,21,0.3,0.2,2.0,20,0,0.46997206703910616,0.4434008379888269,0.8268156424581006,400.0,4.883333333333334,0.9333333333333333,42.618115720026545,0.1451875,0.8277982779827798,34,1.8138441710985538,0.6990178745683517,1.213844171098554,0.8231738472538881,0.8823529411764706,A,0.0005504260412499207
rubble,A,60,800,0.02,0.05,0.4,,22,0.3,0.2,2.0,20,0,0.43435754189944137,0.4225209497206704,0.8072625698324022,320.0,4.783333333333333,1.0833333333333333,43.14997428341408,0.1235,0.7953964194373403,35,1.578789360139506,0.9412505706453815,0.9787893601395059,0.479647815236386,0.9428571428571428,A,0.0006004607287491126
rubble,A,60,800,0.02,0.05,0.4,,23,0.3,0.2,2.0,20,0,0.5020949720670391,0.47405726256983244,0.8491620111731844,320.0,5.166666666666667,0.9,44.02009655237165,0.13504166666666667,1.0286123032904149,38,2.044878157100926,0.6965643970736791,1.4448781571009257,1.0288540880872168,0.9473684210526315,A,0.0006009331762493275
rubble,A,60,800,0.02,0.05,0.4,,24,0.3,0.2,2.0,20,0,0.4308659217877095,0.4354748603351955,0.7960893854748603,220.0,5.2,1.0833333333333333,43.402765734816825,0.14108333333333334,0.8463648834019205,37,1.8201971239315118,0.7142131336246118,1.220197123931512,0.7616575444933292,1.0,A,0.0005814612500012117
rubble,A,60,800,0.02,0.05,0.4,,25,0.3,0.2,2.0,20,0,0.5069832402234636,0.47520949720670397,0.8310055865921788,260.0,4.5,0.7166666666666667,39.08254211327584,0.14345833333333333,0.990450204638472,36,2.0281326862508307,0.6840227369095409,1.4281326862508308,1.106956505783152,1.0,A,0.0005835598962494259
rubble,A,60,800,0.02,0.05,0.4,,26,0.3,0.2,2.0,20,0,0.4720670391061452,0.44284217877094967,0.7737430167597765,260.0,4.933333333333334,0.9833333333333333,42.610118449186714,0.1165625,0.9868613138686131,38,1.6790911688211752,0.6357674799177453,1.079091168821175,0.9378294068172566,0.9473684210526315,A,0.0005967157287500413
rubble,A,60,800,0.02,0.05,0.4,,27,0.3,0.2,2.0,20,0,0.43854748603351956,0.4046787709497207,0.7074022346368715,260.0,4.433333333333334,1.15,41.376827515388804,0.11529166666666667,0.8971428571428571,32,1.8854455523679867,0.5293174119195319,1.2854455523679866,1.0892216329040858,1.0,A,0.0006155649487504888
rubble,A,60,800,0.02,0.05,0.4,,28,0.3,0.2,2.0,20,0,0.41201117318435754,0.43187849162011177,0.7625698324022346,300.0,4.383333333333334,1.0833333333333333,41.231196766321105,0.134,0.7972972972972973,32,1.7018777463331338,0.6162256384350411,1.1018777463331335,0.82682871244377,1.0,A,0.0005938302087497505
rubble,A,60,800,0.02,0.05,0.4,,29,0.3,0.2,2.0,20,0,0.4790502793296089,0.4619413407821229,0.7618715083798883,320.0,4.583333333333333,1.05,43.66317341512979,0.12816666666666668,0.8932291666666666,36,1.6683033599507768,0.5974107989895784,1.068303359950777,0.603198993006321,1.0,A,0.0006360990625012164
rubble,A,60,800,0.02,0.05,0.6,,0,0.3,0.2,2.0,20,0,0.3512569832402235,0.3526187150837989,0.797486033519553,340.0,4.183333333333334,0.8166666666666667,37.42801200396067,0.11054166666666666,0.5917647058823529,23,2.0559590850021676,0.44243428240157073,1.4559590850021678,1.5145488027880387,0.9130434782608695,A,0.0005664651562506151
rubble,A,60,800,0.02,0.05,0.6,,1,0.3,0.2,2.0,20,0,0.3861731843575419,0.37981843575418994,0.8701117318435754,260.0,3.683333333333333,0.8833333333333333,37.939493500056685,0.09820833333333333,0.7238219895287958,26,2.0742586556242064,0.6918894986846954,1.4742586556242065,1.06594887419836,1.0,A,0.0006422524475010505
rubble,A,60,800,0.02,0.05,0.6,,3,0.3,0.2,2.0,20,0,0.3505586592178771,0.3371857541899442,0.7276536312849162,320.0,3.9166666666666665,0.7166666666666667,36.328185344967416,0.09979166666666667,0.6657824933687002,23,2.2425729967630237,0.7180281508448053,1.6425729967630227,1.8856900180360667,1.0,A,0.0006059742187494522
rubble,A,60,800,0.02,0.05,0.6,,4,0.3,0.2,2.0,20,0,0.33519553072625696,0.34581005586592184,0.8470670391061452,280.0,4.8,0.6166666666666667,35.008030422834935,0.12960416666666666,0.6153846153846154,24,1.9359787299200135,0.5273617022196926,1.3359787299200139,1.364806689434569,1.0,A,0.0006136157812488819
rubble,A,60,800,0.02,0.05,0.6,,2,0.3,0.2,2.0,20,0,0.43156424581005587,0.4322625698324023,0.9106145251396648,220.0,4.016666666666667,0.7666666666666667,41.2803326448712,0.10704166666666666,0.8153034300791556,33,1.8908886698969314,0.7616133197847674,1.2908886698969313,0.6462056874218133,1.0,A,0.0006749690112496865
rubble,A,60,800,0.02,0.05,0.6,,5,0.3,0.2,2.0,20,0,0.38268156424581007,0.352967877094972,0.7465083798882681,280.0,4.35,0.8666666666666667,37.107467058203156,0.130875,0.7107652399481194,26,2.095072546538244,0.4750067964914061,1.495072546538244,1.418983816661442,1.0,A,0.0006258275525010504
rubble,A,60,800,0.02,0.05,0.6,,6,0.3,0.2,2.0,20,0,0.3393854748603352,0.34874301675977654,0.7297486033519553,220.0,4.566666666666666,0.9666666666666667,37.44057841484452,0.13085416666666666,0.7253731343283583,26,2.0742151557090103,0.8195872049820264,1.4742151557090106,0.8653974869595099,1.0,A,0.0006278686462496808
rubble,A,60,800,0.02,0.05,0.6,,7,0.3,0.2,2.0,20,0,0.4685754189944134,0.4087290502793296,0.8554469273743017,320.0,4.433333333333334,0.85,38.56366627706204,0.1285625,0.8691709844559585,29,2.110115196641337,0.5697843725474545,1.5101151966413373,1.3475582970498499,1.0,A,0.0006514802087485805
rubble,A,60,800,0.02,0.05,0.6,,9,0.3,0.2,2.0,20,0,0.2737430167597765,0.33173882681564243,0.7360335195530726,220.0,4.333333333333333,0.75,36.88813727702415,0.1064375,0.5681159420289855,24,1.942188845546745,0.9549623529266607,1.342188845546745,0.7150099520399285,0.875,A,0.0006330258850016434
rubble,A,60,800,0.02,0.05,0.6,,8,0.3,0.2,2.0,20,0,0.4231843575418994,0.39088687150837986,0.9057262569832403,280.0,4.466666666666667,0.9,38.365050231872175,0.11677083333333334,0.792156862745098,27,1.8365959922513948,0.5340329113499402,1.236595992251395,1.0816766619898335,1.0,A,0.0006656522399998721
rubble,A,60,800,0.02,0.05,0.6,,10,0.3,0.2,2.0,20,0,0.3931564245810056,0.3670391061452513,0.880586592178771,300.0,4.166666666666667,0.75,37.949505480177066,0.11110416666666667,0.7002487562189055,26,2.1829498206549136,0.7320352617759771,1.5829498206549135,0.830885125637056,0.9230769230769231,A,0.0006539578637512022
rubble,A,60,800,0.02,0.05,0.6,,12,0.3,0.2,2.0,20,0,0.3812849162011173,0.36913407821229055,0.7178770949720671,340.0,4.5,0.8833333333333333,39.5762943884921,0.106,0.7250996015936255,26,1.738445748979546,0.529546638486844,1.138445748979546,0.8543365041721972,1.0,A,0.0006318725000005543
rubble,A,60,800,0.02,0.05,0.6,,11,0.3,0.2,2.0,20,0,0.45391061452513964,0.3973114525139665,0.7877094972067039,260.0,4.916666666666667,1.0666666666666667,42.18935953565145,0.13027083333333334,0.9629629629629629,31,1.868755243453521,0.5619021135295097,1.2687552434535208,1.109956338624182,1.0,A,0.0006710431249985049
rubble,A,60,800,0.02,0.05,0.6,,13,0.3,0.2,2.0,20,0,0.38756983240223464,0.39622905027932964,0.8191340782122905,360.0,4.466666666666667,0.9166666666666666,37.60617881375826,0.1244375,0.7439678284182306,26,2.1147971424152843,0.6342623525966761,1.5147971424152842,1.1232317684482498,1.0,A,0.0006424583850002818
rubble,A,60,800,0.02,0.05,0.6,,14,0.3,0.2,2.0,20,0,0.401536312849162,0.39821927374301674,0.8149441340782123,300.0,4.716666666666667,0.8,37.28459508362846,0.1405625,0.8098591549295775,27,1.8386805894013676,0.6981485891728499,1.238680589401368,1.0380079543398932,1.0,A,0.0006665374475005592
rubble,A,60,800,0.02,0.05,0.6,,16,0.3,0.2,2.0,20,0,0.39175977653631283,0.3644203910614525,0.8135474860335196,260.0,4.333333333333333,0.6833333333333333,35.24843055994532,0.130125,0.8848580441640378,25,2.3426743287858995,0.6514177239900826,1.7426743287858995,1.069377554160321,1.0,A,0.000621085000000221
rubble,A,60,800,0.02,0.05,0.6,,15,0.3,0.2,2.0,20,0,0.42807262569832405,0.40509776536312847,0.776536312849162,280.0,4.916666666666667,0.7833333333333333,41.647846333498045,0.131875,0.788931788931789,32,1.7870428790282262,0.5478402401021034,1.1870428790282264,0.6817186462128929,1.0,A,0.0006848469274996205
rubble,A,60,800,0.02,0.05,0.6,,18,0.3,0.2,2.0,20,0,0.32122905027932963,0.355481843575419,0.8002793296089385,280.0,4.666666666666667,0.9166666666666666,37.18715763500484,0.14083333333333334,0.6005221932114884,25,1.9011552130615925,0.6665320365002235,1.3011552130615924,0.7669028976976257,0.92,A,0.0006493580212486449
rubble,A,60,800,0.02,0.05,0.6,,17,0.3,0.2,2.0,20,0,0.4064245810055866,0.3748254189944134,0.8400837988826816,260.0,4.75,0.9166666666666666,40.56001991858294,0.1256875,0.8546255506607929,29,2.1502908813694592,0.6796567816487403,1.550290881369459,1.0134924090940647,0.9310344827586207,A,0.0006767033849996551
rubble,A,60,800,0.02,0.05,0.6,,19,0.3,0.2,2.0,20,0,0.33519553072625696,0.31222067039106144,0.8198324022346368,280.0,4.083333333333333,0.75,36.04300882546274,0.1170625,0.606060606060606,21,2.440179782406257,0.8005028143139498,1.8401797824062571,1.1960256666332327,1.0,A,0.0006420875000003434
rubble,A,60,800,0.02,0.05,0.6,,20,0.3,0.2,2.0,20,0,0.2918994413407821,0.29099162011173185,0.7311452513966481,320.0,4.566666666666666,0.8166666666666667,35.0194338360219,0.13164583333333332,0.5694822888283378,20,2.4218837819259518,0.7039891236733445,1.821883781925952,1.5118407601723438,1.0,A,0.0006625879687499037
rubble,A,60,800,0.02,0.05,0.6,,22,0.3,0.2,2.0,20,0,0.3463687150837989,0.3106843575418995,0.6682960893854749,320.0,4.166666666666667,0.85,34.519028833541036,0.11083333333333334,0.6342710997442456,21,2.1344991505789372,0.5361477371710863,1.534499150578937,1.3294202921210876,1.0,A,0.000628361562498867
rubble,A,60,800,0.02,0.05,0.6,,21,0.3,0.2,2.0,20,0,0.2918994413407821,0.29661312849162014,0.7074022346368715,400.0,4.666666666666667,0.7166666666666667,34.27144857747085,0.13710416666666667,0.5141451414514144,21,2.2872082630652564,0.9040579575302529,1.6872082630652565,1.0374159478051688,1.0,A,0.0006453786974998366
rubble,A,60,800,0.02,0.05,0.6,,23,0.3,0.2,2.0,20,0,0.3994413407821229,0.3732891061452514,0.7730446927374302,320.0,4.8,0.9,39.98382342784171,0.12879166666666667,0.8183118741058655,27,2.2608285277357956,0.9490657493742016,1.6608285277357955,1.0278380797967608,0.9259259259259259,A,0.00064798755125139
rubble,A,60,800,0.02,0.05,0.6,,25,0.3,0.2,2.0,20,0,0.3889664804469274,0.344622905027933,0.763268156424581,260.0,4.316666666666666,0.6,33.406258245258215,0.13539583333333333,0.7598908594815825,23,2.258215762155159,0.4130616558452153,1.6582157621551579,1.4288827542558287,1.0,A,0.0006084410937501161
rubble,A,60,800,0.02,0.05,0.6,,24,0.3,0.2,2.0,20,0,0.3722067039106145,0.4002094972067039,0.8331005586592178,220.0,4.716666666666667,1.0166666666666666,38.78849622078325,0.13260416666666666,0.7311385459533608,29,1.7493190432179768,0.9958063539624958,1.1493190432179767,0.5473258364444081,0.8620689655172413,A,0.0006481258849998995
rubble,A,60,800,0.02,0.05,0.6,,26,0.3,0.2,2.0,20,0,0.3512569832402235,0.3311103351955308,0.736731843575419,260.0,4.333333333333333,1.0166666666666666,37.78287894700879,0.11045833333333334,0.7343065693430657,26,2.228340938865741,0.7730899549767305,1.6283409388657406,1.1619663959464002,0.8461538461538461,A,0.000625489687499794
rubble,A,60,800,0.02,0.05,0.6,,27,0.3,0.2,2.0,20,0,0.28282122905027934,0.30579608938547487,0.6745810055865922,260.0,4.1,1.1333333333333333,36.00797620040984,0.10964583333333333,0.5785714285714286,21,1.8835195334287282,0.7241092183919378,1.2835195334287284,0.4308666794133035,0.9047619047619048,A,0.0006238563024999166
rubble,A,60,800,0.02,0.05,0.6,,28,0.3,0.2,2.0,20,0,0.29399441340782123,0.3503142458100559,0.8868715083798883,300.0,4.333333333333333,0.8833333333333333,37.92533132389683,0.1275625,0.5689189189189189,23,2.59789463224265,0.813700561597065,1.9978946322426505,1.392710936381481,1.0,A,0.0005803672912497859
rubble,A,60,800,0.02,0.05,0.6,,29,0.3,0.2,2.0,20,0,0.41480446927374304,0.3877094972067039,0.7688547486033519,320.0,4.016666666666667,0.9333333333333333,37.47193109604739,0.1203125,0.7734375,26,2.243053168038651,0.6013962308851433,1.6430531680386515,1.5658616617280412,1.0,A,0.000613606457500282
apartment,B,60,800,0.02,0.05,0.0,,1,0.3,0.2,2.0,20,0,0.984375,0.9642903645833332,0.99609375,340.0,1.0,0.36666666666666664,54.841346768952754,0.08141666666666666,,60,2.1239715121711993,0.14388977145795262,1.5239715121711994,1.5679598775357895,1.0,B,0.001561969010001576
apartment,B,60,800,0.02,0.05,0.0,,0,0.3,0.2,2.0,20,0,0.9837239583333334,0.9654947916666666,0.9973958333333334,340.0,0.9333333333333333,0.25,53.973960187232564,0.08239583333333333,,60,2.1401112716414854,0.11914107037281461,1.5401112716414853,1.5276978569409416,1.0,B,0.0015845766662505411
apartment,B,60,800,0.02,0.05,0.0,,2,0.3,0.2,2.0,20,0,0.9817708333333334,0.9669270833333334,0.9954427083333334,320.0,0.6666666666666666,0.2833333333333333,55.529022267202166,0.06945833333333333,,60,2.1676569489174025,0.1354519493567076,1.5676569489174024,1.5463447354769062,1.0,B,0.00153643531249827
apartment,B,60,800,0.02,0.05,0.0,,4,0.3,0.2,2.0,20,0,0.98046875,0.9698567708333334,0.9993489583333334,320.0,1.1666666666666667,0.48333333333333334,54.34605486930161,0.07702083333333333,,60,2.1600712950989585,0.11474127417343943,1.5600712950989586,1.5606100024418568,1.0,B,0.001548847031249352
apartment,B,60,800,0.02,0.05,0.0,,3,0.3,0.2,2.0,20,0,0.966796875,0.9404296875,0.9921875,380.0,0.95,0.35,54.37842063069876,0.07635416666666667,,60,2.060550785822762,0.16391598023323825,1.4605507858227622,1.4089144711502648,1.0,B,0.001580990363750061
apartment,B,60,800,0.02,0.05,0.0,,6,0.3,0.2,2.0,20,0,0.9850260416666666,0.9685872395833334,0.9947916666666666,300.0,0.9166666666666666,0.38333333333333336,54.87422831407501,0.0709375,,60,2.166232194388214,0.12217795360935077,1.566232194388214,1.5593074041452741,1.0,B,0.0014966407299993989
apartment,B,60,800,0.02,0.05,0.0,,5,0.3,0.2,2.0,20,0,0.9856770833333334,0.9581705729166666,0.9967447916666666,320.0,1.1166666666666667,0.35,54.32067470100228,0.08708333333333333,,60,2.170876455239225,0.1319125378293305,1.5708764552392247,1.5413263428677388,1.0,B,0.001546598958748291
apartment,B,60,800,0.02,0.05,0.0,,7,0.3,0.2,2.0,20,0,0.9739583333333334,0.9602864583333333,0.99609375,360.0,0.9833333333333333,0.4166666666666667,54.684645170952244,0.06802083333333334,,60,2.1217113165386094,0.15362164523639416,1.5217113165386094,1.529873928457532,1.0,B,0.0015140364062494881
apartment,B,60,800,0.02,0.05,0.0,,8,0.3,0.2,2.0,20,0,0.9791666666666666,0.9486653645833334,0.9921875,340.0,1.0666666666666667,0.38333333333333336,55.13037798622809,0.07166666666666667,,60,2.143717407335103,0.1428909851986285,1.5437174073351028,1.5083644061807702,1.0,B,0.0015103458325006612
apartment,B,60,800,0.02,0.05,0.0,,9,0.3,0.2,2.0,20,0,0.9798177083333334,0.9557942708333332,1.0,340.0,1.0166666666666666,0.3333333333333333,54.319244123317354,0.08460416666666666,,60,2.1643948044094845,0.12320823736271277,1.5643948044094846,1.5475122101960341,1.0,B,0.0016151989062495886
apartment,B,60,800,0.02,0.05,0.0,,11,0.3,0.2,2.0,20,0,0.9759114583333334,0.9604492187499998,0.9973958333333334,320.0,0.95,0.25,54.489724866768405,0.07552083333333333,,60,2.122110239163335,0.15503651960915757,1.5221102391633352,1.5317803201424223,1.0,B,0.0016406204162490211
apartment,B,60,800,0.02,0.05,0.0,,12,0.3,0.2,2.0,20,0,0.9895833333333334,0.96728515625,0.9973958333333334,340.0,1.1,0.35,55.03379352729807,0.08075,,60,2.1042163229236355,0.15784339548623377,1.5042163229236352,1.5202525773397935,1.0,B,0.001644882759999291
apartment,B,60,800,0.02,0.05,0.0,,13,0.3,0.2,2.0,20,0,0.9889322916666666,0.959375,0.9954427083333334,340.0,0.9166666666666666,0.35,54.5409706671844,0.073125,,60,2.191938650852156,0.12872482396007567,1.591938650852156,1.6426500373535373,1.0,B,0.0016573302087499542
apartment,B,60,800,0.02,0.05,0.0,,10,0.3,0.2,2.0,20,0,0.9602864583333334,0.9407552083333333,0.9928385416666666,280.0,1.15,0.3,54.36987492938735,0.07664583333333333,,60,2.106179770758032,0.1753719460128646,1.506179770758032,1.5578623213190075,1.0,B,0.001789600052500191
apartment,B,60,800,0.02,0.05,0.0,,14,0.3,0.2,2.0,20,0,0.962890625,0.9409505208333334,0.9954427083333334,340.0,1.1,0.2833333333333333,53.99213937294522,0.0821875,,60,2.059554688963645,0.1795954571310836,1.4595546889636448,1.455908379082019,1.0,B,0.0016636399487515519
apartment,B,60,800,0.02,0.05,0.0,,15,0.3,0.2,2.0,20,0,0.974609375,0.9464192708333332,0.9947916666666666,400.0,1.0,0.4166666666666667,53.08563985846407,0.0855625,,60,2.0753018486839827,0.17586444938336074,1.4753018486839824,1.4684194526052277,1.0,B,0.0016881131250011095
apartment,B,60,800,0.02,0.05,0.0,,16,0.3,0.2,2.0,20,0,0.98046875,0.9708333333333332,0.998046875,320.0,0.9,0.3,54.32918764744424,0.07341666666666667,,60,2.128249957731058,0.14623676459964213,1.5282499577310575,1.6034959490845486,1.0,B,0.0016646193750011662
apartment,B,60,800,0.02,0.05,0.0,,17,0.3,0.2,2.0,20,0,0.9798177083333334,0.9720052083333334,0.9967447916666666,280.0,0.95,0.36666666666666664,54.803214187086844,0.08385416666666666,,60,2.171939769832396,0.115457655164254,1.5719397698323965,1.599703746875596,1.0,B,0.0017811113025004489
apartment,B,60,800,0.02,0.05,0.0,,18,0.3,0.2,2.0,20,0,0.9739583333333334,0.9515950520833332,0.9973958333333334,380.0,0.8,0.36666666666666664,54.555853597977354,0.07147916666666666,,60,2.156602739919008,0.13018201233626028,1.556602739919008,1.6494272524014262,1.0,B,0.0016051610937506666
apartment,B,60,800,0.02,0.05,0.0,,19,0.3,0.2,2.0,20,0,0.98046875,0.962109375,0.9986979166666666,300.0,0.9333333333333333,0.5833333333333334,54.73820315429902,0.07425,,60,2.049139570636487,0.1923530159992343,1.4491395706364874,1.468511643311909,1.0,B,0.0016097941662496851
apartment,B,60,800,0.02,0.05,0.0,,20,0.3,0.2,2.0,20,0,0.9635416666666666,0.9597005208333336,0.9954427083333334,300.0,0.9333333333333333,0.3333333333333333,54.40445401463407,0.08058333333333334,,60,2.1767809797623587,0.1537904677673172,1.5767809797623584,1.607136516349028,1.0,B,0.0015865489587486082
apartment,B,60,800,0.02,0.05,0.0,,21,0.3,0.2,2.0,20,0,0.9739583333333334,0.9608398437499999,0.9973958333333334,340.0,1.1,0.3333333333333333,54.09700980442263,0.0805,,60,2.1543680716036744,0.1227134882614862,1.554368071603674,1.541391841405864,1.0,B,0.001583198802500192
apartment,B,60,800,0.02,0.05,0.0,,22,0.3,0.2,2.0,20,0,0.9856770833333334,0.9519205729166664,0.9954427083333334,340.0,0.9333333333333333,0.43333333333333335,54.19528205370404,0.07829166666666666,,60,2.0724327813679118,0.17539328591386988,1.472432781367912,1.4413458487097022,1.0,B,0.001599057863750204
apartment,B,60,800,0.02,0.05,0.0,,23,0.3,0.2,2.0,20,0,0.9837239583333334,0.9554361979166668,0.9967447916666666,320.0,1.0166666666666666,0.2833333333333333,54.044607464744395,0.07372916666666667,,60,2.1629623020450315,0.1283957521992736,1.5629623020450316,1.5404025937861348,1.0,B,0.0015346845312501501
apartment,B,60,800,0.02,0.05,0.0,,25,0.3,0.2,2.0,20,0,0.9850260416666666,0.9721354166666668,0.9973958333333334,300.0,0.9833333333333333,0.2833333333333333,54.728696156526055,0.07191666666666667,,60,2.0619087501684574,0.20191096175031262,1.4619087501684571,1.4437737596557323,1.0,B,0.0015207111462495959
apartment,B,60,800,0.02,0.05,0.0,,24,0.3,0.2,2.0,20,0,0.9759114583333334,0.9680989583333334,0.9947916666666666,320.0,1.0,0.4166666666666667,54.11585367305866,0.08704166666666667,,60,2.0264477991123107,0.18081350242891,1.4264477991123103,1.4495709590363977,1.0,B,0.0015790664587507308
apartment,B,60,800,0.02,0.05,0.0,,26,0.3,0.2,2.0,20,0,0.9928385416666666,0.9699869791666667,1.0,340.0,1.0333333333333334,0.23333333333333334,54.707243117137544,0.07864583333333333,,60,2.141680521048831,0.16269525262939347,1.5416805210488305,1.5449429579584228,1.0,B,0.0015310262500020143
apartment,B,60,800,0.02,0.05,0.2,,0,0.3,0.2,2.0,20,0,0.916015625,0.8788736979166668,0.9596354166666666,240.0,0.9333333333333333,0.2833333333333333,48.40638304645986,0.0808125,0.9985805535841021,47,2.3837900683817304,0.10448415790069553,1.7837900683817303,1.7883963078973637,1.0,B,0.0014410967187495772
apartment,B,60,800,0.02,0.05,0.0,,27,0.3,0.2,2.0,20,0,0.9889322916666666,0.9627278645833334,0.9993489583333334,340.0,1.1,0.3333333333333333,54.05415957168376,0.08,,60,2.1794014366398216,0.13990689134829806,1.5794014366398217,1.5777159917709795,1.0,B,0.0016011459374999503
apartment,B,60,800,0.02,0.05,0.2,,1,0.3,0.2,2.0,20,0,0.93359375,0.9198893229166666,0.9889322916666666,220.0,1.0,0.2833333333333333,48.65486905202705,0.0790625,1.0235546038543897,46,2.378500020122741,0.17021669457223026,1.7785000201227403,1.8392169086557124,1.0,B,0.001436224740000398
apartment,B,60,800,0.02,0.05,0.0,,29,0.3,0.2,2.0,20,0,0.9733072916666666,0.9566080729166668,0.9908854166666666,320.0,1.1,0.5,54.479085336080395,0.072625,,60,2.2412230823583754,0.11406492401345202,1.641223082358375,1.5818949326521827,1.0,B,0.0015756111974997112
apartment,B,60,800,0.02,0.05,0.0,,28,0.3,0.2,2.0,20,0,0.9921875,0.9594401041666666,0.9986979166666666,300.0,1.0,0.38333333333333336,55.371234578638706,0.07220833333333333,,60,2.036847434469921,0.15277019544373002,1.4368474344699205,1.4419933566699397,1.0,B,0.001623798073751459
apartment,B,60,800,0.02,0.05,0.2,,2,0.3,0.2,2.0,20,0,0.947265625,0.9333658854166667,0.990234375,240.0,0.6666666666666666,0.2833333333333333,51.03974387715939,0.067375,1.0181945416375089,50,2.321805663497246,0.13115998075319607,1.7218056634972456,1.7390182207384648,1.0,B,0.00145808640624864
apartment,B,60,800,0.02,0.05,0.2,,3,0.3,0.2,2.0,20,0,0.904296875,0.8819661458333334,0.974609375,200.0,0.95,0.26666666666666666,49.18354198099626,0.07502083333333333,1.020573108008817,48,2.310213156403232,0.13216433276267398,1.710213156403232,1.7017261777945056,1.0,B,0.0014870293750004749
apartment,B,60,800,0.02,0.05,0.2,,4,0.3,0.2,2.0,20,0,0.9348958333333334,0.9169921874999998,0.9850260416666666,240.0,1.1666666666666667,0.3,48.704931087972234,0.0735,1.0048985304408677,47,2.337502668047659,0.13644125274610727,1.7375026680476588,1.7103923409952628,1.0,B,0.0015013087499983159
apartment,B,60,800,0.02,0.05,0.2,,5,0.3,0.2,2.0,20,0,0.9225260416666666,0.9136067708333332,0.984375,240.0,1.1166666666666667,0.26666666666666666,48.228724463538015,0.08245833333333333,1.0092592592592593,46,2.310435401696361,0.12702646095807887,1.7104354016963614,1.7350722543659856,1.0,B,0.0014757251037508467
apartment,B,60,800,0.02,0.05,0.2,,8,0.3,0.2,2.0,20,0,0.9127604166666666,0.8930013020833332,0.9791666666666666,220.0,1.0666666666666667,0.31666666666666665,48.77338470411325,0.0695625,1.0079079798705965,46,2.356262636508902,0.07470699228230743,1.756262636508902,1.7273028479205257,1.0,B,0.0015004115624992665
apartment,B,60,800,0.02,0.05,0.2,,6,0.3,0.2,2.0,20,0,0.953125,0.933203125,0.9915364583333334,240.0,0.9166666666666666,0.3,50.39676630317881,0.06827083333333334,1.008959338387319,50,2.3738307665639358,0.12358549078607431,1.773830766563936,1.781317363922075,1.0,B,0.0015580317187504989
apartment,B,60,800,0.02,0.05,0.2,,7,0.3,0.2,2.0,20,0,0.9407552083333334,0.9243815104166666,0.98046875,180.0,0.9833333333333333,0.3333333333333333,51.00718843590979,0.0640625,1.0284697508896798,51,2.3165798765363106,0.11793416140780516,1.7165798765363103,1.6733619055872877,1.0,B,0.001545972291248745
apartment,B,60,800,0.02,0.05,0.2,,9,0.3,0.2,2.0,20,0,0.931640625,0.9161783854166666,0.986328125,260.0,1.0166666666666666,0.2,49.34288788947476,0.0793125,1.0006993006993006,49,2.2916513169953148,0.1237433173244413,1.6916513169953147,1.6470976817020264,1.0,B,0.0015466911462499412
apartment,B,60,800,0.02,0.05,0.2,,10,0.3,0.2,2.0,20,0,0.9251302083333334,0.9078125,0.982421875,180.0,1.15,0.21666666666666667,48.743044800177444,0.0740625,1.0304568527918783,47,2.3691907971894426,0.13858901377307217,1.769190797189443,1.7791825942145665,1.0,B,0.0015460388012502335
apartment,B,60,800,0.02,0.05,0.2,,11,0.3,0.2,2.0,20,0,0.947265625,0.9257161458333332,0.990234375,220.0,0.95,0.2833333333333333,49.45405162278605,0.07266666666666667,1.0422636103151863,49,2.3982913410210123,0.10105537465500619,1.7982913410210124,1.802290081272957,1.0,B,0.0015479785937509405
apartment,B,60,800,0.02,0.05,0.2,,12,0.3,0.2,2.0,20,0,0.9368489583333334,0.9166666666666666,0.9869791666666666,240.0,1.1,0.2833333333333333,48.0715216898273,0.0778125,1.0119549929676512,46,2.3802814768833653,0.1614076347948596,1.7802814768833655,1.8423918724189536,1.0,B,0.0015164053124999556
apartment,B,60,800,0.02,0.05,0.2,,13,0.3,0.2,2.0,20,0,0.9537760416666666,0.9365885416666666,0.9928385416666666,240.0,0.9166666666666666,0.25,51.35329787419134,0.07014583333333334,1.0368011323425337,52,2.2354051119746647,0.13712814106290294,1.6354051119746649,1.645529632093543,1.0,B,0.0015566103650007789
apartment,B,60,800,0.02,0.05,0.2,,14,0.3,0.2,2.0,20,0,0.908203125,0.881640625,0.9733072916666666,240.0,1.1,0.3333333333333333,48.29913093213006,0.078,1.0021551724137931,46,2.3068680344004187,0.11060693650494122,1.7068680344004183,1.7051455855582804,1.0,B,0.0015013587499993265
apartment,B,60,800,0.02,0.05,0.2,,16,0.3,0.2,2.0,20,0,0.9654947916666666,0.9437174479166666,0.9947916666666666,260.0,0.9,0.2833333333333333,49.49873290316061,0.07185416666666666,1.029146426092991,49,2.3932588108682267,0.11995744328061397,1.7932588108682266,1.901117063762531,1.0,B,0.0013593390625010215
apartment,B,60,800,0.02,0.05,0.2,,17,0.3,0.2,2.0,20,0,0.9420572916666666,0.92890625,0.990234375,220.0,0.95,0.31666666666666665,51.24655169949169,0.0814375,1.0006915629322268,51,2.292844092939725,0.14179089981109433,1.6928440929397244,1.6848516164969158,1.0,B,0.0013605766662522002
apartment,B,60,800,0.02,0.05,0.2,,15,0.3,0.2,2.0,20,0,0.9303385416666666,0.9169921875000002,0.98828125,220.0,1.0,0.3,47.96165794018064,0.08220833333333333,1.0453547915142647,49,2.274819583152051,0.1305073292331866,1.6748195831520507,1.6359618926680914,1.0,B,0.0013933902075018523
apartment,B,60,800,0.02,0.05,0.2,,18,0.3,0.2,2.0,20,0,0.9147135416666666,0.9018880208333334,0.9817708333333334,220.0,0.8,0.4166666666666667,49.27114128002741,0.0703125,1.0050071530758227,48,2.310932534409822,0.13981174396886606,1.7109325344098216,1.6895005176230413,1.0,B,0.0013326291137491352
apartment,B,60,800,0.02,0.05,0.2,,19,0.3,0.2,2.0,20,0,0.9329427083333334,0.9128580729166667,0.9895833333333334,240.0,0.9333333333333333,0.36666666666666664,50.40518850096994,0.07435416666666667,1.0148725212464589,50,2.2415984638495705,0.1389887836799188,1.6415984638495704,1.624775548344279,1.0,B,0.0013585110412486757
apartment,B,60,800,0.02,0.05,0.2,,20,0.3,0.2,2.0,20,0,0.921875,0.8896809895833334,0.9778645833333334,240.0,0.9333333333333333,0.23333333333333334,48.57451544107645,0.0774375,0.9812889812889813,46,2.3882092721635964,0.12033335192743254,1.7882092721635967,1.7137844832306555,1.0,B,0.0013280866149989379
apartment,B,60,800,0.02,0.05,0.2,,21,0.3,0.2,2.0,20,0,0.9186197916666666,0.9058268229166666,0.9830729166666666,220.0,1.1,0.25,48.77233157503206,0.07610416666666667,0.9936619718309859,47,2.3813705696748366,0.12734780159554626,1.7813705696748365,1.7351687961181361,1.0,B,0.0013688242712487407
apartment,B,60,800,0.02,0.05,0.2,,22,0.3,0.2,2.0,20,0,0.9505208333333334,0.9219726562499998,0.9915364583333334,200.0,0.9333333333333333,0.23333333333333334,49.85551699184099,0.07391666666666667,1.0480976310122039,49,2.287245700354722,0.14888998051763574,1.6872457003547223,1.811625567541146,1.0,B,0.0014014995837487731
apartment,B,60,800,0.02,0.05,0.2,,23,0.3,0.2,2.0,20,0,0.9296875,0.9057291666666666,0.9817708333333334,240.0,1.0166666666666666,0.23333333333333334,46.937311072220474,0.07122916666666666,1.0163701067615658,45,2.407435537597591,0.11358999682299159,1.8074355375975903,1.80875779464811,1.0,B,0.0013214819787503984
apartment,B,60,800,0.02,0.05,0.2,,24,0.3,0.2,2.0,20,0,0.9498697916666666,0.9272135416666666,0.9928385416666666,260.0,1.0,0.21666666666666667,48.248189050811824,0.08277083333333334,1.0138985406532313,47,2.4117849440086876,0.1051980893863272,1.811784944008688,1.8418347665202996,1.0,B,0.0014797637499987103
apartment,B,60,800,0.02,0.05,0.2,,27,0.3,0.2,2.0,20,0,0.9264322916666666,0.9035156250000002,0.984375,260.0,1.1,0.23333333333333334,47.61127962008958,0.076625,1.0092198581560283,46,2.3524723139527137,0.10972616865008189,1.7524723139527136,1.7403034154414714,1.0,B,0.0014986939575010183
apartment,B,60,800,0.02,0.05,0.2,,25,0.3,0.2,2.0,20,0,0.9479166666666666,0.9430989583333333,0.9915364583333334,240.0,0.9833333333333333,0.23333333333333334,50.727078793378915,0.06939583333333334,1.0196078431372548,51,2.291656819189205,0.1122422646902592,1.6916568191892054,1.6794706536534632,1.0,B,0.0015905892699993275
apartment,B,60,800,0.02,0.05,0.2,,26,0.3,0.2,2.0,20,0,0.9817708333333334,0.9542643229166664,0.9947916666666666,240.0,1.0333333333333334,0.3,52.670989139726224,0.07922916666666667,1.060478199718706,55,2.2550138332089555,0.13559926884944287,1.6550138332089557,1.646854550787347,1.0,B,0.0016438875512494633
apartment,B,60,800,0.02,0.05,0.2,,28,0.3,0.2,2.0,20,0,0.9147135416666666,0.9022460937500002,0.982421875,240.0,1.0,0.25,48.773223681180525,0.06945833333333333,0.9818308874912648,46,2.3128379756124318,0.1429961134814486,1.7128379756124312,1.717109292818633,1.0,B,0.0015391443749990686
apartment,B,60,800,0.02,0.05,0.2,,29,0.3,0.2,2.0,20,0,0.9264322916666666,0.8964843750000002,0.986328125,220.0,1.1,0.25,48.402991709809676,0.07004166666666667,1.0085046066619419,46,2.410077780180325,0.11764760009467742,1.810077780180325,1.8692089509418626,1.0,B,0.001495115832499323
apartment,B,60,800,0.02,0.05,0.4,,0,0.3,0.2,2.0,20,0,0.884765625,0.8458984375,0.9694010416666666,240.0,0.9333333333333333,0.2,44.621956711144904,0.07995833333333334,0.964513839602555,40,2.4845920266810095,0.12023831083903468,1.8845920266810097,1.854469168268169,1.0,B,0.0014433484887490522
apartment,B,60,800,0.02,0.05,0.4,,2,0.3,0.2,2.0,20,0,0.8430989583333334,0.8140299479166666,0.9537760416666666,240.0,0.6666666666666666,0.16666666666666666,44.90151074827161,0.06560416666666667,0.906228131560532,37,2.6421014066206334,0.1630786810401877,2.0421014066206324,1.9833124239724333,1.0,B,0.0013973317187492285
apartment,B,60,800,0.02,0.05,0.4,,1,0.3,0.2,2.0,20,0,0.8548177083333334,0.8501627604166666,0.9641927083333334,220.0,1.0,0.21666666666666667,45.0160084735826,0.07783333333333334,0.9371877230549608,38,2.4733794469133317,0.08959070208136555,1.8733794469133314,1.848688574359615,1.0,B,0.0014334878649992788
apartment,B,60,800,0.02,0.05,0.4,,3,0.3,0.2,2.0,20,0,0.7779947916666666,0.76328125,0.9329427083333334,200.0,0.95,0.15,41.42484806300636,0.07116666666666667,0.8780308596620131,32,2.6310532597895597,0.09772884788559019,2.0310532597895596,1.9979875716096505,1.0,B,0.0013490104687502935
apartment,B,60,800,0.02,0.05,0.4,,4,0.3,0.2,2.0,20,0,0.8079427083333334,0.7932617187500001,0.9791666666666666,240.0,1.1666666666666667,0.21666666666666667,41.48966734992843,0.07208333333333333,0.8684394681595522,31,2.8020519677746,0.119205654707276,2.2020519677745996,2.1608321681159106,1.0,B,0.0012940879162488272
apartment,B,60,800,0.02,0.05,0.4,,5,0.3,0.2,2.0,20,0,0.837890625,0.8312825520833332,0.978515625,240.0,1.1166666666666667,0.2833333333333333,42.977419211163564,0.08183333333333333,0.9166666666666666,35,2.6817297372490425,0.1126551358122327,2.081729737249043,2.067558753770763,1.0,B,0.0013281445312486539
apartment,B,60,800,0.02,0.05,0.4,,6,0.3,0.2,2.0,20,0,0.8828125,0.86455078125,0.9837239583333334,240.0,0.9166666666666666,0.23333333333333334,44.83462552068577,0.06747916666666667,0.9345279117849759,38,2.5584552758737193,0.09873041914397353,1.9584552758737197,2.027457580058002,1.0,B,0.0013294174999987263
apartment,B,60,800,0.02,0.05,0.4,,8,0.3,0.2,2.0,20,0,0.8033854166666666,0.79990234375,0.943359375,220.0,1.0666666666666667,0.25,43.34516833667135,0.067,0.8871315600287563,34,2.670252981428769,0.15098310164713033,2.0702529814287685,1.998160767279451,1.0,B,0.0013394413012497353
apartment,B,60,800,0.02,0.05,0.4,,7,0.3,0.2,2.0,20,0,0.8834635416666666,0.8790690104166667,0.9772135416666666,180.0,0.9833333333333333,0.2833333333333333,46.14473182205479,0.06208333333333333,0.9658362989323843,41,2.4139316543811185,0.12140318938951866,1.8139316543811188,1.7586839033912702,1.0,B,0.001371837135000078
apartment,B,60,800,0.02,0.05,0.4,,9,0.3,0.2,2.0,20,0,0.8248697916666666,0.8232747395833334,0.9778645833333334,260.0,1.0166666666666666,0.16666666666666666,43.147221458969625,0.0781875,0.886013986013986,36,2.5596470111485288,0.1358505257676961,1.9596470111485285,1.9996131599222564,1.0,B,0.0013412535412498983
apartment,B,60,800,0.02,0.05,0.4,,10,0.3,0.2,2.0,20,0,0.8268229166666666,0.8169921875,0.9427083333333334,180.0,1.15,0.18333333333333332,43.89394239739589,0.0728125,0.920957215373459,37,2.6347392137151853,0.15789883004987504,2.0347392137151856,2.0033948324858035,1.0,B,0.0013095858337510435
apartment,B,60,800,0.02,0.05,0.4,,11,0.3,0.2,2.0,20,0,0.8782552083333334,0.8594726562499998,0.9674479166666666,220.0,0.95,0.15,46.03002217825356,0.07091666666666667,0.9663323782234958,41,2.424805544589544,0.11678523514968198,1.8248055445895441,1.8057132951862727,1.0,B,0.0013709799999992356
apartment,B,60,800,0.02,0.05,0.4,,12,0.3,0.2,2.0,20,0,0.8697916666666666,0.8735026041666668,0.9765625,240.0,1.1,0.18333333333333332,44.1449194673928,0.0773125,0.939521800281294,38,2.5194725390732984,0.12588055411962798,1.9194725390732987,1.8857145864304505,1.0,B,0.0012889313537493763
apartment,B,60,800,0.02,0.05,0.4,,13,0.3,0.2,2.0,20,0,0.892578125,0.8786458333333333,0.974609375,240.0,0.9166666666666666,0.3333333333333333,46.45552526302844,0.06927083333333334,0.970276008492569,41,2.505379623601217,0.10998547315605038,1.9053796236012166,1.845874260945286,1.0,B,0.0013017784887506424
apartment,B,60,800,0.02,0.05,0.4,,14,0.3,0.2,2.0,20,0,0.7389322916666666,0.7280924479166666,0.9407552083333334,240.0,1.1,0.25,40.35026983160193,0.07614583333333333,0.8153735632183907,29,2.8457944289011055,0.20221133089974658,2.2457944289011054,2.0510196435732757,1.0,B,0.00125588776000086
apartment,B,60,800,0.02,0.05,0.4,,15,0.3,0.2,2.0,20,0,0.8385416666666666,0.8247721354166668,0.9485677083333334,220.0,1.0,0.25,42.0543943890276,0.08195833333333333,0.9422092172640818,36,2.554563226941197,0.11861038213755765,1.9545632269411972,1.9994562190872966,1.0,B,0.00128247093750133
apartment,B,60,800,0.02,0.05,0.4,,16,0.3,0.2,2.0,20,0,0.837890625,0.8366536458333333,0.9830729166666666,260.0,0.9,0.21666666666666667,43.538570601969234,0.0699375,0.8931297709923665,35,2.696837995323377,0.0979912762584453,2.096837995323377,2.061821150654634,1.0,B,0.001292976927500149
apartment,B,60,800,0.02,0.05,0.4,,18,0.3,0.2,2.0,20,0,0.8001302083333334,0.8006184895833334,0.978515625,220.0,0.8,0.25,42.78879995149756,0.06789583333333334,0.8791130185979972,33,2.5721288969982523,0.12870556316998058,1.9721288969982524,1.9759546900625904,1.0,B,0.0013181267187496815
apartment,B,60,800,0.02,0.05,0.4,,17,0.3,0.2,2.0,20,0,0.9069010416666666,0.8718424479166667,0.9811197916666666,220.0,0.95,0.25,46.41398914018327,0.079625,0.9633471645919778,41,2.5094749951990667,0.09597670674330562,1.909474995199067,1.8800597985578622,1.0,B,0.0013605076037492836
apartment,B,60,800,0.02,0.05,0.4,,20,0.3,0.2,2.0,20,0,0.8072916666666666,0.7994791666666667,0.9615885416666666,240.0,0.9333333333333333,0.13333333333333333,41.889357466578126,0.07633333333333334,0.8593208593208593,32,2.7033031715638796,0.08406494394737862,2.10330317156388,2.056730551347419,1.0,B,0.001251754166248702
apartment,B,60,800,0.02,0.05,0.4,,19,0.3,0.2,2.0,20,0,0.8880208333333334,0.86162109375,0.9739583333333334,240.0,0.9333333333333333,0.4166666666666667,45.65849300541181,0.0730625,0.9660056657223796,40,2.5120041915213243,0.09038298389827454,1.9120041915213242,1.8532275160274474,1.0,B,0.001349472343749767
apartment,B,60,800,0.02,0.05,0.4,,21,0.3,0.2,2.0,20,0,0.7897135416666666,0.7818359375,0.9674479166666666,220.0,1.1,0.18333333333333332,41.91761396388726,0.07514583333333333,0.854225352112676,33,2.715372668855215,0.1850642952206441,2.1153726688552146,2.0882855317468243,1.0,B,0.0013312665112516697
apartment,B,60,800,0.02,0.05,0.4,,22,0.3,0.2,2.0,20,0,0.8502604166666666,0.8267578125,0.9615885416666666,200.0,0.9333333333333333,0.21666666666666667,43.58211126853309,0.0738125,0.9375448671931084,36,2.628813395112831,0.10215094233497986,2.0288133951128313,2.054834469050991,1.0,B,0.001387003801251012
apartment,B,60,800,0.02,0.05,0.4,,23,0.3,0.2,2.0,20,0,0.8723958333333334,0.8579752604166666,0.9791666666666666,240.0,1.0166666666666666,0.23333333333333334,43.387626696758595,0.071,0.9537366548042705,38,2.574137685334788,0.10173153271231578,1.9741376853347876,1.9281235580654772,1.0,B,0.0014179371362502025
apartment,B,60,800,0.02,0.05,0.4,,24,0.3,0.2,2.0,20,0,0.8430989583333334,0.8251953125,0.982421875,260.0,1.0,0.13333333333333333,41.801387004253776,0.08222916666666667,0.8999305072967339,33,2.7615120613973323,0.10281508982691798,2.161512061397332,2.104398973555064,1.0,B,0.0013536333850015581
apartment,B,60,800,0.02,0.05,0.4,,25,0.3,0.2,2.0,20,0,0.861328125,0.8580078125,0.98046875,240.0,0.9833333333333333,0.18333333333333332,44.41939218006109,0.06879166666666667,0.9264705882352942,38,2.539260406942513,0.11403226522917902,1.9392604069425132,1.8761349784361354,1.0,B,0.0014190895312503925
apartment,B,60,800,0.02,0.05,0.4,,27,0.3,0.2,2.0,20,0,0.84375,0.8353515625,0.9778645833333334,260.0,1.1,0.21666666666666667,43.177805632825105,0.0749375,0.9191489361702128,36,2.5992640663863518,0.1433305917470792,1.9992640663863515,2.031208343768589,1.0,B,0.0014101103124994551
apartment,B,60,800,0.02,0.05,0.4,,28,0.3,0.2,2.0,20,0,0.8450520833333334,0.825,0.9654947916666666,240.0,1.0,0.25,44.31427968916613,0.06895833333333333,0.907058001397624,36,2.6351584074782846,0.11004119531119635,2.0351584074782845,1.9639790460547937,1.0,B,0.0014162405725005557
apartment,B,60,800,0.02,0.05,0.4,,26,0.3,0.2,2.0,20,0,0.919921875,0.9072265625,0.986328125,240.0,1.0333333333333334,0.23333333333333334,47.863213815025546,0.07729166666666666,0.9936708860759493,45,2.446817582026741,0.10011252874980413,1.8468175820267403,1.8666093997984294,1.0,B,0.001497736771250402
apartment,B,60,800,0.02,0.05,0.4,,29,0.3,0.2,2.0,20,0,0.8600260416666666,0.8437825520833334,0.9576822916666666,220.0,1.1,0.31666666666666665,46.02575270756605,0.07008333333333333,0.9362154500354358,41,2.533416658620493,0.19139668499114312,1.9334166586204933,1.910957340841712,1.0,B,0.001473305521249131
apartment,B,60,800,0.02,0.05,0.6,,0,0.3,0.2,2.0,20,0,0.7194010416666666,0.7045572916666665,0.953125,240.0,0.9333333333333333,0.15,39.074453011921314,0.0798125,0.7842441447835343,27,2.8644804095685514,0.1280894042775774,2.264480409568551,2.1819214012302446,1.0,B,0.001286490833751941
apartment,B,60,800,0.02,0.05,0.6,,1,0.3,0.2,2.0,20,0,0.5930989583333334,0.5844401041666668,0.9375,220.0,1.0,0.21666666666666667,36.898881102752945,0.07733333333333334,0.6502498215560314,21,3.072789165185397,0.13073163389802014,2.4727891651853975,2.426832936939083,1.0,B,0.0012039949475001776
apartment,B,60,800,0.02,0.05,0.6,,2,0.3,0.2,2.0,20,0,0.7395833333333334,0.7233072916666667,0.9537760416666666,240.0,0.6666666666666666,0.11666666666666667,41.537212363567875,0.06495833333333334,0.7949615115465362,29,2.7926132041693954,0.2167906481509013,2.1926132041693958,1.9461306516361572,1.0,B,0.0012184255199986184
apartment,B,60,800,0.02,0.05,0.6,,3,0.3,0.2,2.0,20,0,0.6438802083333334,0.6324544270833334,0.9329427083333334,200.0,0.95,0.13333333333333333,37.818713800324055,0.0708125,0.7266715650257164,24,2.9895603711978693,0.15267114660173067,2.389560371197869,2.231859711532615,1.0,B,0.001228718853749342
apartment,B,60,800,0.02,0.05,0.6,,4,0.3,0.2,2.0,20,0,0.6360677083333334,0.6257161458333333,0.9680989583333334,240.0,1.1666666666666667,0.21666666666666667,37.36482650881213,0.072,0.6836948915325403,22,2.975325227238876,0.14159866298191295,2.3753252272388767,2.2165630346375775,1.0,B,0.0012195307812498868
apartment,B,60,800,0.02,0.05,0.6,,5,0.3,0.2,2.0,20,0,0.5403645833333334,0.5328125,0.9596354166666666,240.0,1.1166666666666667,0.21666666666666667,34.972634437002355,0.08102083333333333,0.5911680911680912,18,3.4454374523598315,0.19784236878966305,2.8454374523598314,2.651114192544704,1.0,B,0.001169357031249092
apartment,B,60,800,0.02,0.05,0.6,,7,0.3,0.2,2.0,20,0,0.7265625,0.7185546875,0.9713541666666666,180.0,0.9833333333333333,0.23333333333333334,39.56294733932718,0.06160416666666667,0.7943060498220641,27,2.8015273475423195,0.11559364658913952,2.2015273475423203,2.0828549072805878,1.0,B,0.0011909618224990482
apartment,B,60,800,0.02,0.05,0.6,,6,0.3,0.2,2.0,20,0,0.7180989583333334,0.7127604166666667,0.9733072916666666,240.0,0.9166666666666666,0.2,39.215352393580176,0.066,0.7601654031702274,26,2.940122707723594,0.11884843576209916,2.3401227077235944,2.404622916484351,1.0,B,0.0012288074487514678
apartment,B,60,800,0.02,0.05,0.6,,8,0.3,0.2,2.0,20,0,0.666015625,0.6705403645833332,0.9388020833333334,220.0,1.0666666666666667,0.23333333333333334,39.29611700013288,0.06704166666666667,0.7354421279654925,25,3.0380047088637165,0.20959686828659793,2.438004708863716,2.4222635210103776,1.0,B,0.001182276509998701
apartment,B,60,800,0.02,0.05,0.6,,9,0.3,0.2,2.0,20,0,0.6751302083333334,0.66494140625,0.9563802083333334,260.0,1.0166666666666666,0.11666666666666667,37.86146080620003,0.07741666666666666,0.7251748251748252,24,3.083969620861838,0.18889089546567564,2.483969620861838,2.365119852062068,1.0,B,0.0012031930212492625
apartment,B,60,800,0.02,0.05,0.6,,10,0.3,0.2,2.0,20,0,0.7369791666666666,0.73154296875,0.9401041666666666,180.0,1.15,0.15,39.878275436611354,0.07229166666666667,0.8208846990572878,28,2.9459583881886826,0.17522948455632092,2.3459583881886816,2.1985122426001604,1.0,B,0.0012338342187513264
apartment,B,60,800,0.02,0.05,0.6,,12,0.3,0.2,2.0,20,0,0.7135416666666666,0.7008789062499999,0.953125,240.0,1.1,0.13333333333333333,39.03686950962846,0.076375,0.770745428973277,26,3.012800760058324,0.15830421859330687,2.4128007600583237,2.218856621628484,1.0,B,0.0012048342712500926
apartment,B,60,800,0.02,0.05,0.6,,11,0.3,0.2,2.0,20,0,0.7923177083333334,0.7814778645833333,0.9427083333333334,220.0,0.95,0.11666666666666667,40.774345125863576,0.06952083333333334,0.8717765042979944,31,2.8370633885381276,0.15330730004845716,2.237063388538128,2.172620340696411,1.0,B,0.0012808498437493654
apartment,B,60,800,0.02,0.05,0.6,,13,0.3,0.2,2.0,20,0,0.658203125,0.6448567708333333,0.9576822916666666,240.0,0.9166666666666666,0.23333333333333334,38.08964302734201,0.06835416666666666,0.7154989384288747,23,3.0684768126849202,0.19748852200009812,2.4684768126849206,2.375265921554335,1.0,B,0.0011943184899996595
apartment,B,60,800,0.02,0.05,0.6,,14,0.3,0.2,2.0,20,0,0.5423177083333334,0.5491536458333334,0.9401041666666666,240.0,1.1,0.21666666666666667,35.95832750977353,0.07591666666666666,0.5984195402298851,19,3.0239965027915505,0.2967904973698502,2.4239965027915513,2.26030917710249,1.0,B,0.0012041623437494308
apartment,B,60,800,0.02,0.05,0.6,,16,0.3,0.2,2.0,20,0,0.552734375,0.5468750000000001,0.9505208333333334,260.0,0.9,0.2,35.68211613486156,0.06925,0.5891741845940319,19,3.05945964678531,0.23123574973241523,2.4594596467853105,2.2703897199130134,1.0,B,0.0012085144787511127
apartment,B,60,800,0.02,0.05,0.6,,15,0.3,0.2,2.0,20,0,0.681640625,0.686328125,0.9342447916666666,220.0,1.0,0.2,36.55404674055399,0.08108333333333333,0.7659107534747622,25,2.954937002797156,0.16134320290725898,2.3549370027971555,2.163406963964267,1.0,B,0.0012431752599991342
apartment,B,60,800,0.02,0.05,0.6,,17,0.3,0.2,2.0,20,0,0.7272135416666666,0.7300455729166665,0.9778645833333334,220.0,0.95,0.16666666666666666,39.31722403428657,0.07877083333333333,0.772475795297372,27,2.7856472596038637,0.10960440846466708,2.1856472596038645,2.185371976453,1.0,B,0.0012630448437494124
apartment,B,60,800,0.02,0.05,0.6,,18,0.3,0.2,2.0,20,0,0.54296875,0.5421875,0.939453125,220.0,0.8,0.23333333333333334,35.82032073401772,0.06770833333333333,0.5965665236051502,19,3.123481521771406,0.2085123335956712,2.5234815217714064,2.3244312680127526,1.0,B,0.0012511280212493148
apartment,B,60,800,0.02,0.05,0.6,,20,0.3,0.2,2.0,20,0,0.5983072916666666,0.5843749999999999,0.958984375,240.0,0.9333333333333333,0.13333333333333333,37.08400356135126,0.07572916666666667,0.6368676368676368,21,2.983157469561212,0.12287164265212232,2.3831574695612123,2.312909201497279,1.0,B,0.0012453033337510534
apartment,B,60,800,0.02,0.05,0.6,,19,0.3,0.2,2.0,20,0,0.7024739583333334,0.6968098958333333,0.9583333333333334,240.0,0.9333333333333333,0.3,39.561082687916304,0.07110416666666666,0.7641643059490085,26,3.0529576971891768,0.1895903407292045,2.452957697189177,2.308948361890261,1.0,B,0.0013271864062494388
apartment,B,60,800,0.02,0.05,0.6,,21,0.3,0.2,2.0,20,0,0.6959635416666666,0.6942708333333333,0.9680989583333334,220.0,1.1,0.21666666666666667,38.86486297707564,0.07510416666666667,0.7528169014084507,26,2.8785889134873246,0.16674301507241826,2.278588913487325,2.133777459070597,1.0,B,0.00129630031249917
apartment,B,60,800,0.02,0.05,0.6,,22,0.3,0.2,2.0,20,0,0.6510416666666666,0.6406901041666666,0.9427083333333334,200.0,0.9333333333333333,0.15,37.439036153233936,0.0725,0.7178750897343862,23,3.0895732268264653,0.21810309494772664,2.4895732268264656,2.1760525584919463,1.0,B,0.001289241874999334
apartment,B,60,800,0.02,0.05,0.6,,23,0.3,0.2,2.0,20,0,0.6569010416666666,0.6478515624999999,0.9401041666666666,240.0,1.0166666666666666,0.16666666666666666,37.45339393483077,0.0700625,0.7181494661921708,24,2.982164331738509,0.23745871350110082,2.3821643317385086,2.097266154410865,1.0,B,0.001324315781248515
apartment,B,60,800,0.02,0.05,0.6,,24,0.3,0.2,2.0,20,0,0.6497395833333334,0.6445963541666666,0.9654947916666666,260.0,1.0,0.11666666666666667,37.31066105053445,0.08158333333333333,0.6935371785962474,23,3.0034522152126137,0.1811973256922946,2.4034522152126137,2.250367394968032,1.0,B,0.0013029528649985877
apartment,B,60,800,0.02,0.05,0.6,,25,0.3,0.2,2.0,20,0,0.8040364583333334,0.7835286458333334,0.9798177083333334,240.0,0.9833333333333333,0.11666666666666667,41.01983967045699,0.06779166666666667,0.8648459383753502,30,2.8620933466112413,0.09746221850017445,2.262093346611242,2.1852249914117294,1.0,B,0.0013279463012486304
apartment,B,60,800,0.02,0.05,0.6,,26,0.3,0.2,2.0,20,0,0.7259114583333334,0.7106770833333333,0.9498697916666666,240.0,1.0333333333333334,0.11666666666666667,39.74407730180518,0.07554166666666666,0.7841068917018285,27,2.9029075399478463,0.20685960847791793,2.3029075399478462,2.135128494562471,1.0,B,0.0013193921350011806
apartment,B,60,800,0.02,0.05,0.6,,27,0.3,0.2,2.0,20,0,0.6087239583333334,0.5977864583333333,0.9524739583333334,260.0,1.1,0.15,36.49670429185033,0.07452083333333333,0.6631205673758865,21,3.091996773054098,0.20954519816202472,2.4919967730540984,2.3524806114311527,1.0,B,0.0012596141674998762
apartment,B,60,800,0.02,0.05,0.6,,28,0.3,0.2,2.0,20,0,0.5748697916666666,0.5675130208333333,0.96484375,240.0,1.0,0.18333333333333332,37.15192693856157,0.06854166666666667,0.6170510132774283,21,3.052092321507151,0.1765474809095228,2.452092321507151,2.2628017896860775,1.0,B,0.0012272300525000902
apartment,B,60,800,0.02,0.05,0.6,,29,0.3,0.2,2.0,20,0,0.7506510416666666,0.7395833333333334,0.955078125,220.0,1.1,0.21666666666666667,41.86238714819467,0.06929166666666667,0.8171509567682494,31,2.6667149364878466,0.13021303554875732,2.066714936487846,2.0255772340963483,1.0,B,0.0012657385412512667
rubble,B,60,800,0.02,0.05,0.0,,0,0.3,0.2,2.0,20,0,0.8498603351955307,0.8228002793296089,0.9099162011173184,440.0,0.95,0.6166666666666667,45.01490599488681,0.13579166666666667,,60,1.9042880822792618,0.28132914759198113,1.304288082279262,1.251634762670119,1.0,B,0.001599227552501361
rubble,B,60,800,0.02,0.05,0.0,,1,0.3,0.2,2.0,20,0,0.8421787709497207,0.7983938547486034,0.9057262569832403,480.0,0.9666666666666667,0.75,44.97737173637339,0.14979166666666666,,60,1.839311393773527,0.32984254863633977,1.2393113937735265,1.168157670770798,1.0,B,0.001639022291249148
rubble,B,60,800,0.02,0.05,0.0,,2,0.3,0.2,2.0,20,0,0.8659217877094972,0.7932262569832403,0.9266759776536313,640.0,1.0166666666666666,0.6333333333333333,43.62311653517006,0.14366666666666666,,60,1.8648354835283423,0.30803056432141035,1.264835483528342,1.2697763700054003,1.0,B,0.0016536900000005516
rubble,B,60,800,0.02,0.05,0.0,,3,0.3,0.2,2.0,20,0,0.8917597765363129,0.8315991620111731,0.9371508379888268,520.0,1.2,0.6166666666666667,45.443553046750594,0.13583333333333333,,60,1.9707249939597709,0.2810305391220215,1.3707249939597708,1.225544004995002,1.0,B,0.0015834690625001714
rubble,B,60,800,0.02,0.05,0.0,,4,0.3,0.2,2.0,20,0,0.8638268156424581,0.8217527932960895,0.9078212290502793,460.0,1.0166666666666666,0.6166666666666667,45.72428421062916,0.13620833333333332,,60,1.8206056191363975,0.30156730868745085,1.2206056191363972,1.194377857133257,1.0,B,0.0015897413550010242
rubble,B,60,800,0.02,0.05,0.0,,5,0.3,0.2,2.0,20,0,0.8798882681564246,0.8290153631284916,0.928072625698324,520.0,1.0666666666666667,0.6,43.27373809551164,0.1980625,,60,1.9045034273887396,0.28534521925678896,1.3045034273887395,1.17522729462641,1.0,B,0.0017226604162488002
rubble,B,60,800,0.02,0.05,0.0,,7,0.3,0.2,2.0,20,0,0.8736033519553073,0.8212290502793296,0.9259776536312849,460.0,1.2166666666666666,0.6166666666666667,45.32092018616706,0.14029166666666668,,60,1.9119964161256278,0.28555326952569876,1.311996416125628,1.2405441751736137,1.0,B,0.0016125803124987215
rubble,B,60,800,0.02,0.05,0.0,,6,0.3,0.2,2.0,20,0,0.8582402234636871,0.8119064245810057,0.9134078212290503,460.0,1.05,0.65,44.442984754314885,0.13360416666666666,,60,1.9126763304541918,0.31540158471734536,1.3126763304541915,1.2692625503024613,1.0,B,0.0017589003637499445
rubble,B,60,800,0.02,0.05,0.0,,8,0.3,0.2,2.0,20,0,0.861731843575419,0.796159217877095,0.9189944134078212,540.0,1.0166666666666666,0.55,43.748845855822196,0.135625,,60,1.9320485175884217,0.31219235422600894,1.3320485175884216,1.2604823913537102,1.0,B,0.0016317990112497682
rubble,B,60,800,0.02,0.05,0.0,,9,0.3,0.2,2.0,20,0,0.8554469273743017,0.8009078212290504,0.9078212290502793,520.0,1.0666666666666667,0.5833333333333334,45.32430537584846,0.14625,,60,1.8396496366349828,0.29317924302423365,1.239649636634983,1.1716341588719028,1.0,B,0.0016416209375006473
rubble,B,60,800,0.02,0.05,0.0,,10,0.3,0.2,2.0,20,0,0.8666201117318436,0.8356843575418994,0.9378491620111732,460.0,1.0833333333333333,0.5333333333333333,45.44566414905409,0.13027083333333334,,60,1.9092988831635047,0.28289767102743335,1.3092988831635046,1.2123066598908525,1.0,B,0.0016396340624987716
rubble,B,60,800,0.02,0.05,0.0,,11,0.3,0.2,2.0,20,0,0.8945530726256983,0.8439594972067039,0.9378491620111732,500.0,1.1,0.6666666666666666,46.45296329910329,0.12839583333333332,,60,1.895072706526885,0.2831165243333044,1.295072706526885,1.3756239134015096,1.0,B,0.0016842153125003279
rubble,B,60,800,0.02,0.05,0.0,,12,0.3,0.2,2.0,20,0,0.8268156424581006,0.7859287709497207,0.8945530726256983,540.0,1.0333333333333334,0.7166666666666667,44.776703987307236,0.12777083333333333,,60,1.8052285850392746,0.2733657569171129,1.2052285850392748,1.1886344689308603,1.0,B,0.001718147604999558
rubble,B,60,800,0.02,0.05,0.0,,13,0.3,0.2,2.0,20,0,0.840782122905028,0.7916201117318435,0.901536312849162,480.0,1.1333333333333333,0.55,43.739199415862075,0.1485625,,60,1.7906345822816914,0.3234047401068651,1.1906345822816915,1.119844117383146,1.0,B,0.0019127833337506672
rubble,B,60,800,0.02,0.05,0.0,,14,0.3,0.2,2.0,20,0,0.8303072625698324,0.8005586592178771,0.9001396648044693,440.0,1.2166666666666666,0.5166666666666667,44.346012856731505,0.14389583333333333,,60,1.8090974926603431,0.2882981019341163,1.2090974926603433,1.1770755628991196,1.0,B,0.0017497367187502277
rubble,B,60,800,0.02,0.05,0.0,,15,0.3,0.2,2.0,20,0,0.8575418994413407,0.8196229050279328,0.9273743016759777,460.0,1.1166666666666667,0.8666666666666667,44.63853907999859,0.1545,,60,1.7833594574546154,0.3005044983110184,1.183359457454615,1.1496435831850915,1.0,B,0.0017396971349990054
rubble,B,60,800,0.02,0.05,0.0,,17,0.3,0.2,2.0,20,0,0.8247206703910615,0.8047835195530727,0.9217877094972067,440.0,1.1,0.5166666666666667,45.646690985811105,0.116625,,60,1.8674293415957703,0.26632151422058276,1.267429341595771,1.2541194453515379,1.0,B,0.0017096976037510104
rubble,B,60,800,0.02,0.05,0.0,,16,0.3,0.2,2.0,20,0,0.8568435754189944,0.8019902234636872,0.9057262569832403,520.0,1.2,0.6166666666666667,44.06914770486637,0.1483125,,60,1.9477301748487574,0.2703470559723562,1.347730174848757,1.1987518531494175,1.0,B,0.0017787210937490272
rubble,B,60,800,0.02,0.05,0.0,,19,0.3,0.2,2.0,20,0,0.8498603351955307,0.8320181564245811,0.9266759776536313,440.0,1.0666666666666667,0.7166666666666667,45.33876950979722,0.15322916666666667,,60,1.8747138960905516,0.31062876506965853,1.274713896090552,1.2281085138898558,1.0,B,0.001690761198749442
rubble,B,60,800,0.02,0.05,0.0,,18,0.3,0.2,2.0,20,0,0.8121508379888268,0.7680167597765363,0.8798882681564246,500.0,1.3166666666666667,0.5666666666666667,42.13188341372971,0.1615,,60,1.8445216715182264,0.3215976170853669,1.2445216715182261,1.263628453261751,1.0,B,0.0017717097400009151
rubble,B,60,800,0.02,0.05,0.0,,21,0.3,0.2,2.0,20,0,0.8568435754189944,0.8180865921787708,0.9085195530726257,460.0,1.1166666666666667,0.5666666666666667,45.644802865289435,0.1280625,,60,1.8980795106382236,0.2859554398646537,1.298079510638224,1.1859028860732697,1.0,B,0.0016339933849985756
rubble,B,60,800,0.02,0.05,0.0,,20,0.3,0.2,2.0,20,0,0.8512569832402235,0.8270949720670391,0.9085195530726257,460.0,1.2666666666666666,0.6333333333333333,44.96612482094404,0.18797916666666667,,60,1.9344800636640591,0.27612566662368454,1.3344800636640597,1.1889476112420272,1.0,B,0.0017282646362491506
rubble,B,60,800,0.02,0.05,0.0,,22,0.3,0.2,2.0,20,0,0.8966480446927374,0.8142807262569832,0.9518156424581006,640.0,1.05,0.55,44.485692609589485,0.1556875,,60,1.9556618486812076,0.2937416147859165,1.3556618486812078,1.3642473832172417,1.0,B,0.0016175335937487034
rubble,B,60,800,0.02,0.05,0.0,,23,0.3,0.2,2.0,20,0,0.8763966480446927,0.8065293296089384,0.9357541899441341,580.0,1.2166666666666666,0.6333333333333333,45.0050094730658,0.12227083333333333,,60,1.8181837302888608,0.3404412163512004,1.2181837302888607,1.1268578680250405,1.0,B,0.0016180408849982087
rubble,B,60,800,0.02,0.05,0.0,,24,0.3,0.2,2.0,20,0,0.8477653631284916,0.81106843575419,0.8980446927374302,480.0,1.1,0.6333333333333333,46.141068407534654,0.13575,,60,1.9306886535014376,0.2447104111125927,1.3306886535014375,1.2624567319539572,1.0,B,0.0015832286975000897
rubble,B,60,800,0.02,0.05,0.0,,26,0.3,0.2,2.0,20,0,0.8568435754189944,0.8140013966480447,0.9113128491620112,500.0,1.0833333333333333,0.6833333333333333,44.52383277525239,0.1399375,,60,1.9911522974911458,0.2635380063315269,1.3911522974911452,1.3248394191991797,1.0,B,0.0015603463549996378
rubble,B,60,800,0.02,0.05,0.0,,25,0.3,0.2,2.0,20,0,0.9141061452513967,0.8478002793296089,0.9650837988826816,520.0,1.2333333333333334,0.5833333333333334,43.6140706869933,0.199375,,60,1.9899120173125302,0.24511994707574547,1.3899120173125306,1.4051514202076687,1.0,B,0.0017150532812502206
rubble,B,60,800,0.02,0.05,0.0,,27,0.3,0.2,2.0,20,0,0.8791899441340782,0.8272695530726258,0.9343575418994413,480.0,1.0666666666666667,0.7333333333333333,45.841109513609304,0.14577083333333332,,60,1.8852065721016098,0.28337249806197407,1.2852065721016097,1.2614098759664252,1.0,B,0.0016938684887486488
rubble,B,60,800,0.02,0.05,0.0,,28,0.3,0.2,2.0,20,0,0.8414804469273743,0.7991620111731843,0.8994413407821229,500.0,1.1666666666666667,0.6666666666666666,44.39939494483088,0.15470833333333334,,60,1.7947043611250293,0.3266445006186262,1.1947043611250294,1.0779832622622467,1.0,B,0.0017375328637490384
rubble,B,60,800,0.02,0.05,0.2,,0,0.3,0.2,2.0,20,0,0.7674581005586593,0.7324371508379889,0.8596368715083799,300.0,0.95,0.5333333333333333,41.38511896197825,0.13308333333333333,1.040719696969697,51,2.030553141543646,0.3052232923448105,1.4305531415436459,1.2833895285133528,1.0,B,0.00159542911374956
rubble,B,60,800,0.02,0.05,0.0,,29,0.3,0.2,2.0,20,0,0.840782122905028,0.8045041899441341,0.8994413407821229,420.0,1.1833333333333333,0.7166666666666667,45.20881923508626,0.13545833333333332,,60,1.8502998515803069,0.2739085522976473,1.2502998515803065,1.2124517133482273,1.0,B,0.0017057091149990811
rubble,B,60,800,0.02,0.05,0.2,,1,0.3,0.2,2.0,20,0,0.803072625698324,0.7365572625698323,0.880586592178771,280.0,0.9666666666666667,0.65,42.038981953381686,0.13195833333333334,1.074766355140187,47,2.1439702947471475,0.2257085726306762,1.543970294747148,1.4846569572910662,1.0,B,0.00156735948000005
rubble,B,60,800,0.02,0.05,0.2,,2,0.3,0.2,2.0,20,0,0.8142458100558659,0.7642807262569834,0.8743016759776536,260.0,1.0166666666666666,0.5666666666666667,42.82226561693987,0.13985416666666667,1.1695085255767304,54,1.9922620939272848,0.2409637409939158,1.392262093927285,1.341390735608061,1.0,B,0.0016784656775007533
rubble,B,60,800,0.02,0.05,0.2,,3,0.3,0.2,2.0,20,0,0.8016759776536313,0.7513268156424582,0.86731843575419,240.0,1.1833333333333333,0.5833333333333334,42.96423706471919,0.13052083333333334,1.0891840607210626,50,2.0311956230425183,0.24035135358360285,1.4311956230425178,1.3488723005802428,1.0,B,0.0016264020825019544
rubble,B,60,800,0.02,0.05,0.2,,4,0.3,0.2,2.0,20,0,0.8310055865921788,0.7857192737430168,0.8938547486033519,280.0,1.0166666666666666,0.5666666666666667,43.20614082873597,0.12822916666666667,1.0828025477707006,49,2.0572603356804215,0.2905772584209957,1.4572603356804221,1.5270138172901517,1.0,B,0.0016232901562489132
rubble,B,60,800,0.02,0.05,0.2,,5,0.3,0.2,2.0,20,0,0.7716480446927374,0.7282122905027932,0.8770949720670391,320.0,1.0833333333333333,0.4666666666666667,39.309771755624936,0.1821875,1.0250463821892393,44,2.211164629681997,0.21450675946790346,1.6111646296819957,1.4935497075509474,1.0,B,0.0016802035412501937
rubble,B,60,800,0.02,0.05,0.2,,6,0.3,0.2,2.0,20,0,0.7932960893854749,0.7371159217877095,0.8701117318435754,300.0,1.05,0.6166666666666667,42.62358061267726,0.12235416666666667,1.081904761904762,50,2.065997627291162,0.27572680803638017,1.4659976272911615,1.3464089363512195,1.0,B,0.001658634687501035
rubble,B,60,800,0.02,0.05,0.2,,7,0.3,0.2,2.0,20,0,0.8296089385474861,0.7840083798882682,0.8966480446927374,300.0,1.2166666666666666,0.7166666666666667,43.37999244836073,0.131125,1.0770625566636447,50,2.0467800402606184,0.22243430406644377,1.4467800402606181,1.345524667317348,1.0,B,0.0016160985937494843
rubble,B,60,800,0.02,0.05,0.2,,8,0.3,0.2,2.0,20,0,0.7967877094972067,0.7522346368715083,0.8931564245810056,280.0,1.0166666666666666,0.6666666666666666,41.684991129035936,0.13158333333333333,1.0825426944971537,49,2.0653519583447646,0.3130935814157713,1.465351958344765,1.334745301317434,1.0,B,0.0016358258324999041
rubble,B,60,800,0.02,0.05,0.2,,10,0.3,0.2,2.0,20,0,0.8156424581005587,0.7682611731843575,0.9050279329608939,260.0,1.0833333333333333,0.55,42.111637894933764,0.1171875,1.0695970695970696,44,2.155088241469856,0.25094151738898446,1.5550882414698557,1.6120467564156078,1.0,B,0.0014882166137499553
rubble,B,60,800,0.02,0.05,0.2,,9,0.3,0.2,2.0,20,0,0.8135474860335196,0.7701815642458101,0.8889664804469274,240.0,1.0666666666666667,0.6333333333333333,43.19464784896565,0.12722916666666667,1.1266924564796905,47,2.0276119187727346,0.23605589890876394,1.4276119187727345,1.3795904564108779,1.0,B,0.0015769272912507404
rubble,B,60,800,0.02,0.05,0.2,,11,0.3,0.2,2.0,20,0,0.7814245810055865,0.7322974860335195,0.8708100558659218,300.0,1.1,0.48333333333333334,42.53316938615193,0.12416666666666666,1.0053908355795147,47,2.1403009674196083,0.2641074669642943,1.540300967419608,1.410792719956091,1.0,B,0.0014879900524988443
rubble,B,60,800,0.02,0.05,0.2,,12,0.3,0.2,2.0,20,0,0.7828212290502793,0.7346717877094973,0.8449720670391061,300.0,1.0166666666666666,0.7,41.30359488440518,0.1175625,1.1132075471698113,47,2.1670418397554445,0.2440068102173251,1.5670418397554444,1.5181200724289359,1.0,B,0.0014535274999980174
rubble,B,60,800,0.02,0.05,0.2,,13,0.3,0.2,2.0,20,0,0.8303072625698324,0.7645251396648045,0.895949720670391,240.0,1.1333333333333333,0.65,42.771706931157674,0.14816666666666667,1.179563492063492,53,2.0069222410744287,0.29069525134149093,1.4069222410744286,1.2896670443123464,1.0,B,0.0015097016150002673
rubble,B,60,800,0.02,0.05,0.2,,14,0.3,0.2,2.0,20,0,0.7821229050279329,0.7159217877094972,0.869413407821229,260.0,1.2,0.55,42.01413067455521,0.1325,1.057601510859301,48,2.0000319785425966,0.2905398900671654,1.4000319785425965,1.3352362320863542,1.0,B,0.0014641849474992341
rubble,B,60,800,0.02,0.05,0.2,,15,0.3,0.2,2.0,20,0,0.8317039106145251,0.7986382681564246,0.901536312849162,280.0,1.1166666666666667,0.6833333333333333,42.34093426235564,0.14395833333333333,1.1172607879924954,47,2.2153470685755408,0.20536783533096362,1.61534706857554,1.6500878512826542,1.0,B,0.0014580874474995652
rubble,B,60,800,0.02,0.05,0.2,,16,0.3,0.2,2.0,20,0,0.8247206703910615,0.769972067039106,0.9113128491620112,240.0,1.1833333333333333,0.4166666666666667,41.84127430996753,0.1291875,1.126908396946565,47,2.203428945744058,0.19882457247716023,1.6034289457440574,1.554357032672809,1.0,B,0.0014449369787507748
rubble,B,60,800,0.02,0.05,0.2,,17,0.3,0.2,2.0,20,0,0.7772346368715084,0.7465432960893855,0.8819832402234636,220.0,1.1,0.6833333333333333,43.497651148098015,0.11325,1.06,52,1.891459089579102,0.3376709570559795,1.291459089579102,1.2105176234062824,1.0,B,0.001456286509999245
rubble,B,60,800,0.02,0.05,0.2,,19,0.3,0.2,2.0,20,0,0.8023743016759777,0.7703910614525139,0.8917597765363129,260.0,1.0666666666666667,0.5166666666666667,41.25953048141508,0.135625,1.0668523676880224,42,2.2651693546975764,0.16015772979146303,1.665169354697576,1.6380297904204721,1.0,B,0.001450630000001638
rubble,B,60,800,0.02,0.05,0.2,,18,0.3,0.2,2.0,20,0,0.696927374301676,0.6693784916201119,0.7891061452513967,300.0,1.3,0.5166666666666667,38.27374324360114,0.14441666666666667,0.998998998998999,40,2.1919377308488825,0.3124191947475888,1.5919377308488827,1.404821616939377,1.0,B,0.0014769518750017596
rubble,B,60,800,0.02,0.05,0.2,,20,0.3,0.2,2.0,20,0,0.8303072625698324,0.7968924581005585,0.9071229050279329,240.0,1.2666666666666666,0.65,42.514044179684944,0.18116666666666667,1.1101774042950514,51,2.067762574023009,0.2767333168265786,1.4677625740230094,1.4272153278041486,1.0,B,0.001603062135000073
rubble,B,60,800,0.02,0.05,0.2,,21,0.3,0.2,2.0,20,0,0.8184357541899442,0.789699720670391,0.8903631284916201,280.0,1.1166666666666667,0.65,43.467262524783635,0.12577083333333333,1.096351730589336,49,2.0756701070533135,0.22006145624777135,1.475670107053313,1.360795377132733,1.0,B,0.0015622214575000725
rubble,B,60,800,0.02,0.05,0.2,,22,0.3,0.2,2.0,20,0,0.7702513966480447,0.7263617318435756,0.848463687150838,280.0,1.05,0.5833333333333334,41.590449495639135,0.14283333333333334,1.0595581171950048,49,2.0107922938757783,0.3031515138136706,1.410792293875778,1.3831335586763527,1.0,B,0.0016477406250010062
rubble,B,60,800,0.02,0.05,0.2,,23,0.3,0.2,2.0,20,0,0.7786312849162011,0.7446927374301676,0.8917597765363129,280.0,1.2166666666666666,0.6166666666666667,42.24171377231624,0.11283333333333333,1.0772946859903383,49,2.0589543444469056,0.2824355311546697,1.4589543444469057,1.4775065059906538,1.0,B,0.001623268124999413
rubble,B,60,800,0.02,0.05,0.2,,24,0.3,0.2,2.0,20,0,0.7562849162011173,0.7376745810055866,0.8610335195530726,280.0,1.1,0.5166666666666667,41.50452258446051,0.12535416666666666,1.0363636363636362,43,2.1871182574614485,0.18704039135940087,1.5871182574614477,1.548824616299001,1.0,B,0.0015558548437502396
rubble,B,60,800,0.02,0.05,0.2,,26,0.3,0.2,2.0,20,0,0.7821229050279329,0.74518156424581,0.8791899441340782,280.0,1.0833333333333333,0.6,40.451380362090134,0.115875,1.0516431924882628,42,2.2946010877862184,0.22631703437718212,1.6946010877862179,1.5574618305486363,1.0,B,0.0015449300525006038
rubble,B,60,800,0.02,0.05,0.2,,27,0.3,0.2,2.0,20,0,0.8023743016759777,0.7808659217877094,0.8861731843575419,300.0,1.0666666666666667,0.7666666666666667,43.7462408489206,0.13460416666666666,1.0454959053685169,49,2.050348245863316,0.27538410537297486,1.4503482458633161,1.476662367272855,1.0,B,0.0016351210412494765
rubble,B,60,800,0.02,0.05,0.2,,25,0.3,0.2,2.0,20,0,0.8184357541899442,0.7837988826815643,0.9022346368715084,280.0,1.2333333333333334,0.5,41.23706492405576,0.18947916666666667,1.10879848628193,50,2.1033603262331657,0.2418419625412049,1.5033603262331656,1.3984760580635267,1.0,B,0.0017476499487497675
rubble,B,60,800,0.02,0.05,0.2,,28,0.3,0.2,2.0,20,0,0.770949720670391,0.7207751396648043,0.8708100558659218,240.0,1.1666666666666667,0.6666666666666666,41.16474191790313,0.15127083333333333,1.0584851390220518,49,2.06736398272626,0.25922622704967063,1.4673639827262601,1.492997683060155,1.0,B,0.0016825351049988059
rubble,B,60,800,0.02,0.05,0.2,,29,0.3,0.2,2.0,20,0,0.8128491620111732,0.7557262569832403,0.875,260.0,1.1666666666666667,0.6,42.83282944922031,0.1299375,1.0777777777777777,50,2.0540038526300304,0.27815591849231147,1.454003852630031,1.4237537078082534,1.0,B,0.0016191118237497903
rubble,B,60,800,0.02,0.05,0.4,,0,0.3,0.2,2.0,20,0,0.6731843575418994,0.6364525139664804,0.8149441340782123,300.0,0.95,0.48333333333333334,38.887494058301726,0.1223125,0.9128787878787878,39,2.2098572993674517,0.19804609121909691,1.6098572993674507,1.573205329712029,1.0,B,0.0014677434374993936
rubble,B,60,800,0.02,0.05,0.4,,1,0.3,0.2,2.0,20,0,0.6682960893854749,0.6363477653631284,0.8379888268156425,280.0,0.9666666666666667,0.5833333333333334,37.47024822188923,0.12483333333333334,0.894392523364486,34,2.4616213677225276,0.3086086666304138,1.8616213677225275,1.773054716387696,1.0,B,0.0014187806249992719
rubble,B,60,800,0.02,0.05,0.4,,2,0.3,0.2,2.0,20,0,0.7346368715083799,0.6472416201117317,0.8051675977653632,260.0,1.0166666666666666,0.6333333333333333,39.203450815520114,0.12547916666666667,1.0551654964894683,40,2.2108839799746347,0.17524810595811405,1.6108839799746346,1.6058814533463046,1.0,B,0.0014554030212502766
rubble,B,60,800,0.02,0.05,0.4,,3,0.3,0.2,2.0,20,0,0.6557262569832403,0.6393505586592179,0.8100558659217877,240.0,1.1833333333333333,0.5,37.02785941166894,0.12064583333333333,0.8908918406072107,34,2.429492404231335,0.3191842252008982,1.8294924042313347,1.5574124638357136,1.0,B,0.0013708564062517325
rubble,B,60,800,0.02,0.05,0.4,,4,0.3,0.2,2.0,20,0,0.6955307262569832,0.6821578212290503,0.8526536312849162,280.0,1.0166666666666666,0.4,36.97395241027659,0.11508333333333333,0.9062784349408552,33,2.489267771663523,0.21723462187497963,1.889267771663523,1.8492175839162663,1.0,B,0.0013768138012505914
rubble,B,60,800,0.02,0.05,0.4,,6,0.3,0.2,2.0,20,0,0.7074022346368715,0.6756634078212291,0.8331005586592178,300.0,1.05,0.6,38.315466043244584,0.11041666666666666,0.9647619047619047,36,2.326841571436578,0.25535962998690886,1.7268415714365777,1.6068884929742366,1.0,B,0.001372354636248474
rubble,B,60,800,0.02,0.05,0.4,,7,0.3,0.2,2.0,20,0,0.7129888268156425,0.6844972067039106,0.8421787709497207,300.0,1.2166666666666666,0.5,38.60399562478278,0.12097916666666667,0.9256572982774253,36,2.354266644608015,0.17022397437122466,1.7542666446080157,1.6483915131065712,1.0,B,0.0013669844787500551
rubble,B,60,800,0.02,0.05,0.4,,5,0.3,0.2,2.0,20,0,0.7248603351955307,0.711173184357542,0.8519553072625698,320.0,1.0666666666666667,0.38333333333333336,36.75196710534656,0.17360416666666667,0.9628942486085343,36,2.364812363030518,0.22726497534337564,1.764812363030518,1.673983990189205,1.0,B,0.0014791824999997516
rubble,B,60,800,0.02,0.05,0.4,,8,0.3,0.2,2.0,20,0,0.7360335195530726,0.6635474860335195,0.840782122905028,280.0,1.0166666666666666,0.4666666666666667,38.83907898526185,0.11470833333333333,1.0,38,2.3436360321040146,0.19430485385523555,1.7436360321040147,1.666767497514542,1.0,B,0.0013587660425014292
rubble,B,60,800,0.02,0.05,0.4,,9,0.3,0.2,2.0,20,0,0.7199720670391061,0.6978351955307263,0.8240223463687151,240.0,1.0666666666666667,0.6333333333333333,37.457010011536134,0.116625,0.9970986460348162,34,2.4405379077419136,0.18567116439482811,1.8405379077419135,1.7997287186898914,1.0,B,0.0012971265100009078
rubble,B,60,800,0.02,0.05,0.4,,10,0.3,0.2,2.0,20,0,0.6068435754189944,0.606040502793296,0.8470670391061452,260.0,1.0833333333333333,0.36666666666666664,35.978971729443295,0.10802083333333333,0.7957875457875457,30,2.558635846216194,0.25641438029418206,1.9586358462161944,1.8016530588735,1.0,B,0.0013295582812497741
rubble,B,60,800,0.02,0.05,0.4,,11,0.3,0.2,2.0,20,0,0.7541899441340782,0.7049231843575419,0.8770949720670391,300.0,1.1,0.6333333333333333,39.76882555267232,0.113,0.9703504043126685,38,2.523493846548523,0.17339357131611105,1.9234938465485232,1.8982646110525088,1.0,B,0.0014232137500016506
rubble,B,60,800,0.02,0.05,0.4,,12,0.3,0.2,2.0,20,0,0.7060055865921788,0.6737081005586593,0.8072625698324022,300.0,1.0166666666666666,0.5833333333333334,37.254793141269076,0.11164583333333333,1.0039721946375373,35,2.464711098395096,0.1606896314263554,1.8647110983950959,1.8597809697803656,1.0,B,0.0014264173950004988
rubble,B,60,800,0.02,0.05,0.4,,13,0.3,0.2,2.0,20,0,0.7360335195530726,0.686522346368715,0.8296089385474861,240.0,1.1333333333333333,0.6666666666666666,39.59929481147372,0.1385,1.0456349206349205,42,2.2262828113487085,0.2782793309678724,1.6262828113487078,1.6833195143917774,1.0,B,0.0015288680725006997
rubble,B,60,800,0.02,0.05,0.4,,14,0.3,0.2,2.0,20,0,0.6878491620111732,0.6751745810055865,0.8303072625698324,260.0,1.2,0.48333333333333334,38.0799899482296,0.11675,0.9301227573182247,35,2.406059200486148,0.2652818081662141,1.8060592004861482,1.6715437591024513,1.0,B,0.0014693828124995889
rubble,B,60,800,0.02,0.05,0.4,,15,0.3,0.2,2.0,20,0,0.7241620111731844,0.7174930167597765,0.8512569832402235,280.0,1.1166666666666667,0.5666666666666667,38.654725310235406,0.13504166666666667,0.9727954971857411,36,2.44465089685585,0.18903677966273516,1.8446508968558493,1.6872511705541413,1.0,B,0.0014925809887495233
rubble,B,60,800,0.02,0.05,0.4,,16,0.3,0.2,2.0,20,0,0.715782122905028,0.6916899441340782,0.8463687150837989,240.0,1.1833333333333333,0.4166666666666667,38.0714831261384,0.126125,0.9780534351145039,37,2.3290427151131365,0.21814800667337564,1.7290427151131367,1.5817752540155108,1.0,B,0.0015342296874996464
rubble,B,60,800,0.02,0.05,0.4,,17,0.3,0.2,2.0,20,0,0.7213687150837989,0.6987081005586591,0.8428770949720671,220.0,1.1,0.6666666666666666,39.91798665592497,0.09841666666666667,0.9838095238095238,38,2.2898782577814742,0.2045001853824781,1.6898782577814744,1.616059642025016,1.0,B,0.0014688734374999513
rubble,B,60,800,0.02,0.05,0.4,,18,0.3,0.2,2.0,20,0,0.6983240223463687,0.6601606145251397,0.7912011173184358,300.0,1.3,0.6166666666666667,36.43361218186801,0.14189583333333333,1.001001001001001,35,2.3272637801392992,0.261570374721781,1.7272637801392996,1.5980106383128891,1.0,B,0.001519753801248953
rubble,B,60,800,0.02,0.05,0.4,,19,0.3,0.2,2.0,20,0,0.6634078212290503,0.6739874301675977,0.8652234636871509,260.0,1.0666666666666667,0.4666666666666667,35.31897028092892,0.1289375,0.8820798514391829,29,2.577120839079988,0.19536043271010167,1.977120839079988,1.8005778290687084,1.0,B,0.0014800741137514705
rubble,B,60,800,0.02,0.05,0.4,,20,0.3,0.2,2.0,20,0,0.7318435754189944,0.713826815642458,0.8589385474860335,240.0,1.2666666666666666,0.55,35.883000958954575,0.1649375,0.9785247432306255,33,2.6135071129442196,0.16735108391308504,2.0135071129442186,1.8743528033831982,1.0,B,0.0015313501037508104
rubble,B,60,800,0.02,0.05,0.4,,21,0.3,0.2,2.0,20,0,0.6815642458100558,0.6492667597765364,0.8414804469273743,280.0,1.1166666666666667,0.48333333333333334,38.28011939692885,0.11464583333333334,0.9130028063610851,36,2.2636371451258843,0.227177979651596,1.663637145125884,1.4448408896389502,1.0,B,0.001468262916250751
rubble,B,60,800,0.02,0.05,0.4,,22,0.3,0.2,2.0,20,0,0.7122905027932961,0.700104748603352,0.8400837988826816,280.0,1.05,0.5166666666666667,37.807767800914846,0.13047916666666667,0.9798270893371758,36,2.333802504824643,0.20722442125647747,1.733802504824643,1.798742010521129,1.0,B,0.001515720990000773
rubble,B,60,800,0.02,0.05,0.4,,23,0.3,0.2,2.0,20,0,0.6634078212290503,0.6419692737430167,0.8254189944134078,280.0,1.2166666666666666,0.48333333333333334,36.823180186407065,0.0985,0.9178743961352658,32,2.499838135122241,0.29978714776230536,1.8998381351222404,1.7872966911387214,1.0,B,0.0014502444275012749
rubble,B,60,800,0.02,0.05,0.4,,24,0.3,0.2,2.0,20,0,0.7094972067039106,0.676536312849162,0.8372905027932961,280.0,1.1,0.5166666666666667,37.77567450725076,0.12029166666666667,0.9722488038277511,35,2.3842905901489404,0.22597818685948218,1.7842905901489408,1.719213920612181,1.0,B,0.0014622538024991628
rubble,B,60,800,0.02,0.05,0.4,,26,0.3,0.2,2.0,20,0,0.6990223463687151,0.6677025139664805,0.8449720670391061,280.0,1.0833333333333333,0.6333333333333333,36.94137187438725,0.10891666666666666,0.9399061032863849,32,2.4967708277631906,0.17080979344127498,1.896770827763191,1.7597545177035947,1.0,B,0.0014066135937491708
rubble,B,60,800,0.02,0.05,0.4,,25,0.3,0.2,2.0,20,0,0.7493016759776536,0.7254189944134077,0.8582402234636871,280.0,1.2333333333333334,0.38333333333333336,37.250273672607314,0.1804375,1.0151371807000946,38,2.2812424355334238,0.21581119154528247,1.6812424355334235,1.6836156947588667,1.0,B,0.0015516352600002392
rubble,B,60,800,0.02,0.05,0.4,,27,0.3,0.2,2.0,20,0,0.7821229050279329,0.7713687150837989,0.8743016759776536,300.0,1.0666666666666667,0.6666666666666666,39.83677101239617,0.128875,1.0191082802547768,39,2.388296241892248,0.17090070253432427,1.7882962418922472,1.7649614027981508,1.0,B,0.0014286267187503653
rubble,B,60,800,0.02,0.05,0.4,,28,0.3,0.2,2.0,20,0,0.6822625698324022,0.65143156424581,0.8254189944134078,240.0,1.1666666666666667,0.6333333333333333,37.91001419443269,0.13747916666666668,0.9367209971236816,37,2.3414210862841993,0.2946679393002922,1.7414210862841992,1.6117865890124055,1.0,B,0.0014656283850013095
rubble,B,60,800,0.02,0.05,0.4,,29,0.3,0.2,2.0,20,0,0.6717877094972067,0.6567737430167597,0.8365921787709497,260.0,1.1666666666666667,0.5833333333333334,38.658933807614844,0.123125,0.8907407407407406,37,2.2683491201433417,0.32648250028327414,1.6683491201433411,1.6157208088982151,1.0,B,0.00136250640624894
rubble,B,60,800,0.02,0.05,0.6,,0,0.3,0.2,2.0,20,0,0.5831005586592178,0.5520251396648046,0.7995810055865922,300.0,0.95,0.31666666666666665,33.51610435864196,0.11260416666666667,0.7907196969696969,26,2.7670351021296344,0.32869095202876925,2.1670351021296352,1.9426028921188172,1.0,B,0.0012452090625015445
rubble,B,60,800,0.02,0.05,0.6,,1,0.3,0.2,2.0,20,0,0.5963687150837989,0.5890712290502792,0.8365921787709497,280.0,0.9666666666666667,0.43333333333333335,33.14536881441084,0.11933333333333333,0.7981308411214953,24,2.684271085339993,0.20676456249799316,2.0842710853399926,1.9626887192792144,1.0,B,0.00126178182249987
rubble,B,60,800,0.02,0.05,0.6,,2,0.3,0.2,2.0,20,0,0.5572625698324022,0.5152234636871508,0.7548882681564246,260.0,1.0166666666666666,0.48333333333333334,33.348631898375025,0.11741666666666667,0.8004012036108324,26,2.5377583972998323,0.21375235396058306,1.937758397299832,1.8675461013847106,1.0,B,0.001295772759999636
rubble,B,60,800,0.02,0.05,0.6,,3,0.3,0.2,2.0,20,0,0.49511173184357543,0.4669343575418995,0.7932960893854749,240.0,1.1833333333333333,0.4166666666666667,31.50531093541492,0.11304166666666667,0.6726755218216319,21,2.689522077021756,0.19725382967203078,2.0895220770217557,1.8864940023985999,1.0,B,0.001253198384999905
rubble,B,60,800,0.02,0.05,0.6,,4,0.3,0.2,2.0,20,0,0.39385474860335196,0.3858938547486033,0.8421787709497207,280.0,1.0166666666666666,0.3,28.761851836111067,0.11195833333333334,0.5131938125568698,15,3.0573573574578448,0.13329671205234547,2.457357357457845,2.4571562655534955,1.0,B,0.0012369500525005607
rubble,B,60,800,0.02,0.05,0.6,,5,0.3,0.2,2.0,20,0,0.5796089385474861,0.5810405027932961,0.8400837988826816,320.0,1.0666666666666667,0.38333333333333336,31.828899076760973,0.17002083333333334,0.7699443413729128,25,2.6994446966234453,0.11732554785554798,2.0994446966234452,2.1699394253242685,1.0,B,0.0013947407287514578
rubble,B,60,800,0.02,0.05,0.6,,6,0.3,0.2,2.0,20,0,0.5516759776536313,0.5422136871508381,0.8100558659217877,300.0,1.05,0.38333333333333336,32.55068897343207,0.10383333333333333,0.7523809523809525,23,2.6828463827987696,0.2761710844153693,2.0828463827987695,1.900041981923942,1.0,B,0.0013608215625004049
rubble,B,60,800,0.02,0.05,0.6,,7,0.3,0.2,2.0,20,0,0.6215083798882681,0.6008379888268156,0.8386871508379888,300.0,1.2166666666666666,0.43333333333333335,33.331591029504885,0.11827083333333334,0.8068902991840435,26,2.7211613582366008,0.2328707027317849,2.121161358236601,1.8676962453679748,1.0,B,0.0013667455724998944
rubble,B,60,800,0.02,0.05,0.6,,8,0.3,0.2,2.0,20,0,0.5712290502793296,0.5598114525139665,0.803072625698324,280.0,1.0166666666666666,0.31666666666666665,32.012168631223766,0.10689583333333333,0.7760910815939278,23,2.847509772193323,0.24648560251607748,2.2475097721933226,2.156701170571785,1.0,B,0.0014063682287496703
rubble,B,60,800,0.02,0.05,0.6,,9,0.3,0.2,2.0,20,0,0.5460893854748603,0.5467877094972067,0.803072625698324,240.0,1.0666666666666667,0.36666666666666664,32.15441291774635,0.11177083333333333,0.7562862669245648,21,2.9807217594780324,0.26027714398511675,2.3807217594780328,1.9442007682292521,1.0,B,0.0013578074487509183
rubble,B,60,800,0.02,0.05,0.6,,10,0.3,0.2,2.0,20,0,0.5488826815642458,0.5417597765363129,0.8442737430167597,260.0,1.0833333333333333,0.35,31.19992718316507,0.10470833333333333,0.7197802197802198,20,3.057913526556403,0.1784046606287304,2.4579135265564025,2.3769909556826234,1.0,B,0.001353349426249224
rubble,B,60,800,0.02,0.05,0.6,,11,0.3,0.2,2.0,20,0,0.5446927374301676,0.5288756983240223,0.8547486033519553,300.0,1.1,0.4166666666666667,32.93349598134125,0.11029166666666666,0.7008086253369271,23,2.7508306119169252,0.3592031396805068,2.150830611916925,1.8088228232167887,1.0,B,0.0013671952599997894
rubble,B,60,800,0.02,0.05,0.6,,12,0.3,0.2,2.0,20,0,0.5844972067039106,0.5678421787709496,0.776536312849162,300.0,1.0166666666666666,0.5666666666666667,32.20024141465196,0.1043125,0.8311817279046673,24,2.76017436902085,0.23162503434401738,2.1601743690208495,1.9828115102092156,1.0,B,0.0013617565625008866
rubble,B,60,800,0.02,0.05,0.6,,13,0.3,0.2,2.0,20,0,0.5991620111731844,0.5802723463687152,0.7779329608938548,240.0,1.1333333333333333,0.43333333333333335,33.07775645040298,0.12504166666666666,0.8511904761904762,25,2.783419397054703,0.23734839017378384,2.1834193970547036,2.0542505365777517,1.0,B,0.0014266471874998389
rubble,B,60,800,0.02,0.05,0.6,,14,0.3,0.2,2.0,20,0,0.6298882681564246,0.6076117318435754,0.8233240223463687,260.0,1.2,0.45,34.56593071312143,0.114625,0.8517469310670445,27,2.6537467025508445,0.26422353523730363,2.0537467025508445,2.0363403931220203,1.0,B,0.0014552724475015565
rubble,B,60,800,0.02,0.05,0.6,,15,0.3,0.2,2.0,20,0,0.6696927374301676,0.6295391061452513,0.8463687150837989,280.0,1.1166666666666667,0.4666666666666667,34.29714228740017,0.13147916666666667,0.899624765478424,27,2.6810945500245533,0.19102729741828764,2.0810945500245532,2.140083166049497,1.0,B,0.0014298662500004866
rubble,B,60,800,0.02,0.05,0.6,,16,0.3,0.2,2.0,20,0,0.5258379888268156,0.5254888268156425,0.8023743016759777,240.0,1.1833333333333333,0.2833333333333333,31.099602814037947,0.11854166666666667,0.7185114503816794,21,2.9919422436933623,0.28663307599757704,2.391942243693362,2.179084468506568,1.0,B,0.0013713797912510018
rubble,B,60,800,0.02,0.05,0.6,,17,0.3,0.2,2.0,20,0,0.6284916201117319,0.6218575418994413,0.8331005586592178,220.0,1.1,0.4,35.345665739618745,0.09377083333333333,0.8571428571428572,28,2.712387679240907,0.3021581729725758,2.1123876792409075,1.9239065971542912,1.0,B,0.0013531705199989119
rubble,B,60,800,0.02,0.05,0.6,,18,0.3,0.2,2.0,20,0,0.5858938547486033,0.5650139664804469,0.7527932960893855,300.0,1.3,0.43333333333333335,32.477170096911436,0.1368125,0.8398398398398399,27,2.7496383337710943,0.24416679362343233,2.1496383337710947,1.8922573329389563,1.0,B,0.0014431337499991059
rubble,B,60,800,0.02,0.05,0.6,,19,0.3,0.2,2.0,20,0,0.4979050279329609,0.4910614525139664,0.8491620111731844,260.0,1.0666666666666667,0.35,29.861319429715177,0.1275,0.6620241411327762,18,3.165383603323089,0.2175194455126826,2.565383603323089,2.2936111296248196,1.0,B,0.0013428725525000118
rubble,B,60,800,0.02,0.05,0.6,,21,0.3,0.2,2.0,20,0,0.5705307262569832,0.5628142458100558,0.8233240223463687,280.0,1.1166666666666667,0.35,32.757502111024436,0.1061875,0.764265668849392,23,2.702702353938393,0.30424760647297916,2.102702353938393,2.140068679312016,1.0,B,0.0013144089062507192
rubble,B,60,800,0.02,0.05,0.6,,20,0.3,0.2,2.0,20,0,0.5195530726256983,0.5085195530726255,0.8184357541899442,240.0,1.2666666666666666,0.4,29.762491748886976,0.15939583333333332,0.6946778711484594,19,3.12620402615441,0.25816082978638544,2.52620402615441,2.331515885312761,1.0,B,0.0013556828650007446
rubble,B,60,800,0.02,0.05,0.6,,22,0.3,0.2,2.0,20,0,0.6152234636871509,0.5872206703910615,0.8149441340782123,280.0,1.05,0.4,32.460879883063434,0.12670833333333334,0.8463016330451489,24,2.8523975612370815,0.17720639518888165,2.2523975612370815,2.214989935255739,1.0,B,0.0013073332812496119
rubble,B,60,800,0.02,0.05,0.6,,23,0.3,0.2,2.0,20,0,0.5244413407821229,0.518296089385475,0.7988826815642458,280.0,1.2166666666666666,0.35,31.906461157855116,0.09616666666666666,0.7256038647342995,21,3.016442081103882,0.30540231173080823,2.416442081103882,2.0075636048368586,1.0,B,0.0012663752087496505
rubble,B,60,800,0.02,0.05,0.6,,24,0.3,0.2,2.0,20,0,0.6026536312849162,0.5833449720670391,0.8142458100558659,280.0,1.1,0.4,33.73326451000993,0.11285416666666667,0.8258373205741627,25,2.696030870462703,0.2134625049035827,2.096030870462703,2.074658667588205,1.0,B,0.001274407396249444
rubble,B,60,800,0.02,0.05,0.6,,25,0.3,0.2,2.0,20,0,0.553072625698324,0.5260125698324023,0.8156424581005587,280.0,1.2333333333333334,0.4,30.87561274436175,0.17310416666666667,0.7492904446546831,24,2.6156047676291228,0.20708796013770778,2.015604767629122,1.9081222810391436,1.0,B,0.0013587452075012152
rubble,B,60,800,0.02,0.05,0.6,,26,0.3,0.2,2.0,20,0,0.5293296089385475,0.5074720670391062,0.8100558659217877,280.0,1.0833333333333333,0.4,30.61677513670274,0.10629166666666667,0.711737089201878,19,3.2173406750427667,0.2493439541133693,2.617340675042766,2.437025225967055,1.0,B,0.0011751449999997021
rubble,B,60,800,0.02,0.05,0.6,,27,0.3,0.2,2.0,20,0,0.553072625698324,0.5533170391061452,0.8254189944134078,300.0,1.0666666666666667,0.5,32.10306980071879,0.12210416666666667,0.7206551410373067,22,2.8307889678680365,0.28241808975510063,2.2307889678680373,1.9880247323183844,1.0,B,0.0012339070825009913
rubble,B,60,800,0.02,0.05,0.6,,28,0.3,0.2,2.0,20,0,0.5181564245810056,0.5050628491620112,0.789804469273743,240.0,1.1666666666666667,0.38333333333333336,30.16897408742509,0.13379166666666667,0.7114093959731544,20,3.1385439951851657,0.2699420793549966,2.538543995185165,2.302577651131309,1.0,B,0.0013226222912498997
rubble,B,60,800,0.02,0.05,0.6,,29,0.3,0.2,2.0,20,0,0.5691340782122905,0.563268156424581,0.8247206703910615,260.0,1.1666666666666667,0.35,33.60569650192302,0.11585416666666666,0.7546296296296295,25,2.7244699716454868,0.29733569166867535,2.124469971645487,1.8962107837885243,1.0,B,0.0013286869800003842
apartment,C,60,800,0.02,0.05,0.0,,0,0.3,0.2,2.0,20,0,0.9765625,0.9643880208333332,0.9934895833333334,360.0,0.9166666666666666,0.4166666666666667,57.93678780090901,0.03285416666666666,,60,2.097415568949155,0.14502318524445498,1.4974155689491555,1.4715841083665382,1.0,C,0.0015483265100010612
apartment,C,60,800,0.02,0.05,0.0,,1,0.3,0.2,2.0,20,0,0.9798177083333334,0.9538411458333332,0.9928385416666666,340.0,1.25,0.48333333333333334,57.602219753945214,0.03970833333333333,,60,2.1140874312929925,0.10070138193217852,1.5140874312929924,1.5263276051227974,1.0,C,0.0015762332300005256
apartment,C,60,800,0.02,0.05,0.0,,2,0.3,0.2,2.0,20,0,0.9759114583333334,0.9590169270833334,0.994140625,320.0,0.8833333333333333,0.4666666666666667,57.68660599602834,0.03152083333333333,,60,2.1571520438867116,0.10988438691054585,1.557152043886712,1.5848697149443,1.0,C,0.0016059249487511806
apartment,C,60,800,0.02,0.05,0.0,,3,0.3,0.2,2.0,20,0,0.9817708333333334,0.9631184895833333,0.9967447916666666,360.0,1.0,0.4166666666666667,57.97980012270998,0.037083333333333336,,60,2.1172074522299518,0.13212870376536373,1.5172074522299517,1.5287513927215866,1.0,C,0.001640975312500359
apartment,C,60,800,0.02,0.05,0.0,,4,0.3,0.2,2.0,20,0,0.9791666666666666,0.9608072916666666,0.9934895833333334,340.0,1.1333333333333333,0.4,58.074002681790844,0.036645833333333336,,60,2.1265974926746978,0.09641975187736496,1.5265974926746977,1.539734273197598,1.0,C,0.001650471927498529
apartment,C,60,800,0.02,0.05,0.0,,5,0.3,0.2,2.0,20,0,0.9798177083333334,0.9620442708333332,0.994140625,360.0,1.2,0.5,58.2103143130648,0.04035416666666667,,60,2.14771325378579,0.127511098282785,1.5477132537857903,1.547692813186556,1.0,C,0.0016718531249989609
apartment,C,60,800,0.02,0.05,0.0,,6,0.3,0.2,2.0,20,0,0.982421875,0.9578450520833333,0.99609375,380.0,1.0666666666666667,0.38333333333333336,56.83048573736087,0.04060416666666666,,60,2.1176957143974713,0.14127345678966136,1.5176957143974716,1.5711408959050726,1.0,C,0.0016652015625004423
apartment,C,60,800,0.02,0.05,0.0,,7,0.3,0.2,2.0,20,0,0.9694010416666666,0.9557291666666667,0.9934895833333334,320.0,1.0,0.38333333333333336,57.46216272934881,0.0369375,,60,2.1625273746285805,0.11005893808380364,1.56252737462858,1.5427845097354158,1.0,C,0.0017012777087506948
apartment,C,60,800,0.02,0.05,0.0,,8,0.3,0.2,2.0,20,0,0.974609375,0.9423828124999998,0.9915364583333334,340.0,1.2166666666666666,0.45,57.41051015652889,0.0391875,,60,2.148276396375267,0.11363867277008906,1.5482763963752673,1.5835590148319594,1.0,C,0.0016791723437518157
apartment,C,60,800,0.02,0.05,0.0,,9,0.3,0.2,2.0,20,0,0.984375,0.9557291666666666,0.9947916666666666,400.0,0.9833333333333333,0.4666666666666667,57.719181898637665,0.037375,,60,2.132717527152333,0.12236396327128879,1.5327175271523332,1.5594453943239635,1.0,C,0.0016922445312479795
apartment,C,60,800,0.02,0.05,0.0,,10,0.3,0.2,2.0,20,0,0.9537760416666666,0.9588216145833333,0.9947916666666666,340.0,1.15,0.55,58.52018279115735,0.035916666666666666,,60,2.0685233734486883,0.13023376382380672,1.468523373448688,1.4587877762202566,1.0,C,0.00167293609375065
apartment,C,60,800,0.02,0.05,0.0,,11,0.3,0.2,2.0,20,0,0.9765625,0.9545247395833332,0.9915364583333334,380.0,0.9166666666666666,0.5833333333333334,57.85964936295449,0.033979166666666664,,60,2.134792731949089,0.11889269193943869,1.5347927319490888,1.5346873466414146,1.0,C,0.0016233743750012763
apartment,C,60,800,0.02,0.05,0.0,,12,0.3,0.2,2.0,20,0,0.98046875,0.9521484375,0.9934895833333334,340.0,1.25,0.38333333333333336,57.937785293182706,0.036208333333333335,,60,2.1964968403536016,0.08870728545478371,1.5964968403536017,1.6067900707935223,1.0,C,0.001565910937499666
apartment,C,60,800,0.02,0.05,0.0,,13,0.3,0.2,2.0,20,0,0.9817708333333334,0.9545572916666668,0.9921875,360.0,1.1333333333333333,0.3333333333333333,57.771331671606134,0.0420625,,60,2.12046771476953,0.1331202793701985,1.5204677147695302,1.5244939687794137,1.0,C,0.001572927292500026
apartment,C,60,800,0.02,0.05,0.0,,14,0.3,0.2,2.0,20,0,0.9811197916666666,0.9569661458333336,0.9934895833333334,380.0,1.0166666666666666,0.25,58.110041559391675,0.034916666666666665,,60,2.173490385297343,0.08125495068968486,1.573490385297343,1.55680868490146,1.0,C,0.0016578253650004627
apartment,C,60,800,0.02,0.05,0.0,,15,0.3,0.2,2.0,20,0,0.9837239583333334,0.94833984375,0.9934895833333334,420.0,0.8166666666666667,0.3,57.45061943211551,0.037333333333333336,,60,2.144553618302586,0.12412297006060004,1.5445536183025863,1.569621365781246,1.0,C,0.0015480766662517454
apartment,C,60,800,0.02,0.05,0.0,,16,0.3,0.2,2.0,20,0,0.978515625,0.9589843749999998,0.9947916666666666,320.0,1.1666666666666667,0.48333333333333334,58.08188637173465,0.035958333333333335,,60,2.1682172651190306,0.12936505481271154,1.5682172651190305,1.5486441166357772,1.0,C,0.001482222135000484
apartment,C,60,800,0.02,0.05,0.0,,17,0.3,0.2,2.0,20,0,0.982421875,0.9617513020833336,0.9934895833333334,300.0,1.0666666666666667,0.38333333333333336,58.51049722138808,0.0379375,,60,2.1520057528726326,0.10280828192826208,1.5520057528726325,1.5210908027626902,1.0,C,0.001456314791250861
apartment,C,60,800,0.02,0.05,0.0,,18,0.3,0.2,2.0,20,0,0.9778645833333334,0.9557291666666667,0.9921875,300.0,1.0666666666666667,0.48333333333333334,58.212357363846486,0.028791666666666667,,60,2.115692384904215,0.09911336588331328,1.515692384904214,1.5355211357205887,1.0,C,0.0014339191662497796
apartment,C,60,800,0.02,0.05,0.0,,19,0.3,0.2,2.0,20,0,0.982421875,0.957421875,0.994140625,320.0,1.1666666666666667,0.4166666666666667,57.4073965128672,0.03660416666666667,,60,2.1569244292490555,0.13099268592579755,1.5569244292490558,1.608695685036974,1.0,C,0.0014985057812509695
apartment,C,60,800,0.02,0.05,0.0,,20,0.3,0.2,2.0,20,0,0.9811197916666666,0.9595052083333334,0.9934895833333334,380.0,1.25,0.48333333333333334,57.1687190042273,0.03716666666666667,,60,2.1622078083496183,0.11803605061604551,1.5622078083496183,1.5878588663211484,1.0,C,0.001553859426251165
apartment,C,60,800,0.02,0.05,0.0,,21,0.3,0.2,2.0,20,0,0.978515625,0.9529622395833334,0.994140625,340.0,1.1333333333333333,0.31666666666666665,58.043899878417534,0.036375,,60,2.1400739875306796,0.10957777804023808,1.5400739875306797,1.5352794283618143,1.0,C,0.001583014062498478
apartment,C,60,800,0.02,0.05,0.0,,22,0.3,0.2,2.0,20,0,0.9733072916666666,0.9483723958333334,0.990234375,380.0,1.0833333333333333,0.3333333333333333,57.82605510465995,0.036333333333333336,,60,2.1002489159623483,0.10847674068698894,1.5002489159623484,1.49107701863641,1.0,C,0.0016112503125009425
apartment,C,60,800,0.02,0.05,0.0,,23,0.3,0.2,2.0,20,0,0.9830729166666666,0.9609375000000002,0.994140625,300.0,1.15,0.31666666666666665,58.41452690722529,0.03789583333333333,,60,2.130172355127682,0.11475349900049166,1.5301723551276816,1.5287169754274825,1.0,C,0.0016024988024992126
apartment,C,60,800,0.02,0.05,0.0,,24,0.3,0.2,2.0,20,0,0.9772135416666666,0.9519856770833334,0.9915364583333334,340.0,1.1333333333333333,0.4166666666666667,57.36396427107876,0.0391875,,60,2.152935518348678,0.11281281938051183,1.5529355183486784,1.5241631932363928,1.0,C,0.0016489627600003588
apartment,C,60,800,0.02,0.05,0.0,,25,0.3,0.2,2.0,20,0,0.9778645833333334,0.9544270833333334,0.9934895833333334,320.0,1.15,0.36666666666666664,57.807264943583974,0.034125,,60,2.0940712399182098,0.13228907120276978,1.4940712399182092,1.5449660804042282,1.0,C,0.0016706991662499603
apartment,C,60,800,0.02,0.05,0.0,,26,0.3,0.2,2.0,20,0,0.9759114583333334,0.9439127604166666,0.9915364583333334,380.0,0.9833333333333333,0.4,56.64572480371716,0.03766666666666667,,60,2.0439864344962113,0.14994008417341875,1.4439864344962112,1.5153084721527637,1.0,C,0.001686117187500713
apartment,C,60,800,0.02,0.05,0.0,,27,0.3,0.2,2.0,20,0,0.98046875,0.9519856770833334,0.9928385416666666,320.0,1.0666666666666667,0.5333333333333333,57.78493953119023,0.033666666666666664,,60,2.120755744441335,0.1176003755852167,1.5207557444413353,1.5176758311049787,1.0,C,0.0016947207812495436
apartment,C,60,800,0.02,0.05,0.0,,28,0.3,0.2,2.0,20,0,0.9837239583333334,0.960546875,0.9947916666666666,360.0,1.0666666666666667,0.4,57.839998620871704,0.04035416666666667,,60,2.136193848212507,0.11378217193374643,1.5361938482125066,1.5503440888339344,1.0,C,0.0016810953637514104
apartment,C,60,800,0.02,0.05,0.0,,29,0.3,0.2,2.0,20,0,0.9739583333333334,0.9666341145833334,0.994140625,320.0,1.1166666666666667,0.55,58.12852636922536,0.037395833333333336,,60,2.1358565780602574,0.12502609728776923,1.5358565780602573,1.5852056638648593,1.0,C,0.0016784083862489752
apartment,C,60,800,0.02,0.05,0.2,,0,0.3,0.2,2.0,20,0,0.9388020833333334,0.91298828125,0.98828125,240.0,0.9166666666666666,0.21666666666666667,50.223631366396354,0.03145833333333333,1.0248756218905473,45,2.375747685145236,0.07819512656614241,1.7757476851452363,1.813692793777323,1.0,C,0.001472179582501667
apartment,C,60,800,0.02,0.05,0.2,,1,0.3,0.2,2.0,20,0,0.9375,0.9113932291666668,0.984375,220.0,1.25,0.38333333333333336,51.96223543218742,0.03841666666666667,1.023454157782516,48,2.2748335476415793,0.11242188514150823,1.6748335476415794,1.6827931783907961,1.0,C,0.0015457556775004377
apartment,C,60,800,0.02,0.05,0.2,,2,0.3,0.2,2.0,20,0,0.9049479166666666,0.8788736979166666,0.9661458333333334,220.0,0.8833333333333333,0.31666666666666665,50.94436248957991,0.030458333333333334,1.003610108303249,46,2.3363807492834927,0.08747239949187341,1.736380749283493,1.6994763557098396,1.0,C,0.0014816350000000965
apartment,C,60,800,0.02,0.05,0.2,,3,0.3,0.2,2.0,20,0,0.9134114583333334,0.8947265624999998,0.9759114583333334,240.0,1.0,0.26666666666666666,49.859491194953016,0.03575,1.000713266761769,45,2.3551215963410095,0.09676902038290376,1.7551215963410098,1.6842254084076465,1.0,C,0.0014675280212486542
apartment,C,60,800,0.02,0.05,0.2,,4,0.3,0.2,2.0,20,0,0.9147135416666666,0.9103515625000002,0.982421875,220.0,1.1333333333333333,0.2833333333333333,51.706882975743675,0.035083333333333334,0.9957476966690291,48,2.2637603616951076,0.11119796497924797,1.6637603616951075,1.674954623411732,1.0,C,0.0014583815099990715
apartment,C,60,800,0.02,0.05,0.2,,5,0.3,0.2,2.0,20,0,0.9309895833333334,0.9184244791666666,0.9889322916666666,200.0,1.2,0.45,53.76153102529149,0.0398125,1.0332369942196533,51,2.2125143355454373,0.10683549349773855,1.6125143355454372,1.5995107913409434,1.0,C,0.0014930958850004573
apartment,C,60,800,0.02,0.05,0.2,,6,0.3,0.2,2.0,20,0,0.9342447916666666,0.9165039062500002,0.9817708333333334,220.0,1.0666666666666667,0.2833333333333333,50.952522743804664,0.03947916666666667,1.039855072463768,48,2.313187556243113,0.11968944512662517,1.7131875562431134,1.7817819341706334,1.0,C,0.001442319791249247
apartment,C,60,800,0.02,0.05,0.2,,7,0.3,0.2,2.0,20,0,0.9407552083333334,0.9128580729166667,0.9856770833333334,240.0,1.0,0.23333333333333334,52.27994978890508,0.035479166666666666,1.0240963855421688,49,2.25686749010634,0.11123149583119193,1.65686749010634,1.6153929082739316,1.0,C,0.0014413579687493439
apartment,C,60,800,0.02,0.05,0.2,,8,0.3,0.2,2.0,20,0,0.8834635416666666,0.8588216145833334,0.9518229166666666,200.0,1.2166666666666666,0.21666666666666667,48.59580229560882,0.037125,0.9804913294797688,42,2.426967951745859,0.0866085914993213,1.8269679517458584,1.9121529241043937,1.0,C,0.001343087135001042
apartment,C,60,800,0.02,0.05,0.2,,9,0.3,0.2,2.0,20,0,0.8951822916666666,0.8784830729166668,0.97265625,200.0,0.9833333333333333,0.2833333333333333,49.186000338573315,0.035645833333333335,0.9970993473531544,44,2.3347185855571713,0.14327272466259633,1.7347185855571714,1.690007872781913,1.0,C,0.0013183830725006374
apartment,C,60,800,0.02,0.05,0.2,,10,0.3,0.2,2.0,20,0,0.935546875,0.9203776041666666,0.9856770833333334,220.0,1.15,0.5333333333333333,53.04932929593163,0.035604166666666666,1.0055983205038488,50,2.2631922321554954,0.10728535841315859,1.6631922321554953,1.6413043176838698,1.0,C,0.0013894543749984223
apartment,C,60,800,0.02,0.05,0.2,,12,0.3,0.2,2.0,20,0,0.85546875,0.8534830729166666,0.96875,240.0,1.25,0.23333333333333334,46.995266197621156,0.034479166666666665,0.9392423159399571,40,2.394628011663992,0.1344617535542641,1.7946280116639919,1.7939885702943927,1.0,C,0.001291087812501246
apartment,C,60,800,0.02,0.05,0.2,,11,0.3,0.2,2.0,20,0,0.9485677083333334,0.9116861979166666,0.98828125,200.0,0.9166666666666666,0.5166666666666667,53.28952157410815,0.033625,1.0436962750716334,51,2.31786889462621,0.09316709585212939,1.71786889462621,1.704195581708273,1.0,C,0.0014226301562507615
apartment,C,60,800,0.02,0.05,0.2,,14,0.3,0.2,2.0,20,0,0.9290364583333334,0.9053385416666666,0.9765625,220.0,1.0166666666666666,0.18333333333333332,52.05858310576678,0.03377083333333333,1.0200142959256613,48,2.358844995975082,0.09986336328457594,1.7588449959750818,1.73905067081962,1.0,C,0.0014448513024990462
apartment,C,60,800,0.02,0.05,0.2,,13,0.3,0.2,2.0,20,0,0.9309895833333334,0.9109374999999998,0.9850260416666666,200.0,1.1333333333333333,0.18333333333333332,50.75563126957159,0.04075,1.0377358490566038,47,2.339542427775333,0.11260955179361738,1.7395424277753335,1.771295077252904,1.0,C,0.0015897958862501583
apartment,C,60,800,0.02,0.05,0.2,,15,0.3,0.2,2.0,20,0,0.9114583333333334,0.8897135416666666,0.962890625,200.0,0.8166666666666667,0.2833333333333333,51.274802857122104,0.035979166666666666,1.0294117647058825,48,2.2314599787090335,0.13007800393462216,1.6314599787090334,1.6993834525305287,1.0,C,0.0014577708862498185
apartment,C,60,800,0.02,0.05,0.2,,16,0.3,0.2,2.0,20,0,0.9290364583333334,0.9209309895833332,0.9876302083333334,240.0,1.1666666666666667,0.4,52.228129105864646,0.0349375,1.0142146410803128,48,2.322942818755043,0.09782518565511304,1.7229428187550428,1.7289081680855116,1.0,C,0.0014598666662504912
apartment,C,60,800,0.02,0.05,0.2,,17,0.3,0.2,2.0,20,0,0.9361979166666666,0.9141927083333334,0.9811197916666666,240.0,1.0666666666666667,0.25,51.48483632274594,0.036375,1.004891684136967,46,2.3770806316235435,0.10402502095337438,1.7770806316235437,1.7940092429544017,1.0,C,0.0014749936462499136
apartment,C,60,800,0.02,0.05,0.2,,18,0.3,0.2,2.0,20,0,0.9498697916666666,0.943359375,0.9889322916666666,220.0,1.0666666666666667,0.5166666666666667,54.97006896653072,0.0283125,1.0376955903271692,54,2.1432953776654036,0.14681615154899463,1.5432953776654033,1.5359304869636743,1.0,C,0.0015597555212502811
apartment,C,60,800,0.02,0.05,0.2,,21,0.3,0.2,2.0,20,0,0.884765625,0.87177734375,0.9720052083333334,200.0,1.1333333333333333,0.26666666666666666,49.19566808100139,0.035333333333333335,0.9862119013062409,43,2.3520637502642816,0.12071069260246364,1.752063750264282,1.7862563284320427,1.0,C,0.0014440724475002754
apartment,C,60,800,0.02,0.05,0.2,,20,0.3,0.2,2.0,20,0,0.9153645833333334,0.8923502604166667,0.9791666666666666,240.0,1.25,0.31666666666666665,50.40742896775318,0.035833333333333335,1.0007117437722421,46,2.411331007073061,0.08730669960736537,1.8113310070730606,1.8764619282824113,1.0,C,0.0015056998962495528
apartment,C,60,800,0.02,0.05,0.2,,19,0.3,0.2,2.0,20,0,0.9427083333333334,0.9113606770833332,0.9856770833333334,260.0,1.1666666666666667,0.36666666666666664,52.711695150374354,0.0356875,1.0394831299353913,50,2.26055175743826,0.09930195730192565,1.6605517574382602,1.6489573509745146,1.0,C,0.001557787707499756
apartment,C,60,800,0.02,0.05,0.2,,22,0.3,0.2,2.0,20,0,0.9212239583333334,0.912109375,0.9791666666666666,220.0,1.0833333333333333,0.23333333333333334,52.4448999517609,0.035666666666666666,1.0187185025197985,49,2.309285985959481,0.10402600278589627,1.709285985959481,1.7083951948347873,1.0,C,0.0015627322925001862
apartment,C,60,800,0.02,0.05,0.2,,23,0.3,0.2,2.0,20,0,0.947265625,0.93505859375,0.9908854166666666,240.0,1.15,0.23333333333333334,54.95953419492705,0.03741666666666667,1.0260930888575457,53,2.1790176670698793,0.1175595290049229,1.5790176670698794,1.6130177682609834,1.0,C,0.0015983456774984006
apartment,C,60,800,0.02,0.05,0.2,,24,0.3,0.2,2.0,20,0,0.9329427083333334,0.9193033854166666,0.982421875,220.0,1.1333333333333333,0.4,52.112811358851665,0.03816666666666667,1.0257695060844667,49,2.2673234960835313,0.11707401643534061,1.6673234960835313,1.7493841283906875,1.0,C,0.0015912378124994576
apartment,C,60,800,0.02,0.05,0.2,,25,0.3,0.2,2.0,20,0,0.9342447916666666,0.919921875,0.9876302083333334,220.0,1.15,0.18333333333333332,52.23460490928553,0.0331875,1.0162889518413596,49,2.3068939295977784,0.10162511565783792,1.706893929597778,1.7284970050288595,1.0,C,0.0015639676037494609
apartment,C,60,800,0.02,0.05,0.2,,26,0.3,0.2,2.0,20,0,0.9459635416666666,0.92646484375,0.9869791666666666,200.0,0.9833333333333333,0.3,52.32562204174732,0.036291666666666667,1.0598103574033553,50,2.2572519798734976,0.1369912109510475,1.657251979873497,1.6412413399969177,1.0,C,0.0015683330212505097
apartment,C,60,800,0.02,0.05,0.2,,27,0.3,0.2,2.0,20,0,0.9010416666666666,0.8998046875,0.98046875,220.0,1.0666666666666667,0.23333333333333334,50.006053855033585,0.03202083333333333,0.9949676491732565,45,2.3815152046691637,0.10422083423462689,1.781515204669163,1.7326547474389984,1.0,C,0.0014557317699996019
apartment,C,60,800,0.02,0.05,0.4,,0,0.3,0.2,2.0,20,0,0.8248697916666666,0.8201171875,0.978515625,240.0,0.9166666666666666,0.21666666666666667,45.32719183861683,0.03125,0.900497512437811,34,2.6710223573251572,0.09579702192861768,2.0710223573251567,2.032585177583864,1.0,C,0.001335480937500506
apartment,C,60,800,0.02,0.05,0.2,,28,0.3,0.2,2.0,20,0,0.912109375,0.88349609375,0.9609375,240.0,1.0666666666666667,0.21666666666666667,51.58180912435834,0.03870833333333333,0.9992867332382311,47,2.3155083005807158,0.111978065845544,1.7155083005807168,1.7921841362404445,1.0,C,0.0014421491137500198
apartment,C,60,800,0.02,0.05,0.2,,29,0.3,0.2,2.0,20,0,0.9322916666666666,0.9299479166666667,0.9895833333333334,260.0,1.1166666666666667,0.31666666666666665,52.53495852847391,0.036041666666666666,0.9937543372657877,49,2.308249006887444,0.10395800274489482,1.7082490068874436,1.6891628756331425,1.0,C,0.0014709036462500081
apartment,C,60,800,0.02,0.05,0.4,,1,0.3,0.2,2.0,20,0,0.7903645833333334,0.78505859375,0.9348958333333334,220.0,1.25,0.25,44.51442246372251,0.03775,0.8628287135749823,33,2.666414528017488,0.16826725765824013,2.066414528017488,1.9803081045277993,1.0,C,0.0012765146875017308
apartment,C,60,800,0.02,0.05,0.4,,2,0.3,0.2,2.0,20,0,0.8326822916666666,0.827734375,0.9537760416666666,220.0,0.8833333333333333,0.26666666666666666,46.2767435252771,0.0299375,0.923465703971119,37,2.5467789593626486,0.13762387107626223,1.9467789593626486,1.8609585508086108,1.0,C,0.0012769454687509096
apartment,C,60,800,0.02,0.05,0.4,,3,0.3,0.2,2.0,20,0,0.8522135416666666,0.84111328125,0.94921875,240.0,1.0,0.16666666666666666,46.76436143250554,0.03525,0.9336661911554921,38,2.5785165710572424,0.13530549775997472,1.978516571057242,1.9510974778085584,1.0,C,0.0012902266662513284
apartment,C,60,800,0.02,0.05,0.4,,4,0.3,0.2,2.0,20,0,0.826171875,0.80966796875,0.96484375,220.0,1.1333333333333333,0.21666666666666667,44.793902808060324,0.0346875,0.8993621545003544,33,2.6471024493479445,0.12025019896080275,2.0471024493479444,2.004051813976081,1.0,C,0.0012469202600004791
apartment,C,60,800,0.02,0.05,0.4,,5,0.3,0.2,2.0,20,0,0.8190104166666666,0.8118815104166666,0.9342447916666666,200.0,1.2,0.4,46.26667096659456,0.0391875,0.9089595375722543,36,2.6074638155184533,0.1780311677463845,2.0074638155184523,1.8907564481643793,1.0,C,0.0012898165112505923
apartment,C,60,800,0.02,0.05,0.4,,6,0.3,0.2,2.0,20,0,0.826171875,0.81708984375,0.9524739583333334,220.0,1.0666666666666667,0.2,45.186789231918276,0.03889583333333333,0.9195652173913044,37,2.453730300842219,0.11415860749114097,1.8537303008422195,1.8341835317477924,1.0,C,0.0013473279162508334
apartment,C,60,800,0.02,0.05,0.4,,7,0.3,0.2,2.0,20,0,0.8658854166666666,0.8578450520833334,0.9661458333333334,240.0,1.0,0.26666666666666666,47.04118917930993,0.0355,0.9425939050318922,39,2.416163831441244,0.12150459226527237,1.8161638314412436,1.8216002171179015,1.0,C,0.0013992401562495616
apartment,C,60,800,0.02,0.05,0.4,,8,0.3,0.2,2.0,20,0,0.8268229166666666,0.8101888020833332,0.94921875,200.0,1.2166666666666666,0.21666666666666667,45.53371586467204,0.03704166666666667,0.9176300578034682,35,2.5319219809627094,0.10548125185071433,1.9319219809627093,1.956847551830391,1.0,C,0.001333588593749937
apartment,C,60,800,0.02,0.05,0.4,,9,0.3,0.2,2.0,20,0,0.8450520833333334,0.83369140625,0.9557291666666666,200.0,0.9833333333333333,0.25,45.94858641460056,0.035333333333333335,0.9412617839013778,37,2.5011856144111237,0.0883004932477132,1.901185614411124,1.9023461193400188,1.0,C,0.0013879322399998272
apartment,C,60,800,0.02,0.05,0.4,,10,0.3,0.2,2.0,20,0,0.873046875,0.8508138020833332,0.9596354166666666,220.0,1.15,0.4,48.13766570178867,0.034916666666666665,0.9384184744576627,40,2.4234880841714554,0.08703682549907557,1.8234880841714556,1.8205699541530476,1.0,C,0.0014709941662499658
apartment,C,60,800,0.02,0.05,0.4,,11,0.3,0.2,2.0,20,0,0.8248697916666666,0.8176432291666667,0.9459635416666666,200.0,0.9166666666666666,0.25,45.46570122827613,0.032125,0.9075931232091691,35,2.62279946195284,0.174800121530559,2.0227994619528404,1.8997852517818221,1.0,C,0.001415637134998633
apartment,C,60,800,0.02,0.05,0.4,,12,0.3,0.2,2.0,20,0,0.8268229166666666,0.7996419270833333,0.974609375,240.0,1.25,0.2,44.00063631170758,0.034520833333333334,0.9077912794853467,33,2.7450852320066947,0.11015178156139868,2.145085232006695,2.0597216413895456,1.0,C,0.0013748841662504674
apartment,C,60,800,0.02,0.05,0.4,,13,0.3,0.2,2.0,20,0,0.8645833333333334,0.86103515625,0.9596354166666666,200.0,1.1333333333333333,0.16666666666666666,46.60817114256205,0.04016666666666667,0.9637155297532657,39,2.4431522232605825,0.1124333417634804,1.8431522232605828,1.853478409873548,1.0,C,0.0014398754162493787
apartment,C,60,800,0.02,0.05,0.4,,14,0.3,0.2,2.0,20,0,0.822265625,0.8245768229166668,0.9537760416666666,220.0,1.0166666666666666,0.11666666666666667,46.15828393415111,0.033791666666666664,0.9027877055039314,36,2.549106997770121,0.09471796951594282,1.9491069977701214,1.9002519296792428,1.0,C,0.0014298877612509387
apartment,C,60,800,0.02,0.05,0.4,,15,0.3,0.2,2.0,20,0,0.8040364583333334,0.80634765625,0.935546875,200.0,0.8166666666666667,0.13333333333333333,45.8808718004973,0.035145833333333334,0.9080882352941178,37,2.462958238897206,0.18899083851534812,1.8629582388972057,1.8293065892503266,1.0,C,0.0014149397925007179
apartment,C,60,800,0.02,0.05,0.4,,16,0.3,0.2,2.0,20,0,0.8528645833333334,0.8545247395833332,0.9778645833333334,240.0,1.1666666666666667,0.25,45.91289452943421,0.0339375,0.9310589907604834,36,2.555233847613391,0.09748414104939747,1.955233847613391,1.9262392309276994,1.0,C,0.0013600108337504934
apartment,C,60,800,0.02,0.05,0.4,,17,0.3,0.2,2.0,20,0,0.8248697916666666,0.8292317708333332,0.9680989583333334,240.0,1.0666666666666667,0.21666666666666667,45.664947188152084,0.036145833333333335,0.8853948287910551,35,2.563560273551771,0.10008161186371693,1.9635602735517705,1.9112127799611205,1.0,C,0.0013708132812507755
apartment,C,60,800,0.02,0.05,0.4,,18,0.3,0.2,2.0,20,0,0.814453125,0.821484375,0.955078125,220.0,1.0666666666666667,0.35,45.36464950757462,0.027125,0.8897581792318634,35,2.59028031134163,0.15953015833595804,1.99028031134163,1.91559375742762,1.0,C,0.0013462836450003125
apartment,C,60,800,0.02,0.05,0.4,,19,0.3,0.2,2.0,20,0,0.8587239583333334,0.8482747395833334,0.953125,260.0,1.1666666666666667,0.26666666666666666,47.24112903211655,0.034666666666666665,0.9468772433596555,40,2.4252873136861774,0.08821598731085496,1.8252873136861774,1.8623392271551202,1.0,C,0.001446093228751124
apartment,C,60,800,0.02,0.05,0.4,,20,0.3,0.2,2.0,20,0,0.8033854166666666,0.7944010416666666,0.962890625,240.0,1.25,0.2,45.3867980839472,0.035354166666666666,0.8782918149466192,35,2.4933764516911023,0.14443149966898758,1.8933764516911022,1.9012496686835547,1.0,C,0.001388772238749425
apartment,C,60,800,0.02,0.05,0.4,,21,0.3,0.2,2.0,20,0,0.8483072916666666,0.8414388020833334,0.9407552083333334,200.0,1.1333333333333333,0.15,46.86770078638635,0.034791666666666665,0.9455732946298984,38,2.5850556759119256,0.15525889983794575,1.985055675911925,1.9069237245889241,1.0,C,0.0015059516674978113
apartment,C,60,800,0.02,0.05,0.4,,22,0.3,0.2,2.0,20,0,0.8704427083333334,0.8554361979166666,0.9537760416666666,220.0,1.0833333333333333,0.15,48.6519422244332,0.035020833333333334,0.9625629949604032,42,2.3608037257852486,0.09605166465194491,1.760803725785249,1.7281156914547278,1.0,C,0.0013887320312505834
apartment,C,60,800,0.02,0.05,0.4,,23,0.3,0.2,2.0,20,0,0.8697916666666666,0.8722656250000002,0.9602864583333334,240.0,1.15,0.1,48.88572025482597,0.03647916666666667,0.9421720733427361,41,2.4142632698922637,0.0852502865154152,1.814263269892264,1.833082734964918,1.0,C,0.0013450741662495603
apartment,C,60,800,0.02,0.05,0.4,,24,0.3,0.2,2.0,20,0,0.8385416666666666,0.8212239583333334,0.9401041666666666,220.0,1.1333333333333333,0.25,46.52931245708468,0.03729166666666667,0.9219756621331424,37,2.6060908115366708,0.134248857105701,2.006090811536671,1.9184912946006576,1.0,C,0.001348494791250232
apartment,C,60,800,0.02,0.05,0.4,,26,0.3,0.2,2.0,20,0,0.8229166666666666,0.8150390625,0.9296875,200.0,0.9833333333333333,0.2,45.279570367857254,0.035770833333333335,0.9219547775346462,37,2.529746212179106,0.18837521573538207,1.929746212179106,1.865136619099184,1.0,C,0.0013058492187496995
apartment,C,60,800,0.02,0.05,0.4,,25,0.3,0.2,2.0,20,0,0.8802083333333334,0.8700195312499999,0.97265625,220.0,1.15,0.18333333333333332,47.75436021095457,0.032875,0.9575070821529745,40,2.444245119344269,0.12398651946017013,1.8442451193442686,1.7562941299874917,1.0,C,0.001352907708751445
apartment,C,60,800,0.02,0.05,0.4,,27,0.3,0.2,2.0,20,0,0.8359375,0.83564453125,0.9557291666666666,220.0,1.0666666666666667,0.23333333333333334,46.2117167459795,0.03197916666666667,0.923076923076923,37,2.455786137582203,0.09750709768136546,1.8557861375822027,1.8982205026418395,1.0,C,0.001296300886251629
apartment,C,60,800,0.02,0.05,0.4,,28,0.3,0.2,2.0,20,0,0.8040364583333334,0.7986002604166667,0.9427083333333334,240.0,1.0666666666666667,0.23333333333333334,45.48374771465654,0.03820833333333333,0.8808844507845935,35,2.6745620988512147,0.1973702576677269,2.074562098851215,1.9836033629354932,1.0,C,0.0013041347387502357
apartment,C,60,800,0.02,0.05,0.4,,29,0.3,0.2,2.0,20,0,0.8880208333333334,0.8812825520833332,0.9830729166666666,260.0,1.1166666666666667,0.35,47.904131422412014,0.035833333333333335,0.9465648854961832,40,2.474505087923557,0.07618681821836985,1.874505087923557,1.8514190535488992,1.0,C,0.0013216860412512688
apartment,C,60,800,0.02,0.05,0.6,,0,0.3,0.2,2.0,20,0,0.5872395833333334,0.5839518229166666,0.943359375,240.0,0.9166666666666666,0.16666666666666666,38.88096000475339,0.031,0.6410803127221039,21,3.139926986279593,0.28726631872855796,2.5399269862795935,2.3018775857670106,1.0,C,0.0012432582299993556
apartment,C,60,800,0.02,0.05,0.6,,1,0.3,0.2,2.0,20,0,0.6608072916666666,0.66240234375,0.931640625,220.0,1.25,0.25,40.72750171081012,0.03783333333333333,0.7213930348258706,25,2.785607240264593,0.12403613867386062,2.1856072402645927,2.117656773584116,1.0,C,0.0012577391662512128
apartment,C,60,800,0.02,0.05,0.6,,2,0.3,0.2,2.0,20,0,0.701171875,0.6948893229166668,0.9524739583333334,220.0,0.8833333333333333,0.25,41.142987630859274,0.0298125,0.7776173285198555,26,2.8868167837759007,0.24067513078136574,2.2868167837759015,2.06841949351686,1.0,C,0.0012793725525011724
apartment,C,60,800,0.02,0.05,0.6,,3,0.3,0.2,2.0,20,0,0.62109375,0.6192057291666666,0.9453125,240.0,1.0,0.16666666666666666,38.83093421229916,0.035020833333333334,0.6804564907275321,22,3.1685084928987903,0.17590823325930657,2.56850849289879,2.3503592302959664,1.0,C,0.0012508438024997305
apartment,C,60,800,0.02,0.05,0.6,,4,0.3,0.2,2.0,20,0,0.5579427083333334,0.565234375,0.9524739583333334,220.0,1.1333333333333333,0.18333333333333332,38.67641355228854,0.0344375,0.6073706591070164,20,3.1199205077631023,0.2569277869833138,2.5199205077631017,2.3445829298848704,1.0,C,0.001298805208750764
apartment,C,60,800,0.02,0.05,0.6,,5,0.3,0.2,2.0,20,0,0.650390625,0.6346354166666666,0.93359375,200.0,1.2,0.38333333333333336,40.2329690804415,0.03872916666666667,0.721820809248555,23,2.9803490125407053,0.1772965976224218,2.3803490125407047,2.178515177822177,1.0,C,0.0013096786987489395
apartment,C,60,800,0.02,0.05,0.6,,6,0.3,0.2,2.0,20,0,0.7649739583333334,0.7545572916666667,0.9388020833333334,220.0,1.0666666666666667,0.2,42.09051901598122,0.03875,0.8514492753623188,30,2.773616263390786,0.17183909138285416,2.1736162633907856,1.9934687298682918,1.0,C,0.001377925468750618
apartment,C,60,800,0.02,0.05,0.6,,7,0.3,0.2,2.0,20,0,0.6725260416666666,0.6665690104166667,0.9479166666666666,240.0,1.0,0.18333333333333332,40.52210511586823,0.034958333333333334,0.7321048901488306,25,2.9196361145124383,0.18918445516474655,2.319636114512438,2.1524727532530727,1.0,C,0.0013296917187517465
apartment,C,60,800,0.02,0.05,0.6,,8,0.3,0.2,2.0,20,0,0.55859375,0.5633789062499999,0.9342447916666666,200.0,1.2166666666666666,0.16666666666666666,38.13255813785074,0.036708333333333336,0.619942196531792,20,3.062150665980289,0.20192210805020575,2.4621506659802894,2.3543550654480465,1.0,C,0.0013290440099990519
apartment,C,60,800,0.02,0.05,0.6,,9,0.3,0.2,2.0,20,0,0.6536458333333334,0.6442057291666667,0.9368489583333334,200.0,0.9833333333333333,0.25,39.637595643184724,0.0351875,0.7280638143582306,24,2.884604730416584,0.07351187750479729,2.284604730416584,2.331328394421867,1.0,C,0.0013567091137497301
apartment,C,60,800,0.02,0.05,0.6,,10,0.3,0.2,2.0,20,0,0.7317708333333334,0.7341796875,0.9453125,220.0,1.15,0.3333333333333333,42.58113188630089,0.034479166666666665,0.7865640307907629,28,2.8909808626288203,0.19543189399204516,2.2909808626288206,2.198077481584164,1.0,C,0.0013642316150003352
apartment,C,60,800,0.02,0.05,0.6,,11,0.3,0.2,2.0,20,0,0.5885416666666666,0.5943684895833334,0.9231770833333334,200.0,0.9166666666666666,0.23333333333333334,38.88421103098513,0.03195833333333333,0.6475644699140402,22,2.7995615745225,0.11660982902874857,2.1995615745224995,2.179545388259646,1.0,C,0.001291109166249953
apartment,C,60,800,0.02,0.05,0.6,,12,0.3,0.2,2.0,20,0,0.6399739583333334,0.63017578125,0.9420572916666666,240.0,1.25,0.2,39.567841934549634,0.034416666666666665,0.7026447462473195,23,2.967138497248432,0.22446516444229866,2.367138497248431,2.2545338676474733,1.0,C,0.001350067447499441
apartment,C,60,800,0.02,0.05,0.6,,13,0.3,0.2,2.0,20,0,0.6627604166666666,0.6572265625,0.931640625,200.0,1.1333333333333333,0.18333333333333332,40.3618514039307,0.04014583333333333,0.7387518142235123,25,2.911254397299804,0.2191097032633343,2.311254397299804,2.1328780536260057,1.0,C,0.00131361119749954
apartment,C,60,800,0.02,0.05,0.6,,14,0.3,0.2,2.0,20,0,0.7200520833333334,0.7121419270833333,0.9446614583333334,220.0,1.0166666666666666,0.08333333333333333,41.43553855740582,0.0334375,0.790564689063617,27,2.8192688348337964,0.19287574422038,2.2192688348337963,2.048099920519211,1.0,C,0.0013545913024995571
apartment,C,60,800,0.02,0.05,0.6,,15,0.3,0.2,2.0,20,0,0.7083333333333334,0.7066406250000001,0.9348958333333334,200.0,0.8166666666666667,0.13333333333333333,40.95287948468224,0.035020833333333334,0.8,27,2.9670984322041223,0.19687127532469798,2.3670984322041226,2.1634749237875632,1.0,C,0.0013539152087491857
apartment,C,60,800,0.02,0.05,0.6,,17,0.3,0.2,2.0,20,0,0.587890625,0.5889973958333333,0.9583333333333334,240.0,1.0666666666666667,0.18333333333333332,39.33654350526684,0.035979166666666666,0.6310272536687631,21,3.1297492044836073,0.23178423715758276,2.529749204483607,2.2231288231958493,1.0,C,0.0012341780212500452
apartment,C,60,800,0.02,0.05,0.6,,16,0.3,0.2,2.0,20,0,0.6595052083333334,0.6545898437500001,0.958984375,240.0,1.1666666666666667,0.23333333333333334,40.52799318856209,0.033875,0.7199715707178395,24,2.872882387616395,0.1793082544215278,2.272882387616395,2.092196001816619,1.0,C,0.0012771402612497696
apartment,C,60,800,0.02,0.05,0.6,,18,0.3,0.2,2.0,20,0,0.5677083333333334,0.5677734375000001,0.9544270833333334,220.0,1.0666666666666667,0.3,38.40922281691532,0.0270625,0.620199146514936,20,3.198878939253155,0.2118058143710277,2.598878939253155,2.3358317178656574,1.0,C,0.0011876891137512758
apartment,C,60,800,0.02,0.05,0.6,,19,0.3,0.2,2.0,20,0,0.6529947916666666,0.65625,0.9322916666666666,260.0,1.1666666666666667,0.2,39.96222191445485,0.034479166666666665,0.7200287150035893,25,2.7248852591385155,0.09589775798192539,2.1248852591385154,2.1392818710191563,1.0,C,0.001228146354999353
apartment,C,60,800,0.02,0.05,0.6,,20,0.3,0.2,2.0,20,0,0.5690104166666666,0.5597005208333332,0.9596354166666666,240.0,1.25,0.2,38.094136520123016,0.035229166666666666,0.6220640569395017,20,2.9253576486065294,0.1623927888366307,2.3253576486065293,2.1241242261773388,1.0,C,0.0011906743750000714
apartment,C,60,800,0.02,0.05,0.6,,21,0.3,0.2,2.0,20,0,0.619140625,0.6183919270833333,0.9342447916666666,200.0,1.1333333333333333,0.13333333333333333,39.84704710956258,0.034645833333333334,0.6901306240928883,24,2.757085414810574,0.14111426839098307,2.1570854148105743,2.0703961391463688,1.0,C,0.001197784271250839
apartment,C,60,800,0.02,0.05,0.6,,22,0.3,0.2,2.0,20,0,0.7376302083333334,0.7293294270833333,0.93359375,220.0,1.0833333333333333,0.13333333333333333,43.65139362834272,0.034875,0.8156947444204464,31,2.5661012114711466,0.14172955030098952,1.966101211471146,1.9149337969153701,1.0,C,0.0012250661450002554
apartment,C,60,800,0.02,0.05,0.6,,23,0.3,0.2,2.0,20,0,0.6822916666666666,0.6759114583333332,0.9453125,240.0,1.15,0.08333333333333333,41.542832539739734,0.036208333333333335,0.7390691114245416,26,2.8114601992643533,0.15038482926079788,2.211460199264354,2.117237420208352,1.0,C,0.0011744911975006289
apartment,C,60,800,0.02,0.05,0.6,,24,0.3,0.2,2.0,20,0,0.6907552083333334,0.6805338541666666,0.9375,220.0,1.1333333333333333,0.21666666666666667,40.98063182772425,0.037125,0.7594846098783107,26,2.828218215370133,0.22637908326951012,2.228218215370133,2.1380039795207084,1.0,C,0.001161485468749106
apartment,C,60,800,0.02,0.05,0.6,,25,0.3,0.2,2.0,20,0,0.7506510416666666,0.7376953124999999,0.978515625,220.0,1.15,0.16666666666666666,41.917860905249036,0.03283333333333333,0.8165722379603398,28,2.872029573226139,0.14269254944850376,2.272029573226139,2.1502280298153824,1.0,C,0.0012391114587512674
apartment,C,60,800,0.02,0.05,0.6,,26,0.3,0.2,2.0,20,0,0.5553385416666666,0.5467122395833333,0.9309895833333334,200.0,0.9833333333333333,0.16666666666666666,36.84743715082818,0.0355,0.6221735959153902,19,3.248601135107642,0.2439344986203789,2.6486011351076413,2.295650848787513,1.0,C,0.0012256542699992678
apartment,C,60,800,0.02,0.05,0.6,,27,0.3,0.2,2.0,20,0,0.7311197916666666,0.72724609375,0.9375,220.0,1.0666666666666667,0.16666666666666666,41.608466391687784,0.031625,0.807332854061826,28,2.8545163195125345,0.1903704596954146,2.254516319512535,2.034648256364188,1.0,C,0.0012496016137515653
apartment,C,60,800,0.02,0.05,0.6,,28,0.3,0.2,2.0,20,0,0.6126302083333334,0.6131184895833334,0.9427083333333334,240.0,1.0666666666666667,0.2,39.217819355372164,0.03814583333333333,0.6711840228245365,22,3.0965967020014165,0.24207258883697133,2.496596702001417,2.308821671154207,1.0,C,0.0012110390625002766
apartment,C,60,800,0.02,0.05,0.6,,29,0.3,0.2,2.0,20,0,0.6744791666666666,0.6856119791666666,0.9557291666666666,260.0,1.1166666666666667,0.2833333333333333,40.56677897574696,0.035479166666666666,0.7189451769604441,25,2.9633792488996016,0.18647216882601234,2.3633792488996006,2.2457750355573554,1.0,C,0.0012629592712482918
rubble,C,60,800,0.02,0.05,0.0,,0,0.3,0.2,2.0,20,0,0.8372905027932961,0.8143156424581004,0.9182960893854749,360.0,1.15,1.1,50.65221711091337,0.05397916666666667,,60,1.8644535978218992,0.28878157083043354,1.264453597821899,1.243749597344391,1.0,C,0.001702232394998191
rubble,C,60,800,0.02,0.05,0.0,,1,0.3,0.2,2.0,20,0,0.8289106145251397,0.8066689944134078,0.8994413407821229,420.0,1.1,0.8333333333333334,50.26115255544299,0.06125,,60,1.8636831827260103,0.267135189282707,1.26368318272601,1.1774104002883616,1.0,C,0.0017439597924999361
rubble,C,60,800,0.02,0.05,0.0,,2,0.3,0.2,2.0,20,0,0.8512569832402235,0.8343575418994413,0.8952513966480447,400.0,1.3166666666666667,0.8666666666666667,51.286102472607,0.058145833333333334,,60,1.9566159035032638,0.22159901507657512,1.3566159035032634,1.2655562383242769,1.0,C,0.0017450852612500966
rubble,C,60,800,0.02,0.05,0.0,,3,0.3,0.2,2.0,20,0,0.8414804469273743,0.8262569832402236,0.8938547486033519,380.0,1.4,0.9333333333333333,51.30090254680679,0.057104166666666664,,60,1.8848427447864773,0.2504691420327472,1.2848427447864774,1.2421113988886847,1.0,C,0.0017203986975005137
rubble,C,60,800,0.02,0.05,0.0,,4,0.3,0.2,2.0,20,0,0.8987430167597765,0.8485335195530727,0.9504189944134078,500.0,1.45,1.0333333333333334,50.979687833135635,0.07047916666666666,,60,1.9635477487984805,0.2790246750056989,1.3635477487984806,1.343898573451558,1.0,C,0.0017885558337502516
rubble,C,60,800,0.02,0.05,0.0,,5,0.3,0.2,2.0,20,0,0.8512569832402235,0.831040502793296,0.8994413407821229,400.0,1.5833333333333333,0.7666666666666667,50.06848484391214,0.07133333333333333,,60,1.921730956830468,0.21391168737815563,1.3217309568304678,1.262466654270134,1.0,C,0.00181186932250057
rubble,C,60,800,0.02,0.05,0.0,,6,0.3,0.2,2.0,20,0,0.8414804469273743,0.8330656424581007,0.9022346368715084,420.0,1.55,0.9166666666666666,49.873568802382785,0.07689583333333333,,60,1.9111117383989926,0.24121634603265849,1.3111117383989923,1.2505873366430509,1.0,C,0.0018767177599988826
rubble,C,60,800,0.02,0.05,0.0,,7,0.3,0.2,2.0,20,0,0.8547486033519553,0.8288058659217878,0.8952513966480447,380.0,1.4166666666666667,0.8666666666666667,49.200938824483316,0.0756875,,60,1.9990375253610713,0.1943760703223092,1.3990375253610714,1.3009935272710678,1.0,C,0.0018328190112492848
rubble,C,60,800,0.02,0.05,0.0,,8,0.3,0.2,2.0,20,0,0.8379888268156425,0.8175279329608939,0.8987430167597765,420.0,1.1,0.9166666666666666,50.26809573865929,0.057458333333333333,,60,1.874565417284759,0.2721791606715431,1.274565417284759,1.177243094453717,1.0,C,0.0017807180212480488
rubble,C,60,800,0.02,0.05,0.0,,9,0.3,0.2,2.0,20,0,0.8365921787709497,0.8234636871508381,0.8903631284916201,400.0,1.4,0.85,49.36511938365725,0.061625,,60,1.896446891014468,0.24932078024331347,1.296446891014468,1.3280468066122717,1.0,C,0.0018153649475016209
rubble,C,60,800,0.02,0.05,0.0,,11,0.3,0.2,2.0,20,0,0.8498603351955307,0.8353351955307262,0.9008379888268156,380.0,1.15,0.9833333333333333,50.83147065868046,0.0665625,,60,1.819311124952033,0.29123750199421994,1.2193111249520332,1.1246239649467782,1.0,C,0.0018590962500002206
rubble,C,60,800,0.02,0.05,0.0,,10,0.3,0.2,2.0,20,0,0.835195530726257,0.8034567039106145,0.8868715083798883,420.0,1.0833333333333333,0.7666666666666667,50.466999594028685,0.061125,,60,1.8822711165962858,0.2548717151157189,1.282271116596286,1.17314912700673,1.0,C,0.0019127919787501923
rubble,C,60,800,0.02,0.05,0.0,,12,0.3,0.2,2.0,20,0,0.8701117318435754,0.82786312849162,0.9141061452513967,420.0,1.2833333333333334,0.9833333333333333,51.10540568385615,0.059395833333333335,,60,1.9685931210286767,0.23389060738184275,1.368593121028677,1.3639211985337076,1.0,C,0.0019021368225003244
rubble,C,60,800,0.02,0.05,0.0,,14,0.3,0.2,2.0,20,0,0.8337988826815642,0.8160614525139664,0.8917597765363129,380.0,1.4,0.8166666666666667,49.58486392337111,0.0858125,,60,1.8965334758283499,0.30020755815584954,1.2965334758283504,1.1863613919693499,1.0,C,0.0020219995825004845
rubble,C,60,800,0.02,0.05,0.0,,13,0.3,0.2,2.0,20,0,0.8456703910614525,0.8098463687150839,0.8903631284916201,440.0,1.7666666666666666,0.75,48.33143422193663,0.08460416666666666,,60,1.893785401559882,0.24587367161794646,1.2937854015598818,1.2902110251944776,1.0,C,0.0020882482812498893
rubble,C,60,800,0.02,0.05,0.0,,15,0.3,0.2,2.0,20,0,0.8568435754189944,0.8307960893854748,0.9008379888268156,420.0,1.6,0.7,49.845314211909596,0.06810416666666666,,60,1.920428254404368,0.2298623743427977,1.3204282544043684,1.259637254729551,1.0,C,0.001936241718749443
rubble,C,60,800,0.02,0.05,0.0,,16,0.3,0.2,2.0,20,0,0.8498603351955307,0.8348114525139664,0.8987430167597765,360.0,1.45,0.8833333333333333,50.2462912016894,0.06566666666666666,,60,1.9089754227777322,0.2185530332955127,1.3089754227777326,1.204483970691635,1.0,C,0.0019115763025001798
rubble,C,60,800,0.02,0.05,0.0,,17,0.3,0.2,2.0,20,0,0.848463687150838,0.832122905027933,0.8966480446927374,340.0,1.1166666666666667,0.75,50.864582954398195,0.0491875,,60,1.927299872783643,0.2705733427115679,1.3272998727836434,1.2571408185459005,1.0,C,0.00195592510375036
rubble,C,60,800,0.02,0.05,0.0,,18,0.3,0.2,2.0,20,0,0.8903631284916201,0.8489175977653634,0.9371508379888268,500.0,1.4833333333333334,0.8166666666666667,50.89348060909424,0.06475,,60,1.921947088506897,0.2530924025558924,1.3219470885068962,1.312680209430761,1.0,C,0.0018085443237487197
rubble,C,60,800,0.02,0.05,0.0,,19,0.3,0.2,2.0,20,0,0.8435754189944135,0.8262569832402236,0.9008379888268156,400.0,1.35,1.05,50.86441190928811,0.06675,,60,1.875369729886362,0.22871136734078415,1.2753697298863618,1.3137563935321708,1.0,C,0.0017190940112482168
rubble,C,60,800,0.02,0.05,0.0,,20,0.3,0.2,2.0,20,0,0.8715083798882681,0.8370460893854748,0.9085195530726257,440.0,1.3333333333333333,0.9,48.396954000649096,0.07710416666666667,,60,2.0071112045966717,0.2224864028786552,1.4071112045966718,1.3813197746475054,1.0,C,0.0017374816674987415
rubble,C,60,800,0.02,0.05,0.0,,21,0.3,0.2,2.0,20,0,0.8554469273743017,0.8188896648044693,0.9064245810055865,500.0,1.6333333333333333,0.8166666666666667,50.4504627844038,0.07535416666666667,,60,1.8414910632472468,0.2784008166846296,1.2414910632472467,1.2211842311556702,0.9666666666666667,C,0.0016736763537483056
rubble,C,60,800,0.02,0.05,0.0,,22,0.3,0.2,2.0,20,0,0.8938547486033519,0.825,0.9392458100558659,540.0,1.25,0.7333333333333333,50.67917808080689,0.0583125,,60,2.019053684703837,0.221366178150201,1.4190536847038373,1.361663601904186,1.0,C,0.0015442122912486412
rubble,C,60,800,0.02,0.05,0.0,,23,0.3,0.2,2.0,20,0,0.8945530726256983,0.8445879888268157,0.9322625698324022,520.0,1.45,1.0333333333333334,50.62875029860074,0.07379166666666667,,60,1.9978233953416855,0.21024713443511406,1.3978233953416854,1.3444516010103458,1.0,C,0.0016229040625012202
rubble,C,60,800,0.02,0.05,0.0,,24,0.3,0.2,2.0,20,0,0.8421787709497207,0.8191340782122906,0.9120111731843575,440.0,1.6,0.8166666666666667,49.502635317203925,0.07489583333333333,,60,1.7902937933773826,0.2502821250155226,1.190293793377383,1.183012962132806,1.0,C,0.0016306779687511152
rubble,C,60,800,0.02,0.05,0.0,,25,0.3,0.2,2.0,20,0,0.9196927374301676,0.8666550279329609,0.9594972067039106,480.0,1.6333333333333333,0.9166666666666666,50.324250092888946,0.08175,,60,2.0521930990550237,0.21414833701727579,1.4521930990550236,1.2871840493307847,1.0,C,0.0016583971875002135
rubble,C,60,800,0.02,0.05,0.0,,26,0.3,0.2,2.0,20,0,0.8331005586592178,0.7938547486033519,0.895949720670391,440.0,1.05,0.8,49.97343495056717,0.05272916666666667,,60,1.8343233325650172,0.29088545890758166,1.234323332565017,1.2489522158085702,1.0,C,0.0015747694800006685
rubble,C,60,800,0.02,0.05,0.0,,27,0.3,0.2,2.0,20,0,0.8498603351955307,0.8193435754189944,0.8966480446927374,440.0,1.3166666666666667,0.8166666666666667,49.792516051200565,0.0591875,,60,1.91925588968432,0.25009945911659776,1.3192558896843203,1.1945827777180187,1.0,C,0.0015549561462512428
rubble,C,60,800,0.02,0.05,0.2,,0,0.3,0.2,2.0,20,0,0.8254189944134078,0.7911312849162011,0.8903631284916201,300.0,1.15,0.9,48.44318254676151,0.050270833333333334,1.0563002680965148,51,2.034783621005548,0.18574148659352094,1.434783621005548,1.3653582571971956,1.0,C,0.0014276483849994292
rubble,C,60,800,0.02,0.05,0.0,,28,0.3,0.2,2.0,20,0,0.8491620111731844,0.8304120111731844,0.8938547486033519,420.0,1.7166666666666666,0.7833333333333333,50.51216542525871,0.07125,,60,1.851214195062892,0.23835763034473,1.251214195062892,1.202210326456563,1.0,C,0.001595810573749077
rubble,C,60,800,0.02,0.05,0.0,,29,0.3,0.2,2.0,20,0,0.8449720670391061,0.824127094972067,0.8987430167597765,380.0,1.3333333333333333,0.7666666666666667,50.25520743192116,0.0679375,,60,1.9064153889874769,0.2179676511844564,1.306415388987477,1.2216668199340097,1.0,C,0.0016168085937488285
rubble,C,60,800,0.02,0.05,0.2,,1,0.3,0.2,2.0,20,0,0.7583798882681564,0.7199720670391061,0.8756983240223464,240.0,1.1,0.6666666666666666,45.56389922918173,0.058083333333333334,1.0274361400189214,46,2.1189375359758027,0.18761106091402371,1.5189375359758017,1.4540046285999173,1.0,C,0.001493030468750476
rubble,C,60,800,0.02,0.05,0.2,,2,0.3,0.2,2.0,20,0,0.8240223463687151,0.7792597765363128,0.8840782122905028,340.0,1.3166666666666667,0.7333333333333333,45.69213503863139,0.05445833333333333,1.0433244916003537,45,2.26695326374619,0.2047136395192704,1.6669532637461906,1.6311610767216167,1.0,C,0.0014166037500012863
rubble,C,60,800,0.02,0.05,0.2,,3,0.3,0.2,2.0,20,0,0.8023743016759777,0.7745810055865922,0.8854748603351955,260.0,1.4,0.8666666666666667,46.57846103568429,0.052458333333333336,1.0295698924731183,47,2.2149944817417424,0.20412406670483768,1.614994481741743,1.5121503531541727,1.0,C,0.0013800601050002114
rubble,C,60,800,0.02,0.05,0.2,,4,0.3,0.2,2.0,20,0,0.8100558659217877,0.7797835195530727,0.8791899441340782,300.0,1.45,0.8333333333333334,45.8682564476157,0.06602083333333333,1.061299176578225,45,2.2374408293620562,0.17610023979684025,1.6374408293620566,1.5562079214271773,1.0,C,0.001421248853750967
rubble,C,60,800,0.02,0.05,0.2,,5,0.3,0.2,2.0,20,0,0.8170391061452514,0.7989525139664806,0.8847765363128491,320.0,1.5833333333333333,0.6833333333333333,48.33977424041139,0.07147916666666666,1.0588235294117647,53,2.010026694752643,0.2520003407794744,1.4100266947526423,1.3605156554885736,1.0,C,0.0015192018225002356
rubble,C,60,800,0.02,0.05,0.2,,6,0.3,0.2,2.0,20,0,0.784217877094972,0.7718575418994412,0.8477653631284916,300.0,1.55,0.8333333333333334,45.615042363911726,0.07389583333333333,1.0255707762557078,46,2.154025136667538,0.18971456618450733,1.5540251366675382,1.4769099013600462,1.0,C,0.0015131819787507085
rubble,C,60,800,0.02,0.05,0.2,,8,0.3,0.2,2.0,20,0,0.7255586592178771,0.7254539106145252,0.8310055865921788,280.0,1.1,0.55,44.66133960639967,0.051875,0.9792648444863337,44,2.1056292819621207,0.1742579893072498,1.505629281962121,1.5040929293534622,1.0,C,0.001388924687501003
rubble,C,60,800,0.02,0.05,0.2,,7,0.3,0.2,2.0,20,0,0.8456703910614525,0.8203561452513967,0.8945530726256983,320.0,1.4166666666666667,1.0666666666666667,47.14996662898793,0.07385416666666667,1.0697879858657242,50,2.117952990814432,0.18666013383247004,1.517952990814432,1.3913643633911015,1.0,C,0.0015323499475016432
rubble,C,60,800,0.02,0.05,0.2,,9,0.3,0.2,2.0,20,0,0.8065642458100558,0.7784217877094972,0.8847765363128491,300.0,1.4,0.7,47.8561821174916,0.0594375,1.0538321167883211,53,2.0758130739186034,0.2496815010938676,1.4758130739186028,1.4452405505414165,1.0,C,0.0015111138025008586
rubble,C,60,800,0.02,0.05,0.2,,11,0.3,0.2,2.0,20,0,0.8107541899441341,0.7905027932960893,0.8903631284916201,300.0,1.15,0.7166666666666667,45.43356789734492,0.0595625,1.027433628318584,44,2.256640303116744,0.21850798635515079,1.6566403031167447,1.623618639761229,1.0,C,0.0013952380725004332
rubble,C,60,800,0.02,0.05,0.2,,10,0.3,0.2,2.0,20,0,0.8051675977653632,0.760300279329609,0.8680167597765364,280.0,1.0833333333333333,0.7833333333333333,47.01253777961617,0.057541666666666665,1.08876298394712,50,2.0725173042956495,0.20265613257989695,1.4725173042956492,1.4014488921731827,1.0,C,0.0014735848437499044
rubble,C,60,800,0.02,0.05,0.2,,12,0.3,0.2,2.0,20,0,0.8156424581005587,0.7679120111731843,0.8840782122905028,280.0,1.2833333333333334,0.8,46.83426951018605,0.0543125,1.0686184812442818,47,2.1714465862485826,0.23929830697223028,1.5714465862485822,1.5483286346756544,1.0,C,0.0014391916675003814
rubble,C,60,800,0.02,0.05,0.2,,13,0.3,0.2,2.0,20,0,0.8435754189944135,0.7954259776536313,0.8910614525139665,340.0,1.7666666666666666,0.9,47.84783487867863,0.08347916666666666,1.1581975071907957,55,2.0705781870045668,0.20768612710248363,1.4705781870045662,1.4347340120015697,1.0,C,0.0016185894800014467
rubble,C,60,800,0.02,0.05,0.2,,14,0.3,0.2,2.0,20,0,0.8205307262569832,0.8086592178770949,0.8861731843575419,320.0,1.4,0.75,46.5742481983478,0.08102083333333333,1.076007326007326,50,2.1032096451595907,0.1880617456209397,1.503209645159591,1.4089612312826485,1.0,C,0.0015207127600001514
rubble,C,60,800,0.02,0.05,0.2,,15,0.3,0.2,2.0,20,0,0.803072625698324,0.7595670391061453,0.8763966480446927,300.0,1.6,0.8333333333333334,46.51771560464557,0.06510416666666667,1.0531135531135531,48,2.066626958474942,0.23709196228420812,1.466626958474942,1.3250719387566523,1.0,C,0.00146750864625119
rubble,C,60,800,0.02,0.05,0.2,,16,0.3,0.2,2.0,20,0,0.8121508379888268,0.7771648044692737,0.8903631284916201,320.0,1.45,0.75,46.19947966557253,0.06285416666666667,1.0228671943711523,48,2.1665473876741492,0.22335904728499403,1.5665473876741496,1.5431949954530533,1.0,C,0.0014507461462494576
rubble,C,60,800,0.02,0.05,0.2,,17,0.3,0.2,2.0,20,0,0.8086592178770949,0.7736382681564246,0.8680167597765364,300.0,1.1166666666666667,0.7,48.03351817937915,0.0505,1.0122377622377623,51,2.1418425180998746,0.2143095589772317,1.541842518099875,1.4353141607276219,1.0,C,0.001422317031251623
rubble,C,60,800,0.02,0.05,0.2,,18,0.3,0.2,2.0,20,0,0.7793296089385475,0.7466131284916202,0.8708100558659218,260.0,1.4833333333333334,0.85,45.57872090911447,0.06075,1.013623978201635,45,2.106000425912169,0.1985988752371154,1.5060004259121689,1.504626595790143,1.0,C,0.0014223976562516326
rubble,C,60,800,0.02,0.05,0.2,,19,0.3,0.2,2.0,20,0,0.7953910614525139,0.75,0.8861731843575419,280.0,1.35,0.9833333333333333,47.377472170771576,0.06441666666666666,1.0252025202520252,48,2.075428968542339,0.15939520572258978,1.4754289685423387,1.4175368879842287,1.0,C,0.001459632864998639
rubble,C,60,800,0.02,0.05,0.2,,20,0.3,0.2,2.0,20,0,0.7863128491620112,0.7687849162011173,0.8924581005586593,320.0,1.3333333333333333,0.8666666666666667,44.36535830640071,0.0763125,1.0236363636363635,46,2.0713876612507836,0.19286737574209595,1.4713876612507835,1.3759292496577145,1.0,C,0.0014779792187505337
rubble,C,60,800,0.02,0.05,0.2,,21,0.3,0.2,2.0,20,0,0.8135474860335196,0.7519203910614526,0.8729050279329609,280.0,1.6333333333333333,0.75,46.737586479787375,0.07089583333333334,1.0648994515539305,51,2.126508279023194,0.19346662949839508,1.5265082790231943,1.4122730274295772,1.0,C,0.0014620407287497983
rubble,C,60,800,0.02,0.05,0.2,,22,0.3,0.2,2.0,20,0,0.827513966480447,0.7879888268156425,0.9008379888268156,280.0,1.25,0.75,48.915320495649475,0.056479166666666664,1.0941828254847648,54,2.036318439799503,0.245938093051954,1.4363184397995032,1.560851895611529,1.0,C,0.001505600208749911
rubble,C,60,800,0.02,0.05,0.2,,23,0.3,0.2,2.0,20,0,0.8470670391061452,0.8057262569832402,0.895949720670391,300.0,1.45,0.7333333333333333,47.555874811953394,0.06920833333333333,1.1007259528130673,50,2.212966505233546,0.18447033284190548,1.6129665052335458,1.4985998506284985,1.0,C,0.001497939583750849
rubble,C,60,800,0.02,0.05,0.2,,24,0.3,0.2,2.0,20,0,0.8547486033519553,0.8116620111731843,0.9036312849162011,280.0,1.6,0.75,47.61616745354043,0.07433333333333333,1.137546468401487,54,2.0581761378789354,0.20719500077599495,1.458176137878935,1.4429238299006466,1.0,C,0.0015570493750010428
rubble,C,60,800,0.02,0.05,0.2,,26,0.3,0.2,2.0,20,0,0.7618715083798883,0.731913407821229,0.8610335195530726,280.0,1.05,0.7166666666666667,44.812650207890975,0.04716666666666667,1.0292452830188679,42,2.1525932550961,0.22021611089111262,1.5525932550961,1.4704271822445645,1.0,C,0.0013380842699984895
rubble,C,60,800,0.02,0.05,0.2,,25,0.3,0.2,2.0,20,0,0.8093575418994413,0.7744064245810056,0.875,300.0,1.6333333333333333,0.6333333333333333,44.417224557412105,0.07760416666666667,1.073148148148148,45,2.238123815090889,0.20289411332264215,1.6381238150908892,1.495888141677248,1.0,C,0.0014488014062499133
rubble,C,60,800,0.02,0.05,0.2,,27,0.3,0.2,2.0,20,0,0.8086592178770949,0.795076815642458,0.8756983240223464,280.0,1.3166666666666667,0.6833333333333333,47.13121576681178,0.05658333333333333,1.0924528301886791,50,2.064273255876484,0.20942111096625515,1.4642732558764837,1.4214526663481313,1.0,C,0.0014310146349998832
rubble,C,60,800,0.02,0.05,0.4,,0,0.3,0.2,2.0,20,0,0.744413407821229,0.7358589385474861,0.8561452513966481,300.0,1.15,0.6666666666666666,42.77355991102088,0.0471875,0.9526362823949955,38,2.31090070138075,0.20992696198123822,1.7109007013807502,1.6158608998354853,1.0,C,0.0012991722925016801
rubble,C,60,800,0.02,0.05,0.2,,28,0.3,0.2,2.0,20,0,0.7527932960893855,0.7153282122905027,0.8505586592178771,280.0,1.7166666666666666,0.8666666666666667,45.738025845663664,0.071125,0.9935483870967743,47,2.068467982840068,0.2113322104505766,1.4684679828400675,1.4043840080983667,1.0,C,0.0014187678650000634
rubble,C,60,800,0.02,0.05,0.2,,29,0.3,0.2,2.0,20,0,0.7988826815642458,0.7672835195530726,0.8868715083798883,300.0,1.3333333333333333,0.6666666666666666,46.18645840334066,0.06516666666666666,1.0260089686098655,48,2.1018509258120823,0.22649471321310286,1.5018509258120822,1.5144169837702395,1.0,C,0.00145599625000159
rubble,C,60,800,0.02,0.05,0.4,,2,0.3,0.2,2.0,20,0,0.7297486033519553,0.7111731843575418,0.8791899441340782,340.0,1.3166666666666667,0.6166666666666667,40.86686406457521,0.051770833333333335,0.9239610963748895,35,2.431349449666813,0.15391638593169985,1.8313494496668126,1.7015085126504568,1.0,C,0.0013173660412485334
rubble,C,60,800,0.02,0.05,0.4,,1,0.3,0.2,2.0,20,0,0.6759776536312849,0.653177374301676,0.8072625698324022,240.0,1.1,0.65,41.91136198844908,0.0556875,0.9157994323557237,36,2.3169203450816283,0.23946103906491237,1.7169203450816282,1.573436181569725,1.0,C,0.0013383455212510854
rubble,C,60,800,0.02,0.05,0.4,,3,0.3,0.2,2.0,20,0,0.6005586592178771,0.595286312849162,0.8393854748603352,260.0,1.4,0.7333333333333333,38.53181906262912,0.049708333333333334,0.7706093189964157,29,2.475361123365111,0.21456696756153062,1.8753611233651108,1.7700801948547964,1.0,C,0.001235865052499321
rubble,C,60,800,0.02,0.05,0.4,,4,0.3,0.2,2.0,20,0,0.6822625698324022,0.6562849162011173,0.827513966480447,300.0,1.45,0.75,39.76345728249466,0.06391666666666666,0.8938700823421775,33,2.3124615636959938,0.17436972640927068,1.712461563695993,1.6625290010703737,1.0,C,0.0013307316674990943
rubble,C,60,800,0.02,0.05,0.4,,5,0.3,0.2,2.0,20,0,0.715782122905028,0.7115921787709497,0.8680167597765364,320.0,1.5833333333333333,0.6833333333333333,40.979761131982166,0.0663125,0.9276018099547512,36,2.4311953210251556,0.1823947915199811,1.831195321025156,1.8371735390237034,1.0,C,0.0013507655199987312
rubble,C,60,800,0.02,0.05,0.4,,6,0.3,0.2,2.0,20,0,0.7143854748603352,0.7182960893854748,0.8324022346368715,300.0,1.55,0.48333333333333334,41.12920402985131,0.0708125,0.9342465753424658,37,2.213782195754759,0.14375651356209596,1.6137821957547593,1.567385065567529,1.0,C,0.0013909257812497345
rubble,C,60,800,0.02,0.05,0.4,,7,0.3,0.2,2.0,20,0,0.6829608938547486,0.6863826815642458,0.8505586592178771,320.0,1.4166666666666667,0.6833333333333333,38.37077408962611,0.06958333333333333,0.8639575971731448,32,2.4134926418507137,0.18665130636798793,1.8134926418507136,1.684508942273174,1.0,C,0.0013698869787504009
rubble,C,60,800,0.02,0.05,0.4,,8,0.3,0.2,2.0,20,0,0.7430167597765364,0.7164455307262569,0.8575418994413407,280.0,1.1,0.4666666666666667,41.75738922001022,0.04958333333333333,1.002827521206409,37,2.218925283992905,0.1764659585850451,1.6189252839929043,1.682351115517493,1.0,C,0.0013429574475003392
rubble,C,60,800,0.02,0.05,0.4,,9,0.3,0.2,2.0,20,0,0.7688547486033519,0.7400837988826817,0.8798882681564246,300.0,1.4,0.6333333333333333,42.78305149661888,0.056354166666666664,1.0045620437956204,40,2.276680062060111,0.16996378816215227,1.676680062060111,1.6897023448600084,1.0,C,0.0013927408862514311
rubble,C,60,800,0.02,0.05,0.4,,11,0.3,0.2,2.0,20,0,0.6801675977653632,0.6844972067039106,0.848463687150838,300.0,1.15,0.5166666666666667,38.76609523993899,0.05664583333333333,0.8619469026548673,31,2.577146473194461,0.17153618803138562,1.9771464731944612,1.9384623248247328,1.0,C,0.0012877763537494501
rubble,C,60,800,0.02,0.05,0.4,,10,0.3,0.2,2.0,20,0,0.7360335195530726,0.7261173184357543,0.8344972067039106,280.0,1.0833333333333333,0.5666666666666667,42.8732009540904,0.05585416666666667,0.9952785646836638,39,2.2558847900879857,0.19636664130840584,1.6558847900879863,1.7525668670101728,1.0,C,0.001335716146249979
rubble,C,60,800,0.02,0.05,0.4,,12,0.3,0.2,2.0,20,0,0.6759776536312849,0.6616620111731845,0.8191340782122905,280.0,1.2833333333333334,0.5666666666666667,40.334740268331956,0.0521875,0.8856358645928637,33,2.389190887421595,0.16701923071894786,1.7891908874215954,1.6968246168945917,1.0,C,0.0013252976562489493
rubble,C,60,800,0.02,0.05,0.4,,13,0.3,0.2,2.0,20,0,0.6340782122905028,0.5995111731843576,0.7758379888268156,340.0,1.7666666666666666,0.48333333333333334,38.22885737680928,0.0785625,0.8705656759348034,32,2.5057572934221857,0.2873689270034937,1.9057572934221856,1.7049282028574613,1.0,C,0.0013965369275001649
rubble,C,60,800,0.02,0.05,0.4,,14,0.3,0.2,2.0,20,0,0.8079608938547486,0.7679469273743016,0.8777932960893855,320.0,1.4,0.6333333333333333,43.27451704554499,0.07991666666666666,1.0595238095238095,42,2.3148086482802817,0.2008383847357953,1.7148086482802811,1.6559051376719127,1.0,C,0.0014229616675015676
rubble,C,60,800,0.02,0.05,0.4,,15,0.3,0.2,2.0,20,0,0.7094972067039106,0.6795391061452515,0.8324022346368715,300.0,1.6,0.6,39.924458020123915,0.0624375,0.9304029304029303,33,2.4352515382501645,0.23505587478803758,1.835251538250165,1.7855117673123027,1.0,C,0.0013082197387507223
rubble,C,60,800,0.02,0.05,0.4,,16,0.3,0.2,2.0,20,0,0.6571229050279329,0.6313896648044691,0.8526536312849162,320.0,1.45,0.7,39.75609042814426,0.05979166666666667,0.8276165347405453,33,2.4490014658695785,0.2332633248475152,1.8490014658695781,1.6277398656635755,1.0,C,0.0013768519787481636
rubble,C,60,800,0.02,0.05,0.4,,17,0.3,0.2,2.0,20,0,0.7465083798882681,0.7175628491620112,0.8512569832402235,300.0,1.1166666666666667,0.5,43.59403123854748,0.04725,0.9344405594405594,40,2.2813075965142975,0.20485634717231288,1.6813075965142974,1.6269286321768408,1.0,C,0.001402765364998686
rubble,C,60,800,0.02,0.05,0.4,,18,0.3,0.2,2.0,20,0,0.6431564245810056,0.6302025139664805,0.8379888268156425,260.0,1.4833333333333334,0.5,38.60887786962382,0.05739583333333333,0.8365122615803816,31,2.6204704889067707,0.29724945238399897,2.020470488906771,1.8720048302513703,1.0,C,0.0014047175512496323
rubble,C,60,800,0.02,0.05,0.4,,19,0.3,0.2,2.0,20,0,0.6710893854748603,0.6477304469273744,0.8400837988826816,280.0,1.35,0.8833333333333333,40.87223646408285,0.06254166666666666,0.864986498649865,35,2.321409331205839,0.24310097721142487,1.7214093312058387,1.6687026208951536,1.0,C,0.0014789018237502205
rubble,C,60,800,0.02,0.05,0.4,,20,0.3,0.2,2.0,20,0,0.7074022346368715,0.6930516759776536,0.8254189944134078,320.0,1.3333333333333333,0.7166666666666667,39.33157094334165,0.073625,0.9209090909090908,36,2.414600006289187,0.2379482829968025,1.8146000062891876,1.6580757002196354,1.0,C,0.0014989240112504377
rubble,C,60,800,0.02,0.05,0.4,,21,0.3,0.2,2.0,20,0,0.6731843575418994,0.650663407821229,0.8310055865921788,280.0,1.6333333333333333,0.7166666666666667,40.32734019686686,0.0693125,0.8811700182815356,34,2.3524343651376363,0.23692557710543768,1.7524343651376357,1.7890119008700949,1.0,C,0.001442030677501407
rubble,C,60,800,0.02,0.05,0.4,,22,0.3,0.2,2.0,20,0,0.8044692737430168,0.7343924581005588,0.880586592178771,280.0,1.25,0.7833333333333333,46.14988697282565,0.05525,1.0637119113573408,48,2.185277457725817,0.24746704456367274,1.5852774577258166,1.4112193229349395,1.0,C,0.0015234952612490815
rubble,C,60,800,0.02,0.05,0.4,,23,0.3,0.2,2.0,20,0,0.7967877094972067,0.761417597765363,0.8701117318435754,300.0,1.45,0.7666666666666667,43.555600578635456,0.06852083333333334,1.0353901996370236,41,2.355265776900683,0.19591900621113859,1.7552657769006832,1.6796249519067774,1.0,C,0.0015299895837506483
rubble,C,60,800,0.02,0.05,0.4,,24,0.3,0.2,2.0,20,0,0.755586592178771,0.7371508379888267,0.8442737430167597,280.0,1.6,0.6,42.3349823979066,0.0705,1.0055762081784387,41,2.2407971563560016,0.22113892862121617,1.6407971563560015,1.5315216517818624,1.0,C,0.0015455977074998373
rubble,C,60,800,0.02,0.05,0.4,,26,0.3,0.2,2.0,20,0,0.6277932960893855,0.6100209497206703,0.8065642458100558,280.0,1.05,0.48333333333333334,39.619568942406424,0.04614583333333333,0.8481132075471698,32,2.3692146061219175,0.24097677667889286,1.7692146061219174,1.7196247504529638,1.0,C,0.0013583742187506687
rubble,C,60,800,0.02,0.05,0.4,,25,0.3,0.2,2.0,20,0,0.6815642458100558,0.6579958100558659,0.8289106145251397,300.0,1.6333333333333333,0.6166666666666667,38.62846942882421,0.07554166666666666,0.9037037037037036,33,2.3753965679252387,0.20519328786978605,1.7753965679252384,1.6425926036946654,1.0,C,0.0014534365624990643
rubble,C,60,800,0.02,0.05,0.4,,27,0.3,0.2,2.0,20,0,0.7374301675977654,0.7075069832402235,0.8554469273743017,280.0,1.3166666666666667,0.65,40.92466919751204,0.05297916666666667,0.9962264150943396,36,2.3514901492733378,0.19118946513788326,1.7514901492733381,1.6424361057181862,1.0,C,0.0014130399487498834
rubble,C,60,800,0.02,0.05,0.4,,28,0.3,0.2,2.0,20,0,0.6606145251396648,0.6559008379888267,0.8205307262569832,280.0,1.7166666666666666,0.4666666666666667,40.06184203111645,0.06552083333333333,0.871889400921659,34,2.306210912883123,0.26680325761968027,1.7062109128831233,1.6212579667453322,1.0,C,0.001353922864998367
rubble,C,60,800,0.02,0.05,0.4,,29,0.3,0.2,2.0,20,0,0.6424581005586593,0.6372905027932961,0.8296089385474861,300.0,1.3333333333333333,0.55,40.30404817546077,0.063,0.8251121076233184,34,2.4248993410907476,0.26887340687297795,1.8248993410907473,1.66927165472159,1.0,C,0.0013758816150016174
rubble,C,60,800,0.02,0.05,0.6,,0,0.3,0.2,2.0,20,0,0.5712290502793296,0.5707402234636871,0.8519553072625698,300.0,1.15,0.5,35.48695324582207,0.0451875,0.7310098302055407,23,2.7678356148568404,0.2461174515093814,2.16783561485684,1.947816024844443,1.0,C,0.0012633610937496087
rubble,C,60,800,0.02,0.05,0.6,,1,0.3,0.2,2.0,20,0,0.5363128491620112,0.5180516759776536,0.7835195530726257,240.0,1.1,0.38333333333333336,35.24278081069397,0.05329166666666667,0.7265846736045412,23,2.7349885749132654,0.32167310975524704,2.134988574913265,1.9405211540759972,1.0,C,0.001351502187499136
rubble,C,60,800,0.02,0.05,0.6,,2,0.3,0.2,2.0,20,0,0.6075418994413407,0.6043296089385475,0.8428770949720671,340.0,1.3166666666666667,0.43333333333333335,35.46618546979286,0.049979166666666665,0.7692307692307692,24,2.9159858797427276,0.22736739902634204,2.3159858797427275,2.0727776856381404,1.0,C,0.0013137927600018883
rubble,C,60,800,0.02,0.05,0.6,,3,0.3,0.2,2.0,20,0,0.44622905027932963,0.4429469273743017,0.8379888268156425,260.0,1.4,0.5833333333333334,31.883956906261528,0.04791666666666667,0.5725806451612904,16,3.062238565693704,0.2212081641145945,2.4622385656937045,2.3013654611414958,1.0,C,0.001284584531249493
rubble,C,60,800,0.02,0.05,0.6,,4,0.3,0.2,2.0,20,0,0.5467877094972067,0.5241969273743016,0.8037709497206704,300.0,1.45,0.6666666666666666,35.08403393624506,0.063125,0.7163769441903018,23,2.6669906772845593,0.18810443109270558,2.0669906772845588,1.9462737106597912,1.0,C,0.0014193431774992859
rubble,C,60,800,0.02,0.05,0.6,,5,0.3,0.2,2.0,20,0,0.604050279329609,0.6011522346368714,0.8498603351955307,320.0,1.5833333333333333,0.38333333333333336,36.14972678822331,0.06395833333333334,0.7828054298642535,26,2.634005934824405,0.23979162223990574,2.034005934824405,1.8799899781724647,1.0,C,0.0014088636974997825
rubble,C,60,800,0.02,0.05,0.6,,6,0.3,0.2,2.0,20,0,0.6166201117318436,0.6102304469273745,0.8289106145251397,300.0,1.55,0.43333333333333335,35.93682450165387,0.0700625,0.806392694063927,26,2.6030107299430125,0.19900423464143538,2.003010729943013,1.9349734769976548,1.0,C,0.0014465188012491126
rubble,C,60,800,0.02,0.05,0.6,,7,0.3,0.2,2.0,20,0,0.5495810055865922,0.5420391061452514,0.8512569832402235,320.0,1.4166666666666667,0.6666666666666666,33.17208063367627,0.06866666666666667,0.6952296819787985,21,3.0407021263565466,0.4020844889194536,2.440702126356546,2.0950473640859677,1.0,C,0.0014166201562488823
rubble,C,60,800,0.02,0.05,0.6,,8,0.3,0.2,2.0,20,0,0.598463687150838,0.585090782122905,0.8002793296089385,280.0,1.1,0.43333333333333335,36.65111120694507,0.04791666666666667,0.8077285579641846,26,2.5693510466393596,0.10983157134752423,1.9693510466393596,1.8428485224514257,1.0,C,0.001345547500000066
rubble,C,60,800,0.02,0.05,0.6,,9,0.3,0.2,2.0,20,0,0.5621508379888268,0.5616969273743015,0.8233240223463687,300.0,1.4,0.4166666666666667,35.35202970741841,0.05316666666666667,0.7344890510948905,24,2.723683189043245,0.23797019971305675,2.1236831890432444,1.9769883576235925,1.0,C,0.00132261182250204
rubble,C,60,800,0.02,0.05,0.6,,10,0.3,0.2,2.0,20,0,0.6759776536312849,0.6447625698324023,0.7960893854748603,280.0,1.0833333333333333,0.5833333333333334,38.61233705135884,0.05416666666666667,0.9140698772426817,30,2.660241380123895,0.25829427490897056,2.0602413801238955,1.9146434198970663,1.0,C,0.0013078257300003315
rubble,C,60,800,0.02,0.05,0.6,,11,0.3,0.2,2.0,20,0,0.5174581005586593,0.5032122905027933,0.8421787709497207,300.0,1.15,0.5166666666666667,33.45106575071715,0.05629166666666666,0.6557522123893805,19,2.869937267951297,0.19582755198534263,2.2699372679512972,2.101159798801168,1.0,C,0.0012447626037510417
rubble,C,60,800,0.02,0.05,0.6,,12,0.3,0.2,2.0,20,0,0.5817039106145251,0.5845670391061453,0.8177374301675978,280.0,1.2833333333333334,0.38333333333333336,35.195071702189594,0.050166666666666665,0.7621225983531563,23,2.730360942026638,0.20868435965231905,2.1303609420266376,2.0402419211029685,1.0,C,0.0012622135412493662
rubble,C,60,800,0.02,0.05,0.6,,13,0.3,0.2,2.0,20,0,0.43226256983240224,0.4217877094972066,0.7758379888268156,340.0,1.7666666666666666,0.36666666666666664,30.247780136968103,0.07679166666666666,0.5934803451581975,16,2.870042688971357,0.10195688536592103,2.2700426889713565,2.211419070319136,1.0,C,0.001362763229999473
rubble,C,60,800,0.02,0.05,0.6,,14,0.3,0.2,2.0,20,0,0.7276536312849162,0.6984287709497206,0.8421787709497207,320.0,1.4,0.65,40.04976163587013,0.07804166666666666,0.9542124542124543,35,2.390196272551601,0.17782752530440274,1.790196272551601,1.8749140925120162,1.0,C,0.0014069794787496903
rubble,C,60,800,0.02,0.05,0.6,,15,0.3,0.2,2.0,20,0,0.5970670391061452,0.5972067039106145,0.8289106145251397,300.0,1.6,0.4166666666666667,34.73008479141685,0.0615,0.782967032967033,23,3.0400150997533757,0.20919909737077869,2.4400150997533765,2.2890278576695624,1.0,C,0.001284004166247996
rubble,C,60,800,0.02,0.05,0.6,,17,0.3,0.2,2.0,20,0,0.5656424581005587,0.5549581005586591,0.8463687150837989,300.0,1.1166666666666667,0.2833333333333333,35.73123098238033,0.044,0.7080419580419581,24,2.8424311063087018,0.35005072731971787,2.242431106308702,1.9304986757654419,1.0,C,0.001259501771248779
rubble,C,60,800,0.02,0.05,0.6,,16,0.3,0.2,2.0,20,0,0.5425977653631285,0.5383030726256982,0.8519553072625698,320.0,1.45,0.45,35.679087320199905,0.058041666666666665,0.6833773087071241,24,3.083587364672612,0.43469326237592293,2.483587364672612,1.9989577401367762,1.0,C,0.0012923561975003396
rubble,C,60,800,0.02,0.05,0.6,,18,0.3,0.2,2.0,20,0,0.3680167597765363,0.36553770949720676,0.8358938547486033,260.0,1.4833333333333334,0.4,31.198882203066827,0.05595833333333333,0.4786557674841054,15,2.8186347525911355,0.125195974162093,2.218634752591136,2.2112027815168522,1.0,C,0.001217166093749711
rubble,C,60,800,0.02,0.05,0.6,,19,0.3,0.2,2.0,20,0,0.5300279329608939,0.5201815642458101,0.840782122905028,280.0,1.35,0.6166666666666667,34.81696261847203,0.060208333333333336,0.6831683168316832,22,2.7930449687398013,0.30849493703482356,2.1930449687398013,2.0012242048592,1.0,C,0.0012660067187493951
rubble,C,60,800,0.02,0.05,0.6,,21,0.3,0.2,2.0,20,0,0.5006983240223464,0.5004888268156424,0.8233240223463687,280.0,1.6333333333333333,0.5166666666666667,33.77015949278107,0.06620833333333333,0.6553930530164533,21,2.784454143593615,0.29068065763270484,2.1844541435936153,1.8188991721593175,1.0,C,0.00129148171874931
rubble,C,60,800,0.02,0.05,0.6,,20,0.3,0.2,2.0,20,0,0.6068435754189944,0.5987430167597765,0.8226256983240223,320.0,1.3333333333333333,0.5166666666666667,34.27667877550508,0.0714375,0.7899999999999999,25,2.8366107841518162,0.29590537295348185,2.236610784151816,2.0995692438427644,1.0,C,0.0013607369787496282
rubble,C,60,800,0.02,0.05,0.6,,22,0.3,0.2,2.0,20,0,0.7046089385474861,0.6586592178770949,0.8240223463687151,280.0,1.25,0.4666666666666667,41.14947238562165,0.053125,0.9316712834718376,36,2.320360625878554,0.23421457914708077,1.7203606258785542,1.6695617391234578,1.0,C,0.0013823001562514037
rubble,C,60,800,0.02,0.05,0.6,,23,0.3,0.2,2.0,20,0,0.520949720670391,0.5133030726256983,0.8135474860335196,300.0,1.45,0.5166666666666667,32.86536063459924,0.0655625,0.676950998185118,20,2.8198312235220055,0.13918002425425108,2.2198312235220055,2.1419320876019876,1.0,C,0.0013081906775005336
rubble,C,60,800,0.02,0.05,0.6,,26,0.3,0.2,2.0,20,0,0.5230446927374302,0.5039804469273743,0.8107541899441341,280.0,1.05,0.36666666666666664,33.140206816278436,0.04416666666666667,0.7066037735849056,19,2.9683122643633957,0.27058453115839515,2.368312264363395,2.2815706306817427,1.0,C,0.0011929618749991278
rubble,C,60,800,0.02,0.05,0.6,,24,0.3,0.2,2.0,20,0,0.6033519553072626,0.5846019553072626,0.8114525139664804,280.0,1.6,0.35,35.90513239851806,0.06760416666666667,0.8029739776951673,27,2.5626752815190255,0.29720430099846185,1.962675281519025,1.9218954174311,1.0,C,0.0013743652600010136
rubble,C,60,800,0.02,0.05,0.6,,25,0.3,0.2,2.0,20,0,0.5160614525139665,0.5136871508379888,0.8079608938547486,300.0,1.6333333333333333,0.45,31.523033009100867,0.0738125,0.6842592592592592,19,3.0157528326009246,0.26815633870737576,2.4157528326009245,2.22540553567513,1.0,C,0.0013235140624988163
rubble,C,60,800,0.02,0.05,0.6,,27,0.3,0.2,2.0,20,0,0.5453910614525139,0.5397695530726258,0.7981843575418994,280.0,1.3166666666666667,0.3333333333333333,33.59323231683329,0.050916666666666666,0.7367924528301886,21,2.9623129316434467,0.26562136068855613,2.3623129316434466,2.1257767981313203,1.0,C,0.0012480926037505924
rubble,C,60,800,0.02,0.05,0.6,,28,0.3,0.2,2.0,20,0,0.5006983240223464,0.507576815642458,0.8114525139664804,280.0,1.7166666666666666,0.36666666666666664,32.276169762315455,0.06433333333333334,0.6608294930875577,18,3.1247385439870246,0.2429319645997198,2.5247385439870245,2.3588199948398003,1.0,C,0.001263009740000598
rubble,C,60,800,0.02,0.05,0.6,,29,0.3,0.2,2.0,20,0,0.4155027932960894,0.40743715083798887,0.8296089385474861,300.0,1.3333333333333333,0.36666666666666664,31.03862750559875,0.0609375,0.5336322869955157,15,3.2789240722231052,0.282761756173878,2.678924072223105,2.220027047261554,1.0,C,0.0012277068224989308
apartment,PF,60,800,0.02,0.05,0.0,,0,0.3,0.2,2.0,20,0,0.8841145833333334,0.85859375,0.9309895833333334,220.0,1.0166666666666666,0.08333333333333333,33.15221708469819,0.0154375,,60,2.0390933582474124,0.1988203975470271,1.4390933582474126,1.4154066741194398,1.0,PF,0.0012536155737484479
apartment,PF,60,800,0.02,0.05,0.0,,1,0.3,0.2,2.0,20,0,0.90234375,0.8901041666666668,0.9388020833333334,180.0,1.1,0.13333333333333333,32.9823409469149,0.019270833333333334,,60,2.0696183289082812,0.2069489981948367,1.4696183289082814,1.4420602907869118,1.0,PF,0.0012559278650019223
apartment,PF,60,800,0.02,0.05,0.0,,2,0.3,0.2,2.0,20,0,0.8990885416666666,0.8755533854166666,0.9361979166666666,240.0,1.1333333333333333,0.15,33.366606657453566,0.0214375,,60,2.042531540623359,0.1926574159915139,1.4425315406233592,1.392337341089382,1.0,PF,0.0012580383850013276
apartment,PF,60,800,0.02,0.05,0.0,,3,0.3,0.2,2.0,20,0,0.8665364583333334,0.8483398437499998,0.8828125,160.0,1.0833333333333333,0.1,33.291832966076996,0.017583333333333333,,60,2.0518769649663597,0.13240647728810584,1.45187696496636,1.3985553263185546,1.0,PF,0.0012592279687510199
apartment,PF,60,800,0.02,0.05,0.0,,4,0.3,0.2,2.0,20,0,0.8938802083333334,0.8560872395833332,0.9290364583333334,460.0,1.1833333333333333,0.13333333333333333,33.19070109782194,0.020416666666666666,,60,2.0990726319485105,0.18538464310546146,1.4990726319485101,1.4449911250969678,1.0,PF,0.0012598558337504073
apartment,PF,60,800,0.02,0.05,0.0,,5,0.3,0.2,2.0,20,0,0.9010416666666666,0.8819661458333334,0.9368489583333334,220.0,1.1833333333333333,0.13333333333333333,33.109446979365735,0.01625,,60,2.0844284378286932,0.16735689965605302,1.4844284378286932,1.4419496135123342,1.0,PF,0.0012273148949998357
apartment,PF,60,800,0.02,0.05,0.0,,6,0.3,0.2,2.0,20,0,0.8470052083333334,0.8228841145833332,0.8580729166666666,220.0,1.0666666666666667,0.1,33.02092356098225,0.018916666666666665,,60,1.976217895232935,0.12101295535600037,1.3762178952329347,1.3849220479947726,1.0,PF,0.0012861381774996517
apartment,PF,60,800,0.02,0.05,0.0,,7,0.3,0.2,2.0,20,0,0.9108072916666666,0.8927734375000002,0.9453125,240.0,1.1333333333333333,0.1,32.99049780134048,0.019333333333333334,,60,2.043746306042554,0.18843955143954,1.4437463060425537,1.3611874772738226,1.0,PF,0.0012354761450001205
apartment,PF,60,800,0.02,0.05,0.0,,8,0.3,0.2,2.0,20,0,0.91015625,0.8835611979166668,0.939453125,220.0,1.0833333333333333,0.2,33.00800223395536,0.0235625,,60,2.0450537364879544,0.19720713524591713,1.445053736487954,1.4012507926094004,1.0,PF,0.0012073354687504433
apartment,PF,60,800,0.02,0.05,0.0,,9,0.3,0.2,2.0,20,0,0.9134114583333334,0.8877929687499998,0.9420572916666666,220.0,1.0666666666666667,0.08333333333333333,33.10664546543666,0.020833333333333332,,60,2.0746768428582953,0.18086214470440773,1.4746768428582955,1.4440222999349968,1.0,PF,0.0012345496350008034
apartment,PF,60,800,0.02,0.05,0.0,,11,0.3,0.2,2.0,20,0,0.888671875,0.8719075520833334,0.93359375,260.0,1.0166666666666666,0.15,33.0918740698091,0.020645833333333332,,60,2.0432544872915557,0.21034511432433992,1.4432544872915558,1.3888200973102707,1.0,PF,0.001250381979998565
apartment,PF,60,800,0.02,0.05,0.0,,10,0.3,0.2,2.0,20,0,0.8834635416666666,0.8693684895833333,0.9361979166666666,280.0,1.0833333333333333,0.06666666666666667,33.07600054213802,0.017125,,60,2.041908645709729,0.18551056335747138,1.4419086457097294,1.3501601317659329,1.0,PF,0.0012705746362507854
apartment,PF,60,800,0.02,0.05,0.0,,12,0.3,0.2,2.0,20,0,0.89453125,0.8770182291666668,0.9368489583333334,220.0,1.1166666666666667,0.15,33.061394142139406,0.0155,,60,2.1033553473468447,0.20197822782400823,1.5033553473468448,1.4456212893295644,1.0,PF,0.0012038372912502383
apartment,PF,60,800,0.02,0.05,0.0,,13,0.3,0.2,2.0,20,0,0.9036458333333334,0.8949544270833334,0.9407552083333334,200.0,1.05,0.16666666666666666,32.991876277456,0.017333333333333333,,60,2.076765513532655,0.1718658912954286,1.476765513532655,1.4283025090128272,1.0,PF,0.0012168480212494614
apartment,PF,60,800,0.02,0.05,0.0,,14,0.3,0.2,2.0,20,0,0.8697916666666666,0.8578125,0.8821614583333334,180.0,1.1666666666666667,0.2,33.200719526945825,0.0193125,,60,2.0013577071941686,0.13753136942795283,1.4013577071941692,1.3823021246688225,1.0,PF,0.0012370121362505415
apartment,PF,60,800,0.02,0.05,0.0,,15,0.3,0.2,2.0,20,0,0.9231770833333334,0.9113606770833333,0.9537760416666666,220.0,1.0333333333333334,0.08333333333333333,33.27312917164406,0.0183125,,60,2.085180745127432,0.12604584941140887,1.485180745127432,1.4739729430232866,1.0,PF,0.0012024910412492319
apartment,PF,60,800,0.02,0.05,0.0,,16,0.3,0.2,2.0,20,0,0.87109375,0.84853515625,0.892578125,180.0,1.15,0.1,33.12981214834823,0.018833333333333334,,60,2.0247223906498832,0.1470881737364694,1.4247223906498832,1.4191123651637882,1.0,PF,0.0012058799999999793
apartment,PF,60,800,0.02,0.05,0.0,,17,0.3,0.2,2.0,20,0,0.8880208333333334,0.8654296875,0.9212239583333334,240.0,1.0,0.11666666666666667,33.248486335262896,0.0215,,60,2.0400213543185735,0.18654145274216063,1.4400213543185738,1.384138601934533,1.0,PF,0.0011993153125013122
apartment,PF,60,800,0.02,0.05,0.0,,18,0.3,0.2,2.0,20,0,0.8893229166666666,0.8644205729166667,0.9361979166666666,280.0,0.9166666666666666,0.13333333333333333,33.12810752758466,0.012625,,60,2.0635280492342334,0.20744733918276653,1.463528049234233,1.3737291704386307,1.0,PF,0.0012730374487500739
apartment,PF,60,800,0.02,0.05,0.0,,21,0.3,0.2,2.0,20,0,0.9166666666666666,0.8978841145833334,0.9459635416666666,300.0,1.1333333333333333,0.18333333333333332,33.148721787600806,0.018291666666666668,,60,2.076144020497027,0.16972770619841435,1.4761440204970269,1.470637717804069,1.0,PF,0.0012121479175016248
apartment,PF,60,800,0.02,0.05,0.0,,19,0.3,0.2,2.0,20,0,0.904296875,0.8723958333333334,0.9322916666666666,220.0,1.2333333333333334,0.15,33.3498114017943,0.018625,,60,2.060168205087278,0.16349111577110478,1.460168205087278,1.3595597246807483,1.0,PF,0.001240432136248728
apartment,PF,60,800,0.02,0.05,0.0,,20,0.3,0.2,2.0,20,0,0.8971354166666666,0.8727539062500002,0.9322916666666666,220.0,1.0833333333333333,0.18333333333333332,33.1232579265142,0.019729166666666666,,60,2.058259004556733,0.19242729196335956,1.4582590045567325,1.3947168801756518,1.0,PF,0.0012501914062499964
apartment,PF,60,800,0.02,0.05,0.0,,22,0.3,0.2,2.0,20,0,0.8958333333333334,0.8830403645833332,0.9329427083333334,260.0,0.8166666666666667,0.13333333333333333,33.28512308330978,0.017104166666666667,,60,2.056862623547372,0.181266212846907,1.4568626235473718,1.4161178733643114,1.0,PF,0.0012461710412503635
apartment,PF,60,800,0.02,0.05,0.0,,23,0.3,0.2,2.0,20,0,0.9036458333333334,0.8735026041666666,0.9368489583333334,240.0,1.15,0.05,33.05543499282508,0.0176875,,60,2.0608954898962546,0.18338537969313834,1.460895489896255,1.4172778783168245,1.0,PF,0.0012381701037497805
apartment,PF,60,800,0.02,0.05,0.0,,24,0.3,0.2,2.0,20,0,0.87890625,0.8589518229166666,0.89453125,200.0,1.1666666666666667,0.18333333333333332,33.037061501721176,0.0189375,,60,2.06556485129221,0.13135046103667838,1.4655648512922097,1.475565409476017,1.0,PF,0.0012517942712497643
apartment,PF,60,800,0.02,0.05,0.0,,25,0.3,0.2,2.0,20,0,0.90234375,0.8797526041666666,0.9381510416666666,260.0,0.95,0.15,33.226004187254695,0.018291666666666668,,60,2.005856821655115,0.1736984164627554,1.4058568216551146,1.352946535886661,1.0,PF,0.0012362141662492832
apartment,PF,60,800,0.02,0.05,0.0,,26,0.3,0.2,2.0,20,0,0.8912760416666666,0.8781575520833333,0.935546875,240.0,1.0166666666666666,0.16666666666666666,33.007152570923786,0.018125,,60,2.060639463709079,0.2064856288317897,1.460639463709079,1.3928972097592216,1.0,PF,0.001257863853750223
apartment,PF,60,800,0.02,0.05,0.0,,27,0.3,0.2,2.0,20,0,0.8404947916666666,0.8176432291666668,0.8463541666666666,160.0,1.1666666666666667,0.11666666666666667,33.11841768874279,0.0179375,,60,1.9807874626409696,0.10433127253720739,1.3807874626409702,1.3881583963076625,1.0,PF,0.0012399894275017687
apartment,PF,60,800,0.02,0.05,0.2,,0,0.3,0.2,2.0,20,0,0.8391927083333334,0.82099609375,0.861328125,160.0,1.0166666666666666,0.06666666666666667,29.694067079341906,0.015291666666666667,0.9945987654320988,46,2.257105779102523,0.11493913546609072,1.6571057791025239,1.5531413352468584,1.0,PF,0.0011034100525012037
apartment,PF,60,800,0.02,0.05,0.2,,1,0.3,0.2,2.0,20,0,0.873046875,0.85859375,0.9381510416666666,140.0,1.1,0.15,29.316998774686162,0.019125,1.009789156626506,44,2.4709308584869927,0.1841686207771493,1.8709308584869928,1.841600279313044,1.0,PF,0.0010775835425010883
apartment,PF,60,800,0.02,0.05,0.0,,28,0.3,0.2,2.0,20,0,0.890625,0.8744140625,0.935546875,240.0,1.0666666666666667,0.15,33.283472319041834,0.017770833333333333,,60,2.06777078076249,0.186563930831314,1.4677707807624902,1.3788873244021385,1.0,PF,0.0012407039587515102
apartment,PF,60,800,0.02,0.05,0.0,,29,0.3,0.2,2.0,20,0,0.8997395833333334,0.8917643229166666,0.9401041666666666,220.0,1.2666666666666666,0.15,33.240357483917066,0.01775,,60,2.0628433200522758,0.16291193910140328,1.4628433200522757,1.4367211401308104,1.0,PF,0.0012466068224989612
apartment,PF,60,800,0.02,0.05,0.2,,2,0.3,0.2,2.0,20,0,0.8671875,0.84638671875,0.9225260416666666,180.0,1.1333333333333333,0.15,30.755817775683642,0.0213125,1.0214723926380367,48,2.289564317534508,0.1804756183767377,1.6895643175345079,1.5749011042536574,1.0,PF,0.0011340026037487405
apartment,PF,60,800,0.02,0.05,0.2,,3,0.3,0.2,2.0,20,0,0.841796875,0.8421549479166668,0.869140625,140.0,1.0833333333333333,0.08333333333333333,30.58812721269009,0.017416666666666667,1.0062256809338521,49,2.199944465119913,0.10000242237664504,1.5999444651199126,1.5203196663579943,1.0,PF,0.00113367614624849
apartment,PF,60,800,0.02,0.05,0.2,,4,0.3,0.2,2.0,20,0,0.8248697916666666,0.8064453125,0.8626302083333334,140.0,1.1833333333333333,0.1,31.33932961025344,0.02033333333333333,1.0284090909090908,53,2.1082418385791475,0.1587244655347161,1.5082418385791478,1.494493252006544,1.0,PF,0.0011933778124989657
apartment,PF,60,800,0.02,0.05,0.2,,5,0.3,0.2,2.0,20,0,0.8736979166666666,0.8694010416666668,0.9225260416666666,160.0,1.1833333333333333,0.1,30.902791320505766,0.015916666666666666,1.022086824067022,51,2.2234228009932955,0.18952336599450068,1.6234228009932956,1.5340415871704902,1.0,PF,0.0011648886450007013
apartment,PF,60,800,0.02,0.05,0.2,,6,0.3,0.2,2.0,20,0,0.830078125,0.8234375,0.853515625,160.0,1.0666666666666667,0.05,29.44888213329073,0.018416666666666668,1.0290556900726393,45,2.307984344448111,0.10900858679555084,1.7079843444481102,1.6734878209999002,1.0,PF,0.0011167863025002588
apartment,PF,60,800,0.02,0.05,0.2,,7,0.3,0.2,2.0,20,0,0.8873697916666666,0.8615559895833333,0.939453125,140.0,1.1333333333333333,0.1,30.54095706728681,0.019354166666666665,1.0404580152671754,49,2.330676411937946,0.1998824780288042,1.7306764119379459,1.6174758899135933,1.0,PF,0.0011078068749998237
apartment,PF,60,800,0.02,0.05,0.2,,9,0.3,0.2,2.0,20,0,0.826171875,0.8228841145833334,0.8782552083333334,180.0,1.0666666666666667,0.08333333333333333,29.660938797933643,0.020770833333333332,0.9541353383458647,45,2.310560418493685,0.09508227170865871,1.7105604184936851,1.6964085137506904,1.0,PF,0.001071977083749971
apartment,PF,60,800,0.02,0.05,0.2,,8,0.3,0.2,2.0,20,0,0.8470052083333334,0.8436197916666666,0.8782552083333334,160.0,1.0833333333333333,0.18333333333333332,30.67668193754563,0.023416666666666665,0.9901065449010655,50,2.1958991591984374,0.11751032196370731,1.5958991591984368,1.5640062791828115,1.0,PF,0.0011732784900004845
apartment,PF,60,800,0.02,0.05,0.2,,10,0.3,0.2,2.0,20,0,0.84765625,0.8267578125,0.912109375,160.0,1.0833333333333333,0.08333333333333333,30.167197901380657,0.016958333333333332,1.0227808326787118,48,2.233324621036902,0.19808136540829058,1.633324621036902,1.5597250772758802,1.0,PF,0.0011224639062493225
apartment,PF,60,800,0.02,0.05,0.2,,11,0.3,0.2,2.0,20,0,0.8678385416666666,0.8522460937500002,0.9348958333333334,200.0,1.0166666666666666,0.11666666666666667,30.797412973777213,0.020479166666666666,1.0230237912509594,49,2.270041817262344,0.19103545468925814,1.6700418172623441,1.68321012462357,1.0,PF,0.001126947396248852
apartment,PF,60,800,0.02,0.05,0.2,,12,0.3,0.2,2.0,20,0,0.8404947916666666,0.82392578125,0.9173177083333334,180.0,1.1166666666666667,0.18333333333333332,29.158266267516485,0.015416666666666667,0.9847444698703279,44,2.4209319329789394,0.19686186132865288,1.8209319329789395,1.758628512437868,1.0,PF,0.0011022921874996427
apartment,PF,60,800,0.02,0.05,0.2,,13,0.3,0.2,2.0,20,0,0.8873697916666666,0.88203125,0.939453125,180.0,1.05,0.13333333333333333,30.999375478464515,0.017416666666666667,1.0088823094004442,51,2.262294539726944,0.1890273900700602,1.662294539726944,1.6098383247074755,1.0,PF,0.0011461296874995242
apartment,PF,60,800,0.02,0.05,0.2,,14,0.3,0.2,2.0,20,0,0.8561197916666666,0.84619140625,0.8697916666666666,160.0,1.1666666666666667,0.21666666666666667,30.85072042527845,0.019291666666666665,1.024941543257989,49,2.1964653207334437,0.11484523631738709,1.5964653207334438,1.5244458039642224,1.0,PF,0.0011696688537494993
apartment,PF,60,800,0.02,0.05,0.2,,15,0.3,0.2,2.0,20,0,0.8990885416666666,0.8888671875,0.9537760416666666,160.0,1.0333333333333334,0.1,30.6145895550551,0.018375,1.023721275018532,49,2.273662205736061,0.10589719758659107,1.673662205736061,1.6640118956316394,1.0,PF,0.0011153497925010924
apartment,PF,60,800,0.02,0.05,0.2,,16,0.3,0.2,2.0,20,0,0.83984375,0.8279622395833333,0.8665364583333334,160.0,1.15,0.13333333333333333,31.058808126494885,0.018916666666666665,1.005455962587685,50,2.1497119535563503,0.10782067311273891,1.5497119535563502,1.551098774981432,1.0,PF,0.0011262063549997948
apartment,PF,60,800,0.02,0.05,0.2,,17,0.3,0.2,2.0,20,0,0.8509114583333334,0.8238932291666666,0.8912760416666666,160.0,1.0,0.1,31.045516868536755,0.021145833333333332,1.0195007800312013,51,2.181794435440268,0.19419650755292583,1.5817944354402673,1.4368057736854478,1.0,PF,0.0011515109900005881
apartment,PF,60,800,0.02,0.05,0.2,,21,0.3,0.2,2.0,20,0,0.83984375,0.83662109375,0.9231770833333334,160.0,1.1333333333333333,0.11666666666666667,29.129604429048918,0.017895833333333333,0.9662921348314607,44,2.380251006459264,0.21471113217807117,1.7802510064592645,1.705644091775349,1.0,PF,0.0010611826037484208
apartment,PF,60,800,0.02,0.05,0.2,,20,0.3,0.2,2.0,20,0,0.81640625,0.81376953125,0.8697916666666666,180.0,1.0833333333333333,0.15,29.385853640533377,0.019645833333333335,0.9623944742900998,45,2.2371922464430196,0.11057335586969443,1.63719224644302,1.58798154857624,1.0,PF,0.0010941186462514452
apartment,PF,60,800,0.02,0.05,0.2,,19,0.3,0.2,2.0,20,0,0.8489583333333334,0.8202473958333334,0.880859375,140.0,1.2333333333333334,0.16666666666666666,30.217282554516867,0.018666666666666668,1.0124223602484472,47,2.304848240155296,0.15693576282310445,1.7048482401552958,1.6909529704468458,1.0,PF,0.0011103883850000784
apartment,PF,60,800,0.02,0.05,0.2,,18,0.3,0.2,2.0,20,0,0.8658854166666666,0.8440104166666667,0.9192708333333334,140.0,0.9166666666666666,0.13333333333333333,30.635367263365165,0.012291666666666666,1.0522151898734178,50,2.1919026326835724,0.19304455195250758,1.5919026326835728,1.481747321430144,1.0,PF,0.0011492404162504498
apartment,PF,60,800,0.02,0.05,0.2,,22,0.3,0.2,2.0,20,0,0.8678385416666666,0.8628580729166668,0.9231770833333334,220.0,0.8166666666666667,0.11666666666666667,30.258082170840474,0.017,0.9992503748125936,47,2.367527455703205,0.1685839919573635,1.767527455703205,1.7035685618579377,1.0,PF,0.001095699479999439
apartment,PF,60,800,0.02,0.05,0.2,,23,0.3,0.2,2.0,20,0,0.85546875,0.85107421875,0.9225260416666666,140.0,1.15,0.03333333333333333,30.075251074943065,0.017520833333333333,1.0107692307692309,47,2.2519421858746496,0.19702267202954205,1.6519421858746497,1.6128494679399408,1.0,PF,0.0010887709374992483
apartment,PF,60,800,0.02,0.05,0.2,,24,0.3,0.2,2.0,20,0,0.8326822916666666,0.8285481770833332,0.8567708333333334,140.0,1.1666666666666667,0.15,30.098714582743234,0.0188125,0.9899380804953559,48,2.1848886065054463,0.09297404606377746,1.5848886065054462,1.568072361716672,1.0,PF,0.0011486320837502716
apartment,PF,60,800,0.02,0.05,0.2,,25,0.3,0.2,2.0,20,0,0.8359375,0.8243815104166666,0.8665364583333334,140.0,0.95,0.11666666666666667,30.620632407328916,0.018395833333333333,1.009433962264151,49,2.2037149778667975,0.09336775279700493,1.6037149778667978,1.5852691449399043,1.0,PF,0.00114990520874926
apartment,PF,60,800,0.02,0.05,0.2,,26,0.3,0.2,2.0,20,0,0.84765625,0.8374348958333332,0.927734375,160.0,1.0166666666666666,0.16666666666666666,29.806025102113825,0.0178125,0.9908675799086758,46,2.324656560721821,0.17348948962483318,1.7246565607218205,1.6400597200295848,1.0,PF,0.0010863122399996429
apartment,PF,60,800,0.02,0.05,0.4,,0,0.3,0.2,2.0,20,0,0.796875,0.7875976562499999,0.857421875,160.0,1.0166666666666666,0.05,27.63174128846898,0.015229166666666667,0.9444444444444444,36,2.4984866123048644,0.1027623479074,1.8984866123048643,1.8647365189435954,1.0,PF,0.0010424508337496263
apartment,PF,60,800,0.02,0.05,0.2,,29,0.3,0.2,2.0,20,0,0.8678385416666666,0.84619140625,0.9290364583333334,160.0,1.2666666666666666,0.13333333333333333,31.032673150339008,0.0176875,1.0191131498470947,49,2.2534698622097755,0.21399234240299303,1.6534698622097752,1.5581375865852367,1.0,PF,0.0011141743237499213
apartment,PF,60,800,0.02,0.05,0.2,,28,0.3,0.2,2.0,20,0,0.8619791666666666,0.8562174479166668,0.9283854166666666,220.0,1.0666666666666667,0.15,30.990517478153865,0.017833333333333333,1.0184615384615385,50,2.1557294826304862,0.2087466350947521,1.5557294826304864,1.4964571742653257,1.0,PF,0.001138282656249885
apartment,PF,60,800,0.02,0.05,0.2,,27,0.3,0.2,2.0,20,0,0.80078125,0.7970377604166667,0.8326822916666666,140.0,1.1666666666666667,0.11666666666666667,30.468793312081623,0.017729166666666667,0.9879518072289156,47,2.1689573433347826,0.16926513962230247,1.568957343334783,1.5239036825149306,1.0,PF,0.0011474168750009995
apartment,PF,60,800,0.02,0.05,0.4,,1,0.3,0.2,2.0,20,0,0.755859375,0.7610351562500001,0.8977864583333334,140.0,1.1,0.13333333333333333,26.666600351511022,0.019041666666666665,0.8742469879518072,33,2.566795911716055,0.08037248476450896,1.9667959117160547,1.969426037109573,1.0,PF,0.0010034027087499453
apartment,PF,60,800,0.02,0.05,0.4,,2,0.3,0.2,2.0,20,0,0.7389322916666666,0.7303710937499999,0.8665364583333334,180.0,1.1333333333333333,0.15,27.26820263622714,0.021229166666666667,0.8703987730061349,34,2.4879595051638237,0.09085788843592457,1.8879595051638234,1.9372619704088057,1.0,PF,0.0010158169262490446
apartment,PF,60,800,0.02,0.05,0.4,,3,0.3,0.2,2.0,20,0,0.7923177083333334,0.7890299479166666,0.8587239583333334,140.0,1.0833333333333333,0.1,27.170840615447073,0.0174375,0.9470817120622569,34,2.691210941403181,0.05983087288939248,2.09121094140318,2.1344141104986276,1.0,PF,0.001018233958750443
apartment,PF,60,800,0.02,0.05,0.4,,4,0.3,0.2,2.0,20,0,0.7923177083333334,0.7908854166666667,0.86328125,140.0,1.1833333333333333,0.1,28.290788431131485,0.020291666666666666,0.9878246753246753,39,2.451884362339286,0.13754438952312514,1.851884362339286,1.7931213215919883,1.0,PF,0.0010299373962516256
apartment,PF,60,800,0.02,0.05,0.4,,7,0.3,0.2,2.0,20,0,0.77734375,0.7499023437499999,0.927734375,140.0,1.1333333333333333,0.1,26.706248848458113,0.019333333333333334,0.9114503816793893,31,2.793014194764265,0.1994799753665864,2.1930141947642645,2.056148929598729,1.0,PF,0.0009565613537506579
apartment,PF,60,800,0.02,0.05,0.4,,6,0.3,0.2,2.0,20,0,0.794921875,0.77978515625,0.8411458333333334,160.0,1.0666666666666667,0.05,27.13919827648611,0.018354166666666668,0.9854721549636803,35,2.5765383082806537,0.12532915542528952,1.9765383082806534,2.0752025672365924,1.0,PF,0.0010446232300000702
apartment,PF,60,800,0.02,0.05,0.4,,9,0.3,0.2,2.0,20,0,0.7955729166666666,0.7905598958333332,0.87890625,180.0,1.0666666666666667,0.08333333333333333,27.156133686365624,0.020770833333333332,0.9187969924812031,34,2.647512817877517,0.11308855382777545,2.0475128178775175,2.0698183218841537,1.0,PF,0.0010107356250000522
apartment,PF,60,800,0.02,0.05,0.4,,5,0.3,0.2,2.0,20,0,0.865234375,0.8522786458333333,0.9270833333333334,160.0,1.1833333333333333,0.11666666666666667,29.191568342595268,0.015979166666666666,1.012185833968012,44,2.412887156461749,0.18709711168347157,1.8128871564617492,1.7980115705049364,1.0,PF,0.0011147260412508332
apartment,PF,60,800,0.02,0.05,0.4,,8,0.3,0.2,2.0,20,0,0.767578125,0.7512044270833333,0.8678385416666666,160.0,1.0833333333333333,0.18333333333333332,27.652776199415015,0.023375,0.8972602739726028,36,2.4209794166967225,0.12717968092123033,1.820979416696722,1.7218731092132766,1.0,PF,0.001059444166251069
apartment,PF,60,800,0.02,0.05,0.4,,10,0.3,0.2,2.0,20,0,0.79296875,0.7830078125,0.8470052083333334,160.0,1.0833333333333333,0.06666666666666667,27.747813813040377,0.016729166666666666,0.9567949725058916,37,2.4968294345041397,0.12178130572060107,1.8968294345041394,1.866303339665726,1.0,PF,0.0010365529162504573
apartment,PF,60,800,0.02,0.05,0.4,,12,0.3,0.2,2.0,20,0,0.7942708333333334,0.7557617187500001,0.9153645833333334,180.0,1.1166666666666667,0.15,26.812963913842005,0.015229166666666667,0.9305873379099924,33,2.794330473300204,0.19383829445313364,2.1943304733002034,2.0443267562263845,1.0,PF,0.0009899146875000041
apartment,PF,60,800,0.02,0.05,0.4,,11,0.3,0.2,2.0,20,0,0.853515625,0.8389322916666668,0.9270833333333334,200.0,1.0166666666666666,0.11666666666666667,29.198448223233832,0.0204375,1.0061396776669225,42,2.404516927438562,0.1818093543335601,1.8045169274385615,1.7832792243174564,1.0,PF,0.0010697494787496
apartment,PF,60,800,0.02,0.05,0.4,,13,0.3,0.2,2.0,20,0,0.8450520833333334,0.8192708333333334,0.9407552083333334,180.0,1.05,0.13333333333333333,27.982219841395498,0.01725,0.9607698001480386,36,2.603837656162533,0.17568225198525014,2.003837656162533,1.8727903459596098,1.0,PF,0.0009659658337500332
apartment,PF,60,800,0.02,0.05,0.4,,14,0.3,0.2,2.0,20,0,0.8131510416666666,0.80439453125,0.85546875,160.0,1.1666666666666667,0.18333333333333332,27.998383756162934,0.019125,0.9734996102883865,37,2.478168235932266,0.08954098624114395,1.8781682359322651,1.7727036785788686,1.0,PF,0.0010468628649982748
apartment,PF,60,800,0.02,0.05,0.4,,15,0.3,0.2,2.0,20,0,0.8313802083333334,0.8282552083333332,0.9309895833333334,160.0,1.0333333333333334,0.1,28.025783798702154,0.018395833333333333,0.9466271312083024,37,2.6028861112554775,0.18855638390278995,2.002886111255478,1.9823777313468174,1.0,PF,0.0010313182287495692
apartment,PF,60,800,0.02,0.05,0.4,,16,0.3,0.2,2.0,20,0,0.794921875,0.7856770833333334,0.8515625,160.0,1.15,0.08333333333333333,28.094177172705564,0.018604166666666668,0.9516757599376461,38,2.4026828020068245,0.1168144420665827,1.8026828020068253,1.7897656042057815,1.0,PF,0.0010518010412488366
apartment,PF,60,800,0.02,0.05,0.4,,17,0.3,0.2,2.0,20,0,0.7486979166666666,0.7179036458333334,0.8450520833333334,160.0,1.0,0.1,27.672274764958807,0.021145833333333332,0.8970358814352574,35,2.5309738376691224,0.18363531508301706,1.9309738376691217,1.7326547104264955,1.0,PF,0.0010348044274996937
apartment,PF,60,800,0.02,0.05,0.4,,18,0.3,0.2,2.0,20,0,0.76953125,0.7568684895833333,0.845703125,140.0,0.9166666666666666,0.13333333333333333,27.183609054843863,0.012229166666666666,0.935126582278481,35,2.5867969433895825,0.15574883725081626,1.986796943389582,1.9651252403395345,1.0,PF,0.0010679637499993078
apartment,PF,60,800,0.02,0.05,0.4,,19,0.3,0.2,2.0,20,0,0.767578125,0.7563802083333334,0.84765625,140.0,1.2333333333333334,0.15,26.92512419074421,0.018583333333333334,0.9153726708074534,33,2.698935152348873,0.15244595747967063,2.0989351523488735,2.0349695369136995,1.0,PF,0.0009973243224999351
apartment,PF,60,800,0.02,0.05,0.4,,20,0.3,0.2,2.0,20,0,0.74609375,0.73642578125,0.8678385416666666,180.0,1.0833333333333333,0.15,26.17379829899465,0.019520833333333334,0.8795088257866462,30,2.7681027983141138,0.09782928306655626,2.1681027983141137,2.209891940805355,1.0,PF,0.0009564734900004623
apartment,PF,60,800,0.02,0.05,0.4,,21,0.3,0.2,2.0,20,0,0.8111979166666666,0.7877604166666666,0.9205729166666666,160.0,1.1333333333333333,0.11666666666666667,26.91033570421071,0.017895833333333333,0.9333333333333332,34,2.7978303789024612,0.18041993040532484,2.1978303789024616,2.1390924156819815,1.0,PF,0.0010297668225007328
apartment,PF,60,800,0.02,0.05,0.4,,22,0.3,0.2,2.0,20,0,0.7858072916666666,0.773046875,0.9205729166666666,220.0,0.8166666666666667,0.11666666666666667,27.490395910321272,0.016979166666666667,0.9047976011994002,34,2.6685561869796404,0.22714894485181053,2.06855618697964,1.905884920920481,1.0,PF,0.0010231671874998938
apartment,PF,60,800,0.02,0.05,0.4,,23,0.3,0.2,2.0,20,0,0.8138020833333334,0.8081705729166668,0.9212239583333334,140.0,1.15,0.03333333333333333,27.81291984673612,0.017458333333333333,0.9615384615384617,37,2.538894799345207,0.19631272296448415,1.9388947993452064,1.9757345461409908,1.0,PF,0.0010132689062515964
apartment,PF,60,800,0.02,0.05,0.4,,24,0.3,0.2,2.0,20,0,0.7571614583333334,0.7544596354166667,0.8567708333333334,140.0,1.1666666666666667,0.15,26.486458563251183,0.018770833333333334,0.9001547987616099,32,2.7714992387031234,0.1644414558318034,2.171499238703123,2.1116798236024485,1.0,PF,0.0010194998949987167
apartment,PF,60,800,0.02,0.05,0.4,,26,0.3,0.2,2.0,20,0,0.7591145833333334,0.7396484375000001,0.9225260416666666,160.0,1.0166666666666666,0.15,26.89590221206274,0.017583333333333333,0.8873668188736682,33,2.749831783762437,0.21776815500488642,2.1498317837624366,2.1215066707553336,1.0,PF,0.0010063892700009091
apartment,PF,60,800,0.02,0.05,0.4,,25,0.3,0.2,2.0,20,0,0.794921875,0.7862630208333333,0.849609375,140.0,0.95,0.13333333333333333,28.425835376114442,0.018229166666666668,0.9599056603773585,40,2.342815980348628,0.16785361450953007,1.742815980348628,1.6888490873496116,1.0,PF,0.0010303604162504598
apartment,PF,60,800,0.02,0.05,0.4,,27,0.3,0.2,2.0,20,0,0.7076822916666666,0.6885416666666666,0.8255208333333334,140.0,1.1666666666666667,0.11666666666666667,26.578201540440162,0.0176875,0.8730923694779116,31,2.650946393458869,0.16472915943928698,2.0509463934588683,2.086051878314103,1.0,PF,0.0010106121874991914
apartment,PF,60,800,0.02,0.05,0.4,,28,0.3,0.2,2.0,20,0,0.8138020833333334,0.8083658854166667,0.8736979166666666,220.0,1.0666666666666667,0.15,27.96077900076555,0.017770833333333333,0.9615384615384617,38,2.4747915155400904,0.11886340890888374,1.8747915155400905,1.9774935281585322,1.0,PF,0.0010477329175000705
apartment,PF,60,800,0.02,0.05,0.4,,29,0.3,0.2,2.0,20,0,0.8294270833333334,0.8021158854166666,0.9251302083333334,160.0,1.2666666666666666,0.13333333333333333,28.32666475393669,0.017479166666666667,0.9740061162079511,38,2.5894231861258206,0.1884320667347296,1.9894231861258218,2.01660429968386,1.0,PF,0.0010405130200001622
apartment,PF,60,800,0.02,0.05,0.6,,0,0.3,0.2,2.0,20,0,0.6295572916666666,0.6226236979166667,0.8561197916666666,160.0,1.0166666666666666,0.05,24.527564813022362,0.015229166666666667,0.7461419753086419,22,3.0452347611683734,0.13854778679151156,2.4452347611683725,2.2209765856725117,1.0,PF,0.0009863606249996338
apartment,PF,60,800,0.02,0.05,0.6,,1,0.3,0.2,2.0,20,0,0.560546875,0.5550130208333334,0.8932291666666666,140.0,1.1,0.13333333333333333,23.928042783652874,0.0190625,0.6483433734939759,19,3.428910796554588,0.15978371531375657,2.8289107965545868,2.722770260753966,1.0,PF,0.0009022351049998178
apartment,PF,60,800,0.02,0.05,0.6,,2,0.3,0.2,2.0,20,0,0.5592447916666666,0.5490234375,0.8665364583333334,180.0,1.1333333333333333,0.15,24.32805070901035,0.021270833333333333,0.6587423312883435,20,2.9799232931213746,0.07419345887772337,2.379923293121375,2.412154791244634,1.0,PF,0.0009404330212510104
apartment,PF,60,800,0.02,0.05,0.6,,3,0.3,0.2,2.0,20,0,0.5807291666666666,0.5771809895833332,0.8580729166666666,140.0,1.0833333333333333,0.08333333333333333,24.5322986848396,0.017375,0.6941634241245136,21,3.0759969687321407,0.17716057209208644,2.4759969687321406,2.3255273366762097,1.0,PF,0.0009256849474991213
apartment,PF,60,800,0.02,0.05,0.6,,4,0.3,0.2,2.0,20,0,0.6666666666666666,0.6562825520833332,0.822265625,140.0,1.1833333333333333,0.1,25.366437581715836,0.020291666666666666,0.8311688311688311,26,2.7900577895730354,0.09767454569878083,2.1900577895730358,2.216448254001261,1.0,PF,0.0009903119787486503
apartment,PF,60,800,0.02,0.05,0.6,,6,0.3,0.2,2.0,20,0,0.5501302083333334,0.54521484375,0.828125,160.0,1.0666666666666667,0.05,24.07126842640746,0.018354166666666668,0.682001614205004,21,3.052673310483184,0.20222976109232849,2.452673310483184,2.4866844160800197,1.0,PF,0.0009510102600006576
apartment,PF,60,800,0.02,0.05,0.6,,5,0.3,0.2,2.0,20,0,0.7708333333333334,0.7680338541666667,0.8880208333333334,160.0,1.1833333333333333,0.1,27.416434611704325,0.015979166666666666,0.9017517136329017,35,2.517109514173659,0.12616589842471437,1.917109514173659,1.918941370066928,1.0,PF,0.0010021637500017277
apartment,PF,60,800,0.02,0.05,0.6,,7,0.3,0.2,2.0,20,0,0.5859375,0.5834635416666667,0.927734375,140.0,1.1333333333333333,0.1,24.618114398425973,0.019333333333333334,0.6870229007633587,21,3.2585374910792044,0.30491296028427844,2.6585374910792043,2.3213016274546194,1.0,PF,0.0009207942699981686
apartment,PF,60,800,0.02,0.05,0.6,,8,0.3,0.2,2.0,20,0,0.6106770833333334,0.5955403645833333,0.8645833333333334,160.0,1.0833333333333333,0.18333333333333332,25.21265517254151,0.023375,0.7138508371385084,25,2.844521690976158,0.1807357385723674,2.2445216909761583,2.168444833927728,1.0,PF,0.0009395804162500099
apartment,PF,60,800,0.02,0.05,0.6,,9,0.3,0.2,2.0,20,0,0.6223958333333334,0.6282877604166667,0.8782552083333334,180.0,1.0666666666666667,0.08333333333333333,24.873447235136503,0.020770833333333332,0.7187969924812031,23,2.9459669654391862,0.14277365169262404,2.3459669654391857,2.2336564708795845,1.0,PF,0.0009364830212484776
apartment,PF,60,800,0.02,0.05,0.6,,10,0.3,0.2,2.0,20,0,0.7493489583333334,0.7369466145833333,0.8463541666666666,160.0,1.0833333333333333,0.06666666666666667,26.168479421062106,0.016604166666666666,0.9041633935585233,30,2.7933911808905156,0.16309208359060304,2.1933911808905155,2.115613416699267,1.0,PF,0.0009900815099990723
apartment,PF,60,800,0.02,0.05,0.6,,12,0.3,0.2,2.0,20,0,0.58203125,0.58251953125,0.8723958333333334,180.0,1.1166666666666667,0.15,24.144688634218618,0.015208333333333334,0.6819221967963387,21,3.148663942145045,0.1649203814625189,2.5486639421450454,2.362279352433102,1.0,PF,0.0009546979687502244
apartment,PF,60,800,0.02,0.05,0.6,,11,0.3,0.2,2.0,20,0,0.6907552083333334,0.6888346354166667,0.9231770833333334,200.0,1.0166666666666666,0.11666666666666667,26.03155398874075,0.020458333333333332,0.8142747505755948,28,2.9069420052328936,0.2587295356194409,2.3069420052328935,2.0813381178042922,1.0,PF,0.00099770343749924
apartment,PF,60,800,0.02,0.05,0.6,,13,0.3,0.2,2.0,20,0,0.6907552083333334,0.6832682291666666,0.931640625,180.0,1.05,0.13333333333333333,25.60602982186066,0.01725,0.7853441894892673,26,3.0361459634968977,0.22114651985664147,2.4361459634968976,2.2268300220934534,1.0,PF,0.0009417811987509594
apartment,PF,60,800,0.02,0.05,0.6,,14,0.3,0.2,2.0,20,0,0.59765625,0.5845703125000001,0.85546875,160.0,1.1666666666666667,0.18333333333333332,24.535648505749723,0.019125,0.7155105222135619,21,3.144946373026649,0.1496761730847834,2.544946373026648,2.503548530768245,1.0,PF,0.0009341259375014488
apartment,PF,60,800,0.02,0.05,0.6,,15,0.3,0.2,2.0,20,0,0.6822916666666666,0.6662434895833333,0.9303385416666666,160.0,1.0333333333333334,0.1,25.687596918939914,0.018333333333333333,0.776871756856931,26,2.987401446395226,0.25548678108519035,2.3874014463952262,2.256646641966753,1.0,PF,0.0009310415625009228
apartment,PF,60,800,0.02,0.05,0.6,,16,0.3,0.2,2.0,20,0,0.7076822916666666,0.70322265625,0.849609375,160.0,1.15,0.08333333333333333,26.61341462022239,0.018604166666666668,0.8472330475448168,31,2.607301793974075,0.16280228537878833,2.007301793974076,2.0639804108614364,1.0,PF,0.0009719834375005121
apartment,PF,60,800,0.02,0.05,0.6,,17,0.3,0.2,2.0,20,0,0.5397135416666666,0.5349283854166667,0.8450520833333334,160.0,1.0,0.1,23.864326795629804,0.021208333333333333,0.6466458658346333,19,3.084936192437129,0.10586068046441371,2.484936192437129,2.477936194428275,1.0,PF,0.000905305364999549
apartment,PF,60,800,0.02,0.05,0.6,,18,0.3,0.2,2.0,20,0,0.6549479166666666,0.6483723958333333,0.8450520833333334,140.0,0.9166666666666666,0.13333333333333333,24.995260606580953,0.012229166666666666,0.7958860759493671,25,2.873119943402806,0.0731243942572156,2.2731199434028055,2.1973742023256526,1.0,PF,0.0009353781250001702
apartment,PF,60,800,0.02,0.05,0.6,,19,0.3,0.2,2.0,20,0,0.501953125,0.4956380208333333,0.84765625,140.0,1.2333333333333334,0.15,23.72755148069623,0.018583333333333334,0.5986024844720497,18,3.4221779114312327,0.2909914931989428,2.8221779114312335,2.5308894947375067,1.0,PF,0.0008990511974980109
apartment,PF,60,800,0.02,0.05,0.6,,20,0.3,0.2,2.0,20,0,0.6223958333333334,0.6161132812500001,0.865234375,180.0,1.0833333333333333,0.15,24.606093706357793,0.019520833333333334,0.7336914811972373,22,3.0869478440760934,0.13978899910918732,2.4869478440760937,2.356320260114011,1.0,PF,0.0009323073962491435
apartment,PF,60,800,0.02,0.05,0.6,,21,0.3,0.2,2.0,20,0,0.6204427083333334,0.6213541666666667,0.9225260416666666,160.0,1.1333333333333333,0.11666666666666667,24.637260848216652,0.017895833333333333,0.7138576779026218,23,3.1048317906911707,0.21830609320568745,2.5048317906911692,2.249429066723802,1.0,PF,0.0009133658849987114
apartment,PF,60,800,0.02,0.05,0.6,,22,0.3,0.2,2.0,20,0,0.5598958333333334,0.5457031250000001,0.9088541666666666,220.0,0.8166666666666667,0.11666666666666667,24.67171800923133,0.017041666666666667,0.6446776611694153,21,3.02037985940555,0.19437854538622704,2.4203798594055494,2.4115261610869045,1.0,PF,0.0009267504174999885
apartment,PF,60,800,0.02,0.05,0.6,,24,0.3,0.2,2.0,20,0,0.6302083333333334,0.6222005208333333,0.8567708333333334,140.0,1.1666666666666667,0.15,24.88192525018426,0.018770833333333334,0.7492260061919505,24,2.915758660337678,0.1948723411132558,2.315758660337678,2.3351302103268883,1.0,PF,0.0009319525512501059
apartment,PF,60,800,0.02,0.05,0.6,,23,0.3,0.2,2.0,20,0,0.5885416666666666,0.5786458333333334,0.9192708333333334,140.0,1.15,0.05,24.642734912581894,0.017479166666666667,0.6953846153846154,22,3.13465070311898,0.30047718481735486,2.534650703118979,2.213267909311167,1.0,PF,0.0009624611449999066
apartment,PF,60,800,0.02,0.05,0.6,,26,0.3,0.2,2.0,20,0,0.5423177083333334,0.5292643229166667,0.9251302083333334,160.0,1.0166666666666666,0.15,23.97039460148992,0.017583333333333333,0.6339421613394216,19,3.3094692217390858,0.2449203526289605,2.7094692217390857,2.6915381397925993,1.0,PF,0.0009209376562512261
apartment,PF,60,800,0.02,0.05,0.6,,25,0.3,0.2,2.0,20,0,0.6048177083333334,0.6005533854166667,0.845703125,140.0,0.95,0.11666666666666667,24.81172270177426,0.018145833333333333,0.7303459119496856,23,2.873788790645158,0.11841042831980468,2.273788790645158,2.200456178787621,1.0,PF,0.0009351217712514882
apartment,PF,60,800,0.02,0.05,0.6,,27,0.3,0.2,2.0,20,0,0.4869791666666667,0.4843424479166666,0.82421875,140.0,1.1666666666666667,0.11666666666666667,23.92618127727083,0.0176875,0.6008032128514057,19,2.9231474167834715,0.2357849759702679,2.323147416783472,2.2674852497928413,1.0,PF,0.0009140737500001705
apartment,PF,60,800,0.02,0.05,0.6,,28,0.3,0.2,2.0,20,0,0.6119791666666666,0.6119791666666667,0.857421875,220.0,1.0666666666666667,0.15,25.092809077497563,0.017770833333333333,0.7230769230769231,23,2.943752354089462,0.1318449817257658,2.3437523540894625,2.3756567194661824,1.0,PF,0.0009502055212510641
apartment,PF,60,800,0.02,0.05,0.6,,29,0.3,0.2,2.0,20,0,0.5494791666666666,0.5318359374999999,0.8984375,160.0,1.2666666666666666,0.15,24.600817243298227,0.017541666666666667,0.6452599388379204,21,2.8716650859203767,0.18233741730763042,2.2716650859203766,2.1802306037701045,1.0,PF,0.0009150173949979035
rubble,PF,60,800,0.02,0.05,0.0,,0,0.3,0.2,2.0,20,0,0.7716480446927374,0.747486033519553,0.8156424581005587,360.0,1.05,0.26666666666666666,35.631415801409304,0.019916666666666666,,60,1.8014155783477261,0.2413148246336839,1.2014155783477258,1.1093682638733204,1.0,PF,0.0012484984374987107
rubble,PF,60,800,0.02,0.05,0.0,,1,0.3,0.2,2.0,20,0,0.7681564245810056,0.7476606145251397,0.8135474860335196,240.0,1.25,0.3333333333333333,35.26483935566474,0.036583333333333336,,60,1.836220465951861,0.20073083008500148,1.2362204659518607,1.1895492112487287,1.0,PF,0.0012148455200008358
rubble,PF,60,800,0.02,0.05,0.0,,2,0.3,0.2,2.0,20,0,0.7667597765363129,0.7438896648044693,0.8114525139664804,340.0,1.35,0.3333333333333333,34.99766622521805,0.027270833333333334,,60,1.8374150469279478,0.25045205994677877,1.2374150469279472,1.128209884668676,1.0,PF,0.0012329993224989267
rubble,PF,60,800,0.02,0.05,0.0,,3,0.3,0.2,2.0,20,0,0.8002793296089385,0.7887918994413409,0.848463687150838,340.0,1.15,0.4,34.79212455389229,0.034541666666666665,,60,1.8941817032212673,0.20949193677984285,1.2941817032212675,1.157520507661579,1.0,PF,0.0012927008324982127
rubble,PF,60,800,0.02,0.05,0.0,,4,0.3,0.2,2.0,20,0,0.7639664804469274,0.7252444134078212,0.8142458100558659,460.0,1.25,0.4166666666666667,35.17625072013407,0.026395833333333334,,60,1.7987212529963181,0.2691908074183995,1.198721252996318,1.0267755873791016,1.0,PF,0.0012515930212498461
rubble,PF,60,800,0.02,0.05,0.0,,6,0.3,0.2,2.0,20,0,0.7465083798882681,0.7292946927374302,0.8044692737430168,400.0,1.25,0.45,35.703301613326154,0.025729166666666668,,60,1.8224182427083613,0.22300162133827822,1.2224182427083614,1.1681095083422302,1.0,PF,0.001234434843750023
rubble,PF,60,800,0.02,0.05,0.0,,5,0.3,0.2,2.0,20,0,0.7688547486033519,0.7523743016759777,0.8247206703910615,360.0,1.1833333333333333,0.18333333333333332,35.19378552458686,0.034541666666666665,,60,1.8677910939745217,0.22944472263891236,1.2677910939745216,1.2065227156290326,1.0,PF,0.0012780935412502004
rubble,PF,60,800,0.02,0.05,0.0,,7,0.3,0.2,2.0,20,0,0.7667597765363129,0.7331354748603351,0.8233240223463687,480.0,1.3333333333333333,0.25,35.77444001139278,0.0288125,,60,1.8482661490418728,0.2664488505894096,1.2482661490418723,1.1173643799381736,1.0,PF,0.0012644264062510048
rubble,PF,60,800,0.02,0.05,0.0,,8,0.3,0.2,2.0,20,0,0.7611731843575419,0.7489175977653633,0.8086592178770949,320.0,1.1,0.45,34.787605963768534,0.024770833333333332,,60,1.844299097189467,0.23865118575720012,1.2442990971894665,1.098805112370668,1.0,PF,0.0012543305212511769
rubble,PF,60,800,0.02,0.05,0.0,,9,0.3,0.2,2.0,20,0,0.7262569832402235,0.7104748603351955,0.7751396648044693,300.0,1.2833333333333334,0.38333333333333336,34.6518169326278,0.025354166666666667,,60,1.7941104674559143,0.21825020263009096,1.1941104674559146,1.1074618520883832,1.0,PF,0.001243608177499027
rubble,PF,60,800,0.02,0.05,0.0,,10,0.3,0.2,2.0,20,0,0.7779329608938548,0.7545391061452514,0.8400837988826816,320.0,1.0833333333333333,0.5166666666666667,34.68304710553103,0.030833333333333334,,60,1.8502865363537555,0.28009729846203285,1.2502865363537552,1.1343519914860878,1.0,PF,0.001220734791252198
rubble,PF,60,800,0.02,0.05,0.0,,11,0.3,0.2,2.0,20,0,0.7821229050279329,0.7525488826815643,0.8240223463687151,440.0,1.1333333333333333,0.2833333333333333,35.001489647238266,0.026479166666666668,,60,1.8521574889175905,0.23627334097361416,1.2521574889175904,1.1340811955523606,1.0,PF,0.0012157796874998894
rubble,PF,60,800,0.02,0.05,0.0,,12,0.3,0.2,2.0,20,0,0.770949720670391,0.7343924581005586,0.8268156424581006,480.0,1.15,0.5,35.075237670033374,0.021083333333333332,,60,1.8286830063479107,0.2675147094245442,1.2286830063479102,1.0519446937749015,1.0,PF,0.0012557065624991992
rubble,PF,60,800,0.02,0.05,0.0,,15,0.3,0.2,2.0,20,0,0.8086592178770949,0.7627793296089386,0.8561452513966481,420.0,1.4833333333333334,0.5666666666666667,35.37819110233399,0.02814583333333333,,60,1.878601222923172,0.2401060537658903,1.2786012229231716,1.1736748265031334,1.0,PF,0.001219126301250526
rubble,PF,60,800,0.02,0.05,0.0,,13,0.3,0.2,2.0,20,0,0.7702513966480447,0.7515712290502793,0.8233240223463687,260.0,1.35,0.45,34.87674301512947,0.04120833333333333,,60,1.8854788103938565,0.28742759208987717,1.2854788103938561,1.1528042976763166,1.0,PF,0.001293150156250249
rubble,PF,60,800,0.02,0.05,0.0,,14,0.3,0.2,2.0,20,0,0.75,0.721368715083799,0.8044692737430168,500.0,1.1666666666666667,0.35,34.98843903712428,0.029833333333333333,,60,1.793635892947075,0.21336382330045947,1.1936358929470747,1.12528238204907,1.0,PF,0.0012752527612497034
rubble,PF,60,800,0.02,0.05,0.0,,16,0.3,0.2,2.0,20,0,0.7416201117318436,0.7101606145251396,0.7828212290502793,320.0,1.3,0.48333333333333334,35.02536235304251,0.030458333333333334,,60,1.7653748969906444,0.21109730449409445,1.1653748969906443,1.0991519040757582,1.0,PF,0.0012258142187511112
rubble,PF,60,800,0.02,0.05,0.0,,17,0.3,0.2,2.0,20,0,0.7339385474860335,0.7118365921787709,0.7918994413407822,280.0,1.35,0.2833333333333333,34.78992156391472,0.028270833333333332,,60,1.7991542114632326,0.2666054850320305,1.1991542114632319,1.089952040226603,1.0,PF,0.0012405276562481049
rubble,PF,60,800,0.02,0.05,0.0,,18,0.3,0.2,2.0,20,0,0.7534916201117319,0.7459148044692736,0.8065642458100558,260.0,1.25,0.31666666666666665,35.355746558025295,0.027791666666666666,,60,1.8253077247734457,0.22800033688676438,1.225307724773446,1.1116691399909966,1.0,PF,0.0012194701562498267
rubble,PF,60,800,0.02,0.05,0.0,,19,0.3,0.2,2.0,20,0,0.7737430167597765,0.7498603351955307,0.8177374301675978,400.0,1.2666666666666666,0.4666666666666667,35.58740812879189,0.021958333333333333,,60,1.8258052295236713,0.2341439637185846,1.2258052295236712,1.12354524854449,1.0,PF,0.0011910202600006413
rubble,PF,60,800,0.02,0.05,0.0,,20,0.3,0.2,2.0,20,0,0.8044692737430168,0.7658868715083799,0.8603351955307262,400.0,1.0833333333333333,0.35,35.08079359180884,0.033166666666666664,,60,1.89562552154691,0.25198331758986514,1.2956255215469104,1.0908720079117176,1.0,PF,0.0012455515624992587
rubble,PF,60,800,0.02,0.05,0.0,,21,0.3,0.2,2.0,20,0,0.7737430167597765,0.7568435754189944,0.8212290502793296,280.0,1.3333333333333333,0.2833333333333333,34.47952667006787,0.03339583333333333,,60,1.8098888914116331,0.2537467062569284,1.2098888914116328,1.137467045116059,1.0,PF,0.0011940195837496503
rubble,PF,60,800,0.02,0.05,0.0,,22,0.3,0.2,2.0,20,0,0.789804469273743,0.7570879888268156,0.8505586592178771,440.0,1.35,0.48333333333333334,35.06156036014054,0.0263125,,60,1.8789538652736975,0.261038038686874,1.2789538652736974,1.1648908980892925,1.0,PF,0.0012181791662510477
rubble,PF,60,800,0.02,0.05,0.0,,23,0.3,0.2,2.0,20,0,0.776536312849162,0.7364874301675978,0.8198324022346368,460.0,1.2833333333333334,0.4166666666666667,35.50965731644956,0.02808333333333333,,60,1.8632351853843327,0.2532261259277315,1.2632351853843329,1.1181115627358456,1.0,PF,0.0012175213550017362
rubble,PF,60,800,0.02,0.05,0.0,,24,0.3,0.2,2.0,20,0,0.744413407821229,0.7406424581005585,0.8023743016759777,300.0,1.3,0.36666666666666664,35.02505335485476,0.03191666666666667,,60,1.7926794791711234,0.21912527631130715,1.192679479171123,1.0804507233053204,1.0,PF,0.0012449746362517544
rubble,PF,60,800,0.02,0.05,0.0,,25,0.3,0.2,2.0,20,0,0.744413407821229,0.7302374301675979,0.803072625698324,320.0,1.4333333333333333,0.3,35.07581160488149,0.02575,,60,1.768371638705466,0.2067453547047396,1.1683716387054652,1.0678674439331144,1.0,PF,0.0012304339587490176
rubble,PF,60,800,0.02,0.05,0.0,,26,0.3,0.2,2.0,20,0,0.7513966480446927,0.7403631284916201,0.8184357541899442,240.0,1.0333333333333334,0.4166666666666667,34.98235329286569,0.025666666666666667,,60,1.8238362673256208,0.20066321975912377,1.223836267325621,1.1369971030843038,1.0,PF,0.0012587366675006705
rubble,PF,60,800,0.02,0.05,0.0,,27,0.3,0.2,2.0,20,0,0.7695530726256983,0.7361382681564246,0.8058659217877095,320.0,1.05,0.48333333333333334,35.274918870118746,0.026458333333333334,,60,1.8378759836610667,0.22272623576861522,1.2378759836610669,1.156442510687904,1.0,PF,0.0012608202087517383
rubble,PF,60,800,0.02,0.05,0.0,,28,0.3,0.2,2.0,20,0,0.7486033519553073,0.7192737430167597,0.8002793296089385,320.0,1.3666666666666667,0.31666666666666665,35.16533472175002,0.0365625,,60,1.8089517767009817,0.2315772919936732,1.2089517767009814,1.132609575147634,1.0,PF,0.0012572504162494625
rubble,PF,60,800,0.02,0.05,0.2,,0,0.3,0.2,2.0,20,0,0.6745810055865922,0.6736731843575419,0.7849162011173184,240.0,1.05,0.26666666666666666,30.61355375979928,0.019770833333333335,0.943359375,43,2.109654384108779,0.3086238044483985,1.5096543841087788,1.3069992720029897,1.0,PF,0.001104801875001158
rubble,PF,60,800,0.02,0.05,0.0,,29,0.3,0.2,2.0,20,0,0.7772346368715084,0.7367667597765364,0.8324022346368715,420.0,1.3,0.35,35.441202223611384,0.027270833333333334,,60,1.857265640042588,0.2711995625701681,1.2572656400425875,1.1557453386665058,1.0,PF,0.0012315235937489888
rubble,PF,60,800,0.02,0.05,0.2,,1,0.3,0.2,2.0,20,0,0.6941340782122905,0.6904678770949719,0.7828212290502793,180.0,1.25,0.3,31.27055204226986,0.03625,0.9511961722488037,47,2.049628024052832,0.2747047812437783,1.449628024052832,1.3221981818809794,1.0,PF,0.0011140341137502218
rubble,PF,60,800,0.02,0.05,0.2,,3,0.3,0.2,2.0,20,0,0.7646648044692738,0.7523044692737431,0.8582402234636871,200.0,1.15,0.21666666666666667,30.557759781892077,0.033979166666666664,1.0233644859813085,44,2.1327429888295,0.17767014975956727,1.5327429888294999,1.431535991669928,1.0,PF,0.001054479427498336
rubble,PF,60,800,0.02,0.05,0.2,,2,0.3,0.2,2.0,20,0,0.6801675977653632,0.6703910614525139,0.7660614525139665,240.0,1.35,0.25,31.96403788370923,0.02660416666666667,0.9521016617790812,49,1.9107964563825701,0.3183748007300248,1.31079645638257,1.1470119810003703,1.0,PF,0.0011819984887506507
rubble,PF,60,800,0.02,0.05,0.2,,4,0.3,0.2,2.0,20,0,0.7227653631284916,0.6916550279329609,0.7702513966480447,200.0,1.25,0.5333333333333333,33.26369174713338,0.027979166666666666,1.0894736842105264,53,1.8644646817139,0.23540476583507058,1.2644646817138998,1.2095080254126125,1.0,PF,0.0011797479174992986
rubble,PF,60,800,0.02,0.05,0.2,,5,0.3,0.2,2.0,20,0,0.7150837988826816,0.7024092178770949,0.8023743016759777,200.0,1.1833333333333333,0.2833333333333333,33.06380296366696,0.035604166666666666,1.0009775171065494,52,1.8777140256567135,0.19644796342543513,1.2777140256567137,1.1770692270525736,1.0,PF,0.00115793744749908
rubble,PF,60,800,0.02,0.05,0.2,,6,0.3,0.2,2.0,20,0,0.7318435754189944,0.7120810055865922,0.7995810055865922,240.0,1.25,0.5,31.851514590308177,0.0255,1.0693877551020408,48,2.0370087677173223,0.21308602582263678,1.437008767717322,1.3711644368227205,1.0,PF,0.0011249555212498308
rubble,PF,60,800,0.02,0.05,0.2,,7,0.3,0.2,2.0,20,0,0.7046089385474861,0.6864525139664803,0.7688547486033519,160.0,1.3333333333333333,0.2833333333333333,31.572992732819614,0.0290625,1.0532359081419627,47,2.022975813132465,0.25448681332754686,1.4229758131324646,1.283613030298751,1.0,PF,0.0011159891662509836
rubble,PF,60,800,0.02,0.05,0.2,,8,0.3,0.2,2.0,20,0,0.7171787709497207,0.7107891061452514,0.8037709497206704,300.0,1.1,0.5666666666666667,31.933122309085505,0.024395833333333332,0.9734597156398105,49,1.96922709069073,0.213399340238437,1.36922709069073,1.251984268656118,1.0,PF,0.0011168441149993669
rubble,PF,60,800,0.02,0.05,0.2,,9,0.3,0.2,2.0,20,0,0.6759776536312849,0.6589734636871509,0.7311452513966481,240.0,1.2833333333333334,0.3333333333333333,32.06609505976001,0.024979166666666667,1.0072840790842872,49,1.885848445870664,0.28616108072941254,1.2858484458706643,1.153226409667118,1.0,PF,0.0011334708849994968
rubble,PF,60,800,0.02,0.05,0.2,,11,0.3,0.2,2.0,20,0,0.7150837988826816,0.686627094972067,0.7730446927374302,200.0,1.1333333333333333,0.35,31.99308970855459,0.026458333333333334,1.0427698574338087,47,2.061138486294774,0.207125848593892,1.4611384862947738,1.4015932266702236,1.0,PF,0.001078366301248934
rubble,PF,60,800,0.02,0.05,0.2,,10,0.3,0.2,2.0,20,0,0.7227653631284916,0.6973114525139664,0.770949720670391,220.0,1.0833333333333333,0.4,32.081287621066494,0.0300625,1.0038797284190106,49,1.9699881795450667,0.2506563510073877,1.3699881795450666,1.1839605116816596,1.0,PF,0.0010993650524983422
rubble,PF,60,800,0.02,0.05,0.2,,12,0.3,0.2,2.0,20,0,0.6990223463687151,0.6773393854748603,0.8002793296089385,260.0,1.15,0.4166666666666667,30.017732398807535,0.021229166666666667,1.0070422535211268,42,2.0903497504521034,0.21500075846756142,1.4903497504521037,1.323176111737619,1.0,PF,0.0010372270837501673
rubble,PF,60,800,0.02,0.05,0.2,,13,0.3,0.2,2.0,20,0,0.7430167597765364,0.721822625698324,0.8058659217877095,180.0,1.35,0.35,31.727358548299215,0.04039583333333333,1.0350194552529184,48,2.0277205692845626,0.20561020031285404,1.4277205692845623,1.3419269106188048,1.0,PF,0.0011003936987503949
rubble,PF,60,800,0.02,0.05,0.2,,14,0.3,0.2,2.0,20,0,0.6990223463687151,0.6808659217877094,0.7597765363128491,240.0,1.1666666666666667,0.38333333333333336,32.135108618142915,0.029791666666666668,1.0427083333333333,48,1.9973191964229937,0.28229335939675543,1.3973191964229936,1.2552125050057863,1.0,PF,0.0011377323962483389
rubble,PF,60,800,0.02,0.05,0.2,,15,0.3,0.2,2.0,20,0,0.7039106145251397,0.6861033519553074,0.7779329608938548,260.0,1.4833333333333334,0.5166666666666667,31.768883664337555,0.0291875,0.9748549323017409,47,1.9645177389203803,0.15890698031792155,1.3645177389203802,1.2892130325788638,1.0,PF,0.0010809262500015393
rubble,PF,60,800,0.02,0.05,0.2,,17,0.3,0.2,2.0,20,0,0.7094972067039106,0.6931564245810055,0.7793296089385475,200.0,1.35,0.21666666666666667,32.77874400485371,0.0281875,1.0377936670071501,51,1.8910943273747274,0.21768229916728513,1.2910943273747273,1.1646687850345563,1.0,PF,0.0010993383849995553
rubble,PF,60,800,0.02,0.05,0.2,,16,0.3,0.2,2.0,20,0,0.6927374301675978,0.6766061452513967,0.7416201117318436,160.0,1.3,0.4166666666666667,33.5168911783866,0.0295625,1.0269151138716357,53,1.8293631065237044,0.2159460311922284,1.229363106523704,1.1315722706585647,1.0,PF,0.001156497603749358
rubble,PF,60,800,0.02,0.05,0.2,,18,0.3,0.2,2.0,20,0,0.7248603351955307,0.7079259776536313,0.8191340782122905,220.0,1.25,0.25,32.2795337970523,0.026375,1.0048402710551791,49,1.9601457597189484,0.20224211958572796,1.3601457597189484,1.2674825388989461,1.0,PF,0.0010831744275014898
rubble,PF,60,800,0.02,0.05,0.2,,19,0.3,0.2,2.0,20,0,0.6766759776536313,0.6624301675977653,0.7513966480446927,260.0,1.2666666666666666,0.38333333333333336,31.570230495509456,0.022145833333333333,0.96996996996997,45,2.009635333719601,0.252712327263491,1.4096353337196013,1.305634884641072,1.0,PF,0.0010372185412506952
rubble,PF,60,800,0.02,0.05,0.2,,21,0.3,0.2,2.0,20,0,0.696927374301676,0.6877793296089385,0.7835195530726257,200.0,1.3333333333333333,0.23333333333333334,29.925133751923237,0.03264583333333333,0.955023923444976,43,2.143564628117509,0.2696307716618342,1.5435646281175088,1.3845623118463113,1.0,PF,0.0010352381250004327
rubble,PF,60,800,0.02,0.05,0.2,,20,0.3,0.2,2.0,20,0,0.7374301675977654,0.7160265363128492,0.8100558659217877,180.0,1.0833333333333333,0.26666666666666666,31.581319544245094,0.03302083333333333,1.0183220829315334,47,2.0098946032859977,0.22314124790103246,1.4098946032859971,1.3084650520278456,1.0,PF,0.001082483021250482
rubble,PF,60,800,0.02,0.05,0.2,,22,0.3,0.2,2.0,20,0,0.6864525139664804,0.6840083798882681,0.7751396648044693,220.0,1.35,0.5166666666666667,32.177362028127604,0.029041666666666667,0.9703849950641659,51,1.8549994714588904,0.2073382484319683,1.2549994714588901,1.1980124058573307,1.0,PF,0.0011350543750018006
rubble,PF,60,800,0.02,0.05,0.2,,23,0.3,0.2,2.0,20,0,0.678072625698324,0.6606843575418995,0.7185754189944135,200.0,1.2833333333333334,0.38333333333333336,31.582132052935503,0.02775,1.0083073727933543,48,1.9357068503044619,0.18984060877645262,1.3357068503044618,1.29036482308208,1.0,PF,0.0011189717712500168
rubble,PF,60,800,0.02,0.05,0.2,,24,0.3,0.2,2.0,20,0,0.6906424581005587,0.6854050279329609,0.7597765363128491,240.0,1.3,0.3333333333333333,32.02899525556778,0.0309375,0.9801783944499505,49,1.9795011544483816,0.2888697529364822,1.3795011544483817,1.2668437429317128,1.0,PF,0.0011037117187515833
rubble,PF,60,800,0.02,0.05,0.2,,25,0.3,0.2,2.0,20,0,0.5977653631284916,0.5931913407821229,0.75,180.0,1.4333333333333333,0.26666666666666666,30.135415182113977,0.02475,0.8534396809571286,41,2.036829890179502,0.26749637699815476,1.436829890179502,1.3289504480879497,1.0,PF,0.0011106029162488084
rubble,PF,60,800,0.02,0.05,0.2,,26,0.3,0.2,2.0,20,0,0.6871508379888268,0.6822625698324023,0.75768156424581,200.0,1.0333333333333334,0.3,30.754004265384957,0.027104166666666665,0.9723320158102767,45,2.1135387422078464,0.30624466014871066,1.5135387422078463,1.3270458022924498,1.0,PF,0.0010795515625000008
rubble,PF,60,800,0.02,0.05,0.2,,27,0.3,0.2,2.0,20,0,0.7136871508379888,0.6971717877094973,0.7639664804469274,240.0,1.05,0.35,31.943143311601826,0.024916666666666667,1.020979020979021,50,1.9742011655861291,0.2796753885277594,1.3742011655861297,1.282448400875647,1.0,PF,0.0011229297912518632
rubble,PF,60,800,0.02,0.05,0.4,,0,0.3,0.2,2.0,20,0,0.5844972067039106,0.5744064245810055,0.7821229050279329,240.0,1.05,0.21666666666666667,26.560266500905517,0.018875,0.8173828124999999,28,2.563050874773388,0.316737452469477,1.9630508747733884,1.845372317924777,1.0,PF,0.000941309478751009
rubble,PF,60,800,0.02,0.05,0.2,,28,0.3,0.2,2.0,20,0,0.6899441340782123,0.6839734636871508,0.7814245810055865,180.0,1.3666666666666667,0.31666666666666665,31.080582283638822,0.03685416666666667,0.9880000000000001,46,1.9978348617160122,0.22126687842711726,1.3978348617160123,1.3287476187223457,1.0,PF,0.001124535833750997
rubble,PF,60,800,0.02,0.05,0.2,,29,0.3,0.2,2.0,20,0,0.6787709497206704,0.6387918994413407,0.7590782122905028,240.0,1.3,0.36666666666666664,32.13442937388728,0.0271875,0.972972972972973,49,1.9530559208370852,0.35967025158412713,1.3530559208370856,1.194589427340833,1.0,PF,0.0011500660937508655
rubble,PF,60,800,0.02,0.05,0.4,,1,0.3,0.2,2.0,20,0,0.6620111731843575,0.6521997206703911,0.7849162011173184,180.0,1.25,0.2833333333333333,27.995689160147666,0.036166666666666666,0.9071770334928229,34,2.412936125765166,0.2784859895594907,1.8129361257651653,1.6717768264241595,1.0,PF,0.0010192211975004284
rubble,PF,60,800,0.02,0.05,0.4,,2,0.3,0.2,2.0,20,0,0.6606145251396648,0.6583798882681564,0.7653631284916201,240.0,1.35,0.23333333333333334,28.958278371936547,0.026291666666666668,0.9247311827956989,38,2.2033291784655344,0.2916632874136467,1.6033291784655346,1.389674206839898,1.0,PF,0.0010359603649999372
rubble,PF,60,800,0.02,0.05,0.4,,3,0.3,0.2,2.0,20,0,0.651536312849162,0.6296438547486033,0.8324022346368715,200.0,1.15,0.21666666666666667,26.290918035422784,0.03389583333333333,0.8719626168224299,27,2.617133537062011,0.18700582086914316,2.0171335370620103,2.171139409928893,1.0,PF,0.0009592830725000568
rubble,PF,60,800,0.02,0.05,0.4,,4,0.3,0.2,2.0,20,0,0.6675977653631285,0.6496857541899441,0.7583798882681564,200.0,1.25,0.43333333333333335,29.512108580895465,0.027916666666666666,1.0063157894736843,39,2.169600813553121,0.2505817204333888,1.5696008135531194,1.4607157291700612,1.0,PF,0.0010228714587515242
rubble,PF,60,800,0.02,0.05,0.4,,6,0.3,0.2,2.0,20,0,0.6124301675977654,0.6079608938547485,0.7451117318435754,240.0,1.25,0.4666666666666667,27.78391778821011,0.0273125,0.8948979591836735,33,2.3561289933995972,0.2841876797399393,1.7561289933995974,1.6031126850443194,1.0,PF,0.001018938125000659
rubble,PF,60,800,0.02,0.05,0.4,,7,0.3,0.2,2.0,20,0,0.6759776536312849,0.658763966480447,0.7569832402234636,160.0,1.3333333333333333,0.21666666666666667,29.21890878014128,0.028333333333333332,1.0104384133611692,37,2.3022250137180755,0.33136695275642875,1.7022250137180752,1.5207363127402385,1.0,PF,0.00102868593750145
rubble,PF,60,800,0.02,0.05,0.4,,5,0.3,0.2,2.0,20,0,0.7053072625698324,0.6989525139664805,0.8058659217877095,200.0,1.1833333333333333,0.16666666666666666,30.448920973082515,0.035270833333333335,0.9872922776148583,43,2.0917671611332267,0.18709326823920397,1.4917671611332266,1.3203110656304942,1.0,PF,0.0010809516149993216
rubble,PF,60,800,0.02,0.05,0.4,,8,0.3,0.2,2.0,20,0,0.6599162011173184,0.6370460893854749,0.7891061452513967,300.0,1.1,0.4166666666666667,28.57143859393243,0.025729166666666668,0.895734597156398,36,2.258972301393613,0.24072751664756634,1.6589723013936128,1.5096975718333947,1.0,PF,0.0010267286987505032
rubble,PF,60,800,0.02,0.05,0.4,,9,0.3,0.2,2.0,20,0,0.6026536312849162,0.5857891061452514,0.7185754189944135,240.0,1.2833333333333334,0.31666666666666665,28.03848481823424,0.0239375,0.8980228928199793,35,2.230069994636932,0.25334681841336126,1.6300699946369315,1.4105861832604787,1.0,PF,0.0010419208862504092
rubble,PF,60,800,0.02,0.05,0.4,,10,0.3,0.2,2.0,20,0,0.6522346368715084,0.6439245810055866,0.7660614525139665,220.0,1.0833333333333333,0.36666666666666664,28.2338290603177,0.029916666666666668,0.9059165858389914,35,2.2772600760496475,0.19525492131502065,1.6772600760496474,1.5374647507764863,1.0,PF,0.0010055769274981685
rubble,PF,60,800,0.02,0.05,0.4,,11,0.3,0.2,2.0,20,0,0.6696927374301676,0.6498603351955308,0.7660614525139665,200.0,1.1333333333333333,0.3,28.21198691720314,0.028458333333333332,0.9765784114052952,34,2.323008175050482,0.237252227699836,1.7230081750504822,1.491240826567845,1.0,PF,0.0009893226037502245
rubble,PF,60,800,0.02,0.05,0.4,,12,0.3,0.2,2.0,20,0,0.6487430167597765,0.6411312849162012,0.7653631284916201,260.0,1.15,0.4,28.26630071219159,0.0200625,0.9346076458752516,36,2.2250967028777073,0.27450509241964327,1.6250967028777068,1.4102235315553053,1.0,PF,0.0009917397399999573
rubble,PF,60,800,0.02,0.05,0.4,,13,0.3,0.2,2.0,20,0,0.7220670391061452,0.6883729050279329,0.7988826815642458,180.0,1.35,0.2833333333333333,29.229012311038307,0.03947916666666667,1.0058365758754864,39,2.31979758815447,0.261187536034161,1.7197975881544698,1.603264159721153,1.0,PF,0.001038594687499881
rubble,PF,60,800,0.02,0.05,0.4,,15,0.3,0.2,2.0,20,0,0.6627094972067039,0.6638617318435754,0.7667597765363129,260.0,1.4833333333333334,0.4,28.48880042800691,0.0266875,0.9177949709864603,35,2.2011842882788524,0.18570675600258466,1.601184288278852,1.5469572287924351,1.0,PF,0.0010096815625001909
rubble,PF,60,800,0.02,0.05,0.4,,16,0.3,0.2,2.0,20,0,0.6438547486033519,0.6295391061452514,0.7248603351955307,160.0,1.3,0.36666666666666664,29.29756740451875,0.029583333333333333,0.9544513457556935,38,2.1979003344487964,0.3244036988135038,1.5979003344487965,1.4101334748880183,1.0,PF,0.001013858073749816
rubble,PF,60,800,0.02,0.05,0.4,,14,0.3,0.2,2.0,20,0,0.6508379888268156,0.6303072625698325,0.7060055865921788,240.0,1.1666666666666667,0.3,28.801979399233367,0.029375,0.9708333333333334,37,2.190626700884115,0.24012774532480297,1.5906267008841148,1.4595010526922314,1.0,PF,0.0010489357812502932
rubble,PF,60,800,0.02,0.05,0.4,,17,0.3,0.2,2.0,20,0,0.6752793296089385,0.6590782122905028,0.7541899441340782,200.0,1.35,0.26666666666666666,29.886134501338194,0.028125,0.9877425944841676,41,2.1559492713523194,0.2833140790165172,1.5559492713523193,1.3810096428846874,1.0,PF,0.0010141823962499074
rubble,PF,60,800,0.02,0.05,0.4,,18,0.3,0.2,2.0,20,0,0.6389664804469274,0.6233938547486033,0.7653631284916201,220.0,1.25,0.23333333333333334,29.42439370282813,0.027229166666666665,0.8857696030977735,38,2.2127326802073335,0.3358770323254222,1.612732680207334,1.4283741402710723,1.0,PF,0.0010090792187497754
rubble,PF,60,800,0.02,0.05,0.4,,19,0.3,0.2,2.0,20,0,0.6019553072625698,0.5899790502793295,0.7520949720670391,260.0,1.2666666666666666,0.25,26.622484595420723,0.021604166666666667,0.862862862862863,28,2.5579083371519222,0.2388527260745677,1.9579083371519221,1.9267245931388643,1.0,PF,0.0009119746874989687
rubble,PF,60,800,0.02,0.05,0.4,,20,0.3,0.2,2.0,20,0,0.6606145251396648,0.6348114525139665,0.7737430167597765,180.0,1.0833333333333333,0.3,28.801006146195228,0.03225,0.9122468659594986,36,2.2364770365040614,0.2801009447438826,1.6364770365040617,1.4695633886535715,1.0,PF,0.0010202009899990116
rubble,PF,60,800,0.02,0.05,0.4,,21,0.3,0.2,2.0,20,0,0.6529329608938548,0.6373603351955308,0.7779329608938548,200.0,1.3333333333333333,0.21666666666666667,27.410844032845535,0.03258333333333333,0.8947368421052632,33,2.4715554089716574,0.29696246223511175,1.871555408971657,1.6469846517841042,1.0,PF,0.000993924375000006
rubble,PF,60,800,0.02,0.05,0.4,,22,0.3,0.2,2.0,20,0,0.6794692737430168,0.6608938547486034,0.7967877094972067,220.0,1.35,0.35,29.067372408933075,0.027729166666666666,0.9605133267522212,39,2.1524911228803276,0.19063193696476088,1.5524911228803278,1.501061907645378,1.0,PF,0.001031739322500016
rubble,PF,60,800,0.02,0.05,0.4,,25,0.3,0.2,2.0,20,0,0.5488826815642458,0.5470321229050279,0.75,180.0,1.4333333333333333,0.21666666666666667,25.970791232011162,0.024479166666666666,0.7836490528414756,26,2.6158150645773333,0.2626918493159861,2.0158150645773336,1.7909210252844108,1.0,PF,0.0009627809375001562
rubble,PF,60,800,0.02,0.05,0.4,,23,0.3,0.2,2.0,20,0,0.6229050279329609,0.6105446927374303,0.7087988826815642,200.0,1.2833333333333334,0.4666666666666667,27.344243553630474,0.029083333333333333,0.9262720664589823,31,2.5177224755534207,0.292369028586884,1.9177224755534201,1.8225550666284036,1.0,PF,0.0009909662500012927
rubble,PF,60,800,0.02,0.05,0.4,,24,0.3,0.2,2.0,20,0,0.6298882681564246,0.6278282122905028,0.7520949720670391,240.0,1.3,0.31666666666666665,28.374767907805552,0.033125,0.8939544103072349,36,2.269153476828348,0.2937124282938802,1.669153476828348,1.5509437804577373,1.0,PF,0.0010233116149993293
rubble,PF,60,800,0.02,0.05,0.4,,26,0.3,0.2,2.0,20,0,0.6641061452513967,0.6600558659217877,0.7548882681564246,200.0,1.0333333333333334,0.2833333333333333,27.696329753668955,0.027958333333333335,0.9397233201581029,34,2.493304842425185,0.34357387578604326,1.8933048424251846,1.7435990416118954,1.0,PF,0.0009881691137502457
rubble,PF,60,800,0.02,0.05,0.4,,27,0.3,0.2,2.0,20,0,0.6662011173184358,0.6560055865921787,0.7583798882681564,240.0,1.05,0.3333333333333333,29.007785620246956,0.023791666666666666,0.9530469530469531,38,2.2335043911863615,0.23165805673714163,1.6335043911863614,1.4914175350630245,1.0,PF,0.0010410602074989582
rubble,PF,60,800,0.02,0.05,0.4,,28,0.3,0.2,2.0,20,0,0.6668994413407822,0.6613826815642457,0.7625698324022346,180.0,1.3666666666666667,0.21666666666666667,28.731011467172532,0.035354166666666666,0.9550000000000001,38,2.1193950968351394,0.26107359646417,1.519395096835139,1.3439637878246558,1.0,PF,0.001017718072500884
rubble,PF,60,800,0.02,0.05,0.6,,0,0.3,0.2,2.0,20,0,0.4350558659217877,0.4278980446927374,0.7772346368715084,240.0,1.05,0.21666666666666667,23.9815226665958,0.01885416666666667,0.6083984375,17,3.3512313553162487,0.48072649758170183,2.7512313553162486,2.04266898004167,1.0,PF,0.0009166914062507203
rubble,PF,60,800,0.02,0.05,0.4,,29,0.3,0.2,2.0,20,0,0.5872905027932961,0.5822625698324023,0.7548882681564246,240.0,1.3,0.3,28.81963353675245,0.026520833333333334,0.8418418418418419,37,2.0556407786629296,0.2008521401757795,1.4556407786629295,1.32413768560976,1.0,PF,0.0010664379162494697
rubble,PF,60,800,0.02,0.05,0.6,,2,0.3,0.2,2.0,20,0,0.49860335195530725,0.49423882681564246,0.7583798882681564,240.0,1.35,0.23333333333333334,25.221200004430987,0.025729166666666668,0.6979472140762463,22,2.6550168564724808,0.2400216807330703,2.0550168564724802,1.8359425069873985,1.0,PF,0.0009168540625000787
rubble,PF,60,800,0.02,0.05,0.6,,3,0.3,0.2,2.0,20,0,0.5621508379888268,0.5354399441340782,0.8142458100558659,200.0,1.15,0.2,25.180195981528893,0.0326875,0.7523364485981309,21,2.927309728637202,0.1843837572290751,2.3273097286372018,2.2528417528907614,1.0,PF,0.0009200296350013559
rubble,PF,60,800,0.02,0.05,0.6,,1,0.3,0.2,2.0,20,0,0.5593575418994413,0.5474162011173186,0.7821229050279329,180.0,1.25,0.2833333333333333,25.113555059222115,0.036104166666666666,0.7665071770334927,22,2.921012867179373,0.2415913244110361,2.321012867179373,2.0213980045900035,1.0,PF,0.0009455891674997474
rubble,PF,60,800,0.02,0.05,0.6,,4,0.3,0.2,2.0,20,0,0.5837988826815642,0.5792597765363128,0.7067039106145251,200.0,1.25,0.38333333333333336,25.43900464143056,0.0258125,0.8799999999999999,24,2.803467154841155,0.1972059088370196,2.2034671548411553,2.065537179732665,1.0,PF,0.0009530428649986789
rubble,PF,60,800,0.02,0.05,0.6,,5,0.3,0.2,2.0,20,0,0.63268156424581,0.6217527932960895,0.7639664804469274,200.0,1.1833333333333333,0.13333333333333333,26.97245145033804,0.034666666666666665,0.8856304985337242,30,2.5346812669774508,0.3105702770664744,1.934681266977451,1.6864573492040167,1.0,PF,0.0010051426037512102
rubble,PF,60,800,0.02,0.05,0.6,,6,0.3,0.2,2.0,20,0,0.5586592178770949,0.5565642458100559,0.7318435754189944,240.0,1.25,0.4,25.62306262360209,0.0248125,0.8163265306122449,24,2.7028575033623894,0.15934338371347123,2.1028575033623897,1.9869747407966436,1.0,PF,0.0009438144275009108
rubble,PF,60,800,0.02,0.05,0.6,,7,0.3,0.2,2.0,20,0,0.585195530726257,0.5806913407821229,0.7129888268156425,160.0,1.3333333333333333,0.21666666666666667,26.677300571582183,0.027895833333333335,0.8747390396659708,28,2.501433572153637,0.258008311000401,1.9014335721536368,1.7158694643973242,1.0,PF,0.0009731307812489832
rubble,PF,60,800,0.02,0.05,0.6,,8,0.3,0.2,2.0,20,0,0.5656424581005587,0.5400488826815641,0.7835195530726257,300.0,1.1,0.3333333333333333,26.450682935880934,0.023229166666666665,0.7677725118483413,27,2.575077229389897,0.31223025597525367,1.975077229389897,1.852521728137706,1.0,PF,0.0009620446362509937
rubble,PF,60,800,0.02,0.05,0.6,,9,0.3,0.2,2.0,20,0,0.5167597765363129,0.5130935754189945,0.7192737430167597,240.0,1.2833333333333334,0.3,25.04057028544378,0.023958333333333335,0.7700312174817899,23,2.7150404078052945,0.33590550471806874,2.1150404078052945,1.8101975568262398,1.0,PF,0.000966342812498624
rubble,PF,60,800,0.02,0.05,0.6,,10,0.3,0.2,2.0,20,0,0.5970670391061452,0.5936103351955307,0.7674581005586593,220.0,1.0833333333333333,0.36666666666666664,25.62203556006648,0.029666666666666668,0.8292919495635306,25,2.623407807919161,0.11514302231783512,2.0234078079191615,1.8886337811217686,1.0,PF,0.0009186395312508467
rubble,PF,60,800,0.02,0.05,0.6,,11,0.3,0.2,2.0,20,0,0.5579608938547486,0.5380586592178771,0.729050279329609,200.0,1.1333333333333333,0.2833333333333333,25.451460036317062,0.026854166666666665,0.8136456211812627,23,2.8099258148887007,0.30378138704308,2.2099258148886998,2.1174580115472423,1.0,PF,0.0009418848437485394
rubble,PF,60,800,0.02,0.05,0.6,,12,0.3,0.2,2.0,20,0,0.5488826815642458,0.5361033519553073,0.7437150837988827,260.0,1.15,0.38333333333333336,24.85708010820435,0.019354166666666665,0.7907444668008049,22,2.9427476529240177,0.32472778153155973,2.3427476529240177,2.02679176752525,1.0,PF,0.0009389496349990622
rubble,PF,60,800,0.02,0.05,0.6,,13,0.3,0.2,2.0,20,0,0.6068435754189944,0.5969972067039107,0.7744413407821229,180.0,1.35,0.2833333333333333,26.19951904027231,0.03954166666666667,0.8453307392996108,27,2.565339490809206,0.22831947411466688,1.9653394908092063,1.8203835154491324,1.0,PF,0.0009663668237499223
rubble,PF,60,800,0.02,0.05,0.6,,14,0.3,0.2,2.0,20,0,0.5663407821229051,0.5365223463687151,0.7039106145251397,240.0,1.1666666666666667,0.3,25.894248537633803,0.028958333333333332,0.8447916666666667,25,2.6643634303556065,0.2690048113600271,2.064363430355607,1.7993041565991854,1.0,PF,0.0009535289062500851
rubble,PF,60,800,0.02,0.05,0.6,,15,0.3,0.2,2.0,20,0,0.5523743016759777,0.5494762569832401,0.7653631284916201,260.0,1.4833333333333334,0.4,25.60493848590135,0.026520833333333334,0.7649903288201161,24,2.5890393155192193,0.16728103863870816,1.9890393155192196,2.099514023276793,1.0,PF,0.0009356507300003614
rubble,PF,60,800,0.02,0.05,0.6,,16,0.3,0.2,2.0,20,0,0.5810055865921788,0.5685754189944133,0.723463687150838,160.0,1.3,0.35,25.869458407450967,0.029479166666666667,0.8612836438923396,25,2.7446330023636585,0.22030643636552644,2.1446330023636575,1.9481083647387103,1.0,PF,0.0009405601562502852
rubble,PF,60,800,0.02,0.05,0.6,,18,0.3,0.2,2.0,20,0,0.5188547486033519,0.5165153631284916,0.7653631284916201,220.0,1.25,0.21666666666666667,24.973243421881538,0.026104166666666668,0.7192642787996127,21,2.88931419121761,0.3693231157115861,2.28931419121761,2.0504572421849607,1.0,PF,0.000884808021248773
rubble,PF,60,800,0.02,0.05,0.6,,17,0.3,0.2,2.0,20,0,0.5754189944134078,0.5659567039106145,0.7353351955307262,200.0,1.35,0.2,26.132029564365745,0.027375,0.8416751787538305,27,2.601445221531108,0.3330396348857464,2.0014452215311085,1.765499120497267,1.0,PF,0.0009586883325005146
rubble,PF,60,800,0.02,0.05,0.6,,19,0.3,0.2,2.0,20,0,0.50768156424581,0.4899790502793297,0.7451117318435754,260.0,1.2666666666666666,0.26666666666666666,24.61954830722085,0.020479166666666666,0.7277277277277276,19,3.0549477661218956,0.2383813628237582,2.4549477661218955,2.148764131735212,1.0,PF,0.0009109905199989044
rubble,PF,60,800,0.02,0.05,0.6,,21,0.3,0.2,2.0,20,0,0.5509776536312849,0.5428072625698325,0.7772346368715084,200.0,1.3333333333333333,0.2,24.613248292646126,0.03222916666666667,0.755023923444976,21,2.978145562272849,0.25981607818133917,2.3781455622728487,2.3099592210808177,1.0,PF,0.0009238062500003252
rubble,PF,60,800,0.02,0.05,0.6,,20,0.3,0.2,2.0,20,0,0.5991620111731844,0.5981145251396648,0.7744413407821229,180.0,1.0833333333333333,0.25,26.28090079134004,0.032,0.8273866923818708,27,2.552581069814018,0.1439217412812712,1.9525810698140178,1.9106622315818318,1.0,PF,0.0009569076562502232
rubble,PF,60,800,0.02,0.05,0.6,,22,0.3,0.2,2.0,20,0,0.5872905027932961,0.582018156424581,0.755586592178771,220.0,1.35,0.31666666666666665,25.0803583912058,0.024625,0.8302073050345509,24,2.768883206391197,0.25699678843241386,2.168883206391197,1.7965853532907987,1.0,PF,0.0008952509899995676
rubble,PF,60,800,0.02,0.05,0.6,,23,0.3,0.2,2.0,20,0,0.5586592178770949,0.5526187150837989,0.7067039106145251,200.0,1.2833333333333334,0.38333333333333336,26.290067482554445,0.028833333333333332,0.8307372793354102,27,2.501376862980451,0.3072758845935927,1.9013768629804513,1.8883344683553331,1.0,PF,0.0009098868749993017
rubble,PF,60,800,0.02,0.05,0.6,,24,0.3,0.2,2.0,20,0,0.5495810055865922,0.5518854748603352,0.7513966480446927,240.0,1.3,0.3,25.18786685931546,0.030520833333333334,0.7799801783944499,23,2.830139596413294,0.30561879569466993,2.2301395964132937,2.2410379395145044,1.0,PF,0.0008921519274986167
rubble,PF,60,800,0.02,0.05,0.6,,25,0.3,0.2,2.0,20,0,0.4483240223463687,0.43823324022346366,0.75,180.0,1.4333333333333333,0.21666666666666667,23.523323374818084,0.0245,0.6400797607178464,16,3.303918050800587,0.21344159332587104,2.7039180508005867,2.620726212691027,1.0,PF,0.000901366302500719
rubble,PF,60,800,0.02,0.05,0.6,,26,0.3,0.2,2.0,20,0,0.5300279329608939,0.5210544692737431,0.7534916201117319,200.0,1.0333333333333334,0.2833333333333333,24.72437633452918,0.024833333333333332,0.7500000000000001,21,2.949853870995988,0.20842465274390967,2.3498538709959877,2.1112769808214455,1.0,PF,0.0009110012499991172
rubble,PF,60,800,0.02,0.05,0.6,,27,0.3,0.2,2.0,20,0,0.5837988826815642,0.5815991620111731,0.7513966480446927,240.0,1.05,0.3,26.534328679460298,0.023604166666666666,0.8351648351648351,28,2.4548016083250452,0.2557994389371361,1.8548016083250454,1.9026264906121282,1.0,PF,0.0009318666675017085
rubble,PF,60,800,0.02,0.05,0.6,,28,0.3,0.2,2.0,20,0,0.5384078212290503,0.5298882681564246,0.75768156424581,180.0,1.3666666666666667,0.21666666666666667,24.664936031004274,0.035479166666666666,0.771,21,2.9198618431536323,0.2725028603762085,2.319861843153632,2.1846712671256125,1.0,PF,0.0009097943749998194
rubble,PF,60,800,0.02,0.05,0.6,,29,0.3,0.2,2.0,20,0,0.5300279329608939,0.507122905027933,0.7493016759776536,240.0,1.3,0.26666666666666666,25.964781737560898,0.026333333333333334,0.7597597597597598,26,2.480280824276519,0.20386780782900057,1.8802808242765183,1.859386928400442,1.0,PF,0.0010450270312480825
apartment,Boids,60,800,0.02,0.05,0.0,,0,0.3,0.2,2.0,20,0,0.8326822916666666,0.8400716145833333,0.8717447916666666,140.0,1.1666666666666667,0.1,104.4946744063084,0.011625,,60,1.6112581528366587,0.1349264713216314,1.0112581528366584,1.0086668965234296,1.0,Boids,0.0012423175525009356
apartment,Boids,60,800,0.02,0.05,0.0,,1,0.3,0.2,2.0,20,0,0.8424479166666666,0.8331380208333334,0.87109375,140.0,1.3833333333333333,0.18333333333333332,104.47525349780452,0.012416666666666666,,60,1.6631002785617426,0.1386875622428948,1.0631002785617427,1.0760326218623881,1.0,Boids,0.001226818646250649
apartment,Boids,60,800,0.02,0.05,0.0,,3,0.3,0.2,2.0,20,0,0.8444010416666666,0.8372395833333334,0.87109375,140.0,1.0666666666666667,0.11666666666666667,104.7812295025167,0.012041666666666668,,60,1.6663098781333738,0.13867315648274847,1.066309878133374,1.0667222635031122,1.0,Boids,0.0012510291150010745
apartment,Boids,60,800,0.02,0.05,0.0,,2,0.3,0.2,2.0,20,0,0.8372395833333334,0.8371419270833333,0.875,120.0,1.2,0.15,105.38077051138474,0.0113125,,60,1.6945593475235332,0.12864739135529737,1.0945593475235333,1.0943277426745273,1.0,Boids,0.0013891832287504257
apartment,Boids,60,800,0.02,0.05,0.0,,4,0.3,0.2,2.0,20,0,0.8326822916666666,0.8349283854166666,0.8704427083333334,120.0,1.35,0.15,104.79658147784922,0.011520833333333333,,60,1.6425269719446858,0.12523601894546846,1.042526971944686,1.0573006411519983,1.0,Boids,0.001249229738748454
apartment,Boids,60,800,0.02,0.05,0.0,,5,0.3,0.2,2.0,20,0,0.8333333333333334,0.8297200520833334,0.8743489583333334,120.0,1.25,0.2,104.01297479085764,0.01175,,60,1.6055926134948024,0.17195455356092448,1.0055926134948026,1.0426593420489174,1.0,Boids,0.0012514636987498308
apartment,Boids,60,800,0.02,0.05,0.0,,6,0.3,0.2,2.0,20,0,0.8372395833333334,0.8306640625,0.8717447916666666,120.0,1.2,0.13333333333333333,104.18574804081108,0.010645833333333334,,60,1.6568310633116474,0.10799334542384287,1.0568310633116478,1.0525719831302032,1.0,Boids,0.0012612094787505157
apartment,Boids,60,800,0.02,0.05,0.0,,7,0.3,0.2,2.0,20,0,0.8346354166666666,0.8347981770833334,0.87109375,140.0,1.45,0.23333333333333334,103.9078336116879,0.011875,,60,1.6068805623137812,0.1027051727353,1.0068805623137815,1.0238599955925745,1.0,Boids,0.0012824203125001076
apartment,Boids,60,800,0.02,0.05,0.0,,8,0.3,0.2,2.0,20,0,0.8704427083333334,0.8411458333333334,0.9348958333333334,140.0,1.1833333333333333,0.16666666666666666,104.17118697293769,0.012416666666666666,,60,1.6564693825930832,0.2829425542729602,1.0564693825930833,1.0106449265952215,1.0,Boids,0.0012806292187497092
apartment,Boids,60,800,0.02,0.05,0.0,,10,0.3,0.2,2.0,20,0,0.8385416666666666,0.8363606770833332,0.8717447916666666,120.0,1.4666666666666666,0.13333333333333333,104.38495260892789,0.012520833333333333,,60,1.6670252810917003,0.14045029919206073,1.0670252810917007,1.0667142875020794,1.0,Boids,0.00126963447874914
apartment,Boids,60,800,0.02,0.05,0.0,,9,0.3,0.2,2.0,20,0,0.8372395833333334,0.8374348958333334,0.87109375,140.0,1.0666666666666667,0.2,104.245089508224,0.011875,,60,1.6353617990735374,0.10279043201713252,1.0353617990735373,1.0486538840790351,1.0,Boids,0.001290081250001549
apartment,Boids,60,800,0.02,0.05,0.0,,11,0.3,0.2,2.0,20,0,0.8430989583333334,0.8283528645833333,0.8756510416666666,140.0,1.1,0.13333333333333333,103.94172159892375,0.011375,,60,1.6808156162404708,0.14537018110148373,1.080815616240471,1.023309013072571,1.0,Boids,0.0012860102599984201
apartment,Boids,60,800,0.02,0.05,0.0,,12,0.3,0.2,2.0,20,0,0.8411458333333334,0.8279296875,0.869140625,140.0,1.05,0.16666666666666666,104.27287520714935,0.011270833333333334,,60,1.7093272799040764,0.14655596287637593,1.1093272799040763,1.098173778187724,1.0,Boids,0.0012630616137516881
apartment,Boids,60,800,0.02,0.05,0.0,,13,0.3,0.2,2.0,20,0,0.8899739583333334,0.8693684895833332,0.939453125,160.0,1.3,0.21666666666666667,104.87438555265338,0.012854166666666667,,60,1.750899773308137,0.2140797378426226,1.1508997733081374,1.0808941768258282,1.0,Boids,0.0012776366150001196
apartment,Boids,60,800,0.02,0.05,0.0,,14,0.3,0.2,2.0,20,0,0.8430989583333334,0.8359700520833334,0.8736979166666666,120.0,1.2,0.11666666666666667,104.57105548582089,0.012458333333333333,,60,1.6503764575187216,0.09711476158574346,1.0503764575187218,1.0305613937886622,1.0,Boids,0.0012893601562518598
apartment,Boids,60,800,0.02,0.05,0.0,,15,0.3,0.2,2.0,20,0,0.8365885416666666,0.8386067708333333,0.8743489583333334,120.0,1.3166666666666667,0.16666666666666666,104.9680014081145,0.0120625,,60,1.649024374849584,0.10689273357065578,1.0490243748495842,1.033687162730351,1.0,Boids,0.0012610523437501797
apartment,Boids,60,800,0.02,0.05,0.0,,16,0.3,0.2,2.0,20,0,0.8365885416666666,0.8318684895833334,0.87109375,120.0,1.3,0.18333333333333332,103.22249063108144,0.013583333333333333,,60,1.671453321965495,0.12544669491139024,1.0714533219654954,1.0832616647274858,1.0,Boids,0.0012723656762500468
apartment,Boids,60,800,0.02,0.05,0.0,,17,0.3,0.2,2.0,20,0,0.8365885416666666,0.8329427083333334,0.87109375,120.0,1.0833333333333333,0.18333333333333332,104.10867376616743,0.012791666666666666,,60,1.7077604702698044,0.12044636126925636,1.107760470269804,1.1269706147681242,1.0,Boids,0.0012755721349981286
apartment,Boids,60,800,0.02,0.05,0.0,,19,0.3,0.2,2.0,20,0,0.87109375,0.84541015625,0.9375,180.0,1.1333333333333333,0.08333333333333333,104.87258585755642,0.0115,,60,1.700167151484054,0.24279527515730584,1.1001671514840536,1.0104344528429692,1.0,Boids,0.001238817291250598
apartment,Boids,60,800,0.02,0.05,0.0,,18,0.3,0.2,2.0,20,0,0.83203125,0.8222330729166666,0.86328125,120.0,0.8833333333333333,0.23333333333333334,104.24523669941037,0.008333333333333333,,60,1.626210497467971,0.14611161467269063,1.026210497467971,0.9634538259287353,1.0,Boids,0.001266768957500517
apartment,Boids,60,800,0.02,0.05,0.0,,20,0.3,0.2,2.0,20,0,0.8411458333333334,0.8348307291666666,0.8717447916666666,120.0,1.4,0.13333333333333333,103.77911316475641,0.013666666666666667,,60,1.7051293294011935,0.11976112456987464,1.1051293294011935,1.0973258331509488,1.0,Boids,0.0012808430737482014
apartment,Boids,60,800,0.02,0.05,0.0,,21,0.3,0.2,2.0,20,0,0.8391927083333334,0.8347330729166667,0.8723958333333334,140.0,1.4166666666666667,0.16666666666666666,104.68680071385339,0.012041666666666668,,60,1.6210651780118321,0.09787533083468727,1.0210651780118325,0.9817365534956727,1.0,Boids,0.0012501422912509952
apartment,Boids,60,800,0.02,0.05,0.0,,22,0.3,0.2,2.0,20,0,0.8274739583333334,0.8331380208333334,0.8743489583333334,120.0,1.4166666666666667,0.18333333333333332,103.73789706334364,0.012604166666666666,,60,1.644520464797928,0.12116056763265241,1.0445204647979278,1.0151936043056757,1.0,Boids,0.001268640730002062
apartment,Boids,60,800,0.02,0.05,0.0,,23,0.3,0.2,2.0,20,0,0.8430989583333334,0.8326497395833332,0.8736979166666666,140.0,1.4333333333333333,0.16666666666666666,104.35499276283689,0.0133125,,60,1.6184199271069901,0.13096150208865232,1.0184199271069898,1.031757332490259,1.0,Boids,0.0012612338024996462
apartment,Boids,60,800,0.02,0.05,0.0,,24,0.3,0.2,2.0,20,0,0.837890625,0.8366536458333332,0.873046875,120.0,1.3166666666666667,0.21666666666666667,104.17956430749972,0.0128125,,60,1.7129334573585682,0.14045063819875575,1.112933457358568,1.095025950837944,1.0,Boids,0.0012849581250020492
apartment,Boids,60,800,0.02,0.05,0.0,,25,0.3,0.2,2.0,20,0,0.849609375,0.83349609375,0.873046875,120.0,1.1,0.11666666666666667,104.19263704790632,0.011208333333333334,,60,1.6207343784888677,0.13467085190874292,1.0207343784888674,1.034095144788254,1.0,Boids,0.00126056520874954
apartment,Boids,60,800,0.02,0.05,0.0,,26,0.3,0.2,2.0,20,0,0.8372395833333334,0.83857421875,0.875,140.0,1.25,0.18333333333333332,103.9568140191084,0.012416666666666666,,60,1.664582371872089,0.1363584560662075,1.064582371872089,1.0286896717854512,1.0,Boids,0.0012846352087490232
apartment,Boids,60,800,0.02,0.05,0.0,,27,0.3,0.2,2.0,20,0,0.8365885416666666,0.8323893229166668,0.8756510416666666,120.0,1.3333333333333333,0.15,104.65812172742444,0.011583333333333333,,60,1.6198176487855014,0.1250580085919458,1.0198176487855013,1.0625121179535209,1.0,Boids,0.0012706050525002866
apartment,Boids,60,800,0.02,0.05,0.0,,28,0.3,0.2,2.0,20,0,0.833984375,0.8314127604166668,0.8723958333333334,120.0,1.1666666666666667,0.08333333333333333,103.56126341783273,0.012416666666666666,,60,1.6582059212602418,0.14652167993265508,1.0582059212602417,1.0796840778412933,1.0,Boids,0.0013072875512511928
apartment,Boids,60,800,0.02,0.05,0.2,,0,0.3,0.2,2.0,20,0,0.7923177083333334,0.7826497395833333,0.869140625,120.0,1.1666666666666667,0.08333333333333333,94.79838857241654,0.0115,0.9552590266875981,46,1.8347930402768657,0.1408149934905244,1.2347930402768659,1.2056433241449849,1.0,Boids,0.0011759289587507738
apartment,Boids,60,800,0.02,0.05,0.0,,29,0.3,0.2,2.0,20,0,0.8203125,0.8277669270833332,0.8684895833333334,120.0,1.1666666666666667,0.13333333333333333,104.21959894635314,0.011875,,60,1.6101478544667474,0.1081479451330105,1.0101478544667475,1.0130351697312467,1.0,Boids,0.001304944374999195
apartment,Boids,60,800,0.02,0.05,0.2,,1,0.3,0.2,2.0,20,0,0.7884114583333334,0.7807291666666668,0.869140625,120.0,1.3833333333333333,0.18333333333333332,94.03365268786762,0.012395833333333333,0.9468334636434715,45,1.8891772021058453,0.11123894862962005,1.2891772021058452,1.2627173124946514,1.0,Boids,0.0011344938549996187
apartment,Boids,60,800,0.02,0.05,0.2,,2,0.3,0.2,2.0,20,0,0.7923177083333334,0.7923502604166666,0.8658854166666666,120.0,1.2,0.13333333333333333,96.85659127052719,0.01125,0.959022852639874,48,1.7991634951193973,0.11543028978598463,1.1991634951193975,1.2042576776959661,1.0,Boids,0.001185981197500041
apartment,Boids,60,800,0.02,0.05,0.2,,4,0.3,0.2,2.0,20,0,0.7408854166666666,0.73369140625,0.865234375,120.0,1.35,0.11666666666666667,90.06254130805695,0.011333333333333334,0.8974763406940062,40,1.9314597846363672,0.09501791819487354,1.3314597846363672,1.3708648425005665,1.0,Boids,0.001072469843750241
apartment,Boids,60,800,0.02,0.05,0.2,,3,0.3,0.2,2.0,20,0,0.8248697916666666,0.8048828125,0.8704427083333334,140.0,1.0666666666666667,0.1,99.47434661206411,0.012083333333333333,0.9898437499999999,53,1.7356158593936277,0.13520843298514612,1.1356158593936279,1.1649552060442936,1.0,Boids,0.0012340078650004216
apartment,Boids,60,800,0.02,0.05,0.2,,5,0.3,0.2,2.0,20,0,0.7799479166666666,0.7815104166666667,0.8717447916666666,120.0,1.25,0.16666666666666666,93.86056092353458,0.011625,0.9344773790951638,45,1.8714165592290246,0.16548773590851737,1.271416559229024,1.2052145965475694,1.0,Boids,0.0011554584374994193
apartment,Boids,60,800,0.02,0.05,0.2,,6,0.3,0.2,2.0,20,0,0.7858072916666666,0.7683268229166667,0.8606770833333334,120.0,1.2,0.11666666666666667,94.20240451205326,0.010666666666666666,0.9444444444444444,45,1.8648928987264326,0.1195030682256048,1.264892898726433,1.2146054970443454,1.0,Boids,0.0011382039062505101
apartment,Boids,60,800,0.02,0.05,0.2,,7,0.3,0.2,2.0,20,0,0.8092447916666666,0.80322265625,0.8658854166666666,120.0,1.45,0.25,98.35752631896852,0.012020833333333333,0.9756671899529041,52,1.7999132988864244,0.11342249007409856,1.199913298886424,1.190063379502237,1.0,Boids,0.0012186226562494085
apartment,Boids,60,800,0.02,0.05,0.2,,8,0.3,0.2,2.0,20,0,0.7955729166666666,0.7950520833333333,0.86328125,120.0,1.1833333333333333,0.15,98.5457190241962,0.012375,0.9629629629629629,52,1.7236675935550683,0.13522252479704058,1.1236675935550684,1.0785358588665985,1.0,Boids,0.0012113196362497547
apartment,Boids,60,800,0.02,0.05,0.2,,9,0.3,0.2,2.0,20,0,0.7708333333333334,0.7713216145833333,0.8678385416666666,120.0,1.0666666666666667,0.18333333333333332,93.75890240142066,0.011916666666666667,0.9264475743348983,45,1.8507868436100525,0.1380240619463116,1.2507868436100527,1.1653558825286154,1.0,Boids,0.0011493067187507222
apartment,Boids,60,800,0.02,0.05,0.2,,10,0.3,0.2,2.0,20,0,0.7825520833333334,0.77998046875,0.8600260416666666,120.0,1.4666666666666666,0.1,96.87772803382767,0.0124375,0.9405320813771518,49,1.7832746293158475,0.1418398885110303,1.1832746293158476,1.161941959610398,1.0,Boids,0.0012112483862483714
apartment,Boids,60,800,0.02,0.05,0.2,,12,0.3,0.2,2.0,20,0,0.759765625,0.7620442708333334,0.8639322916666666,140.0,1.05,0.18333333333333332,93.3376725954853,0.0113125,0.9203470031545741,44,1.8906630243467901,0.13041251848041188,1.2906630243467898,1.2253223975100387,1.0,Boids,0.0011318052600017836
apartment,Boids,60,800,0.02,0.05,0.2,,11,0.3,0.2,2.0,20,0,0.7786458333333334,0.7803710937500001,0.859375,120.0,1.1,0.16666666666666666,96.0514952914376,0.0113125,0.9447077409162717,49,1.718128130858444,0.1463515390115088,1.1181281308584439,1.1271233475345768,1.0,Boids,0.0011924193749996447
apartment,Boids,60,800,0.02,0.05,0.2,,13,0.3,0.2,2.0,20,0,0.822265625,0.8150065104166666,0.9361979166666666,120.0,1.3,0.2,96.67858941514545,0.012833333333333334,0.9767981438515081,48,1.884771262262239,0.25928243170855125,1.284771262262239,1.249765908922691,1.0,Boids,0.0011720766662506321
apartment,Boids,60,800,0.02,0.05,0.2,,14,0.3,0.2,2.0,20,0,0.77734375,0.7787760416666667,0.869140625,120.0,1.2,0.06666666666666667,94.90621446205704,0.0123125,0.943127962085308,46,1.8971702435360016,0.11647687748864598,1.2971702435360015,1.3259783029927492,1.0,Boids,0.0011409299999991162
apartment,Boids,60,800,0.02,0.05,0.2,,15,0.3,0.2,2.0,20,0,0.7981770833333334,0.7913411458333334,0.87109375,120.0,1.3166666666666667,0.13333333333333333,95.52483429055908,0.011958333333333333,0.9489164086687306,47,1.7952632155060284,0.14046784286274086,1.195263215506029,1.2002427121454415,1.0,Boids,0.001143617656250626
apartment,Boids,60,800,0.02,0.05,0.2,,16,0.3,0.2,2.0,20,0,0.8138020833333334,0.8047200520833332,0.8684895833333334,120.0,1.3,0.16666666666666666,98.13820413367225,0.013583333333333333,0.9881422924901185,52,1.795481922585598,0.11905808359354446,1.1954819225855977,1.1887147510645462,1.0,Boids,0.0011990565100018103
apartment,Boids,60,800,0.02,0.05,0.2,,17,0.3,0.2,2.0,20,0,0.7884114583333334,0.7771809895833334,0.8645833333333334,120.0,1.0833333333333333,0.18333333333333332,96.11062125059634,0.012791666666666666,0.94609375,49,1.7898225467896436,0.12773980848620475,1.1898225467896433,1.15393705421751,1.0,Boids,0.001169770259998586
apartment,Boids,60,800,0.02,0.05,0.2,,18,0.3,0.2,2.0,20,0,0.822265625,0.8126302083333332,0.8665364583333334,120.0,0.8833333333333333,0.2,99.71498614887511,0.008270833333333333,1.0063745019920318,53,1.762710490848723,0.13590043715437536,1.1627104908487225,1.1289272105134374,1.0,Boids,0.0011991235937512102
apartment,Boids,60,800,0.02,0.05,0.2,,19,0.3,0.2,2.0,20,0,0.7877604166666666,0.7753255208333334,0.8736979166666666,120.0,1.1333333333333333,0.08333333333333333,94.77649125151906,0.0114375,0.937984496124031,45,1.967110562186424,0.17401708517107453,1.3671105621864243,1.2759849220328991,1.0,Boids,0.001085890156248297
apartment,Boids,60,800,0.02,0.05,0.2,,20,0.3,0.2,2.0,20,0,0.7858072916666666,0.7816406249999999,0.8619791666666666,120.0,1.4,0.13333333333333333,95.94172149021801,0.013583333333333333,0.9511426319936958,49,1.7568917320172917,0.098810864335378,1.1568917320172916,1.122222611322814,1.0,Boids,0.0011572645837509298
apartment,Boids,60,800,0.02,0.05,0.2,,21,0.3,0.2,2.0,20,0,0.7760416666666666,0.7802083333333332,0.8639322916666666,140.0,1.4166666666666667,0.15,96.53569498112282,0.012,0.9290724863600934,49,1.7585648634021795,0.13387518204990304,1.1585648634021795,1.1527683320922915,1.0,Boids,0.0011727974999985236
apartment,Boids,60,800,0.02,0.05,0.2,,22,0.3,0.2,2.0,20,0,0.7845052083333334,0.7787760416666667,0.8678385416666666,120.0,1.4166666666666667,0.13333333333333333,95.04817089154197,0.0123125,0.9624600638977636,47,1.8210596940102366,0.11980646271438783,1.2210596940102367,1.2231874789176271,1.0,Boids,0.0011056939062495984
apartment,Boids,60,800,0.02,0.05,0.2,,23,0.3,0.2,2.0,20,0,0.8138020833333334,0.79716796875,0.869140625,140.0,1.4333333333333333,0.18333333333333332,95.92084654712095,0.0131875,0.9811616954474097,48,1.9059681708309721,0.12265872355520989,1.305968170830972,1.3143232965316827,1.0,Boids,0.0011910513549992174
apartment,Boids,60,800,0.02,0.05,0.2,,24,0.3,0.2,2.0,20,0,0.783203125,0.7722330729166667,0.8658854166666666,120.0,1.3166666666666667,0.21666666666666667,94.87684129233791,0.012791666666666666,0.93984375,47,1.7882927173333452,0.14251006952426964,1.188292717333345,1.1825473888358622,1.0,Boids,0.001148401406251196
apartment,Boids,60,800,0.02,0.05,0.2,,25,0.3,0.2,2.0,20,0,0.7682291666666666,0.7689778645833332,0.8645833333333334,120.0,1.1,0.11666666666666667,95.54040465709674,0.011020833333333334,0.929866036249015,48,1.7104199004177392,0.11552451212666032,1.110419900417739,1.0994664323261587,1.0,Boids,0.0011494588537493656
apartment,Boids,60,800,0.02,0.05,0.2,,26,0.3,0.2,2.0,20,0,0.74609375,0.7417643229166667,0.869140625,120.0,1.25,0.13333333333333333,92.03076790084505,0.012125,0.8842592592592593,43,1.9294854467597118,0.23604032466914593,1.3294854467597117,1.2533729490252985,1.0,Boids,0.0011139424999987567
apartment,Boids,60,800,0.02,0.05,0.2,,27,0.3,0.2,2.0,20,0,0.783203125,0.7767578125,0.8697916666666666,120.0,1.3333333333333333,0.18333333333333332,95.52328846660849,0.011583333333333333,0.9413145539906104,47,1.8224913070385738,0.1419609751749821,1.2224913070385737,1.1681366612469346,1.0,Boids,0.0011396602087506834
apartment,Boids,60,800,0.02,0.05,0.2,,28,0.3,0.2,2.0,20,0,0.7838541666666666,0.77294921875,0.8600260416666666,120.0,1.1666666666666667,0.06666666666666667,94.55012573401066,0.012333333333333333,0.9647435897435896,47,1.7948749212419075,0.1343654879704824,1.1948749212419076,1.209466718782866,1.0,Boids,0.0011583580199999233
apartment,Boids,60,800,0.02,0.05,0.4,,0,0.3,0.2,2.0,20,0,0.6516927083333334,0.65947265625,0.861328125,120.0,1.1666666666666667,0.06666666666666667,82.13386757480407,0.011458333333333333,0.7857142857142857,30,2.13475461838523,0.21857844709759167,1.5347546183852303,1.398308681821745,1.0,Boids,0.0010581006775009882
apartment,Boids,60,800,0.02,0.05,0.2,,29,0.3,0.2,2.0,20,0,0.7669270833333334,0.7587890624999999,0.8658854166666666,120.0,1.1666666666666667,0.11666666666666667,92.9771336557035,0.0118125,0.9210320562939798,44,1.8904458779514235,0.14743463689956152,1.2904458779514236,1.2329641938036517,1.0,Boids,0.0011548221349994491
apartment,Boids,60,800,0.02,0.05,0.4,,1,0.3,0.2,2.0,20,0,0.6705729166666666,0.6741861979166667,0.86328125,120.0,1.3833333333333333,0.13333333333333333,83.81826899370705,0.012333333333333333,0.8053166536356529,32,2.1299588280581623,0.16444196042950346,1.529958828058162,1.4783131402478642,1.0,Boids,0.001087289271249574
apartment,Boids,60,800,0.02,0.05,0.4,,2,0.3,0.2,2.0,20,0,0.7141927083333334,0.7016927083333333,0.865234375,120.0,1.2,0.13333333333333333,87.12628565222631,0.011270833333333334,0.8644602048857368,35,2.073008479332683,0.14428147784939402,1.4730084793326828,1.4133321065019535,1.0,Boids,0.001083502864998991
apartment,Boids,60,800,0.02,0.05,0.4,,3,0.3,0.2,2.0,20,0,0.7259114583333334,0.7184244791666667,0.86328125,140.0,1.0666666666666667,0.11666666666666667,88.09144125679063,0.0119375,0.87109375,37,2.0011255653878575,0.16919786849452506,1.4011255653878585,1.3434400881840811,1.0,Boids,0.001132590156248625
apartment,Boids,60,800,0.02,0.05,0.4,,4,0.3,0.2,2.0,20,0,0.611328125,0.61416015625,0.8639322916666666,120.0,1.35,0.11666666666666667,80.86146682740882,0.011291666666666667,0.7405362776025236,29,2.10693975308272,0.1506881524037121,1.5069397530827195,1.4119346405099749,1.0,Boids,0.0010712365624999621
apartment,Boids,60,800,0.02,0.05,0.4,,5,0.3,0.2,2.0,20,0,0.5904947916666666,0.5946940104166667,0.8717447916666666,120.0,1.25,0.16666666666666666,78.83005163740859,0.011604166666666667,0.7074882995319812,26,2.171778357291324,0.21159488399240065,1.5717783572913233,1.531719112023239,1.0,Boids,0.0010350838537488017
apartment,Boids,60,800,0.02,0.05,0.4,,6,0.3,0.2,2.0,20,0,0.7024739583333334,0.6833984375000001,0.8587239583333334,120.0,1.2,0.1,85.49177597470884,0.0105,0.8442879499217528,35,2.094838961202072,0.2054492498375978,1.4948389612020716,1.3483758322457686,1.0,Boids,0.0010989323437502207
apartment,Boids,60,800,0.02,0.05,0.4,,7,0.3,0.2,2.0,20,0,0.7408854166666666,0.7461263020833333,0.8645833333333334,120.0,1.45,0.21666666666666667,91.21544496515666,0.011895833333333333,0.8932496075353218,42,1.8447483977670236,0.10583678056579435,1.244748397767024,1.2598978108065615,1.0,Boids,0.0011836635412510077
apartment,Boids,60,800,0.02,0.05,0.4,,9,0.3,0.2,2.0,20,0,0.6966145833333334,0.6912109375000001,0.861328125,120.0,1.0666666666666667,0.18333333333333332,85.02877279352522,0.012,0.8372456964006261,34,2.118015161258498,0.15080431678579923,1.518015161258498,1.4428249611159845,1.0,Boids,0.0010866954687503495
apartment,Boids,60,800,0.02,0.05,0.4,,10,0.3,0.2,2.0,20,0,0.71875,0.7133463541666667,0.8580729166666666,120.0,1.4666666666666666,0.1,88.63627992899342,0.0124375,0.863849765258216,38,1.9457091346831872,0.17096986351086796,1.3457091346831866,1.1959584576707343,1.0,Boids,0.0010978184900000089
apartment,Boids,60,800,0.02,0.05,0.4,,8,0.3,0.2,2.0,20,0,0.76953125,0.7679687499999999,0.8606770833333334,120.0,1.1833333333333333,0.15,94.66583206498125,0.012354166666666666,0.9314420803782506,46,1.8070222350846725,0.1530358985762158,1.2070222350846727,1.1854085954287064,1.0,Boids,0.001174009634999038
apartment,Boids,60,800,0.02,0.05,0.4,,11,0.3,0.2,2.0,20,0,0.7259114583333334,0.7306315104166667,0.853515625,120.0,1.1,0.1,89.67439912967575,0.011229166666666667,0.8807266982622434,40,1.9871879328361968,0.2237444497622152,1.3871879328361967,1.3785324491964812,1.0,Boids,0.0010926133850011866
apartment,Boids,60,800,0.02,0.05,0.4,,12,0.3,0.2,2.0,20,0,0.697265625,0.7086588541666665,0.8639322916666666,140.0,1.05,0.15,87.37187057193886,0.0111875,0.8446372239747634,36,1.9111873410540927,0.1313000982124065,1.3111873410540926,1.3269771492135247,1.0,Boids,0.0010825815625003087
apartment,Boids,60,800,0.02,0.05,0.4,,13,0.3,0.2,2.0,20,0,0.6803385416666666,0.6783528645833334,0.8717447916666666,120.0,1.3,0.16666666666666666,83.5252396177304,0.012708333333333334,0.8081979891724671,32,2.1764744111258647,0.13051002765280328,1.5764744111258646,1.5391088256897263,1.0,Boids,0.0010293270824990942
apartment,Boids,60,800,0.02,0.05,0.4,,14,0.3,0.2,2.0,20,0,0.6673177083333334,0.6730143229166666,0.865234375,120.0,1.2,0.06666666666666667,84.33238008853984,0.012291666666666666,0.8096366508688784,33,1.9806627506972003,0.13117292942377287,1.3806627506972007,1.3702523371939663,1.0,Boids,0.001006367395000325
apartment,Boids,60,800,0.02,0.05,0.4,,15,0.3,0.2,2.0,20,0,0.6809895833333334,0.682421875,0.869140625,120.0,1.3166666666666667,0.11666666666666667,84.00271205920765,0.0118125,0.8095975232198143,32,2.1319577672331778,0.2094569888260351,1.5319577672331777,1.4365828392577285,1.0,Boids,0.0010632711974994892
apartment,Boids,60,800,0.02,0.05,0.4,,16,0.3,0.2,2.0,20,0,0.7727864583333334,0.7670898437500001,0.8684895833333334,120.0,1.3,0.13333333333333333,92.73299203076239,0.013479166666666667,0.9383399209486166,44,1.8691042725070377,0.1423789942609466,1.269104272507038,1.271903092213243,1.0,Boids,0.0011313260412498494
apartment,Boids,60,800,0.02,0.05,0.4,,17,0.3,0.2,2.0,20,0,0.7037760416666666,0.7033528645833333,0.8639322916666666,120.0,1.0833333333333333,0.23333333333333334,87.03420432296548,0.012791666666666666,0.84453125,37,2.029230787238972,0.27350654468353086,1.4292307872389722,1.3234421798632887,1.0,Boids,0.001059229843749563
apartment,Boids,60,800,0.02,0.05,0.4,,18,0.3,0.2,2.0,20,0,0.7259114583333334,0.7166992187500001,0.853515625,120.0,0.8833333333333333,0.16666666666666666,87.9027615002031,0.008125,0.8884462151394423,37,2.006507322078615,0.11897982945414753,1.4065073220786148,1.3717852635728396,1.0,Boids,0.001080189947499548
apartment,Boids,60,800,0.02,0.05,0.4,,19,0.3,0.2,2.0,20,0,0.7369791666666666,0.7414388020833333,0.873046875,120.0,1.1333333333333333,0.06666666666666667,90.28826792779486,0.0114375,0.8775193798449612,39,1.9373785180322642,0.20677269480226287,1.3373785180322642,1.2934652430620206,1.0,Boids,0.001055875833749269
apartment,Boids,60,800,0.02,0.05,0.4,,20,0.3,0.2,2.0,20,0,0.75390625,0.7605794270833334,0.8619791666666666,120.0,1.4,0.13333333333333333,92.54341197896913,0.0135625,0.9125295508274232,44,1.8056159001833898,0.11650853779845399,1.20561590018339,1.2484353670823518,1.0,Boids,0.0010874245312515996
apartment,Boids,60,800,0.02,0.05,0.4,,21,0.3,0.2,2.0,20,0,0.734375,0.738671875,0.86328125,140.0,1.4166666666666667,0.16666666666666666,91.23939880183465,0.012,0.8791893998441153,42,1.9437655610300055,0.18535916545987027,1.3437655610300054,1.302541027694289,1.0,Boids,0.0010925640100003875
apartment,Boids,60,800,0.02,0.05,0.4,,22,0.3,0.2,2.0,20,0,0.720703125,0.7259440104166667,0.8626302083333334,120.0,1.4166666666666667,0.11666666666666667,87.68629032191976,0.012270833333333333,0.8841853035143771,37,2.023548354760159,0.13746833986353246,1.4235483547601595,1.3903724960166461,1.0,Boids,0.0010613005724985668
apartment,Boids,60,800,0.02,0.05,0.4,,23,0.3,0.2,2.0,20,0,0.7200520833333334,0.7292317708333333,0.8678385416666666,140.0,1.4333333333333333,0.15,88.41233580896915,0.013145833333333334,0.8681318681318682,38,1.9123977197255366,0.1376541144880903,1.3123977197255368,1.2865964538502181,1.0,Boids,0.0010642941662490557
apartment,Boids,60,800,0.02,0.05,0.4,,24,0.3,0.2,2.0,20,0,0.6178385416666666,0.6198893229166667,0.8645833333333334,120.0,1.3166666666666667,0.16666666666666666,80.70463826348698,0.0126875,0.7414062499999999,29,2.2609610615271643,0.31833147342437046,1.6609610615271637,1.4606884601698549,1.0,Boids,0.0010190634900004625
apartment,Boids,60,800,0.02,0.05,0.4,,25,0.3,0.2,2.0,20,0,0.7044270833333334,0.6896158854166667,0.8645833333333334,120.0,1.1,0.08333333333333333,87.56850390057444,0.0109375,0.8526398739164697,37,1.990431303834599,0.19820554749575206,1.3904313038345995,1.297652968353869,1.0,Boids,0.0010501034887511196
apartment,Boids,60,800,0.02,0.05,0.4,,26,0.3,0.2,2.0,20,0,0.6497395833333334,0.6475911458333333,0.869140625,120.0,1.25,0.13333333333333333,81.82105748111306,0.012083333333333333,0.7700617283950618,30,2.2628033532756993,0.26510583232337565,1.6628033532756992,1.5191661132580283,1.0,Boids,0.0010026329687502767
apartment,Boids,60,800,0.02,0.05,0.4,,27,0.3,0.2,2.0,20,0,0.6888020833333334,0.68427734375,0.869140625,120.0,1.3333333333333333,0.1,86.29848496018346,0.0113125,0.8278560250391237,35,2.062449419014047,0.2677804273236667,1.4624494190140471,1.3455150195928147,1.0,Boids,0.001020889166250072
apartment,Boids,60,800,0.02,0.05,0.4,,28,0.3,0.2,2.0,20,0,0.6979166666666666,0.6857421875,0.8561197916666666,120.0,1.1666666666666667,0.06666666666666667,84.99602302358298,0.012291666666666666,0.8589743589743589,35,2.072434706700918,0.25473443414756414,1.4724347067009185,1.3624278381710253,1.0,Boids,0.00108084546875034
apartment,Boids,60,800,0.02,0.05,0.4,,29,0.3,0.2,2.0,20,0,0.6985677083333334,0.7029947916666668,0.865234375,120.0,1.1666666666666667,0.13333333333333333,86.6542556051501,0.011791666666666667,0.8389366692728695,36,2.0846324029832006,0.23715248813144293,1.4846324029831997,1.3332946351016501,1.0,Boids,0.0010801731762512645
apartment,Boids,60,800,0.02,0.05,0.6,,0,0.3,0.2,2.0,20,0,0.4986979166666667,0.4974934895833334,0.8587239583333334,120.0,1.1666666666666667,0.06666666666666667,72.506634304205,0.011458333333333333,0.6012558869701726,20,2.633811473651836,0.40390077053205725,2.033811473651836,1.4477810643393108,1.0,Boids,0.0009334347399999387
apartment,Boids,60,800,0.02,0.05,0.6,,1,0.3,0.2,2.0,20,0,0.5162760416666666,0.51298828125,0.859375,120.0,1.3833333333333333,0.15,74.22528788760164,0.012375,0.6200156372165755,21,2.6431244195802064,0.35472371167641015,2.0431244195802067,1.6174135142396615,1.0,Boids,0.0009752592187510345
apartment,Boids,60,800,0.02,0.05,0.6,,2,0.3,0.2,2.0,20,0,0.6041666666666666,0.5843424479166666,0.865234375,120.0,1.2,0.13333333333333333,78.30042447964681,0.01125,0.731284475965327,25,2.321899004459509,0.19395080053671532,1.7218990044595095,1.5853993563492654,1.0,Boids,0.000996120937500109
apartment,Boids,60,800,0.02,0.05,0.6,,3,0.3,0.2,2.0,20,0,0.4817708333333333,0.4865559895833333,0.8626302083333334,140.0,1.0666666666666667,0.1,73.62450868547243,0.011916666666666667,0.578125,21,2.468171847534398,0.3338192257217876,1.868171847534398,1.7258224036101342,1.0,Boids,0.0009567666149996512
apartment,Boids,60,800,0.02,0.05,0.6,,4,0.3,0.2,2.0,20,0,0.482421875,0.48046875,0.8639322916666666,120.0,1.35,0.1,72.46901604721818,0.011291666666666667,0.584384858044164,20,2.4286224105260383,0.31362129080123735,1.8286224105260387,1.5963321723293342,1.0,Boids,0.0009608667712495844
apartment,Boids,60,800,0.02,0.05,0.6,,5,0.3,0.2,2.0,20,0,0.4583333333333333,0.4566080729166667,0.869140625,120.0,1.25,0.16666666666666666,69.79027799212899,0.011645833333333333,0.5491419656786272,17,2.805027438994834,0.3128792896128181,2.2050274389948337,1.88333800512943,1.0,Boids,0.0009762494275014433
apartment,Boids,60,800,0.02,0.05,0.6,,6,0.3,0.2,2.0,20,0,0.5,0.49892578125,0.8587239583333334,120.0,1.2,0.1,73.78138973491421,0.0105,0.6009389671361502,22,2.1615500599879183,0.2050684379783287,1.5615500599879182,1.4652359075320054,1.0,Boids,0.000978922760000387
apartment,Boids,60,800,0.02,0.05,0.6,,7,0.3,0.2,2.0,20,0,0.6477864583333334,0.6482421875,0.8619791666666666,120.0,1.45,0.21666666666666667,83.34771176491736,0.011791666666666667,0.7810047095761382,33,2.0851347250375745,0.21298572596235493,1.4851347250375742,1.4496095258379866,1.0,Boids,0.0010880051562503468
apartment,Boids,60,800,0.02,0.05,0.6,,9,0.3,0.2,2.0,20,0,0.5071614583333334,0.4994140624999999,0.8606770833333334,120.0,1.0666666666666667,0.15,73.33952913456035,0.011833333333333333,0.6095461658841941,21,2.6445927575260435,0.368820711335984,2.044592757526044,1.6731964288164454,1.0,Boids,0.0009605161975014199
apartment,Boids,60,800,0.02,0.05,0.6,,8,0.3,0.2,2.0,20,0,0.689453125,0.6864583333333334,0.8600260416666666,120.0,1.1833333333333333,0.13333333333333333,85.51826872366287,0.012333333333333333,0.83451536643026,34,2.0805181397593806,0.2539960030006904,1.4805181397593803,1.2969378265708662,1.0,Boids,0.0010828385412492026
apartment,Boids,60,800,0.02,0.05,0.6,,10,0.3,0.2,2.0,20,0,0.537109375,0.51806640625,0.8580729166666666,120.0,1.4666666666666666,0.1,74.71001201059508,0.0124375,0.6455399061032864,22,2.4437002716475877,0.2520443076598723,1.8437002716475868,1.737680133193681,1.0,Boids,0.001010497343750103
apartment,Boids,60,800,0.02,0.05,0.6,,11,0.3,0.2,2.0,20,0,0.63671875,0.62861328125,0.853515625,120.0,1.1,0.11666666666666667,80.43112400547248,0.01125,0.7725118483412322,28,2.333045924143169,0.2956517617818566,1.7330459241431686,1.5381350389251327,1.0,Boids,0.0010334011450004255
apartment,Boids,60,800,0.02,0.05,0.6,,12,0.3,0.2,2.0,20,0,0.5559895833333334,0.5582682291666667,0.8639322916666666,140.0,1.05,0.16666666666666666,75.74946453845618,0.011229166666666667,0.6735015772870663,23,2.4205816588290436,0.2658992021352309,1.820581658829044,1.5642669968235592,1.0,Boids,0.0009830299999998716
apartment,Boids,60,800,0.02,0.05,0.6,,13,0.3,0.2,2.0,20,0,0.529296875,0.5460286458333333,0.8697916666666666,120.0,1.3,0.16666666666666666,74.56964211241106,0.012708333333333334,0.62877030162413,22,2.218381266013714,0.26370008232695397,1.6183812660137145,1.4506612639430085,1.0,Boids,0.0009462605199996687
apartment,Boids,60,800,0.02,0.05,0.6,,14,0.3,0.2,2.0,20,0,0.4713541666666667,0.4681315104166666,0.865234375,120.0,1.2,0.06666666666666667,72.75574107966276,0.0123125,0.5718799368088467,20,2.319230457327212,0.27934498776024885,1.7192304573272117,1.7004276890195769,1.0,Boids,0.0009699214062493411
apartment,Boids,60,800,0.02,0.05,0.6,,15,0.3,0.2,2.0,20,0,0.5716145833333334,0.5732421875,0.869140625,120.0,1.3166666666666667,0.11666666666666667,76.30830168500844,0.0118125,0.6795665634674922,24,2.4016302202365196,0.25348228296819697,1.8016302202365198,1.6302194250845574,1.0,Boids,0.0009772973437497967
apartment,Boids,60,800,0.02,0.05,0.6,,16,0.3,0.2,2.0,20,0,0.6959635416666666,0.671875,0.86328125,120.0,1.3,0.15,83.9590919121696,0.013583333333333333,0.8450592885375493,34,2.1906211782661846,0.1943866792778949,1.5906211782661845,1.560694025187096,1.0,Boids,0.0010377558849995693
apartment,Boids,60,800,0.02,0.05,0.6,,17,0.3,0.2,2.0,20,0,0.51953125,0.5286458333333333,0.8639322916666666,120.0,1.0833333333333333,0.18333333333333332,74.45529767188906,0.0126875,0.6234375,22,2.5201533987426816,0.3843004488603696,1.9201533987426822,1.4599846395886882,1.0,Boids,0.0009367569787491447
apartment,Boids,60,800,0.02,0.05,0.6,,18,0.3,0.2,2.0,20,0,0.587890625,0.5845377604166667,0.8522135416666666,120.0,0.8833333333333333,0.16666666666666666,77.86013545334829,0.008125,0.7195219123505976,25,2.4179857977709447,0.3224919254658086,1.8179857977709444,1.5245784874674726,1.0,Boids,0.0009813996875004704
apartment,Boids,60,800,0.02,0.05,0.6,,19,0.3,0.2,2.0,20,0,0.6419270833333334,0.6430338541666667,0.8717447916666666,120.0,1.1333333333333333,0.08333333333333333,81.61026485997141,0.011458333333333333,0.7643410852713178,29,2.1434549894265484,0.159215831463918,1.5434549894265492,1.4982743097150464,1.0,Boids,0.0009970026049995794
apartment,Boids,60,800,0.02,0.05,0.6,,20,0.3,0.2,2.0,20,0,0.646484375,0.65810546875,0.8606770833333334,120.0,1.4,0.11666666666666667,81.91097828274145,0.013541666666666667,0.7825059101654847,31,2.0867379708331466,0.1978048408566983,1.4867379708331463,1.4290142951419034,1.0,Boids,0.0010466459899998882
apartment,Boids,60,800,0.02,0.05,0.6,,21,0.3,0.2,2.0,20,0,0.6028645833333334,0.61064453125,0.86328125,140.0,1.4166666666666667,0.15,79.21259484481591,0.011958333333333333,0.7217459080280593,27,2.277723342376393,0.3298316433416249,1.677723342376393,1.4777596739266188,1.0,Boids,0.0010388661987508385
apartment,Boids,60,800,0.02,0.05,0.6,,22,0.3,0.2,2.0,20,0,0.5618489583333334,0.5541341145833334,0.8626302083333334,120.0,1.4166666666666667,0.13333333333333333,75.10505627428272,0.012354166666666666,0.6892971246006391,23,2.3596171639170347,0.2563977491157335,1.7596171639170348,1.4703420215326153,1.0,Boids,0.0009804289062503814
apartment,Boids,60,800,0.02,0.05,0.6,,24,0.3,0.2,2.0,20,0,0.4720052083333333,0.4710611979166666,0.8645833333333334,120.0,1.3166666666666667,0.18333333333333332,70.56184718868641,0.01275,0.56640625,18,2.8032051233526705,0.33478963516409976,2.2032051233526704,1.851462084743705,1.0,Boids,0.0009732543749987599
apartment,Boids,60,800,0.02,0.05,0.6,,23,0.3,0.2,2.0,20,0,0.6139322916666666,0.6341471354166666,0.8619791666666666,140.0,1.4333333333333333,0.15,80.98777802200324,0.013083333333333334,0.7401883830455258,29,2.084060471968537,0.22666072499900528,1.4840604719685369,1.3332655575844434,1.0,Boids,0.0010486634375001813
apartment,Boids,60,800,0.02,0.05,0.6,,25,0.3,0.2,2.0,20,0,0.517578125,0.5201822916666667,0.8639322916666666,120.0,1.1,0.06666666666666667,74.78368731550985,0.010916666666666667,0.6264775413711584,23,2.243831093739259,0.20964188230660352,1.6438310937392593,1.5568028227786228,1.0,Boids,0.0009826178637490557
apartment,Boids,60,800,0.02,0.05,0.6,,26,0.3,0.2,2.0,20,0,0.5677083333333334,0.570703125,0.869140625,120.0,1.25,0.13333333333333333,77.44813230901391,0.0121875,0.6728395061728395,25,2.287073944676593,0.16487001242023402,1.6870739446765923,1.5641448732836971,1.0,Boids,0.001029034843750196
apartment,Boids,60,800,0.02,0.05,0.6,,27,0.3,0.2,2.0,20,0,0.513671875,0.5107096354166668,0.869140625,120.0,1.3333333333333333,0.11666666666666667,75.25189737306816,0.0114375,0.6173708920187794,23,2.1144982264385845,0.15221638150377653,1.514498226438585,1.4766343160741071,1.0,Boids,0.0009901314062494748
apartment,Boids,60,800,0.02,0.05,0.6,,28,0.3,0.2,2.0,20,0,0.6080729166666666,0.6155598958333334,0.8561197916666666,120.0,1.1666666666666667,0.06666666666666667,79.35549238399507,0.012270833333333333,0.7483974358974359,28,2.1173401527355677,0.3094797001111983,1.5173401527355677,1.3531221167027367,1.0,Boids,0.001008119011250983
apartment,Boids,60,800,0.02,0.05,0.6,,29,0.3,0.2,2.0,20,0,0.5696614583333334,0.5689453125,0.865234375,120.0,1.1666666666666667,0.11666666666666667,78.29089694241004,0.011729166666666667,0.6841282251759188,26,2.238169258341038,0.18166486280669786,1.6381692583410385,1.566477772976838,1.0,Boids,0.0010284143237504395
rubble,Boids,60,800,0.02,0.05,0.0,,0,0.3,0.2,2.0,20,0,0.776536312849162,0.7386522346368716,0.8344972067039106,480.0,1.4333333333333333,0.38333333333333336,82.82707815021391,0.0134375,,60,1.4939054795503537,0.24213208505240572,0.8939054795503538,0.829040409978549,1.0,Boids,0.0013738146350010538
rubble,Boids,60,800,0.02,0.05,0.0,,1,0.3,0.2,2.0,20,0,0.776536312849162,0.7573673184357542,0.8414804469273743,420.0,1.35,0.36666666666666664,82.01574372560178,0.014520833333333334,,60,1.5239727184248237,0.2310994204584096,0.923972718424824,0.8590305013410923,1.0,Boids,0.001330318697500843
rubble,Boids,60,800,0.02,0.05,0.0,,3,0.3,0.2,2.0,20,0,0.7716480446927374,0.736836592178771,0.8386871508379888,420.0,1.4666666666666666,0.38333333333333336,82.58454285489485,0.017270833333333332,,60,1.4946789435947891,0.2723292071721352,0.8946789435947891,0.9159741850274676,1.0,Boids,0.0013325640624998413
rubble,Boids,60,800,0.02,0.05,0.0,,2,0.3,0.2,2.0,20,0,0.7667597765363129,0.7265013966480446,0.8233240223463687,420.0,1.3333333333333333,0.2833333333333333,82.14346705865883,0.013895833333333333,,60,1.517698802462264,0.2853623038308581,0.9176988024622642,0.7591955043794002,1.0,Boids,0.0013390675524988182
rubble,Boids,60,800,0.02,0.05,0.0,,4,0.3,0.2,2.0,20,0,0.7786312849162011,0.7617318435754191,0.8421787709497207,360.0,1.2833333333333334,0.48333333333333334,82.60410628954239,0.020958333333333332,,60,1.5259252636502807,0.2133425168016246,0.9259252636502808,0.8564470497414491,1.0,Boids,0.0013695898437504183
rubble,Boids,60,800,0.02,0.05,0.0,,5,0.3,0.2,2.0,20,0,0.7828212290502793,0.7605097765363127,0.8372905027932961,340.0,1.35,0.3,82.88883502902267,0.0190625,,60,1.5360027143650266,0.24223249353434478,0.9360027143650266,0.8599187642233737,1.0,Boids,0.0013679247387517535
rubble,Boids,60,800,0.02,0.05,0.0,,6,0.3,0.2,2.0,20,0,0.7863128491620112,0.766445530726257,0.8386871508379888,440.0,1.5666666666666667,0.4,82.66699207564125,0.019416666666666665,,60,1.4798816033939253,0.18819534845770555,0.8798816033939255,0.8669179141781952,1.0,Boids,0.0014309984887518113
rubble,Boids,60,800,0.02,0.05,0.0,,7,0.3,0.2,2.0,20,0,0.7793296089385475,0.7667248603351956,0.8421787709497207,300.0,1.5833333333333333,0.2,82.64967872265198,0.0206875,,60,1.4768816490325005,0.2348269831341576,0.8768816490325004,0.8262592521983941,1.0,Boids,0.0013876052087493918
rubble,Boids,60,800,0.02,0.05,0.0,,8,0.3,0.2,2.0,20,0,0.7737430167597765,0.7551326815642458,0.8344972067039106,380.0,1.3,0.2833333333333333,82.93458772862212,0.015645833333333335,,60,1.5263888140844075,0.2411768007941128,0.9263888140844077,0.8145067849409602,1.0,Boids,0.0013829268225003944
rubble,Boids,60,800,0.02,0.05,0.0,,9,0.3,0.2,2.0,20,0,0.7884078212290503,0.756145251396648,0.8414804469273743,400.0,1.3333333333333333,0.38333333333333336,82.71402627332928,0.015041666666666667,,60,1.4910268049970397,0.24925739174166098,0.8910268049970396,0.8488427653046026,1.0,Boids,0.0014055729162510034
rubble,Boids,60,800,0.02,0.05,0.0,,10,0.3,0.2,2.0,20,0,0.7527932960893855,0.7312849162011175,0.8310055865921788,380.0,1.6166666666666667,0.31666666666666665,82.30715467680372,0.018208333333333333,,60,1.444334201692407,0.24676110582806823,0.8443342016924069,0.7197778647058741,1.0,Boids,0.0013698844787495546
rubble,Boids,60,800,0.02,0.05,0.0,,12,0.3,0.2,2.0,20,0,0.7828212290502793,0.7403980446927374,0.8379888268156425,440.0,1.3333333333333333,0.4,82.54439729828682,0.013270833333333334,,60,1.5590729710187852,0.2842084492218861,0.9590729710187854,0.9376911575383119,1.0,Boids,0.001441695624998829
rubble,Boids,60,800,0.02,0.05,0.0,,11,0.3,0.2,2.0,20,0,0.7688547486033519,0.7375,0.8212290502793296,400.0,1.5,0.35,82.58553438428946,0.016895833333333332,,60,1.4887770272845158,0.23306997978530236,0.8887770272845157,0.7596801172576018,1.0,Boids,0.001457172083751175
rubble,Boids,60,800,0.02,0.05,0.0,,13,0.3,0.2,2.0,20,0,0.7486033519553073,0.726222067039106,0.821927374301676,300.0,1.6,0.3333333333333333,82.45749538820115,0.021145833333333332,,60,1.4399546965041623,0.22981962764892414,0.8399546965041622,0.797489418604223,1.0,Boids,0.001451470884999253
rubble,Boids,60,800,0.02,0.05,0.0,,14,0.3,0.2,2.0,20,0,0.7828212290502793,0.754713687150838,0.8358938547486033,440.0,1.35,0.38333333333333336,83.10056968672008,0.017645833333333333,,60,1.511776862553596,0.23965752289426442,0.9117768625535962,0.881444562420598,1.0,Boids,0.0014377645837498677
rubble,Boids,60,800,0.02,0.05,0.0,,15,0.3,0.2,2.0,20,0,0.7716480446927374,0.7410614525139664,0.8324022346368715,360.0,1.6166666666666667,0.4166666666666667,82.74349707356997,0.020458333333333332,,60,1.5256764379742533,0.22566489022769312,0.925676437974253,0.8768384246852171,1.0,Boids,0.0013830897912498585
rubble,Boids,60,800,0.02,0.05,0.0,,16,0.3,0.2,2.0,20,0,0.7590782122905028,0.7326117318435753,0.8282122905027933,400.0,1.5833333333333333,0.3,81.72563126952039,0.020708333333333332,,60,1.4755068905899689,0.18764934422436969,0.8755068905899691,0.8299695000091775,1.0,Boids,0.0014004173437501778
rubble,Boids,60,800,0.02,0.05,0.0,,17,0.3,0.2,2.0,20,0,0.744413407821229,0.7312150837988826,0.8296089385474861,360.0,1.3333333333333333,0.26666666666666666,82.50998372006036,0.014979166666666667,,60,1.5159060090557317,0.2375970114518981,0.9159060090557318,0.8531643885717347,1.0,Boids,0.0013857834899999944
rubble,Boids,60,800,0.02,0.05,0.0,,18,0.3,0.2,2.0,20,0,0.7639664804469274,0.7298533519553072,0.8184357541899442,300.0,1.6166666666666667,0.48333333333333334,82.322168317851,0.02033333333333333,,60,1.4787976894830972,0.2816610230724661,0.8787976894830968,0.7955621022510432,1.0,Boids,0.0014104785937502128
rubble,Boids,60,800,0.02,0.05,0.0,,19,0.3,0.2,2.0,20,0,0.7625698324022346,0.7434008379888268,0.8310055865921788,400.0,1.2833333333333334,0.18333333333333332,82.26183707759927,0.014145833333333333,,60,1.5091317015529855,0.2248045540587395,0.9091317015529855,0.8932038451908707,1.0,Boids,0.0014087700000004588
rubble,Boids,60,800,0.02,0.05,0.0,,21,0.3,0.2,2.0,20,0,0.7695530726256983,0.7409916201117318,0.8289106145251397,340.0,1.5333333333333334,0.35,82.33445853920719,0.020041666666666666,,60,1.4889344756566054,0.22112664057467277,0.8889344756566053,0.8390842335212765,1.0,Boids,0.0013372471350021442
rubble,Boids,60,800,0.02,0.05,0.0,,20,0.3,0.2,2.0,20,0,0.7758379888268156,0.75286312849162,0.8331005586592178,380.0,1.3166666666666667,0.2833333333333333,83.02502825989896,0.01875,,60,1.5001945122413465,0.23213804618491127,0.9001945122413463,0.8274439306690818,1.0,Boids,0.0013711414062504445
rubble,Boids,60,800,0.02,0.05,0.0,,22,0.3,0.2,2.0,20,0,0.7695530726256983,0.7486731843575418,0.8296089385474861,360.0,1.3666666666666667,0.23333333333333334,82.81360635324573,0.016020833333333335,,60,1.5318247768560933,0.2251054757844682,0.9318247768560934,0.8757855687108294,1.0,Boids,0.001360794375000296
rubble,Boids,60,800,0.02,0.05,0.0,,23,0.3,0.2,2.0,20,0,0.7905027932960894,0.7694134078212291,0.8428770949720671,380.0,1.5833333333333333,0.2833333333333333,83.2602801164592,0.017229166666666667,,60,1.4712752494360162,0.26118667255244365,0.8712752494360162,0.810720438001731,1.0,Boids,0.0013399005199994463
rubble,Boids,60,800,0.02,0.05,0.0,,24,0.3,0.2,2.0,20,0,0.7625698324022346,0.7395949720670391,0.827513966480447,440.0,1.6333333333333333,0.3333333333333333,82.4002220765887,0.022,,60,1.4552107351211832,0.2413373005214337,0.8552107351211833,0.8279943566752096,1.0,Boids,0.0013482243225007551
rubble,Boids,60,800,0.02,0.05,0.0,,25,0.3,0.2,2.0,20,0,0.7925977653631285,0.7637220670391061,0.8456703910614525,420.0,1.7333333333333334,0.3333333333333333,83.02781602308907,0.021,,60,1.5304228790650491,0.2580811943626885,0.930422879065049,0.8789909056406647,1.0,Boids,0.0013619274474990562
rubble,Boids,60,800,0.02,0.05,0.0,,26,0.3,0.2,2.0,20,0,0.7737430167597765,0.7457402234636871,0.827513966480447,340.0,1.3166666666666667,0.48333333333333334,83.5066313301944,0.014083333333333333,,60,1.4487303079488376,0.26240046777271336,0.8487303079488373,0.8060727074187289,1.0,Boids,0.0013670789587490618
rubble,Boids,60,800,0.02,0.05,0.0,,27,0.3,0.2,2.0,20,0,0.7534916201117319,0.7372206703910614,0.8303072625698324,340.0,1.4166666666666667,0.36666666666666664,82.55011406867374,0.013625,,60,1.4992447590578935,0.240634744757418,0.8992447590578933,0.852707613096416,1.0,Boids,0.0013392061462491256
rubble,Boids,60,800,0.02,0.05,0.0,,28,0.3,0.2,2.0,20,0,0.7639664804469274,0.73411312849162,0.8289106145251397,380.0,1.3833333333333333,0.35,82.71668896595558,0.019541666666666666,,60,1.4705078470462738,0.24673989732765678,0.8705078470462738,0.7981281675864494,1.0,Boids,0.0013396729174996835
rubble,Boids,60,800,0.02,0.05,0.2,,0,0.3,0.2,2.0,20,0,0.744413407821229,0.7226256983240222,0.8212290502793296,260.0,1.45,0.3333333333333333,78.52397410824408,0.013208333333333334,1.071356783919598,53,1.619309953767666,0.2631750977561105,1.0193099537676662,0.8643983564855889,1.0,Boids,0.001270243697499609
rubble,Boids,60,800,0.02,0.05,0.0,,29,0.3,0.2,2.0,20,0,0.7597765363128491,0.73606843575419,0.8268156424581006,380.0,1.35,0.2833333333333333,82.2970839375825,0.017479166666666667,,60,1.4847960678912615,0.24067475479454836,0.8847960678912616,0.7786403115875056,1.0,Boids,0.001359775624998747
rubble,Boids,60,800,0.02,0.05,0.2,,1,0.3,0.2,2.0,20,0,0.696927374301676,0.6979399441340782,0.8065642458100558,220.0,1.3166666666666667,0.3,74.77537044279538,0.014,0.9930348258706467,47,1.61235186641633,0.23171916104982457,1.01235186641633,1.0101672190241175,1.0,Boids,0.0012111292712506838
rubble,Boids,60,800,0.02,0.05,0.2,,2,0.3,0.2,2.0,20,0,0.6808659217877095,0.6805167597765363,0.7737430167597765,200.0,1.3333333333333333,0.25,75.2622079222538,0.013979166666666668,0.988843813387424,49,1.5567156058791662,0.20243881280041387,0.9567156058791662,0.9389704148340526,1.0,Boids,0.0012047982812487135
rubble,Boids,60,800,0.02,0.05,0.2,,3,0.3,0.2,2.0,20,0,0.6731843575418994,0.6526536312849163,0.7730446927374302,200.0,1.4666666666666666,0.38333333333333336,72.96567970464956,0.017208333333333332,0.9836734693877551,45,1.6064080513475172,0.23056034422642604,1.006408051347517,0.910196451503635,1.0,Boids,0.00120828140625008
rubble,Boids,60,800,0.02,0.05,0.2,,4,0.3,0.2,2.0,20,0,0.7185754189944135,0.697800279329609,0.8205307262569832,280.0,1.25,0.4166666666666667,72.66280591806441,0.0201875,0.9961277831558568,43,1.694330669250146,0.29528924930343026,1.0943306692501458,1.0137485340033296,1.0,Boids,0.0011789182812503895
rubble,Boids,60,800,0.02,0.05,0.2,,5,0.3,0.2,2.0,20,0,0.6808659217877095,0.6665851955307263,0.8016759776536313,260.0,1.35,0.35,73.92432877490224,0.0193125,0.9294566253574834,46,1.6258890642218906,0.35978525842567793,1.025889064221891,0.9676282302314657,1.0,Boids,0.0011924765112485147
rubble,Boids,60,800,0.02,0.05,0.2,,6,0.3,0.2,2.0,20,0,0.6899441340782123,0.6815293296089384,0.7863128491620112,240.0,1.5666666666666667,0.35,73.72844469569198,0.019270833333333334,0.988988988988989,46,1.5310173111509566,0.25349733936941626,0.9310173111509568,0.8416559314623252,1.0,Boids,0.0012320569262510616
rubble,Boids,60,800,0.02,0.05,0.2,,7,0.3,0.2,2.0,20,0,0.7192737430167597,0.7018505586592181,0.8149441340782123,220.0,1.5666666666666667,0.25,74.78597633281689,0.020770833333333332,0.9726156751652502,47,1.6881581731587603,0.25375894002979477,1.0881581731587604,1.0181459769192398,1.0,Boids,0.0012374006250001912
rubble,Boids,60,800,0.02,0.05,0.2,,8,0.3,0.2,2.0,20,0,0.696927374301676,0.6930865921787709,0.7835195530726257,200.0,1.2833333333333334,0.26666666666666666,76.06924472899644,0.0155625,0.9960079840319361,50,1.5781044980612344,0.2144330938788422,0.9781044980612346,0.9278175634126845,1.0,Boids,0.0012322206250019007
rubble,Boids,60,800,0.02,0.05,0.2,,9,0.3,0.2,2.0,20,0,0.6934357541899442,0.6882332402234637,0.797486033519553,240.0,1.3333333333333333,0.4666666666666667,74.63395358718529,0.015375,0.9631425800193988,47,1.6192169110387256,0.26579477436258764,1.019216911038725,0.9031048257159938,1.0,Boids,0.001234037708750293
rubble,Boids,60,800,0.02,0.05,0.2,,10,0.3,0.2,2.0,20,0,0.74231843575419,0.7246159217877095,0.8247206703910615,280.0,1.5833333333333333,0.21666666666666667,77.80777300818843,0.017354166666666667,1.0683417085427136,52,1.5804115057259458,0.22379731895933827,0.9804115057259455,0.8821145557026498,1.0,Boids,0.0012378964587492192
rubble,Boids,60,800,0.02,0.05,0.2,,11,0.3,0.2,2.0,20,0,0.6801675977653632,0.6680516759776536,0.7786312849162011,240.0,1.4833333333333334,0.31666666666666665,74.19456392513338,0.016479166666666666,0.9779116465863456,47,1.5196482082998224,0.23961720734923175,0.9196482082998229,0.7983669645681567,1.0,Boids,0.0012114142699988406
rubble,Boids,60,800,0.02,0.05,0.2,,13,0.3,0.2,2.0,20,0,0.7060055865921788,0.6947974860335197,0.8023743016759777,220.0,1.6,0.31666666666666665,75.05507996409341,0.021604166666666667,0.9873046875,48,1.597769066831842,0.24339217429695262,0.9977690668318422,0.9438483106606413,1.0,Boids,0.0012116691149981307
rubble,Boids,60,800,0.02,0.05,0.2,,12,0.3,0.2,2.0,20,0,0.6836592178770949,0.6745111731843575,0.7730446927374302,280.0,1.3333333333333333,0.3333333333333333,75.45482361429087,0.012833333333333334,0.9859013091641489,50,1.5713348494953425,0.2078343297325197,0.9713348494953427,0.9075515918089115,1.0,Boids,0.0012697501037496296
rubble,Boids,60,800,0.02,0.05,0.2,,14,0.3,0.2,2.0,20,0,0.7416201117318436,0.7240572625698325,0.8184357541899442,220.0,1.35,0.25,79.10947824835083,0.01725,1.066265060240964,54,1.52108640668699,0.25407626712568054,0.9210864066869903,0.8622600302874988,1.0,Boids,0.0012941193224992277
rubble,Boids,60,800,0.02,0.05,0.2,,15,0.3,0.2,2.0,20,0,0.6843575418994413,0.680481843575419,0.7870111731843575,240.0,1.6166666666666667,0.31666666666666665,72.0393757804576,0.020520833333333332,0.9819639278557114,43,1.628761377182781,0.24071144451951765,1.0287613771827806,0.9572893027945454,1.0,Boids,0.001187381613749494
rubble,Boids,60,800,0.02,0.05,0.2,,16,0.3,0.2,2.0,20,0,0.702513966480447,0.696263966480447,0.7967877094972067,220.0,1.6,0.25,75.63541880842111,0.020791666666666667,1.0141129032258065,49,1.5497798416054742,0.24582615251470857,0.9497798416054741,0.788695402392748,1.0,Boids,0.0012458810412499589
rubble,Boids,60,800,0.02,0.05,0.2,,17,0.3,0.2,2.0,20,0,0.7018156424581006,0.6986033519553073,0.8037709497206704,240.0,1.3333333333333333,0.23333333333333334,74.6195579903019,0.0149375,1.006006006006006,48,1.611254130729354,0.2544157031559329,1.0112541307293539,0.975195984073833,1.0,Boids,0.0012023595837513312
rubble,Boids,60,800,0.02,0.05,0.2,,18,0.3,0.2,2.0,20,0,0.7353351955307262,0.7113826815642459,0.8100558659217877,260.0,1.6,0.4166666666666667,77.00325364424238,0.02027083333333333,1.026315789473684,52,1.6367209939203096,0.292281368901865,1.0367209939203095,0.9604317179312699,1.0,Boids,0.0012416386987501938
rubble,Boids,60,800,0.02,0.05,0.2,,19,0.3,0.2,2.0,20,0,0.6298882681564246,0.623358938547486,0.7569832402234636,220.0,1.2833333333333334,0.15,70.00900256676647,0.014125,0.9101917255297679,41,1.7105207855920246,0.372776039359247,1.1105207855920245,0.9453191310376236,1.0,Boids,0.001152729687498777
rubble,Boids,60,800,0.02,0.05,0.2,,20,0.3,0.2,2.0,20,0,0.7472067039106145,0.7069483240223464,0.8212290502793296,240.0,1.3166666666666667,0.26666666666666666,76.3626791821231,0.01875,1.0358180058083253,50,1.653712183467579,0.28120966592967717,1.0537121834675789,0.8915661143094599,1.0,Boids,0.001261994218750715
rubble,Boids,60,800,0.02,0.05,0.2,,21,0.3,0.2,2.0,20,0,0.6641061452513967,0.6668296089385475,0.7932960893854749,200.0,1.5333333333333334,0.2,72.3486131415964,0.019604166666666666,0.9369458128078818,43,1.6009535226921705,0.29109274415910275,1.0009535226921704,0.8676894158348657,1.0,Boids,0.0011403552087494973
rubble,Boids,60,800,0.02,0.05,0.2,,22,0.3,0.2,2.0,20,0,0.7032122905027933,0.6995111731843575,0.7988826815642458,180.0,1.35,0.18333333333333332,74.71141545364549,0.015729166666666666,0.998017839444995,47,1.5655445953341114,0.2611946601417692,0.9655445953341112,0.8533597560617087,1.0,Boids,0.0011809926050000287
rubble,Boids,60,800,0.02,0.05,0.2,,23,0.3,0.2,2.0,20,0,0.696927374301676,0.6950768156424582,0.7960893854748603,280.0,1.5833333333333333,0.2833333333333333,75.84870066381488,0.017375,0.9559386973180076,50,1.5537654905508445,0.23022086365405808,0.9537654905508444,0.8670511152282333,1.0,Boids,0.0012143232812513816
rubble,Boids,60,800,0.02,0.05,0.2,,24,0.3,0.2,2.0,20,0,0.7115921787709497,0.6986033519553072,0.7995810055865922,200.0,1.6333333333333333,0.26666666666666666,74.51311237062507,0.0218125,1.0387359836901122,47,1.6073501441873077,0.3080502917206158,1.0073501441873076,0.8461720527451729,1.0,Boids,0.0012184040625015768
rubble,Boids,60,800,0.02,0.05,0.2,,25,0.3,0.2,2.0,20,0,0.7178770949720671,0.7027583798882682,0.8044692737430168,220.0,1.7166666666666666,0.31666666666666665,76.30004016289512,0.020791666666666667,1.00390625,50,1.5230810735271172,0.2522986859790636,0.9230810735271174,0.8279288145181193,1.0,Boids,0.0012563372912495652
rubble,Boids,60,800,0.02,0.05,0.2,,26,0.3,0.2,2.0,20,0,0.6850558659217877,0.6683310055865923,0.7800279329608939,200.0,1.3,0.4166666666666667,74.4150713508222,0.0136875,0.98001998001998,47,1.6249600057159712,0.24277429534344044,1.0249600057159713,0.9195700494568727,1.0,Boids,0.0011978846875013004
rubble,Boids,60,800,0.02,0.05,0.2,,27,0.3,0.2,2.0,20,0,0.6962290502793296,0.6763617318435754,0.7925977653631285,260.0,1.4166666666666667,0.3333333333333333,73.92307516995706,0.013354166666666667,0.9726829268292682,46,1.5797999415516686,0.2108232220959256,0.9797999415516689,0.8965726721825343,1.0,Boids,0.0011964080212510453
rubble,Boids,60,800,0.02,0.05,0.2,,28,0.3,0.2,2.0,20,0,0.7115921787709497,0.692213687150838,0.8058659217877095,180.0,1.3833333333333333,0.4,76.38785847654637,0.01975,1.0230923694779117,49,1.5852494453680719,0.2404438083862233,0.9852494453680716,0.9284191440498576,1.0,Boids,0.001229626145000111
rubble,Boids,60,800,0.02,0.05,0.2,,29,0.3,0.2,2.0,20,0,0.6976256983240223,0.6971717877094973,0.7967877094972067,220.0,1.35,0.26666666666666666,74.82718552743941,0.017666666666666667,1.0050301810865192,48,1.507227504521602,0.259385796926982,0.9072275045216021,0.8210299415359613,1.0,Boids,0.0011905401037506636
rubble,Boids,60,800,0.02,0.05,0.4,,0,0.3,0.2,2.0,20,0,0.6682960893854749,0.6594622905027931,0.7744413407821229,260.0,1.4333333333333333,0.3333333333333333,72.37270999387052,0.0131875,0.9618090452261308,44,1.6486666353288493,0.23489619587406727,1.0486666353288492,0.8886101172891447,1.0,Boids,0.0011592348437511645
rubble,Boids,60,800,0.02,0.05,0.4,,1,0.3,0.2,2.0,20,0,0.6599162011173184,0.6509427374301677,0.7877094972067039,220.0,1.3166666666666667,0.2833333333333333,68.51819792869904,0.013979166666666668,0.9402985074626865,37,1.7569952935716229,0.2135948781587812,1.1569952935716232,1.0942131705063622,1.0,Boids,0.0011223115625011815
rubble,Boids,60,800,0.02,0.05,0.4,,2,0.3,0.2,2.0,20,0,0.6948324022346368,0.6847067039106145,0.7953910614525139,200.0,1.3333333333333333,0.16666666666666666,70.35207532658042,0.013395833333333333,1.009127789046653,40,1.7669848478284418,0.23542653856563225,1.166984847828442,1.1012729969489392,1.0,Boids,0.0011150662499994724
rubble,Boids,60,800,0.02,0.05,0.4,,3,0.3,0.2,2.0,20,0,0.5963687150837989,0.5948324022346368,0.7548882681564246,200.0,1.4666666666666666,0.4,66.61725353632237,0.017145833333333332,0.8714285714285714,35,1.8609964695366428,0.47328978503965086,1.2609964695366427,0.8870285401224715,1.0,Boids,0.0011232022399985909
rubble,Boids,60,800,0.02,0.05,0.4,,4,0.3,0.2,2.0,20,0,0.6627094972067039,0.6520251396648045,0.7884078212290503,280.0,1.25,0.4,68.18065080369948,0.020104166666666666,0.9186834462729914,36,1.9104461329193667,0.2957186667029767,1.3104461329193668,1.2099890847769825,1.0,Boids,0.0011129968225009178
rubble,Boids,60,800,0.02,0.05,0.4,,5,0.3,0.2,2.0,20,0,0.5998603351955307,0.6047835195530726,0.7891061452513967,260.0,1.35,0.31666666666666665,66.29973316548208,0.019104166666666665,0.8188751191611059,34,1.872670152662056,0.4228561987687308,1.2726701526620559,1.0543486056332525,1.0,Boids,0.001093100416251218
rubble,Boids,60,800,0.02,0.05,0.4,,6,0.3,0.2,2.0,20,0,0.6536312849162011,0.6519203910614526,0.7772346368715084,240.0,1.5666666666666667,0.31666666666666665,70.1139928638626,0.01925,0.936936936936937,40,1.6414419014181874,0.26301742740775863,1.041441901418187,0.9031552581866192,1.0,Boids,0.0011683390099983626
rubble,Boids,60,800,0.02,0.05,0.4,,8,0.3,0.2,2.0,20,0,0.6641061452513967,0.6524790502793296,0.7870111731843575,200.0,1.2833333333333334,0.21666666666666667,67.67995909604322,0.015291666666666667,0.9491017964071856,36,1.7858371701949178,0.2658897272612537,1.185837170194918,1.0161654061536167,1.0,Boids,0.0010799496350000482
rubble,Boids,60,800,0.02,0.05,0.4,,9,0.3,0.2,2.0,20,0,0.6452513966480447,0.6437150837988826,0.784217877094972,240.0,1.3333333333333333,0.36666666666666664,67.75231638793618,0.015083333333333334,0.8962172647914646,36,1.8316230102504154,0.3145203685629975,1.2316230102504149,1.0905438219012968,1.0,Boids,0.0011055671875010375
rubble,Boids,60,800,0.02,0.05,0.4,,7,0.3,0.2,2.0,20,0,0.664804469273743,0.6672486033519552,0.8037709497206704,220.0,1.5666666666666667,0.15,71.0676670681551,0.020229166666666666,0.898961284230406,41,1.6121486022851481,0.22575504108501301,1.0121486022851478,0.9195371511402352,1.0,Boids,0.0012070736974987995
rubble,Boids,60,800,0.02,0.05,0.4,,10,0.3,0.2,2.0,20,0,0.6543296089385475,0.6439245810055867,0.7744413407821229,280.0,1.5833333333333333,0.18333333333333332,69.15527871181389,0.01725,0.941708542713568,39,1.7125312666747192,0.2233480815199081,1.1125312666747194,0.9965841408764534,1.0,Boids,0.0011720518750007614
rubble,Boids,60,800,0.02,0.05,0.4,,11,0.3,0.2,2.0,20,0,0.651536312849162,0.6441689944134078,0.7800279329608939,240.0,1.4833333333333334,0.26666666666666666,68.97642997287774,0.0168125,0.9367469879518073,38,1.7582775933960477,0.29245193068205666,1.1582775933960472,1.0506133975409078,1.0,Boids,0.0011465022925017366
rubble,Boids,60,800,0.02,0.05,0.4,,12,0.3,0.2,2.0,20,0,0.6578212290502793,0.639909217877095,0.7681564245810056,280.0,1.3333333333333333,0.35,69.08680339713202,0.012854166666666667,0.9486404833836857,39,1.7041953971937591,0.24524319723032867,1.1041953971937586,1.00212370713652,1.0,Boids,0.001169965937501729
rubble,Boids,60,800,0.02,0.05,0.4,,13,0.3,0.2,2.0,20,0,0.5817039106145251,0.5691689944134078,0.7786312849162011,220.0,1.6,0.2833333333333333,63.19385069595223,0.0209375,0.8134765624999999,29,2.153325946292222,0.40812935544090806,1.553325946292222,1.4441682823678712,1.0,Boids,0.001064061666249927
rubble,Boids,60,800,0.02,0.05,0.4,,14,0.3,0.2,2.0,20,0,0.651536312849162,0.6487081005586591,0.7667597765363129,220.0,1.35,0.23333333333333334,69.00662177797525,0.017145833333333332,0.9367469879518073,38,1.759024947539229,0.263387780422051,1.1590249475392291,1.0825264775477117,1.0,Boids,0.0011549015624996173
rubble,Boids,60,800,0.02,0.05,0.4,,15,0.3,0.2,2.0,20,0,0.611731843575419,0.6034217877094973,0.7772346368715084,240.0,1.6166666666666667,0.31666666666666665,64.82382080401243,0.020125,0.8777555110220441,31,1.8921078164588243,0.18418718420714952,1.2921078164588242,1.267888970229634,1.0,Boids,0.0010677740112510037
rubble,Boids,60,800,0.02,0.05,0.4,,17,0.3,0.2,2.0,20,0,0.6229050279329609,0.6231494413407821,0.7646648044692738,240.0,1.3333333333333333,0.21666666666666667,65.31615611370896,0.014729166666666666,0.8928928928928929,33,1.931910521272599,0.3578294237478447,1.331910521272599,1.243000788792422,1.0,Boids,0.0011463440100010303
rubble,Boids,60,800,0.02,0.05,0.4,,18,0.3,0.2,2.0,20,0,0.6920391061452514,0.6808310055865923,0.7849162011173184,260.0,1.6166666666666667,0.31666666666666665,71.5148402028595,0.019791666666666666,0.9658869395711501,43,1.7194255852566227,0.23865695316436317,1.119425585256623,1.0963968405245046,1.0,Boids,0.001145471927500239
rubble,Boids,60,800,0.02,0.05,0.4,,16,0.3,0.2,2.0,20,0,0.6263966480446927,0.6246159217877094,0.7583798882681564,220.0,1.5833333333333333,0.25,66.84456173636774,0.020604166666666666,0.9042338709677419,35,1.9045647300134618,0.3654802653577071,1.3045647300134617,1.1136171157183155,1.0,Boids,0.001198171353748876
rubble,Boids,60,800,0.02,0.05,0.4,,19,0.3,0.2,2.0,20,0,0.6243016759776536,0.612604748603352,0.7597765363128491,220.0,1.2833333333333334,0.13333333333333333,65.71161744633648,0.014,0.9021190716448032,33,1.9693581511655398,0.31539788251455814,1.369358151165539,1.188743910403788,1.0,Boids,0.001181890468749316
rubble,Boids,60,800,0.02,0.05,0.4,,20,0.3,0.2,2.0,20,0,0.6808659217877095,0.6683659217877096,0.7800279329608939,240.0,1.3166666666666667,0.21666666666666667,71.5156156186745,0.018583333333333334,0.9438528557599226,42,1.6913920953899624,0.22225522409418624,1.0913920953899625,1.0387173413287358,1.0,Boids,0.0012266155212500962
rubble,Boids,60,800,0.02,0.05,0.4,,21,0.3,0.2,2.0,20,0,0.6543296089385475,0.6543645251396648,0.7856145251396648,200.0,1.5333333333333334,0.21666666666666667,69.23079901748035,0.019729166666666666,0.923152709359606,38,1.7868743675808256,0.2792573917817097,1.1868743675808258,0.9987085883185459,1.0,Boids,0.0011338407812490914
rubble,Boids,60,800,0.02,0.05,0.4,,22,0.3,0.2,2.0,20,0,0.5824022346368715,0.5849511173184357,0.7646648044692738,180.0,1.35,0.16666666666666666,66.1580006737014,0.0156875,0.8265609514370663,34,1.7787991104327492,0.4168443126748052,1.1787991104327493,1.0596755409206966,1.0,Boids,0.001166573541249818
rubble,Boids,60,800,0.02,0.05,0.4,,23,0.3,0.2,2.0,20,0,0.6417597765363129,0.6309706703910615,0.789804469273743,280.0,1.5833333333333333,0.21666666666666667,68.07822820036563,0.017145833333333332,0.8802681992337165,37,1.8148122597727403,0.2741487619900249,1.21481225977274,1.1164235577549837,1.0,Boids,0.0011485159375001785
rubble,Boids,60,800,0.02,0.05,0.4,,24,0.3,0.2,2.0,20,0,0.6473463687150838,0.6378142458100559,0.7695530726256983,200.0,1.6333333333333333,0.25,67.16076103610662,0.021791666666666668,0.944954128440367,36,1.793479867273029,0.21905728177333625,1.193479867273029,1.1858889657240184,1.0,Boids,0.001151708593749845
rubble,Boids,60,800,0.02,0.05,0.4,,27,0.3,0.2,2.0,20,0,0.6312849162011173,0.6083798882681564,0.7646648044692738,260.0,1.4166666666666667,0.35,67.4606787780548,0.0134375,0.881951219512195,36,1.8767739807894483,0.36200461029588876,1.2767739807894483,1.0760240452737333,1.0,Boids,0.001141981980001674
rubble,Boids,60,800,0.02,0.05,0.4,,26,0.3,0.2,2.0,20,0,0.6152234636871509,0.6036662011173186,0.7737430167597765,200.0,1.3,0.38333333333333336,65.54226547572172,0.0136875,0.8801198801198802,32,1.8901659725507327,0.26293494297278314,1.2901659725507328,1.1550446511506784,1.0,Boids,0.0011529431762505738
rubble,Boids,60,800,0.02,0.05,0.4,,25,0.3,0.2,2.0,20,0,0.6668994413407822,0.6482541899441341,0.8023743016759777,220.0,1.7166666666666666,0.3,71.1840059705312,0.020666666666666667,0.9326171875,41,1.7302602260060043,0.18306053044255882,1.1302602260060042,1.0853473032561949,1.0,Boids,0.0011855384375007816
rubble,Boids,60,800,0.02,0.05,0.4,,28,0.3,0.2,2.0,20,0,0.6284916201117319,0.6220670391061452,0.7730446927374302,180.0,1.3833333333333333,0.31666666666666665,66.65992270991562,0.019479166666666665,0.9036144578313254,35,1.9554604767471528,0.3709344905532386,1.3554604767471532,1.1725160891553483,1.0,Boids,0.0011405236449991208
rubble,Boids,60,800,0.02,0.05,0.4,,29,0.3,0.2,2.0,20,0,0.6236033519553073,0.6044692737430167,0.7688547486033519,220.0,1.35,0.25,65.15304581806139,0.0173125,0.8983903420523139,31,1.891664107626903,0.2695834125376952,1.2916641076269026,1.1083136770839843,1.0,Boids,0.0010785736462503336
rubble,Boids,60,800,0.02,0.05,0.6,,0,0.3,0.2,2.0,20,0,0.5663407821229051,0.5662709497206705,0.7548882681564246,260.0,1.4333333333333333,0.3333333333333333,62.790558163659206,0.013208333333333334,0.8150753768844222,28,2.083079800900018,0.40280856855022673,1.483079800900018,1.2492757361472553,1.0,Boids,0.0010354677074997198
rubble,Boids,60,800,0.02,0.05,0.6,,1,0.3,0.2,2.0,20,0,0.5391061452513967,0.549895251396648,0.7807262569832403,220.0,1.3166666666666667,0.23333333333333334,61.08221949266001,0.013729166666666667,0.7681592039800995,25,2.061357009779318,0.3666613630305403,1.4613570097793183,1.2792407710734932,1.0,Boids,0.0010632689062504141
rubble,Boids,60,800,0.02,0.05,0.6,,2,0.3,0.2,2.0,20,0,0.5195530726256983,0.5165153631284916,0.75,200.0,1.3333333333333333,0.15,59.41739347664705,0.013520833333333333,0.7545638945233265,23,2.392869635583664,0.44675009303599855,1.7928696355836637,1.2270716002516147,1.0,Boids,0.0010247024999989662
rubble,Boids,60,800,0.02,0.05,0.6,,3,0.3,0.2,2.0,20,0,0.5328212290502793,0.5340083798882682,0.7493016759776536,200.0,1.4666666666666666,0.3,60.727287314342234,0.016833333333333332,0.7785714285714286,25,1.9934899090673508,0.1292790304457488,1.393489909067351,1.3760851205830602,1.0,Boids,0.0010436489587505094
rubble,Boids,60,800,0.02,0.05,0.6,,4,0.3,0.2,2.0,20,0,0.5502793296089385,0.5506634078212291,0.7716480446927374,280.0,1.25,0.38333333333333336,61.00804903101216,0.020041666666666666,0.7628267182962246,25,2.1850598925962417,0.3791737415783553,1.5850598925962418,1.3203915156263504,1.0,Boids,0.0010245421874992644
rubble,Boids,60,800,0.02,0.05,0.6,,5,0.3,0.2,2.0,20,0,0.5537709497206704,0.552967877094972,0.7884078212290503,260.0,1.35,0.25,60.89807957966363,0.018770833333333334,0.7559580552907532,25,2.234493649984413,0.41074914356276065,1.6344936499844127,1.3489753461176512,1.0,Boids,0.0010665771349999886
rubble,Boids,60,800,0.02,0.05,0.6,,6,0.3,0.2,2.0,20,0,0.6019553072625698,0.5932262569832402,0.7688547486033519,240.0,1.5666666666666667,0.3,63.09579011188291,0.019104166666666665,0.862862862862863,29,2.038075069047608,0.363767211688729,1.438075069047608,1.1974603107570094,1.0,Boids,0.0010513609375016131
rubble,Boids,60,800,0.02,0.05,0.6,,7,0.3,0.2,2.0,20,0,0.5432960893854749,0.5403631284916199,0.8009776536312849,220.0,1.5666666666666667,0.13333333333333333,60.30877935834158,0.020229166666666666,0.7346553352219075,24,2.218626574094323,0.37254108132418484,1.618626574094323,1.3866455542328213,1.0,Boids,0.0010147801037487625
rubble,Boids,60,800,0.02,0.05,0.6,,8,0.3,0.2,2.0,20,0,0.5223463687150838,0.5199720670391061,0.7730446927374302,200.0,1.2833333333333334,0.2,59.137942988602894,0.015229166666666667,0.7465069860279441,23,2.132643293066685,0.23744800950054862,1.5326432930666856,1.4599527587322259,1.0,Boids,0.0009821257812495786
rubble,Boids,60,800,0.02,0.05,0.6,,9,0.3,0.2,2.0,20,0,0.5118715083798883,0.5175279329608938,0.7863128491620112,240.0,1.3333333333333333,0.3333333333333333,59.75356094314967,0.0148125,0.7109602327837051,23,2.1012472450485093,0.41884461557977554,1.501247245048509,1.3455357613871324,1.0,Boids,0.0009586078649999763
rubble,Boids,60,800,0.02,0.05,0.6,,10,0.3,0.2,2.0,20,0,0.5782122905027933,0.576536312849162,0.7821229050279329,280.0,1.5833333333333333,0.21666666666666667,60.896712564915454,0.0175,0.8321608040201006,26,2.1618715618017963,0.2176273210776355,1.5618715618017964,1.4438746624226426,1.0,Boids,0.0010538135937486004
rubble,Boids,60,800,0.02,0.05,0.6,,11,0.3,0.2,2.0,20,0,0.5363128491620112,0.5277932960893854,0.7583798882681564,240.0,1.4833333333333334,0.26666666666666666,59.59488559550799,0.016291666666666666,0.7710843373493976,23,2.4088202535236976,0.4089515936756606,1.8088202535236981,1.3218681900100027,1.0,Boids,0.0010209628125016934
rubble,Boids,60,800,0.02,0.05,0.6,,12,0.3,0.2,2.0,20,0,0.4581005586592179,0.45439944134078214,0.7458100558659218,280.0,1.3333333333333333,0.3,56.677289269352954,0.012895833333333334,0.6606243705941591,20,2.350845854586054,0.46563335265050304,1.7508458545860541,1.4003808461975327,1.0,Boids,0.0009734028649995707
rubble,Boids,60,800,0.02,0.05,0.6,,13,0.3,0.2,2.0,20,0,0.4748603351955307,0.47328910614525144,0.7737430167597765,220.0,1.6,0.2833333333333333,57.68383646020164,0.020979166666666667,0.6640625,21,2.182329013297476,0.30511333170626137,1.582329013297476,1.4147897386997785,1.0,Boids,0.0010109017187483005
rubble,Boids,60,800,0.02,0.05,0.6,,15,0.3,0.2,2.0,20,0,0.5865921787709497,0.5813198324022346,0.7863128491620112,240.0,1.6166666666666667,0.3,62.51912937496897,0.020041666666666666,0.841683366733467,27,1.9001242422882039,0.20354173891830654,1.3001242422882038,1.2947469992506702,1.0,Boids,0.00102442963625208
rubble,Boids,60,800,0.02,0.05,0.6,,14,0.3,0.2,2.0,20,0,0.5949720670391061,0.5800977653631285,0.7611731843575419,220.0,1.35,0.2833333333333333,62.56869688842578,0.017291666666666667,0.8554216867469879,28,2.2273058557920784,0.33257534520098153,1.6273058557920783,1.4691813983567323,1.0,Boids,0.0010396797399994284
rubble,Boids,60,800,0.02,0.05,0.6,,16,0.3,0.2,2.0,20,0,0.4965083798882682,0.5026885474860335,0.7472067039106145,220.0,1.5833333333333333,0.25,59.170197596925476,0.020395833333333332,0.7167338709677419,23,2.126331769082392,0.36852787939939924,1.5263317690823919,1.3433626615279737,1.0,Boids,0.0010088834887483245
rubble,Boids,60,800,0.02,0.05,0.6,,17,0.3,0.2,2.0,20,0,0.5181564245810056,0.5211941340782122,0.7583798882681564,240.0,1.3333333333333333,0.16666666666666666,59.09763742350874,0.0144375,0.7427427427427429,23,2.312613510717429,0.31420818664401784,1.7126135107174287,1.4937711792276476,1.0,Boids,0.0010314346362497418
rubble,Boids,60,800,0.02,0.05,0.6,,18,0.3,0.2,2.0,20,0,0.5174581005586593,0.5115572625698324,0.7625698324022346,260.0,1.6,0.3333333333333333,60.228877848680824,0.019625,0.7222222222222222,26,2.030426686587279,0.42660240078065553,1.4304266865872786,1.2174529398592275,1.0,Boids,0.001038001353749678
rubble,Boids,60,800,0.02,0.05,0.6,,19,0.3,0.2,2.0,20,0,0.4979050279329609,0.49640363128491616,0.7583798882681564,220.0,1.2833333333333334,0.11666666666666667,58.49534737621209,0.013895833333333333,0.7194752774974772,22,2.5584654762522994,0.5155466649658932,1.9584654762523,1.469312194598939,1.0,Boids,0.000993269479999981
rubble,Boids,60,800,0.02,0.05,0.6,,20,0.3,0.2,2.0,20,0,0.5831005586592178,0.5881284916201117,0.7660614525139665,240.0,1.3166666666666667,0.23333333333333334,64.0333312796571,0.018458333333333334,0.808325266214908,30,2.026314957280231,0.4291787221556412,1.4263149572802307,1.146876955419677,1.0,Boids,0.0010374968750011249
rubble,Boids,60,800,0.02,0.05,0.6,,21,0.3,0.2,2.0,20,0,0.5446927374301676,0.5449371508379888,0.7856145251396648,200.0,1.5333333333333334,0.21666666666666667,59.84739862967633,0.019729166666666666,0.7684729064039408,23,2.331590145427465,0.34882223655346745,1.7315901454274647,1.494913919671402,1.0,Boids,0.000999761615000807
rubble,Boids,60,800,0.02,0.05,0.6,,22,0.3,0.2,2.0,20,0,0.48463687150837986,0.47636173184357544,0.7625698324022346,180.0,1.35,0.11666666666666667,59.29085114368353,0.0155,0.6878097125867194,24,2.139140525788006,0.47722342327488015,1.539140525788006,1.3134155512442158,1.0,Boids,0.0010395596350008419
rubble,Boids,60,800,0.02,0.05,0.6,,23,0.3,0.2,2.0,20,0,0.4993016759776536,0.4906075418994414,0.7849162011173184,280.0,1.5833333333333333,0.16666666666666666,59.30988740942299,0.016854166666666667,0.6848659003831418,23,2.027429971900675,0.2556854213037842,1.4274299719006753,1.416077261376984,1.0,Boids,0.001023581353749705
rubble,Boids,60,800,0.02,0.05,0.6,,24,0.3,0.2,2.0,20,0,0.5544692737430168,0.5427374301675978,0.7569832402234636,200.0,1.6333333333333333,0.2,61.865663423265914,0.021458333333333333,0.8093781855249746,28,2.0220194778367144,0.40539557304656965,1.4220194778367146,1.2105972169456507,1.0,Boids,0.0010933300000010603
rubble,Boids,60,800,0.02,0.05,0.6,,25,0.3,0.2,2.0,20,0,0.5970670391061452,0.5975907821229052,0.7800279329608939,220.0,1.7166666666666666,0.35,65.45327594056202,0.020833333333333332,0.8349609374999999,32,1.8566002504655763,0.3579825365541107,1.2566002504655764,1.1280412850779054,1.0,Boids,0.001108716146250117
rubble,Boids,60,800,0.02,0.05,0.6,,26,0.3,0.2,2.0,20,0,0.46997206703910616,0.43519553072625705,0.7611731843575419,200.0,1.3,0.38333333333333336,56.5628246404117,0.013645833333333333,0.6723276723276723,20,2.3904375411535286,0.3683161291975259,1.7904375411535287,1.7255561538166106,1.0,Boids,0.0009887824474981244
apartment,Lloyd,60,800,0.02,0.05,0.0,,0,0.3,0.2,2.0,20,0,0.8736979166666666,0.8740885416666668,0.9205729166666666,260.0,2.0,0.03333333333333333,38.611666457162876,0.058104166666666665,,60,1.8222853310524711,0.34337552204759964,1.2222853310524715,1.3745393247171165,1.0,Lloyd,0.0006919076562485316
rubble,Boids,60,800,0.02,0.05,0.6,,27,0.3,0.2,2.0,20,0,0.49511173184357543,0.48722067039106143,0.7639664804469274,260.0,1.4166666666666667,0.3,58.29673412983972,0.0133125,0.6917073170731707,22,2.3400115990917962,0.3423680140838817,1.7400115990917966,1.4436625685647426,1.0,Boids,0.001009382291251768
rubble,Boids,60,800,0.02,0.05,0.6,,28,0.3,0.2,2.0,20,0,0.46368715083798884,0.4529329608938548,0.7681564245810056,180.0,1.3833333333333333,0.3,58.10092584589021,0.019395833333333334,0.6666666666666667,22,2.321534325625698,0.5010090319224569,1.7215343256256987,1.350390031116512,1.0,Boids,0.0010539176562497233
apartment,Lloyd,60,800,0.02,0.05,0.0,,1,0.3,0.2,2.0,20,0,0.8678385416666666,0.8657877604166668,0.9225260416666666,340.0,2.0833333333333335,0.1,39.790276405449156,0.07133333333333333,,60,1.8026473432804788,0.33049847554020334,1.202647343280479,1.2705959175691683,1.0,Lloyd,0.0007226215624996258
rubble,Boids,60,800,0.02,0.05,0.6,,29,0.3,0.2,2.0,20,0,0.4574022346368715,0.44472765363128486,0.75,220.0,1.35,0.23333333333333334,56.573814714486005,0.017208333333333332,0.6589537223340041,19,2.6604753703057678,0.6091043712259636,2.0604753703057685,1.416548044506765,1.0,Boids,0.001036638698749357
apartment,Lloyd,60,800,0.02,0.05,0.0,,2,0.3,0.2,2.0,20,0,0.90234375,0.8994466145833334,0.9375,260.0,1.75,0.13333333333333333,42.24381546531641,0.048604166666666664,,60,1.9330535959661508,0.28161419247085334,1.3330535959661503,1.489461447108283,1.0,Lloyd,0.0007301556774996242
apartment,Lloyd,60,800,0.02,0.05,0.0,,3,0.3,0.2,2.0,20,0,0.85546875,0.8545572916666666,0.9192708333333334,160.0,1.8166666666666667,0.03333333333333333,42.19884323758774,0.041791666666666664,,60,1.821513297891144,0.3276700184822913,1.221513297891144,1.2487217264798165,1.0,Lloyd,0.0007197514062499976
apartment,Lloyd,60,800,0.02,0.05,0.0,,4,0.3,0.2,2.0,20,0,0.8411458333333334,0.84208984375,0.9290364583333334,220.0,1.8,0.06666666666666667,40.91652894422587,0.0623125,,60,1.7701283591242691,0.4304236581528785,1.1701283591242693,0.8055315664814948,1.0,Lloyd,0.0007159659374997318
apartment,Lloyd,60,800,0.02,0.05,0.0,,5,0.3,0.2,2.0,20,0,0.8919270833333334,0.8869140624999998,0.935546875,340.0,2.1,0.06666666666666667,41.222656563879106,0.09860416666666667,,60,1.8765329078220987,0.252341061988646,1.2765329078220984,1.2750278242515274,1.0,Lloyd,0.0007527689062499121
apartment,Lloyd,60,800,0.02,0.05,0.0,,6,0.3,0.2,2.0,20,0,0.876953125,0.8770182291666666,0.9264322916666666,240.0,1.75,0.05,39.35343244594505,0.04375,,60,1.819212508938695,0.362603758911242,1.2192125089386943,1.3476497750354457,1.0,Lloyd,0.0007345265624985587
apartment,Lloyd,60,800,0.02,0.05,0.0,,7,0.3,0.2,2.0,20,0,0.8743489583333334,0.8745442708333332,0.9322916666666666,220.0,1.7833333333333334,0.03333333333333333,39.01059339513188,0.06210416666666667,,60,1.8754110343060633,0.3337130444047237,1.2754110343060636,1.4106637374349407,1.0,Lloyd,0.0006911562499999491
apartment,Lloyd,60,800,0.02,0.05,0.0,,8,0.3,0.2,2.0,20,0,0.8580729166666666,0.8575846354166667,0.9166666666666666,240.0,1.9166666666666667,0.1,39.22960362811697,0.07579166666666666,,60,1.7742284227000151,0.31695607526265973,1.1742284227000153,1.3135523363445407,1.0,Lloyd,0.0007686833849993491
apartment,Lloyd,60,800,0.02,0.05,0.0,,9,0.3,0.2,2.0,20,0,0.888671875,0.8890950520833334,0.9348958333333334,260.0,1.8666666666666667,0.016666666666666666,39.67396320331633,0.06616666666666667,,60,1.8911119292513048,0.3071122696518655,1.2911119292513045,1.3813667862721564,1.0,Lloyd,0.0007219593224999699
apartment,Lloyd,60,800,0.02,0.05,0.0,,10,0.3,0.2,2.0,20,0,0.8841145833333334,0.8838216145833334,0.9322916666666666,280.0,2.0,0.06666666666666667,42.563843758054304,0.057125,,60,1.8774229298963472,0.318149645638735,1.2774229298963473,1.1591594095870215,1.0,Lloyd,0.0007405548949986951
apartment,Lloyd,60,800,0.02,0.05,0.0,,11,0.3,0.2,2.0,20,0,0.8841145833333334,0.8823893229166666,0.939453125,240.0,1.8666666666666667,0.08333333333333333,41.19891569073614,0.04704166666666667,,60,1.8295675777755562,0.31951654909236865,1.229567577775556,1.2116804881831738,1.0,Lloyd,0.0007539340624998658
apartment,Lloyd,60,800,0.02,0.05,0.0,,12,0.3,0.2,2.0,20,0,0.8515625,0.8521158854166666,0.9114583333333334,200.0,1.55,0.03333333333333333,40.35814441783806,0.050708333333333334,,60,1.8059392840238888,0.2947935587809373,1.2059392840238892,1.0924025895172713,1.0,Lloyd,0.0007139106249996985
apartment,Lloyd,60,800,0.02,0.05,0.0,,13,0.3,0.2,2.0,20,0,0.8671875,0.866796875,0.9212239583333334,240.0,1.75,0.016666666666666666,40.90052578189739,0.060583333333333336,,60,1.8175771833767074,0.281057766895057,1.2175771833767077,1.244374377551661,1.0,Lloyd,0.0007219477612511583
apartment,Lloyd,60,800,0.02,0.05,0.0,,14,0.3,0.2,2.0,20,0,0.8841145833333334,0.87255859375,0.9309895833333334,280.0,1.7833333333333334,0.06666666666666667,41.98367189966665,0.043291666666666666,,60,1.8946794999975292,0.336474708948933,1.2946794999975295,1.1279410008532669,1.0,Lloyd,0.0007313246875014556
apartment,Lloyd,60,800,0.02,0.05,0.0,,16,0.3,0.2,2.0,20,0,0.8483072916666666,0.8475911458333334,0.908203125,200.0,1.9333333333333333,0.08333333333333333,41.078400553440964,0.0665625,,60,1.8063659969379873,0.40016135275140113,1.2063659969379876,1.1843564186989424,1.0,Lloyd,0.0007445198962500399
apartment,Lloyd,60,800,0.02,0.05,0.0,,15,0.3,0.2,2.0,20,0,0.8997395833333334,0.90029296875,0.9388020833333334,240.0,2.1,0.03333333333333333,41.248411299151066,0.06066666666666667,,60,1.8875622415839257,0.3109545941452008,1.2875622415839254,1.3480729839267518,1.0,Lloyd,0.0007682568750010432
apartment,Lloyd,60,800,0.02,0.05,0.0,,18,0.3,0.2,2.0,20,0,0.875,0.8746093750000001,0.9361979166666666,220.0,1.5666666666666667,0.016666666666666666,41.75952787808287,0.03654166666666667,,60,1.8177584570751557,0.3280702906482643,1.2177584570751563,1.0835751951169785,1.0,Lloyd,0.0006852258337517014
apartment,Lloyd,60,800,0.02,0.05,0.0,,17,0.3,0.2,2.0,20,0,0.9212239583333334,0.8985677083333334,0.9479166666666666,340.0,1.8,0.18333333333333332,42.08399602552302,0.06075,,60,1.894846031965135,0.25548203971864203,1.2948460319651354,1.2599640517612507,1.0,Lloyd,0.0007245460412491411
apartment,Lloyd,60,800,0.02,0.05,0.0,,19,0.3,0.2,2.0,20,0,0.87890625,0.8771484375,0.9283854166666666,220.0,1.7333333333333334,0.05,42.13537369824981,0.058333333333333334,,60,1.8524296924393637,0.3428832939223306,1.2524296924393636,1.3292147730775845,1.0,Lloyd,0.0007098954687489822
apartment,Lloyd,60,800,0.02,0.05,0.0,,20,0.3,0.2,2.0,20,0,0.802734375,0.80146484375,0.8880208333333334,180.0,1.8166666666666667,0.03333333333333333,41.54415662919416,0.058208333333333334,,60,1.8240349599757602,0.4112177941958956,1.2240349599757603,0.9661156113737229,1.0,Lloyd,0.0006877357287498853
apartment,Lloyd,60,800,0.02,0.05,0.0,,21,0.3,0.2,2.0,20,0,0.8854166666666666,0.8859049479166667,0.9309895833333334,260.0,1.7166666666666666,0.03333333333333333,40.827884111899216,0.07939583333333333,,60,1.8329574517633918,0.32607511574220505,1.232957451763392,1.2201628143340972,1.0,Lloyd,0.00072865890625053
apartment,Lloyd,60,800,0.02,0.05,0.0,,22,0.3,0.2,2.0,20,0,0.87890625,0.8794921875,0.9244791666666666,280.0,2.25,0.05,40.20264653320967,0.04560416666666667,,60,1.8636993652839133,0.3278548914518933,1.2636993652839137,1.3828334180620416,1.0,Lloyd,0.0007028071362515221
apartment,Lloyd,60,800,0.02,0.05,0.0,,23,0.3,0.2,2.0,20,0,0.892578125,0.88740234375,0.9368489583333334,220.0,1.7666666666666666,0.05,40.914142645763754,0.052958333333333336,,60,1.8364423043549212,0.30239241940711237,1.2364423043549209,1.4458239978305811,1.0,Lloyd,0.0007247307300008288
apartment,Lloyd,60,800,0.02,0.05,0.0,,24,0.3,0.2,2.0,20,0,0.8938802083333334,0.8918619791666664,0.9388020833333334,280.0,1.65,0.0,40.56315934435312,0.0624375,,60,1.85385393348344,0.30206849880253855,1.2538539334834407,1.3570787759742486,1.0,Lloyd,0.0007001396874989041
apartment,Lloyd,60,800,0.02,0.05,0.0,,25,0.3,0.2,2.0,20,0,0.8938802083333334,0.8944661458333332,0.9401041666666666,240.0,1.8666666666666667,0.05,41.53793179689987,0.050375,,60,1.8160323492756458,0.34563682508986004,1.2160323492756453,1.1980041550585474,1.0,Lloyd,0.0007088687500004198
apartment,Lloyd,60,800,0.02,0.05,0.0,,26,0.3,0.2,2.0,20,0,0.8854166666666666,0.8863606770833334,0.9303385416666666,300.0,2.216666666666667,0.0,41.14217947390396,0.054375,,60,1.8810704009440833,0.3281627390675268,1.2810704009440834,1.3304282952899575,1.0,Lloyd,0.0007157485937500497
apartment,Lloyd,60,800,0.02,0.05,0.0,,27,0.3,0.2,2.0,20,0,0.873046875,0.8710611979166668,0.9231770833333334,220.0,1.8166666666666667,0.016666666666666666,41.742789494364295,0.044770833333333336,,60,1.7879087403276335,0.32556207767065315,1.1879087403276334,1.2009747957973298,1.0,Lloyd,0.0007265027600010398
apartment,Lloyd,60,800,0.02,0.05,0.0,,28,0.3,0.2,2.0,20,0,0.8255208333333334,0.8263020833333332,0.9049479166666666,220.0,1.5666666666666667,0.03333333333333333,37.79947071507112,0.058208333333333334,,60,1.8090280829959817,0.42787742950858537,1.2090280829959819,0.8502541279308412,1.0,Lloyd,0.0007170920312501039
apartment,Lloyd,60,800,0.02,0.05,0.0,,29,0.3,0.2,2.0,20,0,0.8984375,0.89560546875,0.9388020833333334,220.0,1.8333333333333333,0.06666666666666667,42.49667490590205,0.05416666666666667,,60,1.8418550126908775,0.2772156153606905,1.2418550126908772,1.2778391945253351,1.0,Lloyd,0.0006824470312494669
apartment,Lloyd,60,800,0.02,0.05,0.2,,0,0.3,0.2,2.0,20,0,0.85546875,0.8442057291666666,0.9329427083333334,200.0,2.0,0.05,37.30273871466461,0.06277083333333333,1.0,47,2.1685357511145504,0.30546600654557543,1.5685357511145503,1.7691396575580067,1.0,Lloyd,0.0006860412499986524
apartment,Lloyd,60,800,0.02,0.05,0.2,,1,0.3,0.2,2.0,20,0,0.8717447916666666,0.8647786458333334,0.94140625,320.0,2.0166666666666666,0.06666666666666667,38.40830992992788,0.06989583333333334,1.0339768339768338,49,2.1048220495356738,0.32333050943464736,1.5048220495356741,1.55398987635225,1.0,Lloyd,0.000698897708750792
apartment,Lloyd,60,800,0.02,0.05,0.2,,2,0.3,0.2,2.0,20,0,0.880859375,0.8803385416666666,0.9309895833333334,240.0,1.75,0.11666666666666667,40.14648119969171,0.04816666666666667,1.0097014925373133,48,2.168373194193587,0.22577906894046837,1.568373194193587,1.6191471706260978,1.0,Lloyd,0.0006949203649992342
apartment,Lloyd,60,800,0.02,0.05,0.2,,3,0.3,0.2,2.0,20,0,0.833984375,0.8307942708333333,0.916015625,160.0,1.8166666666666667,0.03333333333333333,39.51097909761275,0.041791666666666664,0.9682539682539683,47,2.1913525133574527,0.26268142738538364,1.5913525133574529,1.4411143992444266,1.0,Lloyd,0.0007012293750017307
apartment,Lloyd,60,800,0.02,0.05,0.2,,4,0.3,0.2,2.0,20,0,0.892578125,0.8774088541666668,0.951171875,220.0,1.8,0.08333333333333333,39.74711927932306,0.05552083333333333,1.0627906976744186,49,2.1299314358470607,0.2943122613500878,1.5299314358470604,1.6365325868662794,1.0,Lloyd,0.0006977302087511816
apartment,Lloyd,60,800,0.02,0.05,0.2,,5,0.3,0.2,2.0,20,0,0.8046875,0.7994791666666666,0.93359375,220.0,2.1,0.4166666666666667,36.8225587636639,0.09525,0.9573973663826492,44,2.158955908008313,0.32843021806897604,1.558955908008314,1.4619568572526063,1.0,Lloyd,0.0006895819274996029
apartment,Lloyd,60,800,0.02,0.05,0.2,,6,0.3,0.2,2.0,20,0,0.8450520833333334,0.8370442708333332,0.9348958333333334,240.0,1.75,0.05,39.57061052759789,0.0435625,0.9629080118694363,46,2.1392902530324944,0.2923401177887838,1.5392902530324946,1.48768763559842,1.0,Lloyd,0.0006747892712496651
apartment,Lloyd,60,800,0.02,0.05,0.2,,7,0.3,0.2,2.0,20,0,0.8756510416666666,0.8717122395833334,0.9290364583333334,220.0,1.7833333333333334,0.03333333333333333,37.506245021738934,0.06210416666666667,1.001489203276247,47,2.1531116178768652,0.2421699453376046,1.5531116178768647,1.7676863578896875,1.0,Lloyd,0.0006819736974989609
apartment,Lloyd,60,800,0.02,0.05,0.2,,8,0.3,0.2,2.0,20,0,0.8522135416666666,0.8443033854166668,0.921875,240.0,1.8166666666666667,0.15,39.159850747698485,0.07554166666666666,0.993925588458618,49,2.025234148893995,0.26660782730627175,1.4252341488939955,1.379322023614698,1.0,Lloyd,0.000689335521249177
apartment,Lloyd,60,800,0.02,0.05,0.2,,9,0.3,0.2,2.0,20,0,0.8274739583333334,0.8277669270833332,0.93359375,260.0,1.8666666666666667,0.016666666666666666,38.21324671072139,0.06022916666666667,0.9318181818181818,45,2.0970818473278072,0.23437718871587704,1.4970818473278071,1.506391391168993,1.0,Lloyd,0.000734286823749244
apartment,Lloyd,60,800,0.02,0.05,0.2,,10,0.3,0.2,2.0,20,0,0.8333333333333334,0.8311848958333334,0.9388020833333334,280.0,1.9833333333333334,0.1,39.920093279510176,0.07175,0.9411764705882354,47,2.1228915499624095,0.30973199188245176,1.5228915499624094,1.291510985120242,1.0,Lloyd,0.0007283740624984602
apartment,Lloyd,60,800,0.02,0.05,0.2,,11,0.3,0.2,2.0,20,0,0.8587239583333334,0.85439453125,0.9361979166666666,240.0,1.8666666666666667,0.05,38.4671900471594,0.041291666666666664,0.9727138643067847,46,2.201129608002397,0.2568321846661341,1.601129608002397,1.431890844510297,1.0,Lloyd,0.0006663426037493991
apartment,Lloyd,60,800,0.02,0.05,0.2,,12,0.3,0.2,2.0,20,0,0.857421875,0.85458984375,0.9186197916666666,200.0,1.55,0.03333333333333333,37.19952981702141,0.050708333333333334,1.0068807339449541,49,2.0737123057427995,0.2633915327772134,1.4737123057427994,1.278614852186848,1.0,Lloyd,0.0006791042187478524
apartment,Lloyd,60,800,0.02,0.05,0.2,,13,0.3,0.2,2.0,20,0,0.8444010416666666,0.8382486979166666,0.93359375,240.0,1.75,0.05,37.66291427074248,0.06085416666666667,0.9773926149208741,46,2.173289355310695,0.3387752480939909,1.5732893553106952,1.8262539025567814,1.0,Lloyd,0.0007002374475018768
apartment,Lloyd,60,800,0.02,0.05,0.2,,14,0.3,0.2,2.0,20,0,0.794921875,0.7916666666666666,0.9290364583333334,240.0,1.7833333333333334,0.08333333333333333,37.822648126162974,0.043354166666666666,0.9285171102661597,43,2.2115419826301053,0.3308916128400343,1.6115419826301056,1.4685230032862027,1.0,Lloyd,0.0006774734900000112
apartment,Lloyd,60,800,0.02,0.05,0.2,,16,0.3,0.2,2.0,20,0,0.8235677083333334,0.8223307291666666,0.9270833333333334,200.0,1.9,0.08333333333333333,38.02118771977802,0.058375,0.9738260200153965,47,2.0478336998392,0.32387080693870257,1.4478336998391996,1.5215602031657203,1.0,Lloyd,0.0007096577087509104
apartment,Lloyd,60,800,0.02,0.05,0.2,,15,0.3,0.2,2.0,20,0,0.8678385416666666,0.8678385416666667,0.9466145833333334,240.0,1.8833333333333333,0.06666666666666667,40.683136443656466,0.059166666666666666,0.9638467100506146,53,1.9984841192603389,0.24239018612315877,1.3984841192603392,1.508635736442825,1.0,Lloyd,0.0007236075524997431
apartment,Lloyd,60,800,0.02,0.05,0.2,,17,0.3,0.2,2.0,20,0,0.8483072916666666,0.8419921875000002,0.9361979166666666,240.0,1.8,0.13333333333333333,39.60698296128964,0.0583125,0.9687732342007435,46,2.221768358199967,0.2583804328328094,1.621768358199968,1.6762691398592855,1.0,Lloyd,0.0007212991675010017
apartment,Lloyd,60,800,0.02,0.05,0.2,,18,0.3,0.2,2.0,20,0,0.865234375,0.8554036458333332,0.9348958333333334,200.0,1.5666666666666667,0.016666666666666666,41.125086305588745,0.03654166666666667,1.0098784194528876,52,2.040382836512453,0.377181255801895,1.440382836512452,1.2023145760857867,1.0,Lloyd,0.0007047020825007166
apartment,Lloyd,60,800,0.02,0.05,0.2,,19,0.3,0.2,2.0,20,0,0.8385416666666666,0.83583984375,0.9251302083333334,220.0,1.7333333333333334,0.05,38.720030042767014,0.058333333333333334,0.9561989606533036,45,2.1858247372784105,0.24791313142400206,1.585824737278411,1.5258681195585568,1.0,Lloyd,0.0007283330724999359
apartment,Lloyd,60,800,0.02,0.05,0.2,,20,0.3,0.2,2.0,20,0,0.8046875,0.8017903645833332,0.8873697916666666,180.0,1.8166666666666667,0.03333333333333333,40.14423558297531,0.058208333333333334,1.0073349633251834,52,1.988822570224928,0.38706164795586656,1.388822570224928,1.3051877087262351,1.0,Lloyd,0.0007968119787506112
apartment,Lloyd,60,800,0.02,0.05,0.2,,21,0.3,0.2,2.0,20,0,0.8828125,0.8728190104166668,0.9407552083333334,260.0,1.6166666666666667,0.03333333333333333,39.22026993307607,0.07772916666666667,1.0119402985074626,49,2.158769952531979,0.20583016570618745,1.5587699525319794,1.474820536021892,1.0,Lloyd,0.0007379838025008212
apartment,Lloyd,60,800,0.02,0.05,0.2,,22,0.3,0.2,2.0,20,0,0.8372395833333334,0.8291341145833334,0.9205729166666666,240.0,2.1333333333333333,0.05,38.651898619598164,0.04472916666666667,0.9683734939759037,44,2.2862952032900434,0.31823060363763983,1.6862952032900438,1.5764246105556414,1.0,Lloyd,0.0007570385425015047
apartment,Lloyd,60,800,0.02,0.05,0.2,,23,0.3,0.2,2.0,20,0,0.8522135416666666,0.8543945312500002,0.9401041666666666,220.0,1.7666666666666666,0.05,36.78537198213374,0.052958333333333336,0.9625,46,2.1623400838474467,0.2517160730108581,1.5623400838474466,1.5370506811973819,1.0,Lloyd,0.0007667940624992298
apartment,Lloyd,60,800,0.02,0.05,0.2,,24,0.3,0.2,2.0,20,0,0.8606770833333334,0.86015625,0.9401041666666666,260.0,1.65,0.0,38.77319181909874,0.0624375,0.9770879526977089,45,2.191460507557363,0.2766285015146891,1.5914605075573636,1.8310552396357966,1.0,Lloyd,0.0007522565625004063
apartment,Lloyd,60,800,0.02,0.05,0.2,,25,0.3,0.2,2.0,20,0,0.736328125,0.734375,0.9361979166666666,240.0,2.1666666666666665,0.05,40.058651148584424,0.0530625,0.8183791606367583,46,2.0422942403237077,0.49268661396661256,1.4422942403237073,1.239678790837714,1.0,Lloyd,0.0008088160937518296
apartment,Lloyd,60,800,0.02,0.05,0.2,,26,0.3,0.2,2.0,20,0,0.8489583333333334,0.8492513020833332,0.9290364583333334,300.0,2.216666666666667,0.0,41.040868536284734,0.05452083333333333,0.9644970414201184,52,1.9905923045050349,0.2715690380263639,1.3905923045050355,1.5507732398756435,1.0,Lloyd,0.0008056170837494391
apartment,Lloyd,60,800,0.02,0.05,0.2,,27,0.3,0.2,2.0,20,0,0.8684895833333334,0.8597981770833334,0.9361979166666666,220.0,1.8166666666666667,0.016666666666666666,39.92515068907975,0.044770833333333336,0.9947800149142432,52,2.031773010238702,0.29317189911989844,1.4317730102387027,1.3424989027520546,1.0,Lloyd,0.0007782466149978972
apartment,Lloyd,60,800,0.02,0.05,0.2,,28,0.3,0.2,2.0,20,0,0.8001302083333334,0.7974934895833334,0.921875,220.0,1.5666666666666667,0.05,37.22726071790554,0.065625,0.9669551534225019,51,1.9295461260368532,0.45147752761153875,1.329546126036853,1.1457626099751361,1.0,Lloyd,0.0007282026562484134
apartment,Lloyd,60,800,0.02,0.05,0.2,,29,0.3,0.2,2.0,20,0,0.86328125,0.8578125,0.9381510416666666,220.0,1.8333333333333333,0.05,38.733858745411226,0.05408333333333333,0.9643636363636364,46,2.1717309773506055,0.2722928427527227,1.571730977350606,1.5833791794291951,1.0,Lloyd,0.0006893118225002582
apartment,Lloyd,60,800,0.02,0.05,0.4,,0,0.3,0.2,2.0,20,0,0.740234375,0.7444661458333334,0.927734375,200.0,2.0,0.03333333333333333,33.95961242295071,0.058125,0.865296803652968,36,2.434469003127143,0.2940022372674954,1.8344690031271433,1.6177813485769459,1.0,Lloyd,0.0007112053125001694
apartment,Lloyd,60,800,0.02,0.05,0.4,,1,0.3,0.2,2.0,20,0,0.7513020833333334,0.7498372395833333,0.90625,320.0,2.0166666666666666,0.06666666666666667,34.33202839641066,0.0698125,0.8911196911196911,34,2.5431319663219076,0.2959660019045938,1.943131966321908,2.127733411820274,1.0,Lloyd,0.0006936131249995015
apartment,Lloyd,60,800,0.02,0.05,0.4,,2,0.3,0.2,2.0,20,0,0.8639322916666666,0.8598958333333334,0.935546875,240.0,1.75,0.11666666666666667,37.59949429932032,0.04816666666666667,0.9902985074626864,39,2.511115136291349,0.1719892973403229,1.9111151362913477,1.902134065300681,1.0,Lloyd,0.0006892011974991874
apartment,Lloyd,60,800,0.02,0.05,0.4,,3,0.3,0.2,2.0,20,0,0.73828125,0.73759765625,0.9153645833333334,160.0,1.8166666666666667,0.03333333333333333,36.526800387296994,0.042208333333333334,0.8571428571428571,36,2.44550441832556,0.27854510830046036,1.84550441832556,1.7704225405982719,1.0,Lloyd,0.000664796458750061
apartment,Lloyd,60,800,0.02,0.05,0.4,,4,0.3,0.2,2.0,20,0,0.7825520833333334,0.7683268229166667,0.9375,220.0,1.8,0.06666666666666667,35.67854208865571,0.05460416666666667,0.9317829457364342,34,2.752138991839953,0.24902281108642937,2.152138991839952,2.128917632251333,1.0,Lloyd,0.0006815926562489949
apartment,Lloyd,60,800,0.02,0.05,0.4,,5,0.3,0.2,2.0,20,0,0.7291666666666666,0.7156575520833333,0.9192708333333334,220.0,2.1,0.2,35.457939394557776,0.09483333333333334,0.8675445391169636,36,2.502661206554117,0.30945027483738036,1.9026612065541169,1.6568293995796517,1.0,Lloyd,0.0007315527612513506
apartment,Lloyd,60,800,0.02,0.05,0.4,,6,0.3,0.2,2.0,20,0,0.7408854166666666,0.7408203125000001,0.9270833333333334,240.0,1.75,0.05,34.072655266913834,0.043604166666666666,0.844213649851632,34,2.5619407556411735,0.3358825455778127,1.9619407556411743,2.1220215702268987,1.0,Lloyd,0.0007146496874997865
apartment,Lloyd,60,800,0.02,0.05,0.4,,7,0.3,0.2,2.0,20,0,0.8658854166666666,0.8579752604166666,0.9361979166666666,220.0,1.7833333333333334,0.2833333333333333,37.056333079487466,0.06322916666666667,0.990320178704393,41,2.382553535678569,0.1498236600683551,1.7825535356785691,1.8389422088500593,1.0,Lloyd,0.0007370517712502079
apartment,Lloyd,60,800,0.02,0.05,0.4,,8,0.3,0.2,2.0,20,0,0.6666666666666666,0.6652994791666667,0.91796875,240.0,1.8166666666666667,0.1,32.25853415746745,0.07447916666666667,0.7775246772968868,30,2.7025569558675837,0.31672338789552634,2.1025569558675823,1.831269874563708,1.0,Lloyd,0.000700707500000135
apartment,Lloyd,60,800,0.02,0.05,0.4,,9,0.3,0.2,2.0,20,0,0.7311197916666666,0.7290690104166666,0.9401041666666666,260.0,1.8666666666666667,0.03333333333333333,33.71481621092496,0.06025,0.8233137829912023,28,2.9316845390621666,0.20520406445765796,2.331684539062166,2.1742187730391898,1.0,Lloyd,0.000714109947500674
apartment,Lloyd,60,800,0.02,0.05,0.4,,10,0.3,0.2,2.0,20,0,0.7532552083333334,0.7455729166666667,0.9368489583333334,280.0,1.9833333333333334,0.08333333333333333,36.61423259156935,0.057104166666666664,0.8507352941176471,35,2.4501367029859438,0.2920735369727561,1.8501367029859435,1.8593764801663348,1.0,Lloyd,0.0006937422924988823
apartment,Lloyd,60,800,0.02,0.05,0.4,,11,0.3,0.2,2.0,20,0,0.8235677083333334,0.8193684895833334,0.9309895833333334,240.0,1.8666666666666667,0.05,36.08236990255497,0.04133333333333333,0.9328908554572272,37,2.4967694010631245,0.21390486990970856,1.8967694010631244,1.851719404837687,1.0,Lloyd,0.0006950247925010444
apartment,Lloyd,60,800,0.02,0.05,0.4,,12,0.3,0.2,2.0,20,0,0.7662760416666666,0.7604166666666667,0.9147135416666666,200.0,1.55,0.06666666666666667,35.90014694639368,0.0511875,0.8998470948012232,36,2.4232655939864522,0.2893139629748489,1.8232655939864526,1.6006218522306455,1.0,Lloyd,0.0006851101037500484
apartment,Lloyd,60,800,0.02,0.05,0.4,,13,0.3,0.2,2.0,20,0,0.7936197916666666,0.7777018229166666,0.923828125,240.0,1.75,0.36666666666666664,35.783928916168364,0.06370833333333334,0.9186134137151469,37,2.478706302229636,0.27907039311081144,1.8787063022296355,2.0145840282661998,1.0,Lloyd,0.0007165006762511439
apartment,Lloyd,60,800,0.02,0.05,0.4,,14,0.3,0.2,2.0,20,0,0.6341145833333334,0.6306640625000001,0.9290364583333334,240.0,1.7833333333333334,0.08333333333333333,34.63606914816292,0.043354166666666666,0.7406844106463879,27,2.7907461475160034,0.32600613184235283,2.1907461475160037,1.8901647820196668,1.0,Lloyd,0.0006827065099992069
apartment,Lloyd,60,800,0.02,0.05,0.4,,15,0.3,0.2,2.0,20,0,0.7799479166666666,0.7762369791666666,0.9368489583333334,240.0,1.8833333333333333,0.08333333333333333,35.9177808776318,0.059041666666666666,0.866232827187274,39,2.3366396929984026,0.28068620600343536,1.7366396929984034,1.9752469324486408,1.0,Lloyd,0.0007114737500000956
apartment,Lloyd,60,800,0.02,0.05,0.4,,16,0.3,0.2,2.0,20,0,0.728515625,0.7189778645833333,0.9140625,200.0,1.9,0.06666666666666667,34.78486513346414,0.058333333333333334,0.8614318706697459,31,2.689292970382898,0.31722945493682775,2.089292970382899,2.220579968820723,1.0,Lloyd,0.0006939693224990151
apartment,Lloyd,60,800,0.02,0.05,0.4,,17,0.3,0.2,2.0,20,0,0.748046875,0.7453776041666667,0.9348958333333334,240.0,1.8,0.13333333333333333,37.467504525106044,0.057979166666666665,0.854275092936803,34,2.49356842500709,0.27322511052258563,1.89356842500709,1.7832966011265445,1.0,Lloyd,0.0006810383325000657
apartment,Lloyd,60,800,0.02,0.05,0.4,,18,0.3,0.2,2.0,20,0,0.7604166666666666,0.7575520833333333,0.921875,200.0,1.5666666666666667,0.03333333333333333,37.16797916247935,0.036583333333333336,0.8875379939209725,39,2.329846886452254,0.3697638554186792,1.7298468864522545,1.5675742965824058,1.0,Lloyd,0.0006358205212495705
apartment,Lloyd,60,800,0.02,0.05,0.4,,19,0.3,0.2,2.0,20,0,0.7571614583333334,0.7461263020833333,0.92578125,220.0,1.7333333333333334,0.06666666666666667,35.91681873438059,0.058375,0.8634001484780995,31,2.8705899229328025,0.2290663342747469,2.2705899229328024,2.0421117747301376,1.0,Lloyd,0.0006274879162492653
apartment,Lloyd,60,800,0.02,0.05,0.4,,20,0.3,0.2,2.0,20,0,0.7884114583333334,0.7842122395833333,0.908203125,180.0,1.8166666666666667,0.03333333333333333,37.42017757257272,0.058208333333333334,0.986960065199674,43,2.1622534384976064,0.3499964165202589,1.5622534384976066,1.5348369751536644,1.0,Lloyd,0.0006822910412506645
apartment,Lloyd,60,800,0.02,0.05,0.4,,21,0.3,0.2,2.0,20,0,0.765625,0.7705729166666666,0.9205729166666666,260.0,1.6166666666666667,0.03333333333333333,35.31247695714862,0.07772916666666667,0.8776119402985074,34,2.6041828981800172,0.2980255300819116,2.0041828981800167,1.7897923686541222,1.0,Lloyd,0.0007108277599991198
apartment,Lloyd,60,800,0.02,0.05,0.4,,22,0.3,0.2,2.0,20,0,0.7858072916666666,0.77978515625,0.919921875,240.0,2.1333333333333333,0.11666666666666667,36.135218977039884,0.059270833333333335,0.9088855421686746,37,2.4811613485600756,0.30556191392129317,1.8811613485600767,1.8815402783678712,1.0,Lloyd,0.0007011535424999238
apartment,Lloyd,60,800,0.02,0.05,0.4,,23,0.3,0.2,2.0,20,0,0.7942708333333334,0.7918619791666667,0.9361979166666666,220.0,1.7666666666666666,0.05,34.75512215566002,0.052958333333333336,0.8970588235294118,37,2.512836512680016,0.29593302042617087,1.9128365126800162,1.8835181001709702,1.0,Lloyd,0.0006822270312500223
apartment,Lloyd,60,800,0.02,0.05,0.4,,25,0.3,0.2,2.0,20,0,0.701171875,0.6959635416666666,0.9381510416666666,240.0,1.8666666666666667,0.06666666666666667,37.592643840976294,0.051125,0.7793053545586107,35,2.481094942703203,0.39367340261935124,1.8810949427032035,1.488503288557284,1.0,Lloyd,0.0006669558325006619
apartment,Lloyd,60,800,0.02,0.05,0.4,,24,0.3,0.2,2.0,20,0,0.7819010416666666,0.7802083333333333,0.935546875,260.0,1.65,0.016666666666666666,34.85581382065432,0.06245833333333333,0.8876570583887656,33,2.571520034118885,0.22135788169761628,1.971520034118885,1.9436909251321648,1.0,Lloyd,0.0006789840624992394
apartment,Lloyd,60,800,0.02,0.05,0.4,,26,0.3,0.2,2.0,20,0,0.83203125,0.8264322916666668,0.927734375,300.0,2.216666666666667,0.2833333333333333,39.251852763155824,0.0554375,0.9452662721893491,42,2.3110311407908175,0.2644145946829106,1.711031140790817,1.6754083422771378,1.0,Lloyd,0.0006701311987490044
apartment,Lloyd,60,800,0.02,0.05,0.4,,27,0.3,0.2,2.0,20,0,0.7604166666666666,0.7634440104166667,0.9270833333333334,220.0,1.8166666666666667,0.016666666666666666,36.84195098317657,0.044770833333333336,0.8709917971662937,36,2.4588131396793225,0.21991993708414326,1.8588131396793226,1.8098839873679462,1.0,Lloyd,0.0006652450512501673
apartment,Lloyd,60,800,0.02,0.05,0.4,,28,0.3,0.2,2.0,20,0,0.7747395833333334,0.7446940104166667,0.9166666666666666,220.0,1.5666666666666667,0.05,36.440391716080136,0.058333333333333334,0.9362706530291109,39,2.4189805249998573,0.3461932618881526,1.8189805249998574,1.483841977378221,1.0,Lloyd,0.0006718283850000262
apartment,Lloyd,60,800,0.02,0.05,0.4,,29,0.3,0.2,2.0,20,0,0.7734375,0.7712565104166667,0.939453125,220.0,1.8333333333333333,0.06666666666666667,36.680158107073225,0.05414583333333333,0.864,36,2.4816572602485905,0.2901937966883545,1.8816572602485904,1.8588576262490268,1.0,Lloyd,0.0006800861975011685
apartment,Lloyd,60,800,0.02,0.05,0.6,,0,0.3,0.2,2.0,20,0,0.5807291666666666,0.5792317708333333,0.923828125,200.0,2.0,0.03333333333333333,30.580256932941197,0.058104166666666665,0.6788432267884322,23,2.843417103029205,0.3040433541180719,2.2434171030292056,2.0817549144360226,1.0,Lloyd,0.0006277083862505605
apartment,Lloyd,60,800,0.02,0.05,0.6,,1,0.3,0.2,2.0,20,0,0.6061197916666666,0.59921875,0.8984375,320.0,2.0166666666666666,0.08333333333333333,32.028474934427685,0.06997916666666666,0.7189189189189188,24,3.15898196958567,0.32833938140991037,2.55898196958567,2.4965010111239296,1.0,Lloyd,0.0006598456250003437
apartment,Lloyd,60,800,0.02,0.05,0.6,,2,0.3,0.2,2.0,20,0,0.6217447916666666,0.6173502604166666,0.9303385416666666,240.0,1.75,0.11666666666666667,32.86069871839588,0.04829166666666666,0.712686567164179,23,3.0495536836419395,0.2336163656287556,2.449553683641939,2.3211408478766846,1.0,Lloyd,0.0006573994787504489
apartment,Lloyd,60,800,0.02,0.05,0.6,,3,0.3,0.2,2.0,20,0,0.4615885416666667,0.4652669270833334,0.9134114583333334,160.0,1.8166666666666667,0.03333333333333333,30.381515558532545,0.041791666666666664,0.5359032501889645,17,3.4473358275768042,0.3755304703100547,2.8473358275768037,2.1831461808902675,1.0,Lloyd,0.000646355988749292
apartment,Lloyd,60,800,0.02,0.05,0.6,,4,0.3,0.2,2.0,20,0,0.5833333333333334,0.5845703125,0.931640625,220.0,1.8,0.06666666666666667,30.833228458010538,0.05466666666666667,0.6945736434108527,21,3.3904197307051454,0.26400576378073076,2.7904197307051453,2.980921140255659,1.0,Lloyd,0.0006776622912502716
apartment,Lloyd,60,800,0.02,0.05,0.6,,5,0.3,0.2,2.0,20,0,0.5397135416666666,0.5263346354166667,0.91796875,220.0,2.1,0.06666666666666667,30.334121606475506,0.09372916666666667,0.6421378776142525,22,3.22553222028594,0.41864759361177845,2.62553222028594,2.1590628287948803,1.0,Lloyd,0.0006759794274989872
apartment,Lloyd,60,800,0.02,0.05,0.6,,6,0.3,0.2,2.0,20,0,0.6236979166666666,0.621484375,0.9303385416666666,240.0,1.75,0.11666666666666667,32.84191565767154,0.050791666666666666,0.7106824925816023,25,2.878789206593272,0.32675618972135134,2.278789206593272,2.1940784774331603,1.0,Lloyd,0.000674554947499928
apartment,Lloyd,60,800,0.02,0.05,0.6,,7,0.3,0.2,2.0,20,0,0.7024739583333334,0.7093098958333333,0.9225260416666666,220.0,1.7833333333333334,0.03333333333333333,32.68355113119594,0.06210416666666667,0.8034251675353686,26,2.978716128596689,0.1462168592954133,2.3787161285966887,2.405944488017676,1.0,Lloyd,0.0006821580724999877
apartment,Lloyd,60,800,0.02,0.05,0.6,,8,0.3,0.2,2.0,20,0,0.607421875,0.6081380208333333,0.916015625,240.0,1.8166666666666667,0.1,30.650554797191813,0.07445833333333333,0.7084282460136674,23,3.1857198634008848,0.3085363634410208,2.585719863400885,2.525844960609245,1.0,Lloyd,0.0006572564587509078
apartment,Lloyd,60,800,0.02,0.05,0.6,,9,0.3,0.2,2.0,20,0,0.4466145833333333,0.4463541666666667,0.93359375,260.0,1.8666666666666667,0.05,29.7405003760084,0.060375,0.5029325513196481,15,3.86590589309926,0.3437656908128813,3.2659058930992595,2.6624778621795504,1.0,Lloyd,0.0006856393224984458
apartment,Lloyd,60,800,0.02,0.05,0.6,,11,0.3,0.2,2.0,20,0,0.6516927083333334,0.6488932291666667,0.9283854166666666,240.0,1.8666666666666667,0.06666666666666667,33.521279896281996,0.041291666666666664,0.7382005899705015,25,3.1091927517382327,0.23773691984999645,2.509192751738233,2.6737841078582294,1.0,Lloyd,0.0006567830212497938
apartment,Lloyd,60,800,0.02,0.05,0.6,,10,0.3,0.2,2.0,20,0,0.515625,0.51474609375,0.9322916666666666,280.0,2.0,0.06666666666666667,32.3844005690738,0.057125,0.5823529411764706,18,3.4973399138496784,0.2669558590479318,2.8973399138496787,2.644775517965411,1.0,Lloyd,0.0007094245312487147
apartment,Lloyd,60,800,0.02,0.05,0.6,,12,0.3,0.2,2.0,20,0,0.5364583333333334,0.5288411458333333,0.9108072916666666,200.0,1.55,0.03333333333333333,32.350335008827,0.05075,0.6299694189602447,19,3.4256094406453914,0.26590622767857264,2.8256094406453913,2.7091701969327047,1.0,Lloyd,0.0006869542712502153
apartment,Lloyd,60,800,0.02,0.05,0.6,,13,0.3,0.2,2.0,20,0,0.5859375,0.5810872395833333,0.9205729166666666,240.0,1.75,0.05,33.01703287064135,0.0606875,0.6782215523737755,25,2.956749501978128,0.34110051383408,2.356749501978128,2.6866978939803747,1.0,Lloyd,0.0006685924475004867
apartment,Lloyd,60,800,0.02,0.05,0.6,,14,0.3,0.2,2.0,20,0,0.3821614583333333,0.38701171875,0.9303385416666666,240.0,1.7833333333333334,0.06666666666666667,31.35594208744936,0.043291666666666666,0.4463878326996198,14,3.584222448971515,0.3429142929798716,2.9842224489715155,2.3915227338375913,1.0,Lloyd,0.0006818358337500285
apartment,Lloyd,60,800,0.02,0.05,0.6,,15,0.3,0.2,2.0,20,0,0.60546875,0.6037434895833333,0.9361979166666666,240.0,1.8833333333333333,0.03333333333333333,32.28162026334406,0.058833333333333335,0.6724511930585684,23,3.017072728770074,0.2796109849202728,2.417072728770073,2.167117664356584,1.0,Lloyd,0.0006805880212482407
apartment,Lloyd,60,800,0.02,0.05,0.6,,16,0.3,0.2,2.0,20,0,0.5703125,0.5646484375,0.9108072916666666,200.0,1.9,0.08333333333333333,31.750661894163837,0.058604166666666666,0.674364896073903,21,3.2864268685980087,0.3062595865696509,2.6864268685980086,2.3777836651457482,1.0,Lloyd,0.0006737483337496997
apartment,Lloyd,60,800,0.02,0.05,0.6,,17,0.3,0.2,2.0,20,0,0.62109375,0.6202473958333334,0.9303385416666666,240.0,1.8,0.15,33.711250565232085,0.0580625,0.7092936802973978,26,3.003545084498044,0.36485903630523264,2.403545084498045,2.348305947868967,1.0,Lloyd,0.0006614934899994296
apartment,Lloyd,60,800,0.02,0.05,0.6,,18,0.3,0.2,2.0,20,0,0.6321614583333334,0.6321289062500001,0.91796875,200.0,1.5666666666666667,0.3,33.092107416520676,0.0376875,0.7378419452887538,25,3.1991562568451197,0.3228347841327196,2.5991562568451188,2.6711261568310274,1.0,Lloyd,0.0006330297925001105
apartment,Lloyd,60,800,0.02,0.05,0.6,,19,0.3,0.2,2.0,20,0,0.6569010416666666,0.6487630208333334,0.9270833333333334,220.0,1.7333333333333334,0.06666666666666667,33.573335349419175,0.058729166666666666,0.7490720118782479,25,3.206729568074179,0.2771276203254707,2.606729568074179,2.3605758932620957,1.0,Lloyd,0.0006777286974988784
apartment,Lloyd,60,800,0.02,0.05,0.6,,20,0.3,0.2,2.0,20,0,0.712890625,0.7064778645833334,0.8893229166666666,180.0,1.8166666666666667,0.03333333333333333,35.25215583259106,0.05825,0.8924205378973105,32,2.609477028423394,0.3605762394347904,2.009477028423394,2.076240554579647,1.0,Lloyd,0.0007169050512493414
apartment,Lloyd,60,800,0.02,0.05,0.6,,21,0.3,0.2,2.0,20,0,0.5611979166666666,0.5571940104166666,0.9212239583333334,260.0,1.6166666666666667,0.05,30.96343875810612,0.07783333333333334,0.6432835820895522,21,3.34467644286593,0.34963786639540934,2.74467644286593,3.022325302073069,1.0,Lloyd,0.0006659692187508882
apartment,Lloyd,60,800,0.02,0.05,0.6,,22,0.3,0.2,2.0,20,0,0.6927083333333334,0.6883789062500001,0.9114583333333334,240.0,2.1333333333333333,0.05,34.78813219700067,0.04472916666666667,0.8012048192771084,29,2.755654234532683,0.26593376836306254,2.1556542345326832,2.2666259719323643,1.0,Lloyd,0.000652420156250173
apartment,Lloyd,60,800,0.02,0.05,0.6,,23,0.3,0.2,2.0,20,0,0.5553385416666666,0.5516927083333332,0.9342447916666666,220.0,1.7666666666666666,0.08333333333333333,32.284926352660506,0.05304166666666667,0.6272058823529412,22,3.313054212686649,0.3737753277784301,2.7130542126866497,2.412573390876976,1.0,Lloyd,0.0006938059887511372
apartment,Lloyd,60,800,0.02,0.05,0.6,,24,0.3,0.2,2.0,20,0,0.6295572916666666,0.6248046875,0.9375,260.0,1.65,0.0,32.242605144536135,0.07027083333333334,0.7147080561714708,23,3.2180825630833327,0.24595801790177768,2.6180825630833335,2.547500299924746,1.0,Lloyd,0.0006425658850002946
apartment,Lloyd,60,800,0.02,0.05,0.6,,25,0.3,0.2,2.0,20,0,0.591796875,0.58896484375,0.9375,240.0,1.8666666666666667,0.06666666666666667,34.22889846361248,0.050458333333333334,0.6577424023154848,25,2.8841850586103788,0.39454064567476843,2.2841850586103787,1.9890357543005845,1.0,Lloyd,0.0006540221875002317
apartment,Lloyd,60,800,0.02,0.05,0.6,,26,0.3,0.2,2.0,20,0,0.6458333333333334,0.646875,0.9309895833333334,300.0,2.216666666666667,0.0,34.57843221292471,0.054375,0.7337278106508875,29,2.689050763048136,0.3454522390064996,2.0890507630481356,2.146063210716151,1.0,Lloyd,0.0006533251037490117
apartment,Lloyd,60,800,0.02,0.05,0.6,,27,0.3,0.2,2.0,20,0,0.6575520833333334,0.6531250000000001,0.9225260416666666,220.0,1.8166666666666667,0.03333333333333333,33.31778350705896,0.04485416666666667,0.7531692766592096,24,3.0917750557167527,0.1906850877565277,2.491775055716753,2.278091334909937,1.0,Lloyd,0.0006608990112499668
apartment,Lloyd,60,800,0.02,0.05,0.6,,28,0.3,0.2,2.0,20,0,0.5625,0.5563802083333333,0.9108072916666666,220.0,1.5666666666666667,0.06666666666666667,31.620818897432308,0.058291666666666665,0.6797797010228166,23,3.125896153077043,0.379509765346692,2.5258961530770425,2.250666232871516,1.0,Lloyd,0.0006514948437506973
apartment,Lloyd,60,800,0.02,0.05,0.6,,29,0.3,0.2,2.0,20,0,0.5559895833333334,0.5518229166666668,0.939453125,220.0,1.8333333333333333,0.1,31.58120934764013,0.0541875,0.6210909090909091,20,3.4517893900670744,0.32508225909608246,2.8517893900670743,2.805226626883421,1.0,Lloyd,0.0006449618749979891
rubble,Lloyd,60,800,0.02,0.05,0.0,,0,0.3,0.2,2.0,20,0,0.5663407821229051,0.5647695530726258,0.5844972067039106,140.0,2.183333333333333,0.13333333333333333,37.4985064686131,0.05320833333333334,,60,1.4042127104219264,0.3611152167997151,0.8042127104219264,0.6991002840633537,1.0,Lloyd,0.0007455623437499525
rubble,Lloyd,60,800,0.02,0.05,0.0,,1,0.3,0.2,2.0,20,0,0.5300279329608939,0.5312150837988826,0.5698324022346368,100.0,1.8,0.06666666666666667,35.5645402705777,0.07341666666666667,,60,1.3678058213066204,0.5307289069229307,0.7678058213066201,0.517094222117447,0.9666666666666667,Lloyd,0.0007562557812502746
rubble,Lloyd,60,800,0.02,0.05,0.0,,2,0.3,0.2,2.0,20,0,0.5286312849162011,0.5295391061452516,0.5649441340782123,100.0,2.8333333333333335,0.1,38.99391920538401,0.07,,60,1.3392738051861381,0.5433138589740463,0.7392738051861379,0.5637265082279783,0.9333333333333333,Lloyd,0.0007682008849997146
rubble,Lloyd,60,800,0.02,0.05,0.0,,3,0.3,0.2,2.0,20,0,0.50768156424581,0.5079259776536313,0.5551675977653632,80.0,2.5166666666666666,0.5166666666666667,36.8493051274339,0.060208333333333336,,60,1.356024416636622,0.5755933573293,0.7560244166366221,0.5087018400916501,1.0,Lloyd,0.0007907107812502545
rubble,Lloyd,60,800,0.02,0.05,0.0,,4,0.3,0.2,2.0,20,0,0.5118715083798883,0.5105446927374302,0.5593575418994413,80.0,2.2666666666666666,0.08333333333333333,36.99385760770814,0.09552083333333333,,60,1.3193286230330017,0.595715584352999,0.7193286230330018,0.4900621044041221,0.9333333333333333,Lloyd,0.0008018208337489341
rubble,Lloyd,60,800,0.02,0.05,0.0,,6,0.3,0.2,2.0,20,0,0.5670391061452514,0.5679120111731845,0.5837988826815642,200.0,1.8166666666666667,0.11666666666666667,38.94771983173664,0.06952083333333334,,60,1.3735463738505798,0.3155445300655775,0.77354637385058,0.6459769914003709,1.0,Lloyd,0.0007673700524992455
rubble,Lloyd,60,800,0.02,0.05,0.0,,5,0.3,0.2,2.0,20,0,0.5628491620111732,0.5615223463687151,0.5865921787709497,200.0,1.9333333333333333,0.08333333333333333,38.87132913722416,0.11147916666666667,,60,1.3897573797747915,0.4089963792300795,0.7897573797747914,0.7347985213114534,0.9166666666666666,Lloyd,0.0007806877612506469
rubble,Lloyd,60,800,0.02,0.05,0.0,,7,0.3,0.2,2.0,20,0,0.5628491620111732,0.563617318435754,0.5837988826815642,140.0,1.8666666666666667,0.05,36.81728713317581,0.07354166666666667,,60,1.377623527472964,0.43300116529841254,0.777623527472964,0.6184290350198002,1.0,Lloyd,0.0007744978637515488
rubble,Lloyd,60,800,0.02,0.05,0.0,,8,0.3,0.2,2.0,20,0,0.5314245810055865,0.5300628491620112,0.5656424581005587,120.0,2.5166666666666666,0.016666666666666666,36.964899395250086,0.09575,,60,1.291781102317112,0.5894791258355624,0.6917811023171117,0.38308382866883806,0.9666666666666667,Lloyd,0.0007929628124998089
rubble,Lloyd,60,800,0.02,0.05,0.0,,9,0.3,0.2,2.0,20,0,0.505586592178771,0.5046787709497207,0.547486033519553,80.0,2.2,0.05,38.41213663799605,0.11508333333333333,,60,1.3265279620285042,0.5638134556966746,0.7265279620285043,0.5853631093204307,0.8666666666666667,Lloyd,0.0007571843749997242
rubble,Lloyd,60,800,0.02,0.05,0.0,,10,0.3,0.2,2.0,20,0,0.5593575418994413,0.5599511173184357,0.5803072625698324,120.0,1.8666666666666667,0.03333333333333333,38.623658946924124,0.058916666666666666,,60,1.3223443799407277,0.4033683023997967,0.7223443799407279,0.514058060919149,0.9333333333333333,Lloyd,0.0007690085937497315
rubble,Lloyd,60,800,0.02,0.05,0.0,,11,0.3,0.2,2.0,20,0,0.5349162011173184,0.5361033519553071,0.5677374301675978,140.0,2.4166666666666665,0.1,36.992053529635655,0.06941666666666667,,60,1.3678592165689507,0.42151240410877927,0.7678592165689504,0.5749307578282499,0.9666666666666667,Lloyd,0.0007828020837496297
rubble,Lloyd,60,800,0.02,0.05,0.0,,13,0.3,0.2,2.0,20,0,0.5314245810055865,0.5312499999999999,0.5691340782122905,120.0,2.316666666666667,0.05,39.152993637428764,0.12522916666666667,,60,1.3855729141502366,0.5359975494067574,0.7855729141502364,0.5929826462267731,0.9166666666666666,Lloyd,0.0007450041662514195
rubble,Lloyd,60,800,0.02,0.05,0.0,,12,0.3,0.2,2.0,20,0,0.571927374301676,0.5601256983240224,0.5858938547486033,320.0,1.9166666666666667,0.03333333333333333,37.94121608877517,0.05585416666666667,,60,1.380707999571832,0.35424954760912863,0.7807079995718323,0.6172458922305786,0.9666666666666667,Lloyd,0.0007862295312497736
rubble,Lloyd,60,800,0.02,0.05,0.0,,14,0.3,0.2,2.0,20,0,0.5097765363128491,0.5087988826815641,0.5586592178770949,80.0,2.1,0.15,36.14562203903214,0.076125,,60,1.3346777119294766,0.5532195171553091,0.7346777119294767,0.6002449479824388,0.9333333333333333,Lloyd,0.0007472722924990194
rubble,Lloyd,60,800,0.02,0.05,0.0,,15,0.3,0.2,2.0,20,0,0.49860335195530725,0.49891759776536304,0.539804469273743,100.0,2.8666666666666667,0.08333333333333333,37.592929771028494,0.08708333333333333,,60,1.322725599835004,0.542582793620597,0.7227255998350042,0.4751806799552426,0.9333333333333333,Lloyd,0.0007568898437489225
rubble,Lloyd,60,800,0.02,0.05,0.0,,16,0.3,0.2,2.0,20,0,0.5174581005586593,0.5166201117318436,0.5579608938547486,100.0,1.6833333333333333,0.016666666666666666,39.59139369812321,0.06985416666666666,,60,1.361341159023753,0.5398102911154259,0.761341159023753,0.6400236104843299,0.9666666666666667,Lloyd,0.0007742340625009092
rubble,Lloyd,60,800,0.02,0.05,0.0,,17,0.3,0.2,2.0,20,0,0.539804469273743,0.5400139664804471,0.5712290502793296,100.0,1.85,0.15,38.44837623340213,0.04852083333333333,,60,1.4016339906489248,0.49952405262969174,0.8016339906489248,0.6422651052273729,0.9666666666666667,Lloyd,0.0007816275525010497
rubble,Lloyd,60,800,0.02,0.05,0.0,,19,0.3,0.2,2.0,20,0,0.5412011173184358,0.5404329608938547,0.577513966480447,100.0,1.7,0.03333333333333333,37.03640586538432,0.04702083333333333,,60,1.3962867495062536,0.5084354352819488,0.7962867495062539,0.5844249252049533,1.0,Lloyd,0.0007540797387491693
rubble,Lloyd,60,800,0.02,0.05,0.0,,18,0.3,0.2,2.0,20,0,0.5272346368715084,0.5293645251396648,0.5691340782122905,100.0,2.3333333333333335,0.06666666666666667,37.980296088031906,0.07322916666666666,,60,1.3576479226749645,0.5037172732843296,0.7576479226749647,0.6115104667362491,1.0,Lloyd,0.000791927760001272
rubble,Lloyd,60,800,0.02,0.05,0.0,,20,0.3,0.2,2.0,20,0,0.5418994413407822,0.5418645251396648,0.5754189944134078,120.0,2.1166666666666667,0.1,37.16085990764921,0.07264583333333334,,60,1.433933139328162,0.502805278135864,0.8339331393281623,0.7350960262560938,0.9666666666666667,Lloyd,0.0007524413537498731
rubble,Lloyd,60,800,0.02,0.05,0.0,,21,0.3,0.2,2.0,20,0,0.5230446927374302,0.5217877094972068,0.5621508379888268,100.0,2.25,0.13333333333333333,34.6978194394358,0.13425,,60,1.3711046960490176,0.538517169765354,0.771104696049018,0.5933489126629476,0.9166666666666666,Lloyd,0.0007476791149997553
rubble,Lloyd,60,800,0.02,0.05,0.0,,22,0.3,0.2,2.0,20,0,0.5174581005586593,0.5167597765363128,0.5537709497206704,80.0,2.066666666666667,0.18333333333333332,34.812215708625644,0.1109375,,60,1.3261807819855729,0.5805210291935244,0.7261807819855726,0.4773753168503817,0.95,Lloyd,0.0007783010937487233
rubble,Lloyd,60,800,0.02,0.05,0.0,,23,0.3,0.2,2.0,20,0,0.5125698324022346,0.5057960893854749,0.5565642458100558,120.0,1.7333333333333334,0.03333333333333333,37.079647366522316,0.15245833333333333,,60,1.4091850507152393,0.5422702647869455,0.8091850507152392,0.6254544113609648,1.0,Lloyd,0.0007931345837505433
rubble,Lloyd,60,800,0.02,0.05,0.0,,24,0.3,0.2,2.0,20,0,0.48463687150837986,0.483659217877095,0.5363128491620112,80.0,1.8,0.1,37.64637082009718,0.07754166666666666,,60,1.3084993970356988,0.6058027991379441,0.7084993970356991,0.5423278040575491,1.0,Lloyd,0.0007952691662512734
rubble,Lloyd,60,800,0.02,0.05,0.0,,25,0.3,0.2,2.0,20,0,0.4860335195530726,0.48589385474860325,0.534217877094972,80.0,2.6,0.05,36.30461006322452,0.1175,,60,1.2896147067013228,0.6369760845465986,0.6896147067013226,0.46437105526969813,0.9,Lloyd,0.0007974663012510064
rubble,Lloyd,60,800,0.02,0.05,0.0,,26,0.3,0.2,2.0,20,0,0.49162011173184356,0.4919692737430168,0.5356145251396648,100.0,2.6166666666666667,0.06666666666666667,34.974796309461304,0.07979166666666666,,60,1.3162701622167272,0.6241331483736532,0.716270162216727,0.43773325231336424,0.9333333333333333,Lloyd,0.0007485119800003303
rubble,Lloyd,60,800,0.02,0.05,0.0,,27,0.3,0.2,2.0,20,0,0.5286312849162011,0.5263268156424581,0.5642458100558659,100.0,2.3333333333333335,0.08333333333333333,38.031772083796916,0.0429375,,60,1.3808474163525826,0.5220033478242329,0.7808474163525826,0.594507546857433,1.0,Lloyd,0.0007277576037517975
rubble,Lloyd,60,800,0.02,0.05,0.0,,28,0.3,0.2,2.0,20,0,0.5307262569832403,0.5293994413407823,0.5712290502793296,100.0,1.9,0.05,33.37374155002815,0.171625,,60,1.3744846937335098,0.56028474650536,0.7744846937335103,0.6065849282305625,0.85,Lloyd,0.0007798664062511307
rubble,Lloyd,60,800,0.02,0.05,0.2,,0,0.3,0.2,2.0,20,0,0.5544692737430168,0.553282122905028,0.5893854748603352,140.0,1.8333333333333333,0.11666666666666667,34.93623275981925,0.044895833333333336,0.9863354037267081,46,1.6117417984986055,0.3364368753004826,1.0117417984986061,0.7700774021684748,1.0,Lloyd,0.0006870468224997239
rubble,Lloyd,60,800,0.02,0.05,0.0,,29,0.3,0.2,2.0,20,0,0.4979050279329609,0.500977653631285,0.5565642458100558,100.0,2.5833333333333335,0.38333333333333336,33.69942370869073,0.20508333333333334,,60,1.3191416577116886,0.6227349697103812,0.719141657711688,0.5112042856720399,0.85,Lloyd,0.0007976379162505509
rubble,Lloyd,60,800,0.02,0.05,0.2,,1,0.3,0.2,2.0,20,0,0.5286312849162011,0.5268854748603352,0.5726256983240223,100.0,1.8,0.06666666666666667,34.12624364618771,0.05520833333333333,0.9908376963350787,49,1.5870061556524195,0.4420270944643998,0.9870061556524196,0.8695795119505195,1.0,Lloyd,0.0007009840099999565
rubble,Lloyd,60,800,0.02,0.05,0.2,,3,0.3,0.2,2.0,20,0,0.4790502793296089,0.4800977653631285,0.5551675977653632,80.0,1.95,0.5666666666666667,34.06534921754127,0.051,0.9436038514442916,44,1.6058487482271169,0.5115650202870629,1.005848748227117,0.8012472964426229,1.0,Lloyd,0.000717030207499647
rubble,Lloyd,60,800,0.02,0.05,0.2,,2,0.3,0.2,2.0,20,0,0.5335195530726257,0.5333100558659218,0.5726256983240223,100.0,2.1333333333333333,0.1,37.15046700699681,0.048541666666666664,1.0119205298013243,54,1.455439628826258,0.4365937779257718,0.8554396288262582,0.6538407676566309,1.0,Lloyd,0.0007372901562484913
rubble,Lloyd,60,800,0.02,0.05,0.2,,4,0.3,0.2,2.0,20,0,0.5083798882681564,0.5056215083798883,0.5649441340782123,80.0,1.8833333333333333,0.06666666666666667,34.36775436398873,0.06847916666666666,0.9972602739726028,48,1.5504672065432217,0.5100902930080347,0.9504672065432215,0.6561043321286038,1.0,Lloyd,0.000697183854999821
rubble,Lloyd,60,800,0.02,0.05,0.2,,6,0.3,0.2,2.0,20,0,0.5607541899441341,0.5589036312849162,0.5831005586592178,200.0,1.7666666666666666,0.11666666666666667,35.24346120785003,0.06847916666666666,0.985276073619632,45,1.6770406242041793,0.2703846464921124,1.0770406242041795,0.9498106183432767,1.0,Lloyd,0.0006631916662513504
rubble,Lloyd,60,800,0.02,0.05,0.2,,5,0.3,0.2,2.0,20,0,0.5607541899441341,0.561522346368715,0.5865921787709497,200.0,1.75,0.1,37.43712454859773,0.08070833333333334,0.9950433705080545,51,1.5242564049595781,0.34734435930188656,0.9242564049595784,0.8989136421710492,1.0,Lloyd,0.0007206751037483627
rubble,Lloyd,60,800,0.02,0.05,0.2,,7,0.3,0.2,2.0,20,0,0.5523743016759777,0.5493016759776534,0.5858938547486033,120.0,1.8833333333333333,0.05,36.29354232428598,0.059625,0.9801734820322181,50,1.5679111837425261,0.3129292333380345,0.9679111837425265,0.7856329942508459,1.0,Lloyd,0.0007066470837480666
rubble,Lloyd,60,800,0.02,0.05,0.2,,8,0.3,0.2,2.0,20,0,0.5314245810055865,0.5319134078212291,0.571927374301676,120.0,2.033333333333333,0.016666666666666666,35.09045810437166,0.07054166666666667,0.9986876640419947,48,1.5773638580788596,0.445596958698567,0.9773638580788596,0.6582272725669528,1.0,Lloyd,0.0007339051037502032
rubble,Lloyd,60,800,0.02,0.05,0.2,,9,0.3,0.2,2.0,20,0,0.5027932960893855,0.5022695530726258,0.5481843575418994,80.0,1.9166666666666667,0.06666666666666667,35.84408188179503,0.07639583333333333,0.9944751381215469,48,1.5284039656214896,0.47360561787535105,0.9284039656214897,0.7364528005288029,1.0,Lloyd,0.0007196807287482443
rubble,Lloyd,60,800,0.02,0.05,0.2,,10,0.3,0.2,2.0,20,0,0.5237430167597765,0.5242318435754191,0.5810055865921788,120.0,1.7,0.05,36.485626721473864,0.042,0.929368029739777,49,1.6083940066090063,0.4894072754245278,1.0083940066090062,0.7817600975156053,1.0,Lloyd,0.0007005132812491865
rubble,Lloyd,60,800,0.02,0.05,0.2,,11,0.3,0.2,2.0,20,0,0.5405027932960894,0.540782122905028,0.5768156424581006,140.0,2.066666666666667,0.1,36.719604855541434,0.05708333333333333,1.010443864229765,54,1.4354638447084835,0.38395401943669866,0.8354638447084837,0.6664365675947062,1.0,Lloyd,0.0007279819275004229
rubble,Lloyd,60,800,0.02,0.05,0.2,,12,0.3,0.2,2.0,20,0,0.5097765363128491,0.5091480446927373,0.5684357541899442,100.0,1.9166666666666667,0.03333333333333333,37.30308117902008,0.045083333333333336,0.9759358288770054,49,1.5502113382800264,0.5241659210376802,0.9502113382800264,0.7872967378329426,0.9591836734693877,Lloyd,0.0007330299487489356
rubble,Lloyd,60,800,0.02,0.05,0.2,,13,0.3,0.2,2.0,20,0,0.5195530726256983,0.5212290502793295,0.571927374301676,120.0,2.0166666666666666,0.08333333333333333,35.60540337864598,0.08333333333333333,0.9802371541501974,46,1.6606991020286421,0.5011600786900234,1.060699102028642,0.7757549593031692,1.0,Lloyd,0.0006849224475013216
rubble,Lloyd,60,800,0.02,0.05,0.2,,14,0.3,0.2,2.0,20,0,0.5167597765363129,0.5171089385474861,0.5635474860335196,80.0,1.9166666666666667,0.13333333333333333,34.90375269892927,0.06110416666666667,1.0150891632373116,49,1.5644045521699015,0.4628769568827217,0.9644045521699016,0.6472387375325023,1.0,Lloyd,0.0007080343224993157
rubble,Lloyd,60,800,0.02,0.05,0.2,,15,0.3,0.2,2.0,20,0,0.5293296089385475,0.5261173184357543,0.5677374301675978,100.0,2.35,0.08333333333333333,35.741985803630556,0.0611875,1.0631136044880787,48,1.589642142913549,0.43468925316400947,0.989642142913549,0.7141835311721138,1.0,Lloyd,0.0007111012499990465
rubble,Lloyd,60,800,0.02,0.05,0.2,,16,0.3,0.2,2.0,20,0,0.5041899441340782,0.4997905027932961,0.5621508379888268,100.0,1.5666666666666667,0.08333333333333333,36.00734794241777,0.05560416666666667,0.9756756756756757,44,1.665625859010892,0.4391703538269802,1.0656258590108922,0.7949887593936374,1.0,Lloyd,0.000699097708750287
rubble,Lloyd,60,800,0.02,0.05,0.2,,18,0.3,0.2,2.0,20,0,0.526536312849162,0.5243016759776535,0.5761173184357542,100.0,1.9833333333333334,0.1,34.5781327015803,0.06475,0.9960369881109643,43,1.6753879725726708,0.41569190269023953,1.0753879725726707,0.9125847505679671,1.0,Lloyd,0.000668006509999941
rubble,Lloyd,60,800,0.02,0.05,0.2,,17,0.3,0.2,2.0,20,0,0.571927374301676,0.5664455307262571,0.5886871508379888,100.0,1.65,0.1,36.64263619499416,0.0425,1.0581395348837208,49,1.5530932691131274,0.2514434498747371,0.9530932691131274,0.8786895991355722,1.0,Lloyd,0.000697895312498531
rubble,Lloyd,60,800,0.02,0.05,0.2,,19,0.3,0.2,2.0,20,0,0.5328212290502793,0.5333798882681564,0.5824022346368715,100.0,1.6166666666666667,0.05,34.84012516312442,0.042645833333333334,0.9819819819819818,51,1.5199620995391747,0.4617639396256983,0.9199620995391747,0.6849464286164325,1.0,Lloyd,0.0007256880737509163
rubble,Lloyd,60,800,0.02,0.05,0.2,,20,0.3,0.2,2.0,20,0,0.526536312849162,0.5261173184357542,0.5768156424581006,120.0,1.7666666666666666,0.11666666666666667,34.478333650448135,0.062125,0.9729032258064516,47,1.6772155454465352,0.4764611111579551,1.077215545446535,0.8620984664402503,1.0,Lloyd,0.0006940026562483582
rubble,Lloyd,60,800,0.02,0.05,0.2,,21,0.3,0.2,2.0,20,0,0.5272346368715084,0.5262569832402234,0.5726256983240223,100.0,1.9833333333333334,0.16666666666666666,33.84672864825831,0.08233333333333333,1.012064343163539,47,1.6258889015380484,0.41724503844035726,1.025888901538048,0.8879543481331565,1.0,Lloyd,0.0007047007287496853
rubble,Lloyd,60,800,0.02,0.05,0.2,,22,0.3,0.2,2.0,20,0,0.5062849162011173,0.5027583798882682,0.5607541899441341,80.0,1.95,0.18333333333333332,34.79147440168993,0.06904166666666667,0.9823848238482383,47,1.5615351962976571,0.5382573064912195,0.9615351962976572,0.645253816832679,1.0,Lloyd,0.0006804962499995782
rubble,Lloyd,60,800,0.02,0.05,0.2,,23,0.3,0.2,2.0,20,0,0.5314245810055865,0.521054469273743,0.571927374301676,80.0,1.8166666666666667,0.016666666666666666,32.87404914392983,0.12754166666666666,1.080965909090909,44,1.6862828637498033,0.45429806389685323,1.0862828637498032,0.8420601424706662,1.0,Lloyd,0.0007069646875015679
rubble,Lloyd,60,800,0.02,0.05,0.2,,24,0.3,0.2,2.0,20,0,0.5062849162011173,0.5017108938547488,0.5565642458100558,80.0,1.75,0.08333333333333333,36.0142802503131,0.06089583333333334,1.0431654676258992,48,1.5596927725887557,0.524658121967471,0.9596927725887557,0.6700770669221342,1.0,Lloyd,0.0007227866662515226
rubble,Lloyd,60,800,0.02,0.05,0.2,,25,0.3,0.2,2.0,20,0,0.48463687150837986,0.48271648044692733,0.5446927374301676,80.0,2.7666666666666666,0.2,35.04568451638043,0.0885,1.0,51,1.4825202987040618,0.5894332783069972,0.8825202987040621,0.6632649178477817,1.0,Lloyd,0.0007269874999997227
rubble,Lloyd,60,800,0.02,0.05,0.2,,27,0.3,0.2,2.0,20,0,0.5146648044692738,0.5114525139664804,0.571927374301676,100.0,1.8666666666666667,0.08333333333333333,35.302873898835585,0.03866666666666667,0.9748677248677249,41,1.7132863921457389,0.4648605004734578,1.113286392145739,0.9300579681309337,1.0,Lloyd,0.0006897136462498566
rubble,Lloyd,60,800,0.02,0.05,0.2,,26,0.3,0.2,2.0,20,0,0.5118715083798883,0.5103351955307263,0.5614525139664804,100.0,1.9166666666666667,0.06666666666666667,35.98806217803027,0.05610416666666666,1.0367751060820367,50,1.5207473638771682,0.5041103799979764,0.9207473638771687,0.688853421058753,1.0,Lloyd,0.0007445595312515252
rubble,Lloyd,60,800,0.02,0.05,0.2,,28,0.3,0.2,2.0,20,0,0.5237430167597765,0.5198673184357543,0.5837988826815642,100.0,2.066666666666667,0.05,33.49541074551606,0.1271875,0.9881422924901184,53,1.5105871686220562,0.509140426224422,0.9105871686220566,0.8563389870793557,0.9433962264150944,Lloyd,0.0007725266662487229
rubble,Lloyd,60,800,0.02,0.05,0.4,,0,0.3,0.2,2.0,20,0,0.5111731843575419,0.5123952513966481,0.5844972067039106,140.0,1.8333333333333333,0.13333333333333333,31.993872030226942,0.044833333333333336,0.9093167701863354,32,2.0270663364981556,0.29558946472698205,1.4270663364981555,1.1682265338002034,1.0,Lloyd,0.0006559453649992975
rubble,Lloyd,60,800,0.02,0.05,0.2,,29,0.3,0.2,2.0,20,0,0.5006983240223464,0.5008379888268156,0.5544692737430168,100.0,2.316666666666667,0.4166666666666667,33.20238523627163,0.14914583333333334,0.9986072423398329,52,1.4861767847966367,0.5538970749644196,0.8861767847966362,0.6752767772730873,0.9423076923076923,Lloyd,0.0007719358325016401
rubble,Lloyd,60,800,0.02,0.05,0.4,,1,0.3,0.2,2.0,20,0,0.5097765363128491,0.5094622905027933,0.5705307262569832,100.0,1.6833333333333333,0.45,31.157685161391743,0.054125,0.9554973821989529,36,1.8756252170698227,0.43954003323033725,1.2756252170698228,1.0535029309982402,1.0,Lloyd,0.0006809614062490254
rubble,Lloyd,60,800,0.02,0.05,0.4,,2,0.3,0.2,2.0,20,0,0.5146648044692738,0.5146648044692738,0.5642458100558659,100.0,2.1166666666666667,0.4666666666666667,32.11996795048841,0.049833333333333334,0.976158940397351,36,1.8432990838575765,0.40641852484644353,1.2432990838575766,1.0044663690447115,1.0,Lloyd,0.0006742060937494898
rubble,Lloyd,60,800,0.02,0.05,0.4,,3,0.3,0.2,2.0,20,0,0.48533519553072624,0.4709148044692738,0.5593575418994413,80.0,1.95,0.55,31.545074645176403,0.050854166666666666,0.9559834938101789,33,1.9309219263696256,0.38980383514893535,1.3309219263696257,1.2012565408264684,1.0,Lloyd,0.0006919874999994135
rubble,Lloyd,60,800,0.02,0.05,0.4,,4,0.3,0.2,2.0,20,0,0.5006983240223464,0.49965083798882687,0.5642458100558659,80.0,1.8833333333333333,0.08333333333333333,32.62445155622906,0.0668125,0.9821917808219178,37,1.8171979336728057,0.46665905194054863,1.2171979336728056,0.9693677899028214,1.0,Lloyd,0.0006873900512505316
rubble,Lloyd,60,800,0.02,0.05,0.4,,5,0.3,0.2,2.0,20,0,0.5146648044692738,0.5146298882681565,0.5865921787709497,200.0,1.4833333333333334,0.08333333333333333,31.50503729685939,0.07720833333333334,0.9132589838909542,38,1.7880831649186466,0.4414930578935306,1.1880831649186467,0.9284186098170101,1.0,Lloyd,0.0006806790099994942
rubble,Lloyd,60,800,0.02,0.05,0.4,,6,0.3,0.2,2.0,20,0,0.50768156424581,0.5056564245810057,0.5837988826815642,200.0,1.7666666666666666,0.13333333333333333,33.06141876105717,0.0690625,0.8920245398773006,36,1.9438070205740265,0.41143382614315216,1.3438070205740267,1.1105151129404471,1.0,Lloyd,0.0006583722912500889
rubble,Lloyd,60,800,0.02,0.05,0.4,,7,0.3,0.2,2.0,20,0,0.5118715083798883,0.5112430167597766,0.5879888268156425,120.0,1.8833333333333333,0.25,33.53153312246105,0.0603125,0.9083023543990086,41,1.69088474509543,0.4316989273073736,1.0908847450954304,0.8522060246791078,1.0,Lloyd,0.0006867447400009042
rubble,Lloyd,60,800,0.02,0.05,0.4,,8,0.3,0.2,2.0,20,0,0.5251396648044693,0.5209846368715083,0.5803072625698324,120.0,1.9,0.08333333333333333,31.907219913981198,0.06858333333333333,0.9868766404199476,36,1.8954175320828088,0.3549573533284811,1.2954175320828092,1.1629687670458353,1.0,Lloyd,0.0006582460937488577
rubble,Lloyd,60,800,0.02,0.05,0.4,,9,0.3,0.2,2.0,20,0,0.48044692737430167,0.4781075418994414,0.5544692737430168,80.0,1.7833333333333334,0.06666666666666667,31.182801407695685,0.07279166666666667,0.9502762430939226,33,1.9835523151205698,0.4170012374954478,1.3835523151205698,1.1131366597343844,1.0,Lloyd,0.0006518742187495263
rubble,Lloyd,60,800,0.02,0.05,0.4,,10,0.3,0.2,2.0,20,0,0.5153631284916201,0.5125349162011172,0.5831005586592178,120.0,1.6666666666666667,0.05,32.63726785656671,0.041125,0.9144981412639406,36,1.8750644080299008,0.47077359800283103,1.2750644080299012,1.0692160395932118,1.0,Lloyd,0.0006816320312509561
rubble,Lloyd,60,800,0.02,0.05,0.4,,11,0.3,0.2,2.0,20,0,0.5488826815642458,0.5441689944134078,0.577513966480447,140.0,2.0166666666666666,0.11666666666666667,33.54815535267365,0.05625,1.0261096605744127,43,1.6599821548181652,0.29218518546610445,1.0599821548181652,0.9224877691662091,1.0,Lloyd,0.0006994905212491176
rubble,Lloyd,60,800,0.02,0.05,0.4,,12,0.3,0.2,2.0,20,0,0.5167597765363129,0.5114175977653631,0.5761173184357542,100.0,1.8833333333333333,0.06666666666666667,33.80774036394778,0.042104166666666665,0.9893048128342247,39,1.809871968951886,0.4265193736513304,1.2098719689518866,0.9251831252868222,1.0,Lloyd,0.0006980320825005037
rubble,Lloyd,60,800,0.02,0.05,0.4,,13,0.3,0.2,2.0,20,0,0.5097765363128491,0.5016759776536313,0.5768156424581006,120.0,1.9833333333333334,0.03333333333333333,31.574865349498896,0.08285416666666667,0.9617918313570486,31,2.0841153656394185,0.3268841188704231,1.4841153656394184,1.2054508806437738,1.0,Lloyd,0.0006592685937494025
rubble,Lloyd,60,800,0.02,0.05,0.4,,15,0.3,0.2,2.0,20,0,0.5230446927374302,0.518645251396648,0.5691340782122905,100.0,2.3333333333333335,0.1,33.193109914605806,0.061,1.050490883590463,37,1.8557773329691027,0.3705803424806867,1.2557773329691024,1.023458766893878,1.0,Lloyd,0.0006430640100006712
rubble,Lloyd,60,800,0.02,0.05,0.4,,14,0.3,0.2,2.0,20,0,0.49860335195530725,0.49937150837988814,0.5614525139664804,80.0,1.9166666666666667,0.2,32.94995457106352,0.06166666666666667,0.9794238683127572,38,1.7856136142778147,0.4944373950361004,1.1856136142778149,0.9642365881827002,1.0,Lloyd,0.000685127968749839
rubble,Lloyd,60,800,0.02,0.05,0.4,,16,0.3,0.2,2.0,20,0,0.5125698324022346,0.4943086592178771,0.5670391061452514,100.0,1.5833333333333333,0.03333333333333333,32.20624951458693,0.05545833333333333,0.9918918918918919,29,2.271734864391992,0.32410341627754274,1.6717348643919927,1.5490130561723112,1.0,Lloyd,0.0006802693750000799
rubble,Lloyd,60,800,0.02,0.05,0.4,,17,0.3,0.2,2.0,20,0,0.5062849162011173,0.5052374301675977,0.5712290502793296,100.0,1.65,0.1,32.640938268663504,0.042208333333333334,0.9366925064599482,34,1.9958350174499604,0.37603514453529313,1.3958350174499603,1.186740747824248,1.0,Lloyd,0.0006674140625000291
rubble,Lloyd,60,800,0.02,0.05,0.4,,18,0.3,0.2,2.0,20,0,0.5041899441340782,0.5024441340782123,0.5747206703910615,100.0,1.9833333333333334,0.5,31.681555159276915,0.0670625,0.9537648612945839,32,2.010188104541115,0.3861330815953119,1.410188104541115,1.2024291542806564,1.0,Lloyd,0.0006524032287506998
rubble,Lloyd,60,800,0.02,0.05,0.4,,19,0.3,0.2,2.0,20,0,0.4972067039106145,0.49717178770949727,0.5817039106145251,100.0,1.55,0.21666666666666667,32.076252905003216,0.042166666666666665,0.9163449163449162,33,2.040364786066637,0.3964297108719442,1.4403647860666366,1.1943230715252189,1.0,Lloyd,0.0006539423437516234
rubble,Lloyd,60,800,0.02,0.05,0.4,,20,0.3,0.2,2.0,20,0,0.5146648044692738,0.5100558659217876,0.5754189944134078,120.0,1.7833333333333334,0.1,31.31261001729835,0.0620625,0.9509677419354838,32,2.0641385945994486,0.3494133842741437,1.4641385945994485,1.2722951645850151,1.0,Lloyd,0.0006430377087485794
rubble,Lloyd,60,800,0.02,0.05,0.4,,21,0.3,0.2,2.0,20,0,0.5195530726256983,0.5186103351955307,0.5698324022346368,100.0,1.9833333333333334,0.16666666666666666,30.468714066943573,0.0824375,0.9973190348525469,36,1.9847408770711756,0.3297935636325549,1.3847408770711753,1.1957455462072883,1.0,Lloyd,0.0006627726037504544
rubble,Lloyd,60,800,0.02,0.05,0.4,,22,0.3,0.2,2.0,20,0,0.5048882681564246,0.5026536312849161,0.5565642458100558,80.0,1.95,0.16666666666666666,32.48431002370234,0.0685,0.9796747967479675,39,1.7723133040158332,0.43262306380423005,1.172313304015833,0.9259181725542492,1.0,Lloyd,0.0006697281774995645
rubble,Lloyd,60,800,0.02,0.05,0.4,,23,0.3,0.2,2.0,20,0,0.5153631284916201,0.504504189944134,0.5642458100558659,80.0,1.6166666666666667,0.05,29.673492249044703,0.1231875,1.0482954545454546,34,2.0213858380403513,0.3854170321884927,1.4213858380403515,1.2156073538513932,1.0,Lloyd,0.0006766287499999635
rubble,Lloyd,60,800,0.02,0.05,0.4,,24,0.3,0.2,2.0,20,0,0.4797486033519553,0.47716480446927373,0.5502793296089385,80.0,1.7,0.11666666666666667,32.34046168139045,0.0608125,0.9884892086330935,34,1.9246038812908381,0.45694549231178194,1.3246038812908378,0.9479874610182352,1.0,Lloyd,0.0006914940625006239
rubble,Lloyd,60,800,0.02,0.05,0.4,,25,0.3,0.2,2.0,20,0,0.486731843575419,0.47908519553072615,0.5558659217877095,80.0,2.183333333333333,0.05,31.738074637727127,0.0763125,1.0043227665706052,37,1.8334584356143435,0.5075109342107579,1.2334584356143434,0.853242239432099,1.0,Lloyd,0.0006825590624998767
rubble,Lloyd,60,800,0.02,0.05,0.4,,26,0.3,0.2,2.0,20,0,0.4937150837988827,0.48421787709497205,0.5537709497206704,100.0,1.8,0.08333333333333333,31.36350111068969,0.051291666666666666,1.0,35,1.9498862720950245,0.3686761876088488,1.3498862720950244,1.177373311357039,1.0,Lloyd,0.0006814222912498735
rubble,Lloyd,60,800,0.02,0.05,0.4,,27,0.3,0.2,2.0,20,0,0.4797486033519553,0.47604748603351954,0.5670391061452514,100.0,1.8666666666666667,0.1,29.51700939051705,0.03870833333333333,0.9087301587301586,26,2.28183089661252,0.4347697859421405,1.6818308966125204,1.553273507570578,1.0,Lloyd,0.0006114811462498437
rubble,Lloyd,60,800,0.02,0.05,0.4,,28,0.3,0.2,2.0,20,0,0.4993016759776536,0.4989874301675978,0.5740223463687151,100.0,1.75,0.08333333333333333,32.319191833251345,0.10645833333333334,0.9420289855072462,39,1.7812232008476205,0.527504954261749,1.1812232008476207,0.9201577059632943,1.0,Lloyd,0.0006847334899998714
rubble,Lloyd,60,800,0.02,0.05,0.6,,0,0.3,0.2,2.0,20,0,0.4622905027932961,0.46211592178770944,0.5844972067039106,140.0,1.8333333333333333,0.13333333333333333,27.78362862658198,0.04485416666666667,0.822360248447205,21,2.621532066487601,0.30529999381693174,2.021532066487601,2.0257682875538388,1.0,Lloyd,0.0006174293750018478
rubble,Lloyd,60,800,0.02,0.05,0.4,,29,0.3,0.2,2.0,20,0,0.5069832402234636,0.50195530726257,0.5691340782122905,100.0,2.0,0.5333333333333333,29.513220254013696,0.12102083333333333,1.0111420612813369,33,2.0020275839728057,0.3801455416117203,1.4020275839728062,1.1890456144887627,1.0,Lloyd,0.0007093081250013711
rubble,Lloyd,60,800,0.02,0.05,0.6,,1,0.3,0.2,2.0,20,0,0.49162011173184356,0.48781424581005595,0.5726256983240223,100.0,1.6666666666666667,0.38333333333333336,27.246557853416082,0.05391666666666667,0.9214659685863874,22,2.5224616279382497,0.2278707914071959,1.9224616279382503,1.7796283533621144,1.0,Lloyd,0.0006196309899996776
rubble,Lloyd,60,800,0.02,0.05,0.6,,2,0.3,0.2,2.0,20,0,0.4979050279329609,0.49828910614525135,0.5677374301675978,100.0,2.1166666666666667,0.15,28.61582453001138,0.04870833333333333,0.9443708609271523,24,2.492615261714835,0.32545470001588617,1.8926152617148342,1.7493611645786518,1.0,Lloyd,0.0006314621349997651
rubble,Lloyd,60,800,0.02,0.05,0.6,,3,0.3,0.2,2.0,20,0,0.4504189944134078,0.42311452513966474,0.5607541899441341,80.0,1.95,0.26666666666666666,28.089497740831213,0.050020833333333334,0.8872077028885833,19,2.665412112025759,0.290417650361502,2.0654121120257583,1.8547435937559524,1.0,Lloyd,0.0006577678124995146
rubble,Lloyd,60,800,0.02,0.05,0.6,,4,0.3,0.2,2.0,20,0,0.46717877094972066,0.4622905027932961,0.5621508379888268,80.0,1.8666666666666667,0.08333333333333333,30.629838280058753,0.06683333333333333,0.9164383561643836,29,2.0195327903054037,0.4017996456659358,1.4195327903054036,1.192275704388436,1.0,Lloyd,0.0006329202087499653
rubble,Lloyd,60,800,0.02,0.05,0.6,,6,0.3,0.2,2.0,20,0,0.44343575418994413,0.44109636871508373,0.585195530726257,200.0,1.7666666666666666,0.48333333333333334,29.003635599550936,0.07604166666666666,0.7791411042944786,22,2.5853555860214037,0.41694475669535147,1.9853555860214036,1.5786089106353645,1.0,Lloyd,0.0006224560412488245
rubble,Lloyd,60,800,0.02,0.05,0.6,,5,0.3,0.2,2.0,20,0,0.4650837988826816,0.46599162011173184,0.5865921787709497,200.0,1.4833333333333334,0.11666666666666667,28.366733957114548,0.07710416666666667,0.8252788104089219,25,2.336115821879832,0.4330999490166483,1.7361158218798323,1.4819431814736208,1.0,Lloyd,0.0006972279687488481
rubble,Lloyd,60,800,0.02,0.05,0.6,,7,0.3,0.2,2.0,20,0,0.48393854748603354,0.4833798882681564,0.5865921787709497,120.0,1.8666666666666667,0.21666666666666667,31.094800514880507,0.06004166666666667,0.8587360594795539,30,2.0330023972088833,0.3519845174682466,1.433002397208883,1.2503002149432851,1.0,Lloyd,0.0006402693237487256
rubble,Lloyd,60,800,0.02,0.05,0.6,,8,0.3,0.2,2.0,20,0,0.4594972067039106,0.4541201117318436,0.571927374301676,120.0,1.8833333333333333,0.03333333333333333,28.639718888039663,0.06833333333333333,0.8635170603674541,22,2.570312563989068,0.33698228644507894,1.9703125639890677,1.749178370789583,1.0,Lloyd,0.0005897121349994449
rubble,Lloyd,60,800,0.02,0.05,0.6,,9,0.3,0.2,2.0,20,0,0.40083798882681565,0.39856843575418993,0.5460893854748603,80.0,1.7833333333333334,0.05,26.587105322619216,0.07308333333333333,0.792817679558011,16,2.776505650730723,0.27956276874415037,2.1765056507307223,1.9263246210708926,1.0,Lloyd,0.0006113488012488233
rubble,Lloyd,60,800,0.02,0.05,0.6,,10,0.3,0.2,2.0,20,0,0.47067039106145253,0.46396648044692734,0.585195530726257,120.0,1.65,0.48333333333333334,30.09670552626698,0.042520833333333334,0.8351920693928129,24,2.3690818471458184,0.37588669470062586,1.7690818471458185,1.655334414138129,1.0,Lloyd,0.0006393356762509939
rubble,Lloyd,60,800,0.02,0.05,0.6,,11,0.3,0.2,2.0,20,0,0.5006983240223464,0.4772346368715083,0.5768156424581006,140.0,2.0,0.15,28.94420841099287,0.056479166666666664,0.9360313315926894,25,2.3926872784733266,0.3086117308104062,1.7926872784733265,1.6926933154648474,1.0,Lloyd,0.0006306732812504379
rubble,Lloyd,60,800,0.02,0.05,0.6,,12,0.3,0.2,2.0,20,0,0.4664804469273743,0.45946229050279336,0.5684357541899442,100.0,1.8666666666666667,0.03333333333333333,30.161398938366936,0.04164583333333333,0.893048128342246,24,2.3050841120490113,0.3476971845304533,1.7050841120490112,1.485217545156373,1.0,Lloyd,0.0006535662500004947
rubble,Lloyd,60,800,0.02,0.05,0.6,,13,0.3,0.2,2.0,20,0,0.45251396648044695,0.44221368715083803,0.5726256983240223,120.0,1.9833333333333334,0.03333333333333333,29.281584065044054,0.08285416666666667,0.8537549407114624,20,2.605308785925252,0.2868437192453508,2.0053087859252514,1.815868248752808,1.0,Lloyd,0.000671070988748852
rubble,Lloyd,60,800,0.02,0.05,0.6,,14,0.3,0.2,2.0,20,0,0.513268156424581,0.506354748603352,0.5740223463687151,80.0,1.9166666666666667,0.15,28.86986990136361,0.06114583333333334,1.0082304526748973,27,2.2967888978075925,0.3306482138642083,1.6967888978075925,1.582848524717237,1.0,Lloyd,0.0006590265625004576
rubble,Lloyd,60,800,0.02,0.05,0.6,,15,0.3,0.2,2.0,20,0,0.46787709497206703,0.4630586592178772,0.5425977653631285,100.0,2.3333333333333335,0.1,28.931948467411093,0.061375,0.9396914446002805,23,2.433557354434897,0.3093713049623234,1.8335573544348964,1.81738075098187,1.0,Lloyd,0.0006730851049996999
rubble,Lloyd,60,800,0.02,0.05,0.6,,16,0.3,0.2,2.0,20,0,0.4245810055865922,0.41354748603351943,0.5628491620111732,100.0,1.5666666666666667,0.016666666666666666,27.60498890020613,0.05552083333333333,0.8216216216216216,18,2.674311571841043,0.3268200724806987,2.0743115718410428,1.8287562322380342,1.0,Lloyd,0.0006375531762500941
rubble,Lloyd,60,800,0.02,0.05,0.6,,17,0.3,0.2,2.0,20,0,0.4762569832402235,0.4607192737430167,0.5782122905027933,100.0,1.65,0.11666666666666667,29.420756006677454,0.0433125,0.8811369509043927,22,2.607947011758582,0.3158179829729472,2.007947011758582,1.7887444423557388,1.0,Lloyd,0.0006273328649990617
rubble,Lloyd,60,800,0.02,0.05,0.6,,18,0.3,0.2,2.0,20,0,0.4574022346368715,0.44912709497206704,0.5705307262569832,100.0,1.9833333333333334,0.08333333333333333,28.334388523734,0.06470833333333334,0.8652575957727873,19,2.7254447506875827,0.25579552870364575,2.125444750687582,1.7970520971174069,1.0,Lloyd,0.0006211974999996528
rubble,Lloyd,60,800,0.02,0.05,0.6,,19,0.3,0.2,2.0,20,0,0.48324022346368717,0.4775488826815642,0.5803072625698324,100.0,1.55,0.03333333333333333,29.8314654995878,0.04139583333333333,0.8906048906048906,23,2.4965440941855648,0.3171277472426822,1.8965440941855645,1.7433752640186562,1.0,Lloyd,0.0006385555725000814
rubble,Lloyd,60,800,0.02,0.05,0.6,,20,0.3,0.2,2.0,20,0,0.4685754189944134,0.4650837988826816,0.5768156424581006,120.0,1.7666666666666666,0.11666666666666667,27.614492795977274,0.06208333333333333,0.8658064516129031,21,2.6365080083565893,0.28715186382193636,2.036508008356589,1.7760167461656264,1.0,Lloyd,0.0006353096362499854
rubble,Lloyd,60,800,0.02,0.05,0.6,,21,0.3,0.2,2.0,20,0,0.48324022346368717,0.4762220670391061,0.5712290502793296,100.0,1.9833333333333334,0.16666666666666666,26.52900287534298,0.08235416666666667,0.9276139410187668,20,2.7417163020071698,0.2797873766684067,2.14171630200717,2.125395248773054,1.0,Lloyd,0.0006532362500001909
rubble,Lloyd,60,800,0.02,0.05,0.6,,22,0.3,0.2,2.0,20,0,0.48463687150837986,0.4716829608938548,0.5642458100558659,80.0,1.9,0.2,29.091575394447187,0.06841666666666667,0.9403794037940378,26,2.3046485221386557,0.3527318613076882,1.7046485221386558,1.549304478977835,1.0,Lloyd,0.0006353469787495669
rubble,Lloyd,60,800,0.02,0.05,0.6,,23,0.3,0.2,2.0,20,0,0.48743016759776536,0.4709846368715083,0.5705307262569832,80.0,1.6,0.05,28.00631081847926,0.12285416666666667,0.9914772727272728,24,2.424218257206827,0.3045779699105402,1.8242182572068273,1.644108153280346,1.0,Lloyd,0.0006381780724996133
rubble,Lloyd,60,800,0.02,0.05,0.6,,24,0.3,0.2,2.0,20,0,0.4713687150837989,0.46270949720670396,0.5481843575418994,80.0,1.7,0.1,29.014047930733916,0.060333333333333336,0.9712230215827339,24,2.4476902324882026,0.3633558026489706,1.8476902324882023,1.5856441421021257,1.0,Lloyd,0.0006085566149999977
rubble,Lloyd,60,800,0.02,0.05,0.6,,25,0.3,0.2,2.0,20,0,0.5090782122905028,0.49203910614525137,0.5628491620111732,80.0,2.1,0.06666666666666667,28.970034989930234,0.0750625,1.0504322766570604,28,2.2651261665329137,0.3135196193671439,1.665126166532914,1.466119589514686,1.0,Lloyd,0.0006104747399990629
rubble,Lloyd,60,800,0.02,0.05,0.6,,26,0.3,0.2,2.0,20,0,0.46787709497206703,0.45886871508379895,0.5425977653631285,100.0,1.8,0.4666666666666667,28.78604263371978,0.05272916666666667,0.9476661951909476,25,2.2056053581106823,0.35037536437734323,1.6056053581106824,1.386208376437125,1.0,Lloyd,0.0005965864062500259
rubble,Lloyd,60,800,0.02,0.05,0.6,,27,0.3,0.2,2.0,20,0,0.44553072625698326,0.4392807262569833,0.5705307262569832,100.0,1.8666666666666667,0.15,27.955769187225556,0.03933333333333333,0.843915343915344,19,2.8126862166882023,0.3106086740004517,2.2126862166882013,1.9137783842815832,1.0,Lloyd,0.0005928217187511109
rubble,Lloyd,60,800,0.02,0.05,0.6,,28,0.3,0.2,2.0,20,0,0.46368715083798884,0.46124301675977664,0.5740223463687151,100.0,1.7,0.06666666666666667,27.226004495632004,0.1053125,0.8748353096179182,25,2.1762867547591522,0.36560832283999567,1.576286754759152,1.2383623768357368,1.0,Lloyd,0.0005537201562492556
rubble,Lloyd,60,800,0.02,0.05,0.6,,29,0.3,0.2,2.0,20,0,0.4615921787709497,0.45,0.5579608938547486,100.0,2.0,0.6,26.340979508931966,0.12083333333333333,0.9206128133704735,21,2.5416547879429694,0.2939363891012468,1.9416547879429695,1.7814478898252664,1.0,Lloyd,0.0005275042187486179
